solid ASCII
  facet normal 1.000000e+00 0.000000e+00 0.000000e+00
    outer loop
      vertex   4.200000e+01 3.900000e+01 8.863326e-02
      vertex   4.200000e+01 -6.750000e+00 1.000000e+00
      vertex   4.200000e+01 1.000000e+00 8.863326e-02
    endloop
  endfacet
  facet normal 1.000000e+00 0.000000e+00 0.000000e+00
    outer loop
      vertex   4.200000e+01 1.000000e+00 8.863326e-02
      vertex   4.200000e+01 -6.750000e+00 1.000000e+00
      vertex   4.200000e+01 -6.902555e+00 7.338563e-01
    endloop
  endfacet
  facet normal 1.000000e+00 0.000000e+00 0.000000e+00
    outer loop
      vertex   4.200000e+01 1.000000e+00 8.863326e-02
      vertex   4.200000e+01 -6.902555e+00 7.338563e-01
      vertex   4.200000e+01 -6.985695e+00 4.385711e-01
    endloop
  endfacet
  facet normal 1.000000e+00 0.000000e+00 0.000000e+00
    outer loop
      vertex   4.200000e+01 3.900000e+01 -9.571068e-01
      vertex   4.200000e+01 4.679099e+01 -4.419825e-01
      vertex   4.200000e+01 3.900000e+01 8.863326e-02
    endloop
  endfacet
  facet normal 1.000000e+00 0.000000e+00 0.000000e+00
    outer loop
      vertex   4.200000e+01 3.900000e+01 8.863326e-02
      vertex   4.200000e+01 4.679099e+01 -4.419825e-01
      vertex   4.200000e+01 4.692818e+01 -1.676025e-01
    endloop
  endfacet
  facet normal 1.000000e+00 -0.000000e+00 0.000000e+00
    outer loop
      vertex   4.200000e+01 3.900000e+01 8.863326e-02
      vertex   4.200000e+01 4.692818e+01 -1.676025e-01
      vertex   4.200000e+01 4.699441e+01 1.319287e-01
    endloop
  endfacet
  facet normal 1.000000e+00 0.000000e+00 0.000000e+00
    outer loop
      vertex   4.200000e+01 3.780000e+01 -2.157107e+00
      vertex   4.200000e+01 3.950000e+01 -1.000000e+00
      vertex   4.200000e+01 3.900000e+01 -9.571068e-01
    endloop
  endfacet
  facet normal 1.000000e+00 -0.000000e+00 0.000000e+00
    outer loop
      vertex   4.200000e+01 3.900000e+01 -9.571068e-01
      vertex   4.200000e+01 3.950000e+01 -1.000000e+00
      vertex   4.200000e+01 4.659110e+01 -6.746862e-01
    endloop
  endfacet
  facet normal 1.000000e+00 0.000000e+00 0.000000e+00
    outer loop
      vertex   4.200000e+01 3.900000e+01 -9.571068e-01
      vertex   4.200000e+01 4.659110e+01 -6.746862e-01
      vertex   4.200000e+01 4.679099e+01 -4.419825e-01
    endloop
  endfacet
  facet normal 1.000000e+00 0.000000e+00 0.000000e+00
    outer loop
      vertex   4.200000e+01 3.950000e+01 -1.000000e+00
      vertex   4.200000e+01 3.780000e+01 -2.157107e+00
      vertex   4.200000e+01 3.950000e+01 -4.500000e+00
    endloop
  endfacet
  facet normal 1.000000e+00 0.000000e+00 0.000000e+00
    outer loop
      vertex   4.200000e+01 3.950000e+01 -4.500000e+00
      vertex   4.200000e+01 3.780000e+01 -2.157107e+00
      vertex   4.200000e+01 3.780000e+01 -3.592892e+00
    endloop
  endfacet
  facet normal 1.000000e+00 0.000000e+00 0.000000e+00
    outer loop
      vertex   4.200000e+01 3.950000e+01 -4.500000e+00
      vertex   4.200000e+01 3.780000e+01 -3.592892e+00
      vertex   4.200000e+01 3.870711e+01 -4.500000e+00
    endloop
  endfacet
  facet normal 1.000000e+00 0.000000e+00 0.000000e+00
    outer loop
      vertex   4.200000e+01 4.659110e+01 -6.746862e-01
      vertex   4.200000e+01 3.950000e+01 -1.000000e+00
      vertex   4.200000e+01 4.634056e+01 -8.516983e-01
    endloop
  endfacet
  facet normal 1.000000e+00 0.000000e+00 0.000000e+00
    outer loop
      vertex   4.200000e+01 4.634056e+01 -8.516983e-01
      vertex   4.200000e+01 3.950000e+01 -1.000000e+00
      vertex   4.200000e+01 4.575000e+01 -1.000000e+00
    endloop
  endfacet
  facet normal 1.000000e+00 0.000000e+00 0.000000e+00
    outer loop
      vertex   4.200000e+01 4.634056e+01 -8.516983e-01
      vertex   4.200000e+01 4.575000e+01 -1.000000e+00
      vertex   4.200000e+01 4.605445e+01 -9.623578e-01
    endloop
  endfacet
  facet normal 1.000000e+00 0.000000e+00 0.000000e+00
    outer loop
      vertex   4.200000e+01 4.699441e+01 1.319287e-01
      vertex   4.200000e+01 4.698569e+01 4.385711e-01
      vertex   4.200000e+01 3.900000e+01 8.863326e-02
    endloop
  endfacet
  facet normal 1.000000e+00 0.000000e+00 0.000000e+00
    outer loop
      vertex   4.200000e+01 3.900000e+01 8.863326e-02
      vertex   4.200000e+01 4.698569e+01 4.385711e-01
      vertex   4.200000e+01 4.690256e+01 7.338563e-01
    endloop
  endfacet
  facet normal 1.000000e+00 0.000000e+00 0.000000e+00
    outer loop
      vertex   4.200000e+01 3.900000e+01 8.863326e-02
      vertex   4.200000e+01 4.690256e+01 7.338563e-01
      vertex   4.200000e+01 4.675000e+01 1.000000e+00
    endloop
  endfacet
  facet normal 1.000000e+00 0.000000e+00 0.000000e+00
    outer loop
      vertex   4.200000e+01 4.675000e+01 1.000000e+00
      vertex   4.200000e+01 -6.750000e+00 1.000000e+00
      vertex   4.200000e+01 3.900000e+01 8.863326e-02
    endloop
  endfacet
  facet normal 1.000000e+00 0.000000e+00 0.000000e+00
    outer loop
      vertex   4.200000e+01 -6.985695e+00 4.385711e-01
      vertex   4.200000e+01 -6.994411e+00 1.319287e-01
      vertex   4.200000e+01 1.000000e+00 8.863326e-02
    endloop
  endfacet
  facet normal 1.000000e+00 0.000000e+00 0.000000e+00
    outer loop
      vertex   4.200000e+01 1.000000e+00 8.863326e-02
      vertex   4.200000e+01 -6.994411e+00 1.319287e-01
      vertex   4.200000e+01 -6.928180e+00 -1.676025e-01
    endloop
  endfacet
  facet normal 1.000000e+00 0.000000e+00 0.000000e+00
    outer loop
      vertex   4.200000e+01 1.000000e+00 8.863326e-02
      vertex   4.200000e+01 -6.928180e+00 -1.676025e-01
      vertex   4.200000e+01 -6.790990e+00 -4.419825e-01
    endloop
  endfacet
  facet normal 1.000000e+00 0.000000e+00 0.000000e+00
    outer loop
      vertex   4.200000e+01 1.000000e+00 8.863326e-02
      vertex   4.200000e+01 -6.790990e+00 -4.419825e-01
      vertex   4.200000e+01 1.000000e+00 -9.571068e-01
    endloop
  endfacet
  facet normal 1.000000e+00 0.000000e+00 0.000000e+00
    outer loop
      vertex   4.200000e+01 1.000000e+00 -9.571068e-01
      vertex   4.200000e+01 -6.790990e+00 -4.419825e-01
      vertex   4.200000e+01 -6.591104e+00 -6.746862e-01
    endloop
  endfacet
  facet normal 1.000000e+00 0.000000e+00 0.000000e+00
    outer loop
      vertex   4.200000e+01 1.000000e+00 -9.571068e-01
      vertex   4.200000e+01 -6.591104e+00 -6.746862e-01
      vertex   4.200000e+01 5.000000e-01 -1.000000e+00
    endloop
  endfacet
  facet normal 1.000000e+00 0.000000e+00 0.000000e+00
    outer loop
      vertex   4.200000e+01 5.000000e-01 -1.000000e+00
      vertex   4.200000e+01 -6.591104e+00 -6.746862e-01
      vertex   4.200000e+01 -6.340560e+00 -8.516983e-01
    endloop
  endfacet
  facet normal 1.000000e+00 0.000000e+00 0.000000e+00
    outer loop
      vertex   4.200000e+01 5.000000e-01 -1.000000e+00
      vertex   4.200000e+01 -6.340560e+00 -8.516983e-01
      vertex   4.200000e+01 -5.750000e+00 -1.000000e+00
    endloop
  endfacet
  facet normal 1.000000e+00 0.000000e+00 0.000000e+00
    outer loop
      vertex   4.200000e+01 -5.750000e+00 -1.000000e+00
      vertex   4.200000e+01 -6.340560e+00 -8.516983e-01
      vertex   4.200000e+01 -6.054448e+00 -9.623578e-01
    endloop
  endfacet
  facet normal 1.000000e+00 0.000000e+00 0.000000e+00
    outer loop
      vertex   4.200000e+01 1.000000e+00 -9.571068e-01
      vertex   4.200000e+01 5.000000e-01 -1.000000e+00
      vertex   4.200000e+01 2.199840e+00 -2.156947e+00
    endloop
  endfacet
  facet normal 1.000000e+00 0.000000e+00 0.000000e+00
    outer loop
      vertex   4.200000e+01 2.199840e+00 -2.156947e+00
      vertex   4.200000e+01 5.000000e-01 -1.000000e+00
      vertex   4.200000e+01 5.000000e-01 -4.500000e+00
    endloop
  endfacet
  facet normal 1.000000e+00 0.000000e+00 0.000000e+00
    outer loop
      vertex   4.200000e+01 2.199840e+00 -2.156947e+00
      vertex   4.200000e+01 5.000000e-01 -4.500000e+00
      vertex   4.200000e+01 2.199840e+00 -3.593053e+00
    endloop
  endfacet
  facet normal 1.000000e+00 0.000000e+00 0.000000e+00
    outer loop
      vertex   4.200000e+01 2.199840e+00 -3.593053e+00
      vertex   4.200000e+01 5.000000e-01 -4.500000e+00
      vertex   4.200000e+01 1.292893e+00 -4.500000e+00
    endloop
  endfacet
  facet normal 9.960329e-01 0.000000e+00 -8.898628e-02
    outer loop
      vertex   4.200000e+01 3.900000e+01 8.863326e-02
      vertex   4.200000e+01 1.000000e+00 8.863326e-02
      vertex   4.199208e+01 3.891137e+01 -3.955170e-15
    endloop
  endfacet
  facet normal 9.960329e-01 -1.478935e-14 -8.898628e-02
    outer loop
      vertex   4.199208e+01 3.891137e+01 -3.955170e-15
      vertex   4.200000e+01 1.000000e+00 8.863326e-02
      vertex   4.199208e+01 1.088633e+00 -9.020562e-16
    endloop
  endfacet
  facet normal 9.984268e-01 5.607044e-02 6.650859e-16
    outer loop
      vertex   1.500000e+00 8.000000e+00 -5.000000e+00
      vertex   1.500000e+00 8.000000e+00 0.000000e+00
      vertex   1.540871e+00 7.272231e+00 -5.000000e+00
    endloop
  endfacet
  facet normal 9.984268e-01 5.607044e-02 -1.918150e-16
    outer loop
      vertex   1.540871e+00 7.272231e+00 -5.000000e+00
      vertex   1.500000e+00 8.000000e+00 0.000000e+00
      vertex   1.540871e+00 7.272231e+00 0.000000e+00
    endloop
  endfacet
  facet normal 9.858710e-01 1.675062e-01 -1.296421e-16
    outer loop
      vertex   1.540871e+00 7.272231e+00 -5.000000e+00
      vertex   1.540871e+00 7.272231e+00 0.000000e+00
      vertex   1.662969e+00 6.553614e+00 -5.000000e+00
    endloop
  endfacet
  facet normal 9.858710e-01 1.675062e-01 -1.891523e-16
    outer loop
      vertex   1.662969e+00 6.553614e+00 -5.000000e+00
      vertex   1.540871e+00 7.272231e+00 0.000000e+00
      vertex   1.662969e+00 6.553614e+00 0.000000e+00
    endloop
  endfacet
  facet normal 9.609173e-01 2.768355e-01 -1.641906e-16
    outer loop
      vertex   1.662969e+00 6.553614e+00 -5.000000e+00
      vertex   1.662969e+00 6.553614e+00 0.000000e+00
      vertex   1.864758e+00 5.853186e+00 -5.000000e+00
    endloop
  endfacet
  facet normal 9.609173e-01 2.768355e-01 1.475276e-16
    outer loop
      vertex   1.864758e+00 5.853186e+00 -5.000000e+00
      vertex   1.662969e+00 6.553614e+00 0.000000e+00
      vertex   1.864758e+00 5.853186e+00 0.000000e+00
    endloop
  endfacet
  facet normal 9.238795e-01 3.826834e-01 2.039347e-16
    outer loop
      vertex   1.864758e+00 5.853186e+00 -5.000000e+00
      vertex   1.864758e+00 5.853186e+00 0.000000e+00
      vertex   2.143702e+00 5.179756e+00 -5.000000e+00
    endloop
  endfacet
  facet normal 9.238795e-01 3.826834e-01 -9.613574e-17
    outer loop
      vertex   2.143702e+00 5.179756e+00 -5.000000e+00
      vertex   1.864758e+00 5.853186e+00 0.000000e+00
      vertex   2.143702e+00 5.179756e+00 0.000000e+00
    endloop
  endfacet
  facet normal 8.752234e-01 4.837189e-01 -6.954518e-17
    outer loop
      vertex   2.143702e+00 5.179756e+00 -5.000000e+00
      vertex   2.143702e+00 5.179756e+00 0.000000e+00
      vertex   2.496293e+00 4.541792e+00 -5.000000e+00
    endloop
  endfacet
  facet normal 8.752234e-01 4.837189e-01 1.638056e-17
    outer loop
      vertex   2.496293e+00 4.541792e+00 -5.000000e+00
      vertex   2.143702e+00 5.179756e+00 0.000000e+00
      vertex   2.496293e+00 4.541792e+00 0.000000e+00
    endloop
  endfacet
  facet normal 8.155609e-01 5.786713e-01 6.071263e-17
    outer loop
      vertex   2.496293e+00 4.541792e+00 -5.000000e+00
      vertex   2.496293e+00 4.541792e+00 0.000000e+00
      vertex   2.918095e+00 3.947316e+00 -5.000000e+00
    endloop
  endfacet
  facet normal 8.155609e-01 5.786713e-01 -1.145164e-16
    outer loop
      vertex   2.918095e+00 3.947316e+00 -5.000000e+00
      vertex   2.496293e+00 4.541792e+00 0.000000e+00
      vertex   2.918095e+00 3.947316e+00 0.000000e+00
    endloop
  endfacet
  facet normal 7.456422e-01 6.663466e-01 -8.031205e-17
    outer loop
      vertex   2.918095e+00 3.947316e+00 -5.000000e+00
      vertex   2.918095e+00 3.947316e+00 0.000000e+00
      vertex   3.403806e+00 3.403806e+00 -5.000000e+00
    endloop
  endfacet
  facet normal 7.456422e-01 6.663466e-01 5.214060e-17
    outer loop
      vertex   3.403806e+00 3.403806e+00 -5.000000e+00
      vertex   2.918095e+00 3.947316e+00 0.000000e+00
      vertex   3.403806e+00 3.403806e+00 0.000000e+00
    endloop
  endfacet
  facet normal 6.663466e-01 7.456422e-01 7.326919e-17
    outer loop
      vertex   3.403806e+00 3.403806e+00 -5.000000e+00
      vertex   3.403806e+00 3.403806e+00 0.000000e+00
      vertex   3.947316e+00 2.918095e+00 -5.000000e+00
    endloop
  endfacet
  facet normal 6.663466e-01 7.456422e-01 7.326919e-17
    outer loop
      vertex   3.947316e+00 2.918095e+00 -5.000000e+00
      vertex   3.403806e+00 3.403806e+00 0.000000e+00
      vertex   3.947316e+00 2.918095e+00 0.000000e+00
    endloop
  endfacet
  facet normal 6.014218e-01 7.989317e-01 8.850179e-17
    outer loop
      vertex   3.947316e+00 2.918095e+00 -5.000000e+00
      vertex   3.947316e+00 2.918095e+00 0.000000e+00
      vertex   4.237248e+00 2.699840e+00 -1.949840e+00
    endloop
  endfacet
  facet normal 5.786633e-01 8.155497e-01 -5.244193e-03
    outer loop
      vertex   4.237248e+00 2.699840e+00 -1.949840e+00
      vertex   3.947316e+00 2.918095e+00 0.000000e+00
      vertex   4.541792e+00 2.496293e+00 0.000000e+00
    endloop
  endfacet
  facet normal 5.460001e-01 8.377822e-01 2.178344e-03
    outer loop
      vertex   4.237248e+00 2.699840e+00 -1.949840e+00
      vertex   4.541792e+00 2.496293e+00 0.000000e+00
      vertex   4.657054e+00 2.425530e+00 -1.675530e+00
    endloop
  endfacet
  facet normal 4.837156e-01 8.752175e-01 -3.687306e-03
    outer loop
      vertex   4.657054e+00 2.425530e+00 -1.675530e+00
      vertex   4.541792e+00 2.496293e+00 0.000000e+00
      vertex   5.179756e+00 2.143702e+00 0.000000e+00
    endloop
  endfacet
  facet normal 4.821119e-01 8.761044e-01 -3.037824e-03
    outer loop
      vertex   4.657054e+00 2.425530e+00 -1.675530e+00
      vertex   5.179756e+00 2.143702e+00 0.000000e+00
      vertex   5.096758e+00 2.184401e+00 -1.434401e+00
    endloop
  endfacet
  facet normal 4.110235e-01 9.116224e-01 2.083257e-03
    outer loop
      vertex   5.096758e+00 2.184401e+00 -1.434401e+00
      vertex   5.179756e+00 2.143702e+00 0.000000e+00
      vertex   5.553744e+00 1.977888e+00 -1.227888e+00
    endloop
  endfacet
  facet normal 3.826706e-01 9.238484e-01 -8.203453e-03
    outer loop
      vertex   5.553744e+00 1.977888e+00 -1.227888e+00
      vertex   5.179756e+00 2.143702e+00 0.000000e+00
      vertex   5.853186e+00 1.864758e+00 0.000000e+00
    endloop
  endfacet
  facet normal 3.390468e-01 9.407611e-01 3.993208e-03
    outer loop
      vertex   5.553744e+00 1.977888e+00 -1.227888e+00
      vertex   5.853186e+00 1.864758e+00 0.000000e+00
      vertex   6.025290e+00 1.807220e+00 -1.057220e+00
    endloop
  endfacet
  facet normal 2.768283e-01 9.608922e-01 -7.230880e-03
    outer loop
      vertex   6.025290e+00 1.807220e+00 -1.057220e+00
      vertex   5.853186e+00 1.864758e+00 0.000000e+00
      vertex   6.553614e+00 1.662969e+00 0.000000e+00
    endloop
  endfacet
  facet normal 2.673722e-01 9.635910e-01 -2.137150e-03
    outer loop
      vertex   6.025290e+00 1.807220e+00 -1.057220e+00
      vertex   6.553614e+00 1.662969e+00 0.000000e+00
      vertex   6.508590e+00 1.673414e+00 -9.234136e-01
    endloop
  endfacet
  facet normal 1.913973e-01 9.815111e-01 1.769960e-03
    outer loop
      vertex   6.508590e+00 1.673414e+00 -9.234136e-01
      vertex   6.553614e+00 1.662969e+00 0.000000e+00
      vertex   7.000767e+00 1.577264e+00 -8.272643e-01
    endloop
  endfacet
  facet normal 1.674950e-01 9.858048e-01 -1.159454e-02
    outer loop
      vertex   7.000767e+00 1.577264e+00 -8.272643e-01
      vertex   6.553614e+00 1.662969e+00 0.000000e+00
      vertex   7.272231e+00 1.540871e+00 0.000000e+00
    endloop
  endfacet
  facet normal 1.148030e-01 9.933700e-01 6.028949e-03
    outer loop
      vertex   7.000767e+00 1.577264e+00 -8.272643e-01
      vertex   7.272231e+00 1.540871e+00 0.000000e+00
      vertex   7.498892e+00 1.519345e+00 -7.693449e-01
    endloop
  endfacet
  facet normal 5.606678e-02 9.983618e-01 -1.141534e-02
    outer loop
      vertex   7.498892e+00 1.519345e+00 -7.693449e-01
      vertex   7.272231e+00 1.540871e+00 0.000000e+00
      vertex   8.000000e+00 1.500000e+00 0.000000e+00
    endloop
  endfacet
  facet normal 3.857546e-02 9.992557e-01 -3.411397e-09
    outer loop
      vertex   7.498892e+00 1.519345e+00 -7.693449e-01
      vertex   8.000000e+00 1.500000e+00 0.000000e+00
      vertex   8.000000e+00 1.500000e+00 -7.500000e-01
    endloop
  endfacet
  facet normal 6.014218e-01 7.989317e-01 0.000000e+00
    outer loop
      vertex   4.237248e+00 2.699840e+00 -1.949840e+00
      vertex   4.237248e+00 2.699840e+00 -3.800160e+00
      vertex   3.947316e+00 2.918095e+00 -5.000000e+00
    endloop
  endfacet
  facet normal 5.786503e-01 8.155313e-01 8.522059e-03
    outer loop
      vertex   3.947316e+00 2.918095e+00 -5.000000e+00
      vertex   4.237248e+00 2.699840e+00 -3.800160e+00
      vertex   4.541792e+00 2.496293e+00 -5.000000e+00
    endloop
  endfacet
  facet normal 5.452482e-01 8.382660e-01 -3.812924e-03
    outer loop
      vertex   4.541792e+00 2.496293e+00 -5.000000e+00
      vertex   4.237248e+00 2.699840e+00 -3.800160e+00
      vertex   4.657054e+00 2.425530e+00 -4.074470e+00
    endloop
  endfacet
  facet normal 4.837081e-01 8.752039e-01 6.675197e-03
    outer loop
      vertex   4.541792e+00 2.496293e+00 -5.000000e+00
      vertex   4.657054e+00 2.425530e+00 -4.074470e+00
      vertex   5.179756e+00 2.143702e+00 -5.000000e+00
    endloop
  endfacet
  facet normal 4.836025e-01 8.752628e-01 6.597634e-03
    outer loop
      vertex   5.179756e+00 2.143702e+00 -5.000000e+00
      vertex   4.657054e+00 2.425530e+00 -4.074470e+00
      vertex   5.096758e+00 2.184401e+00 -4.315599e+00
    endloop
  endfacet
  facet normal 4.101126e-01 9.120238e-01 -4.500534e-03
    outer loop
      vertex   5.179756e+00 2.143702e+00 -5.000000e+00
      vertex   5.096758e+00 2.184401e+00 -4.315599e+00
      vertex   5.553744e+00 1.977888e+00 -4.522112e+00
    endloop
  endfacet
  facet normal 3.825984e-01 9.236744e-01 2.107402e-02
    outer loop
      vertex   5.179756e+00 2.143702e+00 -5.000000e+00
      vertex   5.553744e+00 1.977888e+00 -4.522112e+00
      vertex   5.853186e+00 1.864758e+00 -5.000000e+00
    endloop
  endfacet
  facet normal 3.364246e-01 9.416325e-01 -1.210949e-02
    outer loop
      vertex   5.853186e+00 1.864758e+00 -5.000000e+00
      vertex   5.553744e+00 1.977888e+00 -4.522112e+00
      vertex   6.025290e+00 1.807220e+00 -4.692780e+00
    endloop
  endfacet
  facet normal 2.767498e-01 9.606200e-01 2.487618e-02
    outer loop
      vertex   5.853186e+00 1.864758e+00 -5.000000e+00
      vertex   6.025290e+00 1.807220e+00 -4.692780e+00
      vertex   6.553614e+00 1.662969e+00 -5.000000e+00
    endloop
  endfacet
  facet normal 2.699103e-01 9.628096e-01 1.208620e-02
    outer loop
      vertex   6.553614e+00 1.662969e+00 -5.000000e+00
      vertex   6.025290e+00 1.807220e+00 -4.692780e+00
      vertex   6.508590e+00 1.673414e+00 -4.826586e+00
    endloop
  endfacet
  facet normal 1.898701e-01 9.817600e-01 -9.836394e-03
    outer loop
      vertex   6.553614e+00 1.662969e+00 -5.000000e+00
      vertex   6.508590e+00 1.673414e+00 -4.826586e+00
      vertex   7.000767e+00 1.577264e+00 -4.922736e+00
    endloop
  endfacet
  facet normal 1.662300e-01 9.783600e-01 1.232046e-01
    outer loop
      vertex   6.553614e+00 1.662969e+00 -5.000000e+00
      vertex   7.000767e+00 1.577264e+00 -4.922736e+00
      vertex   7.272231e+00 1.540871e+00 -5.000000e+00
    endloop
  endfacet
  facet normal 1.028634e-01 9.891878e-01 -1.045306e-01
    outer loop
      vertex   7.272231e+00 1.540871e+00 -5.000000e+00
      vertex   7.000767e+00 1.577264e+00 -4.922736e+00
      vertex   7.498892e+00 1.519345e+00 -4.980655e+00
    endloop
  endfacet
  facet normal 5.105479e-02 9.091150e-01 4.134046e-01
    outer loop
      vertex   7.272231e+00 1.540871e+00 -5.000000e+00
      vertex   7.498892e+00 1.519345e+00 -4.980655e+00
      vertex   8.000000e+00 1.500000e+00 -5.000000e+00
    endloop
  endfacet
  facet normal 5.024862e-14 0.000000e+00 -1.000000e+00
    outer loop
      vertex   2.960000e+01 2.700000e+00 0.000000e+00
      vertex   4.050000e+01 1.500000e+00 5.477100e-13
      vertex   2.960000e+01 2.699840e+00 0.000000e+00
    endloop
  endfacet
  facet normal 5.024862e-14 0.000000e+00 -1.000000e+00
    outer loop
      vertex   2.960000e+01 2.699840e+00 0.000000e+00
      vertex   4.050000e+01 1.500000e+00 5.477100e-13
      vertex   2.960000e+01 2.400000e+00 0.000000e+00
    endloop
  endfacet
  facet normal -0.000000e+00 -0.000000e+00 -1.000000e+00
    outer loop
      vertex   2.960000e+01 2.699840e+00 0.000000e+00
      vertex   2.960000e+01 2.400000e+00 0.000000e+00
      vertex   2.959984e+01 2.699840e+00 0.000000e+00
    endloop
  endfacet
  facet normal -0.000000e+00 -0.000000e+00 -1.000000e+00
    outer loop
      vertex   2.959984e+01 2.699840e+00 0.000000e+00
      vertex   2.960000e+01 2.400000e+00 0.000000e+00
      vertex   2.820000e+01 3.800000e+00 0.000000e+00
    endloop
  endfacet
  facet normal 0.000000e+00 0.000000e+00 -1.000000e+00
    outer loop
      vertex   2.959984e+01 2.699840e+00 0.000000e+00
      vertex   2.820000e+01 3.800000e+00 0.000000e+00
      vertex   2.960000e+01 2.700000e+00 0.000000e+00
    endloop
  endfacet
  facet normal 5.843656e-14 7.437380e-14 -1.000000e+00
    outer loop
      vertex   2.960000e+01 2.700000e+00 0.000000e+00
      vertex   2.820000e+01 3.800000e+00 0.000000e+00
      vertex   4.050000e+01 1.500000e+00 5.477100e-13
    endloop
  endfacet
  facet normal 0.000000e+00 0.000000e+00 -1.000000e+00
    outer loop
      vertex   1.780000e+01 1.500000e+00 0.000000e+00
      vertex   8.000000e+00 1.500000e+00 0.000000e+00
      vertex   1.780000e+01 2.400000e+00 0.000000e+00
    endloop
  endfacet
  facet normal -0.000000e+00 0.000000e+00 -1.000000e+00
    outer loop
      vertex   1.780000e+01 2.400000e+00 0.000000e+00
      vertex   8.000000e+00 1.500000e+00 0.000000e+00
      vertex   1.920000e+01 3.800000e+00 0.000000e+00
    endloop
  endfacet
  facet normal -0.000000e+00 0.000000e+00 -1.000000e+00
    outer loop
      vertex   1.920000e+01 3.800000e+00 0.000000e+00
      vertex   8.000000e+00 1.500000e+00 0.000000e+00
      vertex   1.500000e+00 8.000000e+00 0.000000e+00
    endloop
  endfacet
  facet normal 0.000000e+00 0.000000e+00 -1.000000e+00
    outer loop
      vertex   1.920000e+01 3.800000e+00 0.000000e+00
      vertex   1.500000e+00 8.000000e+00 0.000000e+00
      vertex   1.920000e+01 3.620000e+01 0.000000e+00
    endloop
  endfacet
  facet normal 0.000000e+00 0.000000e+00 -1.000000e+00
    outer loop
      vertex   1.920000e+01 3.620000e+01 0.000000e+00
      vertex   1.500000e+00 8.000000e+00 0.000000e+00
      vertex   1.500000e+00 3.200000e+01 0.000000e+00
    endloop
  endfacet
  facet normal -0.000000e+00 0.000000e+00 -1.000000e+00
    outer loop
      vertex   1.920000e+01 3.620000e+01 0.000000e+00
      vertex   1.500000e+00 3.200000e+01 0.000000e+00
      vertex   8.000000e+00 3.850000e+01 0.000000e+00
    endloop
  endfacet
  facet normal 0.000000e+00 0.000000e+00 -1.000000e+00
    outer loop
      vertex   8.000000e+00 3.850000e+01 0.000000e+00
      vertex   1.500000e+00 3.200000e+01 0.000000e+00
      vertex   1.540871e+00 3.272777e+01 0.000000e+00
    endloop
  endfacet
  facet normal 0.000000e+00 0.000000e+00 -1.000000e+00
    outer loop
      vertex   8.000000e+00 3.850000e+01 0.000000e+00
      vertex   1.540871e+00 3.272777e+01 0.000000e+00
      vertex   1.662969e+00 3.344639e+01 0.000000e+00
    endloop
  endfacet
  facet normal 0.000000e+00 0.000000e+00 -1.000000e+00
    outer loop
      vertex   7.272231e+00 1.540871e+00 0.000000e+00
      vertex   6.553614e+00 1.662969e+00 0.000000e+00
      vertex   8.000000e+00 1.500000e+00 0.000000e+00
    endloop
  endfacet
  facet normal 0.000000e+00 0.000000e+00 -1.000000e+00
    outer loop
      vertex   8.000000e+00 1.500000e+00 0.000000e+00
      vertex   6.553614e+00 1.662969e+00 0.000000e+00
      vertex   5.853186e+00 1.864758e+00 0.000000e+00
    endloop
  endfacet
  facet normal 0.000000e+00 0.000000e+00 -1.000000e+00
    outer loop
      vertex   8.000000e+00 1.500000e+00 0.000000e+00
      vertex   5.853186e+00 1.864758e+00 0.000000e+00
      vertex   5.179756e+00 2.143702e+00 0.000000e+00
    endloop
  endfacet
  facet normal 0.000000e+00 0.000000e+00 -1.000000e+00
    outer loop
      vertex   5.179756e+00 2.143702e+00 0.000000e+00
      vertex   4.541792e+00 2.496293e+00 0.000000e+00
      vertex   8.000000e+00 1.500000e+00 0.000000e+00
    endloop
  endfacet
  facet normal 0.000000e+00 0.000000e+00 -1.000000e+00
    outer loop
      vertex   8.000000e+00 1.500000e+00 0.000000e+00
      vertex   4.541792e+00 2.496293e+00 0.000000e+00
      vertex   3.947316e+00 2.918095e+00 0.000000e+00
    endloop
  endfacet
  facet normal 0.000000e+00 0.000000e+00 -1.000000e+00
    outer loop
      vertex   8.000000e+00 1.500000e+00 0.000000e+00
      vertex   3.947316e+00 2.918095e+00 0.000000e+00
      vertex   3.403806e+00 3.403806e+00 0.000000e+00
    endloop
  endfacet
  facet normal 0.000000e+00 0.000000e+00 -1.000000e+00
    outer loop
      vertex   3.403806e+00 3.403806e+00 0.000000e+00
      vertex   2.918095e+00 3.947316e+00 0.000000e+00
      vertex   8.000000e+00 1.500000e+00 0.000000e+00
    endloop
  endfacet
  facet normal 0.000000e+00 0.000000e+00 -1.000000e+00
    outer loop
      vertex   8.000000e+00 1.500000e+00 0.000000e+00
      vertex   2.918095e+00 3.947316e+00 0.000000e+00
      vertex   2.496293e+00 4.541792e+00 0.000000e+00
    endloop
  endfacet
  facet normal 0.000000e+00 0.000000e+00 -1.000000e+00
    outer loop
      vertex   8.000000e+00 1.500000e+00 0.000000e+00
      vertex   2.496293e+00 4.541792e+00 0.000000e+00
      vertex   2.143702e+00 5.179756e+00 0.000000e+00
    endloop
  endfacet
  facet normal 0.000000e+00 0.000000e+00 -1.000000e+00
    outer loop
      vertex   2.143702e+00 5.179756e+00 0.000000e+00
      vertex   1.864758e+00 5.853186e+00 0.000000e+00
      vertex   8.000000e+00 1.500000e+00 0.000000e+00
    endloop
  endfacet
  facet normal 0.000000e+00 0.000000e+00 -1.000000e+00
    outer loop
      vertex   8.000000e+00 1.500000e+00 0.000000e+00
      vertex   1.864758e+00 5.853186e+00 0.000000e+00
      vertex   1.662969e+00 6.553614e+00 0.000000e+00
    endloop
  endfacet
  facet normal 0.000000e+00 0.000000e+00 -1.000000e+00
    outer loop
      vertex   8.000000e+00 1.500000e+00 0.000000e+00
      vertex   1.662969e+00 6.553614e+00 0.000000e+00
      vertex   1.540871e+00 7.272231e+00 0.000000e+00
    endloop
  endfacet
  facet normal 0.000000e+00 0.000000e+00 -1.000000e+00
    outer loop
      vertex   1.540871e+00 7.272231e+00 0.000000e+00
      vertex   1.500000e+00 8.000000e+00 0.000000e+00
      vertex   8.000000e+00 1.500000e+00 0.000000e+00
    endloop
  endfacet
  facet normal 0.000000e+00 0.000000e+00 -1.000000e+00
    outer loop
      vertex   1.662969e+00 3.344639e+01 0.000000e+00
      vertex   1.864758e+00 3.414681e+01 0.000000e+00
      vertex   8.000000e+00 3.850000e+01 0.000000e+00
    endloop
  endfacet
  facet normal 0.000000e+00 0.000000e+00 -1.000000e+00
    outer loop
      vertex   8.000000e+00 3.850000e+01 0.000000e+00
      vertex   1.864758e+00 3.414681e+01 0.000000e+00
      vertex   2.143702e+00 3.482024e+01 0.000000e+00
    endloop
  endfacet
  facet normal 0.000000e+00 0.000000e+00 -1.000000e+00
    outer loop
      vertex   8.000000e+00 3.850000e+01 0.000000e+00
      vertex   2.143702e+00 3.482024e+01 0.000000e+00
      vertex   2.496293e+00 3.545821e+01 0.000000e+00
    endloop
  endfacet
  facet normal 0.000000e+00 0.000000e+00 -1.000000e+00
    outer loop
      vertex   2.496293e+00 3.545821e+01 0.000000e+00
      vertex   2.918095e+00 3.605268e+01 0.000000e+00
      vertex   8.000000e+00 3.850000e+01 0.000000e+00
    endloop
  endfacet
  facet normal 0.000000e+00 0.000000e+00 -1.000000e+00
    outer loop
      vertex   8.000000e+00 3.850000e+01 0.000000e+00
      vertex   2.918095e+00 3.605268e+01 0.000000e+00
      vertex   3.403806e+00 3.659619e+01 0.000000e+00
    endloop
  endfacet
  facet normal 0.000000e+00 0.000000e+00 -1.000000e+00
    outer loop
      vertex   8.000000e+00 3.850000e+01 0.000000e+00
      vertex   3.403806e+00 3.659619e+01 0.000000e+00
      vertex   3.947316e+00 3.708190e+01 0.000000e+00
    endloop
  endfacet
  facet normal 0.000000e+00 0.000000e+00 -1.000000e+00
    outer loop
      vertex   3.947316e+00 3.708190e+01 0.000000e+00
      vertex   4.541792e+00 3.750371e+01 0.000000e+00
      vertex   8.000000e+00 3.850000e+01 0.000000e+00
    endloop
  endfacet
  facet normal 0.000000e+00 0.000000e+00 -1.000000e+00
    outer loop
      vertex   8.000000e+00 3.850000e+01 0.000000e+00
      vertex   4.541792e+00 3.750371e+01 0.000000e+00
      vertex   5.179756e+00 3.785630e+01 0.000000e+00
    endloop
  endfacet
  facet normal 0.000000e+00 0.000000e+00 -1.000000e+00
    outer loop
      vertex   8.000000e+00 3.850000e+01 0.000000e+00
      vertex   5.179756e+00 3.785630e+01 0.000000e+00
      vertex   5.853186e+00 3.813524e+01 0.000000e+00
    endloop
  endfacet
  facet normal 0.000000e+00 0.000000e+00 -1.000000e+00
    outer loop
      vertex   5.853186e+00 3.813524e+01 0.000000e+00
      vertex   6.553614e+00 3.833703e+01 0.000000e+00
      vertex   8.000000e+00 3.850000e+01 0.000000e+00
    endloop
  endfacet
  facet normal 0.000000e+00 0.000000e+00 -1.000000e+00
    outer loop
      vertex   8.000000e+00 3.850000e+01 0.000000e+00
      vertex   6.553614e+00 3.833703e+01 0.000000e+00
      vertex   7.272231e+00 3.845913e+01 0.000000e+00
    endloop
  endfacet
  facet normal -0.000000e+00 -0.000000e+00 -1.000000e+00
    outer loop
      vertex   1.780000e+01 3.850000e+01 0.000000e+00
      vertex   1.780000e+01 3.760000e+01 0.000000e+00
      vertex   8.000000e+00 3.850000e+01 0.000000e+00
    endloop
  endfacet
  facet normal 0.000000e+00 0.000000e+00 -1.000000e+00
    outer loop
      vertex   8.000000e+00 3.850000e+01 0.000000e+00
      vertex   1.780000e+01 3.760000e+01 0.000000e+00
      vertex   1.920000e+01 3.620000e+01 0.000000e+00
    endloop
  endfacet
  facet normal 0.000000e+00 0.000000e+00 -1.000000e+00
    outer loop
      vertex   1.920000e+01 3.620000e+01 0.000000e+00
      vertex   2.820000e+01 3.620000e+01 0.000000e+00
      vertex   1.920000e+01 3.800000e+00 0.000000e+00
    endloop
  endfacet
  facet normal 0.000000e+00 0.000000e+00 -1.000000e+00
    outer loop
      vertex   1.920000e+01 3.800000e+00 0.000000e+00
      vertex   2.820000e+01 3.620000e+01 0.000000e+00
      vertex   2.820000e+01 3.800000e+00 0.000000e+00
    endloop
  endfacet
  facet normal 4.452927e-14 0.000000e+00 -1.000000e+00
    outer loop
      vertex   2.820000e+01 3.800000e+00 0.000000e+00
      vertex   2.820000e+01 3.620000e+01 0.000000e+00
      vertex   4.050000e+01 1.500000e+00 5.477100e-13
    endloop
  endfacet
  facet normal 2.768037e-15 -1.480297e-14 -1.000000e+00
    outer loop
      vertex   4.050000e+01 1.500000e+00 5.477100e-13
      vertex   2.820000e+01 3.620000e+01 0.000000e+00
      vertex   4.050000e+01 3.850000e+01 0.000000e+00
    endloop
  endfacet
  facet normal 0.000000e+00 0.000000e+00 -1.000000e+00
    outer loop
      vertex   4.050000e+01 3.850000e+01 0.000000e+00
      vertex   2.820000e+01 3.620000e+01 0.000000e+00
      vertex   2.960000e+01 3.760000e+01 0.000000e+00
    endloop
  endfacet
  facet normal 0.000000e+00 0.000000e+00 -1.000000e+00
    outer loop
      vertex   4.050000e+01 3.850000e+01 0.000000e+00
      vertex   2.960000e+01 3.760000e+01 0.000000e+00
      vertex   2.960000e+01 3.850000e+01 0.000000e+00
    endloop
  endfacet
  facet normal 5.024862e-14 -3.499615e-29 -1.000000e+00
    outer loop
      vertex   4.050000e+01 1.500000e+00 5.477100e-13
      vertex   2.960000e+01 1.500000e+00 0.000000e+00
      vertex   2.960000e+01 2.400000e+00 0.000000e+00
    endloop
  endfacet
  facet normal -1.000000e+00 0.000000e+00 0.000000e+00
    outer loop
      vertex   2.960000e+01 2.699840e+00 0.000000e+00
      vertex   2.960000e+01 2.699840e+00 2.998401e-01
      vertex   2.960000e+01 2.700000e+00 0.000000e+00
    endloop
  endfacet
  facet normal -1.000000e+00 0.000000e+00 0.000000e+00
    outer loop
      vertex   2.960000e+01 2.700000e+00 0.000000e+00
      vertex   2.960000e+01 2.699840e+00 2.998401e-01
      vertex   2.960000e+01 2.700000e+00 2.998401e-01
    endloop
  endfacet
  facet normal -7.071068e-01 -1.046728e-14 -7.071068e-01
    outer loop
      vertex   4.050000e+01 3.850000e+01 0.000000e+00
      vertex   4.080000e+01 3.850000e+01 -3.000000e-01
      vertex   4.050000e+01 1.500000e+00 5.477100e-13
    endloop
  endfacet
  facet normal -7.071068e-01 -1.046760e-14 -7.071068e-01
    outer loop
      vertex   4.050000e+01 1.500000e+00 5.477100e-13
      vertex   4.080000e+01 3.850000e+01 -3.000000e-01
      vertex   4.080000e+01 1.500000e+00 -3.000000e-01
    endloop
  endfacet
  facet normal 7.071068e-01 -7.071068e-01 0.000000e+00
    outer loop
      vertex   2.959984e+01 2.699840e+00 0.000000e+00
      vertex   2.960000e+01 2.700000e+00 0.000000e+00
      vertex   2.959984e+01 2.699840e+00 2.998401e-01
    endloop
  endfacet
  facet normal 7.071068e-01 -7.071068e-01 -9.898764e-21
    outer loop
      vertex   2.959984e+01 2.699840e+00 2.998401e-01
      vertex   2.960000e+01 2.700000e+00 0.000000e+00
      vertex   2.960000e+01 2.700000e+00 2.998401e-01
    endloop
  endfacet
  facet normal 0.000000e+00 1.000000e+00 -0.000000e+00
    outer loop
      vertex   2.960000e+01 2.699840e+00 0.000000e+00
      vertex   2.959984e+01 2.699840e+00 0.000000e+00
      vertex   2.960000e+01 2.699840e+00 2.998401e-01
    endloop
  endfacet
  facet normal 0.000000e+00 1.000000e+00 0.000000e+00
    outer loop
      vertex   2.960000e+01 2.699840e+00 2.998401e-01
      vertex   2.959984e+01 2.699840e+00 0.000000e+00
      vertex   2.959984e+01 2.699840e+00 2.998401e-01
    endloop
  endfacet
  facet normal 0.000000e+00 -0.000000e+00 -1.000000e+00
    outer loop
      vertex   2.960000e+01 2.700000e+00 2.998401e-01
      vertex   2.960000e+01 2.699840e+00 2.998401e-01
      vertex   2.959984e+01 2.699840e+00 2.998401e-01
    endloop
  endfacet
  facet normal 0.000000e+00 1.305262e-01 -9.914449e-01
    outer loop
      vertex   1.840000e+01 3.962941e+01 -4.982963e+00
      vertex   2.096667e+01 3.962941e+01 -4.982963e+00
      vertex   1.840000e+01 3.950000e+01 -5.000000e+00
    endloop
  endfacet
  facet normal -1.546183e-19 1.305262e-01 -9.914449e-01
    outer loop
      vertex   1.840000e+01 3.950000e+01 -5.000000e+00
      vertex   2.096667e+01 3.962941e+01 -4.982963e+00
      vertex   2.353333e+01 3.962941e+01 -4.982963e+00
    endloop
  endfacet
  facet normal -1.546183e-19 1.305262e-01 -9.914449e-01
    outer loop
      vertex   1.840000e+01 3.950000e+01 -5.000000e+00
      vertex   2.353333e+01 3.962941e+01 -4.982963e+00
      vertex   2.610000e+01 3.962941e+01 -4.982963e+00
    endloop
  endfacet
  facet normal 0.000000e+00 3.826834e-01 -9.238795e-01
    outer loop
      vertex   2.610000e+01 3.962941e+01 -4.982963e+00
      vertex   2.353333e+01 3.962941e+01 -4.982963e+00
      vertex   2.610000e+01 3.975000e+01 -4.933013e+00
    endloop
  endfacet
  facet normal -4.235861e-19 3.826834e-01 -9.238795e-01
    outer loop
      vertex   2.610000e+01 3.962941e+01 -4.982963e+00
      vertex   2.610000e+01 3.975000e+01 -4.933013e+00
      vertex   2.866667e+01 3.975000e+01 -4.933013e+00
    endloop
  endfacet
  facet normal 0.000000e+00 6.087614e-01 -7.933533e-01
    outer loop
      vertex   2.866667e+01 3.975000e+01 -4.933013e+00
      vertex   2.610000e+01 3.975000e+01 -4.933013e+00
      vertex   2.866667e+01 3.985355e+01 -4.853553e+00
    endloop
  endfacet
  facet normal -2.588078e-18 6.087614e-01 -7.933533e-01
    outer loop
      vertex   2.866667e+01 3.975000e+01 -4.933013e+00
      vertex   2.866667e+01 3.985355e+01 -4.853553e+00
      vertex   3.123333e+01 3.985355e+01 -4.853553e+00
    endloop
  endfacet
  facet normal 0.000000e+00 7.933533e-01 -6.087614e-01
    outer loop
      vertex   3.123333e+01 3.985355e+01 -4.853553e+00
      vertex   2.866667e+01 3.985355e+01 -4.853553e+00
      vertex   3.123333e+01 3.993301e+01 -4.750000e+00
    endloop
  endfacet
  facet normal 2.533856e-18 7.933533e-01 -6.087614e-01
    outer loop
      vertex   3.123333e+01 3.985355e+01 -4.853553e+00
      vertex   3.123333e+01 3.993301e+01 -4.750000e+00
      vertex   3.380000e+01 3.993301e+01 -4.750000e+00
    endloop
  endfacet
  facet normal 0.000000e+00 9.238795e-01 -3.826834e-01
    outer loop
      vertex   3.380000e+01 3.993301e+01 -4.750000e+00
      vertex   3.123333e+01 3.993301e+01 -4.750000e+00
      vertex   3.380000e+01 3.998296e+01 -4.629410e+00
    endloop
  endfacet
  facet normal 6.543384e-19 9.238795e-01 -3.826834e-01
    outer loop
      vertex   3.380000e+01 3.993301e+01 -4.750000e+00
      vertex   3.380000e+01 3.998296e+01 -4.629410e+00
      vertex   3.636667e+01 3.998296e+01 -4.629410e+00
    endloop
  endfacet
  facet normal 0.000000e+00 9.914449e-01 -1.305262e-01
    outer loop
      vertex   3.636667e+01 3.998296e+01 -4.629410e+00
      vertex   3.380000e+01 3.998296e+01 -4.629410e+00
      vertex   4.150000e+01 4.000000e+01 -4.500000e+00
    endloop
  endfacet
  facet normal 0.000000e+00 9.914449e-01 -1.305262e-01
    outer loop
      vertex   3.636667e+01 3.998296e+01 -4.629410e+00
      vertex   4.150000e+01 4.000000e+01 -4.500000e+00
      vertex   3.893333e+01 3.998296e+01 -4.629410e+00
    endloop
  endfacet
  facet normal 2.789832e-15 9.914449e-01 -1.305262e-01
    outer loop
      vertex   3.893333e+01 3.998296e+01 -4.629410e+00
      vertex   4.150000e+01 4.000000e+01 -4.500000e+00
      vertex   4.150000e+01 3.998296e+01 -4.629410e+00
    endloop
  endfacet
  facet normal 2.690045e-15 9.238795e-01 -3.826834e-01
    outer loop
      vertex   3.893333e+01 3.998296e+01 -4.629410e+00
      vertex   4.150000e+01 3.998296e+01 -4.629410e+00
      vertex   3.893333e+01 3.993301e+01 -4.750000e+00
    endloop
  endfacet
  facet normal 1.324251e-16 9.238795e-01 -3.826834e-01
    outer loop
      vertex   3.893333e+01 3.993301e+01 -4.750000e+00
      vertex   4.150000e+01 3.998296e+01 -4.629410e+00
      vertex   4.150000e+01 3.993301e+01 -4.750000e+00
    endloop
  endfacet
  facet normal 2.106580e-16 7.933533e-01 -6.087614e-01
    outer loop
      vertex   3.893333e+01 3.993301e+01 -4.750000e+00
      vertex   4.150000e+01 3.993301e+01 -4.750000e+00
      vertex   3.893333e+01 3.985355e+01 -4.853553e+00
    endloop
  endfacet
  facet normal 2.106580e-16 7.933533e-01 -6.087614e-01
    outer loop
      vertex   3.893333e+01 3.985355e+01 -4.853553e+00
      vertex   4.150000e+01 3.993301e+01 -4.750000e+00
      vertex   4.150000e+01 3.985355e+01 -4.853553e+00
    endloop
  endfacet
  facet normal 2.745348e-16 6.087614e-01 -7.933533e-01
    outer loop
      vertex   3.893333e+01 3.985355e+01 -4.853553e+00
      vertex   4.150000e+01 3.985355e+01 -4.853553e+00
      vertex   3.893333e+01 3.975000e+01 -4.933013e+00
    endloop
  endfacet
  facet normal 5.490696e-16 6.087614e-01 -7.933533e-01
    outer loop
      vertex   3.893333e+01 3.975000e+01 -4.933013e+00
      vertex   4.150000e+01 3.985355e+01 -4.853553e+00
      vertex   4.150000e+01 3.975000e+01 -4.933013e+00
    endloop
  endfacet
  facet normal 6.394051e-16 3.826834e-01 -9.238795e-01
    outer loop
      vertex   3.893333e+01 3.975000e+01 -4.933013e+00
      vertex   4.150000e+01 3.975000e+01 -4.933013e+00
      vertex   3.893333e+01 3.962941e+01 -4.982963e+00
    endloop
  endfacet
  facet normal 9.591076e-16 3.826834e-01 -9.238795e-01
    outer loop
      vertex   3.893333e+01 3.962941e+01 -4.982963e+00
      vertex   4.150000e+01 3.975000e+01 -4.933013e+00
      vertex   4.150000e+01 3.962941e+01 -4.982963e+00
    endloop
  endfacet
  facet normal 1.029249e-15 1.305262e-01 -9.914449e-01
    outer loop
      vertex   3.893333e+01 3.962941e+01 -4.982963e+00
      vertex   4.150000e+01 3.962941e+01 -4.982963e+00
      vertex   4.150000e+01 3.950000e+01 -5.000000e+00
    endloop
  endfacet
  facet normal 0.000000e+00 3.826834e-01 -9.238795e-01
    outer loop
      vertex   2.096667e+01 3.962941e+01 -4.982963e+00
      vertex   1.840000e+01 3.962941e+01 -4.982963e+00
      vertex   2.096667e+01 3.975000e+01 -4.933013e+00
    endloop
  endfacet
  facet normal 0.000000e+00 3.826834e-01 -9.238795e-01
    outer loop
      vertex   2.096667e+01 3.975000e+01 -4.933013e+00
      vertex   1.840000e+01 3.962941e+01 -4.982963e+00
      vertex   1.840000e+01 3.975000e+01 -4.933013e+00
    endloop
  endfacet
  facet normal 0.000000e+00 6.087614e-01 -7.933533e-01
    outer loop
      vertex   2.096667e+01 3.975000e+01 -4.933013e+00
      vertex   1.840000e+01 3.975000e+01 -4.933013e+00
      vertex   2.096667e+01 3.985355e+01 -4.853553e+00
    endloop
  endfacet
  facet normal 0.000000e+00 6.087614e-01 -7.933533e-01
    outer loop
      vertex   2.096667e+01 3.985355e+01 -4.853553e+00
      vertex   1.840000e+01 3.975000e+01 -4.933013e+00
      vertex   1.840000e+01 3.985355e+01 -4.853553e+00
    endloop
  endfacet
  facet normal 0.000000e+00 7.933533e-01 -6.087614e-01
    outer loop
      vertex   2.096667e+01 3.985355e+01 -4.853553e+00
      vertex   1.840000e+01 3.985355e+01 -4.853553e+00
      vertex   2.096667e+01 3.993301e+01 -4.750000e+00
    endloop
  endfacet
  facet normal 2.106580e-16 7.933533e-01 -6.087614e-01
    outer loop
      vertex   2.096667e+01 3.993301e+01 -4.750000e+00
      vertex   1.840000e+01 3.985355e+01 -4.853553e+00
      vertex   1.840000e+01 3.993301e+01 -4.750000e+00
    endloop
  endfacet
  facet normal 1.324251e-16 9.238795e-01 -3.826834e-01
    outer loop
      vertex   2.096667e+01 3.993301e+01 -4.750000e+00
      vertex   1.840000e+01 3.993301e+01 -4.750000e+00
      vertex   2.096667e+01 3.998296e+01 -4.629410e+00
    endloop
  endfacet
  facet normal -2.557620e-15 9.238795e-01 -3.826834e-01
    outer loop
      vertex   2.096667e+01 3.998296e+01 -4.629410e+00
      vertex   1.840000e+01 3.993301e+01 -4.750000e+00
      vertex   1.840000e+01 3.998296e+01 -4.629410e+00
    endloop
  endfacet
  facet normal -2.744665e-15 9.914449e-01 -1.305262e-01
    outer loop
      vertex   2.096667e+01 3.998296e+01 -4.629410e+00
      vertex   1.840000e+01 3.998296e+01 -4.629410e+00
      vertex   1.840000e+01 4.000000e+01 -4.500000e+00
    endloop
  endfacet
  facet normal 0.000000e+00 9.914449e-01 -1.305262e-01
    outer loop
      vertex   4.150000e+01 4.000000e+01 -4.500000e+00
      vertex   2.866667e+01 3.998296e+01 -4.629410e+00
      vertex   1.840000e+01 4.000000e+01 -4.500000e+00
    endloop
  endfacet
  facet normal -1.322869e-20 9.914449e-01 -1.305262e-01
    outer loop
      vertex   1.840000e+01 4.000000e+01 -4.500000e+00
      vertex   2.866667e+01 3.998296e+01 -4.629410e+00
      vertex   2.610000e+01 3.998296e+01 -4.629410e+00
    endloop
  endfacet
  facet normal -1.322869e-20 9.914449e-01 -1.305262e-01
    outer loop
      vertex   1.840000e+01 4.000000e+01 -4.500000e+00
      vertex   2.610000e+01 3.998296e+01 -4.629410e+00
      vertex   2.353333e+01 3.998296e+01 -4.629410e+00
    endloop
  endfacet
  facet normal 0.000000e+00 9.238795e-01 -3.826834e-01
    outer loop
      vertex   2.353333e+01 3.998296e+01 -4.629410e+00
      vertex   2.610000e+01 3.998296e+01 -4.629410e+00
      vertex   2.353333e+01 3.993301e+01 -4.750000e+00
    endloop
  endfacet
  facet normal 2.685342e-19 9.238795e-01 -3.826834e-01
    outer loop
      vertex   2.353333e+01 3.998296e+01 -4.629410e+00
      vertex   2.353333e+01 3.993301e+01 -4.750000e+00
      vertex   2.096667e+01 3.993301e+01 -4.750000e+00
    endloop
  endfacet
  facet normal 0.000000e+00 7.933533e-01 -6.087614e-01
    outer loop
      vertex   2.096667e+01 3.993301e+01 -4.750000e+00
      vertex   2.353333e+01 3.993301e+01 -4.750000e+00
      vertex   2.096667e+01 3.985355e+01 -4.853553e+00
    endloop
  endfacet
  facet normal 0.000000e+00 1.305262e-01 -9.914449e-01
    outer loop
      vertex   1.840000e+01 3.950000e+01 -5.000000e+00
      vertex   3.123333e+01 3.962941e+01 -4.982963e+00
      vertex   4.150000e+01 3.950000e+01 -5.000000e+00
    endloop
  endfacet
  facet normal -3.301931e-19 1.305262e-01 -9.914449e-01
    outer loop
      vertex   4.150000e+01 3.950000e+01 -5.000000e+00
      vertex   3.123333e+01 3.962941e+01 -4.982963e+00
      vertex   3.380000e+01 3.962941e+01 -4.982963e+00
    endloop
  endfacet
  facet normal -3.434133e-16 1.305262e-01 -9.914449e-01
    outer loop
      vertex   4.150000e+01 3.950000e+01 -5.000000e+00
      vertex   3.380000e+01 3.962941e+01 -4.982963e+00
      vertex   3.636667e+01 3.962941e+01 -4.982963e+00
    endloop
  endfacet
  facet normal -3.197025e-16 3.826834e-01 -9.238795e-01
    outer loop
      vertex   3.636667e+01 3.962941e+01 -4.982963e+00
      vertex   3.380000e+01 3.962941e+01 -4.982963e+00
      vertex   3.636667e+01 3.975000e+01 -4.933013e+00
    endloop
  endfacet
  facet normal -1.260406e-18 3.826834e-01 -9.238795e-01
    outer loop
      vertex   3.636667e+01 3.962941e+01 -4.982963e+00
      vertex   3.636667e+01 3.975000e+01 -4.933013e+00
      vertex   3.893333e+01 3.975000e+01 -4.933013e+00
    endloop
  endfacet
  facet normal 0.000000e+00 6.087614e-01 -7.933533e-01
    outer loop
      vertex   3.893333e+01 3.975000e+01 -4.933013e+00
      vertex   3.636667e+01 3.975000e+01 -4.933013e+00
      vertex   3.893333e+01 3.985355e+01 -4.853553e+00
    endloop
  endfacet
  facet normal 0.000000e+00 3.826834e-01 -9.238795e-01
    outer loop
      vertex   2.353333e+01 3.962941e+01 -4.982963e+00
      vertex   2.096667e+01 3.962941e+01 -4.982963e+00
      vertex   2.353333e+01 3.975000e+01 -4.933013e+00
    endloop
  endfacet
  facet normal 0.000000e+00 3.826834e-01 -9.238795e-01
    outer loop
      vertex   2.353333e+01 3.975000e+01 -4.933013e+00
      vertex   2.096667e+01 3.962941e+01 -4.982963e+00
      vertex   2.096667e+01 3.975000e+01 -4.933013e+00
    endloop
  endfacet
  facet normal 0.000000e+00 6.087614e-01 -7.933533e-01
    outer loop
      vertex   2.353333e+01 3.975000e+01 -4.933013e+00
      vertex   2.096667e+01 3.975000e+01 -4.933013e+00
      vertex   2.353333e+01 3.985355e+01 -4.853553e+00
    endloop
  endfacet
  facet normal 0.000000e+00 6.087614e-01 -7.933533e-01
    outer loop
      vertex   2.353333e+01 3.985355e+01 -4.853553e+00
      vertex   2.096667e+01 3.975000e+01 -4.933013e+00
      vertex   2.096667e+01 3.985355e+01 -4.853553e+00
    endloop
  endfacet
  facet normal 0.000000e+00 7.933533e-01 -6.087614e-01
    outer loop
      vertex   2.353333e+01 3.985355e+01 -4.853553e+00
      vertex   2.096667e+01 3.985355e+01 -4.853553e+00
      vertex   2.353333e+01 3.993301e+01 -4.750000e+00
    endloop
  endfacet
  facet normal 3.613420e-16 1.305262e-01 -9.914449e-01
    outer loop
      vertex   3.123333e+01 3.962941e+01 -4.982963e+00
      vertex   1.840000e+01 3.950000e+01 -5.000000e+00
      vertex   2.866667e+01 3.962941e+01 -4.982963e+00
    endloop
  endfacet
  facet normal 0.000000e+00 1.305262e-01 -9.914449e-01
    outer loop
      vertex   2.866667e+01 3.962941e+01 -4.982963e+00
      vertex   1.840000e+01 3.950000e+01 -5.000000e+00
      vertex   2.610000e+01 3.962941e+01 -4.982963e+00
    endloop
  endfacet
  facet normal 0.000000e+00 3.826834e-01 -9.238795e-01
    outer loop
      vertex   2.866667e+01 3.962941e+01 -4.982963e+00
      vertex   2.610000e+01 3.962941e+01 -4.982963e+00
      vertex   2.866667e+01 3.975000e+01 -4.933013e+00
    endloop
  endfacet
  facet normal 1.059401e-15 3.826834e-01 -9.238795e-01
    outer loop
      vertex   3.123333e+01 3.962941e+01 -4.982963e+00
      vertex   2.866667e+01 3.962941e+01 -4.982963e+00
      vertex   3.123333e+01 3.975000e+01 -4.933013e+00
    endloop
  endfacet
  facet normal 0.000000e+00 3.826834e-01 -9.238795e-01
    outer loop
      vertex   3.123333e+01 3.975000e+01 -4.933013e+00
      vertex   2.866667e+01 3.962941e+01 -4.982963e+00
      vertex   2.866667e+01 3.975000e+01 -4.933013e+00
    endloop
  endfacet
  facet normal 0.000000e+00 6.087614e-01 -7.933533e-01
    outer loop
      vertex   3.123333e+01 3.975000e+01 -4.933013e+00
      vertex   2.866667e+01 3.975000e+01 -4.933013e+00
      vertex   3.123333e+01 3.985355e+01 -4.853553e+00
    endloop
  endfacet
  facet normal 0.000000e+00 1.305262e-01 -9.914449e-01
    outer loop
      vertex   3.893333e+01 3.962941e+01 -4.982963e+00
      vertex   4.150000e+01 3.950000e+01 -5.000000e+00
      vertex   3.636667e+01 3.962941e+01 -4.982963e+00
    endloop
  endfacet
  facet normal 0.000000e+00 3.826834e-01 -9.238795e-01
    outer loop
      vertex   3.380000e+01 3.962941e+01 -4.982963e+00
      vertex   3.123333e+01 3.962941e+01 -4.982963e+00
      vertex   3.380000e+01 3.975000e+01 -4.933013e+00
    endloop
  endfacet
  facet normal 0.000000e+00 3.826834e-01 -9.238795e-01
    outer loop
      vertex   3.380000e+01 3.975000e+01 -4.933013e+00
      vertex   3.123333e+01 3.962941e+01 -4.982963e+00
      vertex   3.123333e+01 3.975000e+01 -4.933013e+00
    endloop
  endfacet
  facet normal 0.000000e+00 6.087614e-01 -7.933533e-01
    outer loop
      vertex   3.380000e+01 3.975000e+01 -4.933013e+00
      vertex   3.123333e+01 3.975000e+01 -4.933013e+00
      vertex   3.380000e+01 3.985355e+01 -4.853553e+00
    endloop
  endfacet
  facet normal 0.000000e+00 6.087614e-01 -7.933533e-01
    outer loop
      vertex   3.380000e+01 3.985355e+01 -4.853553e+00
      vertex   3.123333e+01 3.975000e+01 -4.933013e+00
      vertex   3.123333e+01 3.985355e+01 -4.853553e+00
    endloop
  endfacet
  facet normal 0.000000e+00 7.933533e-01 -6.087614e-01
    outer loop
      vertex   3.380000e+01 3.985355e+01 -4.853553e+00
      vertex   3.123333e+01 3.985355e+01 -4.853553e+00
      vertex   3.380000e+01 3.993301e+01 -4.750000e+00
    endloop
  endfacet
  facet normal -1.260406e-18 3.826834e-01 -9.238795e-01
    outer loop
      vertex   3.893333e+01 3.975000e+01 -4.933013e+00
      vertex   3.893333e+01 3.962941e+01 -4.982963e+00
      vertex   3.636667e+01 3.962941e+01 -4.982963e+00
    endloop
  endfacet
  facet normal -4.235861e-19 3.826834e-01 -9.238795e-01
    outer loop
      vertex   2.353333e+01 3.962941e+01 -4.982963e+00
      vertex   2.353333e+01 3.975000e+01 -4.933013e+00
      vertex   2.610000e+01 3.975000e+01 -4.933013e+00
    endloop
  endfacet
  facet normal 0.000000e+00 6.087614e-01 -7.933533e-01
    outer loop
      vertex   2.610000e+01 3.975000e+01 -4.933013e+00
      vertex   2.353333e+01 3.975000e+01 -4.933013e+00
      vertex   2.610000e+01 3.985355e+01 -4.853553e+00
    endloop
  endfacet
  facet normal -2.588078e-18 6.087614e-01 -7.933533e-01
    outer loop
      vertex   2.610000e+01 3.975000e+01 -4.933013e+00
      vertex   2.610000e+01 3.985355e+01 -4.853553e+00
      vertex   2.866667e+01 3.985355e+01 -4.853553e+00
    endloop
  endfacet
  facet normal 0.000000e+00 7.933533e-01 -6.087614e-01
    outer loop
      vertex   2.866667e+01 3.985355e+01 -4.853553e+00
      vertex   2.610000e+01 3.985355e+01 -4.853553e+00
      vertex   2.866667e+01 3.993301e+01 -4.750000e+00
    endloop
  endfacet
  facet normal 2.533856e-18 7.933533e-01 -6.087614e-01
    outer loop
      vertex   2.866667e+01 3.985355e+01 -4.853553e+00
      vertex   2.866667e+01 3.993301e+01 -4.750000e+00
      vertex   3.123333e+01 3.993301e+01 -4.750000e+00
    endloop
  endfacet
  facet normal 0.000000e+00 9.238795e-01 -3.826834e-01
    outer loop
      vertex   3.123333e+01 3.993301e+01 -4.750000e+00
      vertex   2.866667e+01 3.993301e+01 -4.750000e+00
      vertex   3.123333e+01 3.998296e+01 -4.629410e+00
    endloop
  endfacet
  facet normal 6.543384e-19 9.238795e-01 -3.826834e-01
    outer loop
      vertex   3.123333e+01 3.993301e+01 -4.750000e+00
      vertex   3.123333e+01 3.998296e+01 -4.629410e+00
      vertex   3.380000e+01 3.998296e+01 -4.629410e+00
    endloop
  endfacet
  facet normal 0.000000e+00 9.914449e-01 -1.305262e-01
    outer loop
      vertex   3.380000e+01 3.998296e+01 -4.629410e+00
      vertex   3.123333e+01 3.998296e+01 -4.629410e+00
      vertex   4.150000e+01 4.000000e+01 -4.500000e+00
    endloop
  endfacet
  facet normal 0.000000e+00 6.087614e-01 -7.933533e-01
    outer loop
      vertex   2.610000e+01 3.985355e+01 -4.853553e+00
      vertex   2.353333e+01 3.975000e+01 -4.933013e+00
      vertex   2.353333e+01 3.985355e+01 -4.853553e+00
    endloop
  endfacet
  facet normal 7.384122e-20 3.826834e-01 -9.238795e-01
    outer loop
      vertex   3.380000e+01 3.962941e+01 -4.982963e+00
      vertex   3.380000e+01 3.975000e+01 -4.933013e+00
      vertex   3.636667e+01 3.975000e+01 -4.933013e+00
    endloop
  endfacet
  facet normal 0.000000e+00 6.087614e-01 -7.933533e-01
    outer loop
      vertex   3.636667e+01 3.975000e+01 -4.933013e+00
      vertex   3.380000e+01 3.975000e+01 -4.933013e+00
      vertex   3.636667e+01 3.985355e+01 -4.853553e+00
    endloop
  endfacet
  facet normal -2.588078e-18 6.087614e-01 -7.933533e-01
    outer loop
      vertex   3.636667e+01 3.975000e+01 -4.933013e+00
      vertex   3.636667e+01 3.985355e+01 -4.853553e+00
      vertex   3.893333e+01 3.985355e+01 -4.853553e+00
    endloop
  endfacet
  facet normal 0.000000e+00 7.933533e-01 -6.087614e-01
    outer loop
      vertex   3.893333e+01 3.985355e+01 -4.853553e+00
      vertex   3.636667e+01 3.985355e+01 -4.853553e+00
      vertex   3.893333e+01 3.993301e+01 -4.750000e+00
    endloop
  endfacet
  facet normal 0.000000e+00 6.087614e-01 -7.933533e-01
    outer loop
      vertex   3.636667e+01 3.985355e+01 -4.853553e+00
      vertex   3.380000e+01 3.975000e+01 -4.933013e+00
      vertex   3.380000e+01 3.985355e+01 -4.853553e+00
    endloop
  endfacet
  facet normal 0.000000e+00 7.933533e-01 -6.087614e-01
    outer loop
      vertex   2.610000e+01 3.985355e+01 -4.853553e+00
      vertex   2.353333e+01 3.985355e+01 -4.853553e+00
      vertex   2.610000e+01 3.993301e+01 -4.750000e+00
    endloop
  endfacet
  facet normal -2.106580e-16 7.933533e-01 -6.087614e-01
    outer loop
      vertex   2.610000e+01 3.993301e+01 -4.750000e+00
      vertex   2.353333e+01 3.985355e+01 -4.853553e+00
      vertex   2.353333e+01 3.993301e+01 -4.750000e+00
    endloop
  endfacet
  facet normal -1.324251e-16 9.238795e-01 -3.826834e-01
    outer loop
      vertex   2.610000e+01 3.993301e+01 -4.750000e+00
      vertex   2.353333e+01 3.993301e+01 -4.750000e+00
      vertex   2.610000e+01 3.998296e+01 -4.629410e+00
    endloop
  endfacet
  facet normal 0.000000e+00 7.933533e-01 -6.087614e-01
    outer loop
      vertex   3.636667e+01 3.985355e+01 -4.853553e+00
      vertex   3.380000e+01 3.985355e+01 -4.853553e+00
      vertex   3.636667e+01 3.993301e+01 -4.750000e+00
    endloop
  endfacet
  facet normal 0.000000e+00 7.933533e-01 -6.087614e-01
    outer loop
      vertex   3.636667e+01 3.993301e+01 -4.750000e+00
      vertex   3.380000e+01 3.985355e+01 -4.853553e+00
      vertex   3.380000e+01 3.993301e+01 -4.750000e+00
    endloop
  endfacet
  facet normal 0.000000e+00 9.238795e-01 -3.826834e-01
    outer loop
      vertex   3.636667e+01 3.993301e+01 -4.750000e+00
      vertex   3.380000e+01 3.993301e+01 -4.750000e+00
      vertex   3.636667e+01 3.998296e+01 -4.629410e+00
    endloop
  endfacet
  facet normal 0.000000e+00 9.238795e-01 -3.826834e-01
    outer loop
      vertex   2.353333e+01 3.998296e+01 -4.629410e+00
      vertex   2.096667e+01 3.993301e+01 -4.750000e+00
      vertex   2.096667e+01 3.998296e+01 -4.629410e+00
    endloop
  endfacet
  facet normal 2.533856e-18 7.933533e-01 -6.087614e-01
    outer loop
      vertex   2.610000e+01 3.985355e+01 -4.853553e+00
      vertex   2.610000e+01 3.993301e+01 -4.750000e+00
      vertex   2.866667e+01 3.993301e+01 -4.750000e+00
    endloop
  endfacet
  facet normal 0.000000e+00 9.238795e-01 -3.826834e-01
    outer loop
      vertex   2.866667e+01 3.993301e+01 -4.750000e+00
      vertex   2.610000e+01 3.993301e+01 -4.750000e+00
      vertex   2.866667e+01 3.998296e+01 -4.629410e+00
    endloop
  endfacet
  facet normal 6.543384e-19 9.238795e-01 -3.826834e-01
    outer loop
      vertex   2.866667e+01 3.993301e+01 -4.750000e+00
      vertex   2.866667e+01 3.998296e+01 -4.629410e+00
      vertex   3.123333e+01 3.998296e+01 -4.629410e+00
    endloop
  endfacet
  facet normal 0.000000e+00 9.914449e-01 -1.305262e-01
    outer loop
      vertex   3.123333e+01 3.998296e+01 -4.629410e+00
      vertex   2.866667e+01 3.998296e+01 -4.629410e+00
      vertex   4.150000e+01 4.000000e+01 -4.500000e+00
    endloop
  endfacet
  facet normal 0.000000e+00 9.238795e-01 -3.826834e-01
    outer loop
      vertex   2.866667e+01 3.998296e+01 -4.629410e+00
      vertex   2.610000e+01 3.993301e+01 -4.750000e+00
      vertex   2.610000e+01 3.998296e+01 -4.629410e+00
    endloop
  endfacet
  facet normal 2.558275e-15 9.238795e-01 -3.826834e-01
    outer loop
      vertex   3.893333e+01 3.998296e+01 -4.629410e+00
      vertex   3.893333e+01 3.993301e+01 -4.750000e+00
      vertex   3.636667e+01 3.993301e+01 -4.750000e+00
    endloop
  endfacet
  facet normal 2.196278e-15 7.933533e-01 -6.087614e-01
    outer loop
      vertex   3.636667e+01 3.993301e+01 -4.750000e+00
      vertex   3.893333e+01 3.993301e+01 -4.750000e+00
      vertex   3.636667e+01 3.985355e+01 -4.853553e+00
    endloop
  endfacet
  facet normal 0.000000e+00 9.238795e-01 -3.826834e-01
    outer loop
      vertex   3.893333e+01 3.998296e+01 -4.629410e+00
      vertex   3.636667e+01 3.993301e+01 -4.750000e+00
      vertex   3.636667e+01 3.998296e+01 -4.629410e+00
    endloop
  endfacet
  facet normal -1.322869e-20 9.914449e-01 -1.305262e-01
    outer loop
      vertex   1.840000e+01 4.000000e+01 -4.500000e+00
      vertex   2.353333e+01 3.998296e+01 -4.629410e+00
      vertex   2.096667e+01 3.998296e+01 -4.629410e+00
    endloop
  endfacet
  facet normal 1.304564e-01 3.268886e-02 -9.909150e-01
    outer loop
      vertex   4.162941e+01 3.950000e+01 -4.982963e+00
      vertex   4.150000e+01 3.950000e+01 -5.000000e+00
      vertex   4.159287e+01 3.957696e+01 -4.985234e+00
    endloop
  endfacet
  facet normal 4.940940e-02 1.303668e-01 -9.902339e-01
    outer loop
      vertex   4.159287e+01 3.957696e+01 -4.985234e+00
      vertex   4.150000e+01 3.950000e+01 -5.000000e+00
      vertex   4.150000e+01 3.962941e+01 -4.982963e+00
    endloop
  endfacet
  facet normal 1.298391e-01 2.711922e-01 -9.537278e-01
    outer loop
      vertex   4.159287e+01 3.957696e+01 -4.985234e+00
      vertex   4.150000e+01 3.962941e+01 -4.982963e+00
      vertex   4.154227e+01 3.969432e+01 -4.958751e+00
    endloop
  endfacet
  facet normal -5.839280e-02 3.820305e-01 -9.223031e-01
    outer loop
      vertex   4.154227e+01 3.969432e+01 -4.958751e+00
      vertex   4.150000e+01 3.962941e+01 -4.982963e+00
      vertex   4.150000e+01 3.975000e+01 -4.933013e+00
    endloop
  endfacet
  facet normal 1.588805e-01 5.110938e-01 -8.447130e-01
    outer loop
      vertex   4.154227e+01 3.969432e+01 -4.958751e+00
      vertex   4.150000e+01 3.975000e+01 -4.933013e+00
      vertex   4.165520e+01 3.972952e+01 -4.916212e+00
    endloop
  endfacet
  facet normal 1.607312e-01 5.407082e-01 -8.257119e-01
    outer loop
      vertex   4.165520e+01 3.972952e+01 -4.916212e+00
      vertex   4.150000e+01 3.975000e+01 -4.933013e+00
      vertex   4.160056e+01 3.983328e+01 -4.858900e+00
    endloop
  endfacet
  facet normal 3.657544e-01 5.901245e-01 -7.197061e-01
    outer loop
      vertex   4.165520e+01 3.972952e+01 -4.916212e+00
      vertex   4.160056e+01 3.983328e+01 -4.858900e+00
      vertex   4.175944e+01 3.974770e+01 -4.848332e+00
    endloop
  endfacet
  facet normal 3.657544e-01 5.901245e-01 -7.197061e-01
    outer loop
      vertex   4.175944e+01 3.974770e+01 -4.848332e+00
      vertex   4.160056e+01 3.983328e+01 -4.858900e+00
      vertex   4.170373e+01 3.985128e+01 -4.791715e+00
    endloop
  endfacet
  facet normal 5.611197e-01 6.085140e-01 -5.611197e-01
    outer loop
      vertex   4.175944e+01 3.974770e+01 -4.848332e+00
      vertex   4.170373e+01 3.985128e+01 -4.791715e+00
      vertex   4.184833e+01 3.974770e+01 -4.759440e+00
    endloop
  endfacet
  facet normal 5.611197e-01 6.085140e-01 -5.611197e-01
    outer loop
      vertex   4.184833e+01 3.974770e+01 -4.759440e+00
      vertex   4.170373e+01 3.985128e+01 -4.791715e+00
      vertex   4.179172e+01 3.985128e+01 -4.703732e+00
    endloop
  endfacet
  facet normal 7.197061e-01 5.901245e-01 -3.657544e-01
    outer loop
      vertex   4.184833e+01 3.974770e+01 -4.759440e+00
      vertex   4.179172e+01 3.985128e+01 -4.703732e+00
      vertex   4.191621e+01 3.972952e+01 -4.655203e+00
    endloop
  endfacet
  facet normal 7.197061e-01 5.901245e-01 -3.657544e-01
    outer loop
      vertex   4.191621e+01 3.972952e+01 -4.655203e+00
      vertex   4.179172e+01 3.985128e+01 -4.703732e+00
      vertex   4.185890e+01 3.983328e+01 -4.600561e+00
    endloop
  endfacet
  facet normal 8.257119e-01 5.407082e-01 -1.607312e-01
    outer loop
      vertex   4.191621e+01 3.972952e+01 -4.655203e+00
      vertex   4.185890e+01 3.983328e+01 -4.600561e+00
      vertex   4.193301e+01 3.975000e+01 -4.500000e+00
    endloop
  endfacet
  facet normal 7.907938e-01 6.067974e-01 -8.026201e-02
    outer loop
      vertex   4.193301e+01 3.975000e+01 -4.500000e+00
      vertex   4.185890e+01 3.983328e+01 -4.600561e+00
      vertex   4.185355e+01 3.985355e+01 -4.500000e+00
    endloop
  endfacet
  facet normal 6.538873e-01 7.476569e-01 -1.159338e-01
    outer loop
      vertex   4.185355e+01 3.985355e+01 -4.500000e+00
      vertex   4.185890e+01 3.983328e+01 -4.600561e+00
      vertex   4.177713e+01 3.991433e+01 -4.539065e+00
    endloop
  endfacet
  facet normal 6.081878e-01 7.926058e-01 4.340169e-02
    outer loop
      vertex   4.185355e+01 3.985355e+01 -4.500000e+00
      vertex   4.177713e+01 3.991433e+01 -4.539065e+00
      vertex   4.175000e+01 3.993301e+01 -4.500000e+00
    endloop
  endfacet
  facet normal 4.328324e-01 8.925984e-01 -1.261909e-01
    outer loop
      vertex   4.175000e+01 3.993301e+01 -4.500000e+00
      vertex   4.177713e+01 3.991433e+01 -4.539065e+00
      vertex   4.171522e+01 3.993091e+01 -4.634140e+00
    endloop
  endfacet
  facet normal 3.995626e-01 9.091026e-01 -1.178222e-01
    outer loop
      vertex   4.175000e+01 3.993301e+01 -4.500000e+00
      vertex   4.171522e+01 3.993091e+01 -4.634140e+00
      vertex   4.162405e+01 3.998119e+01 -4.555406e+00
    endloop
  endfacet
  facet normal 2.729599e-01 9.224889e-01 -2.729599e-01
    outer loop
      vertex   4.162405e+01 3.998119e+01 -4.555406e+00
      vertex   4.171522e+01 3.993091e+01 -4.634140e+00
      vertex   4.155541e+01 3.998119e+01 -4.624054e+00
    endloop
  endfacet
  facet normal 1.036987e-01 9.891881e-01 -1.036987e-01
    outer loop
      vertex   4.162405e+01 3.998119e+01 -4.555406e+00
      vertex   4.155541e+01 3.998119e+01 -4.624054e+00
      vertex   4.150000e+01 4.000000e+01 -4.500000e+00
    endloop
  endfacet
  facet normal 4.435481e-02 9.904691e-01 -1.303977e-01
    outer loop
      vertex   4.150000e+01 4.000000e+01 -4.500000e+00
      vertex   4.155541e+01 3.998119e+01 -4.624054e+00
      vertex   4.150000e+01 3.998296e+01 -4.629410e+00
    endloop
  endfacet
  facet normal 6.645835e-02 9.218370e-01 -3.818374e-01
    outer loop
      vertex   4.150000e+01 3.998296e+01 -4.629410e+00
      vertex   4.155541e+01 3.998119e+01 -4.624054e+00
      vertex   4.150000e+01 3.993301e+01 -4.750000e+00
    endloop
  endfacet
  facet normal 1.178222e-01 9.091026e-01 -3.995626e-01
    outer loop
      vertex   4.150000e+01 3.993301e+01 -4.750000e+00
      vertex   4.155541e+01 3.998119e+01 -4.624054e+00
      vertex   4.163414e+01 3.993091e+01 -4.715218e+00
    endloop
  endfacet
  facet normal 1.261909e-01 8.925984e-01 -4.328324e-01
    outer loop
      vertex   4.150000e+01 3.993301e+01 -4.750000e+00
      vertex   4.163414e+01 3.993091e+01 -4.715218e+00
      vertex   4.153907e+01 3.991433e+01 -4.777130e+00
    endloop
  endfacet
  facet normal 2.448663e-01 7.743828e-01 -5.834139e-01
    outer loop
      vertex   4.153907e+01 3.991433e+01 -4.777130e+00
      vertex   4.163414e+01 3.993091e+01 -4.715218e+00
      vertex   4.170373e+01 3.985128e+01 -4.791715e+00
    endloop
  endfacet
  facet normal 2.448663e-01 7.743828e-01 -5.834139e-01
    outer loop
      vertex   4.153907e+01 3.991433e+01 -4.777130e+00
      vertex   4.170373e+01 3.985128e+01 -4.791715e+00
      vertex   4.160056e+01 3.983328e+01 -4.858900e+00
    endloop
  endfacet
  facet normal 8.026201e-02 6.067974e-01 -7.907938e-01
    outer loop
      vertex   4.150000e+01 3.975000e+01 -4.933013e+00
      vertex   4.150000e+01 3.985355e+01 -4.853553e+00
      vertex   4.160056e+01 3.983328e+01 -4.858900e+00
    endloop
  endfacet
  facet normal 1.159338e-01 7.476569e-01 -6.538873e-01
    outer loop
      vertex   4.160056e+01 3.983328e+01 -4.858900e+00
      vertex   4.150000e+01 3.985355e+01 -4.853553e+00
      vertex   4.153907e+01 3.991433e+01 -4.777130e+00
    endloop
  endfacet
  facet normal -4.340169e-02 7.926058e-01 -6.081878e-01
    outer loop
      vertex   4.150000e+01 3.985355e+01 -4.853553e+00
      vertex   4.150000e+01 3.993301e+01 -4.750000e+00
      vertex   4.153907e+01 3.991433e+01 -4.777130e+00
    endloop
  endfacet
  facet normal 1.303977e-01 9.904691e-01 -4.435481e-02
    outer loop
      vertex   4.150000e+01 4.000000e+01 -4.500000e+00
      vertex   4.162941e+01 3.998296e+01 -4.500000e+00
      vertex   4.162405e+01 3.998119e+01 -4.555406e+00
    endloop
  endfacet
  facet normal 3.818374e-01 9.218370e-01 -6.645835e-02
    outer loop
      vertex   4.162405e+01 3.998119e+01 -4.555406e+00
      vertex   4.162941e+01 3.998296e+01 -4.500000e+00
      vertex   4.175000e+01 3.993301e+01 -4.500000e+00
    endloop
  endfacet
  facet normal 8.447130e-01 5.110938e-01 -1.588805e-01
    outer loop
      vertex   4.191621e+01 3.972952e+01 -4.655203e+00
      vertex   4.193301e+01 3.975000e+01 -4.500000e+00
      vertex   4.195875e+01 3.969432e+01 -4.542265e+00
    endloop
  endfacet
  facet normal 9.223031e-01 3.820305e-01 5.839280e-02
    outer loop
      vertex   4.195875e+01 3.969432e+01 -4.542265e+00
      vertex   4.193301e+01 3.975000e+01 -4.500000e+00
      vertex   4.198296e+01 3.962941e+01 -4.500000e+00
    endloop
  endfacet
  facet normal 9.537278e-01 2.711922e-01 -1.298391e-01
    outer loop
      vertex   4.195875e+01 3.969432e+01 -4.542265e+00
      vertex   4.198296e+01 3.962941e+01 -4.500000e+00
      vertex   4.198523e+01 3.957696e+01 -4.592872e+00
    endloop
  endfacet
  facet normal 9.902339e-01 1.303668e-01 -4.940940e-02
    outer loop
      vertex   4.198523e+01 3.957696e+01 -4.592872e+00
      vertex   4.198296e+01 3.962941e+01 -4.500000e+00
      vertex   4.200000e+01 3.950000e+01 -4.500000e+00
    endloop
  endfacet
  facet normal 9.909150e-01 3.268886e-02 -1.304564e-01
    outer loop
      vertex   4.198523e+01 3.957696e+01 -4.592872e+00
      vertex   4.200000e+01 3.950000e+01 -4.500000e+00
      vertex   4.198296e+01 3.950000e+01 -4.629410e+00
    endloop
  endfacet
  facet normal 9.407634e-01 1.223638e-01 -3.162140e-01
    outer loop
      vertex   4.198523e+01 3.957696e+01 -4.592872e+00
      vertex   4.198296e+01 3.950000e+01 -4.629410e+00
      vertex   4.194516e+01 3.961012e+01 -4.699268e+00
    endloop
  endfacet
  facet normal 9.213332e-01 7.419375e-02 -3.816287e-01
    outer loop
      vertex   4.194516e+01 3.961012e+01 -4.699268e+00
      vertex   4.198296e+01 3.950000e+01 -4.629410e+00
      vertex   4.193301e+01 3.950000e+01 -4.750000e+00
    endloop
  endfacet
  facet normal 8.403810e-01 1.475718e-01 -5.215192e-01
    outer loop
      vertex   4.194516e+01 3.961012e+01 -4.699268e+00
      vertex   4.193301e+01 3.950000e+01 -4.750000e+00
      vertex   4.188121e+01 3.962724e+01 -4.797468e+00
    endloop
  endfacet
  facet normal 7.897316e-01 9.544300e-02 -6.059824e-01
    outer loop
      vertex   4.188121e+01 3.962724e+01 -4.797468e+00
      vertex   4.193301e+01 3.950000e+01 -4.750000e+00
      vertex   4.185355e+01 3.950000e+01 -4.853553e+00
    endloop
  endfacet
  facet normal 6.984452e-01 1.560404e-01 -6.984452e-01
    outer loop
      vertex   4.188121e+01 3.962724e+01 -4.797468e+00
      vertex   4.185355e+01 3.950000e+01 -4.853553e+00
      vertex   4.179747e+01 3.962724e+01 -4.881211e+00
    endloop
  endfacet
  facet normal 6.059824e-01 9.544300e-02 -7.897316e-01
    outer loop
      vertex   4.179747e+01 3.962724e+01 -4.881211e+00
      vertex   4.185355e+01 3.950000e+01 -4.853553e+00
      vertex   4.175000e+01 3.950000e+01 -4.933013e+00
    endloop
  endfacet
  facet normal 5.215192e-01 1.475718e-01 -8.403810e-01
    outer loop
      vertex   4.179747e+01 3.962724e+01 -4.881211e+00
      vertex   4.175000e+01 3.950000e+01 -4.933013e+00
      vertex   4.169927e+01 3.961012e+01 -4.945159e+00
    endloop
  endfacet
  facet normal 3.816287e-01 7.419375e-02 -9.213332e-01
    outer loop
      vertex   4.169927e+01 3.961012e+01 -4.945159e+00
      vertex   4.175000e+01 3.950000e+01 -4.933013e+00
      vertex   4.162941e+01 3.950000e+01 -4.982963e+00
    endloop
  endfacet
  facet normal 3.162140e-01 1.223638e-01 -9.407634e-01
    outer loop
      vertex   4.169927e+01 3.961012e+01 -4.945159e+00
      vertex   4.162941e+01 3.950000e+01 -4.982963e+00
      vertex   4.159287e+01 3.957696e+01 -4.985234e+00
    endloop
  endfacet
  facet normal 2.475550e-01 3.135991e-01 -9.167181e-01
    outer loop
      vertex   4.169927e+01 3.961012e+01 -4.945159e+00
      vertex   4.159287e+01 3.957696e+01 -4.985234e+00
      vertex   4.154227e+01 3.969432e+01 -4.958751e+00
    endloop
  endfacet
  facet normal 4.620595e-01 3.663208e-01 -8.076571e-01
    outer loop
      vertex   4.179747e+01 3.962724e+01 -4.881211e+00
      vertex   4.169927e+01 3.961012e+01 -4.945159e+00
      vertex   4.165520e+01 3.972952e+01 -4.916212e+00
    endloop
  endfacet
  facet normal 2.475550e-01 3.135991e-01 -9.167181e-01
    outer loop
      vertex   4.165520e+01 3.972952e+01 -4.916212e+00
      vertex   4.169927e+01 3.961012e+01 -4.945159e+00
      vertex   4.154227e+01 3.969432e+01 -4.958751e+00
    endloop
  endfacet
  facet normal 4.620595e-01 3.663208e-01 -8.076571e-01
    outer loop
      vertex   4.179747e+01 3.962724e+01 -4.881211e+00
      vertex   4.165520e+01 3.972952e+01 -4.916212e+00
      vertex   4.175944e+01 3.974770e+01 -4.848332e+00
    endloop
  endfacet
  facet normal 4.317293e-01 7.919720e-01 -4.317293e-01
    outer loop
      vertex   4.179172e+01 3.985128e+01 -4.703732e+00
      vertex   4.170373e+01 3.985128e+01 -4.791715e+00
      vertex   4.163414e+01 3.993091e+01 -4.715218e+00
    endloop
  endfacet
  facet normal 4.317293e-01 7.919720e-01 -4.317293e-01
    outer loop
      vertex   4.179172e+01 3.985128e+01 -4.703732e+00
      vertex   4.163414e+01 3.993091e+01 -4.715218e+00
      vertex   4.171522e+01 3.993091e+01 -4.634140e+00
    endloop
  endfacet
  facet normal 2.729599e-01 9.224889e-01 -2.729599e-01
    outer loop
      vertex   4.171522e+01 3.993091e+01 -4.634140e+00
      vertex   4.163414e+01 3.993091e+01 -4.715218e+00
      vertex   4.155541e+01 3.998119e+01 -4.624054e+00
    endloop
  endfacet
  facet normal 6.528138e-01 3.842763e-01 -6.528138e-01
    outer loop
      vertex   4.188121e+01 3.962724e+01 -4.797468e+00
      vertex   4.179747e+01 3.962724e+01 -4.881211e+00
      vertex   4.175944e+01 3.974770e+01 -4.848332e+00
    endloop
  endfacet
  facet normal 6.528138e-01 3.842763e-01 -6.528138e-01
    outer loop
      vertex   4.188121e+01 3.962724e+01 -4.797468e+00
      vertex   4.175944e+01 3.974770e+01 -4.848332e+00
      vertex   4.184833e+01 3.974770e+01 -4.759440e+00
    endloop
  endfacet
  facet normal 5.834139e-01 7.743828e-01 -2.448663e-01
    outer loop
      vertex   4.185890e+01 3.983328e+01 -4.600561e+00
      vertex   4.179172e+01 3.985128e+01 -4.703732e+00
      vertex   4.171522e+01 3.993091e+01 -4.634140e+00
    endloop
  endfacet
  facet normal 5.834139e-01 7.743828e-01 -2.448663e-01
    outer loop
      vertex   4.177713e+01 3.991433e+01 -4.539065e+00
      vertex   4.185890e+01 3.983328e+01 -4.600561e+00
      vertex   4.171522e+01 3.993091e+01 -4.634140e+00
    endloop
  endfacet
  facet normal 8.076571e-01 3.663208e-01 -4.620595e-01
    outer loop
      vertex   4.194516e+01 3.961012e+01 -4.699268e+00
      vertex   4.188121e+01 3.962724e+01 -4.797468e+00
      vertex   4.184833e+01 3.974770e+01 -4.759440e+00
    endloop
  endfacet
  facet normal 8.076571e-01 3.663208e-01 -4.620595e-01
    outer loop
      vertex   4.194516e+01 3.961012e+01 -4.699268e+00
      vertex   4.184833e+01 3.974770e+01 -4.759440e+00
      vertex   4.191621e+01 3.972952e+01 -4.655203e+00
    endloop
  endfacet
  facet normal 9.167181e-01 3.135991e-01 -2.475550e-01
    outer loop
      vertex   4.198523e+01 3.957696e+01 -4.592872e+00
      vertex   4.194516e+01 3.961012e+01 -4.699268e+00
      vertex   4.191621e+01 3.972952e+01 -4.655203e+00
    endloop
  endfacet
  facet normal 9.167181e-01 3.135991e-01 -2.475550e-01
    outer loop
      vertex   4.195875e+01 3.969432e+01 -4.542265e+00
      vertex   4.198523e+01 3.957696e+01 -4.592872e+00
      vertex   4.191621e+01 3.972952e+01 -4.655203e+00
    endloop
  endfacet
  facet normal 9.914449e-01 1.305262e-01 -0.000000e+00
    outer loop
      vertex   4.198296e+01 3.962941e+01 -4.500000e+00
      vertex   4.198296e+01 3.962941e+01 -2.750000e+00
      vertex   4.200000e+01 3.950000e+01 -4.500000e+00
    endloop
  endfacet
  facet normal 9.885477e-01 1.509006e-01 -1.534860e-03
    outer loop
      vertex   4.200000e+01 3.950000e+01 -4.500000e+00
      vertex   4.198296e+01 3.962941e+01 -2.750000e+00
      vertex   4.199039e+01 3.959755e+01 -1.097545e+00
    endloop
  endfacet
  facet normal 9.951847e-01 9.801714e-02 -0.000000e+00
    outer loop
      vertex   4.200000e+01 3.950000e+01 -4.500000e+00
      vertex   4.199039e+01 3.959755e+01 -1.097545e+00
      vertex   4.200000e+01 3.950000e+01 -1.000000e+00
    endloop
  endfacet
  facet normal 9.238795e-01 3.826834e-01 0.000000e+00
    outer loop
      vertex   4.198296e+01 3.962941e+01 -2.750000e+00
      vertex   4.198296e+01 3.962941e+01 -4.500000e+00
      vertex   4.193301e+01 3.975000e+01 -2.750000e+00
    endloop
  endfacet
  facet normal 9.238795e-01 3.826834e-01 0.000000e+00
    outer loop
      vertex   4.193301e+01 3.975000e+01 -2.750000e+00
      vertex   4.198296e+01 3.962941e+01 -4.500000e+00
      vertex   4.193301e+01 3.975000e+01 -4.500000e+00
    endloop
  endfacet
  facet normal 7.933533e-01 6.087614e-01 0.000000e+00
    outer loop
      vertex   4.193301e+01 3.975000e+01 -2.750000e+00
      vertex   4.193301e+01 3.975000e+01 -4.500000e+00
      vertex   4.185355e+01 3.985355e+01 -2.750000e+00
    endloop
  endfacet
  facet normal 7.933533e-01 6.087614e-01 0.000000e+00
    outer loop
      vertex   4.185355e+01 3.985355e+01 -2.750000e+00
      vertex   4.193301e+01 3.975000e+01 -4.500000e+00
      vertex   4.185355e+01 3.985355e+01 -4.500000e+00
    endloop
  endfacet
  facet normal 6.087614e-01 7.933533e-01 0.000000e+00
    outer loop
      vertex   4.185355e+01 3.985355e+01 -2.750000e+00
      vertex   4.185355e+01 3.985355e+01 -4.500000e+00
      vertex   4.175000e+01 3.993301e+01 -2.750000e+00
    endloop
  endfacet
  facet normal 6.087614e-01 7.933533e-01 0.000000e+00
    outer loop
      vertex   4.175000e+01 3.993301e+01 -2.750000e+00
      vertex   4.185355e+01 3.985355e+01 -4.500000e+00
      vertex   4.175000e+01 3.993301e+01 -4.500000e+00
    endloop
  endfacet
  facet normal 3.826834e-01 9.238795e-01 0.000000e+00
    outer loop
      vertex   4.175000e+01 3.993301e+01 -2.750000e+00
      vertex   4.175000e+01 3.993301e+01 -4.500000e+00
      vertex   4.162941e+01 3.998296e+01 -2.750000e+00
    endloop
  endfacet
  facet normal 3.826834e-01 9.238795e-01 -7.502353e-15
    outer loop
      vertex   4.162941e+01 3.998296e+01 -2.750000e+00
      vertex   4.175000e+01 3.993301e+01 -4.500000e+00
      vertex   4.162941e+01 3.998296e+01 -4.500000e+00
    endloop
  endfacet
  facet normal 1.790169e-01 9.838460e-01 -7.989310e-15
    outer loop
      vertex   4.162941e+01 3.998296e+01 -2.750000e+00
      vertex   4.162941e+01 3.998296e+01 -4.500000e+00
      vertex   4.154901e+01 3.999759e+01 -1.497592e+00
    endloop
  endfacet
  facet normal 1.305261e-01 9.914440e-01 -1.335548e-03
    outer loop
      vertex   4.154901e+01 3.999759e+01 -1.497592e+00
      vertex   4.162941e+01 3.998296e+01 -4.500000e+00
      vertex   4.150000e+01 4.000000e+01 -4.500000e+00
    endloop
  endfacet
  facet normal 4.906767e-02 9.987955e-01 -3.803908e-20
    outer loop
      vertex   4.154901e+01 3.999759e+01 -1.497592e+00
      vertex   4.150000e+01 4.000000e+01 -4.500000e+00
      vertex   4.150000e+01 4.000000e+01 -1.500000e+00
    endloop
  endfacet
  facet normal 1.470371e-01 9.891287e-01 -2.114718e-03
    outer loop
      vertex   4.154901e+01 3.999759e+01 -1.497592e+00
      vertex   4.159755e+01 3.999039e+01 -1.490393e+00
      vertex   4.162941e+01 3.998296e+01 -2.750000e+00
    endloop
  endfacet
  facet normal 2.898158e-01 9.570809e-01 1.686197e-03
    outer loop
      vertex   4.162941e+01 3.998296e+01 -2.750000e+00
      vertex   4.159755e+01 3.999039e+01 -1.490393e+00
      vertex   4.169134e+01 3.996194e+01 -1.461940e+00
    endloop
  endfacet
  facet normal 3.826813e-01 9.238744e-01 -3.320921e-03
    outer loop
      vertex   4.162941e+01 3.998296e+01 -2.750000e+00
      vertex   4.169134e+01 3.996194e+01 -1.461940e+00
      vertex   4.175000e+01 3.993301e+01 -2.750000e+00
    endloop
  endfacet
  facet normal 4.707214e-01 8.822804e-01 1.622540e-03
    outer loop
      vertex   4.175000e+01 3.993301e+01 -2.750000e+00
      vertex   4.169134e+01 3.996194e+01 -1.461940e+00
      vertex   4.177779e+01 3.991573e+01 -1.415735e+00
    endloop
  endfacet
  facet normal 6.087597e-01 7.933510e-01 -2.403586e-03
    outer loop
      vertex   4.175000e+01 3.993301e+01 -2.750000e+00
      vertex   4.177779e+01 3.991573e+01 -1.415735e+00
      vertex   4.185355e+01 3.985355e+01 -2.750000e+00
    endloop
  endfacet
  facet normal 6.343933e-01 7.730105e-01 -0.000000e+00
    outer loop
      vertex   4.185355e+01 3.985355e+01 -2.750000e+00
      vertex   4.177779e+01 3.991573e+01 -1.415735e+00
      vertex   4.185355e+01 3.985355e+01 -1.353553e+00
    endloop
  endfacet
  facet normal 7.730105e-01 6.343933e-01 -0.000000e+00
    outer loop
      vertex   4.185355e+01 3.985355e+01 -2.750000e+00
      vertex   4.185355e+01 3.985355e+01 -1.353553e+00
      vertex   4.191573e+01 3.977779e+01 -1.277785e+00
    endloop
  endfacet
  facet normal 7.933515e-01 6.087600e-01 -2.178366e-03
    outer loop
      vertex   4.185355e+01 3.985355e+01 -2.750000e+00
      vertex   4.191573e+01 3.977779e+01 -1.277785e+00
      vertex   4.193301e+01 3.975000e+01 -2.750000e+00
    endloop
  endfacet
  facet normal 8.813270e-01 4.725047e-01 1.425659e-03
    outer loop
      vertex   4.193301e+01 3.975000e+01 -2.750000e+00
      vertex   4.191573e+01 3.977779e+01 -1.277785e+00
      vertex   4.196194e+01 3.969134e+01 -1.191342e+00
    endloop
  endfacet
  facet normal 9.238761e-01 3.826820e-01 -2.744382e-03
    outer loop
      vertex   4.193301e+01 3.975000e+01 -2.750000e+00
      vertex   4.196194e+01 3.969134e+01 -1.191342e+00
      vertex   4.198296e+01 3.962941e+01 -2.750000e+00
    endloop
  endfacet
  facet normal 9.565721e-01 2.914929e-01 1.319955e-03
    outer loop
      vertex   4.198296e+01 3.962941e+01 -2.750000e+00
      vertex   4.196194e+01 3.969134e+01 -1.191342e+00
      vertex   4.199039e+01 3.959755e+01 -1.097545e+00
    endloop
  endfacet
  facet normal 0.000000e+00 1.000000e+00 0.000000e+00
    outer loop
      vertex   4.150000e+01 4.000000e+01 -1.500000e+00
      vertex   4.150000e+01 4.000000e+01 -4.500000e+00
      vertex   4.050000e+01 4.000000e+01 -1.500000e+00
    endloop
  endfacet
  facet normal 0.000000e+00 1.000000e+00 0.000000e+00
    outer loop
      vertex   4.050000e+01 4.000000e+01 -1.500000e+00
      vertex   4.150000e+01 4.000000e+01 -4.500000e+00
      vertex   1.840000e+01 4.000000e+01 -4.500000e+00
    endloop
  endfacet
  facet normal -1.830618e-08 1.000000e+00 1.348555e-07
    outer loop
      vertex   4.050000e+01 4.000000e+01 -1.500000e+00
      vertex   1.840000e+01 4.000000e+01 -4.500000e+00
      vertex   1.840000e+01 4.000000e+01 1.500000e+00
    endloop
  endfacet
  facet normal -3.661235e-08 1.000000e+00 -1.916364e-23
    outer loop
      vertex   1.840000e+01 4.000000e+01 1.500000e+00
      vertex   4.050000e+01 4.000000e+01 1.500000e+00
      vertex   4.050000e+01 4.000000e+01 -1.500000e+00
    endloop
  endfacet
  facet normal -1.000000e+00 -0.000000e+00 0.000000e+00
    outer loop
      vertex   1.840000e+01 3.998296e+01 -4.629410e+00
      vertex   1.840000e+01 3.993301e+01 -4.750000e+00
      vertex   1.840000e+01 4.000000e+01 -4.500000e+00
    endloop
  endfacet
  facet normal -1.000000e+00 0.000000e+00 0.000000e+00
    outer loop
      vertex   1.840000e+01 4.000000e+01 -4.500000e+00
      vertex   1.840000e+01 3.993301e+01 -4.750000e+00
      vertex   1.840000e+01 3.985355e+01 -4.853553e+00
    endloop
  endfacet
  facet normal -1.000000e+00 0.000000e+00 0.000000e+00
    outer loop
      vertex   1.840000e+01 4.000000e+01 -4.500000e+00
      vertex   1.840000e+01 3.985355e+01 -4.853553e+00
      vertex   1.840000e+01 3.975000e+01 -4.933013e+00
    endloop
  endfacet
  facet normal -1.000000e+00 -0.000000e+00 0.000000e+00
    outer loop
      vertex   1.840000e+01 3.975000e+01 -4.933013e+00
      vertex   1.840000e+01 3.962941e+01 -4.982963e+00
      vertex   1.840000e+01 4.000000e+01 -4.500000e+00
    endloop
  endfacet
  facet normal -1.000000e+00 0.000000e+00 0.000000e+00
    outer loop
      vertex   1.840000e+01 4.000000e+01 -4.500000e+00
      vertex   1.840000e+01 3.962941e+01 -4.982963e+00
      vertex   1.840000e+01 3.950000e+01 -5.000000e+00
    endloop
  endfacet
  facet normal -1.000000e+00 -0.000000e+00 0.000000e+00
    outer loop
      vertex   1.840000e+01 4.000000e+01 -4.500000e+00
      vertex   1.840000e+01 3.950000e+01 -5.000000e+00
      vertex   1.840000e+01 3.850000e+01 -7.500009e-01
    endloop
  endfacet
  facet normal -1.000000e+00 0.000000e+00 0.000000e+00
    outer loop
      vertex   1.840000e+01 3.850000e+01 -7.500009e-01
      vertex   1.840000e+01 3.950000e+01 -5.000000e+00
      vertex   1.840000e+01 3.850000e+01 -4.999999e+00
    endloop
  endfacet
  facet normal -1.000000e+00 0.000000e+00 -0.000000e+00
    outer loop
      vertex   1.840000e+01 3.850000e+01 -7.500009e-01
      vertex   1.840000e+01 3.850000e+01 -4.999999e+00
      vertex   1.840000e+01 3.730000e+01 -3.799999e+00
    endloop
  endfacet
  facet normal -1.000000e+00 0.000000e+00 0.000000e+00
    outer loop
      vertex   1.840000e+01 3.730000e+01 -3.799999e+00
      vertex   1.840000e+01 3.730000e+01 -1.950001e+00
      vertex   1.840000e+01 3.850000e+01 -7.500009e-01
    endloop
  endfacet
  facet normal -1.000000e+00 0.000000e+00 0.000000e+00
    outer loop
      vertex   1.840000e+01 3.850000e+01 1.500000e+00
      vertex   1.840000e+01 4.000000e+01 1.500000e+00
      vertex   1.840000e+01 3.850000e+01 -7.500009e-01
    endloop
  endfacet
  facet normal -1.000000e+00 0.000000e+00 0.000000e+00
    outer loop
      vertex   1.840000e+01 3.850000e+01 -7.500009e-01
      vertex   1.840000e+01 4.000000e+01 1.500000e+00
      vertex   1.840000e+01 4.000000e+01 -4.500000e+00
    endloop
  endfacet
  facet normal 0.000000e+00 -9.914449e-01 -1.305262e-01
    outer loop
      vertex   1.840000e+01 1.703709e-02 -4.629410e+00
      vertex   2.096667e+01 1.703709e-02 -4.629410e+00
      vertex   1.840000e+01 0.000000e+00 -4.500000e+00
    endloop
  endfacet
  facet normal -2.332206e-19 -9.914449e-01 -1.305262e-01
    outer loop
      vertex   1.840000e+01 0.000000e+00 -4.500000e+00
      vertex   2.096667e+01 1.703709e-02 -4.629410e+00
      vertex   2.353333e+01 1.703709e-02 -4.629410e+00
    endloop
  endfacet
  facet normal -2.332206e-19 -9.914449e-01 -1.305262e-01
    outer loop
      vertex   1.840000e+01 0.000000e+00 -4.500000e+00
      vertex   2.353333e+01 1.703709e-02 -4.629410e+00
      vertex   2.610000e+01 1.703709e-02 -4.629410e+00
    endloop
  endfacet
  facet normal -0.000000e+00 -9.238795e-01 -3.826834e-01
    outer loop
      vertex   2.610000e+01 1.703709e-02 -4.629410e+00
      vertex   2.353333e+01 1.703709e-02 -4.629410e+00
      vertex   2.610000e+01 6.698730e-02 -4.750000e+00
    endloop
  endfacet
  facet normal -1.194425e-18 -9.238795e-01 -3.826834e-01
    outer loop
      vertex   2.610000e+01 1.703709e-02 -4.629410e+00
      vertex   2.610000e+01 6.698730e-02 -4.750000e+00
      vertex   2.866667e+01 6.698730e-02 -4.750000e+00
    endloop
  endfacet
  facet normal -0.000000e+00 -7.933533e-01 -6.087614e-01
    outer loop
      vertex   2.866667e+01 6.698730e-02 -4.750000e+00
      vertex   2.610000e+01 6.698730e-02 -4.750000e+00
      vertex   2.866667e+01 1.464466e-01 -4.853553e+00
    endloop
  endfacet
  facet normal -1.609084e-17 -7.933533e-01 -6.087614e-01
    outer loop
      vertex   2.866667e+01 6.698730e-02 -4.750000e+00
      vertex   2.866667e+01 1.464466e-01 -4.853553e+00
      vertex   3.123333e+01 1.464466e-01 -4.853553e+00
    endloop
  endfacet
  facet normal -1.316612e-17 -6.087614e-01 -7.933533e-01
    outer loop
      vertex   3.123333e+01 1.464466e-01 -4.853553e+00
      vertex   2.866667e+01 1.464466e-01 -4.853553e+00
      vertex   3.123333e+01 2.500000e-01 -4.933013e+00
    endloop
  endfacet
  facet normal 1.803029e-18 -6.087614e-01 -7.933533e-01
    outer loop
      vertex   3.123333e+01 1.464466e-01 -4.853553e+00
      vertex   3.123333e+01 2.500000e-01 -4.933013e+00
      vertex   3.380000e+01 2.500000e-01 -4.933013e+00
    endloop
  endfacet
  facet normal -0.000000e+00 -3.826834e-01 -9.238795e-01
    outer loop
      vertex   3.380000e+01 2.500000e-01 -4.933013e+00
      vertex   3.123333e+01 2.500000e-01 -4.933013e+00
      vertex   3.380000e+01 3.705905e-01 -4.982963e+00
    endloop
  endfacet
  facet normal -6.513284e-19 -3.826834e-01 -9.238795e-01
    outer loop
      vertex   3.380000e+01 2.500000e-01 -4.933013e+00
      vertex   3.380000e+01 3.705905e-01 -4.982963e+00
      vertex   3.636667e+01 3.705905e-01 -4.982963e+00
    endloop
  endfacet
  facet normal -0.000000e+00 -1.305262e-01 -9.914449e-01
    outer loop
      vertex   3.636667e+01 3.705905e-01 -4.982963e+00
      vertex   3.380000e+01 3.705905e-01 -4.982963e+00
      vertex   4.150000e+01 5.000000e-01 -5.000000e+00
    endloop
  endfacet
  facet normal 0.000000e+00 -1.305262e-01 -9.914449e-01
    outer loop
      vertex   3.636667e+01 3.705905e-01 -4.982963e+00
      vertex   4.150000e+01 5.000000e-01 -5.000000e+00
      vertex   3.893333e+01 3.705905e-01 -4.982963e+00
    endloop
  endfacet
  facet normal 0.000000e+00 -1.305262e-01 -9.914449e-01
    outer loop
      vertex   3.893333e+01 3.705905e-01 -4.982963e+00
      vertex   4.150000e+01 5.000000e-01 -5.000000e+00
      vertex   4.150000e+01 3.705905e-01 -4.982963e+00
    endloop
  endfacet
  facet normal 0.000000e+00 -3.826834e-01 -9.238795e-01
    outer loop
      vertex   3.893333e+01 3.705905e-01 -4.982963e+00
      vertex   4.150000e+01 3.705905e-01 -4.982963e+00
      vertex   3.893333e+01 2.500000e-01 -4.933013e+00
    endloop
  endfacet
  facet normal 2.482971e-17 -3.826834e-01 -9.238795e-01
    outer loop
      vertex   3.893333e+01 2.500000e-01 -4.933013e+00
      vertex   4.150000e+01 3.705905e-01 -4.982963e+00
      vertex   4.150000e+01 2.500000e-01 -4.933013e+00
    endloop
  endfacet
  facet normal 3.949837e-17 -6.087614e-01 -7.933533e-01
    outer loop
      vertex   3.893333e+01 2.500000e-01 -4.933013e+00
      vertex   4.150000e+01 2.500000e-01 -4.933013e+00
      vertex   3.893333e+01 1.464466e-01 -4.853553e+00
    endloop
  endfacet
  facet normal 3.291531e-17 -6.087614e-01 -7.933533e-01
    outer loop
      vertex   3.893333e+01 1.464466e-01 -4.853553e+00
      vertex   4.150000e+01 2.500000e-01 -4.933013e+00
      vertex   4.150000e+01 1.464466e-01 -4.853553e+00
    endloop
  endfacet
  facet normal 4.289606e-17 -7.933533e-01 -6.087614e-01
    outer loop
      vertex   3.893333e+01 1.464466e-01 -4.853553e+00
      vertex   4.150000e+01 1.464466e-01 -4.853553e+00
      vertex   3.893333e+01 6.698730e-02 -4.750000e+00
    endloop
  endfacet
  facet normal 0.000000e+00 -7.933533e-01 -6.087614e-01
    outer loop
      vertex   3.893333e+01 6.698730e-02 -4.750000e+00
      vertex   4.150000e+01 1.464466e-01 -4.853553e+00
      vertex   4.150000e+01 6.698730e-02 -4.750000e+00
    endloop
  endfacet
  facet normal 0.000000e+00 -9.238795e-01 -3.826834e-01
    outer loop
      vertex   3.893333e+01 6.698730e-02 -4.750000e+00
      vertex   4.150000e+01 6.698730e-02 -4.750000e+00
      vertex   3.893333e+01 1.703709e-02 -4.629410e+00
    endloop
  endfacet
  facet normal 4.995352e-17 -9.238795e-01 -3.826834e-01
    outer loop
      vertex   3.893333e+01 1.703709e-02 -4.629410e+00
      vertex   4.150000e+01 6.698730e-02 -4.750000e+00
      vertex   4.150000e+01 1.703709e-02 -4.629410e+00
    endloop
  endfacet
  facet normal 5.360673e-17 -9.914449e-01 -1.305262e-01
    outer loop
      vertex   3.893333e+01 1.703709e-02 -4.629410e+00
      vertex   4.150000e+01 1.703709e-02 -4.629410e+00
      vertex   4.150000e+01 0.000000e+00 -4.500000e+00
    endloop
  endfacet
  facet normal -0.000000e+00 -9.238795e-01 -3.826834e-01
    outer loop
      vertex   2.096667e+01 1.703709e-02 -4.629410e+00
      vertex   1.840000e+01 1.703709e-02 -4.629410e+00
      vertex   2.096667e+01 6.698730e-02 -4.750000e+00
    endloop
  endfacet
  facet normal -1.998141e-17 -9.238795e-01 -3.826834e-01
    outer loop
      vertex   2.096667e+01 6.698730e-02 -4.750000e+00
      vertex   1.840000e+01 1.703709e-02 -4.629410e+00
      vertex   1.840000e+01 6.698730e-02 -4.750000e+00
    endloop
  endfacet
  facet normal -1.715842e-17 -7.933533e-01 -6.087614e-01
    outer loop
      vertex   2.096667e+01 6.698730e-02 -4.750000e+00
      vertex   1.840000e+01 6.698730e-02 -4.750000e+00
      vertex   2.096667e+01 1.464466e-01 -4.853553e+00
    endloop
  endfacet
  facet normal 5.147527e-17 -7.933533e-01 -6.087614e-01
    outer loop
      vertex   2.096667e+01 1.464466e-01 -4.853553e+00
      vertex   1.840000e+01 6.698730e-02 -4.750000e+00
      vertex   1.840000e+01 1.464466e-01 -4.853553e+00
    endloop
  endfacet
  facet normal 3.949837e-17 -6.087614e-01 -7.933533e-01
    outer loop
      vertex   2.096667e+01 1.464466e-01 -4.853553e+00
      vertex   1.840000e+01 1.464466e-01 -4.853553e+00
      vertex   2.096667e+01 2.500000e-01 -4.933013e+00
    endloop
  endfacet
  facet normal -1.316612e-17 -6.087614e-01 -7.933533e-01
    outer loop
      vertex   2.096667e+01 2.500000e-01 -4.933013e+00
      vertex   1.840000e+01 1.464466e-01 -4.853553e+00
      vertex   1.840000e+01 2.500000e-01 -4.933013e+00
    endloop
  endfacet
  facet normal -8.276571e-18 -3.826834e-01 -9.238795e-01
    outer loop
      vertex   2.096667e+01 2.500000e-01 -4.933013e+00
      vertex   1.840000e+01 2.500000e-01 -4.933013e+00
      vertex   2.096667e+01 3.705905e-01 -4.982963e+00
    endloop
  endfacet
  facet normal 3.362557e-16 -3.826834e-01 -9.238795e-01
    outer loop
      vertex   2.096667e+01 3.705905e-01 -4.982963e+00
      vertex   1.840000e+01 2.500000e-01 -4.933013e+00
      vertex   1.840000e+01 3.705905e-01 -4.982963e+00
    endloop
  endfacet
  facet normal 3.487291e-16 -1.305262e-01 -9.914449e-01
    outer loop
      vertex   2.096667e+01 3.705905e-01 -4.982963e+00
      vertex   1.840000e+01 3.705905e-01 -4.982963e+00
      vertex   1.840000e+01 5.000000e-01 -5.000000e+00
    endloop
  endfacet
  facet normal -0.000000e+00 -1.305262e-01 -9.914449e-01
    outer loop
      vertex   4.150000e+01 5.000000e-01 -5.000000e+00
      vertex   2.866667e+01 3.705905e-01 -4.982963e+00
      vertex   1.840000e+01 5.000000e-01 -5.000000e+00
    endloop
  endfacet
  facet normal 3.123387e-19 -1.305262e-01 -9.914449e-01
    outer loop
      vertex   1.840000e+01 5.000000e-01 -5.000000e+00
      vertex   2.866667e+01 3.705905e-01 -4.982963e+00
      vertex   2.610000e+01 3.705905e-01 -4.982963e+00
    endloop
  endfacet
  facet normal 3.123387e-19 -1.305262e-01 -9.914449e-01
    outer loop
      vertex   1.840000e+01 5.000000e-01 -5.000000e+00
      vertex   2.610000e+01 3.705905e-01 -4.982963e+00
      vertex   2.353333e+01 3.705905e-01 -4.982963e+00
    endloop
  endfacet
  facet normal 0.000000e+00 -3.826834e-01 -9.238795e-01
    outer loop
      vertex   2.353333e+01 3.705905e-01 -4.982963e+00
      vertex   2.610000e+01 3.705905e-01 -4.982963e+00
      vertex   2.353333e+01 2.500000e-01 -4.933013e+00
    endloop
  endfacet
  facet normal -6.513284e-19 -3.826834e-01 -9.238795e-01
    outer loop
      vertex   2.353333e+01 3.705905e-01 -4.982963e+00
      vertex   2.353333e+01 2.500000e-01 -4.933013e+00
      vertex   2.096667e+01 2.500000e-01 -4.933013e+00
    endloop
  endfacet
  facet normal 0.000000e+00 -6.087614e-01 -7.933533e-01
    outer loop
      vertex   2.096667e+01 2.500000e-01 -4.933013e+00
      vertex   2.353333e+01 2.500000e-01 -4.933013e+00
      vertex   2.096667e+01 1.464466e-01 -4.853553e+00
    endloop
  endfacet
  facet normal 0.000000e+00 -9.914449e-01 -1.305262e-01
    outer loop
      vertex   1.840000e+01 0.000000e+00 -4.500000e+00
      vertex   3.123333e+01 1.703709e-02 -4.629410e+00
      vertex   4.150000e+01 0.000000e+00 -4.500000e+00
    endloop
  endfacet
  facet normal -2.332206e-19 -9.914449e-01 -1.305262e-01
    outer loop
      vertex   4.150000e+01 0.000000e+00 -4.500000e+00
      vertex   3.123333e+01 1.703709e-02 -4.629410e+00
      vertex   3.380000e+01 1.703709e-02 -4.629410e+00
    endloop
  endfacet
  facet normal -2.332206e-19 -9.914449e-01 -1.305262e-01
    outer loop
      vertex   4.150000e+01 0.000000e+00 -4.500000e+00
      vertex   3.380000e+01 1.703709e-02 -4.629410e+00
      vertex   3.636667e+01 1.703709e-02 -4.629410e+00
    endloop
  endfacet
  facet normal -0.000000e+00 -9.238795e-01 -3.826834e-01
    outer loop
      vertex   3.636667e+01 1.703709e-02 -4.629410e+00
      vertex   3.380000e+01 1.703709e-02 -4.629410e+00
      vertex   3.636667e+01 6.698730e-02 -4.750000e+00
    endloop
  endfacet
  facet normal 2.560894e-17 -9.238795e-01 -3.826834e-01
    outer loop
      vertex   3.636667e+01 1.703709e-02 -4.629410e+00
      vertex   3.636667e+01 6.698730e-02 -4.750000e+00
      vertex   3.893333e+01 6.698730e-02 -4.750000e+00
    endloop
  endfacet
  facet normal 2.144803e-17 -7.933533e-01 -6.087614e-01
    outer loop
      vertex   3.893333e+01 6.698730e-02 -4.750000e+00
      vertex   3.636667e+01 6.698730e-02 -4.750000e+00
      vertex   3.893333e+01 1.464466e-01 -4.853553e+00
    endloop
  endfacet
  facet normal -0.000000e+00 -9.238795e-01 -3.826834e-01
    outer loop
      vertex   2.353333e+01 1.703709e-02 -4.629410e+00
      vertex   2.096667e+01 1.703709e-02 -4.629410e+00
      vertex   2.353333e+01 6.698730e-02 -4.750000e+00
    endloop
  endfacet
  facet normal -0.000000e+00 -9.238795e-01 -3.826834e-01
    outer loop
      vertex   2.353333e+01 6.698730e-02 -4.750000e+00
      vertex   2.096667e+01 1.703709e-02 -4.629410e+00
      vertex   2.096667e+01 6.698730e-02 -4.750000e+00
    endloop
  endfacet
  facet normal -0.000000e+00 -7.933533e-01 -6.087614e-01
    outer loop
      vertex   2.353333e+01 6.698730e-02 -4.750000e+00
      vertex   2.096667e+01 6.698730e-02 -4.750000e+00
      vertex   2.353333e+01 1.464466e-01 -4.853553e+00
    endloop
  endfacet
  facet normal -1.715842e-17 -7.933533e-01 -6.087614e-01
    outer loop
      vertex   2.353333e+01 1.464466e-01 -4.853553e+00
      vertex   2.096667e+01 6.698730e-02 -4.750000e+00
      vertex   2.096667e+01 1.464466e-01 -4.853553e+00
    endloop
  endfacet
  facet normal -1.316612e-17 -6.087614e-01 -7.933533e-01
    outer loop
      vertex   2.353333e+01 1.464466e-01 -4.853553e+00
      vertex   2.096667e+01 1.464466e-01 -4.853553e+00
      vertex   2.353333e+01 2.500000e-01 -4.933013e+00
    endloop
  endfacet
  facet normal -0.000000e+00 -9.914449e-01 -1.305262e-01
    outer loop
      vertex   3.123333e+01 1.703709e-02 -4.629410e+00
      vertex   1.840000e+01 0.000000e+00 -4.500000e+00
      vertex   2.866667e+01 1.703709e-02 -4.629410e+00
    endloop
  endfacet
  facet normal -0.000000e+00 -9.914449e-01 -1.305262e-01
    outer loop
      vertex   2.866667e+01 1.703709e-02 -4.629410e+00
      vertex   1.840000e+01 0.000000e+00 -4.500000e+00
      vertex   2.610000e+01 1.703709e-02 -4.629410e+00
    endloop
  endfacet
  facet normal -0.000000e+00 -9.238795e-01 -3.826834e-01
    outer loop
      vertex   2.866667e+01 1.703709e-02 -4.629410e+00
      vertex   2.610000e+01 1.703709e-02 -4.629410e+00
      vertex   2.866667e+01 6.698730e-02 -4.750000e+00
    endloop
  endfacet
  facet normal -0.000000e+00 -9.238795e-01 -3.826834e-01
    outer loop
      vertex   3.123333e+01 1.703709e-02 -4.629410e+00
      vertex   2.866667e+01 1.703709e-02 -4.629410e+00
      vertex   3.123333e+01 6.698730e-02 -4.750000e+00
    endloop
  endfacet
  facet normal -0.000000e+00 -9.238795e-01 -3.826834e-01
    outer loop
      vertex   3.123333e+01 6.698730e-02 -4.750000e+00
      vertex   2.866667e+01 1.703709e-02 -4.629410e+00
      vertex   2.866667e+01 6.698730e-02 -4.750000e+00
    endloop
  endfacet
  facet normal -0.000000e+00 -7.933533e-01 -6.087614e-01
    outer loop
      vertex   3.123333e+01 6.698730e-02 -4.750000e+00
      vertex   2.866667e+01 6.698730e-02 -4.750000e+00
      vertex   3.123333e+01 1.464466e-01 -4.853553e+00
    endloop
  endfacet
  facet normal -0.000000e+00 -9.914449e-01 -1.305262e-01
    outer loop
      vertex   3.893333e+01 1.703709e-02 -4.629410e+00
      vertex   4.150000e+01 0.000000e+00 -4.500000e+00
      vertex   3.636667e+01 1.703709e-02 -4.629410e+00
    endloop
  endfacet
  facet normal -0.000000e+00 -9.238795e-01 -3.826834e-01
    outer loop
      vertex   3.380000e+01 1.703709e-02 -4.629410e+00
      vertex   3.123333e+01 1.703709e-02 -4.629410e+00
      vertex   3.380000e+01 6.698730e-02 -4.750000e+00
    endloop
  endfacet
  facet normal -0.000000e+00 -9.238795e-01 -3.826834e-01
    outer loop
      vertex   3.380000e+01 6.698730e-02 -4.750000e+00
      vertex   3.123333e+01 1.703709e-02 -4.629410e+00
      vertex   3.123333e+01 6.698730e-02 -4.750000e+00
    endloop
  endfacet
  facet normal -0.000000e+00 -7.933533e-01 -6.087614e-01
    outer loop
      vertex   3.380000e+01 6.698730e-02 -4.750000e+00
      vertex   3.123333e+01 6.698730e-02 -4.750000e+00
      vertex   3.380000e+01 1.464466e-01 -4.853553e+00
    endloop
  endfacet
  facet normal -0.000000e+00 -7.933533e-01 -6.087614e-01
    outer loop
      vertex   3.380000e+01 1.464466e-01 -4.853553e+00
      vertex   3.123333e+01 6.698730e-02 -4.750000e+00
      vertex   3.123333e+01 1.464466e-01 -4.853553e+00
    endloop
  endfacet
  facet normal -0.000000e+00 -6.087614e-01 -7.933533e-01
    outer loop
      vertex   3.380000e+01 1.464466e-01 -4.853553e+00
      vertex   3.123333e+01 1.464466e-01 -4.853553e+00
      vertex   3.380000e+01 2.500000e-01 -4.933013e+00
    endloop
  endfacet
  facet normal 6.321799e-19 -9.238795e-01 -3.826834e-01
    outer loop
      vertex   3.893333e+01 6.698730e-02 -4.750000e+00
      vertex   3.893333e+01 1.703709e-02 -4.629410e+00
      vertex   3.636667e+01 1.703709e-02 -4.629410e+00
    endloop
  endfacet
  facet normal 2.378234e-17 -9.238795e-01 -3.826834e-01
    outer loop
      vertex   2.353333e+01 1.703709e-02 -4.629410e+00
      vertex   2.353333e+01 6.698730e-02 -4.750000e+00
      vertex   2.610000e+01 6.698730e-02 -4.750000e+00
    endloop
  endfacet
  facet normal 2.144803e-17 -7.933533e-01 -6.087614e-01
    outer loop
      vertex   2.610000e+01 6.698730e-02 -4.750000e+00
      vertex   2.353333e+01 6.698730e-02 -4.750000e+00
      vertex   2.610000e+01 1.464466e-01 -4.853553e+00
    endloop
  endfacet
  facet normal -5.567987e-19 -7.933533e-01 -6.087614e-01
    outer loop
      vertex   2.610000e+01 6.698730e-02 -4.750000e+00
      vertex   2.610000e+01 1.464466e-01 -4.853553e+00
      vertex   2.866667e+01 1.464466e-01 -4.853553e+00
    endloop
  endfacet
  facet normal -0.000000e+00 -6.087614e-01 -7.933533e-01
    outer loop
      vertex   2.866667e+01 1.464466e-01 -4.853553e+00
      vertex   2.610000e+01 1.464466e-01 -4.853553e+00
      vertex   2.866667e+01 2.500000e-01 -4.933013e+00
    endloop
  endfacet
  facet normal -5.648871e-19 -6.087614e-01 -7.933533e-01
    outer loop
      vertex   2.866667e+01 1.464466e-01 -4.853553e+00
      vertex   2.866667e+01 2.500000e-01 -4.933013e+00
      vertex   3.123333e+01 2.500000e-01 -4.933013e+00
    endloop
  endfacet
  facet normal -0.000000e+00 -3.826834e-01 -9.238795e-01
    outer loop
      vertex   3.123333e+01 2.500000e-01 -4.933013e+00
      vertex   2.866667e+01 2.500000e-01 -4.933013e+00
      vertex   3.123333e+01 3.705905e-01 -4.982963e+00
    endloop
  endfacet
  facet normal -6.513284e-19 -3.826834e-01 -9.238795e-01
    outer loop
      vertex   3.123333e+01 2.500000e-01 -4.933013e+00
      vertex   3.123333e+01 3.705905e-01 -4.982963e+00
      vertex   3.380000e+01 3.705905e-01 -4.982963e+00
    endloop
  endfacet
  facet normal -0.000000e+00 -1.305262e-01 -9.914449e-01
    outer loop
      vertex   3.380000e+01 3.705905e-01 -4.982963e+00
      vertex   3.123333e+01 3.705905e-01 -4.982963e+00
      vertex   4.150000e+01 5.000000e-01 -5.000000e+00
    endloop
  endfacet
  facet normal -0.000000e+00 -7.933533e-01 -6.087614e-01
    outer loop
      vertex   2.610000e+01 1.464466e-01 -4.853553e+00
      vertex   2.353333e+01 6.698730e-02 -4.750000e+00
      vertex   2.353333e+01 1.464466e-01 -4.853553e+00
    endloop
  endfacet
  facet normal 2.469564e-17 -9.238795e-01 -3.826834e-01
    outer loop
      vertex   3.380000e+01 1.703709e-02 -4.629410e+00
      vertex   3.380000e+01 6.698730e-02 -4.750000e+00
      vertex   3.636667e+01 6.698730e-02 -4.750000e+00
    endloop
  endfacet
  facet normal 2.144803e-17 -7.933533e-01 -6.087614e-01
    outer loop
      vertex   3.636667e+01 6.698730e-02 -4.750000e+00
      vertex   3.380000e+01 6.698730e-02 -4.750000e+00
      vertex   3.636667e+01 1.464466e-01 -4.853553e+00
    endloop
  endfacet
  facet normal -2.408650e-17 -7.933533e-01 -6.087614e-01
    outer loop
      vertex   3.636667e+01 6.698730e-02 -4.750000e+00
      vertex   3.636667e+01 1.464466e-01 -4.853553e+00
      vertex   3.893333e+01 1.464466e-01 -4.853553e+00
    endloop
  endfacet
  facet normal -1.974918e-17 -6.087614e-01 -7.933533e-01
    outer loop
      vertex   3.893333e+01 1.464466e-01 -4.853553e+00
      vertex   3.636667e+01 1.464466e-01 -4.853553e+00
      vertex   3.893333e+01 2.500000e-01 -4.933013e+00
    endloop
  endfacet
  facet normal -0.000000e+00 -7.933533e-01 -6.087614e-01
    outer loop
      vertex   3.636667e+01 1.464466e-01 -4.853553e+00
      vertex   3.380000e+01 6.698730e-02 -4.750000e+00
      vertex   3.380000e+01 1.464466e-01 -4.853553e+00
    endloop
  endfacet
  facet normal -0.000000e+00 -6.087614e-01 -7.933533e-01
    outer loop
      vertex   2.610000e+01 1.464466e-01 -4.853553e+00
      vertex   2.353333e+01 1.464466e-01 -4.853553e+00
      vertex   2.610000e+01 2.500000e-01 -4.933013e+00
    endloop
  endfacet
  facet normal -0.000000e+00 -6.087614e-01 -7.933533e-01
    outer loop
      vertex   2.610000e+01 2.500000e-01 -4.933013e+00
      vertex   2.353333e+01 1.464466e-01 -4.853553e+00
      vertex   2.353333e+01 2.500000e-01 -4.933013e+00
    endloop
  endfacet
  facet normal -0.000000e+00 -3.826834e-01 -9.238795e-01
    outer loop
      vertex   2.610000e+01 2.500000e-01 -4.933013e+00
      vertex   2.353333e+01 2.500000e-01 -4.933013e+00
      vertex   2.610000e+01 3.705905e-01 -4.982963e+00
    endloop
  endfacet
  facet normal -0.000000e+00 -6.087614e-01 -7.933533e-01
    outer loop
      vertex   3.636667e+01 1.464466e-01 -4.853553e+00
      vertex   3.380000e+01 1.464466e-01 -4.853553e+00
      vertex   3.636667e+01 2.500000e-01 -4.933013e+00
    endloop
  endfacet
  facet normal 1.316612e-17 -6.087614e-01 -7.933533e-01
    outer loop
      vertex   3.636667e+01 2.500000e-01 -4.933013e+00
      vertex   3.380000e+01 1.464466e-01 -4.853553e+00
      vertex   3.380000e+01 2.500000e-01 -4.933013e+00
    endloop
  endfacet
  facet normal 8.276571e-18 -3.826834e-01 -9.238795e-01
    outer loop
      vertex   3.636667e+01 2.500000e-01 -4.933013e+00
      vertex   3.380000e+01 2.500000e-01 -4.933013e+00
      vertex   3.636667e+01 3.705905e-01 -4.982963e+00
    endloop
  endfacet
  facet normal -0.000000e+00 -3.826834e-01 -9.238795e-01
    outer loop
      vertex   2.353333e+01 3.705905e-01 -4.982963e+00
      vertex   2.096667e+01 2.500000e-01 -4.933013e+00
      vertex   2.096667e+01 3.705905e-01 -4.982963e+00
    endloop
  endfacet
  facet normal -5.648871e-19 -6.087614e-01 -7.933533e-01
    outer loop
      vertex   2.610000e+01 1.464466e-01 -4.853553e+00
      vertex   2.610000e+01 2.500000e-01 -4.933013e+00
      vertex   2.866667e+01 2.500000e-01 -4.933013e+00
    endloop
  endfacet
  facet normal -0.000000e+00 -3.826834e-01 -9.238795e-01
    outer loop
      vertex   2.866667e+01 2.500000e-01 -4.933013e+00
      vertex   2.610000e+01 2.500000e-01 -4.933013e+00
      vertex   2.866667e+01 3.705905e-01 -4.982963e+00
    endloop
  endfacet
  facet normal -6.513284e-19 -3.826834e-01 -9.238795e-01
    outer loop
      vertex   2.866667e+01 2.500000e-01 -4.933013e+00
      vertex   2.866667e+01 3.705905e-01 -4.982963e+00
      vertex   3.123333e+01 3.705905e-01 -4.982963e+00
    endloop
  endfacet
  facet normal -0.000000e+00 -1.305262e-01 -9.914449e-01
    outer loop
      vertex   3.123333e+01 3.705905e-01 -4.982963e+00
      vertex   2.866667e+01 3.705905e-01 -4.982963e+00
      vertex   4.150000e+01 5.000000e-01 -5.000000e+00
    endloop
  endfacet
  facet normal -0.000000e+00 -3.826834e-01 -9.238795e-01
    outer loop
      vertex   2.866667e+01 3.705905e-01 -4.982963e+00
      vertex   2.610000e+01 2.500000e-01 -4.933013e+00
      vertex   2.610000e+01 3.705905e-01 -4.982963e+00
    endloop
  endfacet
  facet normal -1.417769e-19 -3.826834e-01 -9.238795e-01
    outer loop
      vertex   3.893333e+01 3.705905e-01 -4.982963e+00
      vertex   3.893333e+01 2.500000e-01 -4.933013e+00
      vertex   3.636667e+01 2.500000e-01 -4.933013e+00
    endloop
  endfacet
  facet normal 0.000000e+00 -6.087614e-01 -7.933533e-01
    outer loop
      vertex   3.636667e+01 2.500000e-01 -4.933013e+00
      vertex   3.893333e+01 2.500000e-01 -4.933013e+00
      vertex   3.636667e+01 1.464466e-01 -4.853553e+00
    endloop
  endfacet
  facet normal -0.000000e+00 -3.826834e-01 -9.238795e-01
    outer loop
      vertex   3.893333e+01 3.705905e-01 -4.982963e+00
      vertex   3.636667e+01 2.500000e-01 -4.933013e+00
      vertex   3.636667e+01 3.705905e-01 -4.982963e+00
    endloop
  endfacet
  facet normal 3.123387e-19 -1.305262e-01 -9.914449e-01
    outer loop
      vertex   1.840000e+01 5.000000e-01 -5.000000e+00
      vertex   2.353333e+01 3.705905e-01 -4.982963e+00
      vertex   2.096667e+01 3.705905e-01 -4.982963e+00
    endloop
  endfacet
  facet normal 1.303668e-01 -9.902339e-01 -4.940940e-02
    outer loop
      vertex   4.162941e+01 1.703709e-02 -4.500000e+00
      vertex   4.150000e+01 0.000000e+00 -4.500000e+00
      vertex   4.157696e+01 1.476550e-02 -4.592872e+00
    endloop
  endfacet
  facet normal 3.268886e-02 -9.909150e-01 -1.304564e-01
    outer loop
      vertex   4.157696e+01 1.476550e-02 -4.592872e+00
      vertex   4.150000e+01 0.000000e+00 -4.500000e+00
      vertex   4.150000e+01 1.703709e-02 -4.629410e+00
    endloop
  endfacet
  facet normal 1.223638e-01 -9.407634e-01 -3.162140e-01
    outer loop
      vertex   4.157696e+01 1.476550e-02 -4.592872e+00
      vertex   4.150000e+01 1.703709e-02 -4.629410e+00
      vertex   4.161012e+01 5.484106e-02 -4.699268e+00
    endloop
  endfacet
  facet normal 7.419375e-02 -9.213332e-01 -3.816287e-01
    outer loop
      vertex   4.161012e+01 5.484106e-02 -4.699268e+00
      vertex   4.150000e+01 1.703709e-02 -4.629410e+00
      vertex   4.150000e+01 6.698730e-02 -4.750000e+00
    endloop
  endfacet
  facet normal 1.475718e-01 -8.403810e-01 -5.215192e-01
    outer loop
      vertex   4.161012e+01 5.484106e-02 -4.699268e+00
      vertex   4.150000e+01 6.698730e-02 -4.750000e+00
      vertex   4.162724e+01 1.187888e-01 -4.797468e+00
    endloop
  endfacet
  facet normal 9.544300e-02 -7.897316e-01 -6.059824e-01
    outer loop
      vertex   4.162724e+01 1.187888e-01 -4.797468e+00
      vertex   4.150000e+01 6.698730e-02 -4.750000e+00
      vertex   4.150000e+01 1.464466e-01 -4.853553e+00
    endloop
  endfacet
  facet normal 1.560404e-01 -6.984452e-01 -6.984452e-01
    outer loop
      vertex   4.162724e+01 1.187888e-01 -4.797468e+00
      vertex   4.150000e+01 1.464466e-01 -4.853553e+00
      vertex   4.162724e+01 2.025319e-01 -4.881211e+00
    endloop
  endfacet
  facet normal 9.544300e-02 -6.059824e-01 -7.897316e-01
    outer loop
      vertex   4.162724e+01 2.025319e-01 -4.881211e+00
      vertex   4.150000e+01 1.464466e-01 -4.853553e+00
      vertex   4.150000e+01 2.500000e-01 -4.933013e+00
    endloop
  endfacet
  facet normal 1.475718e-01 -5.215192e-01 -8.403810e-01
    outer loop
      vertex   4.162724e+01 2.025319e-01 -4.881211e+00
      vertex   4.150000e+01 2.500000e-01 -4.933013e+00
      vertex   4.161012e+01 3.007318e-01 -4.945159e+00
    endloop
  endfacet
  facet normal 7.419375e-02 -3.816287e-01 -9.213332e-01
    outer loop
      vertex   4.161012e+01 3.007318e-01 -4.945159e+00
      vertex   4.150000e+01 2.500000e-01 -4.933013e+00
      vertex   4.150000e+01 3.705905e-01 -4.982963e+00
    endloop
  endfacet
  facet normal 1.223638e-01 -3.162140e-01 -9.407634e-01
    outer loop
      vertex   4.161012e+01 3.007318e-01 -4.945159e+00
      vertex   4.150000e+01 3.705905e-01 -4.982963e+00
      vertex   4.157696e+01 4.071281e-01 -4.985234e+00
    endloop
  endfacet
  facet normal 3.268886e-02 -1.304564e-01 -9.909150e-01
    outer loop
      vertex   4.157696e+01 4.071281e-01 -4.985234e+00
      vertex   4.150000e+01 3.705905e-01 -4.982963e+00
      vertex   4.150000e+01 5.000000e-01 -5.000000e+00
    endloop
  endfacet
  facet normal 1.303668e-01 -4.940940e-02 -9.902339e-01
    outer loop
      vertex   4.157696e+01 4.071281e-01 -4.985234e+00
      vertex   4.150000e+01 5.000000e-01 -5.000000e+00
      vertex   4.162941e+01 5.000000e-01 -4.982963e+00
    endloop
  endfacet
  facet normal 2.711922e-01 -1.298391e-01 -9.537278e-01
    outer loop
      vertex   4.157696e+01 4.071281e-01 -4.985234e+00
      vertex   4.162941e+01 5.000000e-01 -4.982963e+00
      vertex   4.169432e+01 4.577350e-01 -4.958751e+00
    endloop
  endfacet
  facet normal 3.820305e-01 5.839280e-02 -9.223031e-01
    outer loop
      vertex   4.169432e+01 4.577350e-01 -4.958751e+00
      vertex   4.162941e+01 5.000000e-01 -4.982963e+00
      vertex   4.175000e+01 5.000000e-01 -4.933013e+00
    endloop
  endfacet
  facet normal 5.110938e-01 -1.588805e-01 -8.447130e-01
    outer loop
      vertex   4.169432e+01 4.577350e-01 -4.958751e+00
      vertex   4.175000e+01 5.000000e-01 -4.933013e+00
      vertex   4.172952e+01 3.447972e-01 -4.916212e+00
    endloop
  endfacet
  facet normal 5.407082e-01 -1.607312e-01 -8.257119e-01
    outer loop
      vertex   4.172952e+01 3.447972e-01 -4.916212e+00
      vertex   4.175000e+01 5.000000e-01 -4.933013e+00
      vertex   4.183328e+01 3.994393e-01 -4.858900e+00
    endloop
  endfacet
  facet normal 5.901245e-01 -3.657544e-01 -7.197061e-01
    outer loop
      vertex   4.172952e+01 3.447972e-01 -4.916212e+00
      vertex   4.183328e+01 3.994393e-01 -4.858900e+00
      vertex   4.174770e+01 2.405597e-01 -4.848332e+00
    endloop
  endfacet
  facet normal 5.901245e-01 -3.657544e-01 -7.197061e-01
    outer loop
      vertex   4.174770e+01 2.405597e-01 -4.848332e+00
      vertex   4.183328e+01 3.994393e-01 -4.858900e+00
      vertex   4.185128e+01 2.962678e-01 -4.791715e+00
    endloop
  endfacet
  facet normal 6.085140e-01 -5.611197e-01 -5.611197e-01
    outer loop
      vertex   4.174770e+01 2.405597e-01 -4.848332e+00
      vertex   4.185128e+01 2.962678e-01 -4.791715e+00
      vertex   4.174770e+01 1.516677e-01 -4.759440e+00
    endloop
  endfacet
  facet normal 6.085140e-01 -5.611197e-01 -5.611197e-01
    outer loop
      vertex   4.174770e+01 1.516677e-01 -4.759440e+00
      vertex   4.185128e+01 2.962678e-01 -4.791715e+00
      vertex   4.185128e+01 2.082850e-01 -4.703732e+00
    endloop
  endfacet
  facet normal 5.901245e-01 -7.197061e-01 -3.657544e-01
    outer loop
      vertex   4.174770e+01 1.516677e-01 -4.759440e+00
      vertex   4.185128e+01 2.082850e-01 -4.703732e+00
      vertex   4.172952e+01 8.378832e-02 -4.655203e+00
    endloop
  endfacet
  facet normal 5.901245e-01 -7.197061e-01 -3.657544e-01
    outer loop
      vertex   4.172952e+01 8.378832e-02 -4.655203e+00
      vertex   4.185128e+01 2.082850e-01 -4.703732e+00
      vertex   4.183328e+01 1.410997e-01 -4.600561e+00
    endloop
  endfacet
  facet normal 5.407082e-01 -8.257119e-01 -1.607312e-01
    outer loop
      vertex   4.172952e+01 8.378832e-02 -4.655203e+00
      vertex   4.183328e+01 1.410997e-01 -4.600561e+00
      vertex   4.175000e+01 6.698730e-02 -4.500000e+00
    endloop
  endfacet
  facet normal 6.067974e-01 -7.907938e-01 -8.026201e-02
    outer loop
      vertex   4.175000e+01 6.698730e-02 -4.500000e+00
      vertex   4.183328e+01 1.410997e-01 -4.600561e+00
      vertex   4.185355e+01 1.464466e-01 -4.500000e+00
    endloop
  endfacet
  facet normal 7.476569e-01 -6.538873e-01 -1.159338e-01
    outer loop
      vertex   4.185355e+01 1.464466e-01 -4.500000e+00
      vertex   4.183328e+01 1.410997e-01 -4.600561e+00
      vertex   4.191433e+01 2.228696e-01 -4.539065e+00
    endloop
  endfacet
  facet normal 7.926058e-01 -6.081878e-01 4.340169e-02
    outer loop
      vertex   4.185355e+01 1.464466e-01 -4.500000e+00
      vertex   4.191433e+01 2.228696e-01 -4.539065e+00
      vertex   4.193301e+01 2.500000e-01 -4.500000e+00
    endloop
  endfacet
  facet normal 8.925984e-01 -4.328324e-01 -1.261909e-01
    outer loop
      vertex   4.193301e+01 2.500000e-01 -4.500000e+00
      vertex   4.191433e+01 2.228696e-01 -4.539065e+00
      vertex   4.193091e+01 2.847821e-01 -4.634140e+00
    endloop
  endfacet
  facet normal 9.091026e-01 -3.995626e-01 -1.178222e-01
    outer loop
      vertex   4.193301e+01 2.500000e-01 -4.500000e+00
      vertex   4.193091e+01 2.847821e-01 -4.634140e+00
      vertex   4.198119e+01 3.759459e-01 -4.555406e+00
    endloop
  endfacet
  facet normal 9.224889e-01 -2.729599e-01 -2.729599e-01
    outer loop
      vertex   4.198119e+01 3.759459e-01 -4.555406e+00
      vertex   4.193091e+01 2.847821e-01 -4.634140e+00
      vertex   4.198119e+01 4.445936e-01 -4.624054e+00
    endloop
  endfacet
  facet normal 9.891881e-01 -1.036987e-01 -1.036987e-01
    outer loop
      vertex   4.198119e+01 3.759459e-01 -4.555406e+00
      vertex   4.198119e+01 4.445936e-01 -4.624054e+00
      vertex   4.200000e+01 5.000000e-01 -4.500000e+00
    endloop
  endfacet
  facet normal 9.904691e-01 -4.435481e-02 -1.303977e-01
    outer loop
      vertex   4.200000e+01 5.000000e-01 -4.500000e+00
      vertex   4.198119e+01 4.445936e-01 -4.624054e+00
      vertex   4.198296e+01 5.000000e-01 -4.629410e+00
    endloop
  endfacet
  facet normal 9.218370e-01 -6.645835e-02 -3.818374e-01
    outer loop
      vertex   4.198296e+01 5.000000e-01 -4.629410e+00
      vertex   4.198119e+01 4.445936e-01 -4.624054e+00
      vertex   4.193301e+01 5.000000e-01 -4.750000e+00
    endloop
  endfacet
  facet normal 9.091026e-01 -1.178222e-01 -3.995626e-01
    outer loop
      vertex   4.193301e+01 5.000000e-01 -4.750000e+00
      vertex   4.198119e+01 4.445936e-01 -4.624054e+00
      vertex   4.193091e+01 3.658600e-01 -4.715218e+00
    endloop
  endfacet
  facet normal 8.925984e-01 -1.261909e-01 -4.328324e-01
    outer loop
      vertex   4.193301e+01 5.000000e-01 -4.750000e+00
      vertex   4.193091e+01 3.658600e-01 -4.715218e+00
      vertex   4.191433e+01 4.609346e-01 -4.777130e+00
    endloop
  endfacet
  facet normal 7.743828e-01 -2.448663e-01 -5.834139e-01
    outer loop
      vertex   4.191433e+01 4.609346e-01 -4.777130e+00
      vertex   4.193091e+01 3.658600e-01 -4.715218e+00
      vertex   4.185128e+01 2.962678e-01 -4.791715e+00
    endloop
  endfacet
  facet normal 7.743828e-01 -2.448663e-01 -5.834139e-01
    outer loop
      vertex   4.191433e+01 4.609346e-01 -4.777130e+00
      vertex   4.185128e+01 2.962678e-01 -4.791715e+00
      vertex   4.183328e+01 3.994393e-01 -4.858900e+00
    endloop
  endfacet
  facet normal 6.067974e-01 -8.026201e-02 -7.907938e-01
    outer loop
      vertex   4.175000e+01 5.000000e-01 -4.933013e+00
      vertex   4.185355e+01 5.000000e-01 -4.853553e+00
      vertex   4.183328e+01 3.994393e-01 -4.858900e+00
    endloop
  endfacet
  facet normal 7.476569e-01 -1.159338e-01 -6.538873e-01
    outer loop
      vertex   4.183328e+01 3.994393e-01 -4.858900e+00
      vertex   4.185355e+01 5.000000e-01 -4.853553e+00
      vertex   4.191433e+01 4.609346e-01 -4.777130e+00
    endloop
  endfacet
  facet normal 7.926058e-01 4.340169e-02 -6.081878e-01
    outer loop
      vertex   4.185355e+01 5.000000e-01 -4.853553e+00
      vertex   4.193301e+01 5.000000e-01 -4.750000e+00
      vertex   4.191433e+01 4.609346e-01 -4.777130e+00
    endloop
  endfacet
  facet normal 9.904691e-01 -1.303977e-01 -4.435481e-02
    outer loop
      vertex   4.200000e+01 5.000000e-01 -4.500000e+00
      vertex   4.198296e+01 3.705905e-01 -4.500000e+00
      vertex   4.198119e+01 3.759459e-01 -4.555406e+00
    endloop
  endfacet
  facet normal 9.218370e-01 -3.818374e-01 -6.645835e-02
    outer loop
      vertex   4.198119e+01 3.759459e-01 -4.555406e+00
      vertex   4.198296e+01 3.705905e-01 -4.500000e+00
      vertex   4.193301e+01 2.500000e-01 -4.500000e+00
    endloop
  endfacet
  facet normal 5.110938e-01 -8.447130e-01 -1.588805e-01
    outer loop
      vertex   4.172952e+01 8.378832e-02 -4.655203e+00
      vertex   4.175000e+01 6.698730e-02 -4.500000e+00
      vertex   4.169432e+01 4.124879e-02 -4.542265e+00
    endloop
  endfacet
  facet normal 3.820305e-01 -9.223031e-01 5.839280e-02
    outer loop
      vertex   4.169432e+01 4.124879e-02 -4.542265e+00
      vertex   4.175000e+01 6.698730e-02 -4.500000e+00
      vertex   4.162941e+01 1.703709e-02 -4.500000e+00
    endloop
  endfacet
  facet normal 2.711922e-01 -9.537278e-01 -1.298391e-01
    outer loop
      vertex   4.169432e+01 4.124879e-02 -4.542265e+00
      vertex   4.162941e+01 1.703709e-02 -4.500000e+00
      vertex   4.157696e+01 1.476550e-02 -4.592872e+00
    endloop
  endfacet
  facet normal 3.135991e-01 -9.167181e-01 -2.475550e-01
    outer loop
      vertex   4.172952e+01 8.378832e-02 -4.655203e+00
      vertex   4.169432e+01 4.124879e-02 -4.542265e+00
      vertex   4.157696e+01 1.476550e-02 -4.592872e+00
    endloop
  endfacet
  facet normal 3.663208e-01 -8.076571e-01 -4.620595e-01
    outer loop
      vertex   4.174770e+01 1.516677e-01 -4.759440e+00
      vertex   4.172952e+01 8.378832e-02 -4.655203e+00
      vertex   4.161012e+01 5.484106e-02 -4.699268e+00
    endloop
  endfacet
  facet normal 3.135991e-01 -9.167181e-01 -2.475550e-01
    outer loop
      vertex   4.161012e+01 5.484106e-02 -4.699268e+00
      vertex   4.172952e+01 8.378832e-02 -4.655203e+00
      vertex   4.157696e+01 1.476550e-02 -4.592872e+00
    endloop
  endfacet
  facet normal 7.743828e-01 -5.834139e-01 -2.448663e-01
    outer loop
      vertex   4.193091e+01 2.847821e-01 -4.634140e+00
      vertex   4.191433e+01 2.228696e-01 -4.539065e+00
      vertex   4.183328e+01 1.410997e-01 -4.600561e+00
    endloop
  endfacet
  facet normal 7.743828e-01 -5.834139e-01 -2.448663e-01
    outer loop
      vertex   4.193091e+01 2.847821e-01 -4.634140e+00
      vertex   4.183328e+01 1.410997e-01 -4.600561e+00
      vertex   4.185128e+01 2.082850e-01 -4.703732e+00
    endloop
  endfacet
  facet normal 3.842763e-01 -6.528138e-01 -6.528138e-01
    outer loop
      vertex   4.174770e+01 2.405597e-01 -4.848332e+00
      vertex   4.174770e+01 1.516677e-01 -4.759440e+00
      vertex   4.162724e+01 1.187888e-01 -4.797468e+00
    endloop
  endfacet
  facet normal 3.663208e-01 -8.076571e-01 -4.620595e-01
    outer loop
      vertex   4.162724e+01 1.187888e-01 -4.797468e+00
      vertex   4.174770e+01 1.516677e-01 -4.759440e+00
      vertex   4.161012e+01 5.484106e-02 -4.699268e+00
    endloop
  endfacet
  facet normal 7.919720e-01 -4.317293e-01 -4.317293e-01
    outer loop
      vertex   4.185128e+01 2.962678e-01 -4.791715e+00
      vertex   4.193091e+01 3.658600e-01 -4.715218e+00
      vertex   4.185128e+01 2.082850e-01 -4.703732e+00
    endloop
  endfacet
  facet normal 7.919720e-01 -4.317293e-01 -4.317293e-01
    outer loop
      vertex   4.185128e+01 2.082850e-01 -4.703732e+00
      vertex   4.193091e+01 3.658600e-01 -4.715218e+00
      vertex   4.193091e+01 2.847821e-01 -4.634140e+00
    endloop
  endfacet
  facet normal 9.224889e-01 -2.729599e-01 -2.729599e-01
    outer loop
      vertex   4.193091e+01 3.658600e-01 -4.715218e+00
      vertex   4.198119e+01 4.445936e-01 -4.624054e+00
      vertex   4.193091e+01 2.847821e-01 -4.634140e+00
    endloop
  endfacet
  facet normal 3.663208e-01 -4.620595e-01 -8.076571e-01
    outer loop
      vertex   4.172952e+01 3.447972e-01 -4.916212e+00
      vertex   4.174770e+01 2.405597e-01 -4.848332e+00
      vertex   4.162724e+01 2.025319e-01 -4.881211e+00
    endloop
  endfacet
  facet normal 3.842763e-01 -6.528138e-01 -6.528138e-01
    outer loop
      vertex   4.162724e+01 2.025319e-01 -4.881211e+00
      vertex   4.174770e+01 2.405597e-01 -4.848332e+00
      vertex   4.162724e+01 1.187888e-01 -4.797468e+00
    endloop
  endfacet
  facet normal 3.135991e-01 -2.475550e-01 -9.167181e-01
    outer loop
      vertex   4.169432e+01 4.577350e-01 -4.958751e+00
      vertex   4.172952e+01 3.447972e-01 -4.916212e+00
      vertex   4.161012e+01 3.007318e-01 -4.945159e+00
    endloop
  endfacet
  facet normal 3.663208e-01 -4.620595e-01 -8.076571e-01
    outer loop
      vertex   4.161012e+01 3.007318e-01 -4.945159e+00
      vertex   4.172952e+01 3.447972e-01 -4.916212e+00
      vertex   4.162724e+01 2.025319e-01 -4.881211e+00
    endloop
  endfacet
  facet normal 3.135991e-01 -2.475550e-01 -9.167181e-01
    outer loop
      vertex   4.157696e+01 4.071281e-01 -4.985234e+00
      vertex   4.169432e+01 4.577350e-01 -4.958751e+00
      vertex   4.161012e+01 3.007318e-01 -4.945159e+00
    endloop
  endfacet
  facet normal 0.000000e+00 0.000000e+00 -1.000000e+00
    outer loop
      vertex   1.840000e+01 5.000000e-01 -5.000000e+00
      vertex   1.840000e+01 1.500000e+00 -5.000000e+00
      vertex   4.150000e+01 5.000000e-01 -5.000000e+00
    endloop
  endfacet
  facet normal 0.000000e+00 0.000000e+00 -1.000000e+00
    outer loop
      vertex   4.150000e+01 5.000000e-01 -5.000000e+00
      vertex   1.840000e+01 1.500000e+00 -5.000000e+00
      vertex   4.150000e+01 1.500000e+00 -5.000000e+00
    endloop
  endfacet
  facet normal -1.000000e+00 0.000000e+00 0.000000e+00
    outer loop
      vertex   1.840000e+01 3.705905e-01 -4.982963e+00
      vertex   1.840000e+01 0.000000e+00 -4.500000e+00
      vertex   1.840000e+01 5.000000e-01 -5.000000e+00
    endloop
  endfacet
  facet normal -1.000000e+00 0.000000e+00 0.000000e+00
    outer loop
      vertex   1.840000e+01 5.000000e-01 -5.000000e+00
      vertex   1.840000e+01 0.000000e+00 -4.500000e+00
      vertex   1.840000e+01 1.500000e+00 -7.500000e-01
    endloop
  endfacet
  facet normal -1.000000e+00 0.000000e+00 0.000000e+00
    outer loop
      vertex   1.840000e+01 5.000000e-01 -5.000000e+00
      vertex   1.840000e+01 1.500000e+00 -7.500000e-01
      vertex   1.840000e+01 1.500000e+00 -5.000000e+00
    endloop
  endfacet
  facet normal -1.000000e+00 0.000000e+00 0.000000e+00
    outer loop
      vertex   1.840000e+01 1.500000e+00 -5.000000e+00
      vertex   1.840000e+01 1.500000e+00 -7.500000e-01
      vertex   1.840000e+01 2.699840e+00 -3.800160e+00
    endloop
  endfacet
  facet normal -1.000000e+00 -5.649679e-07 -2.222412e-07
    outer loop
      vertex   1.840000e+01 2.699840e+00 -3.800160e+00
      vertex   1.840000e+01 1.500000e+00 -7.500000e-01
      vertex   1.840000e+01 2.700000e+00 -1.950000e+00
    endloop
  endfacet
  facet normal -9.999967e-01 -2.573393e-03 2.561176e-25
    outer loop
      vertex   1.840000e+01 2.699840e+00 -3.800160e+00
      vertex   1.840000e+01 2.700000e+00 -1.950000e+00
      vertex   1.840000e+01 2.700000e+00 -3.800160e+00
    endloop
  endfacet
  facet normal -1.000000e+00 0.000000e+00 0.000000e+00
    outer loop
      vertex   1.840000e+01 3.705905e-01 -4.982963e+00
      vertex   1.840000e+01 2.500000e-01 -4.933013e+00
      vertex   1.840000e+01 0.000000e+00 -4.500000e+00
    endloop
  endfacet
  facet normal -1.000000e+00 0.000000e+00 0.000000e+00
    outer loop
      vertex   1.840000e+01 0.000000e+00 -4.500000e+00
      vertex   1.840000e+01 2.500000e-01 -4.933013e+00
      vertex   1.840000e+01 1.464466e-01 -4.853553e+00
    endloop
  endfacet
  facet normal -1.000000e+00 0.000000e+00 0.000000e+00
    outer loop
      vertex   1.840000e+01 0.000000e+00 -4.500000e+00
      vertex   1.840000e+01 1.464466e-01 -4.853553e+00
      vertex   1.840000e+01 6.698730e-02 -4.750000e+00
    endloop
  endfacet
  facet normal -1.000000e+00 0.000000e+00 0.000000e+00
    outer loop
      vertex   1.840000e+01 6.698730e-02 -4.750000e+00
      vertex   1.840000e+01 1.703709e-02 -4.629410e+00
      vertex   1.840000e+01 0.000000e+00 -4.500000e+00
    endloop
  endfacet
  facet normal -1.000000e+00 0.000000e+00 0.000000e+00
    outer loop
      vertex   1.840000e+01 0.000000e+00 -4.500000e+00
      vertex   1.840000e+01 0.000000e+00 1.500000e+00
      vertex   1.840000e+01 1.500000e+00 -7.500000e-01
    endloop
  endfacet
  facet normal -1.000000e+00 0.000000e+00 0.000000e+00
    outer loop
      vertex   1.840000e+01 1.500000e+00 -7.500000e-01
      vertex   1.840000e+01 0.000000e+00 1.500000e+00
      vertex   1.840000e+01 1.500000e+00 1.500000e+00
    endloop
  endfacet
  facet normal 0.000000e+00 -1.000000e+00 0.000000e+00
    outer loop
      vertex   1.840000e+01 0.000000e+00 1.500000e+00
      vertex   1.840000e+01 0.000000e+00 -4.500000e+00
      vertex   4.050000e+01 0.000000e+00 -1.500000e+00
    endloop
  endfacet
  facet normal 0.000000e+00 -1.000000e+00 -0.000000e+00
    outer loop
      vertex   4.050000e+01 0.000000e+00 -1.500000e+00
      vertex   1.840000e+01 0.000000e+00 -4.500000e+00
      vertex   4.150000e+01 0.000000e+00 -4.500000e+00
    endloop
  endfacet
  facet normal 0.000000e+00 -1.000000e+00 0.000000e+00
    outer loop
      vertex   4.050000e+01 0.000000e+00 -1.500000e+00
      vertex   4.150000e+01 0.000000e+00 -4.500000e+00
      vertex   4.150000e+01 0.000000e+00 -1.500000e+00
    endloop
  endfacet
  facet normal 0.000000e+00 -1.000000e+00 0.000000e+00
    outer loop
      vertex   4.050000e+01 0.000000e+00 -1.500000e+00
      vertex   4.050000e+01 0.000000e+00 1.500000e+00
      vertex   1.840000e+01 0.000000e+00 1.500000e+00
    endloop
  endfacet
  facet normal -3.653352e-16 -1.305262e-01 -9.914449e-01
    outer loop
      vertex   1.780000e+01 3.705905e-01 -4.982963e+00
      vertex   1.535000e+01 3.705905e-01 -4.982963e+00
      vertex   1.780000e+01 5.000000e-01 -5.000000e+00
    endloop
  endfacet
  facet normal 6.242036e-18 -1.305262e-01 -9.914449e-01
    outer loop
      vertex   1.780000e+01 5.000000e-01 -5.000000e+00
      vertex   1.535000e+01 3.705905e-01 -4.982963e+00
      vertex   1.290000e+01 3.705905e-01 -4.982963e+00
    endloop
  endfacet
  facet normal -0.000000e+00 -1.305262e-01 -9.914449e-01
    outer loop
      vertex   1.780000e+01 5.000000e-01 -5.000000e+00
      vertex   1.290000e+01 3.705905e-01 -4.982963e+00
      vertex   8.000000e+00 5.000000e-01 -5.000000e+00
    endloop
  endfacet
  facet normal 3.272120e-19 -1.305262e-01 -9.914449e-01
    outer loop
      vertex   8.000000e+00 5.000000e-01 -5.000000e+00
      vertex   1.290000e+01 3.705905e-01 -4.982963e+00
      vertex   1.045000e+01 3.705905e-01 -4.982963e+00
    endloop
  endfacet
  facet normal 3.705968e-16 -1.305262e-01 -9.914449e-01
    outer loop
      vertex   8.000000e+00 5.000000e-01 -5.000000e+00
      vertex   1.045000e+01 3.705905e-01 -4.982963e+00
      vertex   8.000000e+00 3.705905e-01 -4.982963e+00
    endloop
  endfacet
  facet normal 3.696092e-16 -3.826834e-01 -9.238795e-01
    outer loop
      vertex   8.000000e+00 3.705905e-01 -4.982963e+00
      vertex   1.045000e+01 3.705905e-01 -4.982963e+00
      vertex   8.000000e+00 2.500000e-01 -4.933013e+00
    endloop
  endfacet
  facet normal 3.468277e-17 -3.826834e-01 -9.238795e-01
    outer loop
      vertex   8.000000e+00 2.500000e-01 -4.933013e+00
      vertex   1.045000e+01 3.705905e-01 -4.982963e+00
      vertex   1.045000e+01 2.500000e-01 -4.933013e+00
    endloop
  endfacet
  facet normal 5.517232e-17 -6.087614e-01 -7.933533e-01
    outer loop
      vertex   8.000000e+00 2.500000e-01 -4.933013e+00
      vertex   1.045000e+01 2.500000e-01 -4.933013e+00
      vertex   8.000000e+00 1.464466e-01 -4.853553e+00
    endloop
  endfacet
  facet normal 1.103446e-16 -6.087614e-01 -7.933533e-01
    outer loop
      vertex   8.000000e+00 1.464466e-01 -4.853553e+00
      vertex   1.045000e+01 2.500000e-01 -4.933013e+00
      vertex   1.045000e+01 1.464466e-01 -4.853553e+00
    endloop
  endfacet
  facet normal 1.438039e-16 -7.933533e-01 -6.087614e-01
    outer loop
      vertex   8.000000e+00 1.464466e-01 -4.853553e+00
      vertex   1.045000e+01 1.464466e-01 -4.853553e+00
      vertex   8.000000e+00 6.698730e-02 -4.750000e+00
    endloop
  endfacet
  facet normal 1.348162e-16 -7.933533e-01 -6.087614e-01
    outer loop
      vertex   8.000000e+00 6.698730e-02 -4.750000e+00
      vertex   1.045000e+01 1.464466e-01 -4.853553e+00
      vertex   1.045000e+01 6.698730e-02 -4.750000e+00
    endloop
  endfacet
  facet normal 1.569968e-16 -9.238795e-01 -3.826834e-01
    outer loop
      vertex   8.000000e+00 6.698730e-02 -4.750000e+00
      vertex   1.045000e+01 6.698730e-02 -4.750000e+00
      vertex   8.000000e+00 1.703709e-02 -4.629410e+00
    endloop
  endfacet
  facet normal 1.831629e-16 -9.238795e-01 -3.826834e-01
    outer loop
      vertex   8.000000e+00 1.703709e-02 -4.629410e+00
      vertex   1.045000e+01 6.698730e-02 -4.750000e+00
      vertex   1.045000e+01 1.703709e-02 -4.629410e+00
    endloop
  endfacet
  facet normal 1.965580e-16 -9.914449e-01 -1.305262e-01
    outer loop
      vertex   8.000000e+00 1.703709e-02 -4.629410e+00
      vertex   1.045000e+01 1.703709e-02 -4.629410e+00
      vertex   8.000000e+00 0.000000e+00 -4.500000e+00
    endloop
  endfacet
  facet normal -2.443264e-19 -9.914449e-01 -1.305262e-01
    outer loop
      vertex   8.000000e+00 0.000000e+00 -4.500000e+00
      vertex   1.045000e+01 1.703709e-02 -4.629410e+00
      vertex   1.290000e+01 1.703709e-02 -4.629410e+00
    endloop
  endfacet
  facet normal 0.000000e+00 -9.914449e-01 -1.305262e-01
    outer loop
      vertex   8.000000e+00 0.000000e+00 -4.500000e+00
      vertex   1.290000e+01 1.703709e-02 -4.629410e+00
      vertex   1.780000e+01 0.000000e+00 -4.500000e+00
    endloop
  endfacet
  facet normal -2.443264e-19 -9.914449e-01 -1.305262e-01
    outer loop
      vertex   1.780000e+01 0.000000e+00 -4.500000e+00
      vertex   1.290000e+01 1.703709e-02 -4.629410e+00
      vertex   1.535000e+01 1.703709e-02 -4.629410e+00
    endloop
  endfacet
  facet normal -2.443264e-19 -9.914449e-01 -1.305262e-01
    outer loop
      vertex   1.780000e+01 0.000000e+00 -4.500000e+00
      vertex   1.535000e+01 1.703709e-02 -4.629410e+00
      vertex   1.780000e+01 1.703709e-02 -4.629410e+00
    endloop
  endfacet
  facet normal -0.000000e+00 -9.238795e-01 -3.826834e-01
    outer loop
      vertex   1.780000e+01 1.703709e-02 -4.629410e+00
      vertex   1.535000e+01 1.703709e-02 -4.629410e+00
      vertex   1.780000e+01 6.698730e-02 -4.750000e+00
    endloop
  endfacet
  facet normal 3.139936e-17 -9.238795e-01 -3.826834e-01
    outer loop
      vertex   1.780000e+01 6.698730e-02 -4.750000e+00
      vertex   1.535000e+01 1.703709e-02 -4.629410e+00
      vertex   1.535000e+01 6.698730e-02 -4.750000e+00
    endloop
  endfacet
  facet normal 2.696324e-17 -7.933533e-01 -6.087614e-01
    outer loop
      vertex   1.780000e+01 6.698730e-02 -4.750000e+00
      vertex   1.535000e+01 6.698730e-02 -4.750000e+00
      vertex   1.780000e+01 1.464466e-01 -4.853553e+00
    endloop
  endfacet
  facet normal -5.392648e-17 -7.933533e-01 -6.087614e-01
    outer loop
      vertex   1.780000e+01 1.464466e-01 -4.853553e+00
      vertex   1.535000e+01 6.698730e-02 -4.750000e+00
      vertex   1.535000e+01 1.464466e-01 -4.853553e+00
    endloop
  endfacet
  facet normal -4.137924e-17 -6.087614e-01 -7.933533e-01
    outer loop
      vertex   1.780000e+01 1.464466e-01 -4.853553e+00
      vertex   1.535000e+01 1.464466e-01 -4.853553e+00
      vertex   1.780000e+01 2.500000e-01 -4.933013e+00
    endloop
  endfacet
  facet normal 2.758616e-17 -6.087614e-01 -7.933533e-01
    outer loop
      vertex   1.780000e+01 2.500000e-01 -4.933013e+00
      vertex   1.535000e+01 1.464466e-01 -4.853553e+00
      vertex   1.535000e+01 2.500000e-01 -4.933013e+00
    endloop
  endfacet
  facet normal 1.734139e-17 -3.826834e-01 -9.238795e-01
    outer loop
      vertex   1.780000e+01 2.500000e-01 -4.933013e+00
      vertex   1.535000e+01 2.500000e-01 -4.933013e+00
      vertex   1.780000e+01 3.705905e-01 -4.982963e+00
    endloop
  endfacet
  facet normal -3.522679e-16 -3.826834e-01 -9.238795e-01
    outer loop
      vertex   1.780000e+01 3.705905e-01 -4.982963e+00
      vertex   1.535000e+01 2.500000e-01 -4.933013e+00
      vertex   1.535000e+01 3.705905e-01 -4.982963e+00
    endloop
  endfacet
  facet normal -1.485282e-19 -3.826834e-01 -9.238795e-01
    outer loop
      vertex   1.045000e+01 2.500000e-01 -4.933013e+00
      vertex   1.045000e+01 3.705905e-01 -4.982963e+00
      vertex   1.290000e+01 3.705905e-01 -4.982963e+00
    endloop
  endfacet
  facet normal 1.734139e-17 -3.826834e-01 -9.238795e-01
    outer loop
      vertex   1.290000e+01 3.705905e-01 -4.982963e+00
      vertex   1.535000e+01 3.705905e-01 -4.982963e+00
      vertex   1.290000e+01 2.500000e-01 -4.933013e+00
    endloop
  endfacet
  facet normal 0.000000e+00 -3.826834e-01 -9.238795e-01
    outer loop
      vertex   1.290000e+01 2.500000e-01 -4.933013e+00
      vertex   1.535000e+01 3.705905e-01 -4.982963e+00
      vertex   1.535000e+01 2.500000e-01 -4.933013e+00
    endloop
  endfacet
  facet normal 0.000000e+00 -6.087614e-01 -7.933533e-01
    outer loop
      vertex   1.290000e+01 2.500000e-01 -4.933013e+00
      vertex   1.535000e+01 2.500000e-01 -4.933013e+00
      vertex   1.290000e+01 1.464466e-01 -4.853553e+00
    endloop
  endfacet
  facet normal 1.379308e-17 -6.087614e-01 -7.933533e-01
    outer loop
      vertex   1.290000e+01 1.464466e-01 -4.853553e+00
      vertex   1.535000e+01 2.500000e-01 -4.933013e+00
      vertex   1.535000e+01 1.464466e-01 -4.853553e+00
    endloop
  endfacet
  facet normal 1.797549e-17 -7.933533e-01 -6.087614e-01
    outer loop
      vertex   1.290000e+01 1.464466e-01 -4.853553e+00
      vertex   1.535000e+01 1.464466e-01 -4.853553e+00
      vertex   1.290000e+01 6.698730e-02 -4.750000e+00
    endloop
  endfacet
  facet normal 0.000000e+00 -7.933533e-01 -6.087614e-01
    outer loop
      vertex   1.290000e+01 6.698730e-02 -4.750000e+00
      vertex   1.535000e+01 1.464466e-01 -4.853553e+00
      vertex   1.535000e+01 6.698730e-02 -4.750000e+00
    endloop
  endfacet
  facet normal 0.000000e+00 -9.238795e-01 -3.826834e-01
    outer loop
      vertex   1.290000e+01 6.698730e-02 -4.750000e+00
      vertex   1.535000e+01 6.698730e-02 -4.750000e+00
      vertex   1.290000e+01 1.703709e-02 -4.629410e+00
    endloop
  endfacet
  facet normal 0.000000e+00 -9.238795e-01 -3.826834e-01
    outer loop
      vertex   1.290000e+01 1.703709e-02 -4.629410e+00
      vertex   1.535000e+01 6.698730e-02 -4.750000e+00
      vertex   1.535000e+01 1.703709e-02 -4.629410e+00
    endloop
  endfacet
  facet normal -1.190419e-17 -6.087614e-01 -7.933533e-01
    outer loop
      vertex   1.045000e+01 1.464466e-01 -4.853553e+00
      vertex   1.045000e+01 2.500000e-01 -4.933013e+00
      vertex   1.290000e+01 2.500000e-01 -4.933013e+00
    endloop
  endfacet
  facet normal -8.670693e-18 -3.826834e-01 -9.238795e-01
    outer loop
      vertex   1.290000e+01 2.500000e-01 -4.933013e+00
      vertex   1.045000e+01 2.500000e-01 -4.933013e+00
      vertex   1.290000e+01 3.705905e-01 -4.982963e+00
    endloop
  endfacet
  facet normal 1.379308e-17 -6.087614e-01 -7.933533e-01
    outer loop
      vertex   1.045000e+01 1.464466e-01 -4.853553e+00
      vertex   1.290000e+01 2.500000e-01 -4.933013e+00
      vertex   1.290000e+01 1.464466e-01 -4.853553e+00
    endloop
  endfacet
  facet normal 1.739218e-17 -7.933533e-01 -6.087614e-01
    outer loop
      vertex   1.045000e+01 6.698730e-02 -4.750000e+00
      vertex   1.045000e+01 1.464466e-01 -4.853553e+00
      vertex   1.290000e+01 1.464466e-01 -4.853553e+00
    endloop
  endfacet
  facet normal -2.246937e-17 -7.933533e-01 -6.087614e-01
    outer loop
      vertex   1.045000e+01 6.698730e-02 -4.750000e+00
      vertex   1.290000e+01 1.464466e-01 -4.853553e+00
      vertex   1.290000e+01 6.698730e-02 -4.750000e+00
    endloop
  endfacet
  facet normal -2.566193e-17 -9.238795e-01 -3.826834e-01
    outer loop
      vertex   1.045000e+01 1.703709e-02 -4.629410e+00
      vertex   1.045000e+01 6.698730e-02 -4.750000e+00
      vertex   1.290000e+01 6.698730e-02 -4.750000e+00
    endloop
  endfacet
  facet normal 0.000000e+00 -9.238795e-01 -3.826834e-01
    outer loop
      vertex   1.045000e+01 1.703709e-02 -4.629410e+00
      vertex   1.290000e+01 6.698730e-02 -4.750000e+00
      vertex   1.290000e+01 1.703709e-02 -4.629410e+00
    endloop
  endfacet
  facet normal -9.901092e-01 -5.188943e-02 -1.303504e-01
    outer loop
      vertex   0.000000e+00 8.000000e+00 -4.500000e+00
      vertex   1.703709e-02 8.000000e+00 -4.629410e+00
      vertex   4.382484e-02 7.163772e+00 -4.500000e+00
    endloop
  endfacet
  facet normal -9.901092e-01 -5.188943e-02 -1.303504e-01
    outer loop
      vertex   4.382484e-02 7.163772e+00 -4.500000e+00
      vertex   1.703709e-02 8.000000e+00 -4.629410e+00
      vertex   6.076859e-02 7.165553e+00 -4.629410e+00
    endloop
  endfacet
  facet normal -9.792614e-01 -1.550998e-01 -1.303504e-01
    outer loop
      vertex   4.382484e-02 7.163772e+00 -4.500000e+00
      vertex   6.076859e-02 7.165553e+00 -4.629410e+00
      vertex   1.748192e-01 6.336706e+00 -4.500000e+00
    endloop
  endfacet
  facet normal -9.792614e-01 -1.550998e-01 -1.303504e-01
    outer loop
      vertex   1.748192e-01 6.336706e+00 -4.500000e+00
      vertex   6.076859e-02 7.165553e+00 -4.629410e+00
      vertex   1.914840e-01 6.340249e+00 -4.629410e+00
    endloop
  endfacet
  facet normal -9.576845e-01 -2.566108e-01 -1.303504e-01
    outer loop
      vertex   1.748192e-01 6.336706e+00 -4.500000e+00
      vertex   1.914840e-01 6.340249e+00 -4.629410e+00
      vertex   3.915479e-01 5.527864e+00 -4.500000e+00
    endloop
  endfacet
  facet normal -9.576845e-01 -2.566108e-01 -1.303504e-01
    outer loop
      vertex   3.915479e-01 5.527864e+00 -4.500000e+00
      vertex   1.914840e-01 6.340249e+00 -4.629410e+00
      vertex   4.077511e-01 5.533129e+00 -4.629410e+00
    endloop
  endfacet
  facet normal -9.256151e-01 -3.553104e-01 -1.303504e-01
    outer loop
      vertex   3.915479e-01 5.527864e+00 -4.500000e+00
      vertex   4.077511e-01 5.533129e+00 -4.629410e+00
      vertex   6.916363e-01 4.746107e+00 -4.500000e+00
    endloop
  endfacet
  facet normal -9.256151e-01 -3.553104e-01 -1.303504e-01
    outer loop
      vertex   6.916363e-01 4.746107e+00 -4.500000e+00
      vertex   4.077511e-01 5.533129e+00 -4.629410e+00
      vertex   7.072005e-01 4.753036e+00 -4.629410e+00
    endloop
  endfacet
  facet normal -8.834045e-01 -4.501171e-01 -1.303504e-01
    outer loop
      vertex   6.916363e-01 4.746107e+00 -4.500000e+00
      vertex   7.072005e-01 4.753036e+00 -4.629410e+00
      vertex   1.071797e+00 4.000000e+00 -4.500000e+00
    endloop
  endfacet
  facet normal -8.834045e-01 -4.501171e-01 -1.303504e-01
    outer loop
      vertex   1.071797e+00 4.000000e+00 -4.500000e+00
      vertex   7.072005e-01 4.753036e+00 -4.629410e+00
      vertex   1.086551e+00 4.008519e+00 -4.629410e+00
    endloop
  endfacet
  facet normal -8.315150e-01 -5.399922e-01 -1.303504e-01
    outer loop
      vertex   1.071797e+00 4.000000e+00 -4.500000e+00
      vertex   1.086551e+00 4.008519e+00 -4.629410e+00
      vertex   1.527864e+00 3.297718e+00 -4.500000e+00
    endloop
  endfacet
  facet normal -8.315150e-01 -5.399922e-01 -1.303504e-01
    outer loop
      vertex   1.527864e+00 3.297718e+00 -4.500000e+00
      vertex   1.086551e+00 4.008519e+00 -4.629410e+00
      vertex   1.541647e+00 3.307732e+00 -4.629410e+00
    endloop
  endfacet
  facet normal -7.705153e-01 -6.239510e-01 -1.303504e-01
    outer loop
      vertex   1.527864e+00 3.297718e+00 -4.500000e+00
      vertex   1.541647e+00 3.307732e+00 -4.629410e+00
      vertex   2.054841e+00 2.646955e+00 -4.500000e+00
    endloop
  endfacet
  facet normal -7.705153e-01 -6.239510e-01 -1.303504e-01
    outer loop
      vertex   2.054841e+00 2.646955e+00 -4.500000e+00
      vertex   1.541647e+00 3.307732e+00 -4.629410e+00
      vertex   2.067502e+00 2.658355e+00 -4.629410e+00
    endloop
  endfacet
  facet normal -7.010737e-01 -7.010737e-01 -1.303504e-01
    outer loop
      vertex   2.054841e+00 2.646955e+00 -4.500000e+00
      vertex   2.067502e+00 2.658355e+00 -4.629410e+00
      vertex   2.646955e+00 2.054841e+00 -4.500000e+00
    endloop
  endfacet
  facet normal -7.010737e-01 -7.010737e-01 -1.303504e-01
    outer loop
      vertex   2.646955e+00 2.054841e+00 -4.500000e+00
      vertex   2.067502e+00 2.658355e+00 -4.629410e+00
      vertex   2.658355e+00 2.067502e+00 -4.629410e+00
    endloop
  endfacet
  facet normal -6.239510e-01 -7.705153e-01 -1.303504e-01
    outer loop
      vertex   2.646955e+00 2.054841e+00 -4.500000e+00
      vertex   2.658355e+00 2.067502e+00 -4.629410e+00
      vertex   3.297718e+00 1.527864e+00 -4.500000e+00
    endloop
  endfacet
  facet normal -6.239510e-01 -7.705153e-01 -1.303504e-01
    outer loop
      vertex   3.297718e+00 1.527864e+00 -4.500000e+00
      vertex   2.658355e+00 2.067502e+00 -4.629410e+00
      vertex   3.307732e+00 1.541647e+00 -4.629410e+00
    endloop
  endfacet
  facet normal -5.399922e-01 -8.315150e-01 -1.303504e-01
    outer loop
      vertex   3.297718e+00 1.527864e+00 -4.500000e+00
      vertex   3.307732e+00 1.541647e+00 -4.629410e+00
      vertex   4.000000e+00 1.071797e+00 -4.500000e+00
    endloop
  endfacet
  facet normal -5.399922e-01 -8.315150e-01 -1.303504e-01
    outer loop
      vertex   4.000000e+00 1.071797e+00 -4.500000e+00
      vertex   3.307732e+00 1.541647e+00 -4.629410e+00
      vertex   4.008519e+00 1.086551e+00 -4.629410e+00
    endloop
  endfacet
  facet normal -4.501171e-01 -8.834045e-01 -1.303504e-01
    outer loop
      vertex   4.000000e+00 1.071797e+00 -4.500000e+00
      vertex   4.008519e+00 1.086551e+00 -4.629410e+00
      vertex   4.746107e+00 6.916363e-01 -4.500000e+00
    endloop
  endfacet
  facet normal -4.501171e-01 -8.834045e-01 -1.303504e-01
    outer loop
      vertex   4.746107e+00 6.916363e-01 -4.500000e+00
      vertex   4.008519e+00 1.086551e+00 -4.629410e+00
      vertex   4.753036e+00 7.072005e-01 -4.629410e+00
    endloop
  endfacet
  facet normal -3.553104e-01 -9.256151e-01 -1.303504e-01
    outer loop
      vertex   4.746107e+00 6.916363e-01 -4.500000e+00
      vertex   4.753036e+00 7.072005e-01 -4.629410e+00
      vertex   5.527864e+00 3.915479e-01 -4.500000e+00
    endloop
  endfacet
  facet normal -3.553104e-01 -9.256151e-01 -1.303504e-01
    outer loop
      vertex   5.527864e+00 3.915479e-01 -4.500000e+00
      vertex   4.753036e+00 7.072005e-01 -4.629410e+00
      vertex   5.533129e+00 4.077511e-01 -4.629410e+00
    endloop
  endfacet
  facet normal -2.566108e-01 -9.576845e-01 -1.303504e-01
    outer loop
      vertex   5.527864e+00 3.915479e-01 -4.500000e+00
      vertex   5.533129e+00 4.077511e-01 -4.629410e+00
      vertex   6.336706e+00 1.748192e-01 -4.500000e+00
    endloop
  endfacet
  facet normal -2.566108e-01 -9.576845e-01 -1.303504e-01
    outer loop
      vertex   6.336706e+00 1.748192e-01 -4.500000e+00
      vertex   5.533129e+00 4.077511e-01 -4.629410e+00
      vertex   6.340249e+00 1.914840e-01 -4.629410e+00
    endloop
  endfacet
  facet normal -1.550998e-01 -9.792614e-01 -1.303504e-01
    outer loop
      vertex   6.336706e+00 1.748192e-01 -4.500000e+00
      vertex   6.340249e+00 1.914840e-01 -4.629410e+00
      vertex   7.163772e+00 4.382484e-02 -4.500000e+00
    endloop
  endfacet
  facet normal -1.550998e-01 -9.792614e-01 -1.303504e-01
    outer loop
      vertex   7.163772e+00 4.382484e-02 -4.500000e+00
      vertex   6.340249e+00 1.914840e-01 -4.629410e+00
      vertex   7.165553e+00 6.076859e-02 -4.629410e+00
    endloop
  endfacet
  facet normal -5.188943e-02 -9.901092e-01 -1.303504e-01
    outer loop
      vertex   7.163772e+00 4.382484e-02 -4.500000e+00
      vertex   7.165553e+00 6.076859e-02 -4.629410e+00
      vertex   8.000000e+00 0.000000e+00 -4.500000e+00
    endloop
  endfacet
  facet normal -5.188943e-02 -9.901092e-01 -1.303504e-01
    outer loop
      vertex   8.000000e+00 0.000000e+00 -4.500000e+00
      vertex   7.165553e+00 6.076859e-02 -4.629410e+00
      vertex   8.000000e+00 1.703709e-02 -4.629410e+00
    endloop
  endfacet
  facet normal -4.836182e-02 -9.227985e-01 -3.822356e-01
    outer loop
      vertex   8.000000e+00 1.703709e-02 -4.629410e+00
      vertex   7.165553e+00 6.076859e-02 -4.629410e+00
      vertex   7.170774e+00 1.104452e-01 -4.750000e+00
    endloop
  endfacet
  facet normal -4.836182e-02 -9.227985e-01 -3.822356e-01
    outer loop
      vertex   8.000000e+00 1.703709e-02 -4.629410e+00
      vertex   7.170774e+00 1.104452e-01 -4.750000e+00
      vertex   8.000000e+00 6.698730e-02 -4.750000e+00
    endloop
  endfacet
  facet normal -4.154200e-02 -7.926685e-01 -6.082359e-01
    outer loop
      vertex   8.000000e+00 6.698730e-02 -4.750000e+00
      vertex   7.170774e+00 1.104452e-01 -4.750000e+00
      vertex   7.179080e+00 1.894692e-01 -4.853553e+00
    endloop
  endfacet
  facet normal -4.154200e-02 -7.926685e-01 -6.082359e-01
    outer loop
      vertex   8.000000e+00 6.698730e-02 -4.750000e+00
      vertex   7.179080e+00 1.894692e-01 -4.853553e+00
      vertex   8.000000e+00 1.464466e-01 -4.853553e+00
    endloop
  endfacet
  facet normal -3.188761e-02 -6.084518e-01 -7.929499e-01
    outer loop
      vertex   8.000000e+00 1.464466e-01 -4.853553e+00
      vertex   7.179080e+00 1.894692e-01 -4.853553e+00
      vertex   7.189904e+00 2.924553e-01 -4.933013e+00
    endloop
  endfacet
  facet normal -3.188761e-02 -6.084518e-01 -7.929499e-01
    outer loop
      vertex   8.000000e+00 1.464466e-01 -4.853553e+00
      vertex   7.189904e+00 2.924553e-01 -4.933013e+00
      vertex   8.000000e+00 2.500000e-01 -4.933013e+00
    endloop
  endfacet
  facet normal -2.005156e-02 -3.826065e-01 -9.236938e-01
    outer loop
      vertex   8.000000e+00 2.500000e-01 -4.933013e+00
      vertex   7.189904e+00 2.924553e-01 -4.933013e+00
      vertex   7.202510e+00 4.123852e-01 -4.982963e+00
    endloop
  endfacet
  facet normal -2.005156e-02 -3.826065e-01 -9.236938e-01
    outer loop
      vertex   8.000000e+00 2.500000e-01 -4.933013e+00
      vertex   7.202510e+00 4.123852e-01 -4.982963e+00
      vertex   8.000000e+00 3.705905e-01 -4.982963e+00
    endloop
  endfacet
  facet normal -6.840428e-03 -1.305231e-01 -9.914217e-01
    outer loop
      vertex   8.000000e+00 3.705905e-01 -4.982963e+00
      vertex   7.202510e+00 4.123852e-01 -4.982963e+00
      vertex   7.216037e+00 5.410858e-01 -5.000000e+00
    endloop
  endfacet
  facet normal -6.840428e-03 -1.305231e-01 -9.914217e-01
    outer loop
      vertex   8.000000e+00 3.705905e-01 -4.982963e+00
      vertex   7.216037e+00 5.410858e-01 -5.000000e+00
      vertex   8.000000e+00 5.000000e-01 -5.000000e+00
    endloop
  endfacet
  facet normal -9.227985e-01 -4.836182e-02 -3.822356e-01
    outer loop
      vertex   1.703709e-02 8.000000e+00 -4.629410e+00
      vertex   6.698730e-02 8.000000e+00 -4.750000e+00
      vertex   6.076859e-02 7.165553e+00 -4.629410e+00
    endloop
  endfacet
  facet normal -9.227985e-01 -4.836182e-02 -3.822356e-01
    outer loop
      vertex   6.076859e-02 7.165553e+00 -4.629410e+00
      vertex   6.698730e-02 8.000000e+00 -4.750000e+00
      vertex   1.104452e-01 7.170774e+00 -4.750000e+00
    endloop
  endfacet
  facet normal -9.126881e-01 -1.445556e-01 -3.822356e-01
    outer loop
      vertex   6.076859e-02 7.165553e+00 -4.629410e+00
      vertex   1.104452e-01 7.170774e+00 -4.750000e+00
      vertex   1.914840e-01 6.340249e+00 -4.629410e+00
    endloop
  endfacet
  facet normal -9.126881e-01 -1.445556e-01 -3.822356e-01
    outer loop
      vertex   1.914840e-01 6.340249e+00 -4.629410e+00
      vertex   1.104452e-01 7.170774e+00 -4.750000e+00
      vertex   2.403427e-01 6.350634e+00 -4.750000e+00
    endloop
  endfacet
  facet normal -8.925781e-01 -2.391656e-01 -3.822356e-01
    outer loop
      vertex   1.914840e-01 6.340249e+00 -4.629410e+00
      vertex   2.403427e-01 6.350634e+00 -4.750000e+00
      vertex   4.077511e-01 5.533129e+00 -4.629410e+00
    endloop
  endfacet
  facet normal -8.925781e-01 -2.391656e-01 -3.822356e-01
    outer loop
      vertex   4.077511e-01 5.533129e+00 -4.629410e+00
      vertex   2.403427e-01 6.350634e+00 -4.750000e+00
      vertex   4.552566e-01 5.548564e+00 -4.750000e+00
    endloop
  endfacet
  facet normal -8.626889e-01 -3.311552e-01 -3.822356e-01
    outer loop
      vertex   4.077511e-01 5.533129e+00 -4.629410e+00
      vertex   4.552566e-01 5.548564e+00 -4.750000e+00
      vertex   7.072005e-01 4.753036e+00 -4.629410e+00
    endloop
  endfacet
  facet normal -8.626889e-01 -3.311552e-01 -3.822356e-01
    outer loop
      vertex   7.072005e-01 4.753036e+00 -4.629410e+00
      vertex   4.552566e-01 5.548564e+00 -4.750000e+00
      vertex   7.528323e-01 4.773353e+00 -4.750000e+00
    endloop
  endfacet
  facet normal -8.233478e-01 -4.195167e-01 -3.822356e-01
    outer loop
      vertex   7.072005e-01 4.753036e+00 -4.629410e+00
      vertex   7.528323e-01 4.773353e+00 -4.750000e+00
      vertex   1.086551e+00 4.008519e+00 -4.629410e+00
    endloop
  endfacet
  facet normal -8.233478e-01 -4.195167e-01 -3.822356e-01
    outer loop
      vertex   1.086551e+00 4.008519e+00 -4.629410e+00
      vertex   7.528323e-01 4.773353e+00 -4.750000e+00
      vertex   1.129809e+00 4.033494e+00 -4.750000e+00
    endloop
  endfacet
  facet normal -7.749860e-01 -5.032818e-01 -3.822356e-01
    outer loop
      vertex   1.086551e+00 4.008519e+00 -4.629410e+00
      vertex   1.129809e+00 4.033494e+00 -4.750000e+00
      vertex   1.541647e+00 3.307732e+00 -4.629410e+00
    endloop
  endfacet
  facet normal -7.749860e-01 -5.032818e-01 -3.822356e-01
    outer loop
      vertex   1.541647e+00 3.307732e+00 -4.629410e+00
      vertex   1.129809e+00 4.033494e+00 -4.750000e+00
      vertex   1.582058e+00 3.337092e+00 -4.750000e+00
    endloop
  endfacet
  facet normal -7.181333e-01 -5.815329e-01 -3.822356e-01
    outer loop
      vertex   1.541647e+00 3.307732e+00 -4.629410e+00
      vertex   1.582058e+00 3.337092e+00 -4.750000e+00
      vertex   2.067502e+00 2.658355e+00 -4.629410e+00
    endloop
  endfacet
  facet normal -7.181333e-01 -5.815329e-01 -3.822356e-01
    outer loop
      vertex   2.067502e+00 2.658355e+00 -4.629410e+00
      vertex   1.582058e+00 3.337092e+00 -4.750000e+00
      vertex   2.104623e+00 2.691778e+00 -4.750000e+00
    endloop
  endfacet
  facet normal -6.534125e-01 -6.534125e-01 -3.822356e-01
    outer loop
      vertex   2.067502e+00 2.658355e+00 -4.629410e+00
      vertex   2.104623e+00 2.691778e+00 -4.750000e+00
      vertex   2.658355e+00 2.067502e+00 -4.629410e+00
    endloop
  endfacet
  facet normal -6.534125e-01 -6.534125e-01 -3.822356e-01
    outer loop
      vertex   2.658355e+00 2.067502e+00 -4.629410e+00
      vertex   2.104623e+00 2.691778e+00 -4.750000e+00
      vertex   2.691778e+00 2.104623e+00 -4.750000e+00
    endloop
  endfacet
  facet normal -5.815329e-01 -7.181333e-01 -3.822356e-01
    outer loop
      vertex   2.658355e+00 2.067502e+00 -4.629410e+00
      vertex   2.691778e+00 2.104623e+00 -4.750000e+00
      vertex   3.307732e+00 1.541647e+00 -4.629410e+00
    endloop
  endfacet
  facet normal -5.815329e-01 -7.181333e-01 -3.822356e-01
    outer loop
      vertex   3.307732e+00 1.541647e+00 -4.629410e+00
      vertex   2.691778e+00 2.104623e+00 -4.750000e+00
      vertex   3.337092e+00 1.582058e+00 -4.750000e+00
    endloop
  endfacet
  facet normal -5.032818e-01 -7.749860e-01 -3.822356e-01
    outer loop
      vertex   3.307732e+00 1.541647e+00 -4.629410e+00
      vertex   3.337092e+00 1.582058e+00 -4.750000e+00
      vertex   4.008519e+00 1.086551e+00 -4.629410e+00
    endloop
  endfacet
  facet normal -5.032818e-01 -7.749860e-01 -3.822356e-01
    outer loop
      vertex   4.008519e+00 1.086551e+00 -4.629410e+00
      vertex   3.337092e+00 1.582058e+00 -4.750000e+00
      vertex   4.033494e+00 1.129809e+00 -4.750000e+00
    endloop
  endfacet
  facet normal -4.195167e-01 -8.233478e-01 -3.822356e-01
    outer loop
      vertex   4.008519e+00 1.086551e+00 -4.629410e+00
      vertex   4.033494e+00 1.129809e+00 -4.750000e+00
      vertex   4.753036e+00 7.072005e-01 -4.629410e+00
    endloop
  endfacet
  facet normal -4.195167e-01 -8.233478e-01 -3.822356e-01
    outer loop
      vertex   4.753036e+00 7.072005e-01 -4.629410e+00
      vertex   4.033494e+00 1.129809e+00 -4.750000e+00
      vertex   4.773353e+00 7.528323e-01 -4.750000e+00
    endloop
  endfacet
  facet normal -3.311552e-01 -8.626889e-01 -3.822356e-01
    outer loop
      vertex   4.753036e+00 7.072005e-01 -4.629410e+00
      vertex   4.773353e+00 7.528323e-01 -4.750000e+00
      vertex   5.533129e+00 4.077511e-01 -4.629410e+00
    endloop
  endfacet
  facet normal -3.311552e-01 -8.626889e-01 -3.822356e-01
    outer loop
      vertex   5.533129e+00 4.077511e-01 -4.629410e+00
      vertex   4.773353e+00 7.528323e-01 -4.750000e+00
      vertex   5.548564e+00 4.552566e-01 -4.750000e+00
    endloop
  endfacet
  facet normal -2.391656e-01 -8.925781e-01 -3.822356e-01
    outer loop
      vertex   5.533129e+00 4.077511e-01 -4.629410e+00
      vertex   5.548564e+00 4.552566e-01 -4.750000e+00
      vertex   6.340249e+00 1.914840e-01 -4.629410e+00
    endloop
  endfacet
  facet normal -2.391656e-01 -8.925781e-01 -3.822356e-01
    outer loop
      vertex   6.340249e+00 1.914840e-01 -4.629410e+00
      vertex   5.548564e+00 4.552566e-01 -4.750000e+00
      vertex   6.350634e+00 2.403427e-01 -4.750000e+00
    endloop
  endfacet
  facet normal -1.445556e-01 -9.126881e-01 -3.822356e-01
    outer loop
      vertex   6.340249e+00 1.914840e-01 -4.629410e+00
      vertex   6.350634e+00 2.403427e-01 -4.750000e+00
      vertex   7.165553e+00 6.076859e-02 -4.629410e+00
    endloop
  endfacet
  facet normal -1.445556e-01 -9.126881e-01 -3.822356e-01
    outer loop
      vertex   7.165553e+00 6.076859e-02 -4.629410e+00
      vertex   6.350634e+00 2.403427e-01 -4.750000e+00
      vertex   7.170774e+00 1.104452e-01 -4.750000e+00
    endloop
  endfacet
  facet normal -7.926685e-01 -4.154200e-02 -6.082359e-01
    outer loop
      vertex   6.698730e-02 8.000000e+00 -4.750000e+00
      vertex   1.464466e-01 8.000000e+00 -4.853553e+00
      vertex   1.104452e-01 7.170774e+00 -4.750000e+00
    endloop
  endfacet
  facet normal -7.926685e-01 -4.154200e-02 -6.082359e-01
    outer loop
      vertex   1.104452e-01 7.170774e+00 -4.750000e+00
      vertex   1.464466e-01 8.000000e+00 -4.853553e+00
      vertex   1.894692e-01 7.179080e+00 -4.853553e+00
    endloop
  endfacet
  facet normal -7.839838e-01 -1.241708e-01 -6.082359e-01
    outer loop
      vertex   1.104452e-01 7.170774e+00 -4.750000e+00
      vertex   1.894692e-01 7.179080e+00 -4.853553e+00
      vertex   2.403427e-01 6.350634e+00 -4.750000e+00
    endloop
  endfacet
  facet normal -7.839838e-01 -1.241708e-01 -6.082359e-01
    outer loop
      vertex   2.403427e-01 6.350634e+00 -4.750000e+00
      vertex   1.894692e-01 7.179080e+00 -4.853553e+00
      vertex   3.180656e-01 6.367154e+00 -4.853553e+00
    endloop
  endfacet
  facet normal -7.667097e-01 -2.054392e-01 -6.082359e-01
    outer loop
      vertex   2.403427e-01 6.350634e+00 -4.750000e+00
      vertex   3.180656e-01 6.367154e+00 -4.853553e+00
      vertex   4.552566e-01 5.548564e+00 -4.750000e+00
    endloop
  endfacet
  facet normal -7.667097e-01 -2.054392e-01 -6.082359e-01
    outer loop
      vertex   4.552566e-01 5.548564e+00 -4.750000e+00
      vertex   3.180656e-01 6.367154e+00 -4.853553e+00
      vertex   5.308269e-01 5.573119e+00 -4.853553e+00
    endloop
  endfacet
  facet normal -7.410353e-01 -2.844568e-01 -6.082359e-01
    outer loop
      vertex   4.552566e-01 5.548564e+00 -4.750000e+00
      vertex   5.308269e-01 5.573119e+00 -4.853553e+00
      vertex   7.528323e-01 4.773353e+00 -4.750000e+00
    endloop
  endfacet
  facet normal -7.410353e-01 -2.844568e-01 -6.082359e-01
    outer loop
      vertex   7.528323e-01 4.773353e+00 -4.750000e+00
      vertex   5.308269e-01 5.573119e+00 -4.853553e+00
      vertex   8.254220e-01 4.805672e+00 -4.853553e+00
    endloop
  endfacet
  facet normal -7.072420e-01 -3.603578e-01 -6.082359e-01
    outer loop
      vertex   7.528323e-01 4.773353e+00 -4.750000e+00
      vertex   8.254220e-01 4.805672e+00 -4.853553e+00
      vertex   1.129809e+00 4.033494e+00 -4.750000e+00
    endloop
  endfacet
  facet normal -7.072420e-01 -3.603578e-01 -6.082359e-01
    outer loop
      vertex   1.129809e+00 4.033494e+00 -4.750000e+00
      vertex   8.254220e-01 4.805672e+00 -4.853553e+00
      vertex   1.198623e+00 4.073223e+00 -4.853553e+00
    endloop
  endfacet
  facet normal -6.657000e-01 -4.323107e-01 -6.082359e-01
    outer loop
      vertex   1.129809e+00 4.033494e+00 -4.750000e+00
      vertex   1.198623e+00 4.073223e+00 -4.853553e+00
      vertex   1.582058e+00 3.337092e+00 -4.750000e+00
    endloop
  endfacet
  facet normal -6.657000e-01 -4.323107e-01 -6.082359e-01
    outer loop
      vertex   1.582058e+00 3.337092e+00 -4.750000e+00
      vertex   1.198623e+00 4.073223e+00 -4.853553e+00
      vertex   1.646342e+00 3.383797e+00 -4.853553e+00
    endloop
  endfacet
  facet normal -6.168645e-01 -4.995270e-01 -6.082359e-01
    outer loop
      vertex   1.582058e+00 3.337092e+00 -4.750000e+00
      vertex   1.646342e+00 3.383797e+00 -4.853553e+00
      vertex   2.104623e+00 2.691778e+00 -4.750000e+00
    endloop
  endfacet
  facet normal -6.168645e-01 -4.995270e-01 -6.082359e-01
    outer loop
      vertex   2.104623e+00 2.691778e+00 -4.750000e+00
      vertex   1.646342e+00 3.383797e+00 -4.853553e+00
      vertex   2.163672e+00 2.744947e+00 -4.853553e+00
    endloop
  endfacet
  facet normal -5.612705e-01 -5.612705e-01 -6.082359e-01
    outer loop
      vertex   2.104623e+00 2.691778e+00 -4.750000e+00
      vertex   2.163672e+00 2.744947e+00 -4.853553e+00
      vertex   2.691778e+00 2.104623e+00 -4.750000e+00
    endloop
  endfacet
  facet normal -5.612705e-01 -5.612705e-01 -6.082359e-01
    outer loop
      vertex   2.691778e+00 2.104623e+00 -4.750000e+00
      vertex   2.163672e+00 2.744947e+00 -4.853553e+00
      vertex   2.744947e+00 2.163672e+00 -4.853553e+00
    endloop
  endfacet
  facet normal -4.995270e-01 -6.168645e-01 -6.082359e-01
    outer loop
      vertex   2.691778e+00 2.104623e+00 -4.750000e+00
      vertex   2.744947e+00 2.163672e+00 -4.853553e+00
      vertex   3.337092e+00 1.582058e+00 -4.750000e+00
    endloop
  endfacet
  facet normal -4.995270e-01 -6.168645e-01 -6.082359e-01
    outer loop
      vertex   3.337092e+00 1.582058e+00 -4.750000e+00
      vertex   2.744947e+00 2.163672e+00 -4.853553e+00
      vertex   3.383797e+00 1.646342e+00 -4.853553e+00
    endloop
  endfacet
  facet normal -4.323107e-01 -6.657000e-01 -6.082359e-01
    outer loop
      vertex   3.337092e+00 1.582058e+00 -4.750000e+00
      vertex   3.383797e+00 1.646342e+00 -4.853553e+00
      vertex   4.033494e+00 1.129809e+00 -4.750000e+00
    endloop
  endfacet
  facet normal -4.323107e-01 -6.657000e-01 -6.082359e-01
    outer loop
      vertex   4.033494e+00 1.129809e+00 -4.750000e+00
      vertex   3.383797e+00 1.646342e+00 -4.853553e+00
      vertex   4.073223e+00 1.198623e+00 -4.853553e+00
    endloop
  endfacet
  facet normal -3.603578e-01 -7.072420e-01 -6.082359e-01
    outer loop
      vertex   4.033494e+00 1.129809e+00 -4.750000e+00
      vertex   4.073223e+00 1.198623e+00 -4.853553e+00
      vertex   4.773353e+00 7.528323e-01 -4.750000e+00
    endloop
  endfacet
  facet normal -3.603578e-01 -7.072420e-01 -6.082359e-01
    outer loop
      vertex   4.773353e+00 7.528323e-01 -4.750000e+00
      vertex   4.073223e+00 1.198623e+00 -4.853553e+00
      vertex   4.805672e+00 8.254220e-01 -4.853553e+00
    endloop
  endfacet
  facet normal -2.844568e-01 -7.410353e-01 -6.082359e-01
    outer loop
      vertex   4.773353e+00 7.528323e-01 -4.750000e+00
      vertex   4.805672e+00 8.254220e-01 -4.853553e+00
      vertex   5.548564e+00 4.552566e-01 -4.750000e+00
    endloop
  endfacet
  facet normal -2.844568e-01 -7.410353e-01 -6.082359e-01
    outer loop
      vertex   5.548564e+00 4.552566e-01 -4.750000e+00
      vertex   4.805672e+00 8.254220e-01 -4.853553e+00
      vertex   5.573119e+00 5.308269e-01 -4.853553e+00
    endloop
  endfacet
  facet normal -2.054392e-01 -7.667097e-01 -6.082359e-01
    outer loop
      vertex   5.548564e+00 4.552566e-01 -4.750000e+00
      vertex   5.573119e+00 5.308269e-01 -4.853553e+00
      vertex   6.350634e+00 2.403427e-01 -4.750000e+00
    endloop
  endfacet
  facet normal -2.054392e-01 -7.667097e-01 -6.082359e-01
    outer loop
      vertex   6.350634e+00 2.403427e-01 -4.750000e+00
      vertex   5.573119e+00 5.308269e-01 -4.853553e+00
      vertex   6.367154e+00 3.180656e-01 -4.853553e+00
    endloop
  endfacet
  facet normal -1.241708e-01 -7.839838e-01 -6.082359e-01
    outer loop
      vertex   6.350634e+00 2.403427e-01 -4.750000e+00
      vertex   6.367154e+00 3.180656e-01 -4.853553e+00
      vertex   7.170774e+00 1.104452e-01 -4.750000e+00
    endloop
  endfacet
  facet normal -1.241708e-01 -7.839838e-01 -6.082359e-01
    outer loop
      vertex   7.170774e+00 1.104452e-01 -4.750000e+00
      vertex   6.367154e+00 3.180656e-01 -4.853553e+00
      vertex   7.179080e+00 1.894692e-01 -4.853553e+00
    endloop
  endfacet
  facet normal -6.084518e-01 -3.188761e-02 -7.929499e-01
    outer loop
      vertex   1.464466e-01 8.000000e+00 -4.853553e+00
      vertex   2.500000e-01 8.000000e+00 -4.933013e+00
      vertex   1.894692e-01 7.179080e+00 -4.853553e+00
    endloop
  endfacet
  facet normal -6.084518e-01 -3.188761e-02 -7.929499e-01
    outer loop
      vertex   1.894692e-01 7.179080e+00 -4.853553e+00
      vertex   2.500000e-01 8.000000e+00 -4.933013e+00
      vertex   2.924553e-01 7.189904e+00 -4.933013e+00
    endloop
  endfacet
  facet normal -6.017855e-01 -9.531346e-02 -7.929499e-01
    outer loop
      vertex   1.894692e-01 7.179080e+00 -4.853553e+00
      vertex   2.924553e-01 7.189904e+00 -4.933013e+00
      vertex   3.180656e-01 6.367154e+00 -4.853553e+00
    endloop
  endfacet
  facet normal -6.017855e-01 -9.531346e-02 -7.929499e-01
    outer loop
      vertex   3.180656e-01 6.367154e+00 -4.853553e+00
      vertex   2.924553e-01 7.189904e+00 -4.933013e+00
      vertex   4.193561e-01 6.388684e+00 -4.933013e+00
    endloop
  endfacet
  facet normal -5.885259e-01 -1.576950e-01 -7.929499e-01
    outer loop
      vertex   3.180656e-01 6.367154e+00 -4.853553e+00
      vertex   4.193561e-01 6.388684e+00 -4.933013e+00
      vertex   5.308269e-01 5.573119e+00 -4.853553e+00
    endloop
  endfacet
  facet normal -5.885259e-01 -1.576950e-01 -7.929499e-01
    outer loop
      vertex   5.308269e-01 5.573119e+00 -4.853553e+00
      vertex   4.193561e-01 6.388684e+00 -4.933013e+00
      vertex   6.293120e-01 5.605118e+00 -4.933013e+00
    endloop
  endfacet
  facet normal -5.688183e-01 -2.183489e-01 -7.929499e-01
    outer loop
      vertex   5.308269e-01 5.573119e+00 -4.853553e+00
      vertex   6.293120e-01 5.605118e+00 -4.933013e+00
      vertex   8.254220e-01 4.805672e+00 -4.853553e+00
    endloop
  endfacet
  facet normal -5.688183e-01 -2.183489e-01 -7.929499e-01
    outer loop
      vertex   8.254220e-01 4.805672e+00 -4.853553e+00
      vertex   6.293120e-01 5.605118e+00 -4.933013e+00
      vertex   9.200227e-01 4.847791e+00 -4.933013e+00
    endloop
  endfacet
  facet normal -5.428786e-01 -2.766104e-01 -7.929499e-01
    outer loop
      vertex   8.254220e-01 4.805672e+00 -4.853553e+00
      vertex   9.200227e-01 4.847791e+00 -4.933013e+00
      vertex   1.198623e+00 4.073223e+00 -4.853553e+00
    endloop
  endfacet
  facet normal -5.428786e-01 -2.766104e-01 -7.929499e-01
    outer loop
      vertex   1.198623e+00 4.073223e+00 -4.853553e+00
      vertex   9.200227e-01 4.847791e+00 -4.933013e+00
      vertex   1.288303e+00 4.125000e+00 -4.933013e+00
    endloop
  endfacet
  facet normal -5.109910e-01 -3.318414e-01 -7.929499e-01
    outer loop
      vertex   1.198623e+00 4.073223e+00 -4.853553e+00
      vertex   1.288303e+00 4.125000e+00 -4.933013e+00
      vertex   1.646342e+00 3.383797e+00 -4.853553e+00
    endloop
  endfacet
  facet normal -5.109910e-01 -3.318414e-01 -7.929499e-01
    outer loop
      vertex   1.646342e+00 3.383797e+00 -4.853553e+00
      vertex   1.288303e+00 4.125000e+00 -4.933013e+00
      vertex   1.730118e+00 3.444664e+00 -4.933013e+00
    endloop
  endfacet
  facet normal -4.735048e-01 -3.834366e-01 -7.929499e-01
    outer loop
      vertex   1.646342e+00 3.383797e+00 -4.853553e+00
      vertex   1.730118e+00 3.444664e+00 -4.933013e+00
      vertex   2.163672e+00 2.744947e+00 -4.853553e+00
    endloop
  endfacet
  facet normal -4.735048e-01 -3.834366e-01 -7.929499e-01
    outer loop
      vertex   2.163672e+00 2.744947e+00 -4.853553e+00
      vertex   1.730118e+00 3.444664e+00 -4.933013e+00
      vertex   2.240628e+00 2.814238e+00 -4.933013e+00
    endloop
  endfacet
  facet normal -4.308309e-01 -4.308309e-01 -7.929499e-01
    outer loop
      vertex   2.163672e+00 2.744947e+00 -4.853553e+00
      vertex   2.240628e+00 2.814238e+00 -4.933013e+00
      vertex   2.744947e+00 2.163672e+00 -4.853553e+00
    endloop
  endfacet
  facet normal -4.308309e-01 -4.308309e-01 -7.929499e-01
    outer loop
      vertex   2.744947e+00 2.163672e+00 -4.853553e+00
      vertex   2.240628e+00 2.814238e+00 -4.933013e+00
      vertex   2.814238e+00 2.240628e+00 -4.933013e+00
    endloop
  endfacet
  facet normal -3.834366e-01 -4.735048e-01 -7.929499e-01
    outer loop
      vertex   2.744947e+00 2.163672e+00 -4.853553e+00
      vertex   2.814238e+00 2.240628e+00 -4.933013e+00
      vertex   3.383797e+00 1.646342e+00 -4.853553e+00
    endloop
  endfacet
  facet normal -3.834366e-01 -4.735048e-01 -7.929499e-01
    outer loop
      vertex   3.383797e+00 1.646342e+00 -4.853553e+00
      vertex   2.814238e+00 2.240628e+00 -4.933013e+00
      vertex   3.444664e+00 1.730118e+00 -4.933013e+00
    endloop
  endfacet
  facet normal -3.318414e-01 -5.109910e-01 -7.929499e-01
    outer loop
      vertex   3.383797e+00 1.646342e+00 -4.853553e+00
      vertex   3.444664e+00 1.730118e+00 -4.933013e+00
      vertex   4.073223e+00 1.198623e+00 -4.853553e+00
    endloop
  endfacet
  facet normal -3.318414e-01 -5.109910e-01 -7.929499e-01
    outer loop
      vertex   4.073223e+00 1.198623e+00 -4.853553e+00
      vertex   3.444664e+00 1.730118e+00 -4.933013e+00
      vertex   4.125000e+00 1.288303e+00 -4.933013e+00
    endloop
  endfacet
  facet normal -2.766104e-01 -5.428786e-01 -7.929499e-01
    outer loop
      vertex   4.073223e+00 1.198623e+00 -4.853553e+00
      vertex   4.125000e+00 1.288303e+00 -4.933013e+00
      vertex   4.805672e+00 8.254220e-01 -4.853553e+00
    endloop
  endfacet
  facet normal -2.766104e-01 -5.428786e-01 -7.929499e-01
    outer loop
      vertex   4.805672e+00 8.254220e-01 -4.853553e+00
      vertex   4.125000e+00 1.288303e+00 -4.933013e+00
      vertex   4.847791e+00 9.200227e-01 -4.933013e+00
    endloop
  endfacet
  facet normal -2.183489e-01 -5.688183e-01 -7.929499e-01
    outer loop
      vertex   4.805672e+00 8.254220e-01 -4.853553e+00
      vertex   4.847791e+00 9.200227e-01 -4.933013e+00
      vertex   5.573119e+00 5.308269e-01 -4.853553e+00
    endloop
  endfacet
  facet normal -2.183489e-01 -5.688183e-01 -7.929499e-01
    outer loop
      vertex   5.573119e+00 5.308269e-01 -4.853553e+00
      vertex   4.847791e+00 9.200227e-01 -4.933013e+00
      vertex   5.605118e+00 6.293120e-01 -4.933013e+00
    endloop
  endfacet
  facet normal -1.576950e-01 -5.885259e-01 -7.929499e-01
    outer loop
      vertex   5.573119e+00 5.308269e-01 -4.853553e+00
      vertex   5.605118e+00 6.293120e-01 -4.933013e+00
      vertex   6.367154e+00 3.180656e-01 -4.853553e+00
    endloop
  endfacet
  facet normal -1.576950e-01 -5.885259e-01 -7.929499e-01
    outer loop
      vertex   6.367154e+00 3.180656e-01 -4.853553e+00
      vertex   5.605118e+00 6.293120e-01 -4.933013e+00
      vertex   6.388684e+00 4.193561e-01 -4.933013e+00
    endloop
  endfacet
  facet normal -9.531346e-02 -6.017855e-01 -7.929499e-01
    outer loop
      vertex   6.367154e+00 3.180656e-01 -4.853553e+00
      vertex   6.388684e+00 4.193561e-01 -4.933013e+00
      vertex   7.179080e+00 1.894692e-01 -4.853553e+00
    endloop
  endfacet
  facet normal -9.531346e-02 -6.017855e-01 -7.929499e-01
    outer loop
      vertex   7.179080e+00 1.894692e-01 -4.853553e+00
      vertex   6.388684e+00 4.193561e-01 -4.933013e+00
      vertex   7.189904e+00 2.924553e-01 -4.933013e+00
    endloop
  endfacet
  facet normal -3.826065e-01 -2.005156e-02 -9.236938e-01
    outer loop
      vertex   2.500000e-01 8.000000e+00 -4.933013e+00
      vertex   3.705905e-01 8.000000e+00 -4.982963e+00
      vertex   2.924553e-01 7.189904e+00 -4.933013e+00
    endloop
  endfacet
  facet normal -3.826065e-01 -2.005156e-02 -9.236938e-01
    outer loop
      vertex   2.924553e-01 7.189904e+00 -4.933013e+00
      vertex   3.705905e-01 8.000000e+00 -4.982963e+00
      vertex   4.123852e-01 7.202510e+00 -4.982963e+00
    endloop
  endfacet
  facet normal -3.784146e-01 -5.993498e-02 -9.236938e-01
    outer loop
      vertex   2.924553e-01 7.189904e+00 -4.933013e+00
      vertex   4.123852e-01 7.202510e+00 -4.982963e+00
      vertex   4.193561e-01 6.388684e+00 -4.933013e+00
    endloop
  endfacet
  facet normal -3.784146e-01 -5.993498e-02 -9.236938e-01
    outer loop
      vertex   4.193561e-01 6.388684e+00 -4.933013e+00
      vertex   4.123852e-01 7.202510e+00 -4.982963e+00
      vertex   5.373114e-01 6.413757e+00 -4.982963e+00
    endloop
  endfacet
  facet normal -3.700767e-01 -9.916174e-02 -9.236938e-01
    outer loop
      vertex   4.193561e-01 6.388684e+00 -4.933013e+00
      vertex   5.373114e-01 6.413757e+00 -4.982963e+00
      vertex   6.293120e-01 5.605118e+00 -4.933013e+00
    endloop
  endfacet
  facet normal -3.700767e-01 -9.916174e-02 -9.236938e-01
    outer loop
      vertex   6.293120e-01 5.605118e+00 -4.933013e+00
      vertex   5.373114e-01 6.413757e+00 -4.982963e+00
      vertex   7.440004e-01 5.642383e+00 -4.982963e+00
    endloop
  endfacet
  facet normal -3.576841e-01 -1.373021e-01 -9.236938e-01
    outer loop
      vertex   6.293120e-01 5.605118e+00 -4.933013e+00
      vertex   7.440004e-01 5.642383e+00 -4.982963e+00
      vertex   9.200227e-01 4.847791e+00 -4.933013e+00
    endloop
  endfacet
  facet normal -3.576841e-01 -1.373021e-01 -9.236938e-01
    outer loop
      vertex   9.200227e-01 4.847791e+00 -4.933013e+00
      vertex   7.440004e-01 5.642383e+00 -4.982963e+00
      vertex   1.030188e+00 4.896840e+00 -4.982963e+00
    endloop
  endfacet
  facet normal -3.413727e-01 -1.739381e-01 -9.236938e-01
    outer loop
      vertex   9.200227e-01 4.847791e+00 -4.933013e+00
      vertex   1.030188e+00 4.896840e+00 -4.982963e+00
      vertex   1.288303e+00 4.125000e+00 -4.933013e+00
    endloop
  endfacet
  facet normal -3.413727e-01 -1.739381e-01 -9.236938e-01
    outer loop
      vertex   1.288303e+00 4.125000e+00 -4.933013e+00
      vertex   1.030188e+00 4.896840e+00 -4.982963e+00
      vertex   1.392738e+00 4.185295e+00 -4.982963e+00
    endloop
  endfacet
  facet normal -3.213212e-01 -2.086684e-01 -9.236938e-01
    outer loop
      vertex   1.288303e+00 4.125000e+00 -4.933013e+00
      vertex   1.392738e+00 4.185295e+00 -4.982963e+00
      vertex   1.730118e+00 3.444664e+00 -4.933013e+00
    endloop
  endfacet
  facet normal -3.213212e-01 -2.086684e-01 -9.236938e-01
    outer loop
      vertex   1.730118e+00 3.444664e+00 -4.933013e+00
      vertex   1.392738e+00 4.185295e+00 -4.982963e+00
      vertex   1.827678e+00 3.515546e+00 -4.982963e+00
    endloop
  endfacet
  facet normal -2.977491e-01 -2.411125e-01 -9.236938e-01
    outer loop
      vertex   1.730118e+00 3.444664e+00 -4.933013e+00
      vertex   1.827678e+00 3.515546e+00 -4.982963e+00
      vertex   2.240628e+00 2.814238e+00 -4.933013e+00
    endloop
  endfacet
  facet normal -2.977491e-01 -2.411125e-01 -9.236938e-01
    outer loop
      vertex   2.240628e+00 2.814238e+00 -4.933013e+00
      vertex   1.827678e+00 3.515546e+00 -4.982963e+00
      vertex   2.330244e+00 2.894929e+00 -4.982963e+00
    endloop
  endfacet
  facet normal -2.709149e-01 -2.709149e-01 -9.236938e-01
    outer loop
      vertex   2.240628e+00 2.814238e+00 -4.933013e+00
      vertex   2.330244e+00 2.894929e+00 -4.982963e+00
      vertex   2.814238e+00 2.240628e+00 -4.933013e+00
    endloop
  endfacet
  facet normal -2.709149e-01 -2.709149e-01 -9.236938e-01
    outer loop
      vertex   2.814238e+00 2.240628e+00 -4.933013e+00
      vertex   2.330244e+00 2.894929e+00 -4.982963e+00
      vertex   2.894929e+00 2.330244e+00 -4.982963e+00
    endloop
  endfacet
  facet normal -2.411125e-01 -2.977491e-01 -9.236938e-01
    outer loop
      vertex   2.814238e+00 2.240628e+00 -4.933013e+00
      vertex   2.894929e+00 2.330244e+00 -4.982963e+00
      vertex   3.444664e+00 1.730118e+00 -4.933013e+00
    endloop
  endfacet
  facet normal -2.411125e-01 -2.977491e-01 -9.236938e-01
    outer loop
      vertex   3.444664e+00 1.730118e+00 -4.933013e+00
      vertex   2.894929e+00 2.330244e+00 -4.982963e+00
      vertex   3.515546e+00 1.827678e+00 -4.982963e+00
    endloop
  endfacet
  facet normal -2.086684e-01 -3.213212e-01 -9.236938e-01
    outer loop
      vertex   3.444664e+00 1.730118e+00 -4.933013e+00
      vertex   3.515546e+00 1.827678e+00 -4.982963e+00
      vertex   4.125000e+00 1.288303e+00 -4.933013e+00
    endloop
  endfacet
  facet normal -2.086684e-01 -3.213212e-01 -9.236938e-01
    outer loop
      vertex   4.125000e+00 1.288303e+00 -4.933013e+00
      vertex   3.515546e+00 1.827678e+00 -4.982963e+00
      vertex   4.185295e+00 1.392738e+00 -4.982963e+00
    endloop
  endfacet
  facet normal -1.739381e-01 -3.413727e-01 -9.236938e-01
    outer loop
      vertex   4.125000e+00 1.288303e+00 -4.933013e+00
      vertex   4.185295e+00 1.392738e+00 -4.982963e+00
      vertex   4.847791e+00 9.200227e-01 -4.933013e+00
    endloop
  endfacet
  facet normal -1.739381e-01 -3.413727e-01 -9.236938e-01
    outer loop
      vertex   4.847791e+00 9.200227e-01 -4.933013e+00
      vertex   4.185295e+00 1.392738e+00 -4.982963e+00
      vertex   4.896840e+00 1.030188e+00 -4.982963e+00
    endloop
  endfacet
  facet normal -1.373021e-01 -3.576841e-01 -9.236938e-01
    outer loop
      vertex   4.847791e+00 9.200227e-01 -4.933013e+00
      vertex   4.896840e+00 1.030188e+00 -4.982963e+00
      vertex   5.605118e+00 6.293120e-01 -4.933013e+00
    endloop
  endfacet
  facet normal -1.373021e-01 -3.576841e-01 -9.236938e-01
    outer loop
      vertex   5.605118e+00 6.293120e-01 -4.933013e+00
      vertex   4.896840e+00 1.030188e+00 -4.982963e+00
      vertex   5.642383e+00 7.440004e-01 -4.982963e+00
    endloop
  endfacet
  facet normal -9.916174e-02 -3.700767e-01 -9.236938e-01
    outer loop
      vertex   5.605118e+00 6.293120e-01 -4.933013e+00
      vertex   5.642383e+00 7.440004e-01 -4.982963e+00
      vertex   6.388684e+00 4.193561e-01 -4.933013e+00
    endloop
  endfacet
  facet normal -9.916174e-02 -3.700767e-01 -9.236938e-01
    outer loop
      vertex   6.388684e+00 4.193561e-01 -4.933013e+00
      vertex   5.642383e+00 7.440004e-01 -4.982963e+00
      vertex   6.413757e+00 5.373114e-01 -4.982963e+00
    endloop
  endfacet
  facet normal -5.993498e-02 -3.784146e-01 -9.236938e-01
    outer loop
      vertex   6.388684e+00 4.193561e-01 -4.933013e+00
      vertex   6.413757e+00 5.373114e-01 -4.982963e+00
      vertex   7.189904e+00 2.924553e-01 -4.933013e+00
    endloop
  endfacet
  facet normal -5.993498e-02 -3.784146e-01 -9.236938e-01
    outer loop
      vertex   7.189904e+00 2.924553e-01 -4.933013e+00
      vertex   6.413757e+00 5.373114e-01 -4.982963e+00
      vertex   7.202510e+00 4.123852e-01 -4.982963e+00
    endloop
  endfacet
  facet normal -1.305231e-01 -6.840428e-03 -9.914217e-01
    outer loop
      vertex   3.705905e-01 8.000000e+00 -4.982963e+00
      vertex   5.000000e-01 8.000000e+00 -5.000000e+00
      vertex   4.123852e-01 7.202510e+00 -4.982963e+00
    endloop
  endfacet
  facet normal -1.305231e-01 -6.840428e-03 -9.914217e-01
    outer loop
      vertex   4.123852e-01 7.202510e+00 -4.982963e+00
      vertex   5.000000e-01 8.000000e+00 -5.000000e+00
      vertex   5.410858e-01 7.216037e+00 -5.000000e+00
    endloop
  endfacet
  facet normal -1.290931e-01 -2.044634e-02 -9.914217e-01
    outer loop
      vertex   4.123852e-01 7.202510e+00 -4.982963e+00
      vertex   5.410858e-01 7.216037e+00 -5.000000e+00
      vertex   5.373114e-01 6.413757e+00 -4.982963e+00
    endloop
  endfacet
  facet normal -1.290931e-01 -2.044634e-02 -9.914217e-01
    outer loop
      vertex   5.373114e-01 6.413757e+00 -4.982963e+00
      vertex   5.410858e-01 7.216037e+00 -5.000000e+00
      vertex   6.638930e-01 6.440662e+00 -5.000000e+00
    endloop
  endfacet
  facet normal -1.262487e-01 -3.382823e-02 -9.914217e-01
    outer loop
      vertex   5.373114e-01 6.413757e+00 -4.982963e+00
      vertex   6.638930e-01 6.440662e+00 -5.000000e+00
      vertex   7.440004e-01 5.642383e+00 -4.982963e+00
    endloop
  endfacet
  facet normal -1.262487e-01 -3.382823e-02 -9.914217e-01
    outer loop
      vertex   7.440004e-01 5.642383e+00 -4.982963e+00
      vertex   6.638930e-01 6.440662e+00 -5.000000e+00
      vertex   8.670761e-01 5.682373e+00 -5.000000e+00
    endloop
  endfacet
  facet normal -1.220211e-01 -4.683950e-02 -9.914217e-01
    outer loop
      vertex   7.440004e-01 5.642383e+00 -4.982963e+00
      vertex   8.670761e-01 5.682373e+00 -5.000000e+00
      vertex   1.030188e+00 4.896840e+00 -4.982963e+00
    endloop
  endfacet
  facet normal -1.220211e-01 -4.683950e-02 -9.914217e-01
    outer loop
      vertex   1.030188e+00 4.896840e+00 -4.982963e+00
      vertex   8.670761e-01 5.682373e+00 -5.000000e+00
      vertex   1.148409e+00 4.949475e+00 -5.000000e+00
    endloop
  endfacet
  facet normal -1.164566e-01 -5.933758e-02 -9.914217e-01
    outer loop
      vertex   1.030188e+00 4.896840e+00 -4.982963e+00
      vertex   1.148409e+00 4.949475e+00 -5.000000e+00
      vertex   1.392738e+00 4.185295e+00 -4.982963e+00
    endloop
  endfacet
  facet normal -1.164566e-01 -5.933758e-02 -9.914217e-01
    outer loop
      vertex   1.392738e+00 4.185295e+00 -4.982963e+00
      vertex   1.148409e+00 4.949475e+00 -5.000000e+00
      vertex   1.504809e+00 4.250000e+00 -5.000000e+00
    endloop
  endfacet
  facet normal -1.096161e-01 -7.118555e-02 -9.914217e-01
    outer loop
      vertex   1.392738e+00 4.185295e+00 -4.982963e+00
      vertex   1.504809e+00 4.250000e+00 -5.000000e+00
      vertex   1.827678e+00 3.515546e+00 -4.982963e+00
    endloop
  endfacet
  facet normal -1.096161e-01 -7.118555e-02 -9.914217e-01
    outer loop
      vertex   1.827678e+00 3.515546e+00 -4.982963e+00
      vertex   1.504809e+00 4.250000e+00 -5.000000e+00
      vertex   1.932373e+00 3.591611e+00 -5.000000e+00
    endloop
  endfacet
  facet normal -1.015747e-01 -8.225360e-02 -9.914217e-01
    outer loop
      vertex   1.827678e+00 3.515546e+00 -4.982963e+00
      vertex   1.932373e+00 3.591611e+00 -5.000000e+00
      vertex   2.330244e+00 2.894929e+00 -4.982963e+00
    endloop
  endfacet
  facet normal -1.015747e-01 -8.225360e-02 -9.914217e-01
    outer loop
      vertex   2.330244e+00 2.894929e+00 -4.982963e+00
      vertex   1.932373e+00 3.591611e+00 -5.000000e+00
      vertex   2.426414e+00 2.981520e+00 -5.000000e+00
    endloop
  endfacet
  facet normal -9.242046e-02 -9.242046e-02 -9.914217e-01
    outer loop
      vertex   2.330244e+00 2.894929e+00 -4.982963e+00
      vertex   2.426414e+00 2.981520e+00 -5.000000e+00
      vertex   2.894929e+00 2.330244e+00 -4.982963e+00
    endloop
  endfacet
  facet normal -9.242046e-02 -9.242046e-02 -9.914217e-01
    outer loop
      vertex   2.894929e+00 2.330244e+00 -4.982963e+00
      vertex   2.426414e+00 2.981520e+00 -5.000000e+00
      vertex   2.981520e+00 2.426414e+00 -5.000000e+00
    endloop
  endfacet
  facet normal -8.225360e-02 -1.015747e-01 -9.914217e-01
    outer loop
      vertex   2.894929e+00 2.330244e+00 -4.982963e+00
      vertex   2.981520e+00 2.426414e+00 -5.000000e+00
      vertex   3.515546e+00 1.827678e+00 -4.982963e+00
    endloop
  endfacet
  facet normal -8.225360e-02 -1.015747e-01 -9.914217e-01
    outer loop
      vertex   3.515546e+00 1.827678e+00 -4.982963e+00
      vertex   2.981520e+00 2.426414e+00 -5.000000e+00
      vertex   3.591611e+00 1.932373e+00 -5.000000e+00
    endloop
  endfacet
  facet normal -7.118555e-02 -1.096161e-01 -9.914217e-01
    outer loop
      vertex   3.515546e+00 1.827678e+00 -4.982963e+00
      vertex   3.591611e+00 1.932373e+00 -5.000000e+00
      vertex   4.185295e+00 1.392738e+00 -4.982963e+00
    endloop
  endfacet
  facet normal -7.118555e-02 -1.096161e-01 -9.914217e-01
    outer loop
      vertex   4.185295e+00 1.392738e+00 -4.982963e+00
      vertex   3.591611e+00 1.932373e+00 -5.000000e+00
      vertex   4.250000e+00 1.504809e+00 -5.000000e+00
    endloop
  endfacet
  facet normal -5.933758e-02 -1.164566e-01 -9.914217e-01
    outer loop
      vertex   4.185295e+00 1.392738e+00 -4.982963e+00
      vertex   4.250000e+00 1.504809e+00 -5.000000e+00
      vertex   4.896840e+00 1.030188e+00 -4.982963e+00
    endloop
  endfacet
  facet normal -5.933758e-02 -1.164566e-01 -9.914217e-01
    outer loop
      vertex   4.896840e+00 1.030188e+00 -4.982963e+00
      vertex   4.250000e+00 1.504809e+00 -5.000000e+00
      vertex   4.949475e+00 1.148409e+00 -5.000000e+00
    endloop
  endfacet
  facet normal -4.683950e-02 -1.220211e-01 -9.914217e-01
    outer loop
      vertex   4.896840e+00 1.030188e+00 -4.982963e+00
      vertex   4.949475e+00 1.148409e+00 -5.000000e+00
      vertex   5.642383e+00 7.440004e-01 -4.982963e+00
    endloop
  endfacet
  facet normal -4.683950e-02 -1.220211e-01 -9.914217e-01
    outer loop
      vertex   5.642383e+00 7.440004e-01 -4.982963e+00
      vertex   4.949475e+00 1.148409e+00 -5.000000e+00
      vertex   5.682373e+00 8.670761e-01 -5.000000e+00
    endloop
  endfacet
  facet normal -3.382823e-02 -1.262487e-01 -9.914217e-01
    outer loop
      vertex   5.642383e+00 7.440004e-01 -4.982963e+00
      vertex   5.682373e+00 8.670761e-01 -5.000000e+00
      vertex   6.413757e+00 5.373114e-01 -4.982963e+00
    endloop
  endfacet
  facet normal -3.382823e-02 -1.262487e-01 -9.914217e-01
    outer loop
      vertex   6.413757e+00 5.373114e-01 -4.982963e+00
      vertex   5.682373e+00 8.670761e-01 -5.000000e+00
      vertex   6.440662e+00 6.638930e-01 -5.000000e+00
    endloop
  endfacet
  facet normal -2.044634e-02 -1.290931e-01 -9.914217e-01
    outer loop
      vertex   6.413757e+00 5.373114e-01 -4.982963e+00
      vertex   6.440662e+00 6.638930e-01 -5.000000e+00
      vertex   7.202510e+00 4.123852e-01 -4.982963e+00
    endloop
  endfacet
  facet normal -2.044634e-02 -1.290931e-01 -9.914217e-01
    outer loop
      vertex   7.202510e+00 4.123852e-01 -4.982963e+00
      vertex   6.440662e+00 6.638930e-01 -5.000000e+00
      vertex   7.216037e+00 5.410858e-01 -5.000000e+00
    endloop
  endfacet
  facet normal -9.914449e-01 -1.547894e-16 -1.305262e-01
    outer loop
      vertex   1.703709e-02 3.200000e+01 -4.629410e+00
      vertex   1.703709e-02 2.933333e+01 -4.629410e+00
      vertex   0.000000e+00 3.200000e+01 -4.500000e+00
    endloop
  endfacet
  facet normal -9.914449e-01 -5.913805e-19 -1.305262e-01
    outer loop
      vertex   0.000000e+00 3.200000e+01 -4.500000e+00
      vertex   1.703709e-02 2.933333e+01 -4.629410e+00
      vertex   1.703709e-02 2.666667e+01 -4.629410e+00
    endloop
  endfacet
  facet normal -9.914449e-01 -5.913805e-19 -1.305262e-01
    outer loop
      vertex   0.000000e+00 3.200000e+01 -4.500000e+00
      vertex   1.703709e-02 2.666667e+01 -4.629410e+00
      vertex   1.703709e-02 2.400000e+01 -4.629410e+00
    endloop
  endfacet
  facet normal -9.238795e-01 0.000000e+00 -3.826834e-01
    outer loop
      vertex   1.703709e-02 2.400000e+01 -4.629410e+00
      vertex   1.703709e-02 2.666667e+01 -4.629410e+00
      vertex   6.698730e-02 2.400000e+01 -4.750000e+00
    endloop
  endfacet
  facet normal -9.238795e-01 -2.705805e-19 -3.826834e-01
    outer loop
      vertex   1.703709e-02 2.400000e+01 -4.629410e+00
      vertex   6.698730e-02 2.400000e+01 -4.750000e+00
      vertex   6.698730e-02 2.133333e+01 -4.750000e+00
    endloop
  endfacet
  facet normal -7.933533e-01 0.000000e+00 -6.087614e-01
    outer loop
      vertex   6.698730e-02 2.133333e+01 -4.750000e+00
      vertex   6.698730e-02 2.400000e+01 -4.750000e+00
      vertex   1.464466e-01 2.133333e+01 -4.853553e+00
    endloop
  endfacet
  facet normal -7.933533e-01 1.027553e-18 -6.087614e-01
    outer loop
      vertex   6.698730e-02 2.133333e+01 -4.750000e+00
      vertex   1.464466e-01 2.133333e+01 -4.853553e+00
      vertex   1.464466e-01 1.866667e+01 -4.853553e+00
    endloop
  endfacet
  facet normal -6.087614e-01 0.000000e+00 -7.933533e-01
    outer loop
      vertex   1.464466e-01 1.866667e+01 -4.853553e+00
      vertex   1.464466e-01 2.133333e+01 -4.853553e+00
      vertex   2.500000e-01 1.866667e+01 -4.933013e+00
    endloop
  endfacet
  facet normal -6.087614e-01 -9.693032e-19 -7.933533e-01
    outer loop
      vertex   1.464466e-01 1.866667e+01 -4.853553e+00
      vertex   2.500000e-01 1.866667e+01 -4.933013e+00
      vertex   2.500000e-01 1.600000e+01 -4.933013e+00
    endloop
  endfacet
  facet normal -3.826834e-01 0.000000e+00 -9.238795e-01
    outer loop
      vertex   2.500000e-01 1.600000e+01 -4.933013e+00
      vertex   2.500000e-01 1.866667e+01 -4.933013e+00
      vertex   3.705905e-01 1.600000e+01 -4.982963e+00
    endloop
  endfacet
  facet normal -3.826834e-01 8.444263e-19 -9.238795e-01
    outer loop
      vertex   2.500000e-01 1.600000e+01 -4.933013e+00
      vertex   3.705905e-01 1.600000e+01 -4.982963e+00
      vertex   3.705905e-01 1.333333e+01 -4.982963e+00
    endloop
  endfacet
  facet normal -1.305262e-01 0.000000e+00 -9.914449e-01
    outer loop
      vertex   3.705905e-01 1.333333e+01 -4.982963e+00
      vertex   3.705905e-01 1.600000e+01 -4.982963e+00
      vertex   5.000000e-01 8.000000e+00 -5.000000e+00
    endloop
  endfacet
  facet normal -1.305262e-01 -0.000000e+00 -9.914449e-01
    outer loop
      vertex   3.705905e-01 1.333333e+01 -4.982963e+00
      vertex   5.000000e-01 8.000000e+00 -5.000000e+00
      vertex   3.705905e-01 1.066667e+01 -4.982963e+00
    endloop
  endfacet
  facet normal -1.305262e-01 3.356517e-16 -9.914449e-01
    outer loop
      vertex   3.705905e-01 1.066667e+01 -4.982963e+00
      vertex   5.000000e-01 8.000000e+00 -5.000000e+00
      vertex   3.705905e-01 8.000000e+00 -4.982963e+00
    endloop
  endfacet
  facet normal -3.826834e-01 3.236461e-16 -9.238795e-01
    outer loop
      vertex   3.705905e-01 1.066667e+01 -4.982963e+00
      vertex   3.705905e-01 8.000000e+00 -4.982963e+00
      vertex   2.500000e-01 1.066667e+01 -4.933013e+00
    endloop
  endfacet
  facet normal -3.826834e-01 3.186480e-17 -9.238795e-01
    outer loop
      vertex   2.500000e-01 1.066667e+01 -4.933013e+00
      vertex   3.705905e-01 8.000000e+00 -4.982963e+00
      vertex   2.500000e-01 8.000000e+00 -4.933013e+00
    endloop
  endfacet
  facet normal -6.087614e-01 5.068957e-17 -7.933533e-01
    outer loop
      vertex   2.500000e-01 1.066667e+01 -4.933013e+00
      vertex   2.500000e-01 8.000000e+00 -4.933013e+00
      vertex   1.464466e-01 1.066667e+01 -4.853553e+00
    endloop
  endfacet
  facet normal -6.087614e-01 1.013791e-16 -7.933533e-01
    outer loop
      vertex   1.464466e-01 1.066667e+01 -4.853553e+00
      vertex   2.500000e-01 8.000000e+00 -4.933013e+00
      vertex   1.464466e-01 8.000000e+00 -4.853553e+00
    endloop
  endfacet
  facet normal -7.933533e-01 1.321199e-16 -6.087614e-01
    outer loop
      vertex   1.464466e-01 1.066667e+01 -4.853553e+00
      vertex   1.464466e-01 8.000000e+00 -4.853553e+00
      vertex   6.698730e-02 1.066667e+01 -4.750000e+00
    endloop
  endfacet
  facet normal -7.933533e-01 1.238624e-16 -6.087614e-01
    outer loop
      vertex   6.698730e-02 1.066667e+01 -4.750000e+00
      vertex   1.464466e-01 8.000000e+00 -4.853553e+00
      vertex   6.698730e-02 8.000000e+00 -4.750000e+00
    endloop
  endfacet
  facet normal -9.238795e-01 1.442408e-16 -3.826834e-01
    outer loop
      vertex   6.698730e-02 1.066667e+01 -4.750000e+00
      vertex   6.698730e-02 8.000000e+00 -4.750000e+00
      vertex   1.703709e-02 1.066667e+01 -4.629410e+00
    endloop
  endfacet
  facet normal -9.238795e-01 1.442408e-16 -3.826834e-01
    outer loop
      vertex   1.703709e-02 1.066667e+01 -4.629410e+00
      vertex   6.698730e-02 8.000000e+00 -4.750000e+00
      vertex   1.703709e-02 8.000000e+00 -4.629410e+00
    endloop
  endfacet
  facet normal -9.914449e-01 1.547894e-16 -1.305262e-01
    outer loop
      vertex   1.703709e-02 1.066667e+01 -4.629410e+00
      vertex   1.703709e-02 8.000000e+00 -4.629410e+00
      vertex   0.000000e+00 8.000000e+00 -4.500000e+00
    endloop
  endfacet
  facet normal -9.238795e-01 -1.442408e-16 -3.826834e-01
    outer loop
      vertex   1.703709e-02 2.933333e+01 -4.629410e+00
      vertex   1.703709e-02 3.200000e+01 -4.629410e+00
      vertex   6.698730e-02 2.933333e+01 -4.750000e+00
    endloop
  endfacet
  facet normal -9.238795e-01 -1.442408e-16 -3.826834e-01
    outer loop
      vertex   6.698730e-02 2.933333e+01 -4.750000e+00
      vertex   1.703709e-02 3.200000e+01 -4.629410e+00
      vertex   6.698730e-02 3.200000e+01 -4.750000e+00
    endloop
  endfacet
  facet normal -7.933533e-01 -1.238624e-16 -6.087614e-01
    outer loop
      vertex   6.698730e-02 2.933333e+01 -4.750000e+00
      vertex   6.698730e-02 3.200000e+01 -4.750000e+00
      vertex   1.464466e-01 2.933333e+01 -4.853553e+00
    endloop
  endfacet
  facet normal -7.933533e-01 -1.321199e-16 -6.087614e-01
    outer loop
      vertex   1.464466e-01 2.933333e+01 -4.853553e+00
      vertex   6.698730e-02 3.200000e+01 -4.750000e+00
      vertex   1.464466e-01 3.200000e+01 -4.853553e+00
    endloop
  endfacet
  facet normal -6.087614e-01 -1.013791e-16 -7.933533e-01
    outer loop
      vertex   1.464466e-01 2.933333e+01 -4.853553e+00
      vertex   1.464466e-01 3.200000e+01 -4.853553e+00
      vertex   2.500000e-01 2.933333e+01 -4.933013e+00
    endloop
  endfacet
  facet normal -6.087614e-01 -5.068957e-17 -7.933533e-01
    outer loop
      vertex   2.500000e-01 2.933333e+01 -4.933013e+00
      vertex   1.464466e-01 3.200000e+01 -4.853553e+00
      vertex   2.500000e-01 3.200000e+01 -4.933013e+00
    endloop
  endfacet
  facet normal -3.826834e-01 -3.186480e-17 -9.238795e-01
    outer loop
      vertex   2.500000e-01 2.933333e+01 -4.933013e+00
      vertex   2.500000e-01 3.200000e+01 -4.933013e+00
      vertex   3.705905e-01 2.933333e+01 -4.982963e+00
    endloop
  endfacet
  facet normal -3.826834e-01 -3.236461e-16 -9.238795e-01
    outer loop
      vertex   3.705905e-01 2.933333e+01 -4.982963e+00
      vertex   2.500000e-01 3.200000e+01 -4.933013e+00
      vertex   3.705905e-01 3.200000e+01 -4.982963e+00
    endloop
  endfacet
  facet normal -1.305262e-01 -3.356517e-16 -9.914449e-01
    outer loop
      vertex   3.705905e-01 2.933333e+01 -4.982963e+00
      vertex   3.705905e-01 3.200000e+01 -4.982963e+00
      vertex   5.000000e-01 3.200000e+01 -5.000000e+00
    endloop
  endfacet
  facet normal -1.305262e-01 0.000000e+00 -9.914449e-01
    outer loop
      vertex   5.000000e-01 8.000000e+00 -5.000000e+00
      vertex   3.705905e-01 2.133333e+01 -4.982963e+00
      vertex   5.000000e-01 3.200000e+01 -5.000000e+00
    endloop
  endfacet
  facet normal -1.305262e-01 -1.497811e-19 -9.914449e-01
    outer loop
      vertex   5.000000e-01 3.200000e+01 -5.000000e+00
      vertex   3.705905e-01 2.133333e+01 -4.982963e+00
      vertex   3.705905e-01 2.400000e+01 -4.982963e+00
    endloop
  endfacet
  facet normal -1.305262e-01 -1.497811e-19 -9.914449e-01
    outer loop
      vertex   5.000000e-01 3.200000e+01 -5.000000e+00
      vertex   3.705905e-01 2.400000e+01 -4.982963e+00
      vertex   3.705905e-01 2.666667e+01 -4.982963e+00
    endloop
  endfacet
  facet normal -3.826834e-01 -0.000000e+00 -9.238795e-01
    outer loop
      vertex   3.705905e-01 2.666667e+01 -4.982963e+00
      vertex   3.705905e-01 2.400000e+01 -4.982963e+00
      vertex   2.500000e-01 2.666667e+01 -4.933013e+00
    endloop
  endfacet
  facet normal -3.826834e-01 8.444263e-19 -9.238795e-01
    outer loop
      vertex   3.705905e-01 2.666667e+01 -4.982963e+00
      vertex   2.500000e-01 2.666667e+01 -4.933013e+00
      vertex   2.500000e-01 2.933333e+01 -4.933013e+00
    endloop
  endfacet
  facet normal -6.087614e-01 -0.000000e+00 -7.933533e-01
    outer loop
      vertex   2.500000e-01 2.933333e+01 -4.933013e+00
      vertex   2.500000e-01 2.666667e+01 -4.933013e+00
      vertex   1.464466e-01 2.933333e+01 -4.853553e+00
    endloop
  endfacet
  facet normal -9.914449e-01 -0.000000e+00 -1.305262e-01
    outer loop
      vertex   0.000000e+00 3.200000e+01 -4.500000e+00
      vertex   1.703709e-02 1.866667e+01 -4.629410e+00
      vertex   0.000000e+00 8.000000e+00 -4.500000e+00
    endloop
  endfacet
  facet normal -9.914449e-01 -5.913805e-19 -1.305262e-01
    outer loop
      vertex   0.000000e+00 8.000000e+00 -4.500000e+00
      vertex   1.703709e-02 1.866667e+01 -4.629410e+00
      vertex   1.703709e-02 1.600000e+01 -4.629410e+00
    endloop
  endfacet
  facet normal -9.914449e-01 -5.913805e-19 -1.305262e-01
    outer loop
      vertex   0.000000e+00 8.000000e+00 -4.500000e+00
      vertex   1.703709e-02 1.600000e+01 -4.629410e+00
      vertex   1.703709e-02 1.333333e+01 -4.629410e+00
    endloop
  endfacet
  facet normal -9.238795e-01 0.000000e+00 -3.826834e-01
    outer loop
      vertex   1.703709e-02 1.333333e+01 -4.629410e+00
      vertex   1.703709e-02 1.600000e+01 -4.629410e+00
      vertex   6.698730e-02 1.333333e+01 -4.750000e+00
    endloop
  endfacet
  facet normal -9.238795e-01 -2.705805e-19 -3.826834e-01
    outer loop
      vertex   1.703709e-02 1.333333e+01 -4.629410e+00
      vertex   6.698730e-02 1.333333e+01 -4.750000e+00
      vertex   6.698730e-02 1.066667e+01 -4.750000e+00
    endloop
  endfacet
  facet normal -7.933533e-01 0.000000e+00 -6.087614e-01
    outer loop
      vertex   6.698730e-02 1.066667e+01 -4.750000e+00
      vertex   6.698730e-02 1.333333e+01 -4.750000e+00
      vertex   1.464466e-01 1.066667e+01 -4.853553e+00
    endloop
  endfacet
  facet normal -9.238795e-01 0.000000e+00 -3.826834e-01
    outer loop
      vertex   1.703709e-02 2.666667e+01 -4.629410e+00
      vertex   1.703709e-02 2.933333e+01 -4.629410e+00
      vertex   6.698730e-02 2.666667e+01 -4.750000e+00
    endloop
  endfacet
  facet normal -9.238795e-01 0.000000e+00 -3.826834e-01
    outer loop
      vertex   6.698730e-02 2.666667e+01 -4.750000e+00
      vertex   1.703709e-02 2.933333e+01 -4.629410e+00
      vertex   6.698730e-02 2.933333e+01 -4.750000e+00
    endloop
  endfacet
  facet normal -7.933533e-01 0.000000e+00 -6.087614e-01
    outer loop
      vertex   6.698730e-02 2.666667e+01 -4.750000e+00
      vertex   6.698730e-02 2.933333e+01 -4.750000e+00
      vertex   1.464466e-01 2.666667e+01 -4.853553e+00
    endloop
  endfacet
  facet normal -7.933533e-01 0.000000e+00 -6.087614e-01
    outer loop
      vertex   1.464466e-01 2.666667e+01 -4.853553e+00
      vertex   6.698730e-02 2.933333e+01 -4.750000e+00
      vertex   1.464466e-01 2.933333e+01 -4.853553e+00
    endloop
  endfacet
  facet normal -6.087614e-01 0.000000e+00 -7.933533e-01
    outer loop
      vertex   1.464466e-01 2.666667e+01 -4.853553e+00
      vertex   1.464466e-01 2.933333e+01 -4.853553e+00
      vertex   2.500000e-01 2.666667e+01 -4.933013e+00
    endloop
  endfacet
  facet normal -9.914449e-01 0.000000e+00 -1.305262e-01
    outer loop
      vertex   1.703709e-02 1.866667e+01 -4.629410e+00
      vertex   0.000000e+00 3.200000e+01 -4.500000e+00
      vertex   1.703709e-02 2.133333e+01 -4.629410e+00
    endloop
  endfacet
  facet normal -9.914449e-01 0.000000e+00 -1.305262e-01
    outer loop
      vertex   1.703709e-02 2.133333e+01 -4.629410e+00
      vertex   0.000000e+00 3.200000e+01 -4.500000e+00
      vertex   1.703709e-02 2.400000e+01 -4.629410e+00
    endloop
  endfacet
  facet normal -9.238795e-01 0.000000e+00 -3.826834e-01
    outer loop
      vertex   1.703709e-02 2.133333e+01 -4.629410e+00
      vertex   1.703709e-02 2.400000e+01 -4.629410e+00
      vertex   6.698730e-02 2.133333e+01 -4.750000e+00
    endloop
  endfacet
  facet normal -9.238795e-01 0.000000e+00 -3.826834e-01
    outer loop
      vertex   1.703709e-02 1.866667e+01 -4.629410e+00
      vertex   1.703709e-02 2.133333e+01 -4.629410e+00
      vertex   6.698730e-02 1.866667e+01 -4.750000e+00
    endloop
  endfacet
  facet normal -9.238795e-01 0.000000e+00 -3.826834e-01
    outer loop
      vertex   6.698730e-02 1.866667e+01 -4.750000e+00
      vertex   1.703709e-02 2.133333e+01 -4.629410e+00
      vertex   6.698730e-02 2.133333e+01 -4.750000e+00
    endloop
  endfacet
  facet normal -7.933533e-01 0.000000e+00 -6.087614e-01
    outer loop
      vertex   6.698730e-02 1.866667e+01 -4.750000e+00
      vertex   6.698730e-02 2.133333e+01 -4.750000e+00
      vertex   1.464466e-01 1.866667e+01 -4.853553e+00
    endloop
  endfacet
  facet normal -9.914449e-01 0.000000e+00 -1.305262e-01
    outer loop
      vertex   1.703709e-02 1.066667e+01 -4.629410e+00
      vertex   0.000000e+00 8.000000e+00 -4.500000e+00
      vertex   1.703709e-02 1.333333e+01 -4.629410e+00
    endloop
  endfacet
  facet normal -9.238795e-01 0.000000e+00 -3.826834e-01
    outer loop
      vertex   1.703709e-02 1.600000e+01 -4.629410e+00
      vertex   1.703709e-02 1.866667e+01 -4.629410e+00
      vertex   6.698730e-02 1.600000e+01 -4.750000e+00
    endloop
  endfacet
  facet normal -9.238795e-01 0.000000e+00 -3.826834e-01
    outer loop
      vertex   6.698730e-02 1.600000e+01 -4.750000e+00
      vertex   1.703709e-02 1.866667e+01 -4.629410e+00
      vertex   6.698730e-02 1.866667e+01 -4.750000e+00
    endloop
  endfacet
  facet normal -7.933533e-01 0.000000e+00 -6.087614e-01
    outer loop
      vertex   6.698730e-02 1.600000e+01 -4.750000e+00
      vertex   6.698730e-02 1.866667e+01 -4.750000e+00
      vertex   1.464466e-01 1.600000e+01 -4.853553e+00
    endloop
  endfacet
  facet normal -7.933533e-01 0.000000e+00 -6.087614e-01
    outer loop
      vertex   1.464466e-01 1.600000e+01 -4.853553e+00
      vertex   6.698730e-02 1.866667e+01 -4.750000e+00
      vertex   1.464466e-01 1.866667e+01 -4.853553e+00
    endloop
  endfacet
  facet normal -6.087614e-01 0.000000e+00 -7.933533e-01
    outer loop
      vertex   1.464466e-01 1.600000e+01 -4.853553e+00
      vertex   1.464466e-01 1.866667e+01 -4.853553e+00
      vertex   2.500000e-01 1.600000e+01 -4.933013e+00
    endloop
  endfacet
  facet normal -9.238795e-01 -2.705805e-19 -3.826834e-01
    outer loop
      vertex   6.698730e-02 1.066667e+01 -4.750000e+00
      vertex   1.703709e-02 1.066667e+01 -4.629410e+00
      vertex   1.703709e-02 1.333333e+01 -4.629410e+00
    endloop
  endfacet
  facet normal -9.238795e-01 -2.705805e-19 -3.826834e-01
    outer loop
      vertex   1.703709e-02 2.666667e+01 -4.629410e+00
      vertex   6.698730e-02 2.666667e+01 -4.750000e+00
      vertex   6.698730e-02 2.400000e+01 -4.750000e+00
    endloop
  endfacet
  facet normal -7.933533e-01 0.000000e+00 -6.087614e-01
    outer loop
      vertex   6.698730e-02 2.400000e+01 -4.750000e+00
      vertex   6.698730e-02 2.666667e+01 -4.750000e+00
      vertex   1.464466e-01 2.400000e+01 -4.853553e+00
    endloop
  endfacet
  facet normal -7.933533e-01 1.027553e-18 -6.087614e-01
    outer loop
      vertex   6.698730e-02 2.400000e+01 -4.750000e+00
      vertex   1.464466e-01 2.400000e+01 -4.853553e+00
      vertex   1.464466e-01 2.133333e+01 -4.853553e+00
    endloop
  endfacet
  facet normal -6.087614e-01 0.000000e+00 -7.933533e-01
    outer loop
      vertex   1.464466e-01 2.133333e+01 -4.853553e+00
      vertex   1.464466e-01 2.400000e+01 -4.853553e+00
      vertex   2.500000e-01 2.133333e+01 -4.933013e+00
    endloop
  endfacet
  facet normal -6.087614e-01 -9.693032e-19 -7.933533e-01
    outer loop
      vertex   1.464466e-01 2.133333e+01 -4.853553e+00
      vertex   2.500000e-01 2.133333e+01 -4.933013e+00
      vertex   2.500000e-01 1.866667e+01 -4.933013e+00
    endloop
  endfacet
  facet normal -3.826834e-01 0.000000e+00 -9.238795e-01
    outer loop
      vertex   2.500000e-01 1.866667e+01 -4.933013e+00
      vertex   2.500000e-01 2.133333e+01 -4.933013e+00
      vertex   3.705905e-01 1.866667e+01 -4.982963e+00
    endloop
  endfacet
  facet normal -3.826834e-01 8.444263e-19 -9.238795e-01
    outer loop
      vertex   2.500000e-01 1.866667e+01 -4.933013e+00
      vertex   3.705905e-01 1.866667e+01 -4.982963e+00
      vertex   3.705905e-01 1.600000e+01 -4.982963e+00
    endloop
  endfacet
  facet normal -1.305262e-01 0.000000e+00 -9.914449e-01
    outer loop
      vertex   3.705905e-01 1.600000e+01 -4.982963e+00
      vertex   3.705905e-01 1.866667e+01 -4.982963e+00
      vertex   5.000000e-01 8.000000e+00 -5.000000e+00
    endloop
  endfacet
  facet normal -7.933533e-01 0.000000e+00 -6.087614e-01
    outer loop
      vertex   1.464466e-01 2.400000e+01 -4.853553e+00
      vertex   6.698730e-02 2.666667e+01 -4.750000e+00
      vertex   1.464466e-01 2.666667e+01 -4.853553e+00
    endloop
  endfacet
  facet normal -9.238795e-01 -2.705805e-19 -3.826834e-01
    outer loop
      vertex   1.703709e-02 1.600000e+01 -4.629410e+00
      vertex   6.698730e-02 1.600000e+01 -4.750000e+00
      vertex   6.698730e-02 1.333333e+01 -4.750000e+00
    endloop
  endfacet
  facet normal -7.933533e-01 0.000000e+00 -6.087614e-01
    outer loop
      vertex   6.698730e-02 1.333333e+01 -4.750000e+00
      vertex   6.698730e-02 1.600000e+01 -4.750000e+00
      vertex   1.464466e-01 1.333333e+01 -4.853553e+00
    endloop
  endfacet
  facet normal -7.933533e-01 1.027553e-18 -6.087614e-01
    outer loop
      vertex   6.698730e-02 1.333333e+01 -4.750000e+00
      vertex   1.464466e-01 1.333333e+01 -4.853553e+00
      vertex   1.464466e-01 1.066667e+01 -4.853553e+00
    endloop
  endfacet
  facet normal -6.087614e-01 0.000000e+00 -7.933533e-01
    outer loop
      vertex   1.464466e-01 1.066667e+01 -4.853553e+00
      vertex   1.464466e-01 1.333333e+01 -4.853553e+00
      vertex   2.500000e-01 1.066667e+01 -4.933013e+00
    endloop
  endfacet
  facet normal -7.933533e-01 0.000000e+00 -6.087614e-01
    outer loop
      vertex   1.464466e-01 1.333333e+01 -4.853553e+00
      vertex   6.698730e-02 1.600000e+01 -4.750000e+00
      vertex   1.464466e-01 1.600000e+01 -4.853553e+00
    endloop
  endfacet
  facet normal -6.087614e-01 0.000000e+00 -7.933533e-01
    outer loop
      vertex   1.464466e-01 2.400000e+01 -4.853553e+00
      vertex   1.464466e-01 2.666667e+01 -4.853553e+00
      vertex   2.500000e-01 2.400000e+01 -4.933013e+00
    endloop
  endfacet
  facet normal -6.087614e-01 0.000000e+00 -7.933533e-01
    outer loop
      vertex   2.500000e-01 2.400000e+01 -4.933013e+00
      vertex   1.464466e-01 2.666667e+01 -4.853553e+00
      vertex   2.500000e-01 2.666667e+01 -4.933013e+00
    endloop
  endfacet
  facet normal -3.826834e-01 0.000000e+00 -9.238795e-01
    outer loop
      vertex   2.500000e-01 2.400000e+01 -4.933013e+00
      vertex   2.500000e-01 2.666667e+01 -4.933013e+00
      vertex   3.705905e-01 2.400000e+01 -4.982963e+00
    endloop
  endfacet
  facet normal -6.087614e-01 0.000000e+00 -7.933533e-01
    outer loop
      vertex   1.464466e-01 1.333333e+01 -4.853553e+00
      vertex   1.464466e-01 1.600000e+01 -4.853553e+00
      vertex   2.500000e-01 1.333333e+01 -4.933013e+00
    endloop
  endfacet
  facet normal -6.087614e-01 0.000000e+00 -7.933533e-01
    outer loop
      vertex   2.500000e-01 1.333333e+01 -4.933013e+00
      vertex   1.464466e-01 1.600000e+01 -4.853553e+00
      vertex   2.500000e-01 1.600000e+01 -4.933013e+00
    endloop
  endfacet
  facet normal -3.826834e-01 0.000000e+00 -9.238795e-01
    outer loop
      vertex   2.500000e-01 1.333333e+01 -4.933013e+00
      vertex   2.500000e-01 1.600000e+01 -4.933013e+00
      vertex   3.705905e-01 1.333333e+01 -4.982963e+00
    endloop
  endfacet
  facet normal -3.826834e-01 0.000000e+00 -9.238795e-01
    outer loop
      vertex   3.705905e-01 2.666667e+01 -4.982963e+00
      vertex   2.500000e-01 2.933333e+01 -4.933013e+00
      vertex   3.705905e-01 2.933333e+01 -4.982963e+00
    endloop
  endfacet
  facet normal -6.087614e-01 -9.693032e-19 -7.933533e-01
    outer loop
      vertex   1.464466e-01 2.400000e+01 -4.853553e+00
      vertex   2.500000e-01 2.400000e+01 -4.933013e+00
      vertex   2.500000e-01 2.133333e+01 -4.933013e+00
    endloop
  endfacet
  facet normal -3.826834e-01 0.000000e+00 -9.238795e-01
    outer loop
      vertex   2.500000e-01 2.133333e+01 -4.933013e+00
      vertex   2.500000e-01 2.400000e+01 -4.933013e+00
      vertex   3.705905e-01 2.133333e+01 -4.982963e+00
    endloop
  endfacet
  facet normal -3.826834e-01 8.444263e-19 -9.238795e-01
    outer loop
      vertex   2.500000e-01 2.133333e+01 -4.933013e+00
      vertex   3.705905e-01 2.133333e+01 -4.982963e+00
      vertex   3.705905e-01 1.866667e+01 -4.982963e+00
    endloop
  endfacet
  facet normal -1.305262e-01 0.000000e+00 -9.914449e-01
    outer loop
      vertex   3.705905e-01 1.866667e+01 -4.982963e+00
      vertex   3.705905e-01 2.133333e+01 -4.982963e+00
      vertex   5.000000e-01 8.000000e+00 -5.000000e+00
    endloop
  endfacet
  facet normal -3.826834e-01 0.000000e+00 -9.238795e-01
    outer loop
      vertex   3.705905e-01 2.133333e+01 -4.982963e+00
      vertex   2.500000e-01 2.400000e+01 -4.933013e+00
      vertex   3.705905e-01 2.400000e+01 -4.982963e+00
    endloop
  endfacet
  facet normal -3.826834e-01 8.444263e-19 -9.238795e-01
    outer loop
      vertex   3.705905e-01 1.066667e+01 -4.982963e+00
      vertex   2.500000e-01 1.066667e+01 -4.933013e+00
      vertex   2.500000e-01 1.333333e+01 -4.933013e+00
    endloop
  endfacet
  facet normal -6.087614e-01 -0.000000e+00 -7.933533e-01
    outer loop
      vertex   2.500000e-01 1.333333e+01 -4.933013e+00
      vertex   2.500000e-01 1.066667e+01 -4.933013e+00
      vertex   1.464466e-01 1.333333e+01 -4.853553e+00
    endloop
  endfacet
  facet normal -3.826834e-01 0.000000e+00 -9.238795e-01
    outer loop
      vertex   3.705905e-01 1.066667e+01 -4.982963e+00
      vertex   2.500000e-01 1.333333e+01 -4.933013e+00
      vertex   3.705905e-01 1.333333e+01 -4.982963e+00
    endloop
  endfacet
  facet normal -1.305262e-01 -1.497811e-19 -9.914449e-01
    outer loop
      vertex   5.000000e-01 3.200000e+01 -5.000000e+00
      vertex   3.705905e-01 2.666667e+01 -4.982963e+00
      vertex   3.705905e-01 2.933333e+01 -4.982963e+00
    endloop
  endfacet
  facet normal -5.188943e-02 9.901092e-01 -1.303504e-01
    outer loop
      vertex   8.000000e+00 4.000000e+01 -4.500000e+00
      vertex   8.000000e+00 3.998296e+01 -4.629410e+00
      vertex   7.163772e+00 3.995618e+01 -4.500000e+00
    endloop
  endfacet
  facet normal -5.188943e-02 9.901092e-01 -1.303504e-01
    outer loop
      vertex   7.163772e+00 3.995618e+01 -4.500000e+00
      vertex   8.000000e+00 3.998296e+01 -4.629410e+00
      vertex   7.165553e+00 3.993923e+01 -4.629410e+00
    endloop
  endfacet
  facet normal -1.550998e-01 9.792614e-01 -1.303504e-01
    outer loop
      vertex   7.163772e+00 3.995618e+01 -4.500000e+00
      vertex   7.165553e+00 3.993923e+01 -4.629410e+00
      vertex   6.336706e+00 3.982518e+01 -4.500000e+00
    endloop
  endfacet
  facet normal -1.550998e-01 9.792614e-01 -1.303504e-01
    outer loop
      vertex   6.336706e+00 3.982518e+01 -4.500000e+00
      vertex   7.165553e+00 3.993923e+01 -4.629410e+00
      vertex   6.340249e+00 3.980852e+01 -4.629410e+00
    endloop
  endfacet
  facet normal -2.566108e-01 9.576845e-01 -1.303504e-01
    outer loop
      vertex   6.336706e+00 3.982518e+01 -4.500000e+00
      vertex   6.340249e+00 3.980852e+01 -4.629410e+00
      vertex   5.527864e+00 3.960845e+01 -4.500000e+00
    endloop
  endfacet
  facet normal -2.566108e-01 9.576845e-01 -1.303504e-01
    outer loop
      vertex   5.527864e+00 3.960845e+01 -4.500000e+00
      vertex   6.340249e+00 3.980852e+01 -4.629410e+00
      vertex   5.533129e+00 3.959225e+01 -4.629410e+00
    endloop
  endfacet
  facet normal -3.553104e-01 9.256151e-01 -1.303504e-01
    outer loop
      vertex   5.527864e+00 3.960845e+01 -4.500000e+00
      vertex   5.533129e+00 3.959225e+01 -4.629410e+00
      vertex   4.746107e+00 3.930836e+01 -4.500000e+00
    endloop
  endfacet
  facet normal -3.553104e-01 9.256151e-01 -1.303504e-01
    outer loop
      vertex   4.746107e+00 3.930836e+01 -4.500000e+00
      vertex   5.533129e+00 3.959225e+01 -4.629410e+00
      vertex   4.753036e+00 3.929280e+01 -4.629410e+00
    endloop
  endfacet
  facet normal -4.501171e-01 8.834045e-01 -1.303504e-01
    outer loop
      vertex   4.746107e+00 3.930836e+01 -4.500000e+00
      vertex   4.753036e+00 3.929280e+01 -4.629410e+00
      vertex   4.000000e+00 3.892820e+01 -4.500000e+00
    endloop
  endfacet
  facet normal -4.501171e-01 8.834045e-01 -1.303504e-01
    outer loop
      vertex   4.000000e+00 3.892820e+01 -4.500000e+00
      vertex   4.753036e+00 3.929280e+01 -4.629410e+00
      vertex   4.008519e+00 3.891345e+01 -4.629410e+00
    endloop
  endfacet
  facet normal -5.399922e-01 8.315150e-01 -1.303504e-01
    outer loop
      vertex   4.000000e+00 3.892820e+01 -4.500000e+00
      vertex   4.008519e+00 3.891345e+01 -4.629410e+00
      vertex   3.297718e+00 3.847214e+01 -4.500000e+00
    endloop
  endfacet
  facet normal -5.399922e-01 8.315150e-01 -1.303504e-01
    outer loop
      vertex   3.297718e+00 3.847214e+01 -4.500000e+00
      vertex   4.008519e+00 3.891345e+01 -4.629410e+00
      vertex   3.307732e+00 3.845835e+01 -4.629410e+00
    endloop
  endfacet
  facet normal -6.239510e-01 7.705153e-01 -1.303504e-01
    outer loop
      vertex   3.297718e+00 3.847214e+01 -4.500000e+00
      vertex   3.307732e+00 3.845835e+01 -4.629410e+00
      vertex   2.646955e+00 3.794516e+01 -4.500000e+00
    endloop
  endfacet
  facet normal -6.239510e-01 7.705153e-01 -1.303504e-01
    outer loop
      vertex   2.646955e+00 3.794516e+01 -4.500000e+00
      vertex   3.307732e+00 3.845835e+01 -4.629410e+00
      vertex   2.658355e+00 3.793250e+01 -4.629410e+00
    endloop
  endfacet
  facet normal -7.010737e-01 7.010737e-01 -1.303504e-01
    outer loop
      vertex   2.646955e+00 3.794516e+01 -4.500000e+00
      vertex   2.658355e+00 3.793250e+01 -4.629410e+00
      vertex   2.054841e+00 3.735304e+01 -4.500000e+00
    endloop
  endfacet
  facet normal -7.010737e-01 7.010737e-01 -1.303504e-01
    outer loop
      vertex   2.054841e+00 3.735304e+01 -4.500000e+00
      vertex   2.658355e+00 3.793250e+01 -4.629410e+00
      vertex   2.067502e+00 3.734164e+01 -4.629410e+00
    endloop
  endfacet
  facet normal -7.705153e-01 6.239510e-01 -1.303504e-01
    outer loop
      vertex   2.054841e+00 3.735304e+01 -4.500000e+00
      vertex   2.067502e+00 3.734164e+01 -4.629410e+00
      vertex   1.527864e+00 3.670228e+01 -4.500000e+00
    endloop
  endfacet
  facet normal -7.705153e-01 6.239510e-01 -1.303504e-01
    outer loop
      vertex   1.527864e+00 3.670228e+01 -4.500000e+00
      vertex   2.067502e+00 3.734164e+01 -4.629410e+00
      vertex   1.541647e+00 3.669227e+01 -4.629410e+00
    endloop
  endfacet
  facet normal -8.315150e-01 5.399922e-01 -1.303504e-01
    outer loop
      vertex   1.527864e+00 3.670228e+01 -4.500000e+00
      vertex   1.541647e+00 3.669227e+01 -4.629410e+00
      vertex   1.071797e+00 3.600000e+01 -4.500000e+00
    endloop
  endfacet
  facet normal -8.315150e-01 5.399922e-01 -1.303504e-01
    outer loop
      vertex   1.071797e+00 3.600000e+01 -4.500000e+00
      vertex   1.541647e+00 3.669227e+01 -4.629410e+00
      vertex   1.086551e+00 3.599148e+01 -4.629410e+00
    endloop
  endfacet
  facet normal -8.834045e-01 4.501171e-01 -1.303504e-01
    outer loop
      vertex   1.071797e+00 3.600000e+01 -4.500000e+00
      vertex   1.086551e+00 3.599148e+01 -4.629410e+00
      vertex   6.916363e-01 3.525389e+01 -4.500000e+00
    endloop
  endfacet
  facet normal -8.834045e-01 4.501171e-01 -1.303504e-01
    outer loop
      vertex   6.916363e-01 3.525389e+01 -4.500000e+00
      vertex   1.086551e+00 3.599148e+01 -4.629410e+00
      vertex   7.072005e-01 3.524696e+01 -4.629410e+00
    endloop
  endfacet
  facet normal -9.256151e-01 3.553104e-01 -1.303504e-01
    outer loop
      vertex   6.916363e-01 3.525389e+01 -4.500000e+00
      vertex   7.072005e-01 3.524696e+01 -4.629410e+00
      vertex   3.915479e-01 3.447214e+01 -4.500000e+00
    endloop
  endfacet
  facet normal -9.256151e-01 3.553104e-01 -1.303504e-01
    outer loop
      vertex   3.915479e-01 3.447214e+01 -4.500000e+00
      vertex   7.072005e-01 3.524696e+01 -4.629410e+00
      vertex   4.077511e-01 3.446687e+01 -4.629410e+00
    endloop
  endfacet
  facet normal -9.576845e-01 2.566108e-01 -1.303504e-01
    outer loop
      vertex   3.915479e-01 3.447214e+01 -4.500000e+00
      vertex   4.077511e-01 3.446687e+01 -4.629410e+00
      vertex   1.748192e-01 3.366329e+01 -4.500000e+00
    endloop
  endfacet
  facet normal -9.576845e-01 2.566108e-01 -1.303504e-01
    outer loop
      vertex   1.748192e-01 3.366329e+01 -4.500000e+00
      vertex   4.077511e-01 3.446687e+01 -4.629410e+00
      vertex   1.914840e-01 3.365975e+01 -4.629410e+00
    endloop
  endfacet
  facet normal -9.792614e-01 1.550998e-01 -1.303504e-01
    outer loop
      vertex   1.748192e-01 3.366329e+01 -4.500000e+00
      vertex   1.914840e-01 3.365975e+01 -4.629410e+00
      vertex   4.382484e-02 3.283623e+01 -4.500000e+00
    endloop
  endfacet
  facet normal -9.792614e-01 1.550998e-01 -1.303504e-01
    outer loop
      vertex   4.382484e-02 3.283623e+01 -4.500000e+00
      vertex   1.914840e-01 3.365975e+01 -4.629410e+00
      vertex   6.076859e-02 3.283445e+01 -4.629410e+00
    endloop
  endfacet
  facet normal -9.901092e-01 5.188943e-02 -1.303504e-01
    outer loop
      vertex   4.382484e-02 3.283623e+01 -4.500000e+00
      vertex   6.076859e-02 3.283445e+01 -4.629410e+00
      vertex   0.000000e+00 3.200000e+01 -4.500000e+00
    endloop
  endfacet
  facet normal -9.901092e-01 5.188943e-02 -1.303504e-01
    outer loop
      vertex   0.000000e+00 3.200000e+01 -4.500000e+00
      vertex   6.076859e-02 3.283445e+01 -4.629410e+00
      vertex   1.703709e-02 3.200000e+01 -4.629410e+00
    endloop
  endfacet
  facet normal -9.227985e-01 4.836182e-02 -3.822356e-01
    outer loop
      vertex   1.703709e-02 3.200000e+01 -4.629410e+00
      vertex   6.076859e-02 3.283445e+01 -4.629410e+00
      vertex   1.104452e-01 3.282923e+01 -4.750000e+00
    endloop
  endfacet
  facet normal -9.227985e-01 4.836182e-02 -3.822356e-01
    outer loop
      vertex   1.703709e-02 3.200000e+01 -4.629410e+00
      vertex   1.104452e-01 3.282923e+01 -4.750000e+00
      vertex   6.698730e-02 3.200000e+01 -4.750000e+00
    endloop
  endfacet
  facet normal -7.926685e-01 4.154200e-02 -6.082359e-01
    outer loop
      vertex   6.698730e-02 3.200000e+01 -4.750000e+00
      vertex   1.104452e-01 3.282923e+01 -4.750000e+00
      vertex   1.894692e-01 3.282092e+01 -4.853553e+00
    endloop
  endfacet
  facet normal -7.926685e-01 4.154200e-02 -6.082359e-01
    outer loop
      vertex   6.698730e-02 3.200000e+01 -4.750000e+00
      vertex   1.894692e-01 3.282092e+01 -4.853553e+00
      vertex   1.464466e-01 3.200000e+01 -4.853553e+00
    endloop
  endfacet
  facet normal -6.084518e-01 3.188761e-02 -7.929499e-01
    outer loop
      vertex   1.464466e-01 3.200000e+01 -4.853553e+00
      vertex   1.894692e-01 3.282092e+01 -4.853553e+00
      vertex   2.924553e-01 3.281010e+01 -4.933013e+00
    endloop
  endfacet
  facet normal -6.084518e-01 3.188761e-02 -7.929499e-01
    outer loop
      vertex   1.464466e-01 3.200000e+01 -4.853553e+00
      vertex   2.924553e-01 3.281010e+01 -4.933013e+00
      vertex   2.500000e-01 3.200000e+01 -4.933013e+00
    endloop
  endfacet
  facet normal -3.826065e-01 2.005156e-02 -9.236938e-01
    outer loop
      vertex   2.500000e-01 3.200000e+01 -4.933013e+00
      vertex   2.924553e-01 3.281010e+01 -4.933013e+00
      vertex   4.123852e-01 3.279749e+01 -4.982963e+00
    endloop
  endfacet
  facet normal -3.826065e-01 2.005156e-02 -9.236938e-01
    outer loop
      vertex   2.500000e-01 3.200000e+01 -4.933013e+00
      vertex   4.123852e-01 3.279749e+01 -4.982963e+00
      vertex   3.705905e-01 3.200000e+01 -4.982963e+00
    endloop
  endfacet
  facet normal -1.305231e-01 6.840428e-03 -9.914217e-01
    outer loop
      vertex   3.705905e-01 3.200000e+01 -4.982963e+00
      vertex   4.123852e-01 3.279749e+01 -4.982963e+00
      vertex   5.410858e-01 3.278396e+01 -5.000000e+00
    endloop
  endfacet
  facet normal -1.305231e-01 6.840428e-03 -9.914217e-01
    outer loop
      vertex   3.705905e-01 3.200000e+01 -4.982963e+00
      vertex   5.410858e-01 3.278396e+01 -5.000000e+00
      vertex   5.000000e-01 3.200000e+01 -5.000000e+00
    endloop
  endfacet
  facet normal -4.836182e-02 9.227985e-01 -3.822356e-01
    outer loop
      vertex   8.000000e+00 3.998296e+01 -4.629410e+00
      vertex   8.000000e+00 3.993301e+01 -4.750000e+00
      vertex   7.165553e+00 3.993923e+01 -4.629410e+00
    endloop
  endfacet
  facet normal -4.836182e-02 9.227985e-01 -3.822356e-01
    outer loop
      vertex   7.165553e+00 3.993923e+01 -4.629410e+00
      vertex   8.000000e+00 3.993301e+01 -4.750000e+00
      vertex   7.170774e+00 3.988955e+01 -4.750000e+00
    endloop
  endfacet
  facet normal -1.445556e-01 9.126881e-01 -3.822356e-01
    outer loop
      vertex   7.165553e+00 3.993923e+01 -4.629410e+00
      vertex   7.170774e+00 3.988955e+01 -4.750000e+00
      vertex   6.340249e+00 3.980852e+01 -4.629410e+00
    endloop
  endfacet
  facet normal -1.445556e-01 9.126881e-01 -3.822356e-01
    outer loop
      vertex   6.340249e+00 3.980852e+01 -4.629410e+00
      vertex   7.170774e+00 3.988955e+01 -4.750000e+00
      vertex   6.350634e+00 3.975966e+01 -4.750000e+00
    endloop
  endfacet
  facet normal -2.391656e-01 8.925781e-01 -3.822356e-01
    outer loop
      vertex   6.340249e+00 3.980852e+01 -4.629410e+00
      vertex   6.350634e+00 3.975966e+01 -4.750000e+00
      vertex   5.533129e+00 3.959225e+01 -4.629410e+00
    endloop
  endfacet
  facet normal -2.391656e-01 8.925781e-01 -3.822356e-01
    outer loop
      vertex   5.533129e+00 3.959225e+01 -4.629410e+00
      vertex   6.350634e+00 3.975966e+01 -4.750000e+00
      vertex   5.548564e+00 3.954474e+01 -4.750000e+00
    endloop
  endfacet
  facet normal -3.311552e-01 8.626889e-01 -3.822356e-01
    outer loop
      vertex   5.533129e+00 3.959225e+01 -4.629410e+00
      vertex   5.548564e+00 3.954474e+01 -4.750000e+00
      vertex   4.753036e+00 3.929280e+01 -4.629410e+00
    endloop
  endfacet
  facet normal -3.311552e-01 8.626889e-01 -3.822356e-01
    outer loop
      vertex   4.753036e+00 3.929280e+01 -4.629410e+00
      vertex   5.548564e+00 3.954474e+01 -4.750000e+00
      vertex   4.773353e+00 3.924717e+01 -4.750000e+00
    endloop
  endfacet
  facet normal -4.195167e-01 8.233478e-01 -3.822356e-01
    outer loop
      vertex   4.753036e+00 3.929280e+01 -4.629410e+00
      vertex   4.773353e+00 3.924717e+01 -4.750000e+00
      vertex   4.008519e+00 3.891345e+01 -4.629410e+00
    endloop
  endfacet
  facet normal -4.195167e-01 8.233478e-01 -3.822356e-01
    outer loop
      vertex   4.008519e+00 3.891345e+01 -4.629410e+00
      vertex   4.773353e+00 3.924717e+01 -4.750000e+00
      vertex   4.033494e+00 3.887019e+01 -4.750000e+00
    endloop
  endfacet
  facet normal -5.032818e-01 7.749860e-01 -3.822356e-01
    outer loop
      vertex   4.008519e+00 3.891345e+01 -4.629410e+00
      vertex   4.033494e+00 3.887019e+01 -4.750000e+00
      vertex   3.307732e+00 3.845835e+01 -4.629410e+00
    endloop
  endfacet
  facet normal -5.032818e-01 7.749860e-01 -3.822356e-01
    outer loop
      vertex   3.307732e+00 3.845835e+01 -4.629410e+00
      vertex   4.033494e+00 3.887019e+01 -4.750000e+00
      vertex   3.337092e+00 3.841794e+01 -4.750000e+00
    endloop
  endfacet
  facet normal -5.815329e-01 7.181333e-01 -3.822356e-01
    outer loop
      vertex   3.307732e+00 3.845835e+01 -4.629410e+00
      vertex   3.337092e+00 3.841794e+01 -4.750000e+00
      vertex   2.658355e+00 3.793250e+01 -4.629410e+00
    endloop
  endfacet
  facet normal -5.815329e-01 7.181333e-01 -3.822356e-01
    outer loop
      vertex   2.658355e+00 3.793250e+01 -4.629410e+00
      vertex   3.337092e+00 3.841794e+01 -4.750000e+00
      vertex   2.691778e+00 3.789538e+01 -4.750000e+00
    endloop
  endfacet
  facet normal -6.534125e-01 6.534125e-01 -3.822356e-01
    outer loop
      vertex   2.658355e+00 3.793250e+01 -4.629410e+00
      vertex   2.691778e+00 3.789538e+01 -4.750000e+00
      vertex   2.067502e+00 3.734164e+01 -4.629410e+00
    endloop
  endfacet
  facet normal -6.534125e-01 6.534125e-01 -3.822356e-01
    outer loop
      vertex   2.067502e+00 3.734164e+01 -4.629410e+00
      vertex   2.691778e+00 3.789538e+01 -4.750000e+00
      vertex   2.104623e+00 3.730822e+01 -4.750000e+00
    endloop
  endfacet
  facet normal -7.181333e-01 5.815329e-01 -3.822356e-01
    outer loop
      vertex   2.067502e+00 3.734164e+01 -4.629410e+00
      vertex   2.104623e+00 3.730822e+01 -4.750000e+00
      vertex   1.541647e+00 3.669227e+01 -4.629410e+00
    endloop
  endfacet
  facet normal -7.181333e-01 5.815329e-01 -3.822356e-01
    outer loop
      vertex   1.541647e+00 3.669227e+01 -4.629410e+00
      vertex   2.104623e+00 3.730822e+01 -4.750000e+00
      vertex   1.582058e+00 3.666291e+01 -4.750000e+00
    endloop
  endfacet
  facet normal -7.749860e-01 5.032818e-01 -3.822356e-01
    outer loop
      vertex   1.541647e+00 3.669227e+01 -4.629410e+00
      vertex   1.582058e+00 3.666291e+01 -4.750000e+00
      vertex   1.086551e+00 3.599148e+01 -4.629410e+00
    endloop
  endfacet
  facet normal -7.749860e-01 5.032818e-01 -3.822356e-01
    outer loop
      vertex   1.086551e+00 3.599148e+01 -4.629410e+00
      vertex   1.582058e+00 3.666291e+01 -4.750000e+00
      vertex   1.129809e+00 3.596651e+01 -4.750000e+00
    endloop
  endfacet
  facet normal -8.233478e-01 4.195167e-01 -3.822356e-01
    outer loop
      vertex   1.086551e+00 3.599148e+01 -4.629410e+00
      vertex   1.129809e+00 3.596651e+01 -4.750000e+00
      vertex   7.072005e-01 3.524696e+01 -4.629410e+00
    endloop
  endfacet
  facet normal -8.233478e-01 4.195167e-01 -3.822356e-01
    outer loop
      vertex   7.072005e-01 3.524696e+01 -4.629410e+00
      vertex   1.129809e+00 3.596651e+01 -4.750000e+00
      vertex   7.528323e-01 3.522665e+01 -4.750000e+00
    endloop
  endfacet
  facet normal -8.626889e-01 3.311552e-01 -3.822356e-01
    outer loop
      vertex   7.072005e-01 3.524696e+01 -4.629410e+00
      vertex   7.528323e-01 3.522665e+01 -4.750000e+00
      vertex   4.077511e-01 3.446687e+01 -4.629410e+00
    endloop
  endfacet
  facet normal -8.626889e-01 3.311552e-01 -3.822356e-01
    outer loop
      vertex   4.077511e-01 3.446687e+01 -4.629410e+00
      vertex   7.528323e-01 3.522665e+01 -4.750000e+00
      vertex   4.552566e-01 3.445144e+01 -4.750000e+00
    endloop
  endfacet
  facet normal -8.925781e-01 2.391656e-01 -3.822356e-01
    outer loop
      vertex   4.077511e-01 3.446687e+01 -4.629410e+00
      vertex   4.552566e-01 3.445144e+01 -4.750000e+00
      vertex   1.914840e-01 3.365975e+01 -4.629410e+00
    endloop
  endfacet
  facet normal -8.925781e-01 2.391656e-01 -3.822356e-01
    outer loop
      vertex   1.914840e-01 3.365975e+01 -4.629410e+00
      vertex   4.552566e-01 3.445144e+01 -4.750000e+00
      vertex   2.403427e-01 3.364937e+01 -4.750000e+00
    endloop
  endfacet
  facet normal -9.126881e-01 1.445556e-01 -3.822356e-01
    outer loop
      vertex   1.914840e-01 3.365975e+01 -4.629410e+00
      vertex   2.403427e-01 3.364937e+01 -4.750000e+00
      vertex   6.076859e-02 3.283445e+01 -4.629410e+00
    endloop
  endfacet
  facet normal -9.126881e-01 1.445556e-01 -3.822356e-01
    outer loop
      vertex   6.076859e-02 3.283445e+01 -4.629410e+00
      vertex   2.403427e-01 3.364937e+01 -4.750000e+00
      vertex   1.104452e-01 3.282923e+01 -4.750000e+00
    endloop
  endfacet
  facet normal -4.154200e-02 7.926685e-01 -6.082359e-01
    outer loop
      vertex   8.000000e+00 3.993301e+01 -4.750000e+00
      vertex   8.000000e+00 3.985355e+01 -4.853553e+00
      vertex   7.170774e+00 3.988955e+01 -4.750000e+00
    endloop
  endfacet
  facet normal -4.154200e-02 7.926685e-01 -6.082359e-01
    outer loop
      vertex   7.170774e+00 3.988955e+01 -4.750000e+00
      vertex   8.000000e+00 3.985355e+01 -4.853553e+00
      vertex   7.179080e+00 3.981053e+01 -4.853553e+00
    endloop
  endfacet
  facet normal -1.241708e-01 7.839838e-01 -6.082359e-01
    outer loop
      vertex   7.170774e+00 3.988955e+01 -4.750000e+00
      vertex   7.179080e+00 3.981053e+01 -4.853553e+00
      vertex   6.350634e+00 3.975966e+01 -4.750000e+00
    endloop
  endfacet
  facet normal -1.241708e-01 7.839838e-01 -6.082359e-01
    outer loop
      vertex   6.350634e+00 3.975966e+01 -4.750000e+00
      vertex   7.179080e+00 3.981053e+01 -4.853553e+00
      vertex   6.367154e+00 3.968193e+01 -4.853553e+00
    endloop
  endfacet
  facet normal -2.054392e-01 7.667097e-01 -6.082359e-01
    outer loop
      vertex   6.350634e+00 3.975966e+01 -4.750000e+00
      vertex   6.367154e+00 3.968193e+01 -4.853553e+00
      vertex   5.548564e+00 3.954474e+01 -4.750000e+00
    endloop
  endfacet
  facet normal -2.054392e-01 7.667097e-01 -6.082359e-01
    outer loop
      vertex   5.548564e+00 3.954474e+01 -4.750000e+00
      vertex   6.367154e+00 3.968193e+01 -4.853553e+00
      vertex   5.573119e+00 3.946917e+01 -4.853553e+00
    endloop
  endfacet
  facet normal -2.844568e-01 7.410353e-01 -6.082359e-01
    outer loop
      vertex   5.548564e+00 3.954474e+01 -4.750000e+00
      vertex   5.573119e+00 3.946917e+01 -4.853553e+00
      vertex   4.773353e+00 3.924717e+01 -4.750000e+00
    endloop
  endfacet
  facet normal -2.844568e-01 7.410353e-01 -6.082359e-01
    outer loop
      vertex   4.773353e+00 3.924717e+01 -4.750000e+00
      vertex   5.573119e+00 3.946917e+01 -4.853553e+00
      vertex   4.805672e+00 3.917458e+01 -4.853553e+00
    endloop
  endfacet
  facet normal -3.603578e-01 7.072420e-01 -6.082359e-01
    outer loop
      vertex   4.773353e+00 3.924717e+01 -4.750000e+00
      vertex   4.805672e+00 3.917458e+01 -4.853553e+00
      vertex   4.033494e+00 3.887019e+01 -4.750000e+00
    endloop
  endfacet
  facet normal -3.603578e-01 7.072420e-01 -6.082359e-01
    outer loop
      vertex   4.033494e+00 3.887019e+01 -4.750000e+00
      vertex   4.805672e+00 3.917458e+01 -4.853553e+00
      vertex   4.073223e+00 3.880138e+01 -4.853553e+00
    endloop
  endfacet
  facet normal -4.323107e-01 6.657000e-01 -6.082359e-01
    outer loop
      vertex   4.033494e+00 3.887019e+01 -4.750000e+00
      vertex   4.073223e+00 3.880138e+01 -4.853553e+00
      vertex   3.337092e+00 3.841794e+01 -4.750000e+00
    endloop
  endfacet
  facet normal -4.323107e-01 6.657000e-01 -6.082359e-01
    outer loop
      vertex   3.337092e+00 3.841794e+01 -4.750000e+00
      vertex   4.073223e+00 3.880138e+01 -4.853553e+00
      vertex   3.383797e+00 3.835366e+01 -4.853553e+00
    endloop
  endfacet
  facet normal -4.995270e-01 6.168645e-01 -6.082359e-01
    outer loop
      vertex   3.337092e+00 3.841794e+01 -4.750000e+00
      vertex   3.383797e+00 3.835366e+01 -4.853553e+00
      vertex   2.691778e+00 3.789538e+01 -4.750000e+00
    endloop
  endfacet
  facet normal -4.995270e-01 6.168645e-01 -6.082359e-01
    outer loop
      vertex   2.691778e+00 3.789538e+01 -4.750000e+00
      vertex   3.383797e+00 3.835366e+01 -4.853553e+00
      vertex   2.744947e+00 3.783633e+01 -4.853553e+00
    endloop
  endfacet
  facet normal -5.612705e-01 5.612705e-01 -6.082359e-01
    outer loop
      vertex   2.691778e+00 3.789538e+01 -4.750000e+00
      vertex   2.744947e+00 3.783633e+01 -4.853553e+00
      vertex   2.104623e+00 3.730822e+01 -4.750000e+00
    endloop
  endfacet
  facet normal -5.612705e-01 5.612705e-01 -6.082359e-01
    outer loop
      vertex   2.104623e+00 3.730822e+01 -4.750000e+00
      vertex   2.744947e+00 3.783633e+01 -4.853553e+00
      vertex   2.163672e+00 3.725505e+01 -4.853553e+00
    endloop
  endfacet
  facet normal -6.168645e-01 4.995270e-01 -6.082359e-01
    outer loop
      vertex   2.104623e+00 3.730822e+01 -4.750000e+00
      vertex   2.163672e+00 3.725505e+01 -4.853553e+00
      vertex   1.582058e+00 3.666291e+01 -4.750000e+00
    endloop
  endfacet
  facet normal -6.168645e-01 4.995270e-01 -6.082359e-01
    outer loop
      vertex   1.582058e+00 3.666291e+01 -4.750000e+00
      vertex   2.163672e+00 3.725505e+01 -4.853553e+00
      vertex   1.646342e+00 3.661620e+01 -4.853553e+00
    endloop
  endfacet
  facet normal -6.657000e-01 4.323107e-01 -6.082359e-01
    outer loop
      vertex   1.582058e+00 3.666291e+01 -4.750000e+00
      vertex   1.646342e+00 3.661620e+01 -4.853553e+00
      vertex   1.129809e+00 3.596651e+01 -4.750000e+00
    endloop
  endfacet
  facet normal -6.657000e-01 4.323107e-01 -6.082359e-01
    outer loop
      vertex   1.129809e+00 3.596651e+01 -4.750000e+00
      vertex   1.646342e+00 3.661620e+01 -4.853553e+00
      vertex   1.198623e+00 3.592678e+01 -4.853553e+00
    endloop
  endfacet
  facet normal -7.072420e-01 3.603578e-01 -6.082359e-01
    outer loop
      vertex   1.129809e+00 3.596651e+01 -4.750000e+00
      vertex   1.198623e+00 3.592678e+01 -4.853553e+00
      vertex   7.528323e-01 3.522665e+01 -4.750000e+00
    endloop
  endfacet
  facet normal -7.072420e-01 3.603578e-01 -6.082359e-01
    outer loop
      vertex   7.528323e-01 3.522665e+01 -4.750000e+00
      vertex   1.198623e+00 3.592678e+01 -4.853553e+00
      vertex   8.254220e-01 3.519433e+01 -4.853553e+00
    endloop
  endfacet
  facet normal -7.410353e-01 2.844568e-01 -6.082359e-01
    outer loop
      vertex   7.528323e-01 3.522665e+01 -4.750000e+00
      vertex   8.254220e-01 3.519433e+01 -4.853553e+00
      vertex   4.552566e-01 3.445144e+01 -4.750000e+00
    endloop
  endfacet
  facet normal -7.410353e-01 2.844568e-01 -6.082359e-01
    outer loop
      vertex   4.552566e-01 3.445144e+01 -4.750000e+00
      vertex   8.254220e-01 3.519433e+01 -4.853553e+00
      vertex   5.308269e-01 3.442688e+01 -4.853553e+00
    endloop
  endfacet
  facet normal -7.667097e-01 2.054392e-01 -6.082359e-01
    outer loop
      vertex   4.552566e-01 3.445144e+01 -4.750000e+00
      vertex   5.308269e-01 3.442688e+01 -4.853553e+00
      vertex   2.403427e-01 3.364937e+01 -4.750000e+00
    endloop
  endfacet
  facet normal -7.667097e-01 2.054392e-01 -6.082359e-01
    outer loop
      vertex   2.403427e-01 3.364937e+01 -4.750000e+00
      vertex   5.308269e-01 3.442688e+01 -4.853553e+00
      vertex   3.180656e-01 3.363285e+01 -4.853553e+00
    endloop
  endfacet
  facet normal -7.839838e-01 1.241708e-01 -6.082359e-01
    outer loop
      vertex   2.403427e-01 3.364937e+01 -4.750000e+00
      vertex   3.180656e-01 3.363285e+01 -4.853553e+00
      vertex   1.104452e-01 3.282923e+01 -4.750000e+00
    endloop
  endfacet
  facet normal -7.839838e-01 1.241708e-01 -6.082359e-01
    outer loop
      vertex   1.104452e-01 3.282923e+01 -4.750000e+00
      vertex   3.180656e-01 3.363285e+01 -4.853553e+00
      vertex   1.894692e-01 3.282092e+01 -4.853553e+00
    endloop
  endfacet
  facet normal -3.188761e-02 6.084518e-01 -7.929499e-01
    outer loop
      vertex   8.000000e+00 3.985355e+01 -4.853553e+00
      vertex   8.000000e+00 3.975000e+01 -4.933013e+00
      vertex   7.179080e+00 3.981053e+01 -4.853553e+00
    endloop
  endfacet
  facet normal -3.188761e-02 6.084518e-01 -7.929499e-01
    outer loop
      vertex   7.179080e+00 3.981053e+01 -4.853553e+00
      vertex   8.000000e+00 3.975000e+01 -4.933013e+00
      vertex   7.189904e+00 3.970754e+01 -4.933013e+00
    endloop
  endfacet
  facet normal -9.531346e-02 6.017855e-01 -7.929499e-01
    outer loop
      vertex   7.179080e+00 3.981053e+01 -4.853553e+00
      vertex   7.189904e+00 3.970754e+01 -4.933013e+00
      vertex   6.367154e+00 3.968193e+01 -4.853553e+00
    endloop
  endfacet
  facet normal -9.531346e-02 6.017855e-01 -7.929499e-01
    outer loop
      vertex   6.367154e+00 3.968193e+01 -4.853553e+00
      vertex   7.189904e+00 3.970754e+01 -4.933013e+00
      vertex   6.388684e+00 3.958064e+01 -4.933013e+00
    endloop
  endfacet
  facet normal -1.576950e-01 5.885259e-01 -7.929499e-01
    outer loop
      vertex   6.367154e+00 3.968193e+01 -4.853553e+00
      vertex   6.388684e+00 3.958064e+01 -4.933013e+00
      vertex   5.573119e+00 3.946917e+01 -4.853553e+00
    endloop
  endfacet
  facet normal -1.576950e-01 5.885259e-01 -7.929499e-01
    outer loop
      vertex   5.573119e+00 3.946917e+01 -4.853553e+00
      vertex   6.388684e+00 3.958064e+01 -4.933013e+00
      vertex   5.605118e+00 3.937069e+01 -4.933013e+00
    endloop
  endfacet
  facet normal -2.183489e-01 5.688183e-01 -7.929499e-01
    outer loop
      vertex   5.573119e+00 3.946917e+01 -4.853553e+00
      vertex   5.605118e+00 3.937069e+01 -4.933013e+00
      vertex   4.805672e+00 3.917458e+01 -4.853553e+00
    endloop
  endfacet
  facet normal -2.183489e-01 5.688183e-01 -7.929499e-01
    outer loop
      vertex   4.805672e+00 3.917458e+01 -4.853553e+00
      vertex   5.605118e+00 3.937069e+01 -4.933013e+00
      vertex   4.847791e+00 3.907998e+01 -4.933013e+00
    endloop
  endfacet
  facet normal -2.766104e-01 5.428786e-01 -7.929499e-01
    outer loop
      vertex   4.805672e+00 3.917458e+01 -4.853553e+00
      vertex   4.847791e+00 3.907998e+01 -4.933013e+00
      vertex   4.073223e+00 3.880138e+01 -4.853553e+00
    endloop
  endfacet
  facet normal -2.766104e-01 5.428786e-01 -7.929499e-01
    outer loop
      vertex   4.073223e+00 3.880138e+01 -4.853553e+00
      vertex   4.847791e+00 3.907998e+01 -4.933013e+00
      vertex   4.125000e+00 3.871170e+01 -4.933013e+00
    endloop
  endfacet
  facet normal -3.318414e-01 5.109910e-01 -7.929499e-01
    outer loop
      vertex   4.073223e+00 3.880138e+01 -4.853553e+00
      vertex   4.125000e+00 3.871170e+01 -4.933013e+00
      vertex   3.383797e+00 3.835366e+01 -4.853553e+00
    endloop
  endfacet
  facet normal -3.318414e-01 5.109910e-01 -7.929499e-01
    outer loop
      vertex   3.383797e+00 3.835366e+01 -4.853553e+00
      vertex   4.125000e+00 3.871170e+01 -4.933013e+00
      vertex   3.444664e+00 3.826988e+01 -4.933013e+00
    endloop
  endfacet
  facet normal -3.834366e-01 4.735048e-01 -7.929499e-01
    outer loop
      vertex   3.383797e+00 3.835366e+01 -4.853553e+00
      vertex   3.444664e+00 3.826988e+01 -4.933013e+00
      vertex   2.744947e+00 3.783633e+01 -4.853553e+00
    endloop
  endfacet
  facet normal -3.834366e-01 4.735048e-01 -7.929499e-01
    outer loop
      vertex   2.744947e+00 3.783633e+01 -4.853553e+00
      vertex   3.444664e+00 3.826988e+01 -4.933013e+00
      vertex   2.814238e+00 3.775937e+01 -4.933013e+00
    endloop
  endfacet
  facet normal -4.308309e-01 4.308309e-01 -7.929499e-01
    outer loop
      vertex   2.744947e+00 3.783633e+01 -4.853553e+00
      vertex   2.814238e+00 3.775937e+01 -4.933013e+00
      vertex   2.163672e+00 3.725505e+01 -4.853553e+00
    endloop
  endfacet
  facet normal -4.308309e-01 4.308309e-01 -7.929499e-01
    outer loop
      vertex   2.163672e+00 3.725505e+01 -4.853553e+00
      vertex   2.814238e+00 3.775937e+01 -4.933013e+00
      vertex   2.240628e+00 3.718576e+01 -4.933013e+00
    endloop
  endfacet
  facet normal -4.735048e-01 3.834366e-01 -7.929499e-01
    outer loop
      vertex   2.163672e+00 3.725505e+01 -4.853553e+00
      vertex   2.240628e+00 3.718576e+01 -4.933013e+00
      vertex   1.646342e+00 3.661620e+01 -4.853553e+00
    endloop
  endfacet
  facet normal -4.735048e-01 3.834366e-01 -7.929499e-01
    outer loop
      vertex   1.646342e+00 3.661620e+01 -4.853553e+00
      vertex   2.240628e+00 3.718576e+01 -4.933013e+00
      vertex   1.730118e+00 3.655534e+01 -4.933013e+00
    endloop
  endfacet
  facet normal -5.109910e-01 3.318414e-01 -7.929499e-01
    outer loop
      vertex   1.646342e+00 3.661620e+01 -4.853553e+00
      vertex   1.730118e+00 3.655534e+01 -4.933013e+00
      vertex   1.198623e+00 3.592678e+01 -4.853553e+00
    endloop
  endfacet
  facet normal -5.109910e-01 3.318414e-01 -7.929499e-01
    outer loop
      vertex   1.198623e+00 3.592678e+01 -4.853553e+00
      vertex   1.730118e+00 3.655534e+01 -4.933013e+00
      vertex   1.288303e+00 3.587500e+01 -4.933013e+00
    endloop
  endfacet
  facet normal -5.428786e-01 2.766104e-01 -7.929499e-01
    outer loop
      vertex   1.198623e+00 3.592678e+01 -4.853553e+00
      vertex   1.288303e+00 3.587500e+01 -4.933013e+00
      vertex   8.254220e-01 3.519433e+01 -4.853553e+00
    endloop
  endfacet
  facet normal -5.428786e-01 2.766104e-01 -7.929499e-01
    outer loop
      vertex   8.254220e-01 3.519433e+01 -4.853553e+00
      vertex   1.288303e+00 3.587500e+01 -4.933013e+00
      vertex   9.200227e-01 3.515221e+01 -4.933013e+00
    endloop
  endfacet
  facet normal -5.688183e-01 2.183489e-01 -7.929499e-01
    outer loop
      vertex   8.254220e-01 3.519433e+01 -4.853553e+00
      vertex   9.200227e-01 3.515221e+01 -4.933013e+00
      vertex   5.308269e-01 3.442688e+01 -4.853553e+00
    endloop
  endfacet
  facet normal -5.688183e-01 2.183489e-01 -7.929499e-01
    outer loop
      vertex   5.308269e-01 3.442688e+01 -4.853553e+00
      vertex   9.200227e-01 3.515221e+01 -4.933013e+00
      vertex   6.293120e-01 3.439488e+01 -4.933013e+00
    endloop
  endfacet
  facet normal -5.885259e-01 1.576950e-01 -7.929499e-01
    outer loop
      vertex   5.308269e-01 3.442688e+01 -4.853553e+00
      vertex   6.293120e-01 3.439488e+01 -4.933013e+00
      vertex   3.180656e-01 3.363285e+01 -4.853553e+00
    endloop
  endfacet
  facet normal -5.885259e-01 1.576950e-01 -7.929499e-01
    outer loop
      vertex   3.180656e-01 3.363285e+01 -4.853553e+00
      vertex   6.293120e-01 3.439488e+01 -4.933013e+00
      vertex   4.193561e-01 3.361132e+01 -4.933013e+00
    endloop
  endfacet
  facet normal -6.017855e-01 9.531346e-02 -7.929499e-01
    outer loop
      vertex   3.180656e-01 3.363285e+01 -4.853553e+00
      vertex   4.193561e-01 3.361132e+01 -4.933013e+00
      vertex   1.894692e-01 3.282092e+01 -4.853553e+00
    endloop
  endfacet
  facet normal -6.017855e-01 9.531346e-02 -7.929499e-01
    outer loop
      vertex   1.894692e-01 3.282092e+01 -4.853553e+00
      vertex   4.193561e-01 3.361132e+01 -4.933013e+00
      vertex   2.924553e-01 3.281010e+01 -4.933013e+00
    endloop
  endfacet
  facet normal -2.005156e-02 3.826065e-01 -9.236938e-01
    outer loop
      vertex   8.000000e+00 3.975000e+01 -4.933013e+00
      vertex   8.000000e+00 3.962941e+01 -4.982963e+00
      vertex   7.189904e+00 3.970754e+01 -4.933013e+00
    endloop
  endfacet
  facet normal -2.005156e-02 3.826065e-01 -9.236938e-01
    outer loop
      vertex   7.189904e+00 3.970754e+01 -4.933013e+00
      vertex   8.000000e+00 3.962941e+01 -4.982963e+00
      vertex   7.202510e+00 3.958761e+01 -4.982963e+00
    endloop
  endfacet
  facet normal -5.993498e-02 3.784146e-01 -9.236938e-01
    outer loop
      vertex   7.189904e+00 3.970754e+01 -4.933013e+00
      vertex   7.202510e+00 3.958761e+01 -4.982963e+00
      vertex   6.388684e+00 3.958064e+01 -4.933013e+00
    endloop
  endfacet
  facet normal -5.993498e-02 3.784146e-01 -9.236938e-01
    outer loop
      vertex   6.388684e+00 3.958064e+01 -4.933013e+00
      vertex   7.202510e+00 3.958761e+01 -4.982963e+00
      vertex   6.413757e+00 3.946269e+01 -4.982963e+00
    endloop
  endfacet
  facet normal -9.916174e-02 3.700767e-01 -9.236938e-01
    outer loop
      vertex   6.388684e+00 3.958064e+01 -4.933013e+00
      vertex   6.413757e+00 3.946269e+01 -4.982963e+00
      vertex   5.605118e+00 3.937069e+01 -4.933013e+00
    endloop
  endfacet
  facet normal -9.916174e-02 3.700767e-01 -9.236938e-01
    outer loop
      vertex   5.605118e+00 3.937069e+01 -4.933013e+00
      vertex   6.413757e+00 3.946269e+01 -4.982963e+00
      vertex   5.642383e+00 3.925600e+01 -4.982963e+00
    endloop
  endfacet
  facet normal -1.373021e-01 3.576841e-01 -9.236938e-01
    outer loop
      vertex   5.605118e+00 3.937069e+01 -4.933013e+00
      vertex   5.642383e+00 3.925600e+01 -4.982963e+00
      vertex   4.847791e+00 3.907998e+01 -4.933013e+00
    endloop
  endfacet
  facet normal -1.373021e-01 3.576841e-01 -9.236938e-01
    outer loop
      vertex   4.847791e+00 3.907998e+01 -4.933013e+00
      vertex   5.642383e+00 3.925600e+01 -4.982963e+00
      vertex   4.896840e+00 3.896981e+01 -4.982963e+00
    endloop
  endfacet
  facet normal -1.739381e-01 3.413727e-01 -9.236938e-01
    outer loop
      vertex   4.847791e+00 3.907998e+01 -4.933013e+00
      vertex   4.896840e+00 3.896981e+01 -4.982963e+00
      vertex   4.125000e+00 3.871170e+01 -4.933013e+00
    endloop
  endfacet
  facet normal -1.739381e-01 3.413727e-01 -9.236938e-01
    outer loop
      vertex   4.125000e+00 3.871170e+01 -4.933013e+00
      vertex   4.896840e+00 3.896981e+01 -4.982963e+00
      vertex   4.185295e+00 3.860726e+01 -4.982963e+00
    endloop
  endfacet
  facet normal -2.086684e-01 3.213212e-01 -9.236938e-01
    outer loop
      vertex   4.125000e+00 3.871170e+01 -4.933013e+00
      vertex   4.185295e+00 3.860726e+01 -4.982963e+00
      vertex   3.444664e+00 3.826988e+01 -4.933013e+00
    endloop
  endfacet
  facet normal -2.086684e-01 3.213212e-01 -9.236938e-01
    outer loop
      vertex   3.444664e+00 3.826988e+01 -4.933013e+00
      vertex   4.185295e+00 3.860726e+01 -4.982963e+00
      vertex   3.515546e+00 3.817232e+01 -4.982963e+00
    endloop
  endfacet
  facet normal -2.411125e-01 2.977491e-01 -9.236938e-01
    outer loop
      vertex   3.444664e+00 3.826988e+01 -4.933013e+00
      vertex   3.515546e+00 3.817232e+01 -4.982963e+00
      vertex   2.814238e+00 3.775937e+01 -4.933013e+00
    endloop
  endfacet
  facet normal -2.411125e-01 2.977491e-01 -9.236938e-01
    outer loop
      vertex   2.814238e+00 3.775937e+01 -4.933013e+00
      vertex   3.515546e+00 3.817232e+01 -4.982963e+00
      vertex   2.894929e+00 3.766976e+01 -4.982963e+00
    endloop
  endfacet
  facet normal -2.709149e-01 2.709149e-01 -9.236938e-01
    outer loop
      vertex   2.814238e+00 3.775937e+01 -4.933013e+00
      vertex   2.894929e+00 3.766976e+01 -4.982963e+00
      vertex   2.240628e+00 3.718576e+01 -4.933013e+00
    endloop
  endfacet
  facet normal -2.709149e-01 2.709149e-01 -9.236938e-01
    outer loop
      vertex   2.240628e+00 3.718576e+01 -4.933013e+00
      vertex   2.894929e+00 3.766976e+01 -4.982963e+00
      vertex   2.330244e+00 3.710507e+01 -4.982963e+00
    endloop
  endfacet
  facet normal -2.977491e-01 2.411125e-01 -9.236938e-01
    outer loop
      vertex   2.240628e+00 3.718576e+01 -4.933013e+00
      vertex   2.330244e+00 3.710507e+01 -4.982963e+00
      vertex   1.730118e+00 3.655534e+01 -4.933013e+00
    endloop
  endfacet
  facet normal -2.977491e-01 2.411125e-01 -9.236938e-01
    outer loop
      vertex   1.730118e+00 3.655534e+01 -4.933013e+00
      vertex   2.330244e+00 3.710507e+01 -4.982963e+00
      vertex   1.827678e+00 3.648445e+01 -4.982963e+00
    endloop
  endfacet
  facet normal -3.213212e-01 2.086684e-01 -9.236938e-01
    outer loop
      vertex   1.730118e+00 3.655534e+01 -4.933013e+00
      vertex   1.827678e+00 3.648445e+01 -4.982963e+00
      vertex   1.288303e+00 3.587500e+01 -4.933013e+00
    endloop
  endfacet
  facet normal -3.213212e-01 2.086684e-01 -9.236938e-01
    outer loop
      vertex   1.288303e+00 3.587500e+01 -4.933013e+00
      vertex   1.827678e+00 3.648445e+01 -4.982963e+00
      vertex   1.392738e+00 3.581470e+01 -4.982963e+00
    endloop
  endfacet
  facet normal -3.413727e-01 1.739381e-01 -9.236938e-01
    outer loop
      vertex   1.288303e+00 3.587500e+01 -4.933013e+00
      vertex   1.392738e+00 3.581470e+01 -4.982963e+00
      vertex   9.200227e-01 3.515221e+01 -4.933013e+00
    endloop
  endfacet
  facet normal -3.413727e-01 1.739381e-01 -9.236938e-01
    outer loop
      vertex   9.200227e-01 3.515221e+01 -4.933013e+00
      vertex   1.392738e+00 3.581470e+01 -4.982963e+00
      vertex   1.030188e+00 3.510316e+01 -4.982963e+00
    endloop
  endfacet
  facet normal -3.576841e-01 1.373021e-01 -9.236938e-01
    outer loop
      vertex   9.200227e-01 3.515221e+01 -4.933013e+00
      vertex   1.030188e+00 3.510316e+01 -4.982963e+00
      vertex   6.293120e-01 3.439488e+01 -4.933013e+00
    endloop
  endfacet
  facet normal -3.576841e-01 1.373021e-01 -9.236938e-01
    outer loop
      vertex   6.293120e-01 3.439488e+01 -4.933013e+00
      vertex   1.030188e+00 3.510316e+01 -4.982963e+00
      vertex   7.440004e-01 3.435762e+01 -4.982963e+00
    endloop
  endfacet
  facet normal -3.700767e-01 9.916174e-02 -9.236938e-01
    outer loop
      vertex   6.293120e-01 3.439488e+01 -4.933013e+00
      vertex   7.440004e-01 3.435762e+01 -4.982963e+00
      vertex   4.193561e-01 3.361132e+01 -4.933013e+00
    endloop
  endfacet
  facet normal -3.700767e-01 9.916174e-02 -9.236938e-01
    outer loop
      vertex   4.193561e-01 3.361132e+01 -4.933013e+00
      vertex   7.440004e-01 3.435762e+01 -4.982963e+00
      vertex   5.373114e-01 3.358624e+01 -4.982963e+00
    endloop
  endfacet
  facet normal -3.784146e-01 5.993498e-02 -9.236938e-01
    outer loop
      vertex   4.193561e-01 3.361132e+01 -4.933013e+00
      vertex   5.373114e-01 3.358624e+01 -4.982963e+00
      vertex   2.924553e-01 3.281010e+01 -4.933013e+00
    endloop
  endfacet
  facet normal -3.784146e-01 5.993498e-02 -9.236938e-01
    outer loop
      vertex   2.924553e-01 3.281010e+01 -4.933013e+00
      vertex   5.373114e-01 3.358624e+01 -4.982963e+00
      vertex   4.123852e-01 3.279749e+01 -4.982963e+00
    endloop
  endfacet
  facet normal -6.840428e-03 1.305231e-01 -9.914217e-01
    outer loop
      vertex   8.000000e+00 3.962941e+01 -4.982963e+00
      vertex   8.000000e+00 3.950000e+01 -5.000000e+00
      vertex   7.202510e+00 3.958761e+01 -4.982963e+00
    endloop
  endfacet
  facet normal -6.840428e-03 1.305231e-01 -9.914217e-01
    outer loop
      vertex   7.202510e+00 3.958761e+01 -4.982963e+00
      vertex   8.000000e+00 3.950000e+01 -5.000000e+00
      vertex   7.216037e+00 3.945891e+01 -5.000000e+00
    endloop
  endfacet
  facet normal -2.044634e-02 1.290931e-01 -9.914217e-01
    outer loop
      vertex   7.202510e+00 3.958761e+01 -4.982963e+00
      vertex   7.216037e+00 3.945891e+01 -5.000000e+00
      vertex   6.413757e+00 3.946269e+01 -4.982963e+00
    endloop
  endfacet
  facet normal -2.044634e-02 1.290931e-01 -9.914217e-01
    outer loop
      vertex   6.413757e+00 3.946269e+01 -4.982963e+00
      vertex   7.216037e+00 3.945891e+01 -5.000000e+00
      vertex   6.440662e+00 3.933611e+01 -5.000000e+00
    endloop
  endfacet
  facet normal -3.382823e-02 1.262487e-01 -9.914217e-01
    outer loop
      vertex   6.413757e+00 3.946269e+01 -4.982963e+00
      vertex   6.440662e+00 3.933611e+01 -5.000000e+00
      vertex   5.642383e+00 3.925600e+01 -4.982963e+00
    endloop
  endfacet
  facet normal -3.382823e-02 1.262487e-01 -9.914217e-01
    outer loop
      vertex   5.642383e+00 3.925600e+01 -4.982963e+00
      vertex   6.440662e+00 3.933611e+01 -5.000000e+00
      vertex   5.682373e+00 3.913292e+01 -5.000000e+00
    endloop
  endfacet
  facet normal -4.683950e-02 1.220211e-01 -9.914217e-01
    outer loop
      vertex   5.642383e+00 3.925600e+01 -4.982963e+00
      vertex   5.682373e+00 3.913292e+01 -5.000000e+00
      vertex   4.896840e+00 3.896981e+01 -4.982963e+00
    endloop
  endfacet
  facet normal -4.683950e-02 1.220211e-01 -9.914217e-01
    outer loop
      vertex   4.896840e+00 3.896981e+01 -4.982963e+00
      vertex   5.682373e+00 3.913292e+01 -5.000000e+00
      vertex   4.949475e+00 3.885159e+01 -5.000000e+00
    endloop
  endfacet
  facet normal -5.933758e-02 1.164566e-01 -9.914217e-01
    outer loop
      vertex   4.896840e+00 3.896981e+01 -4.982963e+00
      vertex   4.949475e+00 3.885159e+01 -5.000000e+00
      vertex   4.185295e+00 3.860726e+01 -4.982963e+00
    endloop
  endfacet
  facet normal -5.933758e-02 1.164566e-01 -9.914217e-01
    outer loop
      vertex   4.185295e+00 3.860726e+01 -4.982963e+00
      vertex   4.949475e+00 3.885159e+01 -5.000000e+00
      vertex   4.250000e+00 3.849519e+01 -5.000000e+00
    endloop
  endfacet
  facet normal -7.118555e-02 1.096161e-01 -9.914217e-01
    outer loop
      vertex   4.185295e+00 3.860726e+01 -4.982963e+00
      vertex   4.250000e+00 3.849519e+01 -5.000000e+00
      vertex   3.515546e+00 3.817232e+01 -4.982963e+00
    endloop
  endfacet
  facet normal -7.118555e-02 1.096161e-01 -9.914217e-01
    outer loop
      vertex   3.515546e+00 3.817232e+01 -4.982963e+00
      vertex   4.250000e+00 3.849519e+01 -5.000000e+00
      vertex   3.591611e+00 3.806763e+01 -5.000000e+00
    endloop
  endfacet
  facet normal -8.225360e-02 1.015747e-01 -9.914217e-01
    outer loop
      vertex   3.515546e+00 3.817232e+01 -4.982963e+00
      vertex   3.591611e+00 3.806763e+01 -5.000000e+00
      vertex   2.894929e+00 3.766976e+01 -4.982963e+00
    endloop
  endfacet
  facet normal -8.225360e-02 1.015747e-01 -9.914217e-01
    outer loop
      vertex   2.894929e+00 3.766976e+01 -4.982963e+00
      vertex   3.591611e+00 3.806763e+01 -5.000000e+00
      vertex   2.981520e+00 3.757359e+01 -5.000000e+00
    endloop
  endfacet
  facet normal -9.242046e-02 9.242046e-02 -9.914217e-01
    outer loop
      vertex   2.894929e+00 3.766976e+01 -4.982963e+00
      vertex   2.981520e+00 3.757359e+01 -5.000000e+00
      vertex   2.330244e+00 3.710507e+01 -4.982963e+00
    endloop
  endfacet
  facet normal -9.242046e-02 9.242046e-02 -9.914217e-01
    outer loop
      vertex   2.330244e+00 3.710507e+01 -4.982963e+00
      vertex   2.981520e+00 3.757359e+01 -5.000000e+00
      vertex   2.426414e+00 3.701848e+01 -5.000000e+00
    endloop
  endfacet
  facet normal -1.015747e-01 8.225360e-02 -9.914217e-01
    outer loop
      vertex   2.330244e+00 3.710507e+01 -4.982963e+00
      vertex   2.426414e+00 3.701848e+01 -5.000000e+00
      vertex   1.827678e+00 3.648445e+01 -4.982963e+00
    endloop
  endfacet
  facet normal -1.015747e-01 8.225360e-02 -9.914217e-01
    outer loop
      vertex   1.827678e+00 3.648445e+01 -4.982963e+00
      vertex   2.426414e+00 3.701848e+01 -5.000000e+00
      vertex   1.932373e+00 3.640839e+01 -5.000000e+00
    endloop
  endfacet
  facet normal -1.096161e-01 7.118555e-02 -9.914217e-01
    outer loop
      vertex   1.827678e+00 3.648445e+01 -4.982963e+00
      vertex   1.932373e+00 3.640839e+01 -5.000000e+00
      vertex   1.392738e+00 3.581470e+01 -4.982963e+00
    endloop
  endfacet
  facet normal -1.096161e-01 7.118555e-02 -9.914217e-01
    outer loop
      vertex   1.392738e+00 3.581470e+01 -4.982963e+00
      vertex   1.932373e+00 3.640839e+01 -5.000000e+00
      vertex   1.504809e+00 3.575000e+01 -5.000000e+00
    endloop
  endfacet
  facet normal -1.164566e-01 5.933758e-02 -9.914217e-01
    outer loop
      vertex   1.392738e+00 3.581470e+01 -4.982963e+00
      vertex   1.504809e+00 3.575000e+01 -5.000000e+00
      vertex   1.030188e+00 3.510316e+01 -4.982963e+00
    endloop
  endfacet
  facet normal -1.164566e-01 5.933758e-02 -9.914217e-01
    outer loop
      vertex   1.030188e+00 3.510316e+01 -4.982963e+00
      vertex   1.504809e+00 3.575000e+01 -5.000000e+00
      vertex   1.148409e+00 3.505052e+01 -5.000000e+00
    endloop
  endfacet
  facet normal -1.220211e-01 4.683950e-02 -9.914217e-01
    outer loop
      vertex   1.030188e+00 3.510316e+01 -4.982963e+00
      vertex   1.148409e+00 3.505052e+01 -5.000000e+00
      vertex   7.440004e-01 3.435762e+01 -4.982963e+00
    endloop
  endfacet
  facet normal -1.220211e-01 4.683950e-02 -9.914217e-01
    outer loop
      vertex   7.440004e-01 3.435762e+01 -4.982963e+00
      vertex   1.148409e+00 3.505052e+01 -5.000000e+00
      vertex   8.670761e-01 3.431763e+01 -5.000000e+00
    endloop
  endfacet
  facet normal -1.262487e-01 3.382823e-02 -9.914217e-01
    outer loop
      vertex   7.440004e-01 3.435762e+01 -4.982963e+00
      vertex   8.670761e-01 3.431763e+01 -5.000000e+00
      vertex   5.373114e-01 3.358624e+01 -4.982963e+00
    endloop
  endfacet
  facet normal -1.262487e-01 3.382823e-02 -9.914217e-01
    outer loop
      vertex   5.373114e-01 3.358624e+01 -4.982963e+00
      vertex   8.670761e-01 3.431763e+01 -5.000000e+00
      vertex   6.638930e-01 3.355934e+01 -5.000000e+00
    endloop
  endfacet
  facet normal -1.290931e-01 2.044634e-02 -9.914217e-01
    outer loop
      vertex   5.373114e-01 3.358624e+01 -4.982963e+00
      vertex   6.638930e-01 3.355934e+01 -5.000000e+00
      vertex   4.123852e-01 3.279749e+01 -4.982963e+00
    endloop
  endfacet
  facet normal -1.290931e-01 2.044634e-02 -9.914217e-01
    outer loop
      vertex   4.123852e-01 3.279749e+01 -4.982963e+00
      vertex   6.638930e-01 3.355934e+01 -5.000000e+00
      vertex   5.410858e-01 3.278396e+01 -5.000000e+00
    endloop
  endfacet
  facet normal 2.875363e-15 9.914449e-01 -1.305262e-01
    outer loop
      vertex   1.780000e+01 3.998296e+01 -4.629410e+00
      vertex   1.535000e+01 3.998296e+01 -4.629410e+00
      vertex   1.780000e+01 4.000000e+01 -4.500000e+00
    endloop
  endfacet
  facet normal -1.385863e-20 9.914449e-01 -1.305262e-01
    outer loop
      vertex   1.780000e+01 4.000000e+01 -4.500000e+00
      vertex   1.535000e+01 3.998296e+01 -4.629410e+00
      vertex   1.290000e+01 3.998296e+01 -4.629410e+00
    endloop
  endfacet
  facet normal 0.000000e+00 9.914449e-01 -1.305262e-01
    outer loop
      vertex   1.780000e+01 4.000000e+01 -4.500000e+00
      vertex   1.290000e+01 3.998296e+01 -4.629410e+00
      vertex   8.000000e+00 4.000000e+01 -4.500000e+00
    endloop
  endfacet
  facet normal -1.385863e-20 9.914449e-01 -1.305262e-01
    outer loop
      vertex   8.000000e+00 4.000000e+01 -4.500000e+00
      vertex   1.290000e+01 3.998296e+01 -4.629410e+00
      vertex   1.045000e+01 3.998296e+01 -4.629410e+00
    endloop
  endfacet
  facet normal -2.922362e-15 9.914449e-01 -1.305262e-01
    outer loop
      vertex   8.000000e+00 4.000000e+01 -4.500000e+00
      vertex   1.045000e+01 3.998296e+01 -4.629410e+00
      vertex   8.000000e+00 3.998296e+01 -4.629410e+00
    endloop
  endfacet
  facet normal -2.818143e-15 9.238795e-01 -3.826834e-01
    outer loop
      vertex   8.000000e+00 3.998296e+01 -4.629410e+00
      vertex   1.045000e+01 3.998296e+01 -4.629410e+00
      vertex   8.000000e+00 3.993301e+01 -4.750000e+00
    endloop
  endfacet
  facet normal -2.818143e-15 9.238795e-01 -3.826834e-01
    outer loop
      vertex   8.000000e+00 3.993301e+01 -4.750000e+00
      vertex   1.045000e+01 3.998296e+01 -4.629410e+00
      vertex   1.045000e+01 3.993301e+01 -4.750000e+00
    endloop
  endfacet
  facet normal -2.521552e-15 7.933533e-01 -6.087614e-01
    outer loop
      vertex   8.000000e+00 3.993301e+01 -4.750000e+00
      vertex   1.045000e+01 3.993301e+01 -4.750000e+00
      vertex   8.000000e+00 3.985355e+01 -4.853553e+00
    endloop
  endfacet
  facet normal -2.206893e-16 7.933533e-01 -6.087614e-01
    outer loop
      vertex   8.000000e+00 3.985355e+01 -4.853553e+00
      vertex   1.045000e+01 3.993301e+01 -4.750000e+00
      vertex   1.045000e+01 3.985355e+01 -4.853553e+00
    endloop
  endfacet
  facet normal -2.876079e-16 6.087614e-01 -7.933533e-01
    outer loop
      vertex   8.000000e+00 3.985355e+01 -4.853553e+00
      vertex   1.045000e+01 3.985355e+01 -4.853553e+00
      vertex   8.000000e+00 3.975000e+01 -4.933013e+00
    endloop
  endfacet
  facet normal -5.752158e-16 6.087614e-01 -7.933533e-01
    outer loop
      vertex   8.000000e+00 3.975000e+01 -4.933013e+00
      vertex   1.045000e+01 3.985355e+01 -4.853553e+00
      vertex   1.045000e+01 3.975000e+01 -4.933013e+00
    endloop
  endfacet
  facet normal -6.698529e-16 3.826834e-01 -9.238795e-01
    outer loop
      vertex   8.000000e+00 3.975000e+01 -4.933013e+00
      vertex   1.045000e+01 3.975000e+01 -4.933013e+00
      vertex   8.000000e+00 3.962941e+01 -4.982963e+00
    endloop
  endfacet
  facet normal -6.698529e-16 3.826834e-01 -9.238795e-01
    outer loop
      vertex   8.000000e+00 3.962941e+01 -4.982963e+00
      vertex   1.045000e+01 3.975000e+01 -4.933013e+00
      vertex   1.045000e+01 3.962941e+01 -4.982963e+00
    endloop
  endfacet
  facet normal -7.188408e-16 1.305262e-01 -9.914449e-01
    outer loop
      vertex   8.000000e+00 3.962941e+01 -4.982963e+00
      vertex   1.045000e+01 3.962941e+01 -4.982963e+00
      vertex   8.000000e+00 3.950000e+01 -5.000000e+00
    endloop
  endfacet
  facet normal -3.787107e-16 1.305262e-01 -9.914449e-01
    outer loop
      vertex   8.000000e+00 3.950000e+01 -5.000000e+00
      vertex   1.045000e+01 3.962941e+01 -4.982963e+00
      vertex   1.290000e+01 3.962941e+01 -4.982963e+00
    endloop
  endfacet
  facet normal 0.000000e+00 1.305262e-01 -9.914449e-01
    outer loop
      vertex   8.000000e+00 3.950000e+01 -5.000000e+00
      vertex   1.290000e+01 3.962941e+01 -4.982963e+00
      vertex   1.780000e+01 3.950000e+01 -5.000000e+00
    endloop
  endfacet
  facet normal -1.619811e-19 1.305262e-01 -9.914449e-01
    outer loop
      vertex   1.780000e+01 3.950000e+01 -5.000000e+00
      vertex   1.290000e+01 3.962941e+01 -4.982963e+00
      vertex   1.535000e+01 3.962941e+01 -4.982963e+00
    endloop
  endfacet
  facet normal -3.595824e-16 1.305262e-01 -9.914449e-01
    outer loop
      vertex   1.780000e+01 3.950000e+01 -5.000000e+00
      vertex   1.535000e+01 3.962941e+01 -4.982963e+00
      vertex   1.780000e+01 3.962941e+01 -4.982963e+00
    endloop
  endfacet
  facet normal -3.349265e-16 3.826834e-01 -9.238795e-01
    outer loop
      vertex   1.780000e+01 3.962941e+01 -4.982963e+00
      vertex   1.535000e+01 3.962941e+01 -4.982963e+00
      vertex   1.780000e+01 3.975000e+01 -4.933013e+00
    endloop
  endfacet
  facet normal 0.000000e+00 3.826834e-01 -9.238795e-01
    outer loop
      vertex   1.780000e+01 3.975000e+01 -4.933013e+00
      vertex   1.535000e+01 3.962941e+01 -4.982963e+00
      vertex   1.535000e+01 3.975000e+01 -4.933013e+00
    endloop
  endfacet
  facet normal 0.000000e+00 6.087614e-01 -7.933533e-01
    outer loop
      vertex   1.780000e+01 3.975000e+01 -4.933013e+00
      vertex   1.535000e+01 3.975000e+01 -4.933013e+00
      vertex   1.780000e+01 3.985355e+01 -4.853553e+00
    endloop
  endfacet
  facet normal 0.000000e+00 6.087614e-01 -7.933533e-01
    outer loop
      vertex   1.780000e+01 3.985355e+01 -4.853553e+00
      vertex   1.535000e+01 3.975000e+01 -4.933013e+00
      vertex   1.535000e+01 3.985355e+01 -4.853553e+00
    endloop
  endfacet
  facet normal 0.000000e+00 7.933533e-01 -6.087614e-01
    outer loop
      vertex   1.780000e+01 3.985355e+01 -4.853553e+00
      vertex   1.535000e+01 3.985355e+01 -4.853553e+00
      vertex   1.780000e+01 3.993301e+01 -4.750000e+00
    endloop
  endfacet
  facet normal -2.206893e-16 7.933533e-01 -6.087614e-01
    outer loop
      vertex   1.780000e+01 3.993301e+01 -4.750000e+00
      vertex   1.535000e+01 3.985355e+01 -4.853553e+00
      vertex   1.535000e+01 3.993301e+01 -4.750000e+00
    endloop
  endfacet
  facet normal -1.387311e-16 9.238795e-01 -3.826834e-01
    outer loop
      vertex   1.780000e+01 3.993301e+01 -4.750000e+00
      vertex   1.535000e+01 3.993301e+01 -4.750000e+00
      vertex   1.780000e+01 3.998296e+01 -4.629410e+00
    endloop
  endfacet
  facet normal 2.679412e-15 9.238795e-01 -3.826834e-01
    outer loop
      vertex   1.780000e+01 3.998296e+01 -4.629410e+00
      vertex   1.535000e+01 3.993301e+01 -4.750000e+00
      vertex   1.535000e+01 3.998296e+01 -4.629410e+00
    endloop
  endfacet
  facet normal 6.854974e-19 9.238795e-01 -3.826834e-01
    outer loop
      vertex   1.045000e+01 3.993301e+01 -4.750000e+00
      vertex   1.045000e+01 3.998296e+01 -4.629410e+00
      vertex   1.290000e+01 3.998296e+01 -4.629410e+00
    endloop
  endfacet
  facet normal 0.000000e+00 9.238795e-01 -3.826834e-01
    outer loop
      vertex   1.290000e+01 3.998296e+01 -4.629410e+00
      vertex   1.535000e+01 3.998296e+01 -4.629410e+00
      vertex   1.290000e+01 3.993301e+01 -4.750000e+00
    endloop
  endfacet
  facet normal 1.387311e-16 9.238795e-01 -3.826834e-01
    outer loop
      vertex   1.290000e+01 3.993301e+01 -4.750000e+00
      vertex   1.535000e+01 3.998296e+01 -4.629410e+00
      vertex   1.535000e+01 3.993301e+01 -4.750000e+00
    endloop
  endfacet
  facet normal 2.206893e-16 7.933533e-01 -6.087614e-01
    outer loop
      vertex   1.290000e+01 3.993301e+01 -4.750000e+00
      vertex   1.535000e+01 3.993301e+01 -4.750000e+00
      vertex   1.290000e+01 3.985355e+01 -4.853553e+00
    endloop
  endfacet
  facet normal 0.000000e+00 7.933533e-01 -6.087614e-01
    outer loop
      vertex   1.290000e+01 3.985355e+01 -4.853553e+00
      vertex   1.535000e+01 3.993301e+01 -4.750000e+00
      vertex   1.535000e+01 3.985355e+01 -4.853553e+00
    endloop
  endfacet
  facet normal 0.000000e+00 6.087614e-01 -7.933533e-01
    outer loop
      vertex   1.290000e+01 3.985355e+01 -4.853553e+00
      vertex   1.535000e+01 3.985355e+01 -4.853553e+00
      vertex   1.290000e+01 3.975000e+01 -4.933013e+00
    endloop
  endfacet
  facet normal 0.000000e+00 6.087614e-01 -7.933533e-01
    outer loop
      vertex   1.290000e+01 3.975000e+01 -4.933013e+00
      vertex   1.535000e+01 3.985355e+01 -4.853553e+00
      vertex   1.535000e+01 3.975000e+01 -4.933013e+00
    endloop
  endfacet
  facet normal 0.000000e+00 3.826834e-01 -9.238795e-01
    outer loop
      vertex   1.290000e+01 3.975000e+01 -4.933013e+00
      vertex   1.535000e+01 3.975000e+01 -4.933013e+00
      vertex   1.290000e+01 3.962941e+01 -4.982963e+00
    endloop
  endfacet
  facet normal 0.000000e+00 3.826834e-01 -9.238795e-01
    outer loop
      vertex   1.290000e+01 3.962941e+01 -4.982963e+00
      vertex   1.535000e+01 3.975000e+01 -4.933013e+00
      vertex   1.535000e+01 3.962941e+01 -4.982963e+00
    endloop
  endfacet
  facet normal 2.654516e-18 7.933533e-01 -6.087614e-01
    outer loop
      vertex   1.045000e+01 3.985355e+01 -4.853553e+00
      vertex   1.045000e+01 3.993301e+01 -4.750000e+00
      vertex   1.290000e+01 3.993301e+01 -4.750000e+00
    endloop
  endfacet
  facet normal 0.000000e+00 9.238795e-01 -3.826834e-01
    outer loop
      vertex   1.290000e+01 3.993301e+01 -4.750000e+00
      vertex   1.045000e+01 3.993301e+01 -4.750000e+00
      vertex   1.290000e+01 3.998296e+01 -4.629410e+00
    endloop
  endfacet
  facet normal 0.000000e+00 7.933533e-01 -6.087614e-01
    outer loop
      vertex   1.045000e+01 3.985355e+01 -4.853553e+00
      vertex   1.290000e+01 3.993301e+01 -4.750000e+00
      vertex   1.290000e+01 3.985355e+01 -4.853553e+00
    endloop
  endfacet
  facet normal -2.711320e-18 6.087614e-01 -7.933533e-01
    outer loop
      vertex   1.045000e+01 3.975000e+01 -4.933013e+00
      vertex   1.045000e+01 3.985355e+01 -4.853553e+00
      vertex   1.290000e+01 3.985355e+01 -4.853553e+00
    endloop
  endfacet
  facet normal 0.000000e+00 6.087614e-01 -7.933533e-01
    outer loop
      vertex   1.045000e+01 3.975000e+01 -4.933013e+00
      vertex   1.290000e+01 3.985355e+01 -4.853553e+00
      vertex   1.290000e+01 3.975000e+01 -4.933013e+00
    endloop
  endfacet
  facet normal 7.735747e-20 3.826834e-01 -9.238795e-01
    outer loop
      vertex   1.045000e+01 3.962941e+01 -4.982963e+00
      vertex   1.045000e+01 3.975000e+01 -4.933013e+00
      vertex   1.290000e+01 3.975000e+01 -4.933013e+00
    endloop
  endfacet
  facet normal -1.109849e-15 3.826834e-01 -9.238795e-01
    outer loop
      vertex   1.045000e+01 3.962941e+01 -4.982963e+00
      vertex   1.290000e+01 3.975000e+01 -4.933013e+00
      vertex   1.290000e+01 3.962941e+01 -4.982963e+00
    endloop
  endfacet
  facet normal 0.000000e+00 -0.000000e+00 -1.000000e+00
    outer loop
      vertex   1.780000e+01 1.500000e+00 -5.000000e+00
      vertex   1.780000e+01 5.000000e-01 -5.000000e+00
      vertex   8.000000e+00 1.500000e+00 -5.000000e+00
    endloop
  endfacet
  facet normal 0.000000e+00 -0.000000e+00 -1.000000e+00
    outer loop
      vertex   8.000000e+00 1.500000e+00 -5.000000e+00
      vertex   1.780000e+01 5.000000e-01 -5.000000e+00
      vertex   8.000000e+00 5.000000e-01 -5.000000e+00
    endloop
  endfacet
  facet normal -0.000000e+00 0.000000e+00 -1.000000e+00
    outer loop
      vertex   8.000000e+00 1.500000e+00 -5.000000e+00
      vertex   8.000000e+00 5.000000e-01 -5.000000e+00
      vertex   7.272231e+00 1.540871e+00 -5.000000e+00
    endloop
  endfacet
  facet normal 0.000000e+00 -0.000000e+00 -1.000000e+00
    outer loop
      vertex   7.272231e+00 1.540871e+00 -5.000000e+00
      vertex   8.000000e+00 5.000000e-01 -5.000000e+00
      vertex   7.216037e+00 5.410858e-01 -5.000000e+00
    endloop
  endfacet
  facet normal -0.000000e+00 0.000000e+00 -1.000000e+00
    outer loop
      vertex   7.272231e+00 1.540871e+00 -5.000000e+00
      vertex   7.216037e+00 5.410858e-01 -5.000000e+00
      vertex   6.553614e+00 1.662969e+00 -5.000000e+00
    endloop
  endfacet
  facet normal 0.000000e+00 -0.000000e+00 -1.000000e+00
    outer loop
      vertex   6.553614e+00 1.662969e+00 -5.000000e+00
      vertex   7.216037e+00 5.410858e-01 -5.000000e+00
      vertex   6.440662e+00 6.638930e-01 -5.000000e+00
    endloop
  endfacet
  facet normal -0.000000e+00 0.000000e+00 -1.000000e+00
    outer loop
      vertex   6.553614e+00 1.662969e+00 -5.000000e+00
      vertex   6.440662e+00 6.638930e-01 -5.000000e+00
      vertex   5.853186e+00 1.864758e+00 -5.000000e+00
    endloop
  endfacet
  facet normal 0.000000e+00 -0.000000e+00 -1.000000e+00
    outer loop
      vertex   5.853186e+00 1.864758e+00 -5.000000e+00
      vertex   6.440662e+00 6.638930e-01 -5.000000e+00
      vertex   5.682373e+00 8.670761e-01 -5.000000e+00
    endloop
  endfacet
  facet normal -0.000000e+00 0.000000e+00 -1.000000e+00
    outer loop
      vertex   5.853186e+00 1.864758e+00 -5.000000e+00
      vertex   5.682373e+00 8.670761e-01 -5.000000e+00
      vertex   5.179756e+00 2.143702e+00 -5.000000e+00
    endloop
  endfacet
  facet normal 0.000000e+00 -0.000000e+00 -1.000000e+00
    outer loop
      vertex   5.179756e+00 2.143702e+00 -5.000000e+00
      vertex   5.682373e+00 8.670761e-01 -5.000000e+00
      vertex   4.949475e+00 1.148409e+00 -5.000000e+00
    endloop
  endfacet
  facet normal -0.000000e+00 0.000000e+00 -1.000000e+00
    outer loop
      vertex   5.179756e+00 2.143702e+00 -5.000000e+00
      vertex   4.949475e+00 1.148409e+00 -5.000000e+00
      vertex   4.541792e+00 2.496293e+00 -5.000000e+00
    endloop
  endfacet
  facet normal 0.000000e+00 -0.000000e+00 -1.000000e+00
    outer loop
      vertex   4.541792e+00 2.496293e+00 -5.000000e+00
      vertex   4.949475e+00 1.148409e+00 -5.000000e+00
      vertex   4.250000e+00 1.504809e+00 -5.000000e+00
    endloop
  endfacet
  facet normal -0.000000e+00 0.000000e+00 -1.000000e+00
    outer loop
      vertex   4.541792e+00 2.496293e+00 -5.000000e+00
      vertex   4.250000e+00 1.504809e+00 -5.000000e+00
      vertex   3.947316e+00 2.918095e+00 -5.000000e+00
    endloop
  endfacet
  facet normal 0.000000e+00 -0.000000e+00 -1.000000e+00
    outer loop
      vertex   3.947316e+00 2.918095e+00 -5.000000e+00
      vertex   4.250000e+00 1.504809e+00 -5.000000e+00
      vertex   3.591611e+00 1.932373e+00 -5.000000e+00
    endloop
  endfacet
  facet normal -0.000000e+00 0.000000e+00 -1.000000e+00
    outer loop
      vertex   3.947316e+00 2.918095e+00 -5.000000e+00
      vertex   3.591611e+00 1.932373e+00 -5.000000e+00
      vertex   3.403806e+00 3.403806e+00 -5.000000e+00
    endloop
  endfacet
  facet normal 0.000000e+00 -0.000000e+00 -1.000000e+00
    outer loop
      vertex   3.403806e+00 3.403806e+00 -5.000000e+00
      vertex   3.591611e+00 1.932373e+00 -5.000000e+00
      vertex   2.981520e+00 2.426414e+00 -5.000000e+00
    endloop
  endfacet
  facet normal -0.000000e+00 0.000000e+00 -1.000000e+00
    outer loop
      vertex   3.403806e+00 3.403806e+00 -5.000000e+00
      vertex   2.981520e+00 2.426414e+00 -5.000000e+00
      vertex   2.918095e+00 3.947316e+00 -5.000000e+00
    endloop
  endfacet
  facet normal 0.000000e+00 -0.000000e+00 -1.000000e+00
    outer loop
      vertex   2.918095e+00 3.947316e+00 -5.000000e+00
      vertex   2.981520e+00 2.426414e+00 -5.000000e+00
      vertex   2.426414e+00 2.981520e+00 -5.000000e+00
    endloop
  endfacet
  facet normal -0.000000e+00 0.000000e+00 -1.000000e+00
    outer loop
      vertex   2.918095e+00 3.947316e+00 -5.000000e+00
      vertex   2.426414e+00 2.981520e+00 -5.000000e+00
      vertex   2.496293e+00 4.541792e+00 -5.000000e+00
    endloop
  endfacet
  facet normal 0.000000e+00 0.000000e+00 -1.000000e+00
    outer loop
      vertex   2.496293e+00 4.541792e+00 -5.000000e+00
      vertex   2.426414e+00 2.981520e+00 -5.000000e+00
      vertex   1.932373e+00 3.591611e+00 -5.000000e+00
    endloop
  endfacet
  facet normal -0.000000e+00 0.000000e+00 -1.000000e+00
    outer loop
      vertex   2.496293e+00 4.541792e+00 -5.000000e+00
      vertex   1.932373e+00 3.591611e+00 -5.000000e+00
      vertex   2.143702e+00 5.179756e+00 -5.000000e+00
    endloop
  endfacet
  facet normal 0.000000e+00 0.000000e+00 -1.000000e+00
    outer loop
      vertex   2.143702e+00 5.179756e+00 -5.000000e+00
      vertex   1.932373e+00 3.591611e+00 -5.000000e+00
      vertex   1.504809e+00 4.250000e+00 -5.000000e+00
    endloop
  endfacet
  facet normal -0.000000e+00 0.000000e+00 -1.000000e+00
    outer loop
      vertex   2.143702e+00 5.179756e+00 -5.000000e+00
      vertex   1.504809e+00 4.250000e+00 -5.000000e+00
      vertex   1.864758e+00 5.853186e+00 -5.000000e+00
    endloop
  endfacet
  facet normal 0.000000e+00 0.000000e+00 -1.000000e+00
    outer loop
      vertex   1.864758e+00 5.853186e+00 -5.000000e+00
      vertex   1.504809e+00 4.250000e+00 -5.000000e+00
      vertex   1.148409e+00 4.949475e+00 -5.000000e+00
    endloop
  endfacet
  facet normal -0.000000e+00 0.000000e+00 -1.000000e+00
    outer loop
      vertex   1.864758e+00 5.853186e+00 -5.000000e+00
      vertex   1.148409e+00 4.949475e+00 -5.000000e+00
      vertex   1.662969e+00 6.553614e+00 -5.000000e+00
    endloop
  endfacet
  facet normal 0.000000e+00 0.000000e+00 -1.000000e+00
    outer loop
      vertex   1.662969e+00 6.553614e+00 -5.000000e+00
      vertex   1.148409e+00 4.949475e+00 -5.000000e+00
      vertex   8.670761e-01 5.682373e+00 -5.000000e+00
    endloop
  endfacet
  facet normal -0.000000e+00 0.000000e+00 -1.000000e+00
    outer loop
      vertex   1.662969e+00 6.553614e+00 -5.000000e+00
      vertex   8.670761e-01 5.682373e+00 -5.000000e+00
      vertex   1.540871e+00 7.272231e+00 -5.000000e+00
    endloop
  endfacet
  facet normal 0.000000e+00 0.000000e+00 -1.000000e+00
    outer loop
      vertex   1.540871e+00 7.272231e+00 -5.000000e+00
      vertex   8.670761e-01 5.682373e+00 -5.000000e+00
      vertex   6.638930e-01 6.440662e+00 -5.000000e+00
    endloop
  endfacet
  facet normal 0.000000e+00 0.000000e+00 -1.000000e+00
    outer loop
      vertex   1.540871e+00 7.272231e+00 -5.000000e+00
      vertex   6.638930e-01 6.440662e+00 -5.000000e+00
      vertex   5.410858e-01 7.216037e+00 -5.000000e+00
    endloop
  endfacet
  facet normal -0.000000e+00 0.000000e+00 -1.000000e+00
    outer loop
      vertex   1.540871e+00 7.272231e+00 -5.000000e+00
      vertex   5.410858e-01 7.216037e+00 -5.000000e+00
      vertex   1.500000e+00 8.000000e+00 -5.000000e+00
    endloop
  endfacet
  facet normal 0.000000e+00 0.000000e+00 -1.000000e+00
    outer loop
      vertex   1.500000e+00 8.000000e+00 -5.000000e+00
      vertex   5.410858e-01 7.216037e+00 -5.000000e+00
      vertex   5.000000e-01 8.000000e+00 -5.000000e+00
    endloop
  endfacet
  facet normal -0.000000e+00 0.000000e+00 -1.000000e+00
    outer loop
      vertex   1.500000e+00 8.000000e+00 -5.000000e+00
      vertex   5.000000e-01 8.000000e+00 -5.000000e+00
      vertex   5.000000e-01 3.200000e+01 -5.000000e+00
    endloop
  endfacet
  facet normal 0.000000e+00 0.000000e+00 -1.000000e+00
    outer loop
      vertex   1.500000e+00 8.000000e+00 -5.000000e+00
      vertex   5.000000e-01 3.200000e+01 -5.000000e+00
      vertex   1.500000e+00 3.200000e+01 -5.000000e+00
    endloop
  endfacet
  facet normal -0.000000e+00 0.000000e+00 -1.000000e+00
    outer loop
      vertex   1.500000e+00 3.200000e+01 -5.000000e+00
      vertex   5.000000e-01 3.200000e+01 -5.000000e+00
      vertex   5.410858e-01 3.278396e+01 -5.000000e+00
    endloop
  endfacet
  facet normal 0.000000e+00 0.000000e+00 -1.000000e+00
    outer loop
      vertex   1.500000e+00 3.200000e+01 -5.000000e+00
      vertex   5.410858e-01 3.278396e+01 -5.000000e+00
      vertex   1.540871e+00 3.272777e+01 -5.000000e+00
    endloop
  endfacet
  facet normal 0.000000e+00 0.000000e+00 -1.000000e+00
    outer loop
      vertex   1.540871e+00 3.272777e+01 -5.000000e+00
      vertex   5.410858e-01 3.278396e+01 -5.000000e+00
      vertex   6.638930e-01 3.355934e+01 -5.000000e+00
    endloop
  endfacet
  facet normal 0.000000e+00 0.000000e+00 -1.000000e+00
    outer loop
      vertex   1.540871e+00 3.272777e+01 -5.000000e+00
      vertex   6.638930e-01 3.355934e+01 -5.000000e+00
      vertex   8.670761e-01 3.431763e+01 -5.000000e+00
    endloop
  endfacet
  facet normal 0.000000e+00 0.000000e+00 -1.000000e+00
    outer loop
      vertex   1.540871e+00 3.272777e+01 -5.000000e+00
      vertex   8.670761e-01 3.431763e+01 -5.000000e+00
      vertex   1.662969e+00 3.344639e+01 -5.000000e+00
    endloop
  endfacet
  facet normal 0.000000e+00 0.000000e+00 -1.000000e+00
    outer loop
      vertex   1.662969e+00 3.344639e+01 -5.000000e+00
      vertex   8.670761e-01 3.431763e+01 -5.000000e+00
      vertex   1.148409e+00 3.505052e+01 -5.000000e+00
    endloop
  endfacet
  facet normal 0.000000e+00 0.000000e+00 -1.000000e+00
    outer loop
      vertex   1.662969e+00 3.344639e+01 -5.000000e+00
      vertex   1.148409e+00 3.505052e+01 -5.000000e+00
      vertex   1.864758e+00 3.414681e+01 -5.000000e+00
    endloop
  endfacet
  facet normal 0.000000e+00 0.000000e+00 -1.000000e+00
    outer loop
      vertex   1.864758e+00 3.414681e+01 -5.000000e+00
      vertex   1.148409e+00 3.505052e+01 -5.000000e+00
      vertex   1.504809e+00 3.575000e+01 -5.000000e+00
    endloop
  endfacet
  facet normal 0.000000e+00 0.000000e+00 -1.000000e+00
    outer loop
      vertex   1.864758e+00 3.414681e+01 -5.000000e+00
      vertex   1.504809e+00 3.575000e+01 -5.000000e+00
      vertex   2.143702e+00 3.482024e+01 -5.000000e+00
    endloop
  endfacet
  facet normal 0.000000e+00 0.000000e+00 -1.000000e+00
    outer loop
      vertex   2.143702e+00 3.482024e+01 -5.000000e+00
      vertex   1.504809e+00 3.575000e+01 -5.000000e+00
      vertex   1.932373e+00 3.640839e+01 -5.000000e+00
    endloop
  endfacet
  facet normal 0.000000e+00 0.000000e+00 -1.000000e+00
    outer loop
      vertex   2.143702e+00 3.482024e+01 -5.000000e+00
      vertex   1.932373e+00 3.640839e+01 -5.000000e+00
      vertex   2.496293e+00 3.545821e+01 -5.000000e+00
    endloop
  endfacet
  facet normal 0.000000e+00 0.000000e+00 -1.000000e+00
    outer loop
      vertex   2.496293e+00 3.545821e+01 -5.000000e+00
      vertex   1.932373e+00 3.640839e+01 -5.000000e+00
      vertex   2.426414e+00 3.701848e+01 -5.000000e+00
    endloop
  endfacet
  facet normal 0.000000e+00 0.000000e+00 -1.000000e+00
    outer loop
      vertex   2.496293e+00 3.545821e+01 -5.000000e+00
      vertex   2.426414e+00 3.701848e+01 -5.000000e+00
      vertex   2.918095e+00 3.605268e+01 -5.000000e+00
    endloop
  endfacet
  facet normal 0.000000e+00 0.000000e+00 -1.000000e+00
    outer loop
      vertex   2.918095e+00 3.605268e+01 -5.000000e+00
      vertex   2.426414e+00 3.701848e+01 -5.000000e+00
      vertex   2.981520e+00 3.757359e+01 -5.000000e+00
    endloop
  endfacet
  facet normal 0.000000e+00 0.000000e+00 -1.000000e+00
    outer loop
      vertex   2.918095e+00 3.605268e+01 -5.000000e+00
      vertex   2.981520e+00 3.757359e+01 -5.000000e+00
      vertex   3.403806e+00 3.659619e+01 -5.000000e+00
    endloop
  endfacet
  facet normal 0.000000e+00 0.000000e+00 -1.000000e+00
    outer loop
      vertex   3.403806e+00 3.659619e+01 -5.000000e+00
      vertex   2.981520e+00 3.757359e+01 -5.000000e+00
      vertex   3.591611e+00 3.806763e+01 -5.000000e+00
    endloop
  endfacet
  facet normal 0.000000e+00 0.000000e+00 -1.000000e+00
    outer loop
      vertex   3.403806e+00 3.659619e+01 -5.000000e+00
      vertex   3.591611e+00 3.806763e+01 -5.000000e+00
      vertex   3.947316e+00 3.708190e+01 -5.000000e+00
    endloop
  endfacet
  facet normal 0.000000e+00 0.000000e+00 -1.000000e+00
    outer loop
      vertex   3.947316e+00 3.708190e+01 -5.000000e+00
      vertex   3.591611e+00 3.806763e+01 -5.000000e+00
      vertex   4.250000e+00 3.849519e+01 -5.000000e+00
    endloop
  endfacet
  facet normal 0.000000e+00 0.000000e+00 -1.000000e+00
    outer loop
      vertex   3.947316e+00 3.708190e+01 -5.000000e+00
      vertex   4.250000e+00 3.849519e+01 -5.000000e+00
      vertex   4.541792e+00 3.750371e+01 -5.000000e+00
    endloop
  endfacet
  facet normal 0.000000e+00 0.000000e+00 -1.000000e+00
    outer loop
      vertex   4.541792e+00 3.750371e+01 -5.000000e+00
      vertex   4.250000e+00 3.849519e+01 -5.000000e+00
      vertex   4.949475e+00 3.885159e+01 -5.000000e+00
    endloop
  endfacet
  facet normal 0.000000e+00 0.000000e+00 -1.000000e+00
    outer loop
      vertex   4.541792e+00 3.750371e+01 -5.000000e+00
      vertex   4.949475e+00 3.885159e+01 -5.000000e+00
      vertex   5.179756e+00 3.785630e+01 -5.000000e+00
    endloop
  endfacet
  facet normal 0.000000e+00 0.000000e+00 -1.000000e+00
    outer loop
      vertex   5.179756e+00 3.785630e+01 -5.000000e+00
      vertex   4.949475e+00 3.885159e+01 -5.000000e+00
      vertex   5.682373e+00 3.913292e+01 -5.000000e+00
    endloop
  endfacet
  facet normal 0.000000e+00 0.000000e+00 -1.000000e+00
    outer loop
      vertex   5.179756e+00 3.785630e+01 -5.000000e+00
      vertex   5.682373e+00 3.913292e+01 -5.000000e+00
      vertex   5.853186e+00 3.813524e+01 -5.000000e+00
    endloop
  endfacet
  facet normal 0.000000e+00 0.000000e+00 -1.000000e+00
    outer loop
      vertex   5.853186e+00 3.813524e+01 -5.000000e+00
      vertex   5.682373e+00 3.913292e+01 -5.000000e+00
      vertex   6.440662e+00 3.933611e+01 -5.000000e+00
    endloop
  endfacet
  facet normal 0.000000e+00 0.000000e+00 -1.000000e+00
    outer loop
      vertex   5.853186e+00 3.813524e+01 -5.000000e+00
      vertex   6.440662e+00 3.933611e+01 -5.000000e+00
      vertex   6.553614e+00 3.833703e+01 -5.000000e+00
    endloop
  endfacet
  facet normal 0.000000e+00 0.000000e+00 -1.000000e+00
    outer loop
      vertex   6.553614e+00 3.833703e+01 -5.000000e+00
      vertex   6.440662e+00 3.933611e+01 -5.000000e+00
      vertex   7.216037e+00 3.945891e+01 -5.000000e+00
    endloop
  endfacet
  facet normal 0.000000e+00 0.000000e+00 -1.000000e+00
    outer loop
      vertex   6.553614e+00 3.833703e+01 -5.000000e+00
      vertex   7.216037e+00 3.945891e+01 -5.000000e+00
      vertex   7.272231e+00 3.845913e+01 -5.000000e+00
    endloop
  endfacet
  facet normal 0.000000e+00 0.000000e+00 -1.000000e+00
    outer loop
      vertex   7.272231e+00 3.845913e+01 -5.000000e+00
      vertex   7.216037e+00 3.945891e+01 -5.000000e+00
      vertex   8.000000e+00 3.950000e+01 -5.000000e+00
    endloop
  endfacet
  facet normal 0.000000e+00 0.000000e+00 -1.000000e+00
    outer loop
      vertex   7.272231e+00 3.845913e+01 -5.000000e+00
      vertex   8.000000e+00 3.950000e+01 -5.000000e+00
      vertex   8.000000e+00 3.850000e+01 -5.000000e+00
    endloop
  endfacet
  facet normal 0.000000e+00 0.000000e+00 -1.000000e+00
    outer loop
      vertex   8.000000e+00 3.850000e+01 -5.000000e+00
      vertex   8.000000e+00 3.950000e+01 -5.000000e+00
      vertex   1.780000e+01 3.950000e+01 -5.000000e+00
    endloop
  endfacet
  facet normal 8.781039e-08 -8.605419e-07 -1.000000e+00
    outer loop
      vertex   8.000000e+00 3.850000e+01 -5.000000e+00
      vertex   1.780000e+01 3.950000e+01 -5.000000e+00
      vertex   1.780000e+01 3.850000e+01 -4.999999e+00
    endloop
  endfacet
  facet normal 1.000000e+00 -2.946098e-14 1.525013e-14
    outer loop
      vertex   1.780000e+01 3.962941e+01 -4.982963e+00
      vertex   1.780000e+01 4.000000e+01 -4.500000e+00
      vertex   1.780000e+01 3.950000e+01 -5.000000e+00
    endloop
  endfacet
  facet normal 1.000000e+00 -1.082732e-14 -3.383539e-15
    outer loop
      vertex   1.780000e+01 3.950000e+01 -5.000000e+00
      vertex   1.780000e+01 4.000000e+01 -4.500000e+00
      vertex   1.780000e+01 3.850000e+01 -7.500009e-01
    endloop
  endfacet
  facet normal 1.000000e+00 3.552711e-15 0.000000e+00
    outer loop
      vertex   1.780000e+01 3.950000e+01 -5.000000e+00
      vertex   1.780000e+01 3.850000e+01 -7.500009e-01
      vertex   1.780000e+01 3.850000e+01 -4.999999e+00
    endloop
  endfacet
  facet normal 1.000000e+00 2.960597e-15 -0.000000e+00
    outer loop
      vertex   1.780000e+01 3.850000e+01 -4.999999e+00
      vertex   1.780000e+01 3.850000e+01 -7.500009e-01
      vertex   1.780000e+01 3.730000e+01 -3.799999e+00
    endloop
  endfacet
  facet normal 1.000000e+00 2.960597e-15 -0.000000e+00
    outer loop
      vertex   1.780000e+01 3.730000e+01 -3.799999e+00
      vertex   1.780000e+01 3.850000e+01 -7.500009e-01
      vertex   1.780000e+01 3.730000e+01 -1.950000e+00
    endloop
  endfacet
  facet normal 1.000000e+00 4.466658e-15 -1.078347e-14
    outer loop
      vertex   1.780000e+01 3.962941e+01 -4.982963e+00
      vertex   1.780000e+01 3.975000e+01 -4.933013e+00
      vertex   1.780000e+01 4.000000e+01 -4.500000e+00
    endloop
  endfacet
  facet normal 1.000000e+00 1.130310e-14 -1.473049e-14
    outer loop
      vertex   1.780000e+01 4.000000e+01 -4.500000e+00
      vertex   1.780000e+01 3.975000e+01 -4.933013e+00
      vertex   1.780000e+01 3.985355e+01 -4.853553e+00
    endloop
  endfacet
  facet normal 1.000000e+00 2.845712e-14 -2.183592e-14
    outer loop
      vertex   1.780000e+01 4.000000e+01 -4.500000e+00
      vertex   1.780000e+01 3.985355e+01 -4.853553e+00
      vertex   1.780000e+01 3.993301e+01 -4.750000e+00
    endloop
  endfacet
  facet normal 1.000000e+00 9.715869e-14 -4.024445e-14
    outer loop
      vertex   1.780000e+01 3.993301e+01 -4.750000e+00
      vertex   1.780000e+01 3.998296e+01 -4.629410e+00
      vertex   1.780000e+01 4.000000e+01 -4.500000e+00
    endloop
  endfacet
  facet normal 1.000000e+00 -8.881785e-16 5.921188e-16
    outer loop
      vertex   1.780000e+01 4.000000e+01 -4.500000e+00
      vertex   1.780000e+01 4.000000e+01 1.500000e+00
      vertex   1.780000e+01 3.850000e+01 -7.500009e-01
    endloop
  endfacet
  facet normal 1.000000e+00 0.000000e+00 0.000000e+00
    outer loop
      vertex   1.780000e+01 3.850000e+01 -7.500009e-01
      vertex   1.780000e+01 4.000000e+01 1.500000e+00
      vertex   1.780000e+01 3.850000e+01 0.000000e+00
    endloop
  endfacet
  facet normal 1.000000e+00 0.000000e+00 -0.000000e+00
    outer loop
      vertex   1.780000e+01 3.850000e+01 0.000000e+00
      vertex   1.780000e+01 4.000000e+01 1.500000e+00
      vertex   1.780000e+01 3.760000e+01 1.500000e+00
    endloop
  endfacet
  facet normal 1.000000e+00 0.000000e+00 0.000000e+00
    outer loop
      vertex   1.780000e+01 3.850000e+01 0.000000e+00
      vertex   1.780000e+01 3.760000e+01 1.500000e+00
      vertex   1.780000e+01 3.760000e+01 0.000000e+00
    endloop
  endfacet
  facet normal -9.999940e-01 -2.994296e-03 1.716347e-03
    outer loop
      vertex   -1.369550e-32 -6.750000e+00 1.000000e+00
      vertex   -1.578482e-32 -6.902555e+00 7.338563e-01
      vertex   1.031885e-05 -6.751605e+00 1.003212e+00
    endloop
  endfacet
  facet normal -9.920311e-01 -1.098946e-01 6.162419e-02
    outer loop
      vertex   1.031885e-05 -6.751605e+00 1.003212e+00
      vertex   -1.578482e-32 -6.902555e+00 7.338563e-01
      vertex   1.703709e-02 -6.903465e+00 1.006498e+00
    endloop
  endfacet
  facet normal -9.928795e-01 -1.103524e-01 4.486241e-02
    outer loop
      vertex   1.031885e-05 -6.751605e+00 1.003212e+00
      vertex   1.703709e-02 -6.903465e+00 1.006498e+00
      vertex   9.170700e-03 -6.796577e+00 1.095324e+00
    endloop
  endfacet
  facet normal -9.590628e-01 -2.193920e-01 1.790688e-01
    outer loop
      vertex   9.170700e-03 -6.796577e+00 1.095324e+00
      vertex   1.703709e-02 -6.903465e+00 1.006498e+00
      vertex   3.562590e-02 -6.838740e+00 1.185356e+00
    endloop
  endfacet
  facet normal -9.238779e-01 -3.189674e-01 2.114460e-01
    outer loop
      vertex   3.562590e-02 -6.838740e+00 1.185356e+00
      vertex   1.703709e-02 -6.903465e+00 1.006498e+00
      vertex   6.698730e-02 -7.004303e+00 1.072633e+00
    endloop
  endfacet
  facet normal -8.844815e-01 -3.652260e-01 2.903488e-01
    outer loop
      vertex   3.562590e-02 -6.838740e+00 1.185356e+00
      vertex   6.698730e-02 -7.004303e+00 1.072633e+00
      vertex   7.926555e-02 -6.877011e+00 1.270154e+00
    endloop
  endfacet
  facet normal -7.928232e-01 -4.886619e-01 3.641989e-01
    outer loop
      vertex   7.926555e-02 -6.877011e+00 1.270154e+00
      vertex   6.698730e-02 -7.004303e+00 1.072633e+00
      vertex   1.464466e-01 -7.090894e+00 1.129424e+00
    endloop
  endfacet
  facet normal -7.728189e-01 -4.999477e-01 3.909006e-01
    outer loop
      vertex   7.926555e-02 -6.877011e+00 1.270154e+00
      vertex   1.464466e-01 -7.090894e+00 1.129424e+00
      vertex   1.392282e-01 -6.910253e+00 1.346187e+00
    endloop
  endfacet
  facet normal -6.329640e-01 -6.049712e-01 4.830802e-01
    outer loop
      vertex   1.392282e-01 -6.910253e+00 1.346187e+00
      vertex   1.464466e-01 -7.090894e+00 1.129424e+00
      vertex   2.143186e-01 -6.937583e+00 1.410349e+00
    endloop
  endfacet
  facet normal -6.074718e-01 -6.263192e-01 4.885716e-01
    outer loop
      vertex   2.143186e-01 -6.937583e+00 1.410349e+00
      vertex   1.464466e-01 -7.090894e+00 1.129424e+00
      vertex   2.500000e-01 -7.157338e+00 1.173001e+00
    endloop
  endfacet
  facet normal -4.703338e-01 -6.816798e-01 5.604452e-01
    outer loop
      vertex   2.143186e-01 -6.937583e+00 1.410349e+00
      vertex   2.500000e-01 -7.157338e+00 1.173001e+00
      vertex   3.017778e-01 -6.957904e+00 1.459030e+00
    endloop
  endfacet
  facet normal -3.813690e-01 -7.244801e-01 5.741832e-01
    outer loop
      vertex   3.017778e-01 -6.957904e+00 1.459030e+00
      vertex   2.500000e-01 -7.157338e+00 1.173001e+00
      vertex   3.705905e-01 -7.199107e+00 1.200395e+00
    endloop
  endfacet
  facet normal -2.888680e-01 -7.372727e-01 6.107244e-01
    outer loop
      vertex   3.017778e-01 -6.957904e+00 1.459030e+00
      vertex   3.705905e-01 -7.199107e+00 1.200395e+00
      vertex   3.985326e-01 -6.970494e+00 1.489595e+00
    endloop
  endfacet
  facet normal -1.299058e-01 -7.716988e-01 6.225796e-01
    outer loop
      vertex   3.985326e-01 -6.970494e+00 1.489595e+00
      vertex   3.705905e-01 -7.199107e+00 1.200395e+00
      vertex   5.000000e-01 -7.213353e+00 1.209738e+00
    endloop
  endfacet
  facet normal -9.702332e-02 -7.688480e-01 6.320278e-01
    outer loop
      vertex   3.985326e-01 -6.970494e+00 1.489595e+00
      vertex   5.000000e-01 -7.213353e+00 1.209738e+00
      vertex   5.000000e-01 -6.974745e+00 1.500000e+00
    endloop
  endfacet
  facet normal -9.908380e-01 -1.202325e-01 6.151515e-02
    outer loop
      vertex   1.703709e-02 -6.903465e+00 1.006498e+00
      vertex   -1.578482e-32 -6.902555e+00 7.338563e-01
      vertex   1.703709e-02 -7.038368e+00 7.428283e-01
    endloop
  endfacet
  facet normal -9.919144e-01 -1.221592e-01 3.439472e-02
    outer loop
      vertex   1.703709e-02 -7.038368e+00 7.428283e-01
      vertex   -1.578482e-32 -6.902555e+00 7.338563e-01
      vertex   -1.692346e-32 -6.985695e+00 4.385711e-01
    endloop
  endfacet
  facet normal -9.913437e-01 -1.269367e-01 3.353567e-02
    outer loop
      vertex   1.703709e-02 -7.038368e+00 7.428283e-01
      vertex   -1.692346e-32 -6.985695e+00 4.385711e-01
      vertex   1.703709e-02 -7.113665e+00 4.578176e-01
    endloop
  endfacet
  facet normal -9.913491e-01 -1.311293e-01 5.663510e-03
    outer loop
      vertex   1.703709e-02 -7.113665e+00 4.578176e-01
      vertex   -1.692346e-32 -6.985695e+00 4.385711e-01
      vertex   1.703709e-02 -7.126505e+00 1.605311e-01
    endloop
  endfacet
  facet normal -9.231215e-01 -3.841502e-01 1.659155e-02
    outer loop
      vertex   1.703709e-02 -7.113665e+00 4.578176e-01
      vertex   1.703709e-02 -7.126505e+00 1.605311e-01
      vertex   6.698730e-02 -7.232925e+00 4.756854e-01
    endloop
  endfacet
  facet normal -9.230858e-01 -3.842376e-01 1.655638e-02
    outer loop
      vertex   6.698730e-02 -7.232925e+00 4.756854e-01
      vertex   1.703709e-02 -7.126505e+00 1.605311e-01
      vertex   6.698730e-02 -7.246842e+00 1.527095e-01
    endloop
  endfacet
  facet normal -7.917321e-01 -6.103021e-01 2.629726e-02
    outer loop
      vertex   6.698730e-02 -7.232925e+00 4.756854e-01
      vertex   6.698730e-02 -7.246842e+00 1.527095e-01
      vertex   1.464466e-01 -7.335348e+00 4.909450e-01
    endloop
  endfacet
  facet normal -7.916351e-01 -6.104304e-01 2.624093e-02
    outer loop
      vertex   1.464466e-01 -7.335348e+00 4.909450e-01
      vertex   6.698730e-02 -7.246842e+00 1.527095e-01
      vertex   1.464466e-01 -7.350177e+00 1.459930e-01
    endloop
  endfacet
  facet normal -6.067050e-01 -7.941936e-01 3.414048e-02
    outer loop
      vertex   1.464466e-01 -7.335348e+00 4.909450e-01
      vertex   1.464466e-01 -7.350177e+00 1.459930e-01
      vertex   2.500000e-01 -7.413957e+00 5.025478e-01
    endloop
  endfacet
  facet normal -6.065315e-01 -7.943293e-01 3.406582e-02
    outer loop
      vertex   2.500000e-01 -7.413957e+00 5.025478e-01
      vertex   1.464466e-01 -7.350177e+00 1.459930e-01
      vertex   2.500000e-01 -7.429469e+00 1.408393e-01
    endloop
  endfacet
  facet normal -3.810330e-01 -9.237123e-01 3.961458e-02
    outer loop
      vertex   2.500000e-01 -7.413957e+00 5.025478e-01
      vertex   2.500000e-01 -7.429469e+00 1.408393e-01
      vertex   3.705905e-01 -7.463394e+00 5.096966e-01
    endloop
  endfacet
  facet normal -3.807897e-01 -9.238165e-01 3.952544e-02
    outer loop
      vertex   3.705905e-01 -7.463394e+00 5.096966e-01
      vertex   2.500000e-01 -7.429469e+00 1.408393e-01
      vertex   3.705905e-01 -7.479314e+00 1.375995e-01
    endloop
  endfacet
  facet normal -1.300694e-01 -9.905986e-01 4.238271e-02
    outer loop
      vertex   3.705905e-01 -7.463394e+00 5.096966e-01
      vertex   3.705905e-01 -7.479314e+00 1.375995e-01
      vertex   5.000000e-01 -7.480291e+00 5.118997e-01
    endloop
  endfacet
  facet normal -1.297846e-01 -9.906402e-01 4.228411e-02
    outer loop
      vertex   5.000000e-01 -7.480291e+00 5.118997e-01
      vertex   3.705905e-01 -7.479314e+00 1.375995e-01
      vertex   5.000000e-01 -7.496315e+00 1.364945e-01
    endloop
  endfacet
  facet normal -1.297846e-01 -9.768317e-01 -1.701642e-01
    outer loop
      vertex   5.000000e-01 -7.496315e+00 1.364945e-01
      vertex   3.705905e-01 -7.479314e+00 1.375995e-01
      vertex   5.000000e-01 -7.431831e+00 -2.336780e-01
    endloop
  endfacet
  facet normal -1.297846e-01 -9.768317e-01 -1.701642e-01
    outer loop
      vertex   5.000000e-01 -7.431831e+00 -2.336780e-01
      vertex   3.705905e-01 -7.479314e+00 1.375995e-01
      vertex   3.705905e-01 -7.415458e+00 -2.289692e-01
    endloop
  endfacet
  facet normal -1.297846e-01 -9.179897e-01 -3.747677e-01
    outer loop
      vertex   5.000000e-01 -7.431831e+00 -2.336780e-01
      vertex   3.705905e-01 -7.415458e+00 -2.289692e-01
      vertex   5.000000e-01 -7.289812e+00 -5.815522e-01
    endloop
  endfacet
  facet normal -1.297846e-01 -9.179897e-01 -3.747677e-01
    outer loop
      vertex   5.000000e-01 -7.289812e+00 -5.815522e-01
      vertex   3.705905e-01 -7.415458e+00 -2.289692e-01
      vertex   3.705905e-01 -7.274821e+00 -5.734567e-01
    endloop
  endfacet
  facet normal -1.297846e-01 -8.168271e-01 -5.620939e-01
    outer loop
      vertex   5.000000e-01 -7.289812e+00 -5.815522e-01
      vertex   3.705905e-01 -7.274821e+00 -5.734567e-01
      vertex   5.000000e-01 -7.076805e+00 -8.910906e-01
    endloop
  endfacet
  facet normal -1.297846e-01 -8.168271e-01 -5.620939e-01
    outer loop
      vertex   5.000000e-01 -7.076805e+00 -8.910906e-01
      vertex   3.705905e-01 -7.274821e+00 -5.734567e-01
      vertex   3.705905e-01 -7.063888e+00 -8.799815e-01
    endloop
  endfacet
  facet normal -1.297846e-01 -6.780074e-01 -7.235067e-01
    outer loop
      vertex   5.000000e-01 -7.076805e+00 -8.910906e-01
      vertex   3.705905e-01 -7.063888e+00 -8.799815e-01
      vertex   5.000000e-01 -6.802631e+00 -1.148023e+00
    endloop
  endfacet
  facet normal -1.297846e-01 -6.780074e-01 -7.235067e-01
    outer loop
      vertex   5.000000e-01 -6.802631e+00 -1.148023e+00
      vertex   3.705905e-01 -7.063888e+00 -8.799815e-01
      vertex   3.705905e-01 -6.792383e+00 -1.134413e+00
    endloop
  endfacet
  facet normal -1.297846e-01 -5.079307e-01 -8.515647e-01
    outer loop
      vertex   5.000000e-01 -6.802631e+00 -1.148023e+00
      vertex   3.705905e-01 -6.792383e+00 -1.134413e+00
      vertex   5.000000e-01 -6.479929e+00 -1.340504e+00
    endloop
  endfacet
  facet normal -1.297846e-01 -5.079307e-01 -8.515647e-01
    outer loop
      vertex   5.000000e-01 -6.479929e+00 -1.340504e+00
      vertex   3.705905e-01 -6.792383e+00 -1.134413e+00
      vertex   3.705905e-01 -6.472822e+00 -1.325020e+00
    endloop
  endfacet
  facet normal -1.297846e-01 -3.144375e-01 -9.403643e-01
    outer loop
      vertex   5.000000e-01 -6.479929e+00 -1.340504e+00
      vertex   3.705905e-01 -6.472822e+00 -1.325020e+00
      vertex   5.000000e-01 -6.123575e+00 -1.459661e+00
    endloop
  endfacet
  facet normal -1.297846e-01 -3.144375e-01 -9.403643e-01
    outer loop
      vertex   5.000000e-01 -6.123575e+00 -1.459661e+00
      vertex   3.705905e-01 -6.472822e+00 -1.325020e+00
      vertex   3.705905e-01 -6.119939e+00 -1.443017e+00
    endloop
  endfacet
  facet normal -1.297846e-01 -1.064483e-01 -9.858117e-01
    outer loop
      vertex   5.000000e-01 -6.123575e+00 -1.459661e+00
      vertex   3.705905e-01 -6.119939e+00 -1.443017e+00
      vertex   5.000000e-01 -5.750000e+00 -1.500000e+00
    endloop
  endfacet
  facet normal -1.297846e-01 -1.064483e-01 -9.858117e-01
    outer loop
      vertex   5.000000e-01 -5.750000e+00 -1.500000e+00
      vertex   3.705905e-01 -6.119939e+00 -1.443017e+00
      vertex   3.705905e-01 -5.750000e+00 -1.482963e+00
    endloop
  endfacet
  facet normal -3.807933e-01 -9.926810e-02 -9.193162e-01
    outer loop
      vertex   3.705905e-01 -5.750000e+00 -1.482963e+00
      vertex   3.705905e-01 -6.119939e+00 -1.443017e+00
      vertex   2.500000e-01 -6.109276e+00 -1.394218e+00
    endloop
  endfacet
  facet normal -3.807933e-01 -9.926810e-02 -9.193162e-01
    outer loop
      vertex   3.705905e-01 -5.750000e+00 -1.482963e+00
      vertex   2.500000e-01 -6.109276e+00 -1.394218e+00
      vertex   2.500000e-01 -5.750000e+00 -1.433013e+00
    endloop
  endfacet
  facet normal -6.065399e-01 -8.535396e-02 -7.904581e-01
    outer loop
      vertex   2.500000e-01 -5.750000e+00 -1.433013e+00
      vertex   2.500000e-01 -6.109276e+00 -1.394218e+00
      vertex   1.464466e-01 -6.092313e+00 -1.316590e+00
    endloop
  endfacet
  facet normal -6.065399e-01 -8.535396e-02 -7.904581e-01
    outer loop
      vertex   2.500000e-01 -5.750000e+00 -1.433013e+00
      vertex   1.464466e-01 -6.092313e+00 -1.316590e+00
      vertex   1.464466e-01 -5.750000e+00 -1.353553e+00
    endloop
  endfacet
  facet normal -7.916448e-01 -6.559272e-02 -6.074504e-01
    outer loop
      vertex   1.464466e-01 -5.750000e+00 -1.353553e+00
      vertex   1.464466e-01 -6.092313e+00 -1.316590e+00
      vertex   6.698730e-02 -6.070208e+00 -1.215424e+00
    endloop
  endfacet
  facet normal -7.916448e-01 -6.559272e-02 -6.074504e-01
    outer loop
      vertex   1.464466e-01 -5.750000e+00 -1.353553e+00
      vertex   6.698730e-02 -6.070208e+00 -1.215424e+00
      vertex   6.698730e-02 -5.750000e+00 -1.250000e+00
    endloop
  endfacet
  facet normal -9.230918e-01 -4.128706e-02 -3.823571e-01
    outer loop
      vertex   6.698730e-02 -5.750000e+00 -1.250000e+00
      vertex   6.698730e-02 -6.070208e+00 -1.215424e+00
      vertex   1.703709e-02 -6.044465e+00 -1.097613e+00
    endloop
  endfacet
  facet normal -9.230918e-01 -4.128706e-02 -3.823571e-01
    outer loop
      vertex   6.698730e-02 -5.750000e+00 -1.250000e+00
      vertex   1.703709e-02 -6.044465e+00 -1.097613e+00
      vertex   1.703709e-02 -5.750000e+00 -1.129410e+00
    endloop
  endfacet
  facet normal -9.913464e-01 -1.409287e-02 -1.305132e-01
    outer loop
      vertex   1.703709e-02 -5.750000e+00 -1.129410e+00
      vertex   1.703709e-02 -6.044465e+00 -1.097613e+00
      vertex   -1.710569e-48 -5.750000e+00 -1.000000e+00
    endloop
  endfacet
  facet normal -9.918960e-01 -1.559016e-02 -1.260923e-01
    outer loop
      vertex   -1.710569e-48 -5.750000e+00 -1.000000e+00
      vertex   1.703709e-02 -6.044465e+00 -1.097613e+00
      vertex   -4.169568e-33 -6.054448e+00 -9.623578e-01
    endloop
  endfacet
  facet normal -9.908547e-01 -4.278999e-02 -1.279688e-01
    outer loop
      vertex   -4.169568e-33 -6.054448e+00 -9.623578e-01
      vertex   1.703709e-02 -6.044465e+00 -1.097613e+00
      vertex   1.703709e-02 -6.325355e+00 -1.003690e+00
    endloop
  endfacet
  facet normal -9.922752e-01 -4.475063e-02 -1.157034e-01
    outer loop
      vertex   -4.169568e-33 -6.054448e+00 -9.623578e-01
      vertex   1.703709e-02 -6.325355e+00 -1.003690e+00
      vertex   -8.088013e-33 -6.340560e+00 -8.516983e-01
    endloop
  endfacet
  facet normal -9.905042e-01 -7.042706e-02 -1.180736e-01
    outer loop
      vertex   -8.088013e-33 -6.340560e+00 -8.516983e-01
      vertex   1.703709e-02 -6.325355e+00 -1.003690e+00
      vertex   1.703709e-02 -6.579719e+00 -8.519693e-01
    endloop
  endfacet
  facet normal -9.924892e-01 -7.058904e-02 -9.991212e-02
    outer loop
      vertex   -8.088013e-33 -6.340560e+00 -8.516983e-01
      vertex   1.703709e-02 -6.579719e+00 -8.519693e-01
      vertex   -1.151934e-32 -6.591104e+00 -6.746862e-01
    endloop
  endfacet
  facet normal -9.903232e-01 -9.489663e-02 -1.012649e-01
    outer loop
      vertex   -1.151934e-32 -6.591104e+00 -6.746862e-01
      vertex   1.703709e-02 -6.579719e+00 -8.519693e-01
      vertex   1.703709e-02 -6.795833e+00 -6.494464e-01
    endloop
  endfacet
  facet normal -9.925567e-01 -9.238112e-02 -7.935294e-02
    outer loop
      vertex   -1.151934e-32 -6.591104e+00 -6.746862e-01
      vertex   1.703709e-02 -6.795833e+00 -6.494464e-01
      vertex   -1.425688e-32 -6.790990e+00 -4.419825e-01
    endloop
  endfacet
  facet normal -9.903269e-01 -1.143048e-01 -7.865803e-02
    outer loop
      vertex   -1.425688e-32 -6.790990e+00 -4.419825e-01
      vertex   1.703709e-02 -6.795833e+00 -6.494464e-01
      vertex   1.703709e-02 -6.963732e+00 -4.054577e-01
    endloop
  endfacet
  facet normal -9.924836e-01 -1.094579e-01 -5.472894e-02
    outer loop
      vertex   -1.425688e-32 -6.790990e+00 -4.419825e-01
      vertex   1.703709e-02 -6.963732e+00 -4.054577e-01
      vertex   -1.613577e-32 -6.928180e+00 -1.676025e-01
    endloop
  endfacet
  facet normal -9.905150e-01 -1.272123e-01 -5.193419e-02
    outer loop
      vertex   -1.613577e-32 -6.928180e+00 -1.676025e-01
      vertex   1.703709e-02 -6.963732e+00 -4.054577e-01
      vertex   1.703709e-02 -7.075676e+00 -1.312515e-01
    endloop
  endfacet
  facet normal -9.922636e-01 -1.212208e-01 -2.680386e-02
    outer loop
      vertex   -1.613577e-32 -6.928180e+00 -1.676025e-01
      vertex   1.703709e-02 -7.075676e+00 -1.312515e-01
      vertex   -1.704284e-32 -6.994411e+00 1.319287e-01
    endloop
  endfacet
  facet normal -9.908716e-01 -1.328094e-01 -2.313541e-02
    outer loop
      vertex   -1.704284e-32 -6.994411e+00 1.319287e-01
      vertex   1.703709e-02 -7.075676e+00 -1.312515e-01
      vertex   1.703709e-02 -7.126505e+00 1.605311e-01
    endloop
  endfacet
  facet normal -9.918773e-01 -1.271469e-01 3.614297e-03
    outer loop
      vertex   -1.704284e-32 -6.994411e+00 1.319287e-01
      vertex   1.703709e-02 -7.126505e+00 1.605311e-01
      vertex   -1.692346e-32 -6.985695e+00 4.385711e-01
    endloop
  endfacet
  facet normal -1.295013e-01 -9.588146e-01 2.527925e-01
    outer loop
      vertex   5.000000e-01 -7.480291e+00 5.118997e-01
      vertex   5.000000e-01 -7.384499e+00 8.752310e-01
      vertex   3.705905e-01 -7.463394e+00 5.096966e-01
    endloop
  endfacet
  facet normal -1.297860e-01 -9.587530e-01 2.528800e-01
    outer loop
      vertex   3.705905e-01 -7.463394e+00 5.096966e-01
      vertex   5.000000e-01 -7.384499e+00 8.752310e-01
      vertex   3.705905e-01 -7.368586e+00 8.691441e-01
    endloop
  endfacet
  facet normal -3.805576e-01 -8.941767e-01 2.358474e-01
    outer loop
      vertex   3.705905e-01 -7.463394e+00 5.096966e-01
      vertex   3.705905e-01 -7.368586e+00 8.691441e-01
      vertex   2.500000e-01 -7.413957e+00 5.025478e-01
    endloop
  endfacet
  facet normal -3.808004e-01 -8.940562e-01 2.359123e-01
    outer loop
      vertex   2.500000e-01 -7.413957e+00 5.025478e-01
      vertex   3.705905e-01 -7.368586e+00 8.691441e-01
      vertex   2.500000e-01 -7.321933e+00 8.512981e-01
    endloop
  endfacet
  facet normal -6.063797e-01 -7.688593e-01 2.028770e-01
    outer loop
      vertex   2.500000e-01 -7.413957e+00 5.025478e-01
      vertex   2.500000e-01 -7.321933e+00 8.512981e-01
      vertex   1.464466e-01 -7.335348e+00 4.909450e-01
    endloop
  endfacet
  facet normal -6.065524e-01 -7.687114e-01 2.029211e-01
    outer loop
      vertex   1.464466e-01 -7.335348e+00 4.909450e-01
      vertex   2.500000e-01 -7.321933e+00 8.512981e-01
      vertex   1.464466e-01 -7.247718e+00 8.229093e-01
    endloop
  endfacet
  facet normal -7.915613e-01 -5.908502e-01 1.559701e-01
    outer loop
      vertex   1.464466e-01 -7.335348e+00 4.909450e-01
      vertex   1.464466e-01 -7.247718e+00 8.229093e-01
      vertex   6.698730e-02 -7.232925e+00 4.756854e-01
    endloop
  endfacet
  facet normal -7.916577e-01 -5.907137e-01 1.559979e-01
    outer loop
      vertex   6.698730e-02 -7.232925e+00 4.756854e-01
      vertex   1.464466e-01 -7.247718e+00 8.229093e-01
      vertex   6.698730e-02 -7.150999e+00 7.859123e-01
    endloop
  endfacet
  facet normal -9.230638e-01 -3.718974e-01 9.821210e-02
    outer loop
      vertex   6.698730e-02 -7.232925e+00 4.756854e-01
      vertex   6.698730e-02 -7.150999e+00 7.859123e-01
      vertex   1.703709e-02 -7.113665e+00 4.578176e-01
    endloop
  endfacet
  facet normal -9.230992e-01 -3.718052e-01 9.822798e-02
    outer loop
      vertex   1.703709e-02 -7.113665e+00 4.578176e-01
      vertex   6.698730e-02 -7.150999e+00 7.859123e-01
      vertex   1.703709e-02 -7.038368e+00 7.428283e-01
    endloop
  endfacet
  facet normal -1.297846e-01 -8.827161e-01 4.516284e-01
    outer loop
      vertex   3.705905e-01 -7.368586e+00 8.691441e-01
      vertex   5.000000e-01 -7.384499e+00 8.752310e-01
      vertex   3.705905e-01 -7.199107e+00 1.200395e+00
    endloop
  endfacet
  facet normal -1.297846e-01 -8.827161e-01 4.516284e-01
    outer loop
      vertex   3.705905e-01 -7.199107e+00 1.200395e+00
      vertex   5.000000e-01 -7.384499e+00 8.752310e-01
      vertex   5.000000e-01 -7.213353e+00 1.209738e+00
    endloop
  endfacet
  facet normal -9.230918e-01 -3.423705e-01 1.751687e-01
    outer loop
      vertex   1.703709e-02 -7.038368e+00 7.428283e-01
      vertex   6.698730e-02 -7.150999e+00 7.859123e-01
      vertex   1.703709e-02 -6.903465e+00 1.006498e+00
    endloop
  endfacet
  facet normal -9.230918e-01 -3.423705e-01 1.751687e-01
    outer loop
      vertex   1.703709e-02 -6.903465e+00 1.006498e+00
      vertex   6.698730e-02 -7.150999e+00 7.859123e-01
      vertex   6.698730e-02 -7.004303e+00 1.072633e+00
    endloop
  endfacet
  facet normal -7.916448e-01 -5.439237e-01 2.782903e-01
    outer loop
      vertex   6.698730e-02 -7.150999e+00 7.859123e-01
      vertex   1.464466e-01 -7.247718e+00 8.229093e-01
      vertex   6.698730e-02 -7.004303e+00 1.072633e+00
    endloop
  endfacet
  facet normal -7.916448e-01 -5.439237e-01 2.782903e-01
    outer loop
      vertex   6.698730e-02 -7.004303e+00 1.072633e+00
      vertex   1.464466e-01 -7.247718e+00 8.229093e-01
      vertex   1.464466e-01 -7.090894e+00 1.129424e+00
    endloop
  endfacet
  facet normal -3.807933e-01 -8.231747e-01 4.211649e-01
    outer loop
      vertex   3.705905e-01 -7.368586e+00 8.691441e-01
      vertex   3.705905e-01 -7.199107e+00 1.200395e+00
      vertex   2.500000e-01 -7.157338e+00 1.173001e+00
    endloop
  endfacet
  facet normal -6.065399e-01 -7.077925e-01 3.621314e-01
    outer loop
      vertex   1.464466e-01 -7.247718e+00 8.229093e-01
      vertex   2.500000e-01 -7.321933e+00 8.512981e-01
      vertex   1.464466e-01 -7.090894e+00 1.129424e+00
    endloop
  endfacet
  facet normal -6.065399e-01 -7.077925e-01 3.621314e-01
    outer loop
      vertex   1.464466e-01 -7.090894e+00 1.129424e+00
      vertex   2.500000e-01 -7.321933e+00 8.512981e-01
      vertex   2.500000e-01 -7.157338e+00 1.173001e+00
    endloop
  endfacet
  facet normal -3.807933e-01 -8.231747e-01 4.211649e-01
    outer loop
      vertex   2.500000e-01 -7.321933e+00 8.512981e-01
      vertex   3.705905e-01 -7.368586e+00 8.691441e-01
      vertex   2.500000e-01 -7.157338e+00 1.173001e+00
    endloop
  endfacet
  facet normal -9.230918e-01 -3.788741e-01 -6.599993e-02
    outer loop
      vertex   6.698730e-02 -7.246842e+00 1.527095e-01
      vertex   1.703709e-02 -7.126505e+00 1.605311e-01
      vertex   6.698730e-02 -7.191569e+00 -1.645812e-01
    endloop
  endfacet
  facet normal -9.230918e-01 -3.788741e-01 -6.599993e-02
    outer loop
      vertex   6.698730e-02 -7.191569e+00 -1.645812e-01
      vertex   1.703709e-02 -7.126505e+00 1.605311e-01
      vertex   1.703709e-02 -7.075676e+00 -1.312515e-01
    endloop
  endfacet
  facet normal -9.230918e-01 -3.560517e-01 -1.453575e-01
    outer loop
      vertex   6.698730e-02 -7.191569e+00 -1.645812e-01
      vertex   1.703709e-02 -7.075676e+00 -1.312515e-01
      vertex   6.698730e-02 -7.069839e+00 -4.627590e-01
    endloop
  endfacet
  facet normal -9.230918e-01 -3.560517e-01 -1.453575e-01
    outer loop
      vertex   6.698730e-02 -7.069839e+00 -4.627590e-01
      vertex   1.703709e-02 -7.075676e+00 -1.312515e-01
      vertex   1.703709e-02 -6.963732e+00 -4.054577e-01
    endloop
  endfacet
  facet normal -9.230918e-01 -3.168147e-01 -2.180138e-01
    outer loop
      vertex   6.698730e-02 -7.069839e+00 -4.627590e-01
      vertex   1.703709e-02 -6.963732e+00 -4.054577e-01
      vertex   6.698730e-02 -6.887262e+00 -7.280777e-01
    endloop
  endfacet
  facet normal -9.230918e-01 -3.168147e-01 -2.180138e-01
    outer loop
      vertex   6.698730e-02 -6.887262e+00 -7.280777e-01
      vertex   1.703709e-02 -6.963732e+00 -4.054577e-01
      vertex   1.703709e-02 -6.795833e+00 -6.494464e-01
    endloop
  endfacet
  facet normal -9.230918e-01 -2.629721e-01 -2.806194e-01
    outer loop
      vertex   6.698730e-02 -6.887262e+00 -7.280777e-01
      vertex   1.703709e-02 -6.795833e+00 -6.494464e-01
      vertex   6.698730e-02 -6.652255e+00 -9.483054e-01
    endloop
  endfacet
  facet normal -9.230918e-01 -2.629721e-01 -2.806194e-01
    outer loop
      vertex   6.698730e-02 -6.652255e+00 -9.483054e-01
      vertex   1.703709e-02 -6.795833e+00 -6.494464e-01
      vertex   1.703709e-02 -6.579719e+00 -8.519693e-01
    endloop
  endfacet
  facet normal -9.230918e-01 -1.970061e-01 -3.302881e-01
    outer loop
      vertex   6.698730e-02 -6.652255e+00 -9.483054e-01
      vertex   1.703709e-02 -6.579719e+00 -8.519693e-01
      vertex   6.698730e-02 -6.375653e+00 -1.113289e+00
    endloop
  endfacet
  facet normal -9.230918e-01 -1.970061e-01 -3.302881e-01
    outer loop
      vertex   6.698730e-02 -6.375653e+00 -1.113289e+00
      vertex   1.703709e-02 -6.579719e+00 -8.519693e-01
      vertex   1.703709e-02 -6.325355e+00 -1.003690e+00
    endloop
  endfacet
  facet normal -9.230918e-01 -1.219578e-01 -3.647299e-01
    outer loop
      vertex   6.698730e-02 -6.375653e+00 -1.113289e+00
      vertex   1.703709e-02 -6.325355e+00 -1.003690e+00
      vertex   6.698730e-02 -6.070208e+00 -1.215424e+00
    endloop
  endfacet
  facet normal -9.230918e-01 -1.219578e-01 -3.647299e-01
    outer loop
      vertex   6.698730e-02 -6.070208e+00 -1.215424e+00
      vertex   1.703709e-02 -6.325355e+00 -1.003690e+00
      vertex   1.703709e-02 -6.044465e+00 -1.097613e+00
    endloop
  endfacet
  facet normal -7.916448e-01 -6.019170e-01 -1.048540e-01
    outer loop
      vertex   1.464466e-01 -7.350177e+00 1.459930e-01
      vertex   6.698730e-02 -7.246842e+00 1.527095e-01
      vertex   1.464466e-01 -7.291089e+00 -1.932020e-01
    endloop
  endfacet
  facet normal -7.916448e-01 -6.019170e-01 -1.048540e-01
    outer loop
      vertex   1.464466e-01 -7.291089e+00 -1.932020e-01
      vertex   6.698730e-02 -7.246842e+00 1.527095e-01
      vertex   6.698730e-02 -7.191569e+00 -1.645812e-01
    endloop
  endfacet
  facet normal -7.916448e-01 -5.656590e-01 -2.309293e-01
    outer loop
      vertex   1.464466e-01 -7.291089e+00 -1.932020e-01
      vertex   6.698730e-02 -7.191569e+00 -1.645812e-01
      vertex   1.464466e-01 -7.160955e+00 -5.119648e-01
    endloop
  endfacet
  facet normal -7.916448e-01 -5.656590e-01 -2.309293e-01
    outer loop
      vertex   1.464466e-01 -7.160955e+00 -5.119648e-01
      vertex   6.698730e-02 -7.191569e+00 -1.645812e-01
      vertex   6.698730e-02 -7.069839e+00 -4.627590e-01
    endloop
  endfacet
  facet normal -7.916448e-01 -5.033233e-01 -3.463584e-01
    outer loop
      vertex   1.464466e-01 -7.160955e+00 -5.119648e-01
      vertex   6.698730e-02 -7.069839e+00 -4.627590e-01
      vertex   1.464466e-01 -6.965773e+00 -7.955998e-01
    endloop
  endfacet
  facet normal -7.916448e-01 -5.033233e-01 -3.463584e-01
    outer loop
      vertex   1.464466e-01 -6.965773e+00 -7.955998e-01
      vertex   6.698730e-02 -7.069839e+00 -4.627590e-01
      vertex   6.698730e-02 -6.887262e+00 -7.280777e-01
    endloop
  endfacet
  facet normal -7.916448e-01 -4.177836e-01 -4.458199e-01
    outer loop
      vertex   1.464466e-01 -6.965773e+00 -7.955998e-01
      vertex   6.698730e-02 -6.887262e+00 -7.280777e-01
      vertex   1.464466e-01 -6.714543e+00 -1.031031e+00
    endloop
  endfacet
  facet normal -7.916448e-01 -4.177836e-01 -4.458199e-01
    outer loop
      vertex   1.464466e-01 -6.714543e+00 -1.031031e+00
      vertex   6.698730e-02 -6.887262e+00 -7.280777e-01
      vertex   6.698730e-02 -6.652255e+00 -9.483054e-01
    endloop
  endfacet
  facet normal -7.916448e-01 -3.129834e-01 -5.247284e-01
    outer loop
      vertex   1.464466e-01 -6.714543e+00 -1.031031e+00
      vertex   6.698730e-02 -6.652255e+00 -9.483054e-01
      vertex   1.464466e-01 -6.418845e+00 -1.207405e+00
    endloop
  endfacet
  facet normal -7.916448e-01 -3.129834e-01 -5.247284e-01
    outer loop
      vertex   1.464466e-01 -6.418845e+00 -1.207405e+00
      vertex   6.698730e-02 -6.652255e+00 -9.483054e-01
      vertex   6.698730e-02 -6.375653e+00 -1.113289e+00
    endloop
  endfacet
  facet normal -7.916448e-01 -1.937542e-01 -5.794461e-01
    outer loop
      vertex   1.464466e-01 -6.418845e+00 -1.207405e+00
      vertex   6.698730e-02 -6.375653e+00 -1.113289e+00
      vertex   1.464466e-01 -6.092313e+00 -1.316590e+00
    endloop
  endfacet
  facet normal -7.916448e-01 -1.937542e-01 -5.794461e-01
    outer loop
      vertex   1.464466e-01 -6.092313e+00 -1.316590e+00
      vertex   6.698730e-02 -6.375653e+00 -1.113289e+00
      vertex   6.698730e-02 -6.070208e+00 -1.215424e+00
    endloop
  endfacet
  facet normal -3.807933e-01 -9.109419e-01 -1.586862e-01
    outer loop
      vertex   3.705905e-01 -7.415458e+00 -2.289692e-01
      vertex   3.705905e-01 -7.479314e+00 1.375995e-01
      vertex   2.500000e-01 -7.429469e+00 1.408393e-01
    endloop
  endfacet
  facet normal -6.065399e-01 -7.832576e-01 -1.364436e-01
    outer loop
      vertex   2.500000e-01 -7.429469e+00 1.408393e-01
      vertex   1.464466e-01 -7.350177e+00 1.459930e-01
      vertex   2.500000e-01 -7.367453e+00 -2.151636e-01
    endloop
  endfacet
  facet normal -6.065399e-01 -7.832576e-01 -1.364436e-01
    outer loop
      vertex   2.500000e-01 -7.367453e+00 -2.151636e-01
      vertex   1.464466e-01 -7.350177e+00 1.459930e-01
      vertex   1.464466e-01 -7.291089e+00 -1.932020e-01
    endloop
  endfacet
  facet normal -6.065399e-01 -7.360761e-01 -3.005018e-01
    outer loop
      vertex   2.500000e-01 -7.367453e+00 -2.151636e-01
      vertex   1.464466e-01 -7.291089e+00 -1.932020e-01
      vertex   2.500000e-01 -7.230870e+00 -5.497217e-01
    endloop
  endfacet
  facet normal -6.065399e-01 -7.360761e-01 -3.005018e-01
    outer loop
      vertex   2.500000e-01 -7.230870e+00 -5.497217e-01
      vertex   1.464466e-01 -7.291089e+00 -1.932020e-01
      vertex   1.464466e-01 -7.160955e+00 -5.119648e-01
    endloop
  endfacet
  facet normal -6.065399e-01 -6.549604e-01 -4.507064e-01
    outer loop
      vertex   2.500000e-01 -7.230870e+00 -5.497217e-01
      vertex   1.464466e-01 -7.160955e+00 -5.119648e-01
      vertex   2.500000e-01 -7.026017e+00 -8.474114e-01
    endloop
  endfacet
  facet normal -6.065399e-01 -6.549604e-01 -4.507064e-01
    outer loop
      vertex   2.500000e-01 -7.026017e+00 -8.474114e-01
      vertex   1.464466e-01 -7.160955e+00 -5.119648e-01
      vertex   1.464466e-01 -6.965773e+00 -7.955998e-01
    endloop
  endfacet
  facet normal -6.065399e-01 -5.436500e-01 -5.801328e-01
    outer loop
      vertex   2.500000e-01 -7.026017e+00 -8.474114e-01
      vertex   1.464466e-01 -6.965773e+00 -7.955998e-01
      vertex   2.500000e-01 -6.762338e+00 -1.094509e+00
    endloop
  endfacet
  facet normal -6.065399e-01 -5.436500e-01 -5.801328e-01
    outer loop
      vertex   2.500000e-01 -6.762338e+00 -1.094509e+00
      vertex   1.464466e-01 -6.965773e+00 -7.955998e-01
      vertex   1.464466e-01 -6.714543e+00 -1.031031e+00
    endloop
  endfacet
  facet normal -6.065399e-01 -4.072765e-01 -6.828142e-01
    outer loop
      vertex   2.500000e-01 -6.762338e+00 -1.094509e+00
      vertex   1.464466e-01 -6.714543e+00 -1.031031e+00
      vertex   2.500000e-01 -6.451988e+00 -1.279622e+00
    endloop
  endfacet
  facet normal -6.065399e-01 -4.072765e-01 -6.828142e-01
    outer loop
      vertex   2.500000e-01 -6.451988e+00 -1.279622e+00
      vertex   1.464466e-01 -6.714543e+00 -1.031031e+00
      vertex   1.464466e-01 -6.418845e+00 -1.207405e+00
    endloop
  endfacet
  facet normal -6.065399e-01 -2.521269e-01 -7.540168e-01
    outer loop
      vertex   2.500000e-01 -6.451988e+00 -1.279622e+00
      vertex   1.464466e-01 -6.418845e+00 -1.207405e+00
      vertex   2.500000e-01 -6.109276e+00 -1.394218e+00
    endloop
  endfacet
  facet normal -6.065399e-01 -2.521269e-01 -7.540168e-01
    outer loop
      vertex   2.500000e-01 -6.109276e+00 -1.394218e+00
      vertex   1.464466e-01 -6.418845e+00 -1.207405e+00
      vertex   1.464466e-01 -6.092313e+00 -1.316590e+00
    endloop
  endfacet
  facet normal -3.807933e-01 -8.560690e-01 -3.494887e-01
    outer loop
      vertex   3.705905e-01 -7.274821e+00 -5.734567e-01
      vertex   3.705905e-01 -7.415458e+00 -2.289692e-01
      vertex   2.500000e-01 -7.367453e+00 -2.151636e-01
    endloop
  endfacet
  facet normal -3.807933e-01 -9.109419e-01 -1.586862e-01
    outer loop
      vertex   2.500000e-01 -7.367453e+00 -2.151636e-01
      vertex   3.705905e-01 -7.415458e+00 -2.289692e-01
      vertex   2.500000e-01 -7.429469e+00 1.408393e-01
    endloop
  endfacet
  facet normal -3.807933e-01 -8.560690e-01 -3.494887e-01
    outer loop
      vertex   3.705905e-01 -7.274821e+00 -5.734567e-01
      vertex   2.500000e-01 -7.367453e+00 -2.151636e-01
      vertex   2.500000e-01 -7.230870e+00 -5.497217e-01
    endloop
  endfacet
  facet normal -3.807933e-01 -7.617300e-01 -5.241792e-01
    outer loop
      vertex   3.705905e-01 -7.063888e+00 -8.799815e-01
      vertex   3.705905e-01 -7.274821e+00 -5.734567e-01
      vertex   2.500000e-01 -7.230870e+00 -5.497217e-01
    endloop
  endfacet
  facet normal -3.807933e-01 -7.617300e-01 -5.241792e-01
    outer loop
      vertex   3.705905e-01 -7.063888e+00 -8.799815e-01
      vertex   2.500000e-01 -7.230870e+00 -5.497217e-01
      vertex   2.500000e-01 -7.026017e+00 -8.474114e-01
    endloop
  endfacet
  facet normal -3.807933e-01 -6.322741e-01 -6.747043e-01
    outer loop
      vertex   3.705905e-01 -6.792383e+00 -1.134413e+00
      vertex   3.705905e-01 -7.063888e+00 -8.799815e-01
      vertex   2.500000e-01 -7.026017e+00 -8.474114e-01
    endloop
  endfacet
  facet normal -3.807933e-01 -6.322741e-01 -6.747043e-01
    outer loop
      vertex   3.705905e-01 -6.792383e+00 -1.134413e+00
      vertex   2.500000e-01 -7.026017e+00 -8.474114e-01
      vertex   2.500000e-01 -6.762338e+00 -1.094509e+00
    endloop
  endfacet
  facet normal -3.807933e-01 -4.736695e-01 -7.941245e-01
    outer loop
      vertex   3.705905e-01 -6.472822e+00 -1.325020e+00
      vertex   3.705905e-01 -6.792383e+00 -1.134413e+00
      vertex   2.500000e-01 -6.762338e+00 -1.094509e+00
    endloop
  endfacet
  facet normal -3.807933e-01 -4.736695e-01 -7.941245e-01
    outer loop
      vertex   3.705905e-01 -6.472822e+00 -1.325020e+00
      vertex   2.500000e-01 -6.762338e+00 -1.094509e+00
      vertex   2.500000e-01 -6.451988e+00 -1.279622e+00
    endloop
  endfacet
  facet normal -3.807933e-01 -2.932279e-01 -8.769344e-01
    outer loop
      vertex   3.705905e-01 -6.119939e+00 -1.443017e+00
      vertex   3.705905e-01 -6.472822e+00 -1.325020e+00
      vertex   2.500000e-01 -6.451988e+00 -1.279622e+00
    endloop
  endfacet
  facet normal -3.807933e-01 -2.932279e-01 -8.769344e-01
    outer loop
      vertex   3.705905e-01 -6.119939e+00 -1.443017e+00
      vertex   2.500000e-01 -6.451988e+00 -1.279622e+00
      vertex   2.500000e-01 -6.109276e+00 -1.394218e+00
    endloop
  endfacet
  facet normal -1.020101e-01 0.000000e+00 9.947834e-01
    outer loop
      vertex   5.000000e-01 -6.974745e+00 1.500000e+00
      vertex   5.000000e-01 4.697474e+01 1.500000e+00
      vertex   3.985326e-01 -6.970494e+00 1.489595e+00
    endloop
  endfacet
  facet normal -1.647864e-01 1.197087e-04 9.863293e-01
    outer loop
      vertex   3.985326e-01 -6.970494e+00 1.489595e+00
      vertex   5.000000e-01 4.697474e+01 1.500000e+00
      vertex   3.705905e-01 9.210102e+00 1.482963e+00
    endloop
  endfacet
  facet normal -2.309357e-01 1.730908e-19 9.729690e-01
    outer loop
      vertex   3.985326e-01 -6.970494e+00 1.489595e+00
      vertex   3.705905e-01 9.210102e+00 1.482963e+00
      vertex   3.705905e-01 6.512628e+00 1.482963e+00
    endloop
  endfacet
  facet normal -3.826834e-01 0.000000e+00 9.238795e-01
    outer loop
      vertex   3.705905e-01 6.512628e+00 1.482963e+00
      vertex   3.705905e-01 9.210102e+00 1.482963e+00
      vertex   2.500000e-01 6.512628e+00 1.433013e+00
    endloop
  endfacet
  facet normal -3.826834e-01 -2.363938e-19 9.238795e-01
    outer loop
      vertex   3.705905e-01 6.512628e+00 1.482963e+00
      vertex   2.500000e-01 6.512628e+00 1.433013e+00
      vertex   2.500000e-01 3.815153e+00 1.433013e+00
    endloop
  endfacet
  facet normal -6.087614e-01 0.000000e+00 7.933533e-01
    outer loop
      vertex   2.500000e-01 3.815153e+00 1.433013e+00
      vertex   2.500000e-01 6.512628e+00 1.433013e+00
      vertex   1.464466e-01 3.815153e+00 1.353553e+00
    endloop
  endfacet
  facet normal -6.087614e-01 1.167556e-19 7.933533e-01
    outer loop
      vertex   2.500000e-01 3.815153e+00 1.433013e+00
      vertex   1.464466e-01 3.815153e+00 1.353553e+00
      vertex   1.464466e-01 1.117679e+00 1.353553e+00
    endloop
  endfacet
  facet normal -7.933533e-01 0.000000e+00 6.087614e-01
    outer loop
      vertex   1.464466e-01 1.117679e+00 1.353553e+00
      vertex   1.464466e-01 3.815153e+00 1.353553e+00
      vertex   6.698730e-02 1.117679e+00 1.250000e+00
    endloop
  endfacet
  facet normal -7.933533e-01 -5.733978e-22 6.087614e-01
    outer loop
      vertex   1.464466e-01 1.117679e+00 1.353553e+00
      vertex   6.698730e-02 1.117679e+00 1.250000e+00
      vertex   6.698730e-02 -1.579796e+00 1.250000e+00
    endloop
  endfacet
  facet normal -9.238795e-01 0.000000e+00 3.826834e-01
    outer loop
      vertex   6.698730e-02 -1.579796e+00 1.250000e+00
      vertex   6.698730e-02 1.117679e+00 1.250000e+00
      vertex   1.703709e-02 -1.579796e+00 1.129410e+00
    endloop
  endfacet
  facet normal -9.238795e-01 7.204135e-19 3.826834e-01
    outer loop
      vertex   6.698730e-02 -1.579796e+00 1.250000e+00
      vertex   1.703709e-02 -1.579796e+00 1.129410e+00
      vertex   1.703709e-02 -4.277270e+00 1.129410e+00
    endloop
  endfacet
  facet normal -9.914449e-01 0.000000e+00 1.305262e-01
    outer loop
      vertex   1.703709e-02 -4.277270e+00 1.129410e+00
      vertex   1.703709e-02 -1.579796e+00 1.129410e+00
      vertex   -1.369550e-32 -6.750000e+00 1.000000e+00
    endloop
  endfacet
  facet normal -9.999575e-01 6.550324e-03 6.484713e-03
    outer loop
      vertex   1.703709e-02 -4.277270e+00 1.129410e+00
      vertex   -1.369550e-32 -6.750000e+00 1.000000e+00
      vertex   1.031885e-05 -6.751605e+00 1.003212e+00
    endloop
  endfacet
  facet normal -1.019523e-01 -1.391929e-03 9.947883e-01
    outer loop
      vertex   3.985326e-01 4.697049e+01 1.489595e+00
      vertex   3.705905e-01 4.427727e+01 1.482963e+00
      vertex   5.000000e-01 4.697474e+01 1.500000e+00
    endloop
  endfacet
  facet normal -1.305262e-01 -2.024376e-19 9.914449e-01
    outer loop
      vertex   5.000000e-01 4.697474e+01 1.500000e+00
      vertex   3.705905e-01 4.427727e+01 1.482963e+00
      vertex   3.705905e-01 4.157980e+01 1.482963e+00
    endloop
  endfacet
  facet normal -1.305262e-01 -2.024376e-19 9.914449e-01
    outer loop
      vertex   5.000000e-01 4.697474e+01 1.500000e+00
      vertex   3.705905e-01 4.157980e+01 1.482963e+00
      vertex   3.705905e-01 3.888232e+01 1.482963e+00
    endloop
  endfacet
  facet normal -3.826834e-01 0.000000e+00 9.238795e-01
    outer loop
      vertex   3.705905e-01 3.888232e+01 1.482963e+00
      vertex   3.705905e-01 4.157980e+01 1.482963e+00
      vertex   2.500000e-01 3.888232e+01 1.433013e+00
    endloop
  endfacet
  facet normal -3.826834e-01 -2.363938e-19 9.238795e-01
    outer loop
      vertex   3.705905e-01 3.888232e+01 1.482963e+00
      vertex   2.500000e-01 3.888232e+01 1.433013e+00
      vertex   2.500000e-01 3.618485e+01 1.433013e+00
    endloop
  endfacet
  facet normal -6.087614e-01 0.000000e+00 7.933533e-01
    outer loop
      vertex   2.500000e-01 3.618485e+01 1.433013e+00
      vertex   2.500000e-01 3.888232e+01 1.433013e+00
      vertex   1.464466e-01 3.618485e+01 1.353553e+00
    endloop
  endfacet
  facet normal -6.087614e-01 1.167556e-19 7.933533e-01
    outer loop
      vertex   2.500000e-01 3.618485e+01 1.433013e+00
      vertex   1.464466e-01 3.618485e+01 1.353553e+00
      vertex   1.464466e-01 3.348737e+01 1.353553e+00
    endloop
  endfacet
  facet normal -7.933533e-01 0.000000e+00 6.087614e-01
    outer loop
      vertex   1.464466e-01 3.348737e+01 1.353553e+00
      vertex   1.464466e-01 3.618485e+01 1.353553e+00
      vertex   6.698730e-02 3.348737e+01 1.250000e+00
    endloop
  endfacet
  facet normal -7.933533e-01 -5.733978e-22 6.087614e-01
    outer loop
      vertex   1.464466e-01 3.348737e+01 1.353553e+00
      vertex   6.698730e-02 3.348737e+01 1.250000e+00
      vertex   6.698730e-02 3.078990e+01 1.250000e+00
    endloop
  endfacet
  facet normal -9.238795e-01 0.000000e+00 3.826834e-01
    outer loop
      vertex   6.698730e-02 3.078990e+01 1.250000e+00
      vertex   6.698730e-02 3.348737e+01 1.250000e+00
      vertex   1.703709e-02 3.078990e+01 1.129410e+00
    endloop
  endfacet
  facet normal -9.238795e-01 7.204135e-19 3.826834e-01
    outer loop
      vertex   6.698730e-02 3.078990e+01 1.250000e+00
      vertex   1.703709e-02 3.078990e+01 1.129410e+00
      vertex   1.703709e-02 2.809242e+01 1.129410e+00
    endloop
  endfacet
  facet normal -9.910205e-01 0.000000e+00 1.337103e-01
    outer loop
      vertex   1.703709e-02 2.809242e+01 1.129410e+00
      vertex   1.703709e-02 3.078990e+01 1.129410e+00
      vertex   1.031885e-05 4.675160e+01 1.003212e+00
    endloop
  endfacet
  facet normal -9.910205e-01 0.000000e+00 1.337103e-01
    outer loop
      vertex   1.703709e-02 2.809242e+01 1.129410e+00
      vertex   1.031885e-05 4.675160e+01 1.003212e+00
      vertex   1.703709e-02 2.539495e+01 1.129410e+00
    endloop
  endfacet
  facet normal -9.910205e-01 0.000000e+00 1.337103e-01
    outer loop
      vertex   1.703709e-02 2.539495e+01 1.129410e+00
      vertex   1.031885e-05 4.675160e+01 1.003212e+00
      vertex   1.703709e-02 2.269747e+01 1.129410e+00
    endloop
  endfacet
  facet normal -9.238795e-01 0.000000e+00 3.826834e-01
    outer loop
      vertex   1.703709e-02 2.539495e+01 1.129410e+00
      vertex   1.703709e-02 2.269747e+01 1.129410e+00
      vertex   6.698730e-02 2.539495e+01 1.250000e+00
    endloop
  endfacet
  facet normal -9.238795e-01 0.000000e+00 3.826834e-01
    outer loop
      vertex   6.698730e-02 2.539495e+01 1.250000e+00
      vertex   1.703709e-02 2.269747e+01 1.129410e+00
      vertex   6.698730e-02 2.269747e+01 1.250000e+00
    endloop
  endfacet
  facet normal -7.933533e-01 0.000000e+00 6.087614e-01
    outer loop
      vertex   6.698730e-02 2.539495e+01 1.250000e+00
      vertex   6.698730e-02 2.269747e+01 1.250000e+00
      vertex   1.464466e-01 2.539495e+01 1.353553e+00
    endloop
  endfacet
  facet normal -7.933533e-01 0.000000e+00 6.087614e-01
    outer loop
      vertex   1.464466e-01 2.539495e+01 1.353553e+00
      vertex   6.698730e-02 2.269747e+01 1.250000e+00
      vertex   1.464466e-01 2.269747e+01 1.353553e+00
    endloop
  endfacet
  facet normal -6.087614e-01 0.000000e+00 7.933533e-01
    outer loop
      vertex   1.464466e-01 2.539495e+01 1.353553e+00
      vertex   1.464466e-01 2.269747e+01 1.353553e+00
      vertex   2.500000e-01 2.539495e+01 1.433013e+00
    endloop
  endfacet
  facet normal -6.087614e-01 0.000000e+00 7.933533e-01
    outer loop
      vertex   2.500000e-01 2.539495e+01 1.433013e+00
      vertex   1.464466e-01 2.269747e+01 1.353553e+00
      vertex   2.500000e-01 2.269747e+01 1.433013e+00
    endloop
  endfacet
  facet normal -3.826834e-01 0.000000e+00 9.238795e-01
    outer loop
      vertex   2.500000e-01 2.539495e+01 1.433013e+00
      vertex   2.500000e-01 2.269747e+01 1.433013e+00
      vertex   3.705905e-01 2.539495e+01 1.482963e+00
    endloop
  endfacet
  facet normal -3.826834e-01 0.000000e+00 9.238795e-01
    outer loop
      vertex   3.705905e-01 2.539495e+01 1.482963e+00
      vertex   2.500000e-01 2.269747e+01 1.433013e+00
      vertex   3.705905e-01 2.269747e+01 1.482963e+00
    endloop
  endfacet
  facet normal -1.305262e-01 0.000000e+00 9.914449e-01
    outer loop
      vertex   3.705905e-01 2.539495e+01 1.482963e+00
      vertex   3.705905e-01 2.269747e+01 1.482963e+00
      vertex   5.000000e-01 4.697474e+01 1.500000e+00
    endloop
  endfacet
  facet normal -1.305262e-01 -2.024376e-19 9.914449e-01
    outer loop
      vertex   5.000000e-01 4.697474e+01 1.500000e+00
      vertex   3.705905e-01 2.269747e+01 1.482963e+00
      vertex   3.705905e-01 2.000000e+01 1.482963e+00
    endloop
  endfacet
  facet normal -1.305262e-01 -2.024376e-19 9.914449e-01
    outer loop
      vertex   5.000000e-01 4.697474e+01 1.500000e+00
      vertex   3.705905e-01 2.000000e+01 1.482963e+00
      vertex   3.705905e-01 1.730253e+01 1.482963e+00
    endloop
  endfacet
  facet normal -3.826834e-01 0.000000e+00 9.238795e-01
    outer loop
      vertex   3.705905e-01 1.730253e+01 1.482963e+00
      vertex   3.705905e-01 2.000000e+01 1.482963e+00
      vertex   2.500000e-01 1.730253e+01 1.433013e+00
    endloop
  endfacet
  facet normal -3.826834e-01 -2.363938e-19 9.238795e-01
    outer loop
      vertex   3.705905e-01 1.730253e+01 1.482963e+00
      vertex   2.500000e-01 1.730253e+01 1.433013e+00
      vertex   2.500000e-01 1.460505e+01 1.433013e+00
    endloop
  endfacet
  facet normal -6.087614e-01 0.000000e+00 7.933533e-01
    outer loop
      vertex   2.500000e-01 1.460505e+01 1.433013e+00
      vertex   2.500000e-01 1.730253e+01 1.433013e+00
      vertex   1.464466e-01 1.460505e+01 1.353553e+00
    endloop
  endfacet
  facet normal -6.087614e-01 1.167556e-19 7.933533e-01
    outer loop
      vertex   2.500000e-01 1.460505e+01 1.433013e+00
      vertex   1.464466e-01 1.460505e+01 1.353553e+00
      vertex   1.464466e-01 1.190758e+01 1.353553e+00
    endloop
  endfacet
  facet normal -7.933533e-01 0.000000e+00 6.087614e-01
    outer loop
      vertex   1.464466e-01 1.190758e+01 1.353553e+00
      vertex   1.464466e-01 1.460505e+01 1.353553e+00
      vertex   6.698730e-02 1.190758e+01 1.250000e+00
    endloop
  endfacet
  facet normal -7.933533e-01 -5.733978e-22 6.087614e-01
    outer loop
      vertex   1.464466e-01 1.190758e+01 1.353553e+00
      vertex   6.698730e-02 1.190758e+01 1.250000e+00
      vertex   6.698730e-02 9.210102e+00 1.250000e+00
    endloop
  endfacet
  facet normal -9.238795e-01 0.000000e+00 3.826834e-01
    outer loop
      vertex   6.698730e-02 9.210102e+00 1.250000e+00
      vertex   6.698730e-02 1.190758e+01 1.250000e+00
      vertex   1.703709e-02 9.210102e+00 1.129410e+00
    endloop
  endfacet
  facet normal -9.238795e-01 7.204135e-19 3.826834e-01
    outer loop
      vertex   6.698730e-02 9.210102e+00 1.250000e+00
      vertex   1.703709e-02 9.210102e+00 1.129410e+00
      vertex   1.703709e-02 6.512628e+00 1.129410e+00
    endloop
  endfacet
  facet normal -9.914449e-01 0.000000e+00 1.305262e-01
    outer loop
      vertex   1.703709e-02 6.512628e+00 1.129410e+00
      vertex   1.703709e-02 9.210102e+00 1.129410e+00
      vertex   -1.369550e-32 -6.750000e+00 1.000000e+00
    endloop
  endfacet
  facet normal -9.914449e-01 0.000000e+00 1.305262e-01
    outer loop
      vertex   1.703709e-02 6.512628e+00 1.129410e+00
      vertex   -1.369550e-32 -6.750000e+00 1.000000e+00
      vertex   1.703709e-02 3.815153e+00 1.129410e+00
    endloop
  endfacet
  facet normal -9.914449e-01 0.000000e+00 1.305262e-01
    outer loop
      vertex   1.703709e-02 3.815153e+00 1.129410e+00
      vertex   -1.369550e-32 -6.750000e+00 1.000000e+00
      vertex   1.703709e-02 1.117679e+00 1.129410e+00
    endloop
  endfacet
  facet normal -9.238795e-01 0.000000e+00 3.826834e-01
    outer loop
      vertex   1.703709e-02 3.815153e+00 1.129410e+00
      vertex   1.703709e-02 1.117679e+00 1.129410e+00
      vertex   6.698730e-02 3.815153e+00 1.250000e+00
    endloop
  endfacet
  facet normal -9.238795e-01 0.000000e+00 3.826834e-01
    outer loop
      vertex   6.698730e-02 3.815153e+00 1.250000e+00
      vertex   1.703709e-02 1.117679e+00 1.129410e+00
      vertex   6.698730e-02 1.117679e+00 1.250000e+00
    endloop
  endfacet
  facet normal -7.933533e-01 0.000000e+00 6.087614e-01
    outer loop
      vertex   6.698730e-02 3.815153e+00 1.250000e+00
      vertex   6.698730e-02 1.117679e+00 1.250000e+00
      vertex   1.464466e-01 3.815153e+00 1.353553e+00
    endloop
  endfacet
  facet normal -3.013232e-01 7.781574e-04 9.535217e-01
    outer loop
      vertex   3.985326e-01 4.697049e+01 1.489595e+00
      vertex   3.017778e-01 4.695790e+01 1.459030e+00
      vertex   3.705905e-01 4.427727e+01 1.482963e+00
    endloop
  endfacet
  facet normal -3.826830e-01 -1.575033e-03 9.238784e-01
    outer loop
      vertex   3.705905e-01 4.427727e+01 1.482963e+00
      vertex   3.017778e-01 4.695790e+01 1.459030e+00
      vertex   2.500000e-01 4.427727e+01 1.433013e+00
    endloop
  endfacet
  facet normal -3.826834e-01 -2.363938e-19 9.238795e-01
    outer loop
      vertex   3.705905e-01 4.427727e+01 1.482963e+00
      vertex   2.500000e-01 4.427727e+01 1.433013e+00
      vertex   2.500000e-01 4.157980e+01 1.433013e+00
    endloop
  endfacet
  facet normal -6.087614e-01 0.000000e+00 7.933533e-01
    outer loop
      vertex   2.500000e-01 4.157980e+01 1.433013e+00
      vertex   2.500000e-01 4.427727e+01 1.433013e+00
      vertex   1.464466e-01 4.157980e+01 1.353553e+00
    endloop
  endfacet
  facet normal -6.087614e-01 1.167556e-19 7.933533e-01
    outer loop
      vertex   2.500000e-01 4.157980e+01 1.433013e+00
      vertex   1.464466e-01 4.157980e+01 1.353553e+00
      vertex   1.464466e-01 3.888232e+01 1.353553e+00
    endloop
  endfacet
  facet normal -7.933533e-01 0.000000e+00 6.087614e-01
    outer loop
      vertex   1.464466e-01 3.888232e+01 1.353553e+00
      vertex   1.464466e-01 4.157980e+01 1.353553e+00
      vertex   6.698730e-02 3.888232e+01 1.250000e+00
    endloop
  endfacet
  facet normal -7.933533e-01 -5.733978e-22 6.087614e-01
    outer loop
      vertex   1.464466e-01 3.888232e+01 1.353553e+00
      vertex   6.698730e-02 3.888232e+01 1.250000e+00
      vertex   6.698730e-02 3.618485e+01 1.250000e+00
    endloop
  endfacet
  facet normal -9.238795e-01 0.000000e+00 3.826834e-01
    outer loop
      vertex   6.698730e-02 3.618485e+01 1.250000e+00
      vertex   6.698730e-02 3.888232e+01 1.250000e+00
      vertex   1.703709e-02 3.618485e+01 1.129410e+00
    endloop
  endfacet
  facet normal -9.238795e-01 7.204135e-19 3.826834e-01
    outer loop
      vertex   6.698730e-02 3.618485e+01 1.250000e+00
      vertex   1.703709e-02 3.618485e+01 1.129410e+00
      vertex   1.703709e-02 3.348737e+01 1.129410e+00
    endloop
  endfacet
  facet normal -9.910205e-01 0.000000e+00 1.337103e-01
    outer loop
      vertex   1.703709e-02 3.348737e+01 1.129410e+00
      vertex   1.703709e-02 3.618485e+01 1.129410e+00
      vertex   1.031885e-05 4.675160e+01 1.003212e+00
    endloop
  endfacet
  facet normal -9.910205e-01 0.000000e+00 1.337103e-01
    outer loop
      vertex   1.703709e-02 3.348737e+01 1.129410e+00
      vertex   1.031885e-05 4.675160e+01 1.003212e+00
      vertex   1.703709e-02 3.078990e+01 1.129410e+00
    endloop
  endfacet
  facet normal -4.865110e-01 9.177216e-04 8.736740e-01
    outer loop
      vertex   3.017778e-01 4.695790e+01 1.459030e+00
      vertex   2.143186e-01 4.693758e+01 1.410349e+00
      vertex   2.500000e-01 4.427727e+01 1.433013e+00
    endloop
  endfacet
  facet normal -6.087608e-01 -1.406229e-03 7.933526e-01
    outer loop
      vertex   2.500000e-01 4.427727e+01 1.433013e+00
      vertex   2.143186e-01 4.693758e+01 1.410349e+00
      vertex   1.464466e-01 4.427727e+01 1.353553e+00
    endloop
  endfacet
  facet normal -6.087614e-01 1.167556e-19 7.933533e-01
    outer loop
      vertex   2.500000e-01 4.427727e+01 1.433013e+00
      vertex   1.464466e-01 4.427727e+01 1.353553e+00
      vertex   1.464466e-01 4.157980e+01 1.353553e+00
    endloop
  endfacet
  facet normal -7.933533e-01 0.000000e+00 6.087614e-01
    outer loop
      vertex   1.464466e-01 4.157980e+01 1.353553e+00
      vertex   1.464466e-01 4.427727e+01 1.353553e+00
      vertex   6.698730e-02 4.157980e+01 1.250000e+00
    endloop
  endfacet
  facet normal -7.933533e-01 -5.733978e-22 6.087614e-01
    outer loop
      vertex   1.464466e-01 4.157980e+01 1.353553e+00
      vertex   6.698730e-02 4.157980e+01 1.250000e+00
      vertex   6.698730e-02 3.888232e+01 1.250000e+00
    endloop
  endfacet
  facet normal -9.238795e-01 0.000000e+00 3.826834e-01
    outer loop
      vertex   6.698730e-02 3.888232e+01 1.250000e+00
      vertex   6.698730e-02 4.157980e+01 1.250000e+00
      vertex   1.703709e-02 3.888232e+01 1.129410e+00
    endloop
  endfacet
  facet normal -9.238795e-01 7.204135e-19 3.826834e-01
    outer loop
      vertex   6.698730e-02 3.888232e+01 1.250000e+00
      vertex   1.703709e-02 3.888232e+01 1.129410e+00
      vertex   1.703709e-02 3.618485e+01 1.129410e+00
    endloop
  endfacet
  facet normal -9.910205e-01 0.000000e+00 1.337103e-01
    outer loop
      vertex   1.703709e-02 3.618485e+01 1.129410e+00
      vertex   1.703709e-02 3.888232e+01 1.129410e+00
      vertex   1.031885e-05 4.675160e+01 1.003212e+00
    endloop
  endfacet
  facet normal -6.496898e-01 3.457772e-04 7.601993e-01
    outer loop
      vertex   2.143186e-01 4.693758e+01 1.410349e+00
      vertex   1.392282e-01 4.691025e+01 1.346187e+00
      vertex   1.464466e-01 4.427727e+01 1.353553e+00
    endloop
  endfacet
  facet normal -7.851092e-01 -4.195322e-04 6.193572e-01
    outer loop
      vertex   1.464466e-01 4.427727e+01 1.353553e+00
      vertex   1.392282e-01 4.691025e+01 1.346187e+00
      vertex   7.926555e-02 4.687701e+01 1.270154e+00
    endloop
  endfacet
  facet normal -7.933530e-01 -9.724839e-04 6.087611e-01
    outer loop
      vertex   1.464466e-01 4.427727e+01 1.353553e+00
      vertex   7.926555e-02 4.687701e+01 1.270154e+00
      vertex   6.698730e-02 4.427727e+01 1.250000e+00
    endloop
  endfacet
  facet normal -8.892832e-01 6.543411e-04 4.573564e-01
    outer loop
      vertex   6.698730e-02 4.427727e+01 1.250000e+00
      vertex   7.926555e-02 4.687701e+01 1.270154e+00
      vertex   3.562590e-02 4.683874e+01 1.185356e+00
    endloop
  endfacet
  facet normal -9.238783e-01 -1.653757e-03 3.826829e-01
    outer loop
      vertex   6.698730e-02 4.427727e+01 1.250000e+00
      vertex   3.562590e-02 4.683874e+01 1.185356e+00
      vertex   1.703709e-02 4.427727e+01 1.129410e+00
    endloop
  endfacet
  facet normal -9.595397e-01 8.134684e-04 2.815721e-01
    outer loop
      vertex   1.703709e-02 4.427727e+01 1.129410e+00
      vertex   3.562590e-02 4.683874e+01 1.185356e+00
      vertex   9.170700e-03 4.679658e+01 1.095324e+00
    endloop
  endfacet
  facet normal -9.950050e-01 -1.756459e-03 9.980926e-02
    outer loop
      vertex   1.703709e-02 4.427727e+01 1.129410e+00
      vertex   9.170700e-03 4.679658e+01 1.095324e+00
      vertex   1.031885e-05 4.675160e+01 1.003212e+00
    endloop
  endfacet
  facet normal -9.999948e-01 -1.066577e-19 3.212297e-03
    outer loop
      vertex   1.780415e-31 4.675000e+01 1.000000e+00
      vertex   -1.369550e-32 -6.750000e+00 1.000000e+00
      vertex   1.031885e-05 4.675160e+01 1.003212e+00
    endloop
  endfacet
  facet normal -9.912366e-01 -7.740137e-06 1.320987e-01
    outer loop
      vertex   1.031885e-05 4.675160e+01 1.003212e+00
      vertex   -1.369550e-32 -6.750000e+00 1.000000e+00
      vertex   1.703709e-02 2.000000e+01 1.129410e+00
    endloop
  endfacet
  facet normal -9.910205e-01 -3.255341e-19 1.337103e-01
    outer loop
      vertex   1.031885e-05 4.675160e+01 1.003212e+00
      vertex   1.703709e-02 2.000000e+01 1.129410e+00
      vertex   1.703709e-02 2.269747e+01 1.129410e+00
    endloop
  endfacet
  facet normal -9.238795e-01 0.000000e+00 3.826834e-01
    outer loop
      vertex   1.703709e-02 2.269747e+01 1.129410e+00
      vertex   1.703709e-02 2.000000e+01 1.129410e+00
      vertex   6.698730e-02 2.269747e+01 1.250000e+00
    endloop
  endfacet
  facet normal -9.950050e-01 1.756459e-03 9.980926e-02
    outer loop
      vertex   1.031885e-05 -6.751605e+00 1.003212e+00
      vertex   9.170700e-03 -6.796577e+00 1.095324e+00
      vertex   1.703709e-02 -4.277270e+00 1.129410e+00
    endloop
  endfacet
  facet normal -9.595397e-01 -8.134684e-04 2.815721e-01
    outer loop
      vertex   1.703709e-02 -4.277270e+00 1.129410e+00
      vertex   9.170700e-03 -6.796577e+00 1.095324e+00
      vertex   3.562590e-02 -6.838740e+00 1.185356e+00
    endloop
  endfacet
  facet normal -9.238783e-01 1.653757e-03 3.826829e-01
    outer loop
      vertex   1.703709e-02 -4.277270e+00 1.129410e+00
      vertex   3.562590e-02 -6.838740e+00 1.185356e+00
      vertex   6.698730e-02 -4.277270e+00 1.250000e+00
    endloop
  endfacet
  facet normal -8.892832e-01 -6.543411e-04 4.573564e-01
    outer loop
      vertex   6.698730e-02 -4.277270e+00 1.250000e+00
      vertex   3.562590e-02 -6.838740e+00 1.185356e+00
      vertex   7.926555e-02 -6.877011e+00 1.270154e+00
    endloop
  endfacet
  facet normal -7.933530e-01 9.724839e-04 6.087611e-01
    outer loop
      vertex   6.698730e-02 -4.277270e+00 1.250000e+00
      vertex   7.926555e-02 -6.877011e+00 1.270154e+00
      vertex   1.464466e-01 -4.277270e+00 1.353553e+00
    endloop
  endfacet
  facet normal -7.851092e-01 4.195322e-04 6.193572e-01
    outer loop
      vertex   1.464466e-01 -4.277270e+00 1.353553e+00
      vertex   7.926555e-02 -6.877011e+00 1.270154e+00
      vertex   1.392282e-01 -6.910253e+00 1.346187e+00
    endloop
  endfacet
  facet normal -6.496898e-01 -3.457772e-04 7.601993e-01
    outer loop
      vertex   1.464466e-01 -4.277270e+00 1.353553e+00
      vertex   1.392282e-01 -6.910253e+00 1.346187e+00
      vertex   2.143186e-01 -6.937583e+00 1.410349e+00
    endloop
  endfacet
  facet normal -6.087608e-01 1.406229e-03 7.933526e-01
    outer loop
      vertex   1.464466e-01 -4.277270e+00 1.353553e+00
      vertex   2.143186e-01 -6.937583e+00 1.410349e+00
      vertex   2.500000e-01 -4.277270e+00 1.433013e+00
    endloop
  endfacet
  facet normal -4.865110e-01 -9.177216e-04 8.736740e-01
    outer loop
      vertex   2.500000e-01 -4.277270e+00 1.433013e+00
      vertex   2.143186e-01 -6.937583e+00 1.410349e+00
      vertex   3.017778e-01 -6.957904e+00 1.459030e+00
    endloop
  endfacet
  facet normal -3.826830e-01 1.575033e-03 9.238784e-01
    outer loop
      vertex   2.500000e-01 -4.277270e+00 1.433013e+00
      vertex   3.017778e-01 -6.957904e+00 1.459030e+00
      vertex   3.705905e-01 -4.277270e+00 1.482963e+00
    endloop
  endfacet
  facet normal -3.013232e-01 -7.781574e-04 9.535217e-01
    outer loop
      vertex   3.705905e-01 -4.277270e+00 1.482963e+00
      vertex   3.017778e-01 -6.957904e+00 1.459030e+00
      vertex   3.985326e-01 -6.970494e+00 1.489595e+00
    endloop
  endfacet
  facet normal -2.309357e-01 0.000000e+00 9.729690e-01
    outer loop
      vertex   3.705905e-01 -4.277270e+00 1.482963e+00
      vertex   3.985326e-01 -6.970494e+00 1.489595e+00
      vertex   3.705905e-01 -1.579796e+00 1.482963e+00
    endloop
  endfacet
  facet normal -2.309357e-01 0.000000e+00 9.729690e-01
    outer loop
      vertex   3.705905e-01 -1.579796e+00 1.482963e+00
      vertex   3.985326e-01 -6.970494e+00 1.489595e+00
      vertex   3.705905e-01 1.117679e+00 1.482963e+00
    endloop
  endfacet
  facet normal -3.826834e-01 0.000000e+00 9.238795e-01
    outer loop
      vertex   3.705905e-01 -1.579796e+00 1.482963e+00
      vertex   3.705905e-01 1.117679e+00 1.482963e+00
      vertex   2.500000e-01 -1.579796e+00 1.433013e+00
    endloop
  endfacet
  facet normal -3.826834e-01 0.000000e+00 9.238795e-01
    outer loop
      vertex   2.500000e-01 -1.579796e+00 1.433013e+00
      vertex   3.705905e-01 1.117679e+00 1.482963e+00
      vertex   2.500000e-01 1.117679e+00 1.433013e+00
    endloop
  endfacet
  facet normal -6.087614e-01 0.000000e+00 7.933533e-01
    outer loop
      vertex   2.500000e-01 -1.579796e+00 1.433013e+00
      vertex   2.500000e-01 1.117679e+00 1.433013e+00
      vertex   1.464466e-01 -1.579796e+00 1.353553e+00
    endloop
  endfacet
  facet normal -6.087614e-01 0.000000e+00 7.933533e-01
    outer loop
      vertex   1.464466e-01 -1.579796e+00 1.353553e+00
      vertex   2.500000e-01 1.117679e+00 1.433013e+00
      vertex   1.464466e-01 1.117679e+00 1.353553e+00
    endloop
  endfacet
  facet normal -7.933533e-01 0.000000e+00 6.087614e-01
    outer loop
      vertex   1.464466e-01 -1.579796e+00 1.353553e+00
      vertex   1.464466e-01 1.117679e+00 1.353553e+00
      vertex   6.698730e-02 -1.579796e+00 1.250000e+00
    endloop
  endfacet
  facet normal -3.826834e-01 0.000000e+00 9.238795e-01
    outer loop
      vertex   2.500000e-01 3.888232e+01 1.433013e+00
      vertex   3.705905e-01 4.157980e+01 1.482963e+00
      vertex   2.500000e-01 4.157980e+01 1.433013e+00
    endloop
  endfacet
  facet normal -3.826834e-01 -2.363938e-19 9.238795e-01
    outer loop
      vertex   2.500000e-01 4.157980e+01 1.433013e+00
      vertex   3.705905e-01 4.157980e+01 1.482963e+00
      vertex   3.705905e-01 4.427727e+01 1.482963e+00
    endloop
  endfacet
  facet normal -1.305262e-01 0.000000e+00 9.914449e-01
    outer loop
      vertex   3.705905e-01 3.888232e+01 1.482963e+00
      vertex   3.705905e-01 3.618485e+01 1.482963e+00
      vertex   5.000000e-01 4.697474e+01 1.500000e+00
    endloop
  endfacet
  facet normal -1.305262e-01 -2.024376e-19 9.914449e-01
    outer loop
      vertex   5.000000e-01 4.697474e+01 1.500000e+00
      vertex   3.705905e-01 3.618485e+01 1.482963e+00
      vertex   3.705905e-01 3.348737e+01 1.482963e+00
    endloop
  endfacet
  facet normal -1.305262e-01 -2.024376e-19 9.914449e-01
    outer loop
      vertex   5.000000e-01 4.697474e+01 1.500000e+00
      vertex   3.705905e-01 3.348737e+01 1.482963e+00
      vertex   3.705905e-01 3.078990e+01 1.482963e+00
    endloop
  endfacet
  facet normal -3.826834e-01 0.000000e+00 9.238795e-01
    outer loop
      vertex   3.705905e-01 3.078990e+01 1.482963e+00
      vertex   3.705905e-01 3.348737e+01 1.482963e+00
      vertex   2.500000e-01 3.078990e+01 1.433013e+00
    endloop
  endfacet
  facet normal -3.826834e-01 -2.363938e-19 9.238795e-01
    outer loop
      vertex   3.705905e-01 3.078990e+01 1.482963e+00
      vertex   2.500000e-01 3.078990e+01 1.433013e+00
      vertex   2.500000e-01 2.809242e+01 1.433013e+00
    endloop
  endfacet
  facet normal -6.087614e-01 0.000000e+00 7.933533e-01
    outer loop
      vertex   2.500000e-01 2.809242e+01 1.433013e+00
      vertex   2.500000e-01 3.078990e+01 1.433013e+00
      vertex   1.464466e-01 2.809242e+01 1.353553e+00
    endloop
  endfacet
  facet normal -6.087614e-01 1.167556e-19 7.933533e-01
    outer loop
      vertex   2.500000e-01 2.809242e+01 1.433013e+00
      vertex   1.464466e-01 2.809242e+01 1.353553e+00
      vertex   1.464466e-01 2.539495e+01 1.353553e+00
    endloop
  endfacet
  facet normal -7.933533e-01 0.000000e+00 6.087614e-01
    outer loop
      vertex   1.464466e-01 2.539495e+01 1.353553e+00
      vertex   1.464466e-01 2.809242e+01 1.353553e+00
      vertex   6.698730e-02 2.539495e+01 1.250000e+00
    endloop
  endfacet
  facet normal -3.826834e-01 0.000000e+00 9.238795e-01
    outer loop
      vertex   3.705905e-01 3.888232e+01 1.482963e+00
      vertex   2.500000e-01 3.618485e+01 1.433013e+00
      vertex   3.705905e-01 3.618485e+01 1.482963e+00
    endloop
  endfacet
  facet normal -3.826834e-01 -2.363938e-19 9.238795e-01
    outer loop
      vertex   3.705905e-01 3.618485e+01 1.482963e+00
      vertex   2.500000e-01 3.618485e+01 1.433013e+00
      vertex   2.500000e-01 3.348737e+01 1.433013e+00
    endloop
  endfacet
  facet normal -3.826834e-01 0.000000e+00 9.238795e-01
    outer loop
      vertex   3.705905e-01 3.618485e+01 1.482963e+00
      vertex   2.500000e-01 3.348737e+01 1.433013e+00
      vertex   3.705905e-01 3.348737e+01 1.482963e+00
    endloop
  endfacet
  facet normal -3.826834e-01 -2.363938e-19 9.238795e-01
    outer loop
      vertex   3.705905e-01 3.348737e+01 1.482963e+00
      vertex   2.500000e-01 3.348737e+01 1.433013e+00
      vertex   2.500000e-01 3.078990e+01 1.433013e+00
    endloop
  endfacet
  facet normal -1.305262e-01 0.000000e+00 9.914449e-01
    outer loop
      vertex   3.705905e-01 2.539495e+01 1.482963e+00
      vertex   5.000000e-01 4.697474e+01 1.500000e+00
      vertex   3.705905e-01 2.809242e+01 1.482963e+00
    endloop
  endfacet
  facet normal -1.305262e-01 0.000000e+00 9.914449e-01
    outer loop
      vertex   3.705905e-01 2.809242e+01 1.482963e+00
      vertex   5.000000e-01 4.697474e+01 1.500000e+00
      vertex   3.705905e-01 3.078990e+01 1.482963e+00
    endloop
  endfacet
  facet normal -3.826834e-01 0.000000e+00 9.238795e-01
    outer loop
      vertex   3.705905e-01 2.809242e+01 1.482963e+00
      vertex   3.705905e-01 3.078990e+01 1.482963e+00
      vertex   2.500000e-01 2.809242e+01 1.433013e+00
    endloop
  endfacet
  facet normal -3.826834e-01 -2.363938e-19 9.238795e-01
    outer loop
      vertex   2.500000e-01 2.539495e+01 1.433013e+00
      vertex   3.705905e-01 2.539495e+01 1.482963e+00
      vertex   3.705905e-01 2.809242e+01 1.482963e+00
    endloop
  endfacet
  facet normal -3.826834e-01 0.000000e+00 9.238795e-01
    outer loop
      vertex   2.500000e-01 2.539495e+01 1.433013e+00
      vertex   3.705905e-01 2.809242e+01 1.482963e+00
      vertex   2.500000e-01 2.809242e+01 1.433013e+00
    endloop
  endfacet
  facet normal -3.826834e-01 0.000000e+00 9.238795e-01
    outer loop
      vertex   3.705905e-01 2.000000e+01 1.482963e+00
      vertex   3.705905e-01 2.269747e+01 1.482963e+00
      vertex   2.500000e-01 2.000000e+01 1.433013e+00
    endloop
  endfacet
  facet normal -3.826834e-01 0.000000e+00 9.238795e-01
    outer loop
      vertex   2.500000e-01 2.000000e+01 1.433013e+00
      vertex   3.705905e-01 2.269747e+01 1.482963e+00
      vertex   2.500000e-01 2.269747e+01 1.433013e+00
    endloop
  endfacet
  facet normal -6.087614e-01 0.000000e+00 7.933533e-01
    outer loop
      vertex   2.500000e-01 2.000000e+01 1.433013e+00
      vertex   2.500000e-01 2.269747e+01 1.433013e+00
      vertex   1.464466e-01 2.000000e+01 1.353553e+00
    endloop
  endfacet
  facet normal -6.087614e-01 0.000000e+00 7.933533e-01
    outer loop
      vertex   1.464466e-01 2.000000e+01 1.353553e+00
      vertex   2.500000e-01 2.269747e+01 1.433013e+00
      vertex   1.464466e-01 2.269747e+01 1.353553e+00
    endloop
  endfacet
  facet normal -7.933533e-01 0.000000e+00 6.087614e-01
    outer loop
      vertex   1.464466e-01 2.000000e+01 1.353553e+00
      vertex   1.464466e-01 2.269747e+01 1.353553e+00
      vertex   6.698730e-02 2.000000e+01 1.250000e+00
    endloop
  endfacet
  facet normal -7.933533e-01 0.000000e+00 6.087614e-01
    outer loop
      vertex   6.698730e-02 2.000000e+01 1.250000e+00
      vertex   1.464466e-01 2.269747e+01 1.353553e+00
      vertex   6.698730e-02 2.269747e+01 1.250000e+00
    endloop
  endfacet
  facet normal -9.238795e-01 0.000000e+00 3.826834e-01
    outer loop
      vertex   6.698730e-02 2.000000e+01 1.250000e+00
      vertex   6.698730e-02 2.269747e+01 1.250000e+00
      vertex   1.703709e-02 2.000000e+01 1.129410e+00
    endloop
  endfacet
  facet normal -1.305262e-01 0.000000e+00 9.914449e-01
    outer loop
      vertex   3.705905e-01 1.730253e+01 1.482963e+00
      vertex   3.705905e-01 1.460505e+01 1.482963e+00
      vertex   5.000000e-01 4.697474e+01 1.500000e+00
    endloop
  endfacet
  facet normal -1.305262e-01 -2.024376e-19 9.914449e-01
    outer loop
      vertex   5.000000e-01 4.697474e+01 1.500000e+00
      vertex   3.705905e-01 1.460505e+01 1.482963e+00
      vertex   3.705905e-01 1.190758e+01 1.482963e+00
    endloop
  endfacet
  facet normal -1.305262e-01 -2.024376e-19 9.914449e-01
    outer loop
      vertex   5.000000e-01 4.697474e+01 1.500000e+00
      vertex   3.705905e-01 1.190758e+01 1.482963e+00
      vertex   3.705905e-01 9.210102e+00 1.482963e+00
    endloop
  endfacet
  facet normal -3.826834e-01 0.000000e+00 9.238795e-01
    outer loop
      vertex   3.705905e-01 9.210102e+00 1.482963e+00
      vertex   3.705905e-01 1.190758e+01 1.482963e+00
      vertex   2.500000e-01 9.210102e+00 1.433013e+00
    endloop
  endfacet
  facet normal -3.826834e-01 -2.363938e-19 9.238795e-01
    outer loop
      vertex   3.705905e-01 9.210102e+00 1.482963e+00
      vertex   2.500000e-01 9.210102e+00 1.433013e+00
      vertex   2.500000e-01 6.512628e+00 1.433013e+00
    endloop
  endfacet
  facet normal -6.087614e-01 0.000000e+00 7.933533e-01
    outer loop
      vertex   2.500000e-01 6.512628e+00 1.433013e+00
      vertex   2.500000e-01 9.210102e+00 1.433013e+00
      vertex   1.464466e-01 6.512628e+00 1.353553e+00
    endloop
  endfacet
  facet normal -6.087614e-01 1.167556e-19 7.933533e-01
    outer loop
      vertex   2.500000e-01 6.512628e+00 1.433013e+00
      vertex   1.464466e-01 6.512628e+00 1.353553e+00
      vertex   1.464466e-01 3.815153e+00 1.353553e+00
    endloop
  endfacet
  facet normal -7.933533e-01 0.000000e+00 6.087614e-01
    outer loop
      vertex   1.464466e-01 3.815153e+00 1.353553e+00
      vertex   1.464466e-01 6.512628e+00 1.353553e+00
      vertex   6.698730e-02 3.815153e+00 1.250000e+00
    endloop
  endfacet
  facet normal -3.826834e-01 0.000000e+00 9.238795e-01
    outer loop
      vertex   3.705905e-01 1.730253e+01 1.482963e+00
      vertex   2.500000e-01 1.460505e+01 1.433013e+00
      vertex   3.705905e-01 1.460505e+01 1.482963e+00
    endloop
  endfacet
  facet normal -3.826834e-01 -2.363938e-19 9.238795e-01
    outer loop
      vertex   3.705905e-01 1.460505e+01 1.482963e+00
      vertex   2.500000e-01 1.460505e+01 1.433013e+00
      vertex   2.500000e-01 1.190758e+01 1.433013e+00
    endloop
  endfacet
  facet normal -3.826834e-01 0.000000e+00 9.238795e-01
    outer loop
      vertex   3.705905e-01 1.460505e+01 1.482963e+00
      vertex   2.500000e-01 1.190758e+01 1.433013e+00
      vertex   3.705905e-01 1.190758e+01 1.482963e+00
    endloop
  endfacet
  facet normal -3.826834e-01 -2.363938e-19 9.238795e-01
    outer loop
      vertex   3.705905e-01 1.190758e+01 1.482963e+00
      vertex   2.500000e-01 1.190758e+01 1.433013e+00
      vertex   2.500000e-01 9.210102e+00 1.433013e+00
    endloop
  endfacet
  facet normal -2.309357e-01 0.000000e+00 9.729690e-01
    outer loop
      vertex   3.705905e-01 1.117679e+00 1.482963e+00
      vertex   3.985326e-01 -6.970494e+00 1.489595e+00
      vertex   3.705905e-01 3.815153e+00 1.482963e+00
    endloop
  endfacet
  facet normal -2.309357e-01 0.000000e+00 9.729690e-01
    outer loop
      vertex   3.705905e-01 3.815153e+00 1.482963e+00
      vertex   3.985326e-01 -6.970494e+00 1.489595e+00
      vertex   3.705905e-01 6.512628e+00 1.482963e+00
    endloop
  endfacet
  facet normal -3.826834e-01 0.000000e+00 9.238795e-01
    outer loop
      vertex   3.705905e-01 3.815153e+00 1.482963e+00
      vertex   3.705905e-01 6.512628e+00 1.482963e+00
      vertex   2.500000e-01 3.815153e+00 1.433013e+00
    endloop
  endfacet
  facet normal -3.826834e-01 -2.363938e-19 9.238795e-01
    outer loop
      vertex   2.500000e-01 1.117679e+00 1.433013e+00
      vertex   3.705905e-01 1.117679e+00 1.482963e+00
      vertex   3.705905e-01 3.815153e+00 1.482963e+00
    endloop
  endfacet
  facet normal -3.826834e-01 0.000000e+00 9.238795e-01
    outer loop
      vertex   2.500000e-01 1.117679e+00 1.433013e+00
      vertex   3.705905e-01 3.815153e+00 1.482963e+00
      vertex   2.500000e-01 3.815153e+00 1.433013e+00
    endloop
  endfacet
  facet normal -3.826834e-01 -2.363938e-19 9.238795e-01
    outer loop
      vertex   2.500000e-01 -4.277270e+00 1.433013e+00
      vertex   3.705905e-01 -4.277270e+00 1.482963e+00
      vertex   3.705905e-01 -1.579796e+00 1.482963e+00
    endloop
  endfacet
  facet normal -3.826834e-01 0.000000e+00 9.238795e-01
    outer loop
      vertex   2.500000e-01 -4.277270e+00 1.433013e+00
      vertex   3.705905e-01 -1.579796e+00 1.482963e+00
      vertex   2.500000e-01 -1.579796e+00 1.433013e+00
    endloop
  endfacet
  facet normal -6.087614e-01 0.000000e+00 7.933533e-01
    outer loop
      vertex   1.464466e-01 3.618485e+01 1.353553e+00
      vertex   2.500000e-01 3.888232e+01 1.433013e+00
      vertex   1.464466e-01 3.888232e+01 1.353553e+00
    endloop
  endfacet
  facet normal -6.087614e-01 1.167556e-19 7.933533e-01
    outer loop
      vertex   1.464466e-01 3.888232e+01 1.353553e+00
      vertex   2.500000e-01 3.888232e+01 1.433013e+00
      vertex   2.500000e-01 4.157980e+01 1.433013e+00
    endloop
  endfacet
  facet normal -6.087614e-01 0.000000e+00 7.933533e-01
    outer loop
      vertex   2.500000e-01 3.618485e+01 1.433013e+00
      vertex   1.464466e-01 3.348737e+01 1.353553e+00
      vertex   2.500000e-01 3.348737e+01 1.433013e+00
    endloop
  endfacet
  facet normal -6.087614e-01 1.167556e-19 7.933533e-01
    outer loop
      vertex   2.500000e-01 3.348737e+01 1.433013e+00
      vertex   1.464466e-01 3.348737e+01 1.353553e+00
      vertex   1.464466e-01 3.078990e+01 1.353553e+00
    endloop
  endfacet
  facet normal -6.087614e-01 0.000000e+00 7.933533e-01
    outer loop
      vertex   2.500000e-01 3.348737e+01 1.433013e+00
      vertex   1.464466e-01 3.078990e+01 1.353553e+00
      vertex   2.500000e-01 3.078990e+01 1.433013e+00
    endloop
  endfacet
  facet normal -6.087614e-01 1.167556e-19 7.933533e-01
    outer loop
      vertex   2.500000e-01 3.078990e+01 1.433013e+00
      vertex   1.464466e-01 3.078990e+01 1.353553e+00
      vertex   1.464466e-01 2.809242e+01 1.353553e+00
    endloop
  endfacet
  facet normal -6.087614e-01 1.167556e-19 7.933533e-01
    outer loop
      vertex   1.464466e-01 2.539495e+01 1.353553e+00
      vertex   2.500000e-01 2.539495e+01 1.433013e+00
      vertex   2.500000e-01 2.809242e+01 1.433013e+00
    endloop
  endfacet
  facet normal -3.826834e-01 -2.363938e-19 9.238795e-01
    outer loop
      vertex   3.705905e-01 2.000000e+01 1.482963e+00
      vertex   2.500000e-01 2.000000e+01 1.433013e+00
      vertex   2.500000e-01 1.730253e+01 1.433013e+00
    endloop
  endfacet
  facet normal -6.087614e-01 0.000000e+00 7.933533e-01
    outer loop
      vertex   2.500000e-01 1.730253e+01 1.433013e+00
      vertex   2.500000e-01 2.000000e+01 1.433013e+00
      vertex   1.464466e-01 1.730253e+01 1.353553e+00
    endloop
  endfacet
  facet normal -6.087614e-01 1.167556e-19 7.933533e-01
    outer loop
      vertex   2.500000e-01 1.730253e+01 1.433013e+00
      vertex   1.464466e-01 1.730253e+01 1.353553e+00
      vertex   1.464466e-01 1.460505e+01 1.353553e+00
    endloop
  endfacet
  facet normal -7.933533e-01 0.000000e+00 6.087614e-01
    outer loop
      vertex   1.464466e-01 1.460505e+01 1.353553e+00
      vertex   1.464466e-01 1.730253e+01 1.353553e+00
      vertex   6.698730e-02 1.460505e+01 1.250000e+00
    endloop
  endfacet
  facet normal -7.933533e-01 -5.733978e-22 6.087614e-01
    outer loop
      vertex   1.464466e-01 1.460505e+01 1.353553e+00
      vertex   6.698730e-02 1.460505e+01 1.250000e+00
      vertex   6.698730e-02 1.190758e+01 1.250000e+00
    endloop
  endfacet
  facet normal -9.238795e-01 0.000000e+00 3.826834e-01
    outer loop
      vertex   6.698730e-02 1.190758e+01 1.250000e+00
      vertex   6.698730e-02 1.460505e+01 1.250000e+00
      vertex   1.703709e-02 1.190758e+01 1.129410e+00
    endloop
  endfacet
  facet normal -9.238795e-01 7.204135e-19 3.826834e-01
    outer loop
      vertex   6.698730e-02 1.190758e+01 1.250000e+00
      vertex   1.703709e-02 1.190758e+01 1.129410e+00
      vertex   1.703709e-02 9.210102e+00 1.129410e+00
    endloop
  endfacet
  facet normal -9.914449e-01 0.000000e+00 1.305262e-01
    outer loop
      vertex   1.703709e-02 9.210102e+00 1.129410e+00
      vertex   1.703709e-02 1.190758e+01 1.129410e+00
      vertex   -1.369550e-32 -6.750000e+00 1.000000e+00
    endloop
  endfacet
  facet normal -6.087614e-01 0.000000e+00 7.933533e-01
    outer loop
      vertex   1.464466e-01 1.730253e+01 1.353553e+00
      vertex   2.500000e-01 2.000000e+01 1.433013e+00
      vertex   1.464466e-01 2.000000e+01 1.353553e+00
    endloop
  endfacet
  facet normal -6.087614e-01 0.000000e+00 7.933533e-01
    outer loop
      vertex   2.500000e-01 1.460505e+01 1.433013e+00
      vertex   1.464466e-01 1.190758e+01 1.353553e+00
      vertex   2.500000e-01 1.190758e+01 1.433013e+00
    endloop
  endfacet
  facet normal -6.087614e-01 1.167556e-19 7.933533e-01
    outer loop
      vertex   2.500000e-01 1.190758e+01 1.433013e+00
      vertex   1.464466e-01 1.190758e+01 1.353553e+00
      vertex   1.464466e-01 9.210102e+00 1.353553e+00
    endloop
  endfacet
  facet normal -6.087614e-01 0.000000e+00 7.933533e-01
    outer loop
      vertex   2.500000e-01 1.190758e+01 1.433013e+00
      vertex   1.464466e-01 9.210102e+00 1.353553e+00
      vertex   2.500000e-01 9.210102e+00 1.433013e+00
    endloop
  endfacet
  facet normal -6.087614e-01 1.167556e-19 7.933533e-01
    outer loop
      vertex   2.500000e-01 9.210102e+00 1.433013e+00
      vertex   1.464466e-01 9.210102e+00 1.353553e+00
      vertex   1.464466e-01 6.512628e+00 1.353553e+00
    endloop
  endfacet
  facet normal -6.087614e-01 1.167556e-19 7.933533e-01
    outer loop
      vertex   1.464466e-01 1.117679e+00 1.353553e+00
      vertex   2.500000e-01 1.117679e+00 1.433013e+00
      vertex   2.500000e-01 3.815153e+00 1.433013e+00
    endloop
  endfacet
  facet normal -6.087614e-01 1.167556e-19 7.933533e-01
    outer loop
      vertex   1.464466e-01 -4.277270e+00 1.353553e+00
      vertex   2.500000e-01 -4.277270e+00 1.433013e+00
      vertex   2.500000e-01 -1.579796e+00 1.433013e+00
    endloop
  endfacet
  facet normal -6.087614e-01 0.000000e+00 7.933533e-01
    outer loop
      vertex   1.464466e-01 -4.277270e+00 1.353553e+00
      vertex   2.500000e-01 -1.579796e+00 1.433013e+00
      vertex   1.464466e-01 -1.579796e+00 1.353553e+00
    endloop
  endfacet
  facet normal -7.933533e-01 0.000000e+00 6.087614e-01
    outer loop
      vertex   6.698730e-02 3.348737e+01 1.250000e+00
      vertex   1.464466e-01 3.618485e+01 1.353553e+00
      vertex   6.698730e-02 3.618485e+01 1.250000e+00
    endloop
  endfacet
  facet normal -7.933533e-01 -5.733978e-22 6.087614e-01
    outer loop
      vertex   6.698730e-02 3.618485e+01 1.250000e+00
      vertex   1.464466e-01 3.618485e+01 1.353553e+00
      vertex   1.464466e-01 3.888232e+01 1.353553e+00
    endloop
  endfacet
  facet normal -7.933533e-01 0.000000e+00 6.087614e-01
    outer loop
      vertex   1.464466e-01 3.348737e+01 1.353553e+00
      vertex   6.698730e-02 3.078990e+01 1.250000e+00
      vertex   1.464466e-01 3.078990e+01 1.353553e+00
    endloop
  endfacet
  facet normal -7.933533e-01 -5.733978e-22 6.087614e-01
    outer loop
      vertex   1.464466e-01 3.078990e+01 1.353553e+00
      vertex   6.698730e-02 3.078990e+01 1.250000e+00
      vertex   6.698730e-02 2.809242e+01 1.250000e+00
    endloop
  endfacet
  facet normal -7.933533e-01 0.000000e+00 6.087614e-01
    outer loop
      vertex   1.464466e-01 3.078990e+01 1.353553e+00
      vertex   6.698730e-02 2.809242e+01 1.250000e+00
      vertex   1.464466e-01 2.809242e+01 1.353553e+00
    endloop
  endfacet
  facet normal -7.933533e-01 -5.733978e-22 6.087614e-01
    outer loop
      vertex   1.464466e-01 2.809242e+01 1.353553e+00
      vertex   6.698730e-02 2.809242e+01 1.250000e+00
      vertex   6.698730e-02 2.539495e+01 1.250000e+00
    endloop
  endfacet
  facet normal -7.933533e-01 0.000000e+00 6.087614e-01
    outer loop
      vertex   1.464466e-01 1.730253e+01 1.353553e+00
      vertex   1.464466e-01 2.000000e+01 1.353553e+00
      vertex   6.698730e-02 1.730253e+01 1.250000e+00
    endloop
  endfacet
  facet normal -7.933533e-01 0.000000e+00 6.087614e-01
    outer loop
      vertex   6.698730e-02 1.730253e+01 1.250000e+00
      vertex   1.464466e-01 2.000000e+01 1.353553e+00
      vertex   6.698730e-02 2.000000e+01 1.250000e+00
    endloop
  endfacet
  facet normal -9.238795e-01 0.000000e+00 3.826834e-01
    outer loop
      vertex   6.698730e-02 1.730253e+01 1.250000e+00
      vertex   6.698730e-02 2.000000e+01 1.250000e+00
      vertex   1.703709e-02 1.730253e+01 1.129410e+00
    endloop
  endfacet
  facet normal -9.238795e-01 0.000000e+00 3.826834e-01
    outer loop
      vertex   1.703709e-02 1.730253e+01 1.129410e+00
      vertex   6.698730e-02 2.000000e+01 1.250000e+00
      vertex   1.703709e-02 2.000000e+01 1.129410e+00
    endloop
  endfacet
  facet normal -9.914449e-01 0.000000e+00 1.305262e-01
    outer loop
      vertex   1.703709e-02 1.730253e+01 1.129410e+00
      vertex   1.703709e-02 2.000000e+01 1.129410e+00
      vertex   -1.369550e-32 -6.750000e+00 1.000000e+00
    endloop
  endfacet
  facet normal -7.933533e-01 0.000000e+00 6.087614e-01
    outer loop
      vertex   1.464466e-01 1.190758e+01 1.353553e+00
      vertex   6.698730e-02 9.210102e+00 1.250000e+00
      vertex   1.464466e-01 9.210102e+00 1.353553e+00
    endloop
  endfacet
  facet normal -7.933533e-01 -5.733978e-22 6.087614e-01
    outer loop
      vertex   1.464466e-01 9.210102e+00 1.353553e+00
      vertex   6.698730e-02 9.210102e+00 1.250000e+00
      vertex   6.698730e-02 6.512628e+00 1.250000e+00
    endloop
  endfacet
  facet normal -7.933533e-01 0.000000e+00 6.087614e-01
    outer loop
      vertex   1.464466e-01 9.210102e+00 1.353553e+00
      vertex   6.698730e-02 6.512628e+00 1.250000e+00
      vertex   1.464466e-01 6.512628e+00 1.353553e+00
    endloop
  endfacet
  facet normal -7.933533e-01 -5.733978e-22 6.087614e-01
    outer loop
      vertex   1.464466e-01 6.512628e+00 1.353553e+00
      vertex   6.698730e-02 6.512628e+00 1.250000e+00
      vertex   6.698730e-02 3.815153e+00 1.250000e+00
    endloop
  endfacet
  facet normal -7.933533e-01 -5.733978e-22 6.087614e-01
    outer loop
      vertex   6.698730e-02 -4.277270e+00 1.250000e+00
      vertex   1.464466e-01 -4.277270e+00 1.353553e+00
      vertex   1.464466e-01 -1.579796e+00 1.353553e+00
    endloop
  endfacet
  facet normal -7.933533e-01 0.000000e+00 6.087614e-01
    outer loop
      vertex   6.698730e-02 -4.277270e+00 1.250000e+00
      vertex   1.464466e-01 -1.579796e+00 1.353553e+00
      vertex   6.698730e-02 -1.579796e+00 1.250000e+00
    endloop
  endfacet
  facet normal -7.933533e-01 -5.733978e-22 6.087614e-01
    outer loop
      vertex   1.464466e-01 4.427727e+01 1.353553e+00
      vertex   6.698730e-02 4.427727e+01 1.250000e+00
      vertex   6.698730e-02 4.157980e+01 1.250000e+00
    endloop
  endfacet
  facet normal -9.238795e-01 0.000000e+00 3.826834e-01
    outer loop
      vertex   6.698730e-02 4.157980e+01 1.250000e+00
      vertex   6.698730e-02 4.427727e+01 1.250000e+00
      vertex   1.703709e-02 4.157980e+01 1.129410e+00
    endloop
  endfacet
  facet normal -9.238795e-01 7.204135e-19 3.826834e-01
    outer loop
      vertex   6.698730e-02 4.157980e+01 1.250000e+00
      vertex   1.703709e-02 4.157980e+01 1.129410e+00
      vertex   1.703709e-02 3.888232e+01 1.129410e+00
    endloop
  endfacet
  facet normal -9.910205e-01 0.000000e+00 1.337103e-01
    outer loop
      vertex   1.703709e-02 3.888232e+01 1.129410e+00
      vertex   1.703709e-02 4.157980e+01 1.129410e+00
      vertex   1.031885e-05 4.675160e+01 1.003212e+00
    endloop
  endfacet
  facet normal -9.238795e-01 0.000000e+00 3.826834e-01
    outer loop
      vertex   1.703709e-02 3.078990e+01 1.129410e+00
      vertex   6.698730e-02 3.348737e+01 1.250000e+00
      vertex   1.703709e-02 3.348737e+01 1.129410e+00
    endloop
  endfacet
  facet normal -9.238795e-01 7.204135e-19 3.826834e-01
    outer loop
      vertex   1.703709e-02 3.348737e+01 1.129410e+00
      vertex   6.698730e-02 3.348737e+01 1.250000e+00
      vertex   6.698730e-02 3.618485e+01 1.250000e+00
    endloop
  endfacet
  facet normal -9.238795e-01 7.204135e-19 3.826834e-01
    outer loop
      vertex   1.703709e-02 2.539495e+01 1.129410e+00
      vertex   6.698730e-02 2.539495e+01 1.250000e+00
      vertex   6.698730e-02 2.809242e+01 1.250000e+00
    endloop
  endfacet
  facet normal -9.238795e-01 0.000000e+00 3.826834e-01
    outer loop
      vertex   1.703709e-02 2.539495e+01 1.129410e+00
      vertex   6.698730e-02 2.809242e+01 1.250000e+00
      vertex   1.703709e-02 2.809242e+01 1.129410e+00
    endloop
  endfacet
  facet normal -9.238795e-01 7.204135e-19 3.826834e-01
    outer loop
      vertex   1.703709e-02 2.809242e+01 1.129410e+00
      vertex   6.698730e-02 2.809242e+01 1.250000e+00
      vertex   6.698730e-02 3.078990e+01 1.250000e+00
    endloop
  endfacet
  facet normal -7.933533e-01 -5.733978e-22 6.087614e-01
    outer loop
      vertex   1.464466e-01 1.730253e+01 1.353553e+00
      vertex   6.698730e-02 1.730253e+01 1.250000e+00
      vertex   6.698730e-02 1.460505e+01 1.250000e+00
    endloop
  endfacet
  facet normal -9.238795e-01 0.000000e+00 3.826834e-01
    outer loop
      vertex   6.698730e-02 1.460505e+01 1.250000e+00
      vertex   6.698730e-02 1.730253e+01 1.250000e+00
      vertex   1.703709e-02 1.460505e+01 1.129410e+00
    endloop
  endfacet
  facet normal -9.238795e-01 7.204135e-19 3.826834e-01
    outer loop
      vertex   6.698730e-02 1.460505e+01 1.250000e+00
      vertex   1.703709e-02 1.460505e+01 1.129410e+00
      vertex   1.703709e-02 1.190758e+01 1.129410e+00
    endloop
  endfacet
  facet normal -9.914449e-01 0.000000e+00 1.305262e-01
    outer loop
      vertex   1.703709e-02 1.190758e+01 1.129410e+00
      vertex   1.703709e-02 1.460505e+01 1.129410e+00
      vertex   -1.369550e-32 -6.750000e+00 1.000000e+00
    endloop
  endfacet
  facet normal -9.238795e-01 0.000000e+00 3.826834e-01
    outer loop
      vertex   1.703709e-02 1.460505e+01 1.129410e+00
      vertex   6.698730e-02 1.730253e+01 1.250000e+00
      vertex   1.703709e-02 1.730253e+01 1.129410e+00
    endloop
  endfacet
  facet normal -9.238795e-01 7.204135e-19 3.826834e-01
    outer loop
      vertex   1.703709e-02 3.815153e+00 1.129410e+00
      vertex   6.698730e-02 3.815153e+00 1.250000e+00
      vertex   6.698730e-02 6.512628e+00 1.250000e+00
    endloop
  endfacet
  facet normal -9.238795e-01 0.000000e+00 3.826834e-01
    outer loop
      vertex   1.703709e-02 3.815153e+00 1.129410e+00
      vertex   6.698730e-02 6.512628e+00 1.250000e+00
      vertex   1.703709e-02 6.512628e+00 1.129410e+00
    endloop
  endfacet
  facet normal -9.238795e-01 7.204135e-19 3.826834e-01
    outer loop
      vertex   1.703709e-02 6.512628e+00 1.129410e+00
      vertex   6.698730e-02 6.512628e+00 1.250000e+00
      vertex   6.698730e-02 9.210102e+00 1.250000e+00
    endloop
  endfacet
  facet normal -9.238795e-01 0.000000e+00 3.826834e-01
    outer loop
      vertex   1.703709e-02 -1.579796e+00 1.129410e+00
      vertex   6.698730e-02 1.117679e+00 1.250000e+00
      vertex   1.703709e-02 1.117679e+00 1.129410e+00
    endloop
  endfacet
  facet normal -9.238795e-01 7.204135e-19 3.826834e-01
    outer loop
      vertex   1.703709e-02 -4.277270e+00 1.129410e+00
      vertex   6.698730e-02 -4.277270e+00 1.250000e+00
      vertex   6.698730e-02 -1.579796e+00 1.250000e+00
    endloop
  endfacet
  facet normal -9.910205e-01 -3.255341e-19 1.337103e-01
    outer loop
      vertex   1.031885e-05 4.675160e+01 1.003212e+00
      vertex   1.703709e-02 4.157980e+01 1.129410e+00
      vertex   1.703709e-02 4.427727e+01 1.129410e+00
    endloop
  endfacet
  facet normal -9.238795e-01 0.000000e+00 3.826834e-01
    outer loop
      vertex   1.703709e-02 4.427727e+01 1.129410e+00
      vertex   1.703709e-02 4.157980e+01 1.129410e+00
      vertex   6.698730e-02 4.427727e+01 1.250000e+00
    endloop
  endfacet
  facet normal -9.914449e-01 -2.518639e-19 1.305262e-01
    outer loop
      vertex   -1.369550e-32 -6.750000e+00 1.000000e+00
      vertex   1.703709e-02 1.460505e+01 1.129410e+00
      vertex   1.703709e-02 1.730253e+01 1.129410e+00
    endloop
  endfacet
  facet normal -9.914449e-01 -2.518639e-19 1.305262e-01
    outer loop
      vertex   -1.369550e-32 -6.750000e+00 1.000000e+00
      vertex   1.703709e-02 -1.579796e+00 1.129410e+00
      vertex   1.703709e-02 1.117679e+00 1.129410e+00
    endloop
  endfacet
  facet normal -9.702332e-02 7.688480e-01 6.320278e-01
    outer loop
      vertex   5.000000e-01 4.697474e+01 1.500000e+00
      vertex   5.000000e-01 4.721335e+01 1.209738e+00
      vertex   3.985326e-01 4.697049e+01 1.489595e+00
    endloop
  endfacet
  facet normal -1.299058e-01 7.716988e-01 6.225796e-01
    outer loop
      vertex   3.985326e-01 4.697049e+01 1.489595e+00
      vertex   5.000000e-01 4.721335e+01 1.209738e+00
      vertex   3.705905e-01 4.719911e+01 1.200395e+00
    endloop
  endfacet
  facet normal -2.888680e-01 7.372727e-01 6.107244e-01
    outer loop
      vertex   3.985326e-01 4.697049e+01 1.489595e+00
      vertex   3.705905e-01 4.719911e+01 1.200395e+00
      vertex   3.017778e-01 4.695790e+01 1.459030e+00
    endloop
  endfacet
  facet normal -3.813690e-01 7.244801e-01 5.741832e-01
    outer loop
      vertex   3.017778e-01 4.695790e+01 1.459030e+00
      vertex   3.705905e-01 4.719911e+01 1.200395e+00
      vertex   2.500000e-01 4.715734e+01 1.173001e+00
    endloop
  endfacet
  facet normal -4.703338e-01 6.816798e-01 5.604452e-01
    outer loop
      vertex   3.017778e-01 4.695790e+01 1.459030e+00
      vertex   2.500000e-01 4.715734e+01 1.173001e+00
      vertex   2.143186e-01 4.693758e+01 1.410349e+00
    endloop
  endfacet
  facet normal -6.074718e-01 6.263192e-01 4.885716e-01
    outer loop
      vertex   2.143186e-01 4.693758e+01 1.410349e+00
      vertex   2.500000e-01 4.715734e+01 1.173001e+00
      vertex   1.464466e-01 4.709089e+01 1.129424e+00
    endloop
  endfacet
  facet normal -6.329640e-01 6.049712e-01 4.830802e-01
    outer loop
      vertex   2.143186e-01 4.693758e+01 1.410349e+00
      vertex   1.464466e-01 4.709089e+01 1.129424e+00
      vertex   1.392282e-01 4.691025e+01 1.346187e+00
    endloop
  endfacet
  facet normal -7.728189e-01 4.999477e-01 3.909006e-01
    outer loop
      vertex   1.392282e-01 4.691025e+01 1.346187e+00
      vertex   1.464466e-01 4.709089e+01 1.129424e+00
      vertex   7.926555e-02 4.687701e+01 1.270154e+00
    endloop
  endfacet
  facet normal -7.928232e-01 4.886619e-01 3.641989e-01
    outer loop
      vertex   7.926555e-02 4.687701e+01 1.270154e+00
      vertex   1.464466e-01 4.709089e+01 1.129424e+00
      vertex   6.698730e-02 4.700430e+01 1.072633e+00
    endloop
  endfacet
  facet normal -8.844815e-01 3.652260e-01 2.903488e-01
    outer loop
      vertex   7.926555e-02 4.687701e+01 1.270154e+00
      vertex   6.698730e-02 4.700430e+01 1.072633e+00
      vertex   3.562590e-02 4.683874e+01 1.185356e+00
    endloop
  endfacet
  facet normal -9.238779e-01 3.189674e-01 2.114460e-01
    outer loop
      vertex   3.562590e-02 4.683874e+01 1.185356e+00
      vertex   6.698730e-02 4.700430e+01 1.072633e+00
      vertex   1.703709e-02 4.690346e+01 1.006498e+00
    endloop
  endfacet
  facet normal -9.590628e-01 2.193920e-01 1.790688e-01
    outer loop
      vertex   3.562590e-02 4.683874e+01 1.185356e+00
      vertex   1.703709e-02 4.690346e+01 1.006498e+00
      vertex   9.170700e-03 4.679658e+01 1.095324e+00
    endloop
  endfacet
  facet normal -9.928795e-01 1.103524e-01 4.486241e-02
    outer loop
      vertex   9.170700e-03 4.679658e+01 1.095324e+00
      vertex   1.703709e-02 4.690346e+01 1.006498e+00
      vertex   1.031885e-05 4.675160e+01 1.003212e+00
    endloop
  endfacet
  facet normal -9.920311e-01 1.098946e-01 6.162419e-02
    outer loop
      vertex   1.031885e-05 4.675160e+01 1.003212e+00
      vertex   1.703709e-02 4.690346e+01 1.006498e+00
      vertex   1.578482e-32 4.690256e+01 7.338563e-01
    endloop
  endfacet
  facet normal -9.999940e-01 2.994296e-03 1.716347e-03
    outer loop
      vertex   1.031885e-05 4.675160e+01 1.003212e+00
      vertex   1.578482e-32 4.690256e+01 7.338563e-01
      vertex   1.780415e-31 4.675000e+01 1.000000e+00
    endloop
  endfacet
  facet normal -1.297846e-01 8.827161e-01 4.516284e-01
    outer loop
      vertex   3.705905e-01 4.719911e+01 1.200395e+00
      vertex   5.000000e-01 4.721335e+01 1.209738e+00
      vertex   3.705905e-01 4.736859e+01 8.691441e-01
    endloop
  endfacet
  facet normal -1.297846e-01 8.827161e-01 4.516284e-01
    outer loop
      vertex   3.705905e-01 4.736859e+01 8.691441e-01
      vertex   5.000000e-01 4.721335e+01 1.209738e+00
      vertex   5.000000e-01 4.738450e+01 8.752310e-01
    endloop
  endfacet
  facet normal -1.297860e-01 9.587530e-01 2.528800e-01
    outer loop
      vertex   3.705905e-01 4.736859e+01 8.691441e-01
      vertex   5.000000e-01 4.738450e+01 8.752310e-01
      vertex   3.705905e-01 4.746339e+01 5.096966e-01
    endloop
  endfacet
  facet normal -1.295013e-01 9.588146e-01 2.527925e-01
    outer loop
      vertex   3.705905e-01 4.746339e+01 5.096966e-01
      vertex   5.000000e-01 4.738450e+01 8.752310e-01
      vertex   5.000000e-01 4.748029e+01 5.118997e-01
    endloop
  endfacet
  facet normal -1.300694e-01 9.905986e-01 4.238271e-02
    outer loop
      vertex   3.705905e-01 4.746339e+01 5.096966e-01
      vertex   5.000000e-01 4.748029e+01 5.118997e-01
      vertex   3.705905e-01 4.747931e+01 1.375995e-01
    endloop
  endfacet
  facet normal -1.297846e-01 9.906402e-01 4.228411e-02
    outer loop
      vertex   3.705905e-01 4.747931e+01 1.375995e-01
      vertex   5.000000e-01 4.748029e+01 5.118997e-01
      vertex   5.000000e-01 4.749632e+01 1.364945e-01
    endloop
  endfacet
  facet normal -1.297846e-01 9.768317e-01 -1.701642e-01
    outer loop
      vertex   3.705905e-01 4.747931e+01 1.375995e-01
      vertex   5.000000e-01 4.749632e+01 1.364945e-01
      vertex   3.705905e-01 4.741546e+01 -2.289692e-01
    endloop
  endfacet
  facet normal -1.297846e-01 9.768317e-01 -1.701642e-01
    outer loop
      vertex   3.705905e-01 4.741546e+01 -2.289692e-01
      vertex   5.000000e-01 4.749632e+01 1.364945e-01
      vertex   5.000000e-01 4.743183e+01 -2.336780e-01
    endloop
  endfacet
  facet normal -1.297846e-01 9.179897e-01 -3.747677e-01
    outer loop
      vertex   3.705905e-01 4.741546e+01 -2.289692e-01
      vertex   5.000000e-01 4.743183e+01 -2.336780e-01
      vertex   3.705905e-01 4.727482e+01 -5.734567e-01
    endloop
  endfacet
  facet normal -1.297846e-01 9.179897e-01 -3.747677e-01
    outer loop
      vertex   3.705905e-01 4.727482e+01 -5.734567e-01
      vertex   5.000000e-01 4.743183e+01 -2.336780e-01
      vertex   5.000000e-01 4.728981e+01 -5.815522e-01
    endloop
  endfacet
  facet normal -1.297846e-01 8.168271e-01 -5.620939e-01
    outer loop
      vertex   3.705905e-01 4.727482e+01 -5.734567e-01
      vertex   5.000000e-01 4.728981e+01 -5.815522e-01
      vertex   3.705905e-01 4.706389e+01 -8.799815e-01
    endloop
  endfacet
  facet normal -1.297846e-01 8.168271e-01 -5.620939e-01
    outer loop
      vertex   3.705905e-01 4.706389e+01 -8.799815e-01
      vertex   5.000000e-01 4.728981e+01 -5.815522e-01
      vertex   5.000000e-01 4.707681e+01 -8.910906e-01
    endloop
  endfacet
  facet normal -1.297846e-01 6.780074e-01 -7.235067e-01
    outer loop
      vertex   3.705905e-01 4.706389e+01 -8.799815e-01
      vertex   5.000000e-01 4.707681e+01 -8.910906e-01
      vertex   3.705905e-01 4.679238e+01 -1.134413e+00
    endloop
  endfacet
  facet normal -1.297846e-01 6.780074e-01 -7.235067e-01
    outer loop
      vertex   3.705905e-01 4.679238e+01 -1.134413e+00
      vertex   5.000000e-01 4.707681e+01 -8.910906e-01
      vertex   5.000000e-01 4.680263e+01 -1.148023e+00
    endloop
  endfacet
  facet normal -1.297846e-01 5.079307e-01 -8.515647e-01
    outer loop
      vertex   3.705905e-01 4.679238e+01 -1.134413e+00
      vertex   5.000000e-01 4.680263e+01 -1.148023e+00
      vertex   3.705905e-01 4.647282e+01 -1.325020e+00
    endloop
  endfacet
  facet normal -1.297846e-01 5.079307e-01 -8.515647e-01
    outer loop
      vertex   3.705905e-01 4.647282e+01 -1.325020e+00
      vertex   5.000000e-01 4.680263e+01 -1.148023e+00
      vertex   5.000000e-01 4.647993e+01 -1.340504e+00
    endloop
  endfacet
  facet normal -1.297846e-01 3.144375e-01 -9.403643e-01
    outer loop
      vertex   3.705905e-01 4.647282e+01 -1.325020e+00
      vertex   5.000000e-01 4.647993e+01 -1.340504e+00
      vertex   3.705905e-01 4.611994e+01 -1.443017e+00
    endloop
  endfacet
  facet normal -1.297846e-01 3.144375e-01 -9.403643e-01
    outer loop
      vertex   3.705905e-01 4.611994e+01 -1.443017e+00
      vertex   5.000000e-01 4.647993e+01 -1.340504e+00
      vertex   5.000000e-01 4.612358e+01 -1.459661e+00
    endloop
  endfacet
  facet normal -1.297846e-01 1.064483e-01 -9.858117e-01
    outer loop
      vertex   3.705905e-01 4.611994e+01 -1.443017e+00
      vertex   5.000000e-01 4.612358e+01 -1.459661e+00
      vertex   3.705905e-01 4.575000e+01 -1.482963e+00
    endloop
  endfacet
  facet normal -1.297846e-01 1.064483e-01 -9.858117e-01
    outer loop
      vertex   3.705905e-01 4.575000e+01 -1.482963e+00
      vertex   5.000000e-01 4.612358e+01 -1.459661e+00
      vertex   5.000000e-01 4.575000e+01 -1.500000e+00
    endloop
  endfacet
  facet normal -3.807933e-01 9.926810e-02 -9.193162e-01
    outer loop
      vertex   3.705905e-01 4.575000e+01 -1.482963e+00
      vertex   2.500000e-01 4.575000e+01 -1.433013e+00
      vertex   3.705905e-01 4.611994e+01 -1.443017e+00
    endloop
  endfacet
  facet normal -3.807933e-01 9.926810e-02 -9.193162e-01
    outer loop
      vertex   3.705905e-01 4.611994e+01 -1.443017e+00
      vertex   2.500000e-01 4.575000e+01 -1.433013e+00
      vertex   2.500000e-01 4.610928e+01 -1.394218e+00
    endloop
  endfacet
  facet normal -3.807933e-01 2.932279e-01 -8.769344e-01
    outer loop
      vertex   3.705905e-01 4.611994e+01 -1.443017e+00
      vertex   2.500000e-01 4.610928e+01 -1.394218e+00
      vertex   3.705905e-01 4.647282e+01 -1.325020e+00
    endloop
  endfacet
  facet normal -3.807933e-01 2.932279e-01 -8.769344e-01
    outer loop
      vertex   3.705905e-01 4.647282e+01 -1.325020e+00
      vertex   2.500000e-01 4.610928e+01 -1.394218e+00
      vertex   2.500000e-01 4.645199e+01 -1.279622e+00
    endloop
  endfacet
  facet normal -3.807933e-01 4.736695e-01 -7.941245e-01
    outer loop
      vertex   3.705905e-01 4.647282e+01 -1.325020e+00
      vertex   2.500000e-01 4.645199e+01 -1.279622e+00
      vertex   3.705905e-01 4.679238e+01 -1.134413e+00
    endloop
  endfacet
  facet normal -3.807933e-01 4.736695e-01 -7.941245e-01
    outer loop
      vertex   3.705905e-01 4.679238e+01 -1.134413e+00
      vertex   2.500000e-01 4.645199e+01 -1.279622e+00
      vertex   2.500000e-01 4.676234e+01 -1.094509e+00
    endloop
  endfacet
  facet normal -3.807933e-01 6.322741e-01 -6.747043e-01
    outer loop
      vertex   3.705905e-01 4.679238e+01 -1.134413e+00
      vertex   2.500000e-01 4.676234e+01 -1.094509e+00
      vertex   3.705905e-01 4.706389e+01 -8.799815e-01
    endloop
  endfacet
  facet normal -3.807933e-01 6.322741e-01 -6.747043e-01
    outer loop
      vertex   3.705905e-01 4.706389e+01 -8.799815e-01
      vertex   2.500000e-01 4.676234e+01 -1.094509e+00
      vertex   2.500000e-01 4.702602e+01 -8.474114e-01
    endloop
  endfacet
  facet normal -3.807933e-01 7.617300e-01 -5.241792e-01
    outer loop
      vertex   3.705905e-01 4.706389e+01 -8.799815e-01
      vertex   2.500000e-01 4.702602e+01 -8.474114e-01
      vertex   3.705905e-01 4.727482e+01 -5.734567e-01
    endloop
  endfacet
  facet normal -3.807933e-01 7.617300e-01 -5.241792e-01
    outer loop
      vertex   3.705905e-01 4.727482e+01 -5.734567e-01
      vertex   2.500000e-01 4.702602e+01 -8.474114e-01
      vertex   2.500000e-01 4.723087e+01 -5.497217e-01
    endloop
  endfacet
  facet normal -3.807933e-01 8.560690e-01 -3.494887e-01
    outer loop
      vertex   3.705905e-01 4.727482e+01 -5.734567e-01
      vertex   2.500000e-01 4.723087e+01 -5.497217e-01
      vertex   3.705905e-01 4.741546e+01 -2.289692e-01
    endloop
  endfacet
  facet normal -3.807933e-01 8.560690e-01 -3.494887e-01
    outer loop
      vertex   3.705905e-01 4.741546e+01 -2.289692e-01
      vertex   2.500000e-01 4.723087e+01 -5.497217e-01
      vertex   2.500000e-01 4.736745e+01 -2.151636e-01
    endloop
  endfacet
  facet normal -3.807933e-01 9.109419e-01 -1.586862e-01
    outer loop
      vertex   3.705905e-01 4.741546e+01 -2.289692e-01
      vertex   2.500000e-01 4.736745e+01 -2.151636e-01
      vertex   3.705905e-01 4.747931e+01 1.375995e-01
    endloop
  endfacet
  facet normal -3.807933e-01 9.109419e-01 -1.586862e-01
    outer loop
      vertex   3.705905e-01 4.747931e+01 1.375995e-01
      vertex   2.500000e-01 4.736745e+01 -2.151636e-01
      vertex   2.500000e-01 4.742947e+01 1.408393e-01
    endloop
  endfacet
  facet normal -3.807897e-01 9.238165e-01 3.952544e-02
    outer loop
      vertex   3.705905e-01 4.747931e+01 1.375995e-01
      vertex   2.500000e-01 4.742947e+01 1.408393e-01
      vertex   3.705905e-01 4.746339e+01 5.096966e-01
    endloop
  endfacet
  facet normal -3.810330e-01 9.237123e-01 3.961458e-02
    outer loop
      vertex   3.705905e-01 4.746339e+01 5.096966e-01
      vertex   2.500000e-01 4.742947e+01 1.408393e-01
      vertex   2.500000e-01 4.741396e+01 5.025478e-01
    endloop
  endfacet
  facet normal -3.805576e-01 8.941767e-01 2.358474e-01
    outer loop
      vertex   3.705905e-01 4.746339e+01 5.096966e-01
      vertex   2.500000e-01 4.741396e+01 5.025478e-01
      vertex   3.705905e-01 4.736859e+01 8.691441e-01
    endloop
  endfacet
  facet normal -3.808004e-01 8.940562e-01 2.359123e-01
    outer loop
      vertex   3.705905e-01 4.736859e+01 8.691441e-01
      vertex   2.500000e-01 4.741396e+01 5.025478e-01
      vertex   2.500000e-01 4.732193e+01 8.512981e-01
    endloop
  endfacet
  facet normal -3.807933e-01 8.231747e-01 4.211649e-01
    outer loop
      vertex   3.705905e-01 4.736859e+01 8.691441e-01
      vertex   2.500000e-01 4.732193e+01 8.512981e-01
      vertex   3.705905e-01 4.719911e+01 1.200395e+00
    endloop
  endfacet
  facet normal -3.807933e-01 8.231747e-01 4.211649e-01
    outer loop
      vertex   3.705905e-01 4.719911e+01 1.200395e+00
      vertex   2.500000e-01 4.732193e+01 8.512981e-01
      vertex   2.500000e-01 4.715734e+01 1.173001e+00
    endloop
  endfacet
  facet normal -6.065399e-01 8.535396e-02 -7.904581e-01
    outer loop
      vertex   2.500000e-01 4.575000e+01 -1.433013e+00
      vertex   1.464466e-01 4.575000e+01 -1.353553e+00
      vertex   2.500000e-01 4.610928e+01 -1.394218e+00
    endloop
  endfacet
  facet normal -6.065399e-01 8.535396e-02 -7.904581e-01
    outer loop
      vertex   2.500000e-01 4.610928e+01 -1.394218e+00
      vertex   1.464466e-01 4.575000e+01 -1.353553e+00
      vertex   1.464466e-01 4.609231e+01 -1.316590e+00
    endloop
  endfacet
  facet normal -6.065399e-01 2.521269e-01 -7.540168e-01
    outer loop
      vertex   2.500000e-01 4.610928e+01 -1.394218e+00
      vertex   1.464466e-01 4.609231e+01 -1.316590e+00
      vertex   2.500000e-01 4.645199e+01 -1.279622e+00
    endloop
  endfacet
  facet normal -6.065399e-01 2.521269e-01 -7.540168e-01
    outer loop
      vertex   2.500000e-01 4.645199e+01 -1.279622e+00
      vertex   1.464466e-01 4.609231e+01 -1.316590e+00
      vertex   1.464466e-01 4.641885e+01 -1.207405e+00
    endloop
  endfacet
  facet normal -6.065399e-01 4.072765e-01 -6.828142e-01
    outer loop
      vertex   2.500000e-01 4.645199e+01 -1.279622e+00
      vertex   1.464466e-01 4.641885e+01 -1.207405e+00
      vertex   2.500000e-01 4.676234e+01 -1.094509e+00
    endloop
  endfacet
  facet normal -6.065399e-01 4.072765e-01 -6.828142e-01
    outer loop
      vertex   2.500000e-01 4.676234e+01 -1.094509e+00
      vertex   1.464466e-01 4.641885e+01 -1.207405e+00
      vertex   1.464466e-01 4.671454e+01 -1.031031e+00
    endloop
  endfacet
  facet normal -6.065399e-01 5.436500e-01 -5.801328e-01
    outer loop
      vertex   2.500000e-01 4.676234e+01 -1.094509e+00
      vertex   1.464466e-01 4.671454e+01 -1.031031e+00
      vertex   2.500000e-01 4.702602e+01 -8.474114e-01
    endloop
  endfacet
  facet normal -6.065399e-01 5.436500e-01 -5.801328e-01
    outer loop
      vertex   2.500000e-01 4.702602e+01 -8.474114e-01
      vertex   1.464466e-01 4.671454e+01 -1.031031e+00
      vertex   1.464466e-01 4.696577e+01 -7.955998e-01
    endloop
  endfacet
  facet normal -6.065399e-01 6.549604e-01 -4.507064e-01
    outer loop
      vertex   2.500000e-01 4.702602e+01 -8.474114e-01
      vertex   1.464466e-01 4.696577e+01 -7.955998e-01
      vertex   2.500000e-01 4.723087e+01 -5.497217e-01
    endloop
  endfacet
  facet normal -6.065399e-01 6.549604e-01 -4.507064e-01
    outer loop
      vertex   2.500000e-01 4.723087e+01 -5.497217e-01
      vertex   1.464466e-01 4.696577e+01 -7.955998e-01
      vertex   1.464466e-01 4.716095e+01 -5.119648e-01
    endloop
  endfacet
  facet normal -6.065399e-01 7.360761e-01 -3.005018e-01
    outer loop
      vertex   2.500000e-01 4.723087e+01 -5.497217e-01
      vertex   1.464466e-01 4.716095e+01 -5.119648e-01
      vertex   2.500000e-01 4.736745e+01 -2.151636e-01
    endloop
  endfacet
  facet normal -6.065399e-01 7.360761e-01 -3.005018e-01
    outer loop
      vertex   2.500000e-01 4.736745e+01 -2.151636e-01
      vertex   1.464466e-01 4.716095e+01 -5.119648e-01
      vertex   1.464466e-01 4.729109e+01 -1.932020e-01
    endloop
  endfacet
  facet normal -6.065399e-01 7.832576e-01 -1.364436e-01
    outer loop
      vertex   2.500000e-01 4.736745e+01 -2.151636e-01
      vertex   1.464466e-01 4.729109e+01 -1.932020e-01
      vertex   2.500000e-01 4.742947e+01 1.408393e-01
    endloop
  endfacet
  facet normal -6.065399e-01 7.832576e-01 -1.364436e-01
    outer loop
      vertex   2.500000e-01 4.742947e+01 1.408393e-01
      vertex   1.464466e-01 4.729109e+01 -1.932020e-01
      vertex   1.464466e-01 4.735018e+01 1.459930e-01
    endloop
  endfacet
  facet normal -6.065315e-01 7.943293e-01 3.406582e-02
    outer loop
      vertex   2.500000e-01 4.742947e+01 1.408393e-01
      vertex   1.464466e-01 4.735018e+01 1.459930e-01
      vertex   2.500000e-01 4.741396e+01 5.025478e-01
    endloop
  endfacet
  facet normal -6.067050e-01 7.941936e-01 3.414048e-02
    outer loop
      vertex   2.500000e-01 4.741396e+01 5.025478e-01
      vertex   1.464466e-01 4.735018e+01 1.459930e-01
      vertex   1.464466e-01 4.733535e+01 4.909450e-01
    endloop
  endfacet
  facet normal -6.063797e-01 7.688593e-01 2.028770e-01
    outer loop
      vertex   2.500000e-01 4.741396e+01 5.025478e-01
      vertex   1.464466e-01 4.733535e+01 4.909450e-01
      vertex   2.500000e-01 4.732193e+01 8.512981e-01
    endloop
  endfacet
  facet normal -6.065524e-01 7.687114e-01 2.029211e-01
    outer loop
      vertex   2.500000e-01 4.732193e+01 8.512981e-01
      vertex   1.464466e-01 4.733535e+01 4.909450e-01
      vertex   1.464466e-01 4.724772e+01 8.229093e-01
    endloop
  endfacet
  facet normal -6.065399e-01 7.077925e-01 3.621314e-01
    outer loop
      vertex   2.500000e-01 4.732193e+01 8.512981e-01
      vertex   1.464466e-01 4.724772e+01 8.229093e-01
      vertex   2.500000e-01 4.715734e+01 1.173001e+00
    endloop
  endfacet
  facet normal -6.065399e-01 7.077925e-01 3.621314e-01
    outer loop
      vertex   2.500000e-01 4.715734e+01 1.173001e+00
      vertex   1.464466e-01 4.724772e+01 8.229093e-01
      vertex   1.464466e-01 4.709089e+01 1.129424e+00
    endloop
  endfacet
  facet normal -7.916448e-01 6.559272e-02 -6.074504e-01
    outer loop
      vertex   1.464466e-01 4.575000e+01 -1.353553e+00
      vertex   6.698730e-02 4.575000e+01 -1.250000e+00
      vertex   1.464466e-01 4.609231e+01 -1.316590e+00
    endloop
  endfacet
  facet normal -7.916448e-01 6.559272e-02 -6.074504e-01
    outer loop
      vertex   1.464466e-01 4.609231e+01 -1.316590e+00
      vertex   6.698730e-02 4.575000e+01 -1.250000e+00
      vertex   6.698730e-02 4.607021e+01 -1.215424e+00
    endloop
  endfacet
  facet normal -7.916448e-01 1.937542e-01 -5.794461e-01
    outer loop
      vertex   1.464466e-01 4.609231e+01 -1.316590e+00
      vertex   6.698730e-02 4.607021e+01 -1.215424e+00
      vertex   1.464466e-01 4.641885e+01 -1.207405e+00
    endloop
  endfacet
  facet normal -7.916448e-01 1.937542e-01 -5.794461e-01
    outer loop
      vertex   1.464466e-01 4.641885e+01 -1.207405e+00
      vertex   6.698730e-02 4.607021e+01 -1.215424e+00
      vertex   6.698730e-02 4.637565e+01 -1.113289e+00
    endloop
  endfacet
  facet normal -7.916448e-01 3.129834e-01 -5.247284e-01
    outer loop
      vertex   1.464466e-01 4.641885e+01 -1.207405e+00
      vertex   6.698730e-02 4.637565e+01 -1.113289e+00
      vertex   1.464466e-01 4.671454e+01 -1.031031e+00
    endloop
  endfacet
  facet normal -7.916448e-01 3.129834e-01 -5.247284e-01
    outer loop
      vertex   1.464466e-01 4.671454e+01 -1.031031e+00
      vertex   6.698730e-02 4.637565e+01 -1.113289e+00
      vertex   6.698730e-02 4.665226e+01 -9.483054e-01
    endloop
  endfacet
  facet normal -7.916448e-01 4.177836e-01 -4.458199e-01
    outer loop
      vertex   1.464466e-01 4.671454e+01 -1.031031e+00
      vertex   6.698730e-02 4.665226e+01 -9.483054e-01
      vertex   1.464466e-01 4.696577e+01 -7.955998e-01
    endloop
  endfacet
  facet normal -7.916448e-01 4.177836e-01 -4.458199e-01
    outer loop
      vertex   1.464466e-01 4.696577e+01 -7.955998e-01
      vertex   6.698730e-02 4.665226e+01 -9.483054e-01
      vertex   6.698730e-02 4.688726e+01 -7.280777e-01
    endloop
  endfacet
  facet normal -7.916448e-01 5.033233e-01 -3.463584e-01
    outer loop
      vertex   1.464466e-01 4.696577e+01 -7.955998e-01
      vertex   6.698730e-02 4.688726e+01 -7.280777e-01
      vertex   1.464466e-01 4.716095e+01 -5.119648e-01
    endloop
  endfacet
  facet normal -7.916448e-01 5.033233e-01 -3.463584e-01
    outer loop
      vertex   1.464466e-01 4.716095e+01 -5.119648e-01
      vertex   6.698730e-02 4.688726e+01 -7.280777e-01
      vertex   6.698730e-02 4.706984e+01 -4.627590e-01
    endloop
  endfacet
  facet normal -7.916448e-01 5.656590e-01 -2.309293e-01
    outer loop
      vertex   1.464466e-01 4.716095e+01 -5.119648e-01
      vertex   6.698730e-02 4.706984e+01 -4.627590e-01
      vertex   1.464466e-01 4.729109e+01 -1.932020e-01
    endloop
  endfacet
  facet normal -7.916448e-01 5.656590e-01 -2.309293e-01
    outer loop
      vertex   1.464466e-01 4.729109e+01 -1.932020e-01
      vertex   6.698730e-02 4.706984e+01 -4.627590e-01
      vertex   6.698730e-02 4.719157e+01 -1.645812e-01
    endloop
  endfacet
  facet normal -7.916448e-01 6.019170e-01 -1.048540e-01
    outer loop
      vertex   1.464466e-01 4.729109e+01 -1.932020e-01
      vertex   6.698730e-02 4.719157e+01 -1.645812e-01
      vertex   1.464466e-01 4.735018e+01 1.459930e-01
    endloop
  endfacet
  facet normal -7.916448e-01 6.019170e-01 -1.048540e-01
    outer loop
      vertex   1.464466e-01 4.735018e+01 1.459930e-01
      vertex   6.698730e-02 4.719157e+01 -1.645812e-01
      vertex   6.698730e-02 4.724684e+01 1.527095e-01
    endloop
  endfacet
  facet normal -7.916351e-01 6.104304e-01 2.624093e-02
    outer loop
      vertex   1.464466e-01 4.735018e+01 1.459930e-01
      vertex   6.698730e-02 4.724684e+01 1.527095e-01
      vertex   1.464466e-01 4.733535e+01 4.909450e-01
    endloop
  endfacet
  facet normal -7.917321e-01 6.103021e-01 2.629726e-02
    outer loop
      vertex   1.464466e-01 4.733535e+01 4.909450e-01
      vertex   6.698730e-02 4.724684e+01 1.527095e-01
      vertex   6.698730e-02 4.723292e+01 4.756854e-01
    endloop
  endfacet
  facet normal -7.915613e-01 5.908502e-01 1.559701e-01
    outer loop
      vertex   1.464466e-01 4.733535e+01 4.909450e-01
      vertex   6.698730e-02 4.723292e+01 4.756854e-01
      vertex   1.464466e-01 4.724772e+01 8.229093e-01
    endloop
  endfacet
  facet normal -7.916577e-01 5.907137e-01 1.559979e-01
    outer loop
      vertex   1.464466e-01 4.724772e+01 8.229093e-01
      vertex   6.698730e-02 4.723292e+01 4.756854e-01
      vertex   6.698730e-02 4.715100e+01 7.859123e-01
    endloop
  endfacet
  facet normal -7.916448e-01 5.439237e-01 2.782903e-01
    outer loop
      vertex   1.464466e-01 4.724772e+01 8.229093e-01
      vertex   6.698730e-02 4.715100e+01 7.859123e-01
      vertex   1.464466e-01 4.709089e+01 1.129424e+00
    endloop
  endfacet
  facet normal -7.916448e-01 5.439237e-01 2.782903e-01
    outer loop
      vertex   1.464466e-01 4.709089e+01 1.129424e+00
      vertex   6.698730e-02 4.715100e+01 7.859123e-01
      vertex   6.698730e-02 4.700430e+01 1.072633e+00
    endloop
  endfacet
  facet normal -9.230918e-01 4.128706e-02 -3.823571e-01
    outer loop
      vertex   6.698730e-02 4.575000e+01 -1.250000e+00
      vertex   1.703709e-02 4.575000e+01 -1.129410e+00
      vertex   6.698730e-02 4.607021e+01 -1.215424e+00
    endloop
  endfacet
  facet normal -9.230918e-01 4.128706e-02 -3.823571e-01
    outer loop
      vertex   6.698730e-02 4.607021e+01 -1.215424e+00
      vertex   1.703709e-02 4.575000e+01 -1.129410e+00
      vertex   1.703709e-02 4.604446e+01 -1.097613e+00
    endloop
  endfacet
  facet normal -9.230918e-01 1.219578e-01 -3.647299e-01
    outer loop
      vertex   6.698730e-02 4.607021e+01 -1.215424e+00
      vertex   1.703709e-02 4.604446e+01 -1.097613e+00
      vertex   6.698730e-02 4.637565e+01 -1.113289e+00
    endloop
  endfacet
  facet normal -9.230918e-01 1.219578e-01 -3.647299e-01
    outer loop
      vertex   6.698730e-02 4.637565e+01 -1.113289e+00
      vertex   1.703709e-02 4.604446e+01 -1.097613e+00
      vertex   1.703709e-02 4.632535e+01 -1.003690e+00
    endloop
  endfacet
  facet normal -9.230918e-01 1.970061e-01 -3.302881e-01
    outer loop
      vertex   6.698730e-02 4.637565e+01 -1.113289e+00
      vertex   1.703709e-02 4.632535e+01 -1.003690e+00
      vertex   6.698730e-02 4.665226e+01 -9.483054e-01
    endloop
  endfacet
  facet normal -9.230918e-01 1.970061e-01 -3.302881e-01
    outer loop
      vertex   6.698730e-02 4.665226e+01 -9.483054e-01
      vertex   1.703709e-02 4.632535e+01 -1.003690e+00
      vertex   1.703709e-02 4.657972e+01 -8.519693e-01
    endloop
  endfacet
  facet normal -9.230918e-01 2.629721e-01 -2.806194e-01
    outer loop
      vertex   6.698730e-02 4.665226e+01 -9.483054e-01
      vertex   1.703709e-02 4.657972e+01 -8.519693e-01
      vertex   6.698730e-02 4.688726e+01 -7.280777e-01
    endloop
  endfacet
  facet normal -9.230918e-01 2.629721e-01 -2.806194e-01
    outer loop
      vertex   6.698730e-02 4.688726e+01 -7.280777e-01
      vertex   1.703709e-02 4.657972e+01 -8.519693e-01
      vertex   1.703709e-02 4.679583e+01 -6.494464e-01
    endloop
  endfacet
  facet normal -9.230918e-01 3.168147e-01 -2.180138e-01
    outer loop
      vertex   6.698730e-02 4.688726e+01 -7.280777e-01
      vertex   1.703709e-02 4.679583e+01 -6.494464e-01
      vertex   6.698730e-02 4.706984e+01 -4.627590e-01
    endloop
  endfacet
  facet normal -9.230918e-01 3.168147e-01 -2.180138e-01
    outer loop
      vertex   6.698730e-02 4.706984e+01 -4.627590e-01
      vertex   1.703709e-02 4.679583e+01 -6.494464e-01
      vertex   1.703709e-02 4.696373e+01 -4.054577e-01
    endloop
  endfacet
  facet normal -9.230918e-01 3.560517e-01 -1.453575e-01
    outer loop
      vertex   6.698730e-02 4.706984e+01 -4.627590e-01
      vertex   1.703709e-02 4.696373e+01 -4.054577e-01
      vertex   6.698730e-02 4.719157e+01 -1.645812e-01
    endloop
  endfacet
  facet normal -9.230918e-01 3.560517e-01 -1.453575e-01
    outer loop
      vertex   6.698730e-02 4.719157e+01 -1.645812e-01
      vertex   1.703709e-02 4.696373e+01 -4.054577e-01
      vertex   1.703709e-02 4.707568e+01 -1.312515e-01
    endloop
  endfacet
  facet normal -9.230918e-01 3.788741e-01 -6.599993e-02
    outer loop
      vertex   6.698730e-02 4.719157e+01 -1.645812e-01
      vertex   1.703709e-02 4.707568e+01 -1.312515e-01
      vertex   6.698730e-02 4.724684e+01 1.527095e-01
    endloop
  endfacet
  facet normal -9.230918e-01 3.788741e-01 -6.599993e-02
    outer loop
      vertex   6.698730e-02 4.724684e+01 1.527095e-01
      vertex   1.703709e-02 4.707568e+01 -1.312515e-01
      vertex   1.703709e-02 4.712650e+01 1.605311e-01
    endloop
  endfacet
  facet normal -9.230858e-01 3.842376e-01 1.655638e-02
    outer loop
      vertex   6.698730e-02 4.724684e+01 1.527095e-01
      vertex   1.703709e-02 4.712650e+01 1.605311e-01
      vertex   6.698730e-02 4.723292e+01 4.756854e-01
    endloop
  endfacet
  facet normal -9.231215e-01 3.841502e-01 1.659155e-02
    outer loop
      vertex   6.698730e-02 4.723292e+01 4.756854e-01
      vertex   1.703709e-02 4.712650e+01 1.605311e-01
      vertex   1.703709e-02 4.711367e+01 4.578176e-01
    endloop
  endfacet
  facet normal -9.230638e-01 3.718974e-01 9.821210e-02
    outer loop
      vertex   6.698730e-02 4.723292e+01 4.756854e-01
      vertex   1.703709e-02 4.711367e+01 4.578176e-01
      vertex   6.698730e-02 4.715100e+01 7.859123e-01
    endloop
  endfacet
  facet normal -9.230992e-01 3.718052e-01 9.822798e-02
    outer loop
      vertex   6.698730e-02 4.715100e+01 7.859123e-01
      vertex   1.703709e-02 4.711367e+01 4.578176e-01
      vertex   1.703709e-02 4.703837e+01 7.428283e-01
    endloop
  endfacet
  facet normal -9.230918e-01 3.423705e-01 1.751687e-01
    outer loop
      vertex   6.698730e-02 4.715100e+01 7.859123e-01
      vertex   1.703709e-02 4.703837e+01 7.428283e-01
      vertex   6.698730e-02 4.700430e+01 1.072633e+00
    endloop
  endfacet
  facet normal -9.230918e-01 3.423705e-01 1.751687e-01
    outer loop
      vertex   6.698730e-02 4.700430e+01 1.072633e+00
      vertex   1.703709e-02 4.703837e+01 7.428283e-01
      vertex   1.703709e-02 4.690346e+01 1.006498e+00
    endloop
  endfacet
  facet normal -9.913464e-01 1.409287e-02 -1.305132e-01
    outer loop
      vertex   1.703709e-02 4.575000e+01 -1.129410e+00
      vertex   -1.710569e-48 4.575000e+01 -1.000000e+00
      vertex   1.703709e-02 4.604446e+01 -1.097613e+00
    endloop
  endfacet
  facet normal -9.918960e-01 1.559016e-02 -1.260923e-01
    outer loop
      vertex   1.703709e-02 4.604446e+01 -1.097613e+00
      vertex   -1.710569e-48 4.575000e+01 -1.000000e+00
      vertex   4.169568e-33 4.605445e+01 -9.623578e-01
    endloop
  endfacet
  facet normal -9.908547e-01 4.278999e-02 -1.279688e-01
    outer loop
      vertex   1.703709e-02 4.604446e+01 -1.097613e+00
      vertex   4.169568e-33 4.605445e+01 -9.623578e-01
      vertex   1.703709e-02 4.632535e+01 -1.003690e+00
    endloop
  endfacet
  facet normal -9.922752e-01 4.475063e-02 -1.157034e-01
    outer loop
      vertex   1.703709e-02 4.632535e+01 -1.003690e+00
      vertex   4.169568e-33 4.605445e+01 -9.623578e-01
      vertex   8.088013e-33 4.634056e+01 -8.516983e-01
    endloop
  endfacet
  facet normal -9.905042e-01 7.042706e-02 -1.180736e-01
    outer loop
      vertex   1.703709e-02 4.632535e+01 -1.003690e+00
      vertex   8.088013e-33 4.634056e+01 -8.516983e-01
      vertex   1.703709e-02 4.657972e+01 -8.519693e-01
    endloop
  endfacet
  facet normal -9.924892e-01 7.058904e-02 -9.991212e-02
    outer loop
      vertex   1.703709e-02 4.657972e+01 -8.519693e-01
      vertex   8.088013e-33 4.634056e+01 -8.516983e-01
      vertex   1.151934e-32 4.659110e+01 -6.746862e-01
    endloop
  endfacet
  facet normal -9.903232e-01 9.489663e-02 -1.012649e-01
    outer loop
      vertex   1.703709e-02 4.657972e+01 -8.519693e-01
      vertex   1.151934e-32 4.659110e+01 -6.746862e-01
      vertex   1.703709e-02 4.679583e+01 -6.494464e-01
    endloop
  endfacet
  facet normal -9.925567e-01 9.238112e-02 -7.935294e-02
    outer loop
      vertex   1.703709e-02 4.679583e+01 -6.494464e-01
      vertex   1.151934e-32 4.659110e+01 -6.746862e-01
      vertex   1.425688e-32 4.679099e+01 -4.419825e-01
    endloop
  endfacet
  facet normal -9.903269e-01 1.143048e-01 -7.865803e-02
    outer loop
      vertex   1.703709e-02 4.679583e+01 -6.494464e-01
      vertex   1.425688e-32 4.679099e+01 -4.419825e-01
      vertex   1.703709e-02 4.696373e+01 -4.054577e-01
    endloop
  endfacet
  facet normal -9.924836e-01 1.094579e-01 -5.472894e-02
    outer loop
      vertex   1.703709e-02 4.696373e+01 -4.054577e-01
      vertex   1.425688e-32 4.679099e+01 -4.419825e-01
      vertex   1.613577e-32 4.692818e+01 -1.676025e-01
    endloop
  endfacet
  facet normal -9.905150e-01 1.272123e-01 -5.193419e-02
    outer loop
      vertex   1.703709e-02 4.696373e+01 -4.054577e-01
      vertex   1.613577e-32 4.692818e+01 -1.676025e-01
      vertex   1.703709e-02 4.707568e+01 -1.312515e-01
    endloop
  endfacet
  facet normal -9.922636e-01 1.212208e-01 -2.680386e-02
    outer loop
      vertex   1.703709e-02 4.707568e+01 -1.312515e-01
      vertex   1.613577e-32 4.692818e+01 -1.676025e-01
      vertex   1.704284e-32 4.699441e+01 1.319287e-01
    endloop
  endfacet
  facet normal -9.908716e-01 1.328094e-01 -2.313541e-02
    outer loop
      vertex   1.703709e-02 4.707568e+01 -1.312515e-01
      vertex   1.704284e-32 4.699441e+01 1.319287e-01
      vertex   1.703709e-02 4.712650e+01 1.605311e-01
    endloop
  endfacet
  facet normal -9.918773e-01 1.271469e-01 3.614297e-03
    outer loop
      vertex   1.703709e-02 4.712650e+01 1.605311e-01
      vertex   1.704284e-32 4.699441e+01 1.319287e-01
      vertex   1.692346e-32 4.698569e+01 4.385711e-01
    endloop
  endfacet
  facet normal -9.913491e-01 1.311293e-01 5.663510e-03
    outer loop
      vertex   1.703709e-02 4.712650e+01 1.605311e-01
      vertex   1.692346e-32 4.698569e+01 4.385711e-01
      vertex   1.703709e-02 4.711367e+01 4.578176e-01
    endloop
  endfacet
  facet normal -9.913437e-01 1.269367e-01 3.353567e-02
    outer loop
      vertex   1.703709e-02 4.711367e+01 4.578176e-01
      vertex   1.692346e-32 4.698569e+01 4.385711e-01
      vertex   1.703709e-02 4.703837e+01 7.428283e-01
    endloop
  endfacet
  facet normal -9.919144e-01 1.221592e-01 3.439472e-02
    outer loop
      vertex   1.692346e-32 4.698569e+01 4.385711e-01
      vertex   1.578482e-32 4.690256e+01 7.338563e-01
      vertex   1.703709e-02 4.703837e+01 7.428283e-01
    endloop
  endfacet
  facet normal -9.908380e-01 1.202325e-01 6.151515e-02
    outer loop
      vertex   1.703709e-02 4.703837e+01 7.428283e-01
      vertex   1.578482e-32 4.690256e+01 7.338563e-01
      vertex   1.703709e-02 4.690346e+01 1.006498e+00
    endloop
  endfacet
  facet normal -1.149778e-01 7.528661e-04 -9.933678e-01
    outer loop
      vertex   3.863198e-01 3.445524e+01 -1.487091e+00
      vertex   3.705905e-01 3.750000e+01 -1.482963e+00
      vertex   5.000000e-01 3.478388e+01 -1.500000e+00
    endloop
  endfacet
  facet normal -1.305262e-01 5.369017e-17 -9.914449e-01
    outer loop
      vertex   5.000000e-01 3.478388e+01 -1.500000e+00
      vertex   3.705905e-01 3.750000e+01 -1.482963e+00
      vertex   3.705905e-01 4.025000e+01 -1.482963e+00
    endloop
  endfacet
  facet normal -1.305262e-01 -2.642926e-17 -9.914449e-01
    outer loop
      vertex   5.000000e-01 3.478388e+01 -1.500000e+00
      vertex   3.705905e-01 4.025000e+01 -1.482963e+00
      vertex   5.000000e-01 4.575000e+01 -1.500000e+00
    endloop
  endfacet
  facet normal -1.305262e-01 6.179356e-17 -9.914449e-01
    outer loop
      vertex   5.000000e-01 4.575000e+01 -1.500000e+00
      vertex   3.705905e-01 4.025000e+01 -1.482963e+00
      vertex   3.705905e-01 4.300000e+01 -1.482963e+00
    endloop
  endfacet
  facet normal -1.305262e-01 -1.965059e-16 -9.914449e-01
    outer loop
      vertex   5.000000e-01 4.575000e+01 -1.500000e+00
      vertex   3.705905e-01 4.300000e+01 -1.482963e+00
      vertex   3.705905e-01 4.575000e+01 -1.482963e+00
    endloop
  endfacet
  facet normal -3.826834e-01 -2.573417e-16 -9.238795e-01
    outer loop
      vertex   3.705905e-01 4.575000e+01 -1.482963e+00
      vertex   3.705905e-01 4.300000e+01 -1.482963e+00
      vertex   2.500000e-01 4.575000e+01 -1.433013e+00
    endloop
  endfacet
  facet normal -3.826834e-01 -4.374354e-16 -9.238795e-01
    outer loop
      vertex   2.500000e-01 4.575000e+01 -1.433013e+00
      vertex   3.705905e-01 4.300000e+01 -1.482963e+00
      vertex   2.500000e-01 4.300000e+01 -1.433013e+00
    endloop
  endfacet
  facet normal -6.087614e-01 -4.774233e-16 -7.933533e-01
    outer loop
      vertex   2.500000e-01 4.575000e+01 -1.433013e+00
      vertex   2.500000e-01 4.300000e+01 -1.433013e+00
      vertex   1.464466e-01 4.575000e+01 -1.353553e+00
    endloop
  endfacet
  facet normal -6.087614e-01 -7.530001e-16 -7.933533e-01
    outer loop
      vertex   1.464466e-01 4.575000e+01 -1.353553e+00
      vertex   2.500000e-01 4.300000e+01 -1.433013e+00
      vertex   1.464466e-01 4.300000e+01 -1.353553e+00
    endloop
  endfacet
  facet normal -7.933533e-01 -7.753570e-16 -6.087614e-01
    outer loop
      vertex   1.464466e-01 4.575000e+01 -1.353553e+00
      vertex   1.464466e-01 4.300000e+01 -1.353553e+00
      vertex   6.698730e-02 4.575000e+01 -1.250000e+00
    endloop
  endfacet
  facet normal -7.933533e-01 -9.755387e-16 -6.087614e-01
    outer loop
      vertex   6.698730e-02 4.575000e+01 -1.250000e+00
      vertex   1.464466e-01 4.300000e+01 -1.353553e+00
      vertex   6.698730e-02 4.300000e+01 -1.250000e+00
    endloop
  endfacet
  facet normal -9.238795e-01 -9.779911e-16 -3.826834e-01
    outer loop
      vertex   6.698730e-02 4.575000e+01 -1.250000e+00
      vertex   6.698730e-02 4.300000e+01 -1.250000e+00
      vertex   1.703709e-02 4.575000e+01 -1.129410e+00
    endloop
  endfacet
  facet normal -9.238795e-01 -1.110822e-15 -3.826834e-01
    outer loop
      vertex   1.703709e-02 4.575000e+01 -1.129410e+00
      vertex   6.698730e-02 4.300000e+01 -1.250000e+00
      vertex   1.703709e-02 4.300000e+01 -1.129410e+00
    endloop
  endfacet
  facet normal -9.914449e-01 -1.146820e-15 -1.305262e-01
    outer loop
      vertex   1.703709e-02 4.575000e+01 -1.129410e+00
      vertex   1.703709e-02 4.300000e+01 -1.129410e+00
      vertex   -1.710569e-48 4.575000e+01 -1.000000e+00
    endloop
  endfacet
  facet normal -9.914449e-01 -2.534016e-17 -1.305262e-01
    outer loop
      vertex   -1.710569e-48 4.575000e+01 -1.000000e+00
      vertex   1.703709e-02 4.300000e+01 -1.129410e+00
      vertex   1.703709e-02 4.025000e+01 -1.129410e+00
    endloop
  endfacet
  facet normal -9.914449e-01 -1.411054e-17 -1.305262e-01
    outer loop
      vertex   -1.710569e-48 4.575000e+01 -1.000000e+00
      vertex   1.703709e-02 4.025000e+01 -1.129410e+00
      vertex   1.703709e-02 3.750000e+01 -1.129410e+00
    endloop
  endfacet
  facet normal -9.238795e-01 7.587553e-18 -3.826834e-01
    outer loop
      vertex   1.703709e-02 3.750000e+01 -1.129410e+00
      vertex   1.703709e-02 4.025000e+01 -1.129410e+00
      vertex   6.698730e-02 3.750000e+01 -1.250000e+00
    endloop
  endfacet
  facet normal -9.238795e-01 -6.168754e-17 -3.826834e-01
    outer loop
      vertex   1.703709e-02 3.750000e+01 -1.129410e+00
      vertex   6.698730e-02 3.750000e+01 -1.250000e+00
      vertex   6.698730e-02 3.475000e+01 -1.250000e+00
    endloop
  endfacet
  facet normal -7.933533e-01 -3.091913e-17 -6.087614e-01
    outer loop
      vertex   6.698730e-02 3.475000e+01 -1.250000e+00
      vertex   6.698730e-02 3.750000e+01 -1.250000e+00
      vertex   1.464466e-01 3.475000e+01 -1.353553e+00
    endloop
  endfacet
  facet normal -7.933511e-01 2.366188e-03 -6.087597e-01
    outer loop
      vertex   6.698730e-02 3.475000e+01 -1.250000e+00
      vertex   1.464466e-01 3.475000e+01 -1.353553e+00
      vertex   1.243232e-01 3.340489e+01 -1.329950e+00
    endloop
  endfacet
  facet normal -6.087568e-01 -3.908958e-03 -7.933473e-01
    outer loop
      vertex   1.243232e-01 3.340489e+01 -1.329950e+00
      vertex   1.464466e-01 3.475000e+01 -1.353553e+00
      vertex   2.500000e-01 3.475000e+01 -1.433013e+00
    endloop
  endfacet
  facet normal -5.809470e-01 -8.082150e-03 -8.139013e-01
    outer loop
      vertex   1.243232e-01 3.340489e+01 -1.329950e+00
      vertex   2.500000e-01 3.475000e+01 -1.433013e+00
      vertex   2.846247e-01 3.411339e+01 -1.451405e+00
    endloop
  endfacet
  facet normal -3.826768e-01 5.878497e-03 -9.238636e-01
    outer loop
      vertex   2.846247e-01 3.411339e+01 -1.451405e+00
      vertex   2.500000e-01 3.475000e+01 -1.433013e+00
      vertex   3.705905e-01 3.475000e+01 -1.482963e+00
    endloop
  endfacet
  facet normal -3.197377e-01 -3.792151e-03 -9.474985e-01
    outer loop
      vertex   2.846247e-01 3.411339e+01 -1.451405e+00
      vertex   3.705905e-01 3.475000e+01 -1.482963e+00
      vertex   3.863198e-01 3.445524e+01 -1.487091e+00
    endloop
  endfacet
  facet normal -2.538555e-01 -5.137558e-17 -9.672422e-01
    outer loop
      vertex   3.863198e-01 3.445524e+01 -1.487091e+00
      vertex   3.705905e-01 3.475000e+01 -1.482963e+00
      vertex   3.705905e-01 3.750000e+01 -1.482963e+00
    endloop
  endfacet
  facet normal -8.514807e-01 -5.128069e-03 -5.243608e-01
    outer loop
      vertex   1.243232e-01 3.340489e+01 -1.329950e+00
      vertex   3.015936e-02 3.268903e+01 -1.170042e+00
      vertex   6.698730e-02 3.475000e+01 -1.250000e+00
    endloop
  endfacet
  facet normal -9.238783e-01 1.662227e-03 -3.826829e-01
    outer loop
      vertex   6.698730e-02 3.475000e+01 -1.250000e+00
      vertex   3.015936e-02 3.268903e+01 -1.170042e+00
      vertex   1.703709e-02 3.475000e+01 -1.129410e+00
    endloop
  endfacet
  facet normal -9.238795e-01 3.013589e-17 -3.826834e-01
    outer loop
      vertex   6.698730e-02 3.475000e+01 -1.250000e+00
      vertex   1.703709e-02 3.475000e+01 -1.129410e+00
      vertex   1.703709e-02 3.750000e+01 -1.129410e+00
    endloop
  endfacet
  facet normal -9.914449e-01 1.053914e-17 -1.305262e-01
    outer loop
      vertex   1.703709e-02 3.750000e+01 -1.129410e+00
      vertex   1.703709e-02 3.475000e+01 -1.129410e+00
      vertex   -1.592102e-31 3.200000e+01 -1.000000e+00
    endloop
  endfacet
  facet normal -9.914449e-01 1.676550e-17 -1.305262e-01
    outer loop
      vertex   1.703709e-02 3.750000e+01 -1.129410e+00
      vertex   -1.592102e-31 3.200000e+01 -1.000000e+00
      vertex   -1.710569e-48 4.575000e+01 -1.000000e+00
    endloop
  endfacet
  facet normal -9.827556e-01 -2.612119e-03 -1.848907e-01
    outer loop
      vertex   3.015936e-02 3.268903e+01 -1.170042e+00
      vertex   -1.592102e-31 3.200000e+01 -1.000000e+00
      vertex   1.703709e-02 3.475000e+01 -1.129410e+00
    endloop
  endfacet
  facet normal -3.826834e-01 -7.724799e-17 -9.238795e-01
    outer loop
      vertex   3.705905e-01 3.750000e+01 -1.482963e+00
      vertex   3.705905e-01 3.475000e+01 -1.482963e+00
      vertex   2.500000e-01 3.750000e+01 -1.433013e+00
    endloop
  endfacet
  facet normal -3.826834e-01 8.936467e-18 -9.238795e-01
    outer loop
      vertex   2.500000e-01 3.750000e+01 -1.433013e+00
      vertex   3.705905e-01 3.475000e+01 -1.482963e+00
      vertex   2.500000e-01 3.475000e+01 -1.433013e+00
    endloop
  endfacet
  facet normal -6.087614e-01 -4.039312e-17 -7.933533e-01
    outer loop
      vertex   2.500000e-01 3.750000e+01 -1.433013e+00
      vertex   2.500000e-01 3.475000e+01 -1.433013e+00
      vertex   1.464466e-01 3.750000e+01 -1.353553e+00
    endloop
  endfacet
  facet normal -6.087614e-01 1.184441e-16 -7.933533e-01
    outer loop
      vertex   1.464466e-01 3.750000e+01 -1.353553e+00
      vertex   2.500000e-01 3.475000e+01 -1.433013e+00
      vertex   1.464466e-01 3.475000e+01 -1.353553e+00
    endloop
  endfacet
  facet normal -7.933533e-01 5.137339e-17 -6.087614e-01
    outer loop
      vertex   1.464466e-01 3.750000e+01 -1.353553e+00
      vertex   1.464466e-01 3.475000e+01 -1.353553e+00
      vertex   6.698730e-02 3.750000e+01 -1.250000e+00
    endloop
  endfacet
  facet normal -3.826834e-01 2.161945e-17 -9.238795e-01
    outer loop
      vertex   2.500000e-01 4.300000e+01 -1.433013e+00
      vertex   3.705905e-01 4.300000e+01 -1.482963e+00
      vertex   3.705905e-01 4.025000e+01 -1.482963e+00
    endloop
  endfacet
  facet normal -3.826834e-01 -2.650732e-18 -9.238795e-01
    outer loop
      vertex   3.705905e-01 4.025000e+01 -1.482963e+00
      vertex   3.705905e-01 3.750000e+01 -1.482963e+00
      vertex   2.500000e-01 4.025000e+01 -1.433013e+00
    endloop
  endfacet
  facet normal -3.826834e-01 1.666127e-17 -9.238795e-01
    outer loop
      vertex   2.500000e-01 4.025000e+01 -1.433013e+00
      vertex   3.705905e-01 3.750000e+01 -1.482963e+00
      vertex   2.500000e-01 3.750000e+01 -1.433013e+00
    endloop
  endfacet
  facet normal -6.087614e-01 -2.810474e-17 -7.933533e-01
    outer loop
      vertex   2.500000e-01 4.025000e+01 -1.433013e+00
      vertex   2.500000e-01 3.750000e+01 -1.433013e+00
      vertex   1.464466e-01 4.025000e+01 -1.353553e+00
    endloop
  endfacet
  facet normal -6.087614e-01 -6.144190e-17 -7.933533e-01
    outer loop
      vertex   1.464466e-01 4.025000e+01 -1.353553e+00
      vertex   2.500000e-01 3.750000e+01 -1.433013e+00
      vertex   1.464466e-01 3.750000e+01 -1.353553e+00
    endloop
  endfacet
  facet normal -7.933533e-01 -8.007265e-17 -6.087614e-01
    outer loop
      vertex   1.464466e-01 4.025000e+01 -1.353553e+00
      vertex   1.464466e-01 3.750000e+01 -1.353553e+00
      vertex   6.698730e-02 4.025000e+01 -1.250000e+00
    endloop
  endfacet
  facet normal -7.933533e-01 4.915352e-17 -6.087614e-01
    outer loop
      vertex   6.698730e-02 4.025000e+01 -1.250000e+00
      vertex   1.464466e-01 3.750000e+01 -1.353553e+00
      vertex   6.698730e-02 3.750000e+01 -1.250000e+00
    endloop
  endfacet
  facet normal -9.238795e-01 3.089920e-17 -3.826834e-01
    outer loop
      vertex   6.698730e-02 4.025000e+01 -1.250000e+00
      vertex   6.698730e-02 3.750000e+01 -1.250000e+00
      vertex   1.703709e-02 4.025000e+01 -1.129410e+00
    endloop
  endfacet
  facet normal -6.087614e-01 1.952289e-17 -7.933533e-01
    outer loop
      vertex   1.464466e-01 4.300000e+01 -1.353553e+00
      vertex   2.500000e-01 4.300000e+01 -1.433013e+00
      vertex   2.500000e-01 4.025000e+01 -1.433013e+00
    endloop
  endfacet
  facet normal -3.826834e-01 7.967133e-17 -9.238795e-01
    outer loop
      vertex   2.500000e-01 4.025000e+01 -1.433013e+00
      vertex   2.500000e-01 4.300000e+01 -1.433013e+00
      vertex   3.705905e-01 4.025000e+01 -1.482963e+00
    endloop
  endfacet
  facet normal -6.087614e-01 1.307325e-16 -7.933533e-01
    outer loop
      vertex   1.464466e-01 4.300000e+01 -1.353553e+00
      vertex   2.500000e-01 4.025000e+01 -1.433013e+00
      vertex   1.464466e-01 4.025000e+01 -1.353553e+00
    endloop
  endfacet
  facet normal -7.933533e-01 6.738792e-17 -6.087614e-01
    outer loop
      vertex   1.464466e-01 4.300000e+01 -1.353553e+00
      vertex   1.464466e-01 4.025000e+01 -1.353553e+00
      vertex   6.698730e-02 4.300000e+01 -1.250000e+00
    endloop
  endfacet
  facet normal -7.933533e-01 1.823440e-17 -6.087614e-01
    outer loop
      vertex   6.698730e-02 4.300000e+01 -1.250000e+00
      vertex   1.464466e-01 4.025000e+01 -1.353553e+00
      vertex   6.698730e-02 4.025000e+01 -1.250000e+00
    endloop
  endfacet
  facet normal -9.238795e-01 -3.144818e-17 -3.826834e-01
    outer loop
      vertex   6.698730e-02 4.300000e+01 -1.250000e+00
      vertex   6.698730e-02 4.025000e+01 -1.250000e+00
      vertex   1.703709e-02 4.300000e+01 -1.129410e+00
    endloop
  endfacet
  facet normal -9.238795e-01 -2.331164e-17 -3.826834e-01
    outer loop
      vertex   1.703709e-02 4.300000e+01 -1.129410e+00
      vertex   6.698730e-02 4.025000e+01 -1.250000e+00
      vertex   1.703709e-02 4.025000e+01 -1.129410e+00
    endloop
  endfacet
  facet normal -9.827556e-01 2.612119e-03 -1.848907e-01
    outer loop
      vertex   3.015936e-02 7.310970e+00 -1.170042e+00
      vertex   1.703709e-02 5.250000e+00 -1.129410e+00
      vertex   -2.174161e-31 8.000000e+00 -1.000000e+00
    endloop
  endfacet
  facet normal -9.914449e-01 -1.060567e-17 -1.305262e-01
    outer loop
      vertex   -2.174161e-31 8.000000e+00 -1.000000e+00
      vertex   1.703709e-02 5.250000e+00 -1.129410e+00
      vertex   1.703709e-02 2.500000e+00 -1.129410e+00
    endloop
  endfacet
  facet normal -9.914449e-01 -6.653180e-20 -1.305262e-01
    outer loop
      vertex   -2.174161e-31 8.000000e+00 -1.000000e+00
      vertex   1.703709e-02 2.500000e+00 -1.129410e+00
      vertex   1.703709e-02 -2.500000e-01 -1.129410e+00
    endloop
  endfacet
  facet normal -9.238795e-01 0.000000e+00 -3.826834e-01
    outer loop
      vertex   1.703709e-02 -2.500000e-01 -1.129410e+00
      vertex   1.703709e-02 2.500000e+00 -1.129410e+00
      vertex   6.698730e-02 -2.500000e-01 -1.250000e+00
    endloop
  endfacet
  facet normal -9.238795e-01 4.588173e-17 -3.826834e-01
    outer loop
      vertex   1.703709e-02 -2.500000e-01 -1.129410e+00
      vertex   6.698730e-02 -2.500000e-01 -1.250000e+00
      vertex   6.698730e-02 -3.000000e+00 -1.250000e+00
    endloop
  endfacet
  facet normal -7.933533e-01 4.003632e-17 -6.087614e-01
    outer loop
      vertex   6.698730e-02 -3.000000e+00 -1.250000e+00
      vertex   6.698730e-02 -2.500000e-01 -1.250000e+00
      vertex   1.464466e-01 -3.000000e+00 -1.353553e+00
    endloop
  endfacet
  facet normal -7.933533e-01 -2.612390e-16 -6.087614e-01
    outer loop
      vertex   6.698730e-02 -3.000000e+00 -1.250000e+00
      vertex   1.464466e-01 -3.000000e+00 -1.353553e+00
      vertex   1.464466e-01 -5.750000e+00 -1.353553e+00
    endloop
  endfacet
  facet normal -6.087614e-01 -3.053860e-16 -7.933533e-01
    outer loop
      vertex   1.464466e-01 -5.750000e+00 -1.353553e+00
      vertex   1.464466e-01 -3.000000e+00 -1.353553e+00
      vertex   2.500000e-01 -5.750000e+00 -1.433013e+00
    endloop
  endfacet
  facet normal -6.087614e-01 -3.571557e-16 -7.933533e-01
    outer loop
      vertex   2.500000e-01 -5.750000e+00 -1.433013e+00
      vertex   1.464466e-01 -3.000000e+00 -1.353553e+00
      vertex   2.500000e-01 -3.000000e+00 -1.433013e+00
    endloop
  endfacet
  facet normal -3.826834e-01 -3.961607e-16 -9.238795e-01
    outer loop
      vertex   2.500000e-01 -5.750000e+00 -1.433013e+00
      vertex   2.500000e-01 -3.000000e+00 -1.433013e+00
      vertex   3.705905e-01 -5.750000e+00 -1.482963e+00
    endloop
  endfacet
  facet normal -3.826834e-01 -5.067312e-16 -9.238795e-01
    outer loop
      vertex   3.705905e-01 -5.750000e+00 -1.482963e+00
      vertex   2.500000e-01 -3.000000e+00 -1.433013e+00
      vertex   3.705905e-01 -3.000000e+00 -1.482963e+00
    endloop
  endfacet
  facet normal -1.305262e-01 -5.550995e-16 -9.914449e-01
    outer loop
      vertex   3.705905e-01 -5.750000e+00 -1.482963e+00
      vertex   3.705905e-01 -3.000000e+00 -1.482963e+00
      vertex   5.000000e-01 -5.750000e+00 -1.500000e+00
    endloop
  endfacet
  facet normal -1.305262e-01 -5.408273e-17 -9.914449e-01
    outer loop
      vertex   5.000000e-01 -5.750000e+00 -1.500000e+00
      vertex   3.705905e-01 -3.000000e+00 -1.482963e+00
      vertex   3.705905e-01 -2.500000e-01 -1.482963e+00
    endloop
  endfacet
  facet normal -1.305262e-01 2.642926e-17 -9.914449e-01
    outer loop
      vertex   5.000000e-01 -5.750000e+00 -1.500000e+00
      vertex   3.705905e-01 -2.500000e-01 -1.482963e+00
      vertex   5.000000e-01 5.216118e+00 -1.500000e+00
    endloop
  endfacet
  facet normal -1.305262e-01 -5.428176e-17 -9.914449e-01
    outer loop
      vertex   5.000000e-01 5.216118e+00 -1.500000e+00
      vertex   3.705905e-01 -2.500000e-01 -1.482963e+00
      vertex   3.705905e-01 2.500000e+00 -1.482963e+00
    endloop
  endfacet
  facet normal -1.305262e-01 1.884219e-17 -9.914449e-01
    outer loop
      vertex   5.000000e-01 5.216118e+00 -1.500000e+00
      vertex   3.705905e-01 2.500000e+00 -1.482963e+00
      vertex   3.705905e-01 5.250000e+00 -1.482963e+00
    endloop
  endfacet
  facet normal -3.826834e-01 5.407359e-17 -9.238795e-01
    outer loop
      vertex   3.705905e-01 5.250000e+00 -1.482963e+00
      vertex   3.705905e-01 2.500000e+00 -1.482963e+00
      vertex   2.500000e-01 5.250000e+00 -1.433013e+00
    endloop
  endfacet
  facet normal -3.826768e-01 -5.878497e-03 -9.238636e-01
    outer loop
      vertex   3.705905e-01 5.250000e+00 -1.482963e+00
      vertex   2.500000e-01 5.250000e+00 -1.433013e+00
      vertex   2.846247e-01 5.886614e+00 -1.451405e+00
    endloop
  endfacet
  facet normal -5.809470e-01 8.082150e-03 -8.139013e-01
    outer loop
      vertex   2.846247e-01 5.886614e+00 -1.451405e+00
      vertex   2.500000e-01 5.250000e+00 -1.433013e+00
      vertex   1.243232e-01 6.595110e+00 -1.329950e+00
    endloop
  endfacet
  facet normal -6.087568e-01 3.908958e-03 -7.933473e-01
    outer loop
      vertex   1.243232e-01 6.595110e+00 -1.329950e+00
      vertex   2.500000e-01 5.250000e+00 -1.433013e+00
      vertex   1.464466e-01 5.250000e+00 -1.353553e+00
    endloop
  endfacet
  facet normal -7.933511e-01 -2.366188e-03 -6.087597e-01
    outer loop
      vertex   1.243232e-01 6.595110e+00 -1.329950e+00
      vertex   1.464466e-01 5.250000e+00 -1.353553e+00
      vertex   6.698730e-02 5.250000e+00 -1.250000e+00
    endloop
  endfacet
  facet normal -7.933533e-01 -2.056225e-17 -6.087614e-01
    outer loop
      vertex   6.698730e-02 5.250000e+00 -1.250000e+00
      vertex   1.464466e-01 5.250000e+00 -1.353553e+00
      vertex   1.464466e-01 2.500000e+00 -1.353553e+00
    endloop
  endfacet
  facet normal -7.933533e-01 -2.913536e-17 -6.087614e-01
    outer loop
      vertex   6.698730e-02 5.250000e+00 -1.250000e+00
      vertex   1.464466e-01 2.500000e+00 -1.353553e+00
      vertex   6.698730e-02 2.500000e+00 -1.250000e+00
    endloop
  endfacet
  facet normal -7.933533e-01 7.898014e-17 -6.087614e-01
    outer loop
      vertex   6.698730e-02 2.500000e+00 -1.250000e+00
      vertex   1.464466e-01 2.500000e+00 -1.353553e+00
      vertex   1.464466e-01 -2.500000e-01 -1.353553e+00
    endloop
  endfacet
  facet normal -7.933533e-01 -9.117199e-18 -6.087614e-01
    outer loop
      vertex   6.698730e-02 2.500000e+00 -1.250000e+00
      vertex   1.464466e-01 -2.500000e-01 -1.353553e+00
      vertex   6.698730e-02 -2.500000e-01 -1.250000e+00
    endloop
  endfacet
  facet normal -7.933533e-01 -3.314221e-17 -6.087614e-01
    outer loop
      vertex   6.698730e-02 -2.500000e-01 -1.250000e+00
      vertex   1.464466e-01 -2.500000e-01 -1.353553e+00
      vertex   1.464466e-01 -3.000000e+00 -1.353553e+00
    endloop
  endfacet
  facet normal -9.238783e-01 -1.662227e-03 -3.826829e-01
    outer loop
      vertex   1.703709e-02 5.250000e+00 -1.129410e+00
      vertex   3.015936e-02 7.310970e+00 -1.170042e+00
      vertex   6.698730e-02 5.250000e+00 -1.250000e+00
    endloop
  endfacet
  facet normal -8.514807e-01 5.128069e-03 -5.243608e-01
    outer loop
      vertex   6.698730e-02 5.250000e+00 -1.250000e+00
      vertex   3.015936e-02 7.310970e+00 -1.170042e+00
      vertex   1.243232e-01 6.595110e+00 -1.329950e+00
    endloop
  endfacet
  facet normal -3.197377e-01 3.792151e-03 -9.474985e-01
    outer loop
      vertex   2.846247e-01 5.886614e+00 -1.451405e+00
      vertex   3.863198e-01 5.544763e+00 -1.487091e+00
      vertex   3.705905e-01 5.250000e+00 -1.482963e+00
    endloop
  endfacet
  facet normal -1.322789e-01 -6.823009e-03 -9.911891e-01
    outer loop
      vertex   3.705905e-01 5.250000e+00 -1.482963e+00
      vertex   3.863198e-01 5.544763e+00 -1.487091e+00
      vertex   5.000000e-01 5.216118e+00 -1.500000e+00
    endloop
  endfacet
  facet normal -7.933533e-01 -1.194366e-16 -6.087614e-01
    outer loop
      vertex   1.464466e-01 -5.750000e+00 -1.353553e+00
      vertex   6.698730e-02 -5.750000e+00 -1.250000e+00
      vertex   6.698730e-02 -3.000000e+00 -1.250000e+00
    endloop
  endfacet
  facet normal -9.238795e-01 -8.511004e-17 -3.826834e-01
    outer loop
      vertex   6.698730e-02 -3.000000e+00 -1.250000e+00
      vertex   6.698730e-02 -5.750000e+00 -1.250000e+00
      vertex   1.703709e-02 -3.000000e+00 -1.129410e+00
    endloop
  endfacet
  facet normal -9.238795e-01 -3.092918e-17 -3.826834e-01
    outer loop
      vertex   6.698730e-02 -3.000000e+00 -1.250000e+00
      vertex   1.703709e-02 -3.000000e+00 -1.129410e+00
      vertex   1.703709e-02 -2.500000e-01 -1.129410e+00
    endloop
  endfacet
  facet normal -9.914449e-01 -1.053914e-17 -1.305262e-01
    outer loop
      vertex   1.703709e-02 -2.500000e-01 -1.129410e+00
      vertex   1.703709e-02 -3.000000e+00 -1.129410e+00
      vertex   -1.710569e-48 -5.750000e+00 -1.000000e+00
    endloop
  endfacet
  facet normal -9.914449e-01 -3.175049e-18 -1.305262e-01
    outer loop
      vertex   1.703709e-02 -2.500000e-01 -1.129410e+00
      vertex   -1.710569e-48 -5.750000e+00 -1.000000e+00
      vertex   -2.174161e-31 8.000000e+00 -1.000000e+00
    endloop
  endfacet
  facet normal -9.238795e-01 4.622007e-17 -3.826834e-01
    outer loop
      vertex   6.698730e-02 -5.750000e+00 -1.250000e+00
      vertex   1.703709e-02 -5.750000e+00 -1.129410e+00
      vertex   1.703709e-02 -3.000000e+00 -1.129410e+00
    endloop
  endfacet
  facet normal -9.914449e-01 5.003295e-17 -1.305262e-01
    outer loop
      vertex   1.703709e-02 -3.000000e+00 -1.129410e+00
      vertex   1.703709e-02 -5.750000e+00 -1.129410e+00
      vertex   -1.710569e-48 -5.750000e+00 -1.000000e+00
    endloop
  endfacet
  facet normal -9.238795e-01 -7.587553e-18 -3.826834e-01
    outer loop
      vertex   6.698730e-02 5.250000e+00 -1.250000e+00
      vertex   6.698730e-02 2.500000e+00 -1.250000e+00
      vertex   1.703709e-02 5.250000e+00 -1.129410e+00
    endloop
  endfacet
  facet normal -9.238795e-01 -3.089920e-17 -3.826834e-01
    outer loop
      vertex   1.703709e-02 5.250000e+00 -1.129410e+00
      vertex   6.698730e-02 2.500000e+00 -1.250000e+00
      vertex   1.703709e-02 2.500000e+00 -1.129410e+00
    endloop
  endfacet
  facet normal -9.238795e-01 1.572409e-17 -3.826834e-01
    outer loop
      vertex   6.698730e-02 2.500000e+00 -1.250000e+00
      vertex   6.698730e-02 -2.500000e-01 -1.250000e+00
      vertex   1.703709e-02 2.500000e+00 -1.129410e+00
    endloop
  endfacet
  facet normal -6.087614e-01 -6.667433e-17 -7.933533e-01
    outer loop
      vertex   1.464466e-01 2.500000e+00 -1.353553e+00
      vertex   1.464466e-01 5.250000e+00 -1.353553e+00
      vertex   2.500000e-01 2.500000e+00 -1.433013e+00
    endloop
  endfacet
  facet normal -6.087614e-01 -1.752081e-17 -7.933533e-01
    outer loop
      vertex   2.500000e-01 2.500000e+00 -1.433013e+00
      vertex   1.464466e-01 5.250000e+00 -1.353553e+00
      vertex   2.500000e-01 5.250000e+00 -1.433013e+00
    endloop
  endfacet
  facet normal -3.826834e-01 -7.967133e-17 -9.238795e-01
    outer loop
      vertex   2.500000e-01 2.500000e+00 -1.433013e+00
      vertex   2.500000e-01 5.250000e+00 -1.433013e+00
      vertex   3.705905e-01 2.500000e+00 -1.482963e+00
    endloop
  endfacet
  facet normal -6.087614e-01 -7.661411e-17 -7.933533e-01
    outer loop
      vertex   2.500000e-01 -3.000000e+00 -1.433013e+00
      vertex   1.464466e-01 -3.000000e+00 -1.353553e+00
      vertex   1.464466e-01 -2.500000e-01 -1.353553e+00
    endloop
  endfacet
  facet normal -6.087614e-01 6.144190e-17 -7.933533e-01
    outer loop
      vertex   1.464466e-01 -2.500000e-01 -1.353553e+00
      vertex   1.464466e-01 2.500000e+00 -1.353553e+00
      vertex   2.500000e-01 -2.500000e-01 -1.433013e+00
    endloop
  endfacet
  facet normal -6.087614e-01 2.810474e-17 -7.933533e-01
    outer loop
      vertex   2.500000e-01 -2.500000e-01 -1.433013e+00
      vertex   1.464466e-01 2.500000e+00 -1.353553e+00
      vertex   2.500000e-01 2.500000e+00 -1.433013e+00
    endloop
  endfacet
  facet normal -3.826834e-01 -1.666127e-17 -9.238795e-01
    outer loop
      vertex   2.500000e-01 -2.500000e-01 -1.433013e+00
      vertex   2.500000e-01 2.500000e+00 -1.433013e+00
      vertex   3.705905e-01 -2.500000e-01 -1.482963e+00
    endloop
  endfacet
  facet normal -3.826834e-01 2.650732e-18 -9.238795e-01
    outer loop
      vertex   3.705905e-01 -2.500000e-01 -1.482963e+00
      vertex   2.500000e-01 2.500000e+00 -1.433013e+00
      vertex   3.705905e-01 2.500000e+00 -1.482963e+00
    endloop
  endfacet
  facet normal -3.826834e-01 2.650732e-18 -9.238795e-01
    outer loop
      vertex   3.705905e-01 -2.500000e-01 -1.482963e+00
      vertex   3.705905e-01 -3.000000e+00 -1.482963e+00
      vertex   2.500000e-01 -2.500000e-01 -1.433013e+00
    endloop
  endfacet
  facet normal -3.826834e-01 -2.438607e-17 -9.238795e-01
    outer loop
      vertex   2.500000e-01 -2.500000e-01 -1.433013e+00
      vertex   3.705905e-01 -3.000000e+00 -1.482963e+00
      vertex   2.500000e-01 -3.000000e+00 -1.433013e+00
    endloop
  endfacet
  facet normal -6.087614e-01 1.581636e-17 -7.933533e-01
    outer loop
      vertex   2.500000e-01 -2.500000e-01 -1.433013e+00
      vertex   2.500000e-01 -3.000000e+00 -1.433013e+00
      vertex   1.464466e-01 -2.500000e-01 -1.353553e+00
    endloop
  endfacet
  facet normal -1.000000e+00 -0.000000e+00 -4.548863e-32
    outer loop
      vertex   0.000000e+00 3.200000e+01 -4.500000e+00
      vertex   0.000000e+00 8.000000e+00 -4.500000e+00
      vertex   -1.592102e-31 3.200000e+01 -1.000000e+00
    endloop
  endfacet
  facet normal -1.000000e+00 2.425245e-33 -6.211888e-32
    outer loop
      vertex   -1.592102e-31 3.200000e+01 -1.000000e+00
      vertex   0.000000e+00 8.000000e+00 -4.500000e+00
      vertex   -2.174161e-31 8.000000e+00 -1.000000e+00
    endloop
  endfacet
  facet normal -1.000000e+00 2.425245e-33 1.507397e-31
    outer loop
      vertex   -1.592102e-31 3.200000e+01 -1.000000e+00
      vertex   -2.174161e-31 8.000000e+00 -1.000000e+00
      vertex   1.780415e-31 4.675000e+01 1.000000e+00
    endloop
  endfacet
  facet normal -1.000000e+00 3.583870e-33 1.282913e-31
    outer loop
      vertex   1.780415e-31 4.675000e+01 1.000000e+00
      vertex   -2.174161e-31 8.000000e+00 -1.000000e+00
      vertex   -1.369550e-32 -6.750000e+00 1.000000e+00
    endloop
  endfacet
  facet normal -1.000000e+00 -1.182782e-32 1.463011e-32
    outer loop
      vertex   -1.369550e-32 -6.750000e+00 1.000000e+00
      vertex   -2.174161e-31 8.000000e+00 -1.000000e+00
      vertex   -1.578482e-32 -6.902555e+00 7.338563e-01
    endloop
  endfacet
  facet normal -1.000000e+00 -1.266642e-32 7.422371e-33
    outer loop
      vertex   -1.578482e-32 -6.902555e+00 7.338563e-01
      vertex   -2.174161e-31 8.000000e+00 -1.000000e+00
      vertex   -1.692346e-32 -6.985695e+00 4.385711e-01
    endloop
  endfacet
  facet normal -1.000000e+00 -1.330526e-32 7.675273e-34
    outer loop
      vertex   -1.692346e-32 -6.985695e+00 4.385711e-01
      vertex   -2.174161e-31 8.000000e+00 -1.000000e+00
      vertex   -1.704284e-32 -6.994411e+00 1.319287e-01
    endloop
  endfacet
  facet normal -1.000000e+00 -1.382253e-32 -6.084678e-33
    outer loop
      vertex   -1.704284e-32 -6.994411e+00 1.319287e-01
      vertex   -2.174161e-31 8.000000e+00 -1.000000e+00
      vertex   -1.613577e-32 -6.928180e+00 -1.676025e-01
    endloop
  endfacet
  facet normal -1.000000e+00 -1.426272e-32 -1.397911e-32
    outer loop
      vertex   -1.613577e-32 -6.928180e+00 -1.676025e-01
      vertex   -2.174161e-31 8.000000e+00 -1.000000e+00
      vertex   -1.425688e-32 -6.790990e+00 -4.419825e-01
    endloop
  endfacet
  facet normal -1.000000e+00 -1.465404e-32 -2.435151e-32
    outer loop
      vertex   -1.425688e-32 -6.790990e+00 -4.419825e-01
      vertex   -2.174161e-31 8.000000e+00 -1.000000e+00
      vertex   -1.151934e-32 -6.591104e+00 -6.746862e-01
    endloop
  endfacet
  facet normal -1.000000e+00 -1.501720e-32 -4.064012e-32
    outer loop
      vertex   -1.151934e-32 -6.591104e+00 -6.746862e-01
      vertex   -2.174161e-31 8.000000e+00 -1.000000e+00
      vertex   -8.088013e-33 -6.340560e+00 -8.516983e-01
    endloop
  endfacet
  facet normal -1.000000e+00 -1.581208e-32 -1.175036e-31
    outer loop
      vertex   -8.088013e-33 -6.340560e+00 -8.516983e-01
      vertex   -2.174161e-31 8.000000e+00 -1.000000e+00
      vertex   -1.710569e-48 -5.750000e+00 -1.000000e+00
    endloop
  endfacet
  facet normal -1.000000e+00 1.369550e-32 5.693727e-47
    outer loop
      vertex   -8.088013e-33 -6.340560e+00 -8.516983e-01
      vertex   -1.710569e-48 -5.750000e+00 -1.000000e+00
      vertex   -4.169568e-33 -6.054448e+00 -9.623578e-01
    endloop
  endfacet
  facet normal -1.000000e+00 -5.548829e-32 5.778520e-31
    outer loop
      vertex   1.780415e-31 4.675000e+01 1.000000e+00
      vertex   1.578482e-32 4.690256e+01 7.338563e-01
      vertex   -1.592102e-31 3.200000e+01 -1.000000e+00
    endloop
  endfacet
  facet normal -1.000000e+00 1.180456e-32 -5.324064e-34
    outer loop
      vertex   -1.592102e-31 3.200000e+01 -1.000000e+00
      vertex   1.578482e-32 4.690256e+01 7.338563e-01
      vertex   1.692346e-32 4.698569e+01 4.385711e-01
    endloop
  endfacet
  facet normal -1.000000e+00 1.175874e-32 -5.505470e-35
    outer loop
      vertex   -1.592102e-31 3.200000e+01 -1.000000e+00
      vertex   1.692346e-32 4.698569e+01 4.385711e-01
      vertex   1.704284e-32 4.699441e+01 1.319287e-01
    endloop
  endfacet
  facet normal -1.000000e+00 1.172163e-32 4.364537e-34
    outer loop
      vertex   1.704284e-32 4.699441e+01 1.319287e-01
      vertex   1.613577e-32 4.692818e+01 -1.676025e-01
      vertex   -1.592102e-31 3.200000e+01 -1.000000e+00
    endloop
  endfacet
  facet normal -1.000000e+00 1.169006e-32 1.002721e-33
    outer loop
      vertex   -1.592102e-31 3.200000e+01 -1.000000e+00
      vertex   1.613577e-32 4.692818e+01 -1.676025e-01
      vertex   1.425688e-32 4.679099e+01 -4.419825e-01
    endloop
  endfacet
  facet normal -1.000000e+00 1.166199e-32 1.746733e-33
    outer loop
      vertex   -1.592102e-31 3.200000e+01 -1.000000e+00
      vertex   1.425688e-32 4.679099e+01 -4.419825e-01
      vertex   1.151934e-32 4.659110e+01 -6.746862e-01
    endloop
  endfacet
  facet normal -1.000000e+00 1.163594e-32 2.915114e-33
    outer loop
      vertex   1.151934e-32 4.659110e+01 -6.746862e-01
      vertex   8.088013e-33 4.634056e+01 -8.516983e-01
      vertex   -1.592102e-31 3.200000e+01 -1.000000e+00
    endloop
  endfacet
  facet normal -1.000000e+00 1.157892e-32 8.428531e-33
    outer loop
      vertex   -1.592102e-31 3.200000e+01 -1.000000e+00
      vertex   8.088013e-33 4.634056e+01 -8.516983e-01
      vertex   -1.710569e-48 4.575000e+01 -1.000000e+00
    endloop
  endfacet
  facet normal -1.000000e+00 1.369550e-32 2.764787e-45
    outer loop
      vertex   -1.710569e-48 4.575000e+01 -1.000000e+00
      vertex   8.088013e-33 4.634056e+01 -8.516983e-01
      vertex   4.169568e-33 4.605445e+01 -9.623578e-01
    endloop
  endfacet
  facet normal 6.566954e-02 9.978414e-01 1.969469e-15
    outer loop
      vertex   4.150000e+01 1.500000e+00 -3.000000e-01
      vertex   4.156553e+01 1.495688e+00 -3.000000e-01
      vertex   4.150000e+01 1.500000e+00 -7.500000e-01
    endloop
  endfacet
  facet normal 1.300148e-01 9.914672e-01 -9.430876e-03
    outer loop
      vertex   4.150000e+01 1.500000e+00 -7.500000e-01
      vertex   4.156553e+01 1.495688e+00 -3.000000e-01
      vertex   4.162941e+01 1.482963e+00 -7.570570e-01
    endloop
  endfacet
  facet normal 1.958758e-01 9.806287e-01 7.609635e-05
    outer loop
      vertex   4.162941e+01 1.482963e+00 -7.570570e-01
      vertex   4.156553e+01 1.495688e+00 -3.000000e-01
      vertex   4.162993e+01 1.482824e+00 -3.000000e-01
    endloop
  endfacet
  facet normal 3.227032e-01 9.465002e-01 -7.734126e-05
    outer loop
      vertex   4.162941e+01 1.482963e+00 -7.570570e-01
      vertex   4.162993e+01 1.482824e+00 -3.000000e-01
      vertex   4.169208e+01 1.461633e+00 -3.000000e-01
    endloop
  endfacet
  facet normal 3.813274e-01 9.243948e-01 -9.147549e-03
    outer loop
      vertex   4.162941e+01 1.482963e+00 -7.570570e-01
      vertex   4.169208e+01 1.461633e+00 -3.000000e-01
      vertex   4.175000e+01 1.433013e+00 -7.777470e-01
    endloop
  endfacet
  facet normal 4.905804e-01 8.713656e-01 7.274263e-03
    outer loop
      vertex   4.175000e+01 1.433013e+00 -7.777470e-01
      vertex   4.169208e+01 1.461633e+00 -3.000000e-01
      vertex   4.180015e+01 1.399888e+00 -1.919328e-01
    endloop
  endfacet
  facet normal 6.073307e-01 7.944177e-01 -7.071076e-03
    outer loop
      vertex   4.175000e+01 1.433013e+00 -7.777470e-01
      vertex   4.180015e+01 1.399888e+00 -1.919328e-01
      vertex   4.185355e+01 1.353553e+00 -8.106602e-01
    endloop
  endfacet
  facet normal 6.922078e-01 7.216757e-01 5.702479e-03
    outer loop
      vertex   4.185355e+01 1.353553e+00 -8.106602e-01
      vertex   4.180015e+01 1.399888e+00 -1.919328e-01
      vertex   4.188962e+01 1.313366e+00 -1.024639e-01
    endloop
  endfacet
  facet normal 7.921961e-01 6.102398e-01 -5.712906e-03
    outer loop
      vertex   4.185355e+01 1.353553e+00 -8.106602e-01
      vertex   4.188962e+01 1.313366e+00 -1.024639e-01
      vertex   4.193301e+01 1.250000e+00 -8.535534e-01
    endloop
  endfacet
  facet normal 8.172616e-01 5.762652e-01 -1.398441e-03
    outer loop
      vertex   4.193301e+01 1.250000e+00 -8.535534e-01
      vertex   4.188962e+01 1.313366e+00 -1.024639e-01
      vertex   4.192559e+01 1.262437e+00 -6.649118e-02
    endloop
  endfacet
  facet normal 8.820574e-01 4.711412e-01 8.737032e-04
    outer loop
      vertex   4.193301e+01 1.250000e+00 -8.535534e-01
      vertex   4.192559e+01 1.262437e+00 -6.649118e-02
      vertex   4.195494e+01 1.207426e+00 -3.713697e-02
    endloop
  endfacet
  facet normal 9.231710e-01 3.843600e-01 -4.756168e-03
    outer loop
      vertex   4.193301e+01 1.250000e+00 -8.535534e-01
      vertex   4.195494e+01 1.207426e+00 -3.713697e-02
      vertex   4.198296e+01 1.129410e+00 -9.035036e-01
    endloop
  endfacet
  facet normal 9.342269e-01 3.566742e-01 -1.905510e-03
    outer loop
      vertex   4.198296e+01 1.129410e+00 -9.035036e-01
      vertex   4.195494e+01 1.207426e+00 -3.713697e-02
      vertex   4.197722e+01 1.149190e+00 -1.485776e-02
    endloop
  endfacet
  facet normal 9.711397e-01 2.385093e-01 9.630889e-04
    outer loop
      vertex   4.198296e+01 1.129410e+00 -9.035036e-01
      vertex   4.197722e+01 1.149190e+00 -1.485776e-02
      vertex   4.199208e+01 1.088633e+00 -9.020562e-16
    endloop
  endfacet
  facet normal 9.960329e-01 8.898628e-02 7.557872e-17
    outer loop
      vertex   4.200000e+01 1.000000e+00 8.863326e-02
      vertex   4.200000e+01 1.000000e+00 -9.571068e-01
      vertex   4.199208e+01 1.088633e+00 -9.020562e-16
    endloop
  endfacet
  facet normal 9.912189e-01 1.321694e-01 -4.038816e-03
    outer loop
      vertex   4.199208e+01 1.088633e+00 -9.020562e-16
      vertex   4.200000e+01 1.000000e+00 -9.571068e-01
      vertex   4.198296e+01 1.129410e+00 -9.035036e-01
    endloop
  endfacet
  facet normal 9.914449e-01 9.229596e-02 9.229596e-02
    outer loop
      vertex   4.200000e+01 1.000000e+00 -9.571068e-01
      vertex   4.200000e+01 2.199840e+00 -2.156947e+00
      vertex   4.198296e+01 1.129410e+00 -9.035036e-01
    endloop
  endfacet
  facet normal 9.914449e-01 9.229596e-02 9.229596e-02
    outer loop
      vertex   4.198296e+01 1.129410e+00 -9.035036e-01
      vertex   4.200000e+01 2.199840e+00 -2.156947e+00
      vertex   4.198296e+01 2.329250e+00 -2.103344e+00
    endloop
  endfacet
  facet normal 9.238795e-01 2.705981e-01 2.705981e-01
    outer loop
      vertex   4.198296e+01 1.129410e+00 -9.035036e-01
      vertex   4.198296e+01 2.329250e+00 -2.103344e+00
      vertex   4.193301e+01 1.250000e+00 -8.535534e-01
    endloop
  endfacet
  facet normal 9.238795e-01 2.705981e-01 2.705981e-01
    outer loop
      vertex   4.193301e+01 1.250000e+00 -8.535534e-01
      vertex   4.198296e+01 2.329250e+00 -2.103344e+00
      vertex   4.193301e+01 2.449840e+00 -2.053394e+00
    endloop
  endfacet
  facet normal 7.933533e-01 4.304593e-01 4.304593e-01
    outer loop
      vertex   4.193301e+01 1.250000e+00 -8.535534e-01
      vertex   4.193301e+01 2.449840e+00 -2.053394e+00
      vertex   4.185355e+01 1.353553e+00 -8.106602e-01
    endloop
  endfacet
  facet normal 7.933533e-01 4.304593e-01 4.304593e-01
    outer loop
      vertex   4.185355e+01 1.353553e+00 -8.106602e-01
      vertex   4.193301e+01 2.449840e+00 -2.053394e+00
      vertex   4.185355e+01 2.553394e+00 -2.010500e+00
    endloop
  endfacet
  facet normal 6.087614e-01 5.609855e-01 5.609855e-01
    outer loop
      vertex   4.185355e+01 1.353553e+00 -8.106602e-01
      vertex   4.185355e+01 2.553394e+00 -2.010500e+00
      vertex   4.175000e+01 1.433013e+00 -7.777470e-01
    endloop
  endfacet
  facet normal 6.087614e-01 5.609855e-01 5.609855e-01
    outer loop
      vertex   4.175000e+01 1.433013e+00 -7.777470e-01
      vertex   4.185355e+01 2.553394e+00 -2.010500e+00
      vertex   4.175000e+01 2.632853e+00 -1.977587e+00
    endloop
  endfacet
  facet normal 3.826834e-01 6.532815e-01 6.532815e-01
    outer loop
      vertex   4.175000e+01 1.433013e+00 -7.777470e-01
      vertex   4.175000e+01 2.632853e+00 -1.977587e+00
      vertex   4.162941e+01 1.482963e+00 -7.570570e-01
    endloop
  endfacet
  facet normal 3.826834e-01 6.532815e-01 6.532815e-01
    outer loop
      vertex   4.162941e+01 1.482963e+00 -7.570570e-01
      vertex   4.175000e+01 2.632853e+00 -1.977587e+00
      vertex   4.162941e+01 2.682803e+00 -1.956897e+00
    endloop
  endfacet
  facet normal 1.305262e-01 7.010574e-01 7.010574e-01
    outer loop
      vertex   4.162941e+01 1.482963e+00 -7.570570e-01
      vertex   4.162941e+01 2.682803e+00 -1.956897e+00
      vertex   4.150000e+01 1.500000e+00 -7.500000e-01
    endloop
  endfacet
  facet normal 1.305262e-01 7.010574e-01 7.010574e-01
    outer loop
      vertex   4.150000e+01 1.500000e+00 -7.500000e-01
      vertex   4.162941e+01 2.682803e+00 -1.956897e+00
      vertex   4.150000e+01 2.699840e+00 -1.949840e+00
    endloop
  endfacet
  facet normal 9.914449e-01 9.229596e-02 -9.229596e-02
    outer loop
      vertex   4.200000e+01 2.199840e+00 -3.593053e+00
      vertex   4.200000e+01 1.292893e+00 -4.500000e+00
      vertex   4.198296e+01 2.329250e+00 -3.646656e+00
    endloop
  endfacet
  facet normal 9.914449e-01 9.229596e-02 -9.229596e-02
    outer loop
      vertex   4.198296e+01 2.329250e+00 -3.646656e+00
      vertex   4.200000e+01 1.292893e+00 -4.500000e+00
      vertex   4.198296e+01 1.346496e+00 -4.629410e+00
    endloop
  endfacet
  facet normal 9.238795e-01 2.705981e-01 -2.705981e-01
    outer loop
      vertex   4.198296e+01 2.329250e+00 -3.646656e+00
      vertex   4.198296e+01 1.346496e+00 -4.629410e+00
      vertex   4.193301e+01 2.449840e+00 -3.696606e+00
    endloop
  endfacet
  facet normal 9.238795e-01 2.705981e-01 -2.705981e-01
    outer loop
      vertex   4.193301e+01 2.449840e+00 -3.696606e+00
      vertex   4.198296e+01 1.346496e+00 -4.629410e+00
      vertex   4.193301e+01 1.396447e+00 -4.750000e+00
    endloop
  endfacet
  facet normal 7.933533e-01 4.304593e-01 -4.304593e-01
    outer loop
      vertex   4.193301e+01 2.449840e+00 -3.696606e+00
      vertex   4.193301e+01 1.396447e+00 -4.750000e+00
      vertex   4.185355e+01 2.553394e+00 -3.739500e+00
    endloop
  endfacet
  facet normal 7.933533e-01 4.304593e-01 -4.304593e-01
    outer loop
      vertex   4.185355e+01 2.553394e+00 -3.739500e+00
      vertex   4.193301e+01 1.396447e+00 -4.750000e+00
      vertex   4.185355e+01 1.439340e+00 -4.853553e+00
    endloop
  endfacet
  facet normal 6.087614e-01 5.609855e-01 -5.609855e-01
    outer loop
      vertex   4.185355e+01 2.553394e+00 -3.739500e+00
      vertex   4.185355e+01 1.439340e+00 -4.853553e+00
      vertex   4.175000e+01 2.632853e+00 -3.772413e+00
    endloop
  endfacet
  facet normal 6.087614e-01 5.609855e-01 -5.609855e-01
    outer loop
      vertex   4.175000e+01 2.632853e+00 -3.772413e+00
      vertex   4.185355e+01 1.439340e+00 -4.853553e+00
      vertex   4.175000e+01 1.472253e+00 -4.933013e+00
    endloop
  endfacet
  facet normal 3.826834e-01 6.532815e-01 -6.532815e-01
    outer loop
      vertex   4.175000e+01 2.632853e+00 -3.772413e+00
      vertex   4.175000e+01 1.472253e+00 -4.933013e+00
      vertex   4.162941e+01 2.682803e+00 -3.793103e+00
    endloop
  endfacet
  facet normal 3.826834e-01 6.532815e-01 -6.532815e-01
    outer loop
      vertex   4.162941e+01 2.682803e+00 -3.793103e+00
      vertex   4.175000e+01 1.472253e+00 -4.933013e+00
      vertex   4.162941e+01 1.492943e+00 -4.982963e+00
    endloop
  endfacet
  facet normal 1.305262e-01 7.010574e-01 -7.010574e-01
    outer loop
      vertex   4.162941e+01 2.682803e+00 -3.793103e+00
      vertex   4.162941e+01 1.492943e+00 -4.982963e+00
      vertex   4.150000e+01 2.699840e+00 -3.800160e+00
    endloop
  endfacet
  facet normal 1.305262e-01 7.010574e-01 -7.010574e-01
    outer loop
      vertex   4.150000e+01 2.699840e+00 -3.800160e+00
      vertex   4.162941e+01 1.492943e+00 -4.982963e+00
      vertex   4.150000e+01 1.500000e+00 -5.000000e+00
    endloop
  endfacet
  facet normal 1.305262e-01 -9.914449e-01 -1.356250e-15
    outer loop
      vertex   4.162941e+01 1.703709e-02 -4.500000e+00
      vertex   4.162941e+01 1.703709e-02 -2.750000e+00
      vertex   4.150000e+01 0.000000e+00 -4.500000e+00
    endloop
  endfacet
  facet normal 1.531987e-01 -9.881939e-01 -1.708241e-03
    outer loop
      vertex   4.150000e+01 0.000000e+00 -4.500000e+00
      vertex   4.162941e+01 1.703709e-02 -2.750000e+00
      vertex   4.154901e+01 2.407637e-03 -1.497592e+00
    endloop
  endfacet
  facet normal 4.906767e-02 -9.987955e-01 0.000000e+00
    outer loop
      vertex   4.150000e+01 0.000000e+00 -4.500000e+00
      vertex   4.154901e+01 2.407637e-03 -1.497592e+00
      vertex   4.150000e+01 0.000000e+00 -1.500000e+00
    endloop
  endfacet
  facet normal 3.826834e-01 -9.238795e-01 -1.263824e-15
    outer loop
      vertex   4.162941e+01 1.703709e-02 -2.750000e+00
      vertex   4.162941e+01 1.703709e-02 -4.500000e+00
      vertex   4.175000e+01 6.698730e-02 -2.750000e+00
    endloop
  endfacet
  facet normal 3.826834e-01 -9.238795e-01 -5.861213e-16
    outer loop
      vertex   4.175000e+01 6.698730e-02 -2.750000e+00
      vertex   4.162941e+01 1.703709e-02 -4.500000e+00
      vertex   4.175000e+01 6.698730e-02 -4.500000e+00
    endloop
  endfacet
  facet normal 6.087614e-01 -7.933533e-01 -5.033138e-16
    outer loop
      vertex   4.175000e+01 6.698730e-02 -2.750000e+00
      vertex   4.175000e+01 6.698730e-02 -4.500000e+00
      vertex   4.185355e+01 1.464466e-01 -2.750000e+00
    endloop
  endfacet
  facet normal 6.087614e-01 -7.933533e-01 -6.920565e-16
    outer loop
      vertex   4.185355e+01 1.464466e-01 -2.750000e+00
      vertex   4.175000e+01 6.698730e-02 -4.500000e+00
      vertex   4.185355e+01 1.464466e-01 -4.500000e+00
    endloop
  endfacet
  facet normal 7.933533e-01 -6.087614e-01 -5.310336e-16
    outer loop
      vertex   4.185355e+01 1.464466e-01 -2.750000e+00
      vertex   4.185355e+01 1.464466e-01 -4.500000e+00
      vertex   4.193301e+01 2.500000e-01 -2.750000e+00
    endloop
  endfacet
  facet normal 7.933533e-01 -6.087614e-01 -3.862063e-16
    outer loop
      vertex   4.193301e+01 2.500000e-01 -2.750000e+00
      vertex   4.185355e+01 1.464466e-01 -4.500000e+00
      vertex   4.193301e+01 2.500000e-01 -4.500000e+00
    endloop
  endfacet
  facet normal 9.238795e-01 -3.826834e-01 -2.427794e-16
    outer loop
      vertex   4.193301e+01 2.500000e-01 -2.750000e+00
      vertex   4.193301e+01 2.500000e-01 -4.500000e+00
      vertex   4.198296e+01 3.705905e-01 -2.750000e+00
    endloop
  endfacet
  facet normal 9.238795e-01 -3.826834e-01 -1.092507e-16
    outer loop
      vertex   4.198296e+01 3.705905e-01 -2.750000e+00
      vertex   4.193301e+01 2.500000e-01 -4.500000e+00
      vertex   4.198296e+01 3.705905e-01 -4.500000e+00
    endloop
  endfacet
  facet normal 9.914449e-01 -1.305262e-01 -3.726339e-17
    outer loop
      vertex   4.198296e+01 3.705905e-01 -2.750000e+00
      vertex   4.198296e+01 3.705905e-01 -4.500000e+00
      vertex   4.200000e+01 5.000000e-01 -4.500000e+00
    endloop
  endfacet
  facet normal 9.914449e-01 -1.305262e-01 2.070188e-17
    outer loop
      vertex   4.200000e+01 5.000000e-01 -4.500000e+00
      vertex   4.200000e+01 5.000000e-01 -1.000000e+00
      vertex   4.198296e+01 3.705905e-01 -2.750000e+00
    endloop
  endfacet
  facet normal 9.954350e-01 -9.540585e-02 -2.635935e-03
    outer loop
      vertex   4.198296e+01 3.705905e-01 -2.750000e+00
      vertex   4.200000e+01 5.000000e-01 -1.000000e+00
      vertex   4.199039e+01 4.024548e-01 -1.097545e+00
    endloop
  endfacet
  facet normal 9.565721e-01 -2.914929e-01 1.319955e-03
    outer loop
      vertex   4.198296e+01 3.705905e-01 -2.750000e+00
      vertex   4.199039e+01 4.024548e-01 -1.097545e+00
      vertex   4.196194e+01 3.086583e-01 -1.191342e+00
    endloop
  endfacet
  facet normal 9.238761e-01 -3.826820e-01 -2.744382e-03
    outer loop
      vertex   4.198296e+01 3.705905e-01 -2.750000e+00
      vertex   4.196194e+01 3.086583e-01 -1.191342e+00
      vertex   4.193301e+01 2.500000e-01 -2.750000e+00
    endloop
  endfacet
  facet normal 8.813270e-01 -4.725047e-01 1.425659e-03
    outer loop
      vertex   4.193301e+01 2.500000e-01 -2.750000e+00
      vertex   4.196194e+01 3.086583e-01 -1.191342e+00
      vertex   4.191573e+01 2.222149e-01 -1.277785e+00
    endloop
  endfacet
  facet normal 7.933515e-01 -6.087600e-01 -2.178366e-03
    outer loop
      vertex   4.193301e+01 2.500000e-01 -2.750000e+00
      vertex   4.191573e+01 2.222149e-01 -1.277785e+00
      vertex   4.185355e+01 1.464466e-01 -2.750000e+00
    endloop
  endfacet
  facet normal 7.730105e-01 -6.343933e-01 5.043645e-17
    outer loop
      vertex   4.185355e+01 1.464466e-01 -2.750000e+00
      vertex   4.191573e+01 2.222149e-01 -1.277785e+00
      vertex   4.185355e+01 1.464466e-01 -1.353553e+00
    endloop
  endfacet
  facet normal 6.343933e-01 -7.730105e-01 6.145699e-17
    outer loop
      vertex   4.185355e+01 1.464466e-01 -2.750000e+00
      vertex   4.185355e+01 1.464466e-01 -1.353553e+00
      vertex   4.177779e+01 8.426519e-02 -1.415735e+00
    endloop
  endfacet
  facet normal 6.087597e-01 -7.933510e-01 -2.403586e-03
    outer loop
      vertex   4.185355e+01 1.464466e-01 -2.750000e+00
      vertex   4.177779e+01 8.426519e-02 -1.415735e+00
      vertex   4.175000e+01 6.698730e-02 -2.750000e+00
    endloop
  endfacet
  facet normal 4.707214e-01 -8.822804e-01 1.622540e-03
    outer loop
      vertex   4.175000e+01 6.698730e-02 -2.750000e+00
      vertex   4.177779e+01 8.426519e-02 -1.415735e+00
      vertex   4.169134e+01 3.806023e-02 -1.461940e+00
    endloop
  endfacet
  facet normal 3.826813e-01 -9.238744e-01 -3.320921e-03
    outer loop
      vertex   4.175000e+01 6.698730e-02 -2.750000e+00
      vertex   4.169134e+01 3.806023e-02 -1.461940e+00
      vertex   4.162941e+01 1.703709e-02 -2.750000e+00
    endloop
  endfacet
  facet normal 2.898158e-01 -9.570809e-01 1.686197e-03
    outer loop
      vertex   4.162941e+01 1.703709e-02 -2.750000e+00
      vertex   4.169134e+01 3.806023e-02 -1.461940e+00
      vertex   4.159755e+01 9.607360e-03 -1.490393e+00
    endloop
  endfacet
  facet normal 1.470371e-01 -9.891287e-01 -2.114718e-03
    outer loop
      vertex   4.162941e+01 1.703709e-02 -2.750000e+00
      vertex   4.159755e+01 9.607360e-03 -1.490393e+00
      vertex   4.154901e+01 2.407637e-03 -1.497592e+00
    endloop
  endfacet
  facet normal 1.305262e-01 0.000000e+00 -9.914449e-01
    outer loop
      vertex   4.150000e+01 3.850000e+01 -5.000000e+00
      vertex   4.150000e+01 3.950000e+01 -5.000000e+00
      vertex   4.162941e+01 3.850706e+01 -4.982963e+00
    endloop
  endfacet
  facet normal 1.305262e-01 1.773677e-15 -9.914449e-01
    outer loop
      vertex   4.162941e+01 3.850706e+01 -4.982963e+00
      vertex   4.150000e+01 3.950000e+01 -5.000000e+00
      vertex   4.162941e+01 3.950000e+01 -4.982963e+00
    endloop
  endfacet
  facet normal 3.826834e-01 1.652804e-15 -9.238795e-01
    outer loop
      vertex   4.162941e+01 3.850706e+01 -4.982963e+00
      vertex   4.162941e+01 3.950000e+01 -4.982963e+00
      vertex   4.175000e+01 3.852775e+01 -4.933013e+00
    endloop
  endfacet
  facet normal 3.826834e-01 -2.647662e-16 -9.238795e-01
    outer loop
      vertex   4.175000e+01 3.852775e+01 -4.933013e+00
      vertex   4.162941e+01 3.950000e+01 -4.982963e+00
      vertex   4.175000e+01 3.950000e+01 -4.933013e+00
    endloop
  endfacet
  facet normal 6.087614e-01 -2.274709e-15 -7.933533e-01
    outer loop
      vertex   4.175000e+01 3.852775e+01 -4.933013e+00
      vertex   4.175000e+01 3.950000e+01 -4.933013e+00
      vertex   4.185355e+01 3.856066e+01 -4.853553e+00
    endloop
  endfacet
  facet normal 6.087614e-01 7.501431e-16 -7.933533e-01
    outer loop
      vertex   4.185355e+01 3.856066e+01 -4.853553e+00
      vertex   4.175000e+01 3.950000e+01 -4.933013e+00
      vertex   4.185355e+01 3.950000e+01 -4.853553e+00
    endloop
  endfacet
  facet normal 7.933533e-01 5.756051e-16 -6.087614e-01
    outer loop
      vertex   4.185355e+01 3.856066e+01 -4.853553e+00
      vertex   4.185355e+01 3.950000e+01 -4.853553e+00
      vertex   4.193301e+01 3.860355e+01 -4.750000e+00
    endloop
  endfacet
  facet normal 7.933533e-01 0.000000e+00 -6.087614e-01
    outer loop
      vertex   4.193301e+01 3.860355e+01 -4.750000e+00
      vertex   4.185355e+01 3.950000e+01 -4.853553e+00
      vertex   4.193301e+01 3.950000e+01 -4.750000e+00
    endloop
  endfacet
  facet normal 9.238795e-01 0.000000e+00 -3.826834e-01
    outer loop
      vertex   4.193301e+01 3.860355e+01 -4.750000e+00
      vertex   4.193301e+01 3.950000e+01 -4.750000e+00
      vertex   4.198296e+01 3.865350e+01 -4.629410e+00
    endloop
  endfacet
  facet normal 9.238795e-01 -8.030541e-16 -3.826834e-01
    outer loop
      vertex   4.198296e+01 3.865350e+01 -4.629410e+00
      vertex   4.193301e+01 3.950000e+01 -4.750000e+00
      vertex   4.198296e+01 3.950000e+01 -4.629410e+00
    endloop
  endfacet
  facet normal 9.914449e-01 -2.739068e-16 -1.305262e-01
    outer loop
      vertex   4.198296e+01 3.865350e+01 -4.629410e+00
      vertex   4.198296e+01 3.950000e+01 -4.629410e+00
      vertex   4.200000e+01 3.870711e+01 -4.500000e+00
    endloop
  endfacet
  facet normal 9.914449e-01 -2.924241e-16 -1.305262e-01
    outer loop
      vertex   4.200000e+01 3.870711e+01 -4.500000e+00
      vertex   4.198296e+01 3.950000e+01 -4.629410e+00
      vertex   4.200000e+01 3.950000e+01 -4.500000e+00
    endloop
  endfacet
  facet normal 9.914449e-01 -9.229598e-02 -9.229593e-02
    outer loop
      vertex   4.200000e+01 3.780000e+01 -3.592892e+00
      vertex   4.198296e+01 3.767059e+01 -3.646496e+00
      vertex   4.200000e+01 3.870711e+01 -4.500000e+00
    endloop
  endfacet
  facet normal 9.914449e-01 -9.229598e-02 -9.229593e-02
    outer loop
      vertex   4.200000e+01 3.870711e+01 -4.500000e+00
      vertex   4.198296e+01 3.767059e+01 -3.646496e+00
      vertex   4.198296e+01 3.865350e+01 -4.629410e+00
    endloop
  endfacet
  facet normal 9.238795e-01 -2.705981e-01 -2.705980e-01
    outer loop
      vertex   4.198296e+01 3.865350e+01 -4.629410e+00
      vertex   4.198296e+01 3.767059e+01 -3.646496e+00
      vertex   4.193301e+01 3.755000e+01 -3.696446e+00
    endloop
  endfacet
  facet normal 9.238795e-01 -2.705981e-01 -2.705980e-01
    outer loop
      vertex   4.198296e+01 3.865350e+01 -4.629410e+00
      vertex   4.193301e+01 3.755000e+01 -3.696446e+00
      vertex   4.193301e+01 3.860355e+01 -4.750000e+00
    endloop
  endfacet
  facet normal 7.933533e-01 -4.304595e-01 -4.304592e-01
    outer loop
      vertex   4.193301e+01 3.860355e+01 -4.750000e+00
      vertex   4.193301e+01 3.755000e+01 -3.696446e+00
      vertex   4.185355e+01 3.744645e+01 -3.739339e+00
    endloop
  endfacet
  facet normal 7.933533e-01 -4.304595e-01 -4.304592e-01
    outer loop
      vertex   4.193301e+01 3.860355e+01 -4.750000e+00
      vertex   4.185355e+01 3.744645e+01 -3.739339e+00
      vertex   4.185355e+01 3.856066e+01 -4.853553e+00
    endloop
  endfacet
  facet normal 6.087614e-01 -5.609857e-01 -5.609854e-01
    outer loop
      vertex   4.185355e+01 3.856066e+01 -4.853553e+00
      vertex   4.185355e+01 3.744645e+01 -3.739339e+00
      vertex   4.175000e+01 3.736699e+01 -3.772252e+00
    endloop
  endfacet
  facet normal 6.087614e-01 -5.609857e-01 -5.609854e-01
    outer loop
      vertex   4.185355e+01 3.856066e+01 -4.853553e+00
      vertex   4.175000e+01 3.736699e+01 -3.772252e+00
      vertex   4.175000e+01 3.852775e+01 -4.933013e+00
    endloop
  endfacet
  facet normal 3.826834e-01 -6.532817e-01 -6.532813e-01
    outer loop
      vertex   4.175000e+01 3.852775e+01 -4.933013e+00
      vertex   4.175000e+01 3.736699e+01 -3.772252e+00
      vertex   4.162941e+01 3.731704e+01 -3.792942e+00
    endloop
  endfacet
  facet normal 3.826834e-01 -6.532817e-01 -6.532813e-01
    outer loop
      vertex   4.175000e+01 3.852775e+01 -4.933013e+00
      vertex   4.162941e+01 3.731704e+01 -3.792942e+00
      vertex   4.162941e+01 3.850706e+01 -4.982963e+00
    endloop
  endfacet
  facet normal 1.305262e-01 -7.010576e-01 -7.010572e-01
    outer loop
      vertex   4.162941e+01 3.850706e+01 -4.982963e+00
      vertex   4.162941e+01 3.731704e+01 -3.792942e+00
      vertex   4.150000e+01 3.730000e+01 -3.799999e+00
    endloop
  endfacet
  facet normal 1.305262e-01 -7.010576e-01 -7.010572e-01
    outer loop
      vertex   4.162941e+01 3.850706e+01 -4.982963e+00
      vertex   4.150000e+01 3.730000e+01 -3.799999e+00
      vertex   4.150000e+01 3.850000e+01 -5.000000e+00
    endloop
  endfacet
  facet normal 9.914449e-01 -1.305262e-01 0.000000e+00
    outer loop
      vertex   4.200000e+01 3.780000e+01 -3.592892e+00
      vertex   4.200000e+01 3.780000e+01 -2.157107e+00
      vertex   4.198296e+01 3.767059e+01 -3.646496e+00
    endloop
  endfacet
  facet normal 9.914449e-01 -1.305262e-01 0.000000e+00
    outer loop
      vertex   4.198296e+01 3.767059e+01 -3.646496e+00
      vertex   4.200000e+01 3.780000e+01 -2.157107e+00
      vertex   4.198296e+01 3.767059e+01 -2.103504e+00
    endloop
  endfacet
  facet normal 9.238795e-01 -3.826834e-01 0.000000e+00
    outer loop
      vertex   4.198296e+01 3.767059e+01 -3.646496e+00
      vertex   4.198296e+01 3.767059e+01 -2.103504e+00
      vertex   4.193301e+01 3.755000e+01 -3.696446e+00
    endloop
  endfacet
  facet normal 9.238795e-01 -3.826834e-01 0.000000e+00
    outer loop
      vertex   4.193301e+01 3.755000e+01 -3.696446e+00
      vertex   4.198296e+01 3.767059e+01 -2.103504e+00
      vertex   4.193301e+01 3.755000e+01 -2.053553e+00
    endloop
  endfacet
  facet normal 7.933533e-01 -6.087614e-01 0.000000e+00
    outer loop
      vertex   4.193301e+01 3.755000e+01 -3.696446e+00
      vertex   4.193301e+01 3.755000e+01 -2.053553e+00
      vertex   4.185355e+01 3.744645e+01 -3.739339e+00
    endloop
  endfacet
  facet normal 7.933533e-01 -6.087614e-01 0.000000e+00
    outer loop
      vertex   4.185355e+01 3.744645e+01 -3.739339e+00
      vertex   4.193301e+01 3.755000e+01 -2.053553e+00
      vertex   4.185355e+01 3.744645e+01 -2.010660e+00
    endloop
  endfacet
  facet normal 6.087614e-01 -7.933533e-01 0.000000e+00
    outer loop
      vertex   4.185355e+01 3.744645e+01 -3.739339e+00
      vertex   4.185355e+01 3.744645e+01 -2.010660e+00
      vertex   4.175000e+01 3.736699e+01 -3.772252e+00
    endloop
  endfacet
  facet normal 6.087614e-01 -7.933533e-01 -7.309004e-16
    outer loop
      vertex   4.175000e+01 3.736699e+01 -3.772252e+00
      vertex   4.185355e+01 3.744645e+01 -2.010660e+00
      vertex   4.175000e+01 3.736699e+01 -1.977747e+00
    endloop
  endfacet
  facet normal 3.826834e-01 -9.238795e-01 -2.142892e-15
    outer loop
      vertex   4.175000e+01 3.736699e+01 -3.772252e+00
      vertex   4.175000e+01 3.736699e+01 -1.977747e+00
      vertex   4.162941e+01 3.731704e+01 -3.792942e+00
    endloop
  endfacet
  facet normal 3.826834e-01 -9.238795e-01 -3.575692e-15
    outer loop
      vertex   4.162941e+01 3.731704e+01 -3.792942e+00
      vertex   4.175000e+01 3.736699e+01 -1.977747e+00
      vertex   4.162941e+01 3.731704e+01 -1.957057e+00
    endloop
  endfacet
  facet normal 1.305262e-01 -9.914449e-01 -3.837190e-15
    outer loop
      vertex   4.162941e+01 3.731704e+01 -3.792942e+00
      vertex   4.162941e+01 3.731704e+01 -1.957057e+00
      vertex   4.150000e+01 3.730000e+01 -3.799999e+00
    endloop
  endfacet
  facet normal 1.305262e-01 -9.914449e-01 0.000000e+00
    outer loop
      vertex   4.150000e+01 3.730000e+01 -3.799999e+00
      vertex   4.162941e+01 3.731704e+01 -1.957057e+00
      vertex   4.150000e+01 3.730000e+01 -1.950000e+00
    endloop
  endfacet
  facet normal 9.914449e-01 -9.229596e-02 9.229596e-02
    outer loop
      vertex   4.200000e+01 3.900000e+01 -9.571068e-01
      vertex   4.198296e+01 3.887059e+01 -9.035036e-01
      vertex   4.200000e+01 3.780000e+01 -2.157107e+00
    endloop
  endfacet
  facet normal 9.914449e-01 -9.229596e-02 9.229596e-02
    outer loop
      vertex   4.200000e+01 3.780000e+01 -2.157107e+00
      vertex   4.198296e+01 3.887059e+01 -9.035036e-01
      vertex   4.198296e+01 3.767059e+01 -2.103504e+00
    endloop
  endfacet
  facet normal 9.238795e-01 -2.705981e-01 2.705981e-01
    outer loop
      vertex   4.198296e+01 3.767059e+01 -2.103504e+00
      vertex   4.198296e+01 3.887059e+01 -9.035036e-01
      vertex   4.193301e+01 3.875000e+01 -8.535534e-01
    endloop
  endfacet
  facet normal 9.238795e-01 -2.705981e-01 2.705981e-01
    outer loop
      vertex   4.198296e+01 3.767059e+01 -2.103504e+00
      vertex   4.193301e+01 3.875000e+01 -8.535534e-01
      vertex   4.193301e+01 3.755000e+01 -2.053553e+00
    endloop
  endfacet
  facet normal 7.933533e-01 -4.304593e-01 4.304593e-01
    outer loop
      vertex   4.193301e+01 3.755000e+01 -2.053553e+00
      vertex   4.193301e+01 3.875000e+01 -8.535534e-01
      vertex   4.185355e+01 3.864645e+01 -8.106602e-01
    endloop
  endfacet
  facet normal 7.933533e-01 -4.304593e-01 4.304593e-01
    outer loop
      vertex   4.193301e+01 3.755000e+01 -2.053553e+00
      vertex   4.185355e+01 3.864645e+01 -8.106602e-01
      vertex   4.185355e+01 3.744645e+01 -2.010660e+00
    endloop
  endfacet
  facet normal 6.087614e-01 -5.609855e-01 5.609855e-01
    outer loop
      vertex   4.185355e+01 3.744645e+01 -2.010660e+00
      vertex   4.185355e+01 3.864645e+01 -8.106602e-01
      vertex   4.175000e+01 3.856699e+01 -7.777470e-01
    endloop
  endfacet
  facet normal 6.087614e-01 -5.609855e-01 5.609855e-01
    outer loop
      vertex   4.185355e+01 3.744645e+01 -2.010660e+00
      vertex   4.175000e+01 3.856699e+01 -7.777470e-01
      vertex   4.175000e+01 3.736699e+01 -1.977747e+00
    endloop
  endfacet
  facet normal 3.826834e-01 -6.532815e-01 6.532815e-01
    outer loop
      vertex   4.175000e+01 3.736699e+01 -1.977747e+00
      vertex   4.175000e+01 3.856699e+01 -7.777470e-01
      vertex   4.162941e+01 3.851704e+01 -7.570570e-01
    endloop
  endfacet
  facet normal 3.826834e-01 -6.532815e-01 6.532815e-01
    outer loop
      vertex   4.175000e+01 3.736699e+01 -1.977747e+00
      vertex   4.162941e+01 3.851704e+01 -7.570570e-01
      vertex   4.162941e+01 3.731704e+01 -1.957057e+00
    endloop
  endfacet
  facet normal 1.305262e-01 -7.010574e-01 7.010574e-01
    outer loop
      vertex   4.162941e+01 3.731704e+01 -1.957057e+00
      vertex   4.162941e+01 3.851704e+01 -7.570570e-01
      vertex   4.150000e+01 3.850000e+01 -7.500000e-01
    endloop
  endfacet
  facet normal 1.305262e-01 -7.010574e-01 7.010574e-01
    outer loop
      vertex   4.162941e+01 3.731704e+01 -1.957057e+00
      vertex   4.150000e+01 3.850000e+01 -7.500000e-01
      vertex   4.150000e+01 3.730000e+01 -1.950000e+00
    endloop
  endfacet
  facet normal 9.960329e-01 -8.898628e-02 0.000000e+00
    outer loop
      vertex   4.200000e+01 3.900000e+01 8.863326e-02
      vertex   4.199208e+01 3.891137e+01 -3.955170e-15
      vertex   4.200000e+01 3.900000e+01 -9.571068e-01
    endloop
  endfacet
  facet normal 9.912189e-01 -1.321694e-01 -4.038816e-03
    outer loop
      vertex   4.200000e+01 3.900000e+01 -9.571068e-01
      vertex   4.199208e+01 3.891137e+01 -3.955170e-15
      vertex   4.198296e+01 3.887059e+01 -9.035036e-01
    endloop
  endfacet
  facet normal 9.711397e-01 -2.385093e-01 9.630889e-04
    outer loop
      vertex   4.198296e+01 3.887059e+01 -9.035036e-01
      vertex   4.199208e+01 3.891137e+01 -3.955170e-15
      vertex   4.197722e+01 3.885081e+01 -1.485776e-02
    endloop
  endfacet
  facet normal 9.342269e-01 -3.566742e-01 -1.905510e-03
    outer loop
      vertex   4.198296e+01 3.887059e+01 -9.035036e-01
      vertex   4.197722e+01 3.885081e+01 -1.485776e-02
      vertex   4.195494e+01 3.879257e+01 -3.713697e-02
    endloop
  endfacet
  facet normal 9.231710e-01 -3.843600e-01 -4.756168e-03
    outer loop
      vertex   4.198296e+01 3.887059e+01 -9.035036e-01
      vertex   4.195494e+01 3.879257e+01 -3.713697e-02
      vertex   4.193301e+01 3.875000e+01 -8.535534e-01
    endloop
  endfacet
  facet normal 8.820574e-01 -4.711412e-01 8.737032e-04
    outer loop
      vertex   4.193301e+01 3.875000e+01 -8.535534e-01
      vertex   4.195494e+01 3.879257e+01 -3.713697e-02
      vertex   4.192559e+01 3.873756e+01 -6.649118e-02
    endloop
  endfacet
  facet normal 8.172616e-01 -5.762652e-01 -1.398441e-03
    outer loop
      vertex   4.193301e+01 3.875000e+01 -8.535534e-01
      vertex   4.192559e+01 3.873756e+01 -6.649118e-02
      vertex   4.188962e+01 3.868663e+01 -1.024639e-01
    endloop
  endfacet
  facet normal 7.921961e-01 -6.102398e-01 -5.712906e-03
    outer loop
      vertex   4.193301e+01 3.875000e+01 -8.535534e-01
      vertex   4.188962e+01 3.868663e+01 -1.024639e-01
      vertex   4.185355e+01 3.864645e+01 -8.106602e-01
    endloop
  endfacet
  facet normal 6.922078e-01 -7.216757e-01 5.702479e-03
    outer loop
      vertex   4.185355e+01 3.864645e+01 -8.106602e-01
      vertex   4.188962e+01 3.868663e+01 -1.024639e-01
      vertex   4.180015e+01 3.860011e+01 -1.919328e-01
    endloop
  endfacet
  facet normal 6.073307e-01 -7.944177e-01 -7.071076e-03
    outer loop
      vertex   4.185355e+01 3.864645e+01 -8.106602e-01
      vertex   4.180015e+01 3.860011e+01 -1.919328e-01
      vertex   4.175000e+01 3.856699e+01 -7.777470e-01
    endloop
  endfacet
  facet normal 4.905804e-01 -8.713656e-01 7.274263e-03
    outer loop
      vertex   4.175000e+01 3.856699e+01 -7.777470e-01
      vertex   4.180015e+01 3.860011e+01 -1.919328e-01
      vertex   4.169208e+01 3.853837e+01 -3.000000e-01
    endloop
  endfacet
  facet normal 3.813274e-01 -9.243948e-01 -9.147549e-03
    outer loop
      vertex   4.175000e+01 3.856699e+01 -7.777470e-01
      vertex   4.169208e+01 3.853837e+01 -3.000000e-01
      vertex   4.162941e+01 3.851704e+01 -7.570570e-01
    endloop
  endfacet
  facet normal 3.227032e-01 -9.465002e-01 -7.734126e-05
    outer loop
      vertex   4.162941e+01 3.851704e+01 -7.570570e-01
      vertex   4.169208e+01 3.853837e+01 -3.000000e-01
      vertex   4.162993e+01 3.851718e+01 -3.000000e-01
    endloop
  endfacet
  facet normal 1.958758e-01 -9.806287e-01 7.609635e-05
    outer loop
      vertex   4.162941e+01 3.851704e+01 -7.570570e-01
      vertex   4.162993e+01 3.851718e+01 -3.000000e-01
      vertex   4.156553e+01 3.850431e+01 -3.000000e-01
    endloop
  endfacet
  facet normal 6.566954e-02 -9.978414e-01 0.000000e+00
    outer loop
      vertex   4.150000e+01 3.850000e+01 -3.000000e-01
      vertex   4.150000e+01 3.850000e+01 -7.500000e-01
      vertex   4.156553e+01 3.850431e+01 -3.000000e-01
    endloop
  endfacet
  facet normal 1.300148e-01 -9.914672e-01 -9.430876e-03
    outer loop
      vertex   4.156553e+01 3.850431e+01 -3.000000e-01
      vertex   4.150000e+01 3.850000e+01 -7.500000e-01
      vertex   4.162941e+01 3.851704e+01 -7.570570e-01
    endloop
  endfacet
  facet normal 9.999940e-01 2.994296e-03 1.716347e-03
    outer loop
      vertex   4.200000e+01 4.675000e+01 1.000000e+00
      vertex   4.200000e+01 4.690256e+01 7.338563e-01
      vertex   4.199999e+01 4.675160e+01 1.003212e+00
    endloop
  endfacet
  facet normal 9.920311e-01 1.098946e-01 6.162419e-02
    outer loop
      vertex   4.199999e+01 4.675160e+01 1.003212e+00
      vertex   4.200000e+01 4.690256e+01 7.338563e-01
      vertex   4.198296e+01 4.690346e+01 1.006498e+00
    endloop
  endfacet
  facet normal 9.928795e-01 1.103524e-01 4.486241e-02
    outer loop
      vertex   4.199999e+01 4.675160e+01 1.003212e+00
      vertex   4.198296e+01 4.690346e+01 1.006498e+00
      vertex   4.199083e+01 4.679658e+01 1.095324e+00
    endloop
  endfacet
  facet normal 9.590628e-01 2.193920e-01 1.790688e-01
    outer loop
      vertex   4.199083e+01 4.679658e+01 1.095324e+00
      vertex   4.198296e+01 4.690346e+01 1.006498e+00
      vertex   4.196437e+01 4.683874e+01 1.185356e+00
    endloop
  endfacet
  facet normal 9.238779e-01 3.189674e-01 2.114460e-01
    outer loop
      vertex   4.196437e+01 4.683874e+01 1.185356e+00
      vertex   4.198296e+01 4.690346e+01 1.006498e+00
      vertex   4.193301e+01 4.700430e+01 1.072633e+00
    endloop
  endfacet
  facet normal 8.844815e-01 3.652260e-01 2.903488e-01
    outer loop
      vertex   4.196437e+01 4.683874e+01 1.185356e+00
      vertex   4.193301e+01 4.700430e+01 1.072633e+00
      vertex   4.192073e+01 4.687701e+01 1.270154e+00
    endloop
  endfacet
  facet normal 7.928232e-01 4.886619e-01 3.641989e-01
    outer loop
      vertex   4.192073e+01 4.687701e+01 1.270154e+00
      vertex   4.193301e+01 4.700430e+01 1.072633e+00
      vertex   4.185355e+01 4.709089e+01 1.129424e+00
    endloop
  endfacet
  facet normal 7.728189e-01 4.999477e-01 3.909006e-01
    outer loop
      vertex   4.192073e+01 4.687701e+01 1.270154e+00
      vertex   4.185355e+01 4.709089e+01 1.129424e+00
      vertex   4.186077e+01 4.691025e+01 1.346187e+00
    endloop
  endfacet
  facet normal 6.329640e-01 6.049712e-01 4.830802e-01
    outer loop
      vertex   4.186077e+01 4.691025e+01 1.346187e+00
      vertex   4.185355e+01 4.709089e+01 1.129424e+00
      vertex   4.178568e+01 4.693758e+01 1.410349e+00
    endloop
  endfacet
  facet normal 6.074718e-01 6.263192e-01 4.885716e-01
    outer loop
      vertex   4.178568e+01 4.693758e+01 1.410349e+00
      vertex   4.185355e+01 4.709089e+01 1.129424e+00
      vertex   4.175000e+01 4.715734e+01 1.173001e+00
    endloop
  endfacet
  facet normal 4.703338e-01 6.816798e-01 5.604452e-01
    outer loop
      vertex   4.178568e+01 4.693758e+01 1.410349e+00
      vertex   4.175000e+01 4.715734e+01 1.173001e+00
      vertex   4.169822e+01 4.695790e+01 1.459030e+00
    endloop
  endfacet
  facet normal 3.813690e-01 7.244801e-01 5.741832e-01
    outer loop
      vertex   4.169822e+01 4.695790e+01 1.459030e+00
      vertex   4.175000e+01 4.715734e+01 1.173001e+00
      vertex   4.162941e+01 4.719911e+01 1.200395e+00
    endloop
  endfacet
  facet normal 2.888680e-01 7.372727e-01 6.107244e-01
    outer loop
      vertex   4.169822e+01 4.695790e+01 1.459030e+00
      vertex   4.162941e+01 4.719911e+01 1.200395e+00
      vertex   4.160147e+01 4.697049e+01 1.489595e+00
    endloop
  endfacet
  facet normal 1.299058e-01 7.716988e-01 6.225796e-01
    outer loop
      vertex   4.160147e+01 4.697049e+01 1.489595e+00
      vertex   4.162941e+01 4.719911e+01 1.200395e+00
      vertex   4.150000e+01 4.721335e+01 1.209738e+00
    endloop
  endfacet
  facet normal 9.702332e-02 7.688480e-01 6.320278e-01
    outer loop
      vertex   4.160147e+01 4.697049e+01 1.489595e+00
      vertex   4.150000e+01 4.721335e+01 1.209738e+00
      vertex   4.150000e+01 4.697474e+01 1.500000e+00
    endloop
  endfacet
  facet normal 9.908380e-01 1.202325e-01 6.151515e-02
    outer loop
      vertex   4.198296e+01 4.690346e+01 1.006498e+00
      vertex   4.200000e+01 4.690256e+01 7.338563e-01
      vertex   4.198296e+01 4.703837e+01 7.428283e-01
    endloop
  endfacet
  facet normal 9.919144e-01 1.221592e-01 3.439472e-02
    outer loop
      vertex   4.198296e+01 4.703837e+01 7.428283e-01
      vertex   4.200000e+01 4.690256e+01 7.338563e-01
      vertex   4.200000e+01 4.698569e+01 4.385711e-01
    endloop
  endfacet
  facet normal 9.913437e-01 1.269367e-01 3.353567e-02
    outer loop
      vertex   4.198296e+01 4.703837e+01 7.428283e-01
      vertex   4.200000e+01 4.698569e+01 4.385711e-01
      vertex   4.198296e+01 4.711367e+01 4.578176e-01
    endloop
  endfacet
  facet normal 9.913491e-01 1.311293e-01 5.663510e-03
    outer loop
      vertex   4.198296e+01 4.711367e+01 4.578176e-01
      vertex   4.200000e+01 4.698569e+01 4.385711e-01
      vertex   4.198296e+01 4.712650e+01 1.605311e-01
    endloop
  endfacet
  facet normal 9.231215e-01 3.841502e-01 1.659155e-02
    outer loop
      vertex   4.198296e+01 4.711367e+01 4.578176e-01
      vertex   4.198296e+01 4.712650e+01 1.605311e-01
      vertex   4.193301e+01 4.723292e+01 4.756854e-01
    endloop
  endfacet
  facet normal 9.230858e-01 3.842376e-01 1.655638e-02
    outer loop
      vertex   4.193301e+01 4.723292e+01 4.756854e-01
      vertex   4.198296e+01 4.712650e+01 1.605311e-01
      vertex   4.193301e+01 4.724684e+01 1.527095e-01
    endloop
  endfacet
  facet normal 7.917321e-01 6.103021e-01 2.629726e-02
    outer loop
      vertex   4.193301e+01 4.723292e+01 4.756854e-01
      vertex   4.193301e+01 4.724684e+01 1.527095e-01
      vertex   4.185355e+01 4.733535e+01 4.909450e-01
    endloop
  endfacet
  facet normal 7.916351e-01 6.104304e-01 2.624093e-02
    outer loop
      vertex   4.185355e+01 4.733535e+01 4.909450e-01
      vertex   4.193301e+01 4.724684e+01 1.527095e-01
      vertex   4.185355e+01 4.735018e+01 1.459930e-01
    endloop
  endfacet
  facet normal 6.067050e-01 7.941936e-01 3.414048e-02
    outer loop
      vertex   4.185355e+01 4.733535e+01 4.909450e-01
      vertex   4.185355e+01 4.735018e+01 1.459930e-01
      vertex   4.175000e+01 4.741396e+01 5.025478e-01
    endloop
  endfacet
  facet normal 6.065315e-01 7.943293e-01 3.406582e-02
    outer loop
      vertex   4.175000e+01 4.741396e+01 5.025478e-01
      vertex   4.185355e+01 4.735018e+01 1.459930e-01
      vertex   4.175000e+01 4.742947e+01 1.408393e-01
    endloop
  endfacet
  facet normal 3.810330e-01 9.237123e-01 3.961458e-02
    outer loop
      vertex   4.175000e+01 4.741396e+01 5.025478e-01
      vertex   4.175000e+01 4.742947e+01 1.408393e-01
      vertex   4.162941e+01 4.746339e+01 5.096966e-01
    endloop
  endfacet
  facet normal 3.807897e-01 9.238165e-01 3.952544e-02
    outer loop
      vertex   4.162941e+01 4.746339e+01 5.096966e-01
      vertex   4.175000e+01 4.742947e+01 1.408393e-01
      vertex   4.162941e+01 4.747931e+01 1.375995e-01
    endloop
  endfacet
  facet normal 1.300694e-01 9.905986e-01 4.238271e-02
    outer loop
      vertex   4.162941e+01 4.746339e+01 5.096966e-01
      vertex   4.162941e+01 4.747931e+01 1.375995e-01
      vertex   4.150000e+01 4.748029e+01 5.118997e-01
    endloop
  endfacet
  facet normal 1.297846e-01 9.906402e-01 4.228411e-02
    outer loop
      vertex   4.150000e+01 4.748029e+01 5.118997e-01
      vertex   4.162941e+01 4.747931e+01 1.375995e-01
      vertex   4.150000e+01 4.749632e+01 1.364945e-01
    endloop
  endfacet
  facet normal 1.297846e-01 9.768317e-01 -1.701642e-01
    outer loop
      vertex   4.150000e+01 4.749632e+01 1.364945e-01
      vertex   4.162941e+01 4.747931e+01 1.375995e-01
      vertex   4.150000e+01 4.743183e+01 -2.336780e-01
    endloop
  endfacet
  facet normal 1.297846e-01 9.768317e-01 -1.701642e-01
    outer loop
      vertex   4.150000e+01 4.743183e+01 -2.336780e-01
      vertex   4.162941e+01 4.747931e+01 1.375995e-01
      vertex   4.162941e+01 4.741546e+01 -2.289692e-01
    endloop
  endfacet
  facet normal 1.297846e-01 9.179897e-01 -3.747677e-01
    outer loop
      vertex   4.150000e+01 4.743183e+01 -2.336780e-01
      vertex   4.162941e+01 4.741546e+01 -2.289692e-01
      vertex   4.150000e+01 4.728981e+01 -5.815522e-01
    endloop
  endfacet
  facet normal 1.297846e-01 9.179897e-01 -3.747677e-01
    outer loop
      vertex   4.150000e+01 4.728981e+01 -5.815522e-01
      vertex   4.162941e+01 4.741546e+01 -2.289692e-01
      vertex   4.162941e+01 4.727482e+01 -5.734567e-01
    endloop
  endfacet
  facet normal 1.297846e-01 8.168271e-01 -5.620939e-01
    outer loop
      vertex   4.150000e+01 4.728981e+01 -5.815522e-01
      vertex   4.162941e+01 4.727482e+01 -5.734567e-01
      vertex   4.150000e+01 4.707681e+01 -8.910906e-01
    endloop
  endfacet
  facet normal 1.297846e-01 8.168271e-01 -5.620939e-01
    outer loop
      vertex   4.150000e+01 4.707681e+01 -8.910906e-01
      vertex   4.162941e+01 4.727482e+01 -5.734567e-01
      vertex   4.162941e+01 4.706389e+01 -8.799815e-01
    endloop
  endfacet
  facet normal 1.297846e-01 6.780074e-01 -7.235067e-01
    outer loop
      vertex   4.150000e+01 4.707681e+01 -8.910906e-01
      vertex   4.162941e+01 4.706389e+01 -8.799815e-01
      vertex   4.150000e+01 4.680263e+01 -1.148023e+00
    endloop
  endfacet
  facet normal 1.297846e-01 6.780074e-01 -7.235067e-01
    outer loop
      vertex   4.150000e+01 4.680263e+01 -1.148023e+00
      vertex   4.162941e+01 4.706389e+01 -8.799815e-01
      vertex   4.162941e+01 4.679238e+01 -1.134413e+00
    endloop
  endfacet
  facet normal 1.297846e-01 5.079307e-01 -8.515647e-01
    outer loop
      vertex   4.150000e+01 4.680263e+01 -1.148023e+00
      vertex   4.162941e+01 4.679238e+01 -1.134413e+00
      vertex   4.150000e+01 4.647993e+01 -1.340504e+00
    endloop
  endfacet
  facet normal 1.297846e-01 5.079307e-01 -8.515647e-01
    outer loop
      vertex   4.150000e+01 4.647993e+01 -1.340504e+00
      vertex   4.162941e+01 4.679238e+01 -1.134413e+00
      vertex   4.162941e+01 4.647282e+01 -1.325020e+00
    endloop
  endfacet
  facet normal 1.297846e-01 3.144375e-01 -9.403643e-01
    outer loop
      vertex   4.150000e+01 4.647993e+01 -1.340504e+00
      vertex   4.162941e+01 4.647282e+01 -1.325020e+00
      vertex   4.150000e+01 4.612358e+01 -1.459661e+00
    endloop
  endfacet
  facet normal 1.297846e-01 3.144375e-01 -9.403643e-01
    outer loop
      vertex   4.150000e+01 4.612358e+01 -1.459661e+00
      vertex   4.162941e+01 4.647282e+01 -1.325020e+00
      vertex   4.162941e+01 4.611994e+01 -1.443017e+00
    endloop
  endfacet
  facet normal 1.297846e-01 1.064483e-01 -9.858117e-01
    outer loop
      vertex   4.150000e+01 4.612358e+01 -1.459661e+00
      vertex   4.162941e+01 4.611994e+01 -1.443017e+00
      vertex   4.150000e+01 4.575000e+01 -1.500000e+00
    endloop
  endfacet
  facet normal 1.297846e-01 1.064483e-01 -9.858117e-01
    outer loop
      vertex   4.150000e+01 4.575000e+01 -1.500000e+00
      vertex   4.162941e+01 4.611994e+01 -1.443017e+00
      vertex   4.162941e+01 4.575000e+01 -1.482963e+00
    endloop
  endfacet
  facet normal 3.807933e-01 9.926810e-02 -9.193162e-01
    outer loop
      vertex   4.162941e+01 4.575000e+01 -1.482963e+00
      vertex   4.162941e+01 4.611994e+01 -1.443017e+00
      vertex   4.175000e+01 4.610928e+01 -1.394218e+00
    endloop
  endfacet
  facet normal 3.807933e-01 9.926810e-02 -9.193162e-01
    outer loop
      vertex   4.162941e+01 4.575000e+01 -1.482963e+00
      vertex   4.175000e+01 4.610928e+01 -1.394218e+00
      vertex   4.175000e+01 4.575000e+01 -1.433013e+00
    endloop
  endfacet
  facet normal 6.065399e-01 8.535396e-02 -7.904581e-01
    outer loop
      vertex   4.175000e+01 4.575000e+01 -1.433013e+00
      vertex   4.175000e+01 4.610928e+01 -1.394218e+00
      vertex   4.185355e+01 4.609231e+01 -1.316590e+00
    endloop
  endfacet
  facet normal 6.065399e-01 8.535396e-02 -7.904581e-01
    outer loop
      vertex   4.175000e+01 4.575000e+01 -1.433013e+00
      vertex   4.185355e+01 4.609231e+01 -1.316590e+00
      vertex   4.185355e+01 4.575000e+01 -1.353553e+00
    endloop
  endfacet
  facet normal 7.916448e-01 6.559272e-02 -6.074504e-01
    outer loop
      vertex   4.185355e+01 4.575000e+01 -1.353553e+00
      vertex   4.185355e+01 4.609231e+01 -1.316590e+00
      vertex   4.193301e+01 4.607021e+01 -1.215424e+00
    endloop
  endfacet
  facet normal 7.916448e-01 6.559272e-02 -6.074504e-01
    outer loop
      vertex   4.185355e+01 4.575000e+01 -1.353553e+00
      vertex   4.193301e+01 4.607021e+01 -1.215424e+00
      vertex   4.193301e+01 4.575000e+01 -1.250000e+00
    endloop
  endfacet
  facet normal 9.230918e-01 4.128706e-02 -3.823571e-01
    outer loop
      vertex   4.193301e+01 4.575000e+01 -1.250000e+00
      vertex   4.193301e+01 4.607021e+01 -1.215424e+00
      vertex   4.198296e+01 4.604446e+01 -1.097613e+00
    endloop
  endfacet
  facet normal 9.230918e-01 4.128706e-02 -3.823571e-01
    outer loop
      vertex   4.193301e+01 4.575000e+01 -1.250000e+00
      vertex   4.198296e+01 4.604446e+01 -1.097613e+00
      vertex   4.198296e+01 4.575000e+01 -1.129410e+00
    endloop
  endfacet
  facet normal 9.913464e-01 1.409287e-02 -1.305132e-01
    outer loop
      vertex   4.198296e+01 4.575000e+01 -1.129410e+00
      vertex   4.198296e+01 4.604446e+01 -1.097613e+00
      vertex   4.200000e+01 4.575000e+01 -1.000000e+00
    endloop
  endfacet
  facet normal 9.918960e-01 1.559016e-02 -1.260923e-01
    outer loop
      vertex   4.200000e+01 4.575000e+01 -1.000000e+00
      vertex   4.198296e+01 4.604446e+01 -1.097613e+00
      vertex   4.200000e+01 4.605445e+01 -9.623578e-01
    endloop
  endfacet
  facet normal 9.908547e-01 4.278999e-02 -1.279688e-01
    outer loop
      vertex   4.200000e+01 4.605445e+01 -9.623578e-01
      vertex   4.198296e+01 4.604446e+01 -1.097613e+00
      vertex   4.198296e+01 4.632535e+01 -1.003690e+00
    endloop
  endfacet
  facet normal 9.922752e-01 4.475063e-02 -1.157034e-01
    outer loop
      vertex   4.200000e+01 4.605445e+01 -9.623578e-01
      vertex   4.198296e+01 4.632535e+01 -1.003690e+00
      vertex   4.200000e+01 4.634056e+01 -8.516983e-01
    endloop
  endfacet
  facet normal 9.905042e-01 7.042706e-02 -1.180736e-01
    outer loop
      vertex   4.200000e+01 4.634056e+01 -8.516983e-01
      vertex   4.198296e+01 4.632535e+01 -1.003690e+00
      vertex   4.198296e+01 4.657972e+01 -8.519693e-01
    endloop
  endfacet
  facet normal 9.924892e-01 7.058904e-02 -9.991212e-02
    outer loop
      vertex   4.200000e+01 4.634056e+01 -8.516983e-01
      vertex   4.198296e+01 4.657972e+01 -8.519693e-01
      vertex   4.200000e+01 4.659110e+01 -6.746862e-01
    endloop
  endfacet
  facet normal 9.903232e-01 9.489663e-02 -1.012649e-01
    outer loop
      vertex   4.200000e+01 4.659110e+01 -6.746862e-01
      vertex   4.198296e+01 4.657972e+01 -8.519693e-01
      vertex   4.198296e+01 4.679583e+01 -6.494464e-01
    endloop
  endfacet
  facet normal 9.925567e-01 9.238112e-02 -7.935294e-02
    outer loop
      vertex   4.200000e+01 4.659110e+01 -6.746862e-01
      vertex   4.198296e+01 4.679583e+01 -6.494464e-01
      vertex   4.200000e+01 4.679099e+01 -4.419825e-01
    endloop
  endfacet
  facet normal 9.903269e-01 1.143048e-01 -7.865803e-02
    outer loop
      vertex   4.200000e+01 4.679099e+01 -4.419825e-01
      vertex   4.198296e+01 4.679583e+01 -6.494464e-01
      vertex   4.198296e+01 4.696373e+01 -4.054577e-01
    endloop
  endfacet
  facet normal 9.924836e-01 1.094579e-01 -5.472894e-02
    outer loop
      vertex   4.200000e+01 4.679099e+01 -4.419825e-01
      vertex   4.198296e+01 4.696373e+01 -4.054577e-01
      vertex   4.200000e+01 4.692818e+01 -1.676025e-01
    endloop
  endfacet
  facet normal 9.905150e-01 1.272123e-01 -5.193419e-02
    outer loop
      vertex   4.200000e+01 4.692818e+01 -1.676025e-01
      vertex   4.198296e+01 4.696373e+01 -4.054577e-01
      vertex   4.198296e+01 4.707568e+01 -1.312515e-01
    endloop
  endfacet
  facet normal 9.922636e-01 1.212208e-01 -2.680386e-02
    outer loop
      vertex   4.200000e+01 4.692818e+01 -1.676025e-01
      vertex   4.198296e+01 4.707568e+01 -1.312515e-01
      vertex   4.200000e+01 4.699441e+01 1.319287e-01
    endloop
  endfacet
  facet normal 9.908716e-01 1.328094e-01 -2.313541e-02
    outer loop
      vertex   4.200000e+01 4.699441e+01 1.319287e-01
      vertex   4.198296e+01 4.707568e+01 -1.312515e-01
      vertex   4.198296e+01 4.712650e+01 1.605311e-01
    endloop
  endfacet
  facet normal 9.918773e-01 1.271469e-01 3.614297e-03
    outer loop
      vertex   4.200000e+01 4.699441e+01 1.319287e-01
      vertex   4.198296e+01 4.712650e+01 1.605311e-01
      vertex   4.200000e+01 4.698569e+01 4.385711e-01
    endloop
  endfacet
  facet normal 1.295013e-01 9.588146e-01 2.527925e-01
    outer loop
      vertex   4.150000e+01 4.748029e+01 5.118997e-01
      vertex   4.150000e+01 4.738450e+01 8.752310e-01
      vertex   4.162941e+01 4.746339e+01 5.096966e-01
    endloop
  endfacet
  facet normal 1.297860e-01 9.587530e-01 2.528800e-01
    outer loop
      vertex   4.162941e+01 4.746339e+01 5.096966e-01
      vertex   4.150000e+01 4.738450e+01 8.752310e-01
      vertex   4.162941e+01 4.736859e+01 8.691441e-01
    endloop
  endfacet
  facet normal 3.805576e-01 8.941767e-01 2.358474e-01
    outer loop
      vertex   4.162941e+01 4.746339e+01 5.096966e-01
      vertex   4.162941e+01 4.736859e+01 8.691441e-01
      vertex   4.175000e+01 4.741396e+01 5.025478e-01
    endloop
  endfacet
  facet normal 3.808004e-01 8.940562e-01 2.359123e-01
    outer loop
      vertex   4.175000e+01 4.741396e+01 5.025478e-01
      vertex   4.162941e+01 4.736859e+01 8.691441e-01
      vertex   4.175000e+01 4.732193e+01 8.512981e-01
    endloop
  endfacet
  facet normal 6.063797e-01 7.688593e-01 2.028770e-01
    outer loop
      vertex   4.175000e+01 4.741396e+01 5.025478e-01
      vertex   4.175000e+01 4.732193e+01 8.512981e-01
      vertex   4.185355e+01 4.733535e+01 4.909450e-01
    endloop
  endfacet
  facet normal 6.065524e-01 7.687114e-01 2.029211e-01
    outer loop
      vertex   4.185355e+01 4.733535e+01 4.909450e-01
      vertex   4.175000e+01 4.732193e+01 8.512981e-01
      vertex   4.185355e+01 4.724772e+01 8.229093e-01
    endloop
  endfacet
  facet normal 7.915613e-01 5.908502e-01 1.559701e-01
    outer loop
      vertex   4.185355e+01 4.733535e+01 4.909450e-01
      vertex   4.185355e+01 4.724772e+01 8.229093e-01
      vertex   4.193301e+01 4.723292e+01 4.756854e-01
    endloop
  endfacet
  facet normal 7.916577e-01 5.907137e-01 1.559979e-01
    outer loop
      vertex   4.193301e+01 4.723292e+01 4.756854e-01
      vertex   4.185355e+01 4.724772e+01 8.229093e-01
      vertex   4.193301e+01 4.715100e+01 7.859123e-01
    endloop
  endfacet
  facet normal 9.230638e-01 3.718974e-01 9.821210e-02
    outer loop
      vertex   4.193301e+01 4.723292e+01 4.756854e-01
      vertex   4.193301e+01 4.715100e+01 7.859123e-01
      vertex   4.198296e+01 4.711367e+01 4.578176e-01
    endloop
  endfacet
  facet normal 9.230992e-01 3.718052e-01 9.822798e-02
    outer loop
      vertex   4.198296e+01 4.711367e+01 4.578176e-01
      vertex   4.193301e+01 4.715100e+01 7.859123e-01
      vertex   4.198296e+01 4.703837e+01 7.428283e-01
    endloop
  endfacet
  facet normal 1.297846e-01 8.827161e-01 4.516284e-01
    outer loop
      vertex   4.162941e+01 4.736859e+01 8.691441e-01
      vertex   4.150000e+01 4.738450e+01 8.752310e-01
      vertex   4.162941e+01 4.719911e+01 1.200395e+00
    endloop
  endfacet
  facet normal 1.297846e-01 8.827161e-01 4.516284e-01
    outer loop
      vertex   4.162941e+01 4.719911e+01 1.200395e+00
      vertex   4.150000e+01 4.738450e+01 8.752310e-01
      vertex   4.150000e+01 4.721335e+01 1.209738e+00
    endloop
  endfacet
  facet normal 9.230918e-01 3.423705e-01 1.751687e-01
    outer loop
      vertex   4.198296e+01 4.703837e+01 7.428283e-01
      vertex   4.193301e+01 4.715100e+01 7.859123e-01
      vertex   4.198296e+01 4.690346e+01 1.006498e+00
    endloop
  endfacet
  facet normal 9.230918e-01 3.423705e-01 1.751687e-01
    outer loop
      vertex   4.198296e+01 4.690346e+01 1.006498e+00
      vertex   4.193301e+01 4.715100e+01 7.859123e-01
      vertex   4.193301e+01 4.700430e+01 1.072633e+00
    endloop
  endfacet
  facet normal 7.916448e-01 5.439237e-01 2.782903e-01
    outer loop
      vertex   4.193301e+01 4.715100e+01 7.859123e-01
      vertex   4.185355e+01 4.724772e+01 8.229093e-01
      vertex   4.193301e+01 4.700430e+01 1.072633e+00
    endloop
  endfacet
  facet normal 7.916448e-01 5.439237e-01 2.782903e-01
    outer loop
      vertex   4.193301e+01 4.700430e+01 1.072633e+00
      vertex   4.185355e+01 4.724772e+01 8.229093e-01
      vertex   4.185355e+01 4.709089e+01 1.129424e+00
    endloop
  endfacet
  facet normal 3.807933e-01 8.231747e-01 4.211649e-01
    outer loop
      vertex   4.162941e+01 4.736859e+01 8.691441e-01
      vertex   4.162941e+01 4.719911e+01 1.200395e+00
      vertex   4.175000e+01 4.715734e+01 1.173001e+00
    endloop
  endfacet
  facet normal 6.065399e-01 7.077925e-01 3.621314e-01
    outer loop
      vertex   4.185355e+01 4.724772e+01 8.229093e-01
      vertex   4.175000e+01 4.732193e+01 8.512981e-01
      vertex   4.185355e+01 4.709089e+01 1.129424e+00
    endloop
  endfacet
  facet normal 6.065399e-01 7.077925e-01 3.621314e-01
    outer loop
      vertex   4.185355e+01 4.709089e+01 1.129424e+00
      vertex   4.175000e+01 4.732193e+01 8.512981e-01
      vertex   4.175000e+01 4.715734e+01 1.173001e+00
    endloop
  endfacet
  facet normal 3.807933e-01 8.231747e-01 4.211649e-01
    outer loop
      vertex   4.175000e+01 4.732193e+01 8.512981e-01
      vertex   4.162941e+01 4.736859e+01 8.691441e-01
      vertex   4.175000e+01 4.715734e+01 1.173001e+00
    endloop
  endfacet
  facet normal 9.230918e-01 3.788741e-01 -6.599993e-02
    outer loop
      vertex   4.193301e+01 4.724684e+01 1.527095e-01
      vertex   4.198296e+01 4.712650e+01 1.605311e-01
      vertex   4.193301e+01 4.719157e+01 -1.645812e-01
    endloop
  endfacet
  facet normal 9.230918e-01 3.788741e-01 -6.599993e-02
    outer loop
      vertex   4.193301e+01 4.719157e+01 -1.645812e-01
      vertex   4.198296e+01 4.712650e+01 1.605311e-01
      vertex   4.198296e+01 4.707568e+01 -1.312515e-01
    endloop
  endfacet
  facet normal 9.230918e-01 3.560517e-01 -1.453575e-01
    outer loop
      vertex   4.193301e+01 4.719157e+01 -1.645812e-01
      vertex   4.198296e+01 4.707568e+01 -1.312515e-01
      vertex   4.193301e+01 4.706984e+01 -4.627590e-01
    endloop
  endfacet
  facet normal 9.230918e-01 3.560517e-01 -1.453575e-01
    outer loop
      vertex   4.193301e+01 4.706984e+01 -4.627590e-01
      vertex   4.198296e+01 4.707568e+01 -1.312515e-01
      vertex   4.198296e+01 4.696373e+01 -4.054577e-01
    endloop
  endfacet
  facet normal 9.230918e-01 3.168147e-01 -2.180138e-01
    outer loop
      vertex   4.193301e+01 4.706984e+01 -4.627590e-01
      vertex   4.198296e+01 4.696373e+01 -4.054577e-01
      vertex   4.193301e+01 4.688726e+01 -7.280777e-01
    endloop
  endfacet
  facet normal 9.230918e-01 3.168147e-01 -2.180138e-01
    outer loop
      vertex   4.193301e+01 4.688726e+01 -7.280777e-01
      vertex   4.198296e+01 4.696373e+01 -4.054577e-01
      vertex   4.198296e+01 4.679583e+01 -6.494464e-01
    endloop
  endfacet
  facet normal 9.230918e-01 2.629721e-01 -2.806194e-01
    outer loop
      vertex   4.193301e+01 4.688726e+01 -7.280777e-01
      vertex   4.198296e+01 4.679583e+01 -6.494464e-01
      vertex   4.193301e+01 4.665226e+01 -9.483054e-01
    endloop
  endfacet
  facet normal 9.230918e-01 2.629721e-01 -2.806194e-01
    outer loop
      vertex   4.193301e+01 4.665226e+01 -9.483054e-01
      vertex   4.198296e+01 4.679583e+01 -6.494464e-01
      vertex   4.198296e+01 4.657972e+01 -8.519693e-01
    endloop
  endfacet
  facet normal 9.230918e-01 1.970061e-01 -3.302881e-01
    outer loop
      vertex   4.193301e+01 4.665226e+01 -9.483054e-01
      vertex   4.198296e+01 4.657972e+01 -8.519693e-01
      vertex   4.193301e+01 4.637565e+01 -1.113289e+00
    endloop
  endfacet
  facet normal 9.230918e-01 1.970061e-01 -3.302881e-01
    outer loop
      vertex   4.193301e+01 4.637565e+01 -1.113289e+00
      vertex   4.198296e+01 4.657972e+01 -8.519693e-01
      vertex   4.198296e+01 4.632535e+01 -1.003690e+00
    endloop
  endfacet
  facet normal 9.230918e-01 1.219578e-01 -3.647299e-01
    outer loop
      vertex   4.193301e+01 4.637565e+01 -1.113289e+00
      vertex   4.198296e+01 4.632535e+01 -1.003690e+00
      vertex   4.193301e+01 4.607021e+01 -1.215424e+00
    endloop
  endfacet
  facet normal 9.230918e-01 1.219578e-01 -3.647299e-01
    outer loop
      vertex   4.193301e+01 4.607021e+01 -1.215424e+00
      vertex   4.198296e+01 4.632535e+01 -1.003690e+00
      vertex   4.198296e+01 4.604446e+01 -1.097613e+00
    endloop
  endfacet
  facet normal 7.916448e-01 6.019170e-01 -1.048540e-01
    outer loop
      vertex   4.185355e+01 4.735018e+01 1.459930e-01
      vertex   4.193301e+01 4.724684e+01 1.527095e-01
      vertex   4.185355e+01 4.729109e+01 -1.932020e-01
    endloop
  endfacet
  facet normal 7.916448e-01 6.019170e-01 -1.048540e-01
    outer loop
      vertex   4.185355e+01 4.729109e+01 -1.932020e-01
      vertex   4.193301e+01 4.724684e+01 1.527095e-01
      vertex   4.193301e+01 4.719157e+01 -1.645812e-01
    endloop
  endfacet
  facet normal 7.916448e-01 5.656590e-01 -2.309293e-01
    outer loop
      vertex   4.185355e+01 4.729109e+01 -1.932020e-01
      vertex   4.193301e+01 4.719157e+01 -1.645812e-01
      vertex   4.185355e+01 4.716095e+01 -5.119648e-01
    endloop
  endfacet
  facet normal 7.916448e-01 5.656590e-01 -2.309293e-01
    outer loop
      vertex   4.185355e+01 4.716095e+01 -5.119648e-01
      vertex   4.193301e+01 4.719157e+01 -1.645812e-01
      vertex   4.193301e+01 4.706984e+01 -4.627590e-01
    endloop
  endfacet
  facet normal 7.916448e-01 5.033233e-01 -3.463584e-01
    outer loop
      vertex   4.185355e+01 4.716095e+01 -5.119648e-01
      vertex   4.193301e+01 4.706984e+01 -4.627590e-01
      vertex   4.185355e+01 4.696577e+01 -7.955998e-01
    endloop
  endfacet
  facet normal 7.916448e-01 5.033233e-01 -3.463584e-01
    outer loop
      vertex   4.185355e+01 4.696577e+01 -7.955998e-01
      vertex   4.193301e+01 4.706984e+01 -4.627590e-01
      vertex   4.193301e+01 4.688726e+01 -7.280777e-01
    endloop
  endfacet
  facet normal 7.916448e-01 4.177836e-01 -4.458199e-01
    outer loop
      vertex   4.185355e+01 4.696577e+01 -7.955998e-01
      vertex   4.193301e+01 4.688726e+01 -7.280777e-01
      vertex   4.185355e+01 4.671454e+01 -1.031031e+00
    endloop
  endfacet
  facet normal 7.916448e-01 4.177836e-01 -4.458199e-01
    outer loop
      vertex   4.185355e+01 4.671454e+01 -1.031031e+00
      vertex   4.193301e+01 4.688726e+01 -7.280777e-01
      vertex   4.193301e+01 4.665226e+01 -9.483054e-01
    endloop
  endfacet
  facet normal 7.916448e-01 3.129834e-01 -5.247284e-01
    outer loop
      vertex   4.185355e+01 4.671454e+01 -1.031031e+00
      vertex   4.193301e+01 4.665226e+01 -9.483054e-01
      vertex   4.185355e+01 4.641885e+01 -1.207405e+00
    endloop
  endfacet
  facet normal 7.916448e-01 3.129834e-01 -5.247284e-01
    outer loop
      vertex   4.185355e+01 4.641885e+01 -1.207405e+00
      vertex   4.193301e+01 4.665226e+01 -9.483054e-01
      vertex   4.193301e+01 4.637565e+01 -1.113289e+00
    endloop
  endfacet
  facet normal 7.916448e-01 1.937542e-01 -5.794461e-01
    outer loop
      vertex   4.185355e+01 4.641885e+01 -1.207405e+00
      vertex   4.193301e+01 4.637565e+01 -1.113289e+00
      vertex   4.185355e+01 4.609231e+01 -1.316590e+00
    endloop
  endfacet
  facet normal 7.916448e-01 1.937542e-01 -5.794461e-01
    outer loop
      vertex   4.185355e+01 4.609231e+01 -1.316590e+00
      vertex   4.193301e+01 4.637565e+01 -1.113289e+00
      vertex   4.193301e+01 4.607021e+01 -1.215424e+00
    endloop
  endfacet
  facet normal 3.807933e-01 9.109419e-01 -1.586862e-01
    outer loop
      vertex   4.162941e+01 4.741546e+01 -2.289692e-01
      vertex   4.162941e+01 4.747931e+01 1.375995e-01
      vertex   4.175000e+01 4.742947e+01 1.408393e-01
    endloop
  endfacet
  facet normal 6.065399e-01 7.832576e-01 -1.364436e-01
    outer loop
      vertex   4.175000e+01 4.742947e+01 1.408393e-01
      vertex   4.185355e+01 4.735018e+01 1.459930e-01
      vertex   4.175000e+01 4.736745e+01 -2.151636e-01
    endloop
  endfacet
  facet normal 6.065399e-01 7.832576e-01 -1.364436e-01
    outer loop
      vertex   4.175000e+01 4.736745e+01 -2.151636e-01
      vertex   4.185355e+01 4.735018e+01 1.459930e-01
      vertex   4.185355e+01 4.729109e+01 -1.932020e-01
    endloop
  endfacet
  facet normal 6.065399e-01 7.360761e-01 -3.005018e-01
    outer loop
      vertex   4.175000e+01 4.736745e+01 -2.151636e-01
      vertex   4.185355e+01 4.729109e+01 -1.932020e-01
      vertex   4.175000e+01 4.723087e+01 -5.497217e-01
    endloop
  endfacet
  facet normal 6.065399e-01 7.360761e-01 -3.005018e-01
    outer loop
      vertex   4.175000e+01 4.723087e+01 -5.497217e-01
      vertex   4.185355e+01 4.729109e+01 -1.932020e-01
      vertex   4.185355e+01 4.716095e+01 -5.119648e-01
    endloop
  endfacet
  facet normal 6.065399e-01 6.549604e-01 -4.507064e-01
    outer loop
      vertex   4.175000e+01 4.723087e+01 -5.497217e-01
      vertex   4.185355e+01 4.716095e+01 -5.119648e-01
      vertex   4.175000e+01 4.702602e+01 -8.474114e-01
    endloop
  endfacet
  facet normal 6.065399e-01 6.549604e-01 -4.507064e-01
    outer loop
      vertex   4.175000e+01 4.702602e+01 -8.474114e-01
      vertex   4.185355e+01 4.716095e+01 -5.119648e-01
      vertex   4.185355e+01 4.696577e+01 -7.955998e-01
    endloop
  endfacet
  facet normal 6.065399e-01 5.436500e-01 -5.801328e-01
    outer loop
      vertex   4.175000e+01 4.702602e+01 -8.474114e-01
      vertex   4.185355e+01 4.696577e+01 -7.955998e-01
      vertex   4.175000e+01 4.676234e+01 -1.094509e+00
    endloop
  endfacet
  facet normal 6.065399e-01 5.436500e-01 -5.801328e-01
    outer loop
      vertex   4.175000e+01 4.676234e+01 -1.094509e+00
      vertex   4.185355e+01 4.696577e+01 -7.955998e-01
      vertex   4.185355e+01 4.671454e+01 -1.031031e+00
    endloop
  endfacet
  facet normal 6.065399e-01 4.072765e-01 -6.828142e-01
    outer loop
      vertex   4.175000e+01 4.676234e+01 -1.094509e+00
      vertex   4.185355e+01 4.671454e+01 -1.031031e+00
      vertex   4.175000e+01 4.645199e+01 -1.279622e+00
    endloop
  endfacet
  facet normal 6.065399e-01 4.072765e-01 -6.828142e-01
    outer loop
      vertex   4.175000e+01 4.645199e+01 -1.279622e+00
      vertex   4.185355e+01 4.671454e+01 -1.031031e+00
      vertex   4.185355e+01 4.641885e+01 -1.207405e+00
    endloop
  endfacet
  facet normal 6.065399e-01 2.521269e-01 -7.540168e-01
    outer loop
      vertex   4.175000e+01 4.645199e+01 -1.279622e+00
      vertex   4.185355e+01 4.641885e+01 -1.207405e+00
      vertex   4.175000e+01 4.610928e+01 -1.394218e+00
    endloop
  endfacet
  facet normal 6.065399e-01 2.521269e-01 -7.540168e-01
    outer loop
      vertex   4.175000e+01 4.610928e+01 -1.394218e+00
      vertex   4.185355e+01 4.641885e+01 -1.207405e+00
      vertex   4.185355e+01 4.609231e+01 -1.316590e+00
    endloop
  endfacet
  facet normal 3.807933e-01 8.560690e-01 -3.494887e-01
    outer loop
      vertex   4.162941e+01 4.727482e+01 -5.734567e-01
      vertex   4.162941e+01 4.741546e+01 -2.289692e-01
      vertex   4.175000e+01 4.736745e+01 -2.151636e-01
    endloop
  endfacet
  facet normal 3.807933e-01 9.109419e-01 -1.586862e-01
    outer loop
      vertex   4.175000e+01 4.736745e+01 -2.151636e-01
      vertex   4.162941e+01 4.741546e+01 -2.289692e-01
      vertex   4.175000e+01 4.742947e+01 1.408393e-01
    endloop
  endfacet
  facet normal 3.807933e-01 8.560690e-01 -3.494887e-01
    outer loop
      vertex   4.162941e+01 4.727482e+01 -5.734567e-01
      vertex   4.175000e+01 4.736745e+01 -2.151636e-01
      vertex   4.175000e+01 4.723087e+01 -5.497217e-01
    endloop
  endfacet
  facet normal 3.807933e-01 7.617300e-01 -5.241792e-01
    outer loop
      vertex   4.162941e+01 4.706389e+01 -8.799815e-01
      vertex   4.162941e+01 4.727482e+01 -5.734567e-01
      vertex   4.175000e+01 4.723087e+01 -5.497217e-01
    endloop
  endfacet
  facet normal 3.807933e-01 7.617300e-01 -5.241792e-01
    outer loop
      vertex   4.162941e+01 4.706389e+01 -8.799815e-01
      vertex   4.175000e+01 4.723087e+01 -5.497217e-01
      vertex   4.175000e+01 4.702602e+01 -8.474114e-01
    endloop
  endfacet
  facet normal 3.807933e-01 6.322741e-01 -6.747043e-01
    outer loop
      vertex   4.162941e+01 4.679238e+01 -1.134413e+00
      vertex   4.162941e+01 4.706389e+01 -8.799815e-01
      vertex   4.175000e+01 4.702602e+01 -8.474114e-01
    endloop
  endfacet
  facet normal 3.807933e-01 6.322741e-01 -6.747043e-01
    outer loop
      vertex   4.162941e+01 4.679238e+01 -1.134413e+00
      vertex   4.175000e+01 4.702602e+01 -8.474114e-01
      vertex   4.175000e+01 4.676234e+01 -1.094509e+00
    endloop
  endfacet
  facet normal 3.807933e-01 4.736695e-01 -7.941245e-01
    outer loop
      vertex   4.162941e+01 4.647282e+01 -1.325020e+00
      vertex   4.162941e+01 4.679238e+01 -1.134413e+00
      vertex   4.175000e+01 4.676234e+01 -1.094509e+00
    endloop
  endfacet
  facet normal 3.807933e-01 4.736695e-01 -7.941245e-01
    outer loop
      vertex   4.162941e+01 4.647282e+01 -1.325020e+00
      vertex   4.175000e+01 4.676234e+01 -1.094509e+00
      vertex   4.175000e+01 4.645199e+01 -1.279622e+00
    endloop
  endfacet
  facet normal 3.807933e-01 2.932279e-01 -8.769344e-01
    outer loop
      vertex   4.162941e+01 4.611994e+01 -1.443017e+00
      vertex   4.162941e+01 4.647282e+01 -1.325020e+00
      vertex   4.175000e+01 4.645199e+01 -1.279622e+00
    endloop
  endfacet
  facet normal 3.807933e-01 2.932279e-01 -8.769344e-01
    outer loop
      vertex   4.162941e+01 4.611994e+01 -1.443017e+00
      vertex   4.175000e+01 4.645199e+01 -1.279622e+00
      vertex   4.175000e+01 4.610928e+01 -1.394218e+00
    endloop
  endfacet
  facet normal 4.906767e-02 0.000000e+00 -9.987955e-01
    outer loop
      vertex   4.150000e+01 4.000000e+01 -1.500000e+00
      vertex   4.150000e+01 4.575000e+01 -1.500000e+00
      vertex   4.154901e+01 3.999759e+01 -1.497592e+00
    endloop
  endfacet
  facet normal 1.607301e-01 9.562637e-04 -9.869979e-01
    outer loop
      vertex   4.154901e+01 3.999759e+01 -1.497592e+00
      vertex   4.150000e+01 4.575000e+01 -1.500000e+00
      vertex   4.162941e+01 4.158333e+01 -1.482963e+00
    endloop
  endfacet
  facet normal 1.469732e-01 1.673526e-03 -9.891391e-01
    outer loop
      vertex   4.154901e+01 3.999759e+01 -1.497592e+00
      vertex   4.162941e+01 4.158333e+01 -1.482963e+00
      vertex   4.159755e+01 3.999039e+01 -1.490393e+00
    endloop
  endfacet
  facet normal 2.899134e-01 -1.335437e-03 -9.570519e-01
    outer loop
      vertex   4.159755e+01 3.999039e+01 -1.490393e+00
      vertex   4.162941e+01 4.158333e+01 -1.482963e+00
      vertex   4.169134e+01 3.996194e+01 -1.461940e+00
    endloop
  endfacet
  facet normal 3.826821e-01 2.638196e-03 -9.238763e-01
    outer loop
      vertex   4.169134e+01 3.996194e+01 -1.461940e+00
      vertex   4.162941e+01 4.158333e+01 -1.482963e+00
      vertex   4.175000e+01 4.158333e+01 -1.433013e+00
    endloop
  endfacet
  facet normal 4.708578e-01 -1.295193e-03 -8.822082e-01
    outer loop
      vertex   4.169134e+01 3.996194e+01 -1.461940e+00
      vertex   4.175000e+01 4.158333e+01 -1.433013e+00
      vertex   4.177779e+01 3.991573e+01 -1.415735e+00
    endloop
  endfacet
  facet normal 6.087603e-01 1.923140e-03 -7.933519e-01
    outer loop
      vertex   4.177779e+01 3.991573e+01 -1.415735e+00
      vertex   4.175000e+01 4.158333e+01 -1.433013e+00
      vertex   4.185355e+01 4.158333e+01 -1.353553e+00
    endloop
  endfacet
  facet normal 6.343933e-01 3.981805e-16 -7.730105e-01
    outer loop
      vertex   4.177779e+01 3.991573e+01 -1.415735e+00
      vertex   4.185355e+01 4.158333e+01 -1.353553e+00
      vertex   4.185355e+01 3.985355e+01 -1.353553e+00
    endloop
  endfacet
  facet normal 7.730105e-01 3.257376e-16 -6.343933e-01
    outer loop
      vertex   4.185355e+01 3.985355e+01 -1.353553e+00
      vertex   4.185355e+01 4.158333e+01 -1.353553e+00
      vertex   4.191573e+01 3.977779e+01 -1.277785e+00
    endloop
  endfacet
  facet normal 7.933521e-01 1.776206e-03 -6.087605e-01
    outer loop
      vertex   4.191573e+01 3.977779e+01 -1.277785e+00
      vertex   4.185355e+01 4.158333e+01 -1.353553e+00
      vertex   4.193301e+01 4.158333e+01 -1.250000e+00
    endloop
  endfacet
  facet normal 8.814352e-01 -1.166591e-03 -4.723035e-01
    outer loop
      vertex   4.191573e+01 3.977779e+01 -1.277785e+00
      vertex   4.193301e+01 4.158333e+01 -1.250000e+00
      vertex   4.196194e+01 3.969134e+01 -1.191342e+00
    endloop
  endfacet
  facet normal 9.238772e-01 2.260876e-03 -3.826825e-01
    outer loop
      vertex   4.196194e+01 3.969134e+01 -1.191342e+00
      vertex   4.193301e+01 4.158333e+01 -1.250000e+00
      vertex   4.198296e+01 4.158333e+01 -1.129410e+00
    endloop
  endfacet
  facet normal 9.566351e-01 -1.094847e-03 -2.912869e-01
    outer loop
      vertex   4.196194e+01 3.969134e+01 -1.191342e+00
      vertex   4.198296e+01 4.158333e+01 -1.129410e+00
      vertex   4.199039e+01 3.959755e+01 -1.097545e+00
    endloop
  endfacet
  facet normal 9.953932e-01 2.186161e-03 -9.585152e-02
    outer loop
      vertex   4.199039e+01 3.959755e+01 -1.097545e+00
      vertex   4.198296e+01 4.158333e+01 -1.129410e+00
      vertex   4.200000e+01 3.950000e+01 -1.000000e+00
    endloop
  endfacet
  facet normal 9.914449e-01 7.200498e-19 -1.305262e-01
    outer loop
      vertex   4.200000e+01 3.950000e+01 -1.000000e+00
      vertex   4.198296e+01 4.158333e+01 -1.129410e+00
      vertex   4.198296e+01 4.366667e+01 -1.129410e+00
    endloop
  endfacet
  facet normal 9.914449e-01 3.709778e-17 -1.305262e-01
    outer loop
      vertex   4.200000e+01 3.950000e+01 -1.000000e+00
      vertex   4.198296e+01 4.366667e+01 -1.129410e+00
      vertex   4.200000e+01 4.575000e+01 -1.000000e+00
    endloop
  endfacet
  facet normal 9.914449e-01 5.619440e-17 -1.305262e-01
    outer loop
      vertex   4.200000e+01 4.575000e+01 -1.000000e+00
      vertex   4.198296e+01 4.366667e+01 -1.129410e+00
      vertex   4.198296e+01 4.575000e+01 -1.129410e+00
    endloop
  endfacet
  facet normal 9.238795e-01 1.631478e-16 -3.826834e-01
    outer loop
      vertex   4.198296e+01 4.575000e+01 -1.129410e+00
      vertex   4.198296e+01 4.366667e+01 -1.129410e+00
      vertex   4.193301e+01 4.575000e+01 -1.250000e+00
    endloop
  endfacet
  facet normal 9.238795e-01 2.855086e-16 -3.826834e-01
    outer loop
      vertex   4.193301e+01 4.575000e+01 -1.250000e+00
      vertex   4.198296e+01 4.366667e+01 -1.129410e+00
      vertex   4.193301e+01 4.366667e+01 -1.250000e+00
    endloop
  endfacet
  facet normal 7.933533e-01 4.541786e-16 -6.087614e-01
    outer loop
      vertex   4.193301e+01 4.575000e+01 -1.250000e+00
      vertex   4.193301e+01 4.366667e+01 -1.250000e+00
      vertex   4.185355e+01 4.575000e+01 -1.353553e+00
    endloop
  endfacet
  facet normal 7.933533e-01 8.434745e-16 -6.087614e-01
    outer loop
      vertex   4.185355e+01 4.575000e+01 -1.353553e+00
      vertex   4.193301e+01 4.366667e+01 -1.250000e+00
      vertex   4.185355e+01 4.366667e+01 -1.353553e+00
    endloop
  endfacet
  facet normal 6.087614e-01 1.099237e-15 -7.933533e-01
    outer loop
      vertex   4.185355e+01 4.575000e+01 -1.353553e+00
      vertex   4.185355e+01 4.366667e+01 -1.353553e+00
      vertex   4.175000e+01 4.575000e+01 -1.433013e+00
    endloop
  endfacet
  facet normal 6.087614e-01 6.764537e-16 -7.933533e-01
    outer loop
      vertex   4.175000e+01 4.575000e+01 -1.433013e+00
      vertex   4.185355e+01 4.366667e+01 -1.353553e+00
      vertex   4.175000e+01 4.366667e+01 -1.433013e+00
    endloop
  endfacet
  facet normal 3.826834e-01 7.877471e-16 -9.238795e-01
    outer loop
      vertex   4.175000e+01 4.575000e+01 -1.433013e+00
      vertex   4.175000e+01 4.366667e+01 -1.433013e+00
      vertex   4.162941e+01 4.575000e+01 -1.482963e+00
    endloop
  endfacet
  facet normal 3.826834e-01 1.673963e-15 -9.238795e-01
    outer loop
      vertex   4.162941e+01 4.575000e+01 -1.482963e+00
      vertex   4.175000e+01 4.366667e+01 -1.433013e+00
      vertex   4.162941e+01 4.366667e+01 -1.482963e+00
    endloop
  endfacet
  facet normal 1.305262e-01 1.796383e-15 -9.914449e-01
    outer loop
      vertex   4.162941e+01 4.575000e+01 -1.482963e+00
      vertex   4.162941e+01 4.366667e+01 -1.482963e+00
      vertex   4.150000e+01 4.575000e+01 -1.500000e+00
    endloop
  endfacet
  facet normal 1.305262e-01 -1.062710e-16 -9.914449e-01
    outer loop
      vertex   4.150000e+01 4.575000e+01 -1.500000e+00
      vertex   4.162941e+01 4.366667e+01 -1.482963e+00
      vertex   4.162941e+01 4.158333e+01 -1.482963e+00
    endloop
  endfacet
  facet normal 3.826834e-01 -9.806439e-17 -9.238795e-01
    outer loop
      vertex   4.175000e+01 4.158333e+01 -1.433013e+00
      vertex   4.162941e+01 4.158333e+01 -1.482963e+00
      vertex   4.162941e+01 4.366667e+01 -1.482963e+00
    endloop
  endfacet
  facet normal 3.826834e-01 3.938735e-16 -9.238795e-01
    outer loop
      vertex   4.175000e+01 4.158333e+01 -1.433013e+00
      vertex   4.162941e+01 4.366667e+01 -1.482963e+00
      vertex   4.175000e+01 4.366667e+01 -1.433013e+00
    endloop
  endfacet
  facet normal 6.087614e-01 3.413304e-16 -7.933533e-01
    outer loop
      vertex   4.185355e+01 4.158333e+01 -1.353553e+00
      vertex   4.175000e+01 4.158333e+01 -1.433013e+00
      vertex   4.175000e+01 4.366667e+01 -1.433013e+00
    endloop
  endfacet
  facet normal 6.087614e-01 2.536702e-16 -7.933533e-01
    outer loop
      vertex   4.185355e+01 4.158333e+01 -1.353553e+00
      vertex   4.175000e+01 4.366667e+01 -1.433013e+00
      vertex   4.185355e+01 4.366667e+01 -1.353553e+00
    endloop
  endfacet
  facet normal 7.933533e-01 1.946590e-16 -6.087614e-01
    outer loop
      vertex   4.193301e+01 4.158333e+01 -1.250000e+00
      vertex   4.185355e+01 4.158333e+01 -1.353553e+00
      vertex   4.185355e+01 4.366667e+01 -1.353553e+00
    endloop
  endfacet
  facet normal 7.933533e-01 0.000000e+00 -6.087614e-01
    outer loop
      vertex   4.193301e+01 4.158333e+01 -1.250000e+00
      vertex   4.185355e+01 4.366667e+01 -1.353553e+00
      vertex   4.193301e+01 4.366667e+01 -1.250000e+00
    endloop
  endfacet
  facet normal 9.238795e-01 -8.378963e-19 -3.826834e-01
    outer loop
      vertex   4.198296e+01 4.158333e+01 -1.129410e+00
      vertex   4.193301e+01 4.158333e+01 -1.250000e+00
      vertex   4.193301e+01 4.366667e+01 -1.250000e+00
    endloop
  endfacet
  facet normal 9.238795e-01 0.000000e+00 -3.826834e-01
    outer loop
      vertex   4.198296e+01 4.158333e+01 -1.129410e+00
      vertex   4.193301e+01 4.366667e+01 -1.250000e+00
      vertex   4.198296e+01 4.366667e+01 -1.129410e+00
    endloop
  endfacet
  facet normal 9.999948e-01 -5.332885e-20 3.212297e-03
    outer loop
      vertex   4.200000e+01 -6.750000e+00 1.000000e+00
      vertex   4.200000e+01 4.675000e+01 1.000000e+00
      vertex   4.199999e+01 -6.751605e+00 1.003212e+00
    endloop
  endfacet
  facet normal 9.912366e-01 7.740137e-06 1.320987e-01
    outer loop
      vertex   4.199999e+01 -6.751605e+00 1.003212e+00
      vertex   4.200000e+01 4.675000e+01 1.000000e+00
      vertex   4.198296e+01 2.000000e+01 1.129410e+00
    endloop
  endfacet
  facet normal 9.910205e-01 -1.321665e-19 1.337103e-01
    outer loop
      vertex   4.199999e+01 -6.751605e+00 1.003212e+00
      vertex   4.198296e+01 2.000000e+01 1.129410e+00
      vertex   4.198296e+01 1.730253e+01 1.129410e+00
    endloop
  endfacet
  facet normal 9.238795e-01 -0.000000e+00 3.826834e-01
    outer loop
      vertex   4.198296e+01 1.730253e+01 1.129410e+00
      vertex   4.198296e+01 2.000000e+01 1.129410e+00
      vertex   4.193301e+01 1.730253e+01 1.250000e+00
    endloop
  endfacet
  facet normal 9.238795e-01 -4.010513e-19 3.826834e-01
    outer loop
      vertex   4.198296e+01 1.730253e+01 1.129410e+00
      vertex   4.193301e+01 1.730253e+01 1.250000e+00
      vertex   4.193301e+01 1.460505e+01 1.250000e+00
    endloop
  endfacet
  facet normal 7.933533e-01 -0.000000e+00 6.087614e-01
    outer loop
      vertex   4.193301e+01 1.460505e+01 1.250000e+00
      vertex   4.193301e+01 1.730253e+01 1.250000e+00
      vertex   4.185355e+01 1.460505e+01 1.353553e+00
    endloop
  endfacet
  facet normal 7.933533e-01 -1.569505e-18 6.087614e-01
    outer loop
      vertex   4.193301e+01 1.460505e+01 1.250000e+00
      vertex   4.185355e+01 1.460505e+01 1.353553e+00
      vertex   4.185355e+01 1.190758e+01 1.353553e+00
    endloop
  endfacet
  facet normal 6.087614e-01 -0.000000e+00 7.933533e-01
    outer loop
      vertex   4.185355e+01 1.190758e+01 1.353553e+00
      vertex   4.185355e+01 1.460505e+01 1.353553e+00
      vertex   4.175000e+01 1.190758e+01 1.433013e+00
    endloop
  endfacet
  facet normal 6.087614e-01 -1.716547e-19 7.933533e-01
    outer loop
      vertex   4.185355e+01 1.190758e+01 1.353553e+00
      vertex   4.175000e+01 1.190758e+01 1.433013e+00
      vertex   4.175000e+01 9.210102e+00 1.433013e+00
    endloop
  endfacet
  facet normal 3.826834e-01 -0.000000e+00 9.238795e-01
    outer loop
      vertex   4.175000e+01 9.210102e+00 1.433013e+00
      vertex   4.175000e+01 1.190758e+01 1.433013e+00
      vertex   4.162941e+01 9.210102e+00 1.482963e+00
    endloop
  endfacet
  facet normal 3.826834e-01 5.645125e-19 9.238795e-01
    outer loop
      vertex   4.175000e+01 9.210102e+00 1.433013e+00
      vertex   4.162941e+01 9.210102e+00 1.482963e+00
      vertex   4.162941e+01 6.512628e+00 1.482963e+00
    endloop
  endfacet
  facet normal 1.305262e-01 -0.000000e+00 9.914449e-01
    outer loop
      vertex   4.162941e+01 6.512628e+00 1.482963e+00
      vertex   4.162941e+01 9.210102e+00 1.482963e+00
      vertex   4.150000e+01 -6.974745e+00 1.500000e+00
    endloop
  endfacet
  facet normal 1.305262e-01 0.000000e+00 9.914449e-01
    outer loop
      vertex   4.162941e+01 6.512628e+00 1.482963e+00
      vertex   4.150000e+01 -6.974745e+00 1.500000e+00
      vertex   4.162941e+01 3.815153e+00 1.482963e+00
    endloop
  endfacet
  facet normal 1.305262e-01 0.000000e+00 9.914449e-01
    outer loop
      vertex   4.162941e+01 3.815153e+00 1.482963e+00
      vertex   4.150000e+01 -6.974745e+00 1.500000e+00
      vertex   4.162941e+01 1.117679e+00 1.482963e+00
    endloop
  endfacet
  facet normal 3.826834e-01 0.000000e+00 9.238795e-01
    outer loop
      vertex   4.162941e+01 3.815153e+00 1.482963e+00
      vertex   4.162941e+01 1.117679e+00 1.482963e+00
      vertex   4.175000e+01 3.815153e+00 1.433013e+00
    endloop
  endfacet
  facet normal 3.826834e-01 0.000000e+00 9.238795e-01
    outer loop
      vertex   4.175000e+01 3.815153e+00 1.433013e+00
      vertex   4.162941e+01 1.117679e+00 1.482963e+00
      vertex   4.175000e+01 1.117679e+00 1.433013e+00
    endloop
  endfacet
  facet normal 6.087614e-01 0.000000e+00 7.933533e-01
    outer loop
      vertex   4.175000e+01 3.815153e+00 1.433013e+00
      vertex   4.175000e+01 1.117679e+00 1.433013e+00
      vertex   4.185355e+01 3.815153e+00 1.353553e+00
    endloop
  endfacet
  facet normal 6.087614e-01 0.000000e+00 7.933533e-01
    outer loop
      vertex   4.185355e+01 3.815153e+00 1.353553e+00
      vertex   4.175000e+01 1.117679e+00 1.433013e+00
      vertex   4.185355e+01 1.117679e+00 1.353553e+00
    endloop
  endfacet
  facet normal 7.933533e-01 0.000000e+00 6.087614e-01
    outer loop
      vertex   4.185355e+01 3.815153e+00 1.353553e+00
      vertex   4.185355e+01 1.117679e+00 1.353553e+00
      vertex   4.193301e+01 3.815153e+00 1.250000e+00
    endloop
  endfacet
  facet normal 7.933533e-01 0.000000e+00 6.087614e-01
    outer loop
      vertex   4.193301e+01 3.815153e+00 1.250000e+00
      vertex   4.185355e+01 1.117679e+00 1.353553e+00
      vertex   4.193301e+01 1.117679e+00 1.250000e+00
    endloop
  endfacet
  facet normal 9.238795e-01 0.000000e+00 3.826834e-01
    outer loop
      vertex   4.193301e+01 3.815153e+00 1.250000e+00
      vertex   4.193301e+01 1.117679e+00 1.250000e+00
      vertex   4.198296e+01 3.815153e+00 1.129410e+00
    endloop
  endfacet
  facet normal 9.238795e-01 0.000000e+00 3.826834e-01
    outer loop
      vertex   4.198296e+01 3.815153e+00 1.129410e+00
      vertex   4.193301e+01 1.117679e+00 1.250000e+00
      vertex   4.198296e+01 1.117679e+00 1.129410e+00
    endloop
  endfacet
  facet normal 9.910205e-01 0.000000e+00 1.337103e-01
    outer loop
      vertex   4.198296e+01 3.815153e+00 1.129410e+00
      vertex   4.198296e+01 1.117679e+00 1.129410e+00
      vertex   4.199999e+01 -6.751605e+00 1.003212e+00
    endloop
  endfacet
  facet normal 9.910205e-01 -1.321665e-19 1.337103e-01
    outer loop
      vertex   4.199999e+01 -6.751605e+00 1.003212e+00
      vertex   4.198296e+01 1.117679e+00 1.129410e+00
      vertex   4.198296e+01 -1.579796e+00 1.129410e+00
    endloop
  endfacet
  facet normal 9.910205e-01 -1.321665e-19 1.337103e-01
    outer loop
      vertex   4.199999e+01 -6.751605e+00 1.003212e+00
      vertex   4.198296e+01 -1.579796e+00 1.129410e+00
      vertex   4.198296e+01 -4.277270e+00 1.129410e+00
    endloop
  endfacet
  facet normal 9.238795e-01 -0.000000e+00 3.826834e-01
    outer loop
      vertex   4.198296e+01 -4.277270e+00 1.129410e+00
      vertex   4.198296e+01 -1.579796e+00 1.129410e+00
      vertex   4.193301e+01 -4.277270e+00 1.250000e+00
    endloop
  endfacet
  facet normal 9.238783e-01 1.653757e-03 3.826829e-01
    outer loop
      vertex   4.198296e+01 -4.277270e+00 1.129410e+00
      vertex   4.193301e+01 -4.277270e+00 1.250000e+00
      vertex   4.196437e+01 -6.838740e+00 1.185356e+00
    endloop
  endfacet
  facet normal 8.892832e-01 -6.543411e-04 4.573564e-01
    outer loop
      vertex   4.196437e+01 -6.838740e+00 1.185356e+00
      vertex   4.193301e+01 -4.277270e+00 1.250000e+00
      vertex   4.192073e+01 -6.877011e+00 1.270154e+00
    endloop
  endfacet
  facet normal 7.933530e-01 9.724839e-04 6.087611e-01
    outer loop
      vertex   4.192073e+01 -6.877011e+00 1.270154e+00
      vertex   4.193301e+01 -4.277270e+00 1.250000e+00
      vertex   4.185355e+01 -4.277270e+00 1.353553e+00
    endloop
  endfacet
  facet normal 7.851092e-01 4.195322e-04 6.193572e-01
    outer loop
      vertex   4.192073e+01 -6.877011e+00 1.270154e+00
      vertex   4.185355e+01 -4.277270e+00 1.353553e+00
      vertex   4.186077e+01 -6.910253e+00 1.346187e+00
    endloop
  endfacet
  facet normal 6.496898e-01 -3.457772e-04 7.601993e-01
    outer loop
      vertex   4.186077e+01 -6.910253e+00 1.346187e+00
      vertex   4.185355e+01 -4.277270e+00 1.353553e+00
      vertex   4.178568e+01 -6.937583e+00 1.410349e+00
    endloop
  endfacet
  facet normal 6.087608e-01 1.406229e-03 7.933526e-01
    outer loop
      vertex   4.178568e+01 -6.937583e+00 1.410349e+00
      vertex   4.185355e+01 -4.277270e+00 1.353553e+00
      vertex   4.175000e+01 -4.277270e+00 1.433013e+00
    endloop
  endfacet
  facet normal 4.865110e-01 -9.177216e-04 8.736740e-01
    outer loop
      vertex   4.178568e+01 -6.937583e+00 1.410349e+00
      vertex   4.175000e+01 -4.277270e+00 1.433013e+00
      vertex   4.169822e+01 -6.957904e+00 1.459030e+00
    endloop
  endfacet
  facet normal 3.826830e-01 1.575033e-03 9.238784e-01
    outer loop
      vertex   4.169822e+01 -6.957904e+00 1.459030e+00
      vertex   4.175000e+01 -4.277270e+00 1.433013e+00
      vertex   4.162941e+01 -4.277270e+00 1.482963e+00
    endloop
  endfacet
  facet normal 3.013232e-01 -7.781574e-04 9.535217e-01
    outer loop
      vertex   4.169822e+01 -6.957904e+00 1.459030e+00
      vertex   4.162941e+01 -4.277270e+00 1.482963e+00
      vertex   4.160147e+01 -6.970494e+00 1.489595e+00
    endloop
  endfacet
  facet normal 1.019523e-01 1.391929e-03 9.947883e-01
    outer loop
      vertex   4.160147e+01 -6.970494e+00 1.489595e+00
      vertex   4.162941e+01 -4.277270e+00 1.482963e+00
      vertex   4.150000e+01 -6.974745e+00 1.500000e+00
    endloop
  endfacet
  facet normal 1.305262e-01 4.645069e-19 9.914449e-01
    outer loop
      vertex   4.150000e+01 -6.974745e+00 1.500000e+00
      vertex   4.162941e+01 -4.277270e+00 1.482963e+00
      vertex   4.162941e+01 -1.579796e+00 1.482963e+00
    endloop
  endfacet
  facet normal 1.305262e-01 4.645069e-19 9.914449e-01
    outer loop
      vertex   4.150000e+01 -6.974745e+00 1.500000e+00
      vertex   4.162941e+01 -1.579796e+00 1.482963e+00
      vertex   4.162941e+01 1.117679e+00 1.482963e+00
    endloop
  endfacet
  facet normal 3.826834e-01 0.000000e+00 9.238795e-01
    outer loop
      vertex   4.162941e+01 1.117679e+00 1.482963e+00
      vertex   4.162941e+01 -1.579796e+00 1.482963e+00
      vertex   4.175000e+01 1.117679e+00 1.433013e+00
    endloop
  endfacet
  facet normal 9.999575e-01 -6.550324e-03 6.484713e-03
    outer loop
      vertex   4.199999e+01 4.675160e+01 1.003212e+00
      vertex   4.198296e+01 4.427727e+01 1.129410e+00
      vertex   4.200000e+01 4.675000e+01 1.000000e+00
    endloop
  endfacet
  facet normal 9.914449e-01 4.674954e-19 1.305262e-01
    outer loop
      vertex   4.200000e+01 4.675000e+01 1.000000e+00
      vertex   4.198296e+01 4.427727e+01 1.129410e+00
      vertex   4.198296e+01 4.157980e+01 1.129410e+00
    endloop
  endfacet
  facet normal 9.914449e-01 4.674954e-19 1.305262e-01
    outer loop
      vertex   4.200000e+01 4.675000e+01 1.000000e+00
      vertex   4.198296e+01 4.157980e+01 1.129410e+00
      vertex   4.198296e+01 3.888232e+01 1.129410e+00
    endloop
  endfacet
  facet normal 9.238795e-01 -0.000000e+00 3.826834e-01
    outer loop
      vertex   4.198296e+01 3.888232e+01 1.129410e+00
      vertex   4.198296e+01 4.157980e+01 1.129410e+00
      vertex   4.193301e+01 3.888232e+01 1.250000e+00
    endloop
  endfacet
  facet normal 9.238795e-01 -4.010513e-19 3.826834e-01
    outer loop
      vertex   4.198296e+01 3.888232e+01 1.129410e+00
      vertex   4.193301e+01 3.888232e+01 1.250000e+00
      vertex   4.193301e+01 3.618485e+01 1.250000e+00
    endloop
  endfacet
  facet normal 7.933533e-01 -0.000000e+00 6.087614e-01
    outer loop
      vertex   4.193301e+01 3.618485e+01 1.250000e+00
      vertex   4.193301e+01 3.888232e+01 1.250000e+00
      vertex   4.185355e+01 3.618485e+01 1.353553e+00
    endloop
  endfacet
  facet normal 7.933533e-01 -1.569505e-18 6.087614e-01
    outer loop
      vertex   4.193301e+01 3.618485e+01 1.250000e+00
      vertex   4.185355e+01 3.618485e+01 1.353553e+00
      vertex   4.185355e+01 3.348737e+01 1.353553e+00
    endloop
  endfacet
  facet normal 6.087614e-01 -0.000000e+00 7.933533e-01
    outer loop
      vertex   4.185355e+01 3.348737e+01 1.353553e+00
      vertex   4.185355e+01 3.618485e+01 1.353553e+00
      vertex   4.175000e+01 3.348737e+01 1.433013e+00
    endloop
  endfacet
  facet normal 6.087614e-01 -1.716547e-19 7.933533e-01
    outer loop
      vertex   4.185355e+01 3.348737e+01 1.353553e+00
      vertex   4.175000e+01 3.348737e+01 1.433013e+00
      vertex   4.175000e+01 3.078990e+01 1.433013e+00
    endloop
  endfacet
  facet normal 3.826834e-01 -0.000000e+00 9.238795e-01
    outer loop
      vertex   4.175000e+01 3.078990e+01 1.433013e+00
      vertex   4.175000e+01 3.348737e+01 1.433013e+00
      vertex   4.162941e+01 3.078990e+01 1.482963e+00
    endloop
  endfacet
  facet normal 3.826834e-01 5.645125e-19 9.238795e-01
    outer loop
      vertex   4.175000e+01 3.078990e+01 1.433013e+00
      vertex   4.162941e+01 3.078990e+01 1.482963e+00
      vertex   4.162941e+01 2.809242e+01 1.482963e+00
    endloop
  endfacet
  facet normal 1.305262e-01 -0.000000e+00 9.914449e-01
    outer loop
      vertex   4.162941e+01 2.809242e+01 1.482963e+00
      vertex   4.162941e+01 3.078990e+01 1.482963e+00
      vertex   4.150000e+01 -6.974745e+00 1.500000e+00
    endloop
  endfacet
  facet normal 1.305262e-01 0.000000e+00 9.914449e-01
    outer loop
      vertex   4.162941e+01 2.809242e+01 1.482963e+00
      vertex   4.150000e+01 -6.974745e+00 1.500000e+00
      vertex   4.162941e+01 2.539495e+01 1.482963e+00
    endloop
  endfacet
  facet normal 1.305262e-01 0.000000e+00 9.914449e-01
    outer loop
      vertex   4.162941e+01 2.539495e+01 1.482963e+00
      vertex   4.150000e+01 -6.974745e+00 1.500000e+00
      vertex   4.162941e+01 2.269747e+01 1.482963e+00
    endloop
  endfacet
  facet normal 3.826834e-01 0.000000e+00 9.238795e-01
    outer loop
      vertex   4.162941e+01 2.539495e+01 1.482963e+00
      vertex   4.162941e+01 2.269747e+01 1.482963e+00
      vertex   4.175000e+01 2.539495e+01 1.433013e+00
    endloop
  endfacet
  facet normal 3.826834e-01 0.000000e+00 9.238795e-01
    outer loop
      vertex   4.175000e+01 2.539495e+01 1.433013e+00
      vertex   4.162941e+01 2.269747e+01 1.482963e+00
      vertex   4.175000e+01 2.269747e+01 1.433013e+00
    endloop
  endfacet
  facet normal 6.087614e-01 0.000000e+00 7.933533e-01
    outer loop
      vertex   4.175000e+01 2.539495e+01 1.433013e+00
      vertex   4.175000e+01 2.269747e+01 1.433013e+00
      vertex   4.185355e+01 2.539495e+01 1.353553e+00
    endloop
  endfacet
  facet normal 6.087614e-01 0.000000e+00 7.933533e-01
    outer loop
      vertex   4.185355e+01 2.539495e+01 1.353553e+00
      vertex   4.175000e+01 2.269747e+01 1.433013e+00
      vertex   4.185355e+01 2.269747e+01 1.353553e+00
    endloop
  endfacet
  facet normal 7.933533e-01 0.000000e+00 6.087614e-01
    outer loop
      vertex   4.185355e+01 2.539495e+01 1.353553e+00
      vertex   4.185355e+01 2.269747e+01 1.353553e+00
      vertex   4.193301e+01 2.539495e+01 1.250000e+00
    endloop
  endfacet
  facet normal 7.933533e-01 0.000000e+00 6.087614e-01
    outer loop
      vertex   4.193301e+01 2.539495e+01 1.250000e+00
      vertex   4.185355e+01 2.269747e+01 1.353553e+00
      vertex   4.193301e+01 2.269747e+01 1.250000e+00
    endloop
  endfacet
  facet normal 9.238795e-01 0.000000e+00 3.826834e-01
    outer loop
      vertex   4.193301e+01 2.539495e+01 1.250000e+00
      vertex   4.193301e+01 2.269747e+01 1.250000e+00
      vertex   4.198296e+01 2.539495e+01 1.129410e+00
    endloop
  endfacet
  facet normal 9.238795e-01 0.000000e+00 3.826834e-01
    outer loop
      vertex   4.198296e+01 2.539495e+01 1.129410e+00
      vertex   4.193301e+01 2.269747e+01 1.250000e+00
      vertex   4.198296e+01 2.269747e+01 1.129410e+00
    endloop
  endfacet
  facet normal 9.914449e-01 0.000000e+00 1.305262e-01
    outer loop
      vertex   4.198296e+01 2.539495e+01 1.129410e+00
      vertex   4.198296e+01 2.269747e+01 1.129410e+00
      vertex   4.200000e+01 4.675000e+01 1.000000e+00
    endloop
  endfacet
  facet normal 9.914449e-01 4.674954e-19 1.305262e-01
    outer loop
      vertex   4.200000e+01 4.675000e+01 1.000000e+00
      vertex   4.198296e+01 2.269747e+01 1.129410e+00
      vertex   4.198296e+01 2.000000e+01 1.129410e+00
    endloop
  endfacet
  facet normal 9.950050e-01 -1.756459e-03 9.980926e-02
    outer loop
      vertex   4.199999e+01 4.675160e+01 1.003212e+00
      vertex   4.199083e+01 4.679658e+01 1.095324e+00
      vertex   4.198296e+01 4.427727e+01 1.129410e+00
    endloop
  endfacet
  facet normal 9.595397e-01 8.134684e-04 2.815721e-01
    outer loop
      vertex   4.198296e+01 4.427727e+01 1.129410e+00
      vertex   4.199083e+01 4.679658e+01 1.095324e+00
      vertex   4.196437e+01 4.683874e+01 1.185356e+00
    endloop
  endfacet
  facet normal 9.238783e-01 -1.653757e-03 3.826829e-01
    outer loop
      vertex   4.198296e+01 4.427727e+01 1.129410e+00
      vertex   4.196437e+01 4.683874e+01 1.185356e+00
      vertex   4.193301e+01 4.427727e+01 1.250000e+00
    endloop
  endfacet
  facet normal 8.892832e-01 6.543411e-04 4.573564e-01
    outer loop
      vertex   4.193301e+01 4.427727e+01 1.250000e+00
      vertex   4.196437e+01 4.683874e+01 1.185356e+00
      vertex   4.192073e+01 4.687701e+01 1.270154e+00
    endloop
  endfacet
  facet normal 7.933530e-01 -9.724839e-04 6.087611e-01
    outer loop
      vertex   4.193301e+01 4.427727e+01 1.250000e+00
      vertex   4.192073e+01 4.687701e+01 1.270154e+00
      vertex   4.185355e+01 4.427727e+01 1.353553e+00
    endloop
  endfacet
  facet normal 7.851092e-01 -4.195322e-04 6.193572e-01
    outer loop
      vertex   4.185355e+01 4.427727e+01 1.353553e+00
      vertex   4.192073e+01 4.687701e+01 1.270154e+00
      vertex   4.186077e+01 4.691025e+01 1.346187e+00
    endloop
  endfacet
  facet normal 6.496898e-01 3.457772e-04 7.601993e-01
    outer loop
      vertex   4.185355e+01 4.427727e+01 1.353553e+00
      vertex   4.186077e+01 4.691025e+01 1.346187e+00
      vertex   4.178568e+01 4.693758e+01 1.410349e+00
    endloop
  endfacet
  facet normal 6.087608e-01 -1.406229e-03 7.933526e-01
    outer loop
      vertex   4.185355e+01 4.427727e+01 1.353553e+00
      vertex   4.178568e+01 4.693758e+01 1.410349e+00
      vertex   4.175000e+01 4.427727e+01 1.433013e+00
    endloop
  endfacet
  facet normal 4.865110e-01 9.177216e-04 8.736740e-01
    outer loop
      vertex   4.175000e+01 4.427727e+01 1.433013e+00
      vertex   4.178568e+01 4.693758e+01 1.410349e+00
      vertex   4.169822e+01 4.695790e+01 1.459030e+00
    endloop
  endfacet
  facet normal 3.826830e-01 -1.575033e-03 9.238784e-01
    outer loop
      vertex   4.175000e+01 4.427727e+01 1.433013e+00
      vertex   4.169822e+01 4.695790e+01 1.459030e+00
      vertex   4.162941e+01 4.427727e+01 1.482963e+00
    endloop
  endfacet
  facet normal 3.013232e-01 7.781574e-04 9.535217e-01
    outer loop
      vertex   4.162941e+01 4.427727e+01 1.482963e+00
      vertex   4.169822e+01 4.695790e+01 1.459030e+00
      vertex   4.160147e+01 4.697049e+01 1.489595e+00
    endloop
  endfacet
  facet normal 2.309357e-01 0.000000e+00 9.729690e-01
    outer loop
      vertex   4.162941e+01 4.427727e+01 1.482963e+00
      vertex   4.160147e+01 4.697049e+01 1.489595e+00
      vertex   4.162941e+01 4.157980e+01 1.482963e+00
    endloop
  endfacet
  facet normal 2.309357e-01 0.000000e+00 9.729690e-01
    outer loop
      vertex   4.162941e+01 4.157980e+01 1.482963e+00
      vertex   4.160147e+01 4.697049e+01 1.489595e+00
      vertex   4.162941e+01 3.888232e+01 1.482963e+00
    endloop
  endfacet
  facet normal 3.826834e-01 0.000000e+00 9.238795e-01
    outer loop
      vertex   4.162941e+01 4.157980e+01 1.482963e+00
      vertex   4.162941e+01 3.888232e+01 1.482963e+00
      vertex   4.175000e+01 4.157980e+01 1.433013e+00
    endloop
  endfacet
  facet normal 3.826834e-01 0.000000e+00 9.238795e-01
    outer loop
      vertex   4.175000e+01 4.157980e+01 1.433013e+00
      vertex   4.162941e+01 3.888232e+01 1.482963e+00
      vertex   4.175000e+01 3.888232e+01 1.433013e+00
    endloop
  endfacet
  facet normal 6.087614e-01 0.000000e+00 7.933533e-01
    outer loop
      vertex   4.175000e+01 4.157980e+01 1.433013e+00
      vertex   4.175000e+01 3.888232e+01 1.433013e+00
      vertex   4.185355e+01 4.157980e+01 1.353553e+00
    endloop
  endfacet
  facet normal 6.087614e-01 0.000000e+00 7.933533e-01
    outer loop
      vertex   4.185355e+01 4.157980e+01 1.353553e+00
      vertex   4.175000e+01 3.888232e+01 1.433013e+00
      vertex   4.185355e+01 3.888232e+01 1.353553e+00
    endloop
  endfacet
  facet normal 7.933533e-01 0.000000e+00 6.087614e-01
    outer loop
      vertex   4.185355e+01 4.157980e+01 1.353553e+00
      vertex   4.185355e+01 3.888232e+01 1.353553e+00
      vertex   4.193301e+01 4.157980e+01 1.250000e+00
    endloop
  endfacet
  facet normal 7.933533e-01 0.000000e+00 6.087614e-01
    outer loop
      vertex   4.193301e+01 4.157980e+01 1.250000e+00
      vertex   4.185355e+01 3.888232e+01 1.353553e+00
      vertex   4.193301e+01 3.888232e+01 1.250000e+00
    endloop
  endfacet
  facet normal 9.238795e-01 0.000000e+00 3.826834e-01
    outer loop
      vertex   4.193301e+01 4.157980e+01 1.250000e+00
      vertex   4.193301e+01 3.888232e+01 1.250000e+00
      vertex   4.198296e+01 4.157980e+01 1.129410e+00
    endloop
  endfacet
  facet normal 1.020101e-01 0.000000e+00 9.947834e-01
    outer loop
      vertex   4.150000e+01 4.697474e+01 1.500000e+00
      vertex   4.150000e+01 -6.974745e+00 1.500000e+00
      vertex   4.160147e+01 4.697049e+01 1.489595e+00
    endloop
  endfacet
  facet normal 1.647864e-01 -1.197087e-04 9.863293e-01
    outer loop
      vertex   4.160147e+01 4.697049e+01 1.489595e+00
      vertex   4.150000e+01 -6.974745e+00 1.500000e+00
      vertex   4.162941e+01 3.078990e+01 1.482963e+00
    endloop
  endfacet
  facet normal 2.309357e-01 8.797982e-20 9.729690e-01
    outer loop
      vertex   4.160147e+01 4.697049e+01 1.489595e+00
      vertex   4.162941e+01 3.078990e+01 1.482963e+00
      vertex   4.162941e+01 3.348737e+01 1.482963e+00
    endloop
  endfacet
  facet normal 3.826834e-01 0.000000e+00 9.238795e-01
    outer loop
      vertex   4.162941e+01 3.348737e+01 1.482963e+00
      vertex   4.162941e+01 3.078990e+01 1.482963e+00
      vertex   4.175000e+01 3.348737e+01 1.433013e+00
    endloop
  endfacet
  facet normal 3.826834e-01 5.645125e-19 9.238795e-01
    outer loop
      vertex   4.162941e+01 3.348737e+01 1.482963e+00
      vertex   4.175000e+01 3.348737e+01 1.433013e+00
      vertex   4.175000e+01 3.618485e+01 1.433013e+00
    endloop
  endfacet
  facet normal 6.087614e-01 0.000000e+00 7.933533e-01
    outer loop
      vertex   4.175000e+01 3.618485e+01 1.433013e+00
      vertex   4.175000e+01 3.348737e+01 1.433013e+00
      vertex   4.185355e+01 3.618485e+01 1.353553e+00
    endloop
  endfacet
  facet normal 6.087614e-01 -1.716547e-19 7.933533e-01
    outer loop
      vertex   4.175000e+01 3.618485e+01 1.433013e+00
      vertex   4.185355e+01 3.618485e+01 1.353553e+00
      vertex   4.185355e+01 3.888232e+01 1.353553e+00
    endloop
  endfacet
  facet normal 7.933533e-01 0.000000e+00 6.087614e-01
    outer loop
      vertex   4.185355e+01 3.888232e+01 1.353553e+00
      vertex   4.185355e+01 3.618485e+01 1.353553e+00
      vertex   4.193301e+01 3.888232e+01 1.250000e+00
    endloop
  endfacet
  facet normal 9.595397e-01 -8.134684e-04 2.815721e-01
    outer loop
      vertex   4.196437e+01 -6.838740e+00 1.185356e+00
      vertex   4.199083e+01 -6.796577e+00 1.095324e+00
      vertex   4.198296e+01 -4.277270e+00 1.129410e+00
    endloop
  endfacet
  facet normal 9.950050e-01 1.756459e-03 9.980926e-02
    outer loop
      vertex   4.198296e+01 -4.277270e+00 1.129410e+00
      vertex   4.199083e+01 -6.796577e+00 1.095324e+00
      vertex   4.199999e+01 -6.751605e+00 1.003212e+00
    endloop
  endfacet
  facet normal 9.238795e-01 -4.010513e-19 3.826834e-01
    outer loop
      vertex   4.193301e+01 4.157980e+01 1.250000e+00
      vertex   4.198296e+01 4.157980e+01 1.129410e+00
      vertex   4.198296e+01 4.427727e+01 1.129410e+00
    endloop
  endfacet
  facet normal 9.914449e-01 0.000000e+00 1.305262e-01
    outer loop
      vertex   4.198296e+01 3.888232e+01 1.129410e+00
      vertex   4.198296e+01 3.618485e+01 1.129410e+00
      vertex   4.200000e+01 4.675000e+01 1.000000e+00
    endloop
  endfacet
  facet normal 9.914449e-01 4.674954e-19 1.305262e-01
    outer loop
      vertex   4.200000e+01 4.675000e+01 1.000000e+00
      vertex   4.198296e+01 3.618485e+01 1.129410e+00
      vertex   4.198296e+01 3.348737e+01 1.129410e+00
    endloop
  endfacet
  facet normal 9.914449e-01 4.674954e-19 1.305262e-01
    outer loop
      vertex   4.200000e+01 4.675000e+01 1.000000e+00
      vertex   4.198296e+01 3.348737e+01 1.129410e+00
      vertex   4.198296e+01 3.078990e+01 1.129410e+00
    endloop
  endfacet
  facet normal 9.238795e-01 -0.000000e+00 3.826834e-01
    outer loop
      vertex   4.198296e+01 3.078990e+01 1.129410e+00
      vertex   4.198296e+01 3.348737e+01 1.129410e+00
      vertex   4.193301e+01 3.078990e+01 1.250000e+00
    endloop
  endfacet
  facet normal 9.238795e-01 -4.010513e-19 3.826834e-01
    outer loop
      vertex   4.198296e+01 3.078990e+01 1.129410e+00
      vertex   4.193301e+01 3.078990e+01 1.250000e+00
      vertex   4.193301e+01 2.809242e+01 1.250000e+00
    endloop
  endfacet
  facet normal 7.933533e-01 -0.000000e+00 6.087614e-01
    outer loop
      vertex   4.193301e+01 2.809242e+01 1.250000e+00
      vertex   4.193301e+01 3.078990e+01 1.250000e+00
      vertex   4.185355e+01 2.809242e+01 1.353553e+00
    endloop
  endfacet
  facet normal 7.933533e-01 -1.569505e-18 6.087614e-01
    outer loop
      vertex   4.193301e+01 2.809242e+01 1.250000e+00
      vertex   4.185355e+01 2.809242e+01 1.353553e+00
      vertex   4.185355e+01 2.539495e+01 1.353553e+00
    endloop
  endfacet
  facet normal 6.087614e-01 -0.000000e+00 7.933533e-01
    outer loop
      vertex   4.185355e+01 2.539495e+01 1.353553e+00
      vertex   4.185355e+01 2.809242e+01 1.353553e+00
      vertex   4.175000e+01 2.539495e+01 1.433013e+00
    endloop
  endfacet
  facet normal 9.238795e-01 0.000000e+00 3.826834e-01
    outer loop
      vertex   4.198296e+01 3.888232e+01 1.129410e+00
      vertex   4.193301e+01 3.618485e+01 1.250000e+00
      vertex   4.198296e+01 3.618485e+01 1.129410e+00
    endloop
  endfacet
  facet normal 9.238795e-01 -4.010513e-19 3.826834e-01
    outer loop
      vertex   4.198296e+01 3.618485e+01 1.129410e+00
      vertex   4.193301e+01 3.618485e+01 1.250000e+00
      vertex   4.193301e+01 3.348737e+01 1.250000e+00
    endloop
  endfacet
  facet normal 9.238795e-01 0.000000e+00 3.826834e-01
    outer loop
      vertex   4.198296e+01 3.618485e+01 1.129410e+00
      vertex   4.193301e+01 3.348737e+01 1.250000e+00
      vertex   4.198296e+01 3.348737e+01 1.129410e+00
    endloop
  endfacet
  facet normal 9.238795e-01 -4.010513e-19 3.826834e-01
    outer loop
      vertex   4.198296e+01 3.348737e+01 1.129410e+00
      vertex   4.193301e+01 3.348737e+01 1.250000e+00
      vertex   4.193301e+01 3.078990e+01 1.250000e+00
    endloop
  endfacet
  facet normal 9.914449e-01 -0.000000e+00 1.305262e-01
    outer loop
      vertex   4.198296e+01 2.539495e+01 1.129410e+00
      vertex   4.200000e+01 4.675000e+01 1.000000e+00
      vertex   4.198296e+01 2.809242e+01 1.129410e+00
    endloop
  endfacet
  facet normal 9.914449e-01 -0.000000e+00 1.305262e-01
    outer loop
      vertex   4.198296e+01 2.809242e+01 1.129410e+00
      vertex   4.200000e+01 4.675000e+01 1.000000e+00
      vertex   4.198296e+01 3.078990e+01 1.129410e+00
    endloop
  endfacet
  facet normal 9.238795e-01 -0.000000e+00 3.826834e-01
    outer loop
      vertex   4.198296e+01 2.809242e+01 1.129410e+00
      vertex   4.198296e+01 3.078990e+01 1.129410e+00
      vertex   4.193301e+01 2.809242e+01 1.250000e+00
    endloop
  endfacet
  facet normal 9.238795e-01 -4.010513e-19 3.826834e-01
    outer loop
      vertex   4.193301e+01 2.539495e+01 1.250000e+00
      vertex   4.198296e+01 2.539495e+01 1.129410e+00
      vertex   4.198296e+01 2.809242e+01 1.129410e+00
    endloop
  endfacet
  facet normal 9.238795e-01 -0.000000e+00 3.826834e-01
    outer loop
      vertex   4.193301e+01 2.539495e+01 1.250000e+00
      vertex   4.198296e+01 2.809242e+01 1.129410e+00
      vertex   4.193301e+01 2.809242e+01 1.250000e+00
    endloop
  endfacet
  facet normal 9.238795e-01 -0.000000e+00 3.826834e-01
    outer loop
      vertex   4.198296e+01 2.000000e+01 1.129410e+00
      vertex   4.198296e+01 2.269747e+01 1.129410e+00
      vertex   4.193301e+01 2.000000e+01 1.250000e+00
    endloop
  endfacet
  facet normal 9.238795e-01 -0.000000e+00 3.826834e-01
    outer loop
      vertex   4.193301e+01 2.000000e+01 1.250000e+00
      vertex   4.198296e+01 2.269747e+01 1.129410e+00
      vertex   4.193301e+01 2.269747e+01 1.250000e+00
    endloop
  endfacet
  facet normal 7.933533e-01 -0.000000e+00 6.087614e-01
    outer loop
      vertex   4.193301e+01 2.000000e+01 1.250000e+00
      vertex   4.193301e+01 2.269747e+01 1.250000e+00
      vertex   4.185355e+01 2.000000e+01 1.353553e+00
    endloop
  endfacet
  facet normal 7.933533e-01 -0.000000e+00 6.087614e-01
    outer loop
      vertex   4.185355e+01 2.000000e+01 1.353553e+00
      vertex   4.193301e+01 2.269747e+01 1.250000e+00
      vertex   4.185355e+01 2.269747e+01 1.353553e+00
    endloop
  endfacet
  facet normal 6.087614e-01 -0.000000e+00 7.933533e-01
    outer loop
      vertex   4.185355e+01 2.000000e+01 1.353553e+00
      vertex   4.185355e+01 2.269747e+01 1.353553e+00
      vertex   4.175000e+01 2.000000e+01 1.433013e+00
    endloop
  endfacet
  facet normal 6.087614e-01 -0.000000e+00 7.933533e-01
    outer loop
      vertex   4.175000e+01 2.000000e+01 1.433013e+00
      vertex   4.185355e+01 2.269747e+01 1.353553e+00
      vertex   4.175000e+01 2.269747e+01 1.433013e+00
    endloop
  endfacet
  facet normal 3.826834e-01 -0.000000e+00 9.238795e-01
    outer loop
      vertex   4.175000e+01 2.000000e+01 1.433013e+00
      vertex   4.175000e+01 2.269747e+01 1.433013e+00
      vertex   4.162941e+01 2.000000e+01 1.482963e+00
    endloop
  endfacet
  facet normal 3.826834e-01 -0.000000e+00 9.238795e-01
    outer loop
      vertex   4.162941e+01 2.000000e+01 1.482963e+00
      vertex   4.175000e+01 2.269747e+01 1.433013e+00
      vertex   4.162941e+01 2.269747e+01 1.482963e+00
    endloop
  endfacet
  facet normal 1.305262e-01 -0.000000e+00 9.914449e-01
    outer loop
      vertex   4.162941e+01 2.000000e+01 1.482963e+00
      vertex   4.162941e+01 2.269747e+01 1.482963e+00
      vertex   4.150000e+01 -6.974745e+00 1.500000e+00
    endloop
  endfacet
  facet normal 9.910205e-01 0.000000e+00 1.337103e-01
    outer loop
      vertex   4.198296e+01 1.730253e+01 1.129410e+00
      vertex   4.198296e+01 1.460505e+01 1.129410e+00
      vertex   4.199999e+01 -6.751605e+00 1.003212e+00
    endloop
  endfacet
  facet normal 9.910205e-01 -1.321665e-19 1.337103e-01
    outer loop
      vertex   4.199999e+01 -6.751605e+00 1.003212e+00
      vertex   4.198296e+01 1.460505e+01 1.129410e+00
      vertex   4.198296e+01 1.190758e+01 1.129410e+00
    endloop
  endfacet
  facet normal 9.910205e-01 -1.321665e-19 1.337103e-01
    outer loop
      vertex   4.199999e+01 -6.751605e+00 1.003212e+00
      vertex   4.198296e+01 1.190758e+01 1.129410e+00
      vertex   4.198296e+01 9.210102e+00 1.129410e+00
    endloop
  endfacet
  facet normal 9.238795e-01 -0.000000e+00 3.826834e-01
    outer loop
      vertex   4.198296e+01 9.210102e+00 1.129410e+00
      vertex   4.198296e+01 1.190758e+01 1.129410e+00
      vertex   4.193301e+01 9.210102e+00 1.250000e+00
    endloop
  endfacet
  facet normal 9.238795e-01 -4.010513e-19 3.826834e-01
    outer loop
      vertex   4.198296e+01 9.210102e+00 1.129410e+00
      vertex   4.193301e+01 9.210102e+00 1.250000e+00
      vertex   4.193301e+01 6.512628e+00 1.250000e+00
    endloop
  endfacet
  facet normal 7.933533e-01 -0.000000e+00 6.087614e-01
    outer loop
      vertex   4.193301e+01 6.512628e+00 1.250000e+00
      vertex   4.193301e+01 9.210102e+00 1.250000e+00
      vertex   4.185355e+01 6.512628e+00 1.353553e+00
    endloop
  endfacet
  facet normal 7.933533e-01 -1.569505e-18 6.087614e-01
    outer loop
      vertex   4.193301e+01 6.512628e+00 1.250000e+00
      vertex   4.185355e+01 6.512628e+00 1.353553e+00
      vertex   4.185355e+01 3.815153e+00 1.353553e+00
    endloop
  endfacet
  facet normal 6.087614e-01 -0.000000e+00 7.933533e-01
    outer loop
      vertex   4.185355e+01 3.815153e+00 1.353553e+00
      vertex   4.185355e+01 6.512628e+00 1.353553e+00
      vertex   4.175000e+01 3.815153e+00 1.433013e+00
    endloop
  endfacet
  facet normal 9.238795e-01 0.000000e+00 3.826834e-01
    outer loop
      vertex   4.198296e+01 1.730253e+01 1.129410e+00
      vertex   4.193301e+01 1.460505e+01 1.250000e+00
      vertex   4.198296e+01 1.460505e+01 1.129410e+00
    endloop
  endfacet
  facet normal 9.238795e-01 -4.010513e-19 3.826834e-01
    outer loop
      vertex   4.198296e+01 1.460505e+01 1.129410e+00
      vertex   4.193301e+01 1.460505e+01 1.250000e+00
      vertex   4.193301e+01 1.190758e+01 1.250000e+00
    endloop
  endfacet
  facet normal 9.238795e-01 0.000000e+00 3.826834e-01
    outer loop
      vertex   4.198296e+01 1.460505e+01 1.129410e+00
      vertex   4.193301e+01 1.190758e+01 1.250000e+00
      vertex   4.198296e+01 1.190758e+01 1.129410e+00
    endloop
  endfacet
  facet normal 9.238795e-01 -4.010513e-19 3.826834e-01
    outer loop
      vertex   4.198296e+01 1.190758e+01 1.129410e+00
      vertex   4.193301e+01 1.190758e+01 1.250000e+00
      vertex   4.193301e+01 9.210102e+00 1.250000e+00
    endloop
  endfacet
  facet normal 9.910205e-01 -0.000000e+00 1.337103e-01
    outer loop
      vertex   4.198296e+01 3.815153e+00 1.129410e+00
      vertex   4.199999e+01 -6.751605e+00 1.003212e+00
      vertex   4.198296e+01 6.512628e+00 1.129410e+00
    endloop
  endfacet
  facet normal 9.910205e-01 -0.000000e+00 1.337103e-01
    outer loop
      vertex   4.198296e+01 6.512628e+00 1.129410e+00
      vertex   4.199999e+01 -6.751605e+00 1.003212e+00
      vertex   4.198296e+01 9.210102e+00 1.129410e+00
    endloop
  endfacet
  facet normal 9.238795e-01 -0.000000e+00 3.826834e-01
    outer loop
      vertex   4.198296e+01 6.512628e+00 1.129410e+00
      vertex   4.198296e+01 9.210102e+00 1.129410e+00
      vertex   4.193301e+01 6.512628e+00 1.250000e+00
    endloop
  endfacet
  facet normal 9.238795e-01 -4.010513e-19 3.826834e-01
    outer loop
      vertex   4.193301e+01 3.815153e+00 1.250000e+00
      vertex   4.198296e+01 3.815153e+00 1.129410e+00
      vertex   4.198296e+01 6.512628e+00 1.129410e+00
    endloop
  endfacet
  facet normal 9.238795e-01 -0.000000e+00 3.826834e-01
    outer loop
      vertex   4.193301e+01 3.815153e+00 1.250000e+00
      vertex   4.198296e+01 6.512628e+00 1.129410e+00
      vertex   4.193301e+01 6.512628e+00 1.250000e+00
    endloop
  endfacet
  facet normal 9.238795e-01 -0.000000e+00 3.826834e-01
    outer loop
      vertex   4.198296e+01 -1.579796e+00 1.129410e+00
      vertex   4.198296e+01 1.117679e+00 1.129410e+00
      vertex   4.193301e+01 -1.579796e+00 1.250000e+00
    endloop
  endfacet
  facet normal 9.238795e-01 -0.000000e+00 3.826834e-01
    outer loop
      vertex   4.193301e+01 -1.579796e+00 1.250000e+00
      vertex   4.198296e+01 1.117679e+00 1.129410e+00
      vertex   4.193301e+01 1.117679e+00 1.250000e+00
    endloop
  endfacet
  facet normal 7.933533e-01 -0.000000e+00 6.087614e-01
    outer loop
      vertex   4.193301e+01 -1.579796e+00 1.250000e+00
      vertex   4.193301e+01 1.117679e+00 1.250000e+00
      vertex   4.185355e+01 -1.579796e+00 1.353553e+00
    endloop
  endfacet
  facet normal 7.933533e-01 -0.000000e+00 6.087614e-01
    outer loop
      vertex   4.185355e+01 -1.579796e+00 1.353553e+00
      vertex   4.193301e+01 1.117679e+00 1.250000e+00
      vertex   4.185355e+01 1.117679e+00 1.353553e+00
    endloop
  endfacet
  facet normal 6.087614e-01 -0.000000e+00 7.933533e-01
    outer loop
      vertex   4.185355e+01 -1.579796e+00 1.353553e+00
      vertex   4.185355e+01 1.117679e+00 1.353553e+00
      vertex   4.175000e+01 -1.579796e+00 1.433013e+00
    endloop
  endfacet
  facet normal 6.087614e-01 -0.000000e+00 7.933533e-01
    outer loop
      vertex   4.175000e+01 -1.579796e+00 1.433013e+00
      vertex   4.185355e+01 1.117679e+00 1.353553e+00
      vertex   4.175000e+01 1.117679e+00 1.433013e+00
    endloop
  endfacet
  facet normal 3.826834e-01 -0.000000e+00 9.238795e-01
    outer loop
      vertex   4.175000e+01 -1.579796e+00 1.433013e+00
      vertex   4.175000e+01 1.117679e+00 1.433013e+00
      vertex   4.162941e+01 -1.579796e+00 1.482963e+00
    endloop
  endfacet
  facet normal 7.933533e-01 -1.569505e-18 6.087614e-01
    outer loop
      vertex   4.185355e+01 4.157980e+01 1.353553e+00
      vertex   4.193301e+01 4.157980e+01 1.250000e+00
      vertex   4.193301e+01 4.427727e+01 1.250000e+00
    endloop
  endfacet
  facet normal 9.238795e-01 0.000000e+00 3.826834e-01
    outer loop
      vertex   4.193301e+01 4.427727e+01 1.250000e+00
      vertex   4.193301e+01 4.157980e+01 1.250000e+00
      vertex   4.198296e+01 4.427727e+01 1.129410e+00
    endloop
  endfacet
  facet normal 7.933533e-01 0.000000e+00 6.087614e-01
    outer loop
      vertex   4.193301e+01 3.618485e+01 1.250000e+00
      vertex   4.185355e+01 3.348737e+01 1.353553e+00
      vertex   4.193301e+01 3.348737e+01 1.250000e+00
    endloop
  endfacet
  facet normal 7.933533e-01 -1.569505e-18 6.087614e-01
    outer loop
      vertex   4.193301e+01 3.348737e+01 1.250000e+00
      vertex   4.185355e+01 3.348737e+01 1.353553e+00
      vertex   4.185355e+01 3.078990e+01 1.353553e+00
    endloop
  endfacet
  facet normal 7.933533e-01 0.000000e+00 6.087614e-01
    outer loop
      vertex   4.193301e+01 3.348737e+01 1.250000e+00
      vertex   4.185355e+01 3.078990e+01 1.353553e+00
      vertex   4.193301e+01 3.078990e+01 1.250000e+00
    endloop
  endfacet
  facet normal 7.933533e-01 -1.569505e-18 6.087614e-01
    outer loop
      vertex   4.193301e+01 3.078990e+01 1.250000e+00
      vertex   4.185355e+01 3.078990e+01 1.353553e+00
      vertex   4.185355e+01 2.809242e+01 1.353553e+00
    endloop
  endfacet
  facet normal 7.933533e-01 -1.569505e-18 6.087614e-01
    outer loop
      vertex   4.185355e+01 2.539495e+01 1.353553e+00
      vertex   4.193301e+01 2.539495e+01 1.250000e+00
      vertex   4.193301e+01 2.809242e+01 1.250000e+00
    endloop
  endfacet
  facet normal 9.238795e-01 -4.010513e-19 3.826834e-01
    outer loop
      vertex   4.198296e+01 2.000000e+01 1.129410e+00
      vertex   4.193301e+01 2.000000e+01 1.250000e+00
      vertex   4.193301e+01 1.730253e+01 1.250000e+00
    endloop
  endfacet
  facet normal 7.933533e-01 -0.000000e+00 6.087614e-01
    outer loop
      vertex   4.193301e+01 1.730253e+01 1.250000e+00
      vertex   4.193301e+01 2.000000e+01 1.250000e+00
      vertex   4.185355e+01 1.730253e+01 1.353553e+00
    endloop
  endfacet
  facet normal 7.933533e-01 -1.569505e-18 6.087614e-01
    outer loop
      vertex   4.193301e+01 1.730253e+01 1.250000e+00
      vertex   4.185355e+01 1.730253e+01 1.353553e+00
      vertex   4.185355e+01 1.460505e+01 1.353553e+00
    endloop
  endfacet
  facet normal 6.087614e-01 -0.000000e+00 7.933533e-01
    outer loop
      vertex   4.185355e+01 1.460505e+01 1.353553e+00
      vertex   4.185355e+01 1.730253e+01 1.353553e+00
      vertex   4.175000e+01 1.460505e+01 1.433013e+00
    endloop
  endfacet
  facet normal 6.087614e-01 -1.716547e-19 7.933533e-01
    outer loop
      vertex   4.185355e+01 1.460505e+01 1.353553e+00
      vertex   4.175000e+01 1.460505e+01 1.433013e+00
      vertex   4.175000e+01 1.190758e+01 1.433013e+00
    endloop
  endfacet
  facet normal 3.826834e-01 -0.000000e+00 9.238795e-01
    outer loop
      vertex   4.175000e+01 1.190758e+01 1.433013e+00
      vertex   4.175000e+01 1.460505e+01 1.433013e+00
      vertex   4.162941e+01 1.190758e+01 1.482963e+00
    endloop
  endfacet
  facet normal 3.826834e-01 5.645125e-19 9.238795e-01
    outer loop
      vertex   4.175000e+01 1.190758e+01 1.433013e+00
      vertex   4.162941e+01 1.190758e+01 1.482963e+00
      vertex   4.162941e+01 9.210102e+00 1.482963e+00
    endloop
  endfacet
  facet normal 1.305262e-01 -0.000000e+00 9.914449e-01
    outer loop
      vertex   4.162941e+01 9.210102e+00 1.482963e+00
      vertex   4.162941e+01 1.190758e+01 1.482963e+00
      vertex   4.150000e+01 -6.974745e+00 1.500000e+00
    endloop
  endfacet
  facet normal 7.933533e-01 -0.000000e+00 6.087614e-01
    outer loop
      vertex   4.185355e+01 1.730253e+01 1.353553e+00
      vertex   4.193301e+01 2.000000e+01 1.250000e+00
      vertex   4.185355e+01 2.000000e+01 1.353553e+00
    endloop
  endfacet
  facet normal 7.933533e-01 0.000000e+00 6.087614e-01
    outer loop
      vertex   4.193301e+01 1.460505e+01 1.250000e+00
      vertex   4.185355e+01 1.190758e+01 1.353553e+00
      vertex   4.193301e+01 1.190758e+01 1.250000e+00
    endloop
  endfacet
  facet normal 7.933533e-01 -1.569505e-18 6.087614e-01
    outer loop
      vertex   4.193301e+01 1.190758e+01 1.250000e+00
      vertex   4.185355e+01 1.190758e+01 1.353553e+00
      vertex   4.185355e+01 9.210102e+00 1.353553e+00
    endloop
  endfacet
  facet normal 7.933533e-01 0.000000e+00 6.087614e-01
    outer loop
      vertex   4.193301e+01 1.190758e+01 1.250000e+00
      vertex   4.185355e+01 9.210102e+00 1.353553e+00
      vertex   4.193301e+01 9.210102e+00 1.250000e+00
    endloop
  endfacet
  facet normal 7.933533e-01 -1.569505e-18 6.087614e-01
    outer loop
      vertex   4.193301e+01 9.210102e+00 1.250000e+00
      vertex   4.185355e+01 9.210102e+00 1.353553e+00
      vertex   4.185355e+01 6.512628e+00 1.353553e+00
    endloop
  endfacet
  facet normal 7.933533e-01 -1.569505e-18 6.087614e-01
    outer loop
      vertex   4.185355e+01 3.815153e+00 1.353553e+00
      vertex   4.193301e+01 3.815153e+00 1.250000e+00
      vertex   4.193301e+01 6.512628e+00 1.250000e+00
    endloop
  endfacet
  facet normal 7.933533e-01 -1.569505e-18 6.087614e-01
    outer loop
      vertex   4.185355e+01 -4.277270e+00 1.353553e+00
      vertex   4.193301e+01 -4.277270e+00 1.250000e+00
      vertex   4.193301e+01 -1.579796e+00 1.250000e+00
    endloop
  endfacet
  facet normal 9.238795e-01 0.000000e+00 3.826834e-01
    outer loop
      vertex   4.193301e+01 -1.579796e+00 1.250000e+00
      vertex   4.193301e+01 -4.277270e+00 1.250000e+00
      vertex   4.198296e+01 -1.579796e+00 1.129410e+00
    endloop
  endfacet
  facet normal 7.933533e-01 -0.000000e+00 6.087614e-01
    outer loop
      vertex   4.185355e+01 -4.277270e+00 1.353553e+00
      vertex   4.193301e+01 -1.579796e+00 1.250000e+00
      vertex   4.185355e+01 -1.579796e+00 1.353553e+00
    endloop
  endfacet
  facet normal 6.087614e-01 -1.716547e-19 7.933533e-01
    outer loop
      vertex   4.175000e+01 4.157980e+01 1.433013e+00
      vertex   4.185355e+01 4.157980e+01 1.353553e+00
      vertex   4.185355e+01 4.427727e+01 1.353553e+00
    endloop
  endfacet
  facet normal 7.933533e-01 0.000000e+00 6.087614e-01
    outer loop
      vertex   4.185355e+01 4.427727e+01 1.353553e+00
      vertex   4.185355e+01 4.157980e+01 1.353553e+00
      vertex   4.193301e+01 4.427727e+01 1.250000e+00
    endloop
  endfacet
  facet normal 6.087614e-01 -0.000000e+00 7.933533e-01
    outer loop
      vertex   4.175000e+01 3.618485e+01 1.433013e+00
      vertex   4.185355e+01 3.888232e+01 1.353553e+00
      vertex   4.175000e+01 3.888232e+01 1.433013e+00
    endloop
  endfacet
  facet normal 6.087614e-01 0.000000e+00 7.933533e-01
    outer loop
      vertex   4.185355e+01 3.348737e+01 1.353553e+00
      vertex   4.175000e+01 3.078990e+01 1.433013e+00
      vertex   4.185355e+01 3.078990e+01 1.353553e+00
    endloop
  endfacet
  facet normal 6.087614e-01 -1.716547e-19 7.933533e-01
    outer loop
      vertex   4.185355e+01 3.078990e+01 1.353553e+00
      vertex   4.175000e+01 3.078990e+01 1.433013e+00
      vertex   4.175000e+01 2.809242e+01 1.433013e+00
    endloop
  endfacet
  facet normal 6.087614e-01 0.000000e+00 7.933533e-01
    outer loop
      vertex   4.185355e+01 3.078990e+01 1.353553e+00
      vertex   4.175000e+01 2.809242e+01 1.433013e+00
      vertex   4.185355e+01 2.809242e+01 1.353553e+00
    endloop
  endfacet
  facet normal 6.087614e-01 -1.716547e-19 7.933533e-01
    outer loop
      vertex   4.185355e+01 2.809242e+01 1.353553e+00
      vertex   4.175000e+01 2.809242e+01 1.433013e+00
      vertex   4.175000e+01 2.539495e+01 1.433013e+00
    endloop
  endfacet
  facet normal 6.087614e-01 -0.000000e+00 7.933533e-01
    outer loop
      vertex   4.185355e+01 1.730253e+01 1.353553e+00
      vertex   4.185355e+01 2.000000e+01 1.353553e+00
      vertex   4.175000e+01 1.730253e+01 1.433013e+00
    endloop
  endfacet
  facet normal 6.087614e-01 -0.000000e+00 7.933533e-01
    outer loop
      vertex   4.175000e+01 1.730253e+01 1.433013e+00
      vertex   4.185355e+01 2.000000e+01 1.353553e+00
      vertex   4.175000e+01 2.000000e+01 1.433013e+00
    endloop
  endfacet
  facet normal 3.826834e-01 -0.000000e+00 9.238795e-01
    outer loop
      vertex   4.175000e+01 1.730253e+01 1.433013e+00
      vertex   4.175000e+01 2.000000e+01 1.433013e+00
      vertex   4.162941e+01 1.730253e+01 1.482963e+00
    endloop
  endfacet
  facet normal 3.826834e-01 -0.000000e+00 9.238795e-01
    outer loop
      vertex   4.162941e+01 1.730253e+01 1.482963e+00
      vertex   4.175000e+01 2.000000e+01 1.433013e+00
      vertex   4.162941e+01 2.000000e+01 1.482963e+00
    endloop
  endfacet
  facet normal 1.305262e-01 -0.000000e+00 9.914449e-01
    outer loop
      vertex   4.162941e+01 1.730253e+01 1.482963e+00
      vertex   4.162941e+01 2.000000e+01 1.482963e+00
      vertex   4.150000e+01 -6.974745e+00 1.500000e+00
    endloop
  endfacet
  facet normal 6.087614e-01 0.000000e+00 7.933533e-01
    outer loop
      vertex   4.185355e+01 1.190758e+01 1.353553e+00
      vertex   4.175000e+01 9.210102e+00 1.433013e+00
      vertex   4.185355e+01 9.210102e+00 1.353553e+00
    endloop
  endfacet
  facet normal 6.087614e-01 -1.716547e-19 7.933533e-01
    outer loop
      vertex   4.185355e+01 9.210102e+00 1.353553e+00
      vertex   4.175000e+01 9.210102e+00 1.433013e+00
      vertex   4.175000e+01 6.512628e+00 1.433013e+00
    endloop
  endfacet
  facet normal 6.087614e-01 0.000000e+00 7.933533e-01
    outer loop
      vertex   4.185355e+01 9.210102e+00 1.353553e+00
      vertex   4.175000e+01 6.512628e+00 1.433013e+00
      vertex   4.185355e+01 6.512628e+00 1.353553e+00
    endloop
  endfacet
  facet normal 6.087614e-01 -1.716547e-19 7.933533e-01
    outer loop
      vertex   4.185355e+01 6.512628e+00 1.353553e+00
      vertex   4.175000e+01 6.512628e+00 1.433013e+00
      vertex   4.175000e+01 3.815153e+00 1.433013e+00
    endloop
  endfacet
  facet normal 6.087614e-01 -1.716547e-19 7.933533e-01
    outer loop
      vertex   4.175000e+01 -4.277270e+00 1.433013e+00
      vertex   4.185355e+01 -4.277270e+00 1.353553e+00
      vertex   4.185355e+01 -1.579796e+00 1.353553e+00
    endloop
  endfacet
  facet normal 6.087614e-01 -0.000000e+00 7.933533e-01
    outer loop
      vertex   4.175000e+01 -4.277270e+00 1.433013e+00
      vertex   4.185355e+01 -1.579796e+00 1.353553e+00
      vertex   4.175000e+01 -1.579796e+00 1.433013e+00
    endloop
  endfacet
  facet normal 3.826834e-01 5.645125e-19 9.238795e-01
    outer loop
      vertex   4.162941e+01 4.157980e+01 1.482963e+00
      vertex   4.175000e+01 4.157980e+01 1.433013e+00
      vertex   4.175000e+01 4.427727e+01 1.433013e+00
    endloop
  endfacet
  facet normal 6.087614e-01 0.000000e+00 7.933533e-01
    outer loop
      vertex   4.175000e+01 4.427727e+01 1.433013e+00
      vertex   4.175000e+01 4.157980e+01 1.433013e+00
      vertex   4.185355e+01 4.427727e+01 1.353553e+00
    endloop
  endfacet
  facet normal 3.826834e-01 0.000000e+00 9.238795e-01
    outer loop
      vertex   4.162941e+01 4.427727e+01 1.482963e+00
      vertex   4.162941e+01 4.157980e+01 1.482963e+00
      vertex   4.175000e+01 4.427727e+01 1.433013e+00
    endloop
  endfacet
  facet normal 3.826834e-01 -0.000000e+00 9.238795e-01
    outer loop
      vertex   4.175000e+01 3.618485e+01 1.433013e+00
      vertex   4.175000e+01 3.888232e+01 1.433013e+00
      vertex   4.162941e+01 3.618485e+01 1.482963e+00
    endloop
  endfacet
  facet normal 3.826834e-01 -0.000000e+00 9.238795e-01
    outer loop
      vertex   4.162941e+01 3.618485e+01 1.482963e+00
      vertex   4.175000e+01 3.888232e+01 1.433013e+00
      vertex   4.162941e+01 3.888232e+01 1.482963e+00
    endloop
  endfacet
  facet normal 2.309357e-01 -0.000000e+00 9.729690e-01
    outer loop
      vertex   4.162941e+01 3.618485e+01 1.482963e+00
      vertex   4.162941e+01 3.888232e+01 1.482963e+00
      vertex   4.160147e+01 4.697049e+01 1.489595e+00
    endloop
  endfacet
  facet normal 3.826834e-01 5.645125e-19 9.238795e-01
    outer loop
      vertex   4.162941e+01 2.539495e+01 1.482963e+00
      vertex   4.175000e+01 2.539495e+01 1.433013e+00
      vertex   4.175000e+01 2.809242e+01 1.433013e+00
    endloop
  endfacet
  facet normal 3.826834e-01 -0.000000e+00 9.238795e-01
    outer loop
      vertex   4.162941e+01 2.539495e+01 1.482963e+00
      vertex   4.175000e+01 2.809242e+01 1.433013e+00
      vertex   4.162941e+01 2.809242e+01 1.482963e+00
    endloop
  endfacet
  facet normal 3.826834e-01 5.645125e-19 9.238795e-01
    outer loop
      vertex   4.162941e+01 2.809242e+01 1.482963e+00
      vertex   4.175000e+01 2.809242e+01 1.433013e+00
      vertex   4.175000e+01 3.078990e+01 1.433013e+00
    endloop
  endfacet
  facet normal 6.087614e-01 -1.716547e-19 7.933533e-01
    outer loop
      vertex   4.185355e+01 1.730253e+01 1.353553e+00
      vertex   4.175000e+01 1.730253e+01 1.433013e+00
      vertex   4.175000e+01 1.460505e+01 1.433013e+00
    endloop
  endfacet
  facet normal 3.826834e-01 -0.000000e+00 9.238795e-01
    outer loop
      vertex   4.175000e+01 1.460505e+01 1.433013e+00
      vertex   4.175000e+01 1.730253e+01 1.433013e+00
      vertex   4.162941e+01 1.460505e+01 1.482963e+00
    endloop
  endfacet
  facet normal 3.826834e-01 5.645125e-19 9.238795e-01
    outer loop
      vertex   4.175000e+01 1.460505e+01 1.433013e+00
      vertex   4.162941e+01 1.460505e+01 1.482963e+00
      vertex   4.162941e+01 1.190758e+01 1.482963e+00
    endloop
  endfacet
  facet normal 1.305262e-01 -0.000000e+00 9.914449e-01
    outer loop
      vertex   4.162941e+01 1.190758e+01 1.482963e+00
      vertex   4.162941e+01 1.460505e+01 1.482963e+00
      vertex   4.150000e+01 -6.974745e+00 1.500000e+00
    endloop
  endfacet
  facet normal 3.826834e-01 -0.000000e+00 9.238795e-01
    outer loop
      vertex   4.162941e+01 1.460505e+01 1.482963e+00
      vertex   4.175000e+01 1.730253e+01 1.433013e+00
      vertex   4.162941e+01 1.730253e+01 1.482963e+00
    endloop
  endfacet
  facet normal 3.826834e-01 5.645125e-19 9.238795e-01
    outer loop
      vertex   4.162941e+01 3.815153e+00 1.482963e+00
      vertex   4.175000e+01 3.815153e+00 1.433013e+00
      vertex   4.175000e+01 6.512628e+00 1.433013e+00
    endloop
  endfacet
  facet normal 3.826834e-01 -0.000000e+00 9.238795e-01
    outer loop
      vertex   4.162941e+01 3.815153e+00 1.482963e+00
      vertex   4.175000e+01 6.512628e+00 1.433013e+00
      vertex   4.162941e+01 6.512628e+00 1.482963e+00
    endloop
  endfacet
  facet normal 3.826834e-01 5.645125e-19 9.238795e-01
    outer loop
      vertex   4.162941e+01 6.512628e+00 1.482963e+00
      vertex   4.175000e+01 6.512628e+00 1.433013e+00
      vertex   4.175000e+01 9.210102e+00 1.433013e+00
    endloop
  endfacet
  facet normal 3.826834e-01 5.645125e-19 9.238795e-01
    outer loop
      vertex   4.162941e+01 -4.277270e+00 1.482963e+00
      vertex   4.175000e+01 -4.277270e+00 1.433013e+00
      vertex   4.175000e+01 -1.579796e+00 1.433013e+00
    endloop
  endfacet
  facet normal 3.826834e-01 -0.000000e+00 9.238795e-01
    outer loop
      vertex   4.162941e+01 -4.277270e+00 1.482963e+00
      vertex   4.175000e+01 -1.579796e+00 1.433013e+00
      vertex   4.162941e+01 -1.579796e+00 1.482963e+00
    endloop
  endfacet
  facet normal 2.309357e-01 8.797982e-20 9.729690e-01
    outer loop
      vertex   4.160147e+01 4.697049e+01 1.489595e+00
      vertex   4.162941e+01 3.348737e+01 1.482963e+00
      vertex   4.162941e+01 3.618485e+01 1.482963e+00
    endloop
  endfacet
  facet normal 3.826834e-01 0.000000e+00 9.238795e-01
    outer loop
      vertex   4.162941e+01 3.618485e+01 1.482963e+00
      vertex   4.162941e+01 3.348737e+01 1.482963e+00
      vertex   4.175000e+01 3.618485e+01 1.433013e+00
    endloop
  endfacet
  facet normal 1.305262e-01 4.645069e-19 9.914449e-01
    outer loop
      vertex   4.150000e+01 -6.974745e+00 1.500000e+00
      vertex   4.162941e+01 1.460505e+01 1.482963e+00
      vertex   4.162941e+01 1.730253e+01 1.482963e+00
    endloop
  endfacet
  facet normal 9.702332e-02 -7.688480e-01 6.320278e-01
    outer loop
      vertex   4.150000e+01 -6.974745e+00 1.500000e+00
      vertex   4.150000e+01 -7.213353e+00 1.209738e+00
      vertex   4.160147e+01 -6.970494e+00 1.489595e+00
    endloop
  endfacet
  facet normal 1.299058e-01 -7.716988e-01 6.225796e-01
    outer loop
      vertex   4.160147e+01 -6.970494e+00 1.489595e+00
      vertex   4.150000e+01 -7.213353e+00 1.209738e+00
      vertex   4.162941e+01 -7.199107e+00 1.200395e+00
    endloop
  endfacet
  facet normal 2.888680e-01 -7.372727e-01 6.107244e-01
    outer loop
      vertex   4.160147e+01 -6.970494e+00 1.489595e+00
      vertex   4.162941e+01 -7.199107e+00 1.200395e+00
      vertex   4.169822e+01 -6.957904e+00 1.459030e+00
    endloop
  endfacet
  facet normal 3.813690e-01 -7.244801e-01 5.741832e-01
    outer loop
      vertex   4.169822e+01 -6.957904e+00 1.459030e+00
      vertex   4.162941e+01 -7.199107e+00 1.200395e+00
      vertex   4.175000e+01 -7.157338e+00 1.173001e+00
    endloop
  endfacet
  facet normal 4.703338e-01 -6.816798e-01 5.604452e-01
    outer loop
      vertex   4.169822e+01 -6.957904e+00 1.459030e+00
      vertex   4.175000e+01 -7.157338e+00 1.173001e+00
      vertex   4.178568e+01 -6.937583e+00 1.410349e+00
    endloop
  endfacet
  facet normal 6.074718e-01 -6.263192e-01 4.885716e-01
    outer loop
      vertex   4.178568e+01 -6.937583e+00 1.410349e+00
      vertex   4.175000e+01 -7.157338e+00 1.173001e+00
      vertex   4.185355e+01 -7.090894e+00 1.129424e+00
    endloop
  endfacet
  facet normal 6.329640e-01 -6.049712e-01 4.830802e-01
    outer loop
      vertex   4.178568e+01 -6.937583e+00 1.410349e+00
      vertex   4.185355e+01 -7.090894e+00 1.129424e+00
      vertex   4.186077e+01 -6.910253e+00 1.346187e+00
    endloop
  endfacet
  facet normal 7.728189e-01 -4.999477e-01 3.909006e-01
    outer loop
      vertex   4.186077e+01 -6.910253e+00 1.346187e+00
      vertex   4.185355e+01 -7.090894e+00 1.129424e+00
      vertex   4.192073e+01 -6.877011e+00 1.270154e+00
    endloop
  endfacet
  facet normal 7.928232e-01 -4.886619e-01 3.641989e-01
    outer loop
      vertex   4.192073e+01 -6.877011e+00 1.270154e+00
      vertex   4.185355e+01 -7.090894e+00 1.129424e+00
      vertex   4.193301e+01 -7.004303e+00 1.072633e+00
    endloop
  endfacet
  facet normal 8.844815e-01 -3.652260e-01 2.903488e-01
    outer loop
      vertex   4.192073e+01 -6.877011e+00 1.270154e+00
      vertex   4.193301e+01 -7.004303e+00 1.072633e+00
      vertex   4.196437e+01 -6.838740e+00 1.185356e+00
    endloop
  endfacet
  facet normal 9.238779e-01 -3.189674e-01 2.114460e-01
    outer loop
      vertex   4.196437e+01 -6.838740e+00 1.185356e+00
      vertex   4.193301e+01 -7.004303e+00 1.072633e+00
      vertex   4.198296e+01 -6.903465e+00 1.006498e+00
    endloop
  endfacet
  facet normal 9.590628e-01 -2.193920e-01 1.790688e-01
    outer loop
      vertex   4.196437e+01 -6.838740e+00 1.185356e+00
      vertex   4.198296e+01 -6.903465e+00 1.006498e+00
      vertex   4.199083e+01 -6.796577e+00 1.095324e+00
    endloop
  endfacet
  facet normal 9.928795e-01 -1.103524e-01 4.486241e-02
    outer loop
      vertex   4.199083e+01 -6.796577e+00 1.095324e+00
      vertex   4.198296e+01 -6.903465e+00 1.006498e+00
      vertex   4.199999e+01 -6.751605e+00 1.003212e+00
    endloop
  endfacet
  facet normal 9.920311e-01 -1.098946e-01 6.162419e-02
    outer loop
      vertex   4.199999e+01 -6.751605e+00 1.003212e+00
      vertex   4.198296e+01 -6.903465e+00 1.006498e+00
      vertex   4.200000e+01 -6.902555e+00 7.338563e-01
    endloop
  endfacet
  facet normal 9.999940e-01 -2.994296e-03 1.716347e-03
    outer loop
      vertex   4.199999e+01 -6.751605e+00 1.003212e+00
      vertex   4.200000e+01 -6.902555e+00 7.338563e-01
      vertex   4.200000e+01 -6.750000e+00 1.000000e+00
    endloop
  endfacet
  facet normal 1.297846e-01 -8.827161e-01 4.516284e-01
    outer loop
      vertex   4.162941e+01 -7.199107e+00 1.200395e+00
      vertex   4.150000e+01 -7.213353e+00 1.209738e+00
      vertex   4.162941e+01 -7.368586e+00 8.691441e-01
    endloop
  endfacet
  facet normal 1.297846e-01 -8.827161e-01 4.516284e-01
    outer loop
      vertex   4.162941e+01 -7.368586e+00 8.691441e-01
      vertex   4.150000e+01 -7.213353e+00 1.209738e+00
      vertex   4.150000e+01 -7.384499e+00 8.752310e-01
    endloop
  endfacet
  facet normal 1.297860e-01 -9.587530e-01 2.528800e-01
    outer loop
      vertex   4.162941e+01 -7.368586e+00 8.691441e-01
      vertex   4.150000e+01 -7.384499e+00 8.752310e-01
      vertex   4.162941e+01 -7.463394e+00 5.096966e-01
    endloop
  endfacet
  facet normal 1.295013e-01 -9.588146e-01 2.527925e-01
    outer loop
      vertex   4.162941e+01 -7.463394e+00 5.096966e-01
      vertex   4.150000e+01 -7.384499e+00 8.752310e-01
      vertex   4.150000e+01 -7.480291e+00 5.118997e-01
    endloop
  endfacet
  facet normal 1.300694e-01 -9.905986e-01 4.238271e-02
    outer loop
      vertex   4.162941e+01 -7.463394e+00 5.096966e-01
      vertex   4.150000e+01 -7.480291e+00 5.118997e-01
      vertex   4.162941e+01 -7.479314e+00 1.375995e-01
    endloop
  endfacet
  facet normal 1.297846e-01 -9.906402e-01 4.228411e-02
    outer loop
      vertex   4.162941e+01 -7.479314e+00 1.375995e-01
      vertex   4.150000e+01 -7.480291e+00 5.118997e-01
      vertex   4.150000e+01 -7.496315e+00 1.364945e-01
    endloop
  endfacet
  facet normal 1.297846e-01 -9.768317e-01 -1.701642e-01
    outer loop
      vertex   4.162941e+01 -7.479314e+00 1.375995e-01
      vertex   4.150000e+01 -7.496315e+00 1.364945e-01
      vertex   4.162941e+01 -7.415458e+00 -2.289692e-01
    endloop
  endfacet
  facet normal 1.297846e-01 -9.768317e-01 -1.701642e-01
    outer loop
      vertex   4.162941e+01 -7.415458e+00 -2.289692e-01
      vertex   4.150000e+01 -7.496315e+00 1.364945e-01
      vertex   4.150000e+01 -7.431831e+00 -2.336780e-01
    endloop
  endfacet
  facet normal 1.297846e-01 -9.179897e-01 -3.747677e-01
    outer loop
      vertex   4.162941e+01 -7.415458e+00 -2.289692e-01
      vertex   4.150000e+01 -7.431831e+00 -2.336780e-01
      vertex   4.162941e+01 -7.274821e+00 -5.734567e-01
    endloop
  endfacet
  facet normal 1.297846e-01 -9.179897e-01 -3.747677e-01
    outer loop
      vertex   4.162941e+01 -7.274821e+00 -5.734567e-01
      vertex   4.150000e+01 -7.431831e+00 -2.336780e-01
      vertex   4.150000e+01 -7.289812e+00 -5.815522e-01
    endloop
  endfacet
  facet normal 1.297846e-01 -8.168271e-01 -5.620939e-01
    outer loop
      vertex   4.162941e+01 -7.274821e+00 -5.734567e-01
      vertex   4.150000e+01 -7.289812e+00 -5.815522e-01
      vertex   4.162941e+01 -7.063888e+00 -8.799815e-01
    endloop
  endfacet
  facet normal 1.297846e-01 -8.168271e-01 -5.620939e-01
    outer loop
      vertex   4.162941e+01 -7.063888e+00 -8.799815e-01
      vertex   4.150000e+01 -7.289812e+00 -5.815522e-01
      vertex   4.150000e+01 -7.076805e+00 -8.910906e-01
    endloop
  endfacet
  facet normal 1.297846e-01 -6.780074e-01 -7.235067e-01
    outer loop
      vertex   4.162941e+01 -7.063888e+00 -8.799815e-01
      vertex   4.150000e+01 -7.076805e+00 -8.910906e-01
      vertex   4.162941e+01 -6.792383e+00 -1.134413e+00
    endloop
  endfacet
  facet normal 1.297846e-01 -6.780074e-01 -7.235067e-01
    outer loop
      vertex   4.162941e+01 -6.792383e+00 -1.134413e+00
      vertex   4.150000e+01 -7.076805e+00 -8.910906e-01
      vertex   4.150000e+01 -6.802631e+00 -1.148023e+00
    endloop
  endfacet
  facet normal 1.297846e-01 -5.079307e-01 -8.515647e-01
    outer loop
      vertex   4.162941e+01 -6.792383e+00 -1.134413e+00
      vertex   4.150000e+01 -6.802631e+00 -1.148023e+00
      vertex   4.162941e+01 -6.472822e+00 -1.325020e+00
    endloop
  endfacet
  facet normal 1.297846e-01 -5.079307e-01 -8.515647e-01
    outer loop
      vertex   4.162941e+01 -6.472822e+00 -1.325020e+00
      vertex   4.150000e+01 -6.802631e+00 -1.148023e+00
      vertex   4.150000e+01 -6.479929e+00 -1.340504e+00
    endloop
  endfacet
  facet normal 1.297846e-01 -3.144375e-01 -9.403643e-01
    outer loop
      vertex   4.162941e+01 -6.472822e+00 -1.325020e+00
      vertex   4.150000e+01 -6.479929e+00 -1.340504e+00
      vertex   4.162941e+01 -6.119939e+00 -1.443017e+00
    endloop
  endfacet
  facet normal 1.297846e-01 -3.144375e-01 -9.403643e-01
    outer loop
      vertex   4.162941e+01 -6.119939e+00 -1.443017e+00
      vertex   4.150000e+01 -6.479929e+00 -1.340504e+00
      vertex   4.150000e+01 -6.123575e+00 -1.459661e+00
    endloop
  endfacet
  facet normal 1.297846e-01 -1.064483e-01 -9.858117e-01
    outer loop
      vertex   4.162941e+01 -6.119939e+00 -1.443017e+00
      vertex   4.150000e+01 -6.123575e+00 -1.459661e+00
      vertex   4.162941e+01 -5.750000e+00 -1.482963e+00
    endloop
  endfacet
  facet normal 1.297846e-01 -1.064483e-01 -9.858117e-01
    outer loop
      vertex   4.162941e+01 -5.750000e+00 -1.482963e+00
      vertex   4.150000e+01 -6.123575e+00 -1.459661e+00
      vertex   4.150000e+01 -5.750000e+00 -1.500000e+00
    endloop
  endfacet
  facet normal 3.807933e-01 -9.926810e-02 -9.193162e-01
    outer loop
      vertex   4.162941e+01 -5.750000e+00 -1.482963e+00
      vertex   4.175000e+01 -5.750000e+00 -1.433013e+00
      vertex   4.162941e+01 -6.119939e+00 -1.443017e+00
    endloop
  endfacet
  facet normal 3.807933e-01 -9.926810e-02 -9.193162e-01
    outer loop
      vertex   4.162941e+01 -6.119939e+00 -1.443017e+00
      vertex   4.175000e+01 -5.750000e+00 -1.433013e+00
      vertex   4.175000e+01 -6.109276e+00 -1.394218e+00
    endloop
  endfacet
  facet normal 3.807933e-01 -2.932279e-01 -8.769344e-01
    outer loop
      vertex   4.162941e+01 -6.119939e+00 -1.443017e+00
      vertex   4.175000e+01 -6.109276e+00 -1.394218e+00
      vertex   4.162941e+01 -6.472822e+00 -1.325020e+00
    endloop
  endfacet
  facet normal 3.807933e-01 -2.932279e-01 -8.769344e-01
    outer loop
      vertex   4.162941e+01 -6.472822e+00 -1.325020e+00
      vertex   4.175000e+01 -6.109276e+00 -1.394218e+00
      vertex   4.175000e+01 -6.451988e+00 -1.279622e+00
    endloop
  endfacet
  facet normal 3.807933e-01 -4.736695e-01 -7.941245e-01
    outer loop
      vertex   4.162941e+01 -6.472822e+00 -1.325020e+00
      vertex   4.175000e+01 -6.451988e+00 -1.279622e+00
      vertex   4.162941e+01 -6.792383e+00 -1.134413e+00
    endloop
  endfacet
  facet normal 3.807933e-01 -4.736695e-01 -7.941245e-01
    outer loop
      vertex   4.162941e+01 -6.792383e+00 -1.134413e+00
      vertex   4.175000e+01 -6.451988e+00 -1.279622e+00
      vertex   4.175000e+01 -6.762338e+00 -1.094509e+00
    endloop
  endfacet
  facet normal 3.807933e-01 -6.322741e-01 -6.747043e-01
    outer loop
      vertex   4.162941e+01 -6.792383e+00 -1.134413e+00
      vertex   4.175000e+01 -6.762338e+00 -1.094509e+00
      vertex   4.162941e+01 -7.063888e+00 -8.799815e-01
    endloop
  endfacet
  facet normal 3.807933e-01 -6.322741e-01 -6.747043e-01
    outer loop
      vertex   4.162941e+01 -7.063888e+00 -8.799815e-01
      vertex   4.175000e+01 -6.762338e+00 -1.094509e+00
      vertex   4.175000e+01 -7.026017e+00 -8.474114e-01
    endloop
  endfacet
  facet normal 3.807933e-01 -7.617300e-01 -5.241792e-01
    outer loop
      vertex   4.162941e+01 -7.063888e+00 -8.799815e-01
      vertex   4.175000e+01 -7.026017e+00 -8.474114e-01
      vertex   4.162941e+01 -7.274821e+00 -5.734567e-01
    endloop
  endfacet
  facet normal 3.807933e-01 -7.617300e-01 -5.241792e-01
    outer loop
      vertex   4.162941e+01 -7.274821e+00 -5.734567e-01
      vertex   4.175000e+01 -7.026017e+00 -8.474114e-01
      vertex   4.175000e+01 -7.230870e+00 -5.497217e-01
    endloop
  endfacet
  facet normal 3.807933e-01 -8.560690e-01 -3.494887e-01
    outer loop
      vertex   4.162941e+01 -7.274821e+00 -5.734567e-01
      vertex   4.175000e+01 -7.230870e+00 -5.497217e-01
      vertex   4.162941e+01 -7.415458e+00 -2.289692e-01
    endloop
  endfacet
  facet normal 3.807933e-01 -8.560690e-01 -3.494887e-01
    outer loop
      vertex   4.162941e+01 -7.415458e+00 -2.289692e-01
      vertex   4.175000e+01 -7.230870e+00 -5.497217e-01
      vertex   4.175000e+01 -7.367453e+00 -2.151636e-01
    endloop
  endfacet
  facet normal 3.807933e-01 -9.109419e-01 -1.586862e-01
    outer loop
      vertex   4.162941e+01 -7.415458e+00 -2.289692e-01
      vertex   4.175000e+01 -7.367453e+00 -2.151636e-01
      vertex   4.162941e+01 -7.479314e+00 1.375995e-01
    endloop
  endfacet
  facet normal 3.807933e-01 -9.109419e-01 -1.586862e-01
    outer loop
      vertex   4.162941e+01 -7.479314e+00 1.375995e-01
      vertex   4.175000e+01 -7.367453e+00 -2.151636e-01
      vertex   4.175000e+01 -7.429469e+00 1.408393e-01
    endloop
  endfacet
  facet normal 3.807897e-01 -9.238165e-01 3.952544e-02
    outer loop
      vertex   4.162941e+01 -7.479314e+00 1.375995e-01
      vertex   4.175000e+01 -7.429469e+00 1.408393e-01
      vertex   4.162941e+01 -7.463394e+00 5.096966e-01
    endloop
  endfacet
  facet normal 3.810330e-01 -9.237123e-01 3.961458e-02
    outer loop
      vertex   4.162941e+01 -7.463394e+00 5.096966e-01
      vertex   4.175000e+01 -7.429469e+00 1.408393e-01
      vertex   4.175000e+01 -7.413957e+00 5.025478e-01
    endloop
  endfacet
  facet normal 3.805576e-01 -8.941767e-01 2.358474e-01
    outer loop
      vertex   4.162941e+01 -7.463394e+00 5.096966e-01
      vertex   4.175000e+01 -7.413957e+00 5.025478e-01
      vertex   4.162941e+01 -7.368586e+00 8.691441e-01
    endloop
  endfacet
  facet normal 3.808004e-01 -8.940562e-01 2.359123e-01
    outer loop
      vertex   4.162941e+01 -7.368586e+00 8.691441e-01
      vertex   4.175000e+01 -7.413957e+00 5.025478e-01
      vertex   4.175000e+01 -7.321933e+00 8.512981e-01
    endloop
  endfacet
  facet normal 3.807933e-01 -8.231747e-01 4.211649e-01
    outer loop
      vertex   4.162941e+01 -7.368586e+00 8.691441e-01
      vertex   4.175000e+01 -7.321933e+00 8.512981e-01
      vertex   4.162941e+01 -7.199107e+00 1.200395e+00
    endloop
  endfacet
  facet normal 3.807933e-01 -8.231747e-01 4.211649e-01
    outer loop
      vertex   4.162941e+01 -7.199107e+00 1.200395e+00
      vertex   4.175000e+01 -7.321933e+00 8.512981e-01
      vertex   4.175000e+01 -7.157338e+00 1.173001e+00
    endloop
  endfacet
  facet normal 6.065399e-01 -8.535396e-02 -7.904581e-01
    outer loop
      vertex   4.175000e+01 -5.750000e+00 -1.433013e+00
      vertex   4.185355e+01 -5.750000e+00 -1.353553e+00
      vertex   4.175000e+01 -6.109276e+00 -1.394218e+00
    endloop
  endfacet
  facet normal 6.065399e-01 -8.535396e-02 -7.904581e-01
    outer loop
      vertex   4.175000e+01 -6.109276e+00 -1.394218e+00
      vertex   4.185355e+01 -5.750000e+00 -1.353553e+00
      vertex   4.185355e+01 -6.092313e+00 -1.316590e+00
    endloop
  endfacet
  facet normal 6.065399e-01 -2.521269e-01 -7.540168e-01
    outer loop
      vertex   4.175000e+01 -6.109276e+00 -1.394218e+00
      vertex   4.185355e+01 -6.092313e+00 -1.316590e+00
      vertex   4.175000e+01 -6.451988e+00 -1.279622e+00
    endloop
  endfacet
  facet normal 6.065399e-01 -2.521269e-01 -7.540168e-01
    outer loop
      vertex   4.175000e+01 -6.451988e+00 -1.279622e+00
      vertex   4.185355e+01 -6.092313e+00 -1.316590e+00
      vertex   4.185355e+01 -6.418845e+00 -1.207405e+00
    endloop
  endfacet
  facet normal 6.065399e-01 -4.072765e-01 -6.828142e-01
    outer loop
      vertex   4.175000e+01 -6.451988e+00 -1.279622e+00
      vertex   4.185355e+01 -6.418845e+00 -1.207405e+00
      vertex   4.175000e+01 -6.762338e+00 -1.094509e+00
    endloop
  endfacet
  facet normal 6.065399e-01 -4.072765e-01 -6.828142e-01
    outer loop
      vertex   4.175000e+01 -6.762338e+00 -1.094509e+00
      vertex   4.185355e+01 -6.418845e+00 -1.207405e+00
      vertex   4.185355e+01 -6.714543e+00 -1.031031e+00
    endloop
  endfacet
  facet normal 6.065399e-01 -5.436500e-01 -5.801328e-01
    outer loop
      vertex   4.175000e+01 -6.762338e+00 -1.094509e+00
      vertex   4.185355e+01 -6.714543e+00 -1.031031e+00
      vertex   4.175000e+01 -7.026017e+00 -8.474114e-01
    endloop
  endfacet
  facet normal 6.065399e-01 -5.436500e-01 -5.801328e-01
    outer loop
      vertex   4.175000e+01 -7.026017e+00 -8.474114e-01
      vertex   4.185355e+01 -6.714543e+00 -1.031031e+00
      vertex   4.185355e+01 -6.965773e+00 -7.955998e-01
    endloop
  endfacet
  facet normal 6.065399e-01 -6.549604e-01 -4.507064e-01
    outer loop
      vertex   4.175000e+01 -7.026017e+00 -8.474114e-01
      vertex   4.185355e+01 -6.965773e+00 -7.955998e-01
      vertex   4.175000e+01 -7.230870e+00 -5.497217e-01
    endloop
  endfacet
  facet normal 6.065399e-01 -6.549604e-01 -4.507064e-01
    outer loop
      vertex   4.175000e+01 -7.230870e+00 -5.497217e-01
      vertex   4.185355e+01 -6.965773e+00 -7.955998e-01
      vertex   4.185355e+01 -7.160955e+00 -5.119648e-01
    endloop
  endfacet
  facet normal 6.065399e-01 -7.360761e-01 -3.005018e-01
    outer loop
      vertex   4.175000e+01 -7.230870e+00 -5.497217e-01
      vertex   4.185355e+01 -7.160955e+00 -5.119648e-01
      vertex   4.175000e+01 -7.367453e+00 -2.151636e-01
    endloop
  endfacet
  facet normal 6.065399e-01 -7.360761e-01 -3.005018e-01
    outer loop
      vertex   4.175000e+01 -7.367453e+00 -2.151636e-01
      vertex   4.185355e+01 -7.160955e+00 -5.119648e-01
      vertex   4.185355e+01 -7.291089e+00 -1.932020e-01
    endloop
  endfacet
  facet normal 6.065399e-01 -7.832576e-01 -1.364436e-01
    outer loop
      vertex   4.175000e+01 -7.367453e+00 -2.151636e-01
      vertex   4.185355e+01 -7.291089e+00 -1.932020e-01
      vertex   4.175000e+01 -7.429469e+00 1.408393e-01
    endloop
  endfacet
  facet normal 6.065399e-01 -7.832576e-01 -1.364436e-01
    outer loop
      vertex   4.175000e+01 -7.429469e+00 1.408393e-01
      vertex   4.185355e+01 -7.291089e+00 -1.932020e-01
      vertex   4.185355e+01 -7.350177e+00 1.459930e-01
    endloop
  endfacet
  facet normal 6.065315e-01 -7.943293e-01 3.406582e-02
    outer loop
      vertex   4.175000e+01 -7.429469e+00 1.408393e-01
      vertex   4.185355e+01 -7.350177e+00 1.459930e-01
      vertex   4.175000e+01 -7.413957e+00 5.025478e-01
    endloop
  endfacet
  facet normal 6.067050e-01 -7.941936e-01 3.414048e-02
    outer loop
      vertex   4.175000e+01 -7.413957e+00 5.025478e-01
      vertex   4.185355e+01 -7.350177e+00 1.459930e-01
      vertex   4.185355e+01 -7.335348e+00 4.909450e-01
    endloop
  endfacet
  facet normal 6.063797e-01 -7.688593e-01 2.028770e-01
    outer loop
      vertex   4.175000e+01 -7.413957e+00 5.025478e-01
      vertex   4.185355e+01 -7.335348e+00 4.909450e-01
      vertex   4.175000e+01 -7.321933e+00 8.512981e-01
    endloop
  endfacet
  facet normal 6.065524e-01 -7.687114e-01 2.029211e-01
    outer loop
      vertex   4.175000e+01 -7.321933e+00 8.512981e-01
      vertex   4.185355e+01 -7.335348e+00 4.909450e-01
      vertex   4.185355e+01 -7.247718e+00 8.229093e-01
    endloop
  endfacet
  facet normal 6.065399e-01 -7.077925e-01 3.621314e-01
    outer loop
      vertex   4.175000e+01 -7.321933e+00 8.512981e-01
      vertex   4.185355e+01 -7.247718e+00 8.229093e-01
      vertex   4.175000e+01 -7.157338e+00 1.173001e+00
    endloop
  endfacet
  facet normal 6.065399e-01 -7.077925e-01 3.621314e-01
    outer loop
      vertex   4.175000e+01 -7.157338e+00 1.173001e+00
      vertex   4.185355e+01 -7.247718e+00 8.229093e-01
      vertex   4.185355e+01 -7.090894e+00 1.129424e+00
    endloop
  endfacet
  facet normal 7.916448e-01 -6.559272e-02 -6.074504e-01
    outer loop
      vertex   4.185355e+01 -5.750000e+00 -1.353553e+00
      vertex   4.193301e+01 -5.750000e+00 -1.250000e+00
      vertex   4.185355e+01 -6.092313e+00 -1.316590e+00
    endloop
  endfacet
  facet normal 7.916448e-01 -6.559272e-02 -6.074504e-01
    outer loop
      vertex   4.185355e+01 -6.092313e+00 -1.316590e+00
      vertex   4.193301e+01 -5.750000e+00 -1.250000e+00
      vertex   4.193301e+01 -6.070208e+00 -1.215424e+00
    endloop
  endfacet
  facet normal 7.916448e-01 -1.937542e-01 -5.794461e-01
    outer loop
      vertex   4.185355e+01 -6.092313e+00 -1.316590e+00
      vertex   4.193301e+01 -6.070208e+00 -1.215424e+00
      vertex   4.185355e+01 -6.418845e+00 -1.207405e+00
    endloop
  endfacet
  facet normal 7.916448e-01 -1.937542e-01 -5.794461e-01
    outer loop
      vertex   4.185355e+01 -6.418845e+00 -1.207405e+00
      vertex   4.193301e+01 -6.070208e+00 -1.215424e+00
      vertex   4.193301e+01 -6.375653e+00 -1.113289e+00
    endloop
  endfacet
  facet normal 7.916448e-01 -3.129834e-01 -5.247284e-01
    outer loop
      vertex   4.185355e+01 -6.418845e+00 -1.207405e+00
      vertex   4.193301e+01 -6.375653e+00 -1.113289e+00
      vertex   4.185355e+01 -6.714543e+00 -1.031031e+00
    endloop
  endfacet
  facet normal 7.916448e-01 -3.129834e-01 -5.247284e-01
    outer loop
      vertex   4.185355e+01 -6.714543e+00 -1.031031e+00
      vertex   4.193301e+01 -6.375653e+00 -1.113289e+00
      vertex   4.193301e+01 -6.652255e+00 -9.483054e-01
    endloop
  endfacet
  facet normal 7.916448e-01 -4.177836e-01 -4.458199e-01
    outer loop
      vertex   4.185355e+01 -6.714543e+00 -1.031031e+00
      vertex   4.193301e+01 -6.652255e+00 -9.483054e-01
      vertex   4.185355e+01 -6.965773e+00 -7.955998e-01
    endloop
  endfacet
  facet normal 7.916448e-01 -4.177836e-01 -4.458199e-01
    outer loop
      vertex   4.185355e+01 -6.965773e+00 -7.955998e-01
      vertex   4.193301e+01 -6.652255e+00 -9.483054e-01
      vertex   4.193301e+01 -6.887262e+00 -7.280777e-01
    endloop
  endfacet
  facet normal 7.916448e-01 -5.033233e-01 -3.463584e-01
    outer loop
      vertex   4.185355e+01 -6.965773e+00 -7.955998e-01
      vertex   4.193301e+01 -6.887262e+00 -7.280777e-01
      vertex   4.185355e+01 -7.160955e+00 -5.119648e-01
    endloop
  endfacet
  facet normal 7.916448e-01 -5.033233e-01 -3.463584e-01
    outer loop
      vertex   4.185355e+01 -7.160955e+00 -5.119648e-01
      vertex   4.193301e+01 -6.887262e+00 -7.280777e-01
      vertex   4.193301e+01 -7.069839e+00 -4.627590e-01
    endloop
  endfacet
  facet normal 7.916448e-01 -5.656590e-01 -2.309293e-01
    outer loop
      vertex   4.185355e+01 -7.160955e+00 -5.119648e-01
      vertex   4.193301e+01 -7.069839e+00 -4.627590e-01
      vertex   4.185355e+01 -7.291089e+00 -1.932020e-01
    endloop
  endfacet
  facet normal 7.916448e-01 -5.656590e-01 -2.309293e-01
    outer loop
      vertex   4.185355e+01 -7.291089e+00 -1.932020e-01
      vertex   4.193301e+01 -7.069839e+00 -4.627590e-01
      vertex   4.193301e+01 -7.191569e+00 -1.645812e-01
    endloop
  endfacet
  facet normal 7.916448e-01 -6.019170e-01 -1.048540e-01
    outer loop
      vertex   4.185355e+01 -7.291089e+00 -1.932020e-01
      vertex   4.193301e+01 -7.191569e+00 -1.645812e-01
      vertex   4.185355e+01 -7.350177e+00 1.459930e-01
    endloop
  endfacet
  facet normal 7.916448e-01 -6.019170e-01 -1.048540e-01
    outer loop
      vertex   4.185355e+01 -7.350177e+00 1.459930e-01
      vertex   4.193301e+01 -7.191569e+00 -1.645812e-01
      vertex   4.193301e+01 -7.246842e+00 1.527095e-01
    endloop
  endfacet
  facet normal 7.916351e-01 -6.104304e-01 2.624093e-02
    outer loop
      vertex   4.185355e+01 -7.350177e+00 1.459930e-01
      vertex   4.193301e+01 -7.246842e+00 1.527095e-01
      vertex   4.185355e+01 -7.335348e+00 4.909450e-01
    endloop
  endfacet
  facet normal 7.917321e-01 -6.103021e-01 2.629726e-02
    outer loop
      vertex   4.185355e+01 -7.335348e+00 4.909450e-01
      vertex   4.193301e+01 -7.246842e+00 1.527095e-01
      vertex   4.193301e+01 -7.232925e+00 4.756854e-01
    endloop
  endfacet
  facet normal 7.915613e-01 -5.908502e-01 1.559701e-01
    outer loop
      vertex   4.185355e+01 -7.335348e+00 4.909450e-01
      vertex   4.193301e+01 -7.232925e+00 4.756854e-01
      vertex   4.185355e+01 -7.247718e+00 8.229093e-01
    endloop
  endfacet
  facet normal 7.916577e-01 -5.907137e-01 1.559979e-01
    outer loop
      vertex   4.185355e+01 -7.247718e+00 8.229093e-01
      vertex   4.193301e+01 -7.232925e+00 4.756854e-01
      vertex   4.193301e+01 -7.150999e+00 7.859123e-01
    endloop
  endfacet
  facet normal 7.916448e-01 -5.439237e-01 2.782903e-01
    outer loop
      vertex   4.185355e+01 -7.247718e+00 8.229093e-01
      vertex   4.193301e+01 -7.150999e+00 7.859123e-01
      vertex   4.185355e+01 -7.090894e+00 1.129424e+00
    endloop
  endfacet
  facet normal 7.916448e-01 -5.439237e-01 2.782903e-01
    outer loop
      vertex   4.185355e+01 -7.090894e+00 1.129424e+00
      vertex   4.193301e+01 -7.150999e+00 7.859123e-01
      vertex   4.193301e+01 -7.004303e+00 1.072633e+00
    endloop
  endfacet
  facet normal 9.230918e-01 -4.128706e-02 -3.823571e-01
    outer loop
      vertex   4.193301e+01 -5.750000e+00 -1.250000e+00
      vertex   4.198296e+01 -5.750000e+00 -1.129410e+00
      vertex   4.193301e+01 -6.070208e+00 -1.215424e+00
    endloop
  endfacet
  facet normal 9.230918e-01 -4.128706e-02 -3.823571e-01
    outer loop
      vertex   4.193301e+01 -6.070208e+00 -1.215424e+00
      vertex   4.198296e+01 -5.750000e+00 -1.129410e+00
      vertex   4.198296e+01 -6.044465e+00 -1.097613e+00
    endloop
  endfacet
  facet normal 9.230918e-01 -1.219578e-01 -3.647299e-01
    outer loop
      vertex   4.193301e+01 -6.070208e+00 -1.215424e+00
      vertex   4.198296e+01 -6.044465e+00 -1.097613e+00
      vertex   4.193301e+01 -6.375653e+00 -1.113289e+00
    endloop
  endfacet
  facet normal 9.230918e-01 -1.219578e-01 -3.647299e-01
    outer loop
      vertex   4.193301e+01 -6.375653e+00 -1.113289e+00
      vertex   4.198296e+01 -6.044465e+00 -1.097613e+00
      vertex   4.198296e+01 -6.325355e+00 -1.003690e+00
    endloop
  endfacet
  facet normal 9.230918e-01 -1.970061e-01 -3.302881e-01
    outer loop
      vertex   4.193301e+01 -6.375653e+00 -1.113289e+00
      vertex   4.198296e+01 -6.325355e+00 -1.003690e+00
      vertex   4.193301e+01 -6.652255e+00 -9.483054e-01
    endloop
  endfacet
  facet normal 9.230918e-01 -1.970061e-01 -3.302881e-01
    outer loop
      vertex   4.193301e+01 -6.652255e+00 -9.483054e-01
      vertex   4.198296e+01 -6.325355e+00 -1.003690e+00
      vertex   4.198296e+01 -6.579719e+00 -8.519693e-01
    endloop
  endfacet
  facet normal 9.230918e-01 -2.629721e-01 -2.806194e-01
    outer loop
      vertex   4.193301e+01 -6.652255e+00 -9.483054e-01
      vertex   4.198296e+01 -6.579719e+00 -8.519693e-01
      vertex   4.193301e+01 -6.887262e+00 -7.280777e-01
    endloop
  endfacet
  facet normal 9.230918e-01 -2.629721e-01 -2.806194e-01
    outer loop
      vertex   4.193301e+01 -6.887262e+00 -7.280777e-01
      vertex   4.198296e+01 -6.579719e+00 -8.519693e-01
      vertex   4.198296e+01 -6.795833e+00 -6.494464e-01
    endloop
  endfacet
  facet normal 9.230918e-01 -3.168147e-01 -2.180138e-01
    outer loop
      vertex   4.193301e+01 -6.887262e+00 -7.280777e-01
      vertex   4.198296e+01 -6.795833e+00 -6.494464e-01
      vertex   4.193301e+01 -7.069839e+00 -4.627590e-01
    endloop
  endfacet
  facet normal 9.230918e-01 -3.168147e-01 -2.180138e-01
    outer loop
      vertex   4.193301e+01 -7.069839e+00 -4.627590e-01
      vertex   4.198296e+01 -6.795833e+00 -6.494464e-01
      vertex   4.198296e+01 -6.963732e+00 -4.054577e-01
    endloop
  endfacet
  facet normal 9.230918e-01 -3.560517e-01 -1.453575e-01
    outer loop
      vertex   4.193301e+01 -7.069839e+00 -4.627590e-01
      vertex   4.198296e+01 -6.963732e+00 -4.054577e-01
      vertex   4.193301e+01 -7.191569e+00 -1.645812e-01
    endloop
  endfacet
  facet normal 9.230918e-01 -3.560517e-01 -1.453575e-01
    outer loop
      vertex   4.193301e+01 -7.191569e+00 -1.645812e-01
      vertex   4.198296e+01 -6.963732e+00 -4.054577e-01
      vertex   4.198296e+01 -7.075676e+00 -1.312515e-01
    endloop
  endfacet
  facet normal 9.230918e-01 -3.788741e-01 -6.599993e-02
    outer loop
      vertex   4.193301e+01 -7.191569e+00 -1.645812e-01
      vertex   4.198296e+01 -7.075676e+00 -1.312515e-01
      vertex   4.193301e+01 -7.246842e+00 1.527095e-01
    endloop
  endfacet
  facet normal 9.230918e-01 -3.788741e-01 -6.599993e-02
    outer loop
      vertex   4.193301e+01 -7.246842e+00 1.527095e-01
      vertex   4.198296e+01 -7.075676e+00 -1.312515e-01
      vertex   4.198296e+01 -7.126505e+00 1.605311e-01
    endloop
  endfacet
  facet normal 9.230858e-01 -3.842376e-01 1.655638e-02
    outer loop
      vertex   4.193301e+01 -7.246842e+00 1.527095e-01
      vertex   4.198296e+01 -7.126505e+00 1.605311e-01
      vertex   4.193301e+01 -7.232925e+00 4.756854e-01
    endloop
  endfacet
  facet normal 9.231215e-01 -3.841502e-01 1.659155e-02
    outer loop
      vertex   4.193301e+01 -7.232925e+00 4.756854e-01
      vertex   4.198296e+01 -7.126505e+00 1.605311e-01
      vertex   4.198296e+01 -7.113665e+00 4.578176e-01
    endloop
  endfacet
  facet normal 9.230638e-01 -3.718974e-01 9.821210e-02
    outer loop
      vertex   4.193301e+01 -7.232925e+00 4.756854e-01
      vertex   4.198296e+01 -7.113665e+00 4.578176e-01
      vertex   4.193301e+01 -7.150999e+00 7.859123e-01
    endloop
  endfacet
  facet normal 9.230992e-01 -3.718052e-01 9.822798e-02
    outer loop
      vertex   4.193301e+01 -7.150999e+00 7.859123e-01
      vertex   4.198296e+01 -7.113665e+00 4.578176e-01
      vertex   4.198296e+01 -7.038368e+00 7.428283e-01
    endloop
  endfacet
  facet normal 9.230918e-01 -3.423705e-01 1.751687e-01
    outer loop
      vertex   4.193301e+01 -7.150999e+00 7.859123e-01
      vertex   4.198296e+01 -7.038368e+00 7.428283e-01
      vertex   4.193301e+01 -7.004303e+00 1.072633e+00
    endloop
  endfacet
  facet normal 9.230918e-01 -3.423705e-01 1.751687e-01
    outer loop
      vertex   4.193301e+01 -7.004303e+00 1.072633e+00
      vertex   4.198296e+01 -7.038368e+00 7.428283e-01
      vertex   4.198296e+01 -6.903465e+00 1.006498e+00
    endloop
  endfacet
  facet normal 9.913464e-01 -1.409287e-02 -1.305132e-01
    outer loop
      vertex   4.198296e+01 -5.750000e+00 -1.129410e+00
      vertex   4.200000e+01 -5.750000e+00 -1.000000e+00
      vertex   4.198296e+01 -6.044465e+00 -1.097613e+00
    endloop
  endfacet
  facet normal 9.918960e-01 -1.559016e-02 -1.260923e-01
    outer loop
      vertex   4.198296e+01 -6.044465e+00 -1.097613e+00
      vertex   4.200000e+01 -5.750000e+00 -1.000000e+00
      vertex   4.200000e+01 -6.054448e+00 -9.623578e-01
    endloop
  endfacet
  facet normal 9.908547e-01 -4.278999e-02 -1.279688e-01
    outer loop
      vertex   4.198296e+01 -6.044465e+00 -1.097613e+00
      vertex   4.200000e+01 -6.054448e+00 -9.623578e-01
      vertex   4.198296e+01 -6.325355e+00 -1.003690e+00
    endloop
  endfacet
  facet normal 9.922752e-01 -4.475063e-02 -1.157034e-01
    outer loop
      vertex   4.198296e+01 -6.325355e+00 -1.003690e+00
      vertex   4.200000e+01 -6.054448e+00 -9.623578e-01
      vertex   4.200000e+01 -6.340560e+00 -8.516983e-01
    endloop
  endfacet
  facet normal 9.905042e-01 -7.042706e-02 -1.180736e-01
    outer loop
      vertex   4.198296e+01 -6.325355e+00 -1.003690e+00
      vertex   4.200000e+01 -6.340560e+00 -8.516983e-01
      vertex   4.198296e+01 -6.579719e+00 -8.519693e-01
    endloop
  endfacet
  facet normal 9.924892e-01 -7.058904e-02 -9.991212e-02
    outer loop
      vertex   4.198296e+01 -6.579719e+00 -8.519693e-01
      vertex   4.200000e+01 -6.340560e+00 -8.516983e-01
      vertex   4.200000e+01 -6.591104e+00 -6.746862e-01
    endloop
  endfacet
  facet normal 9.903232e-01 -9.489663e-02 -1.012649e-01
    outer loop
      vertex   4.198296e+01 -6.579719e+00 -8.519693e-01
      vertex   4.200000e+01 -6.591104e+00 -6.746862e-01
      vertex   4.198296e+01 -6.795833e+00 -6.494464e-01
    endloop
  endfacet
  facet normal 9.925567e-01 -9.238112e-02 -7.935294e-02
    outer loop
      vertex   4.198296e+01 -6.795833e+00 -6.494464e-01
      vertex   4.200000e+01 -6.591104e+00 -6.746862e-01
      vertex   4.200000e+01 -6.790990e+00 -4.419825e-01
    endloop
  endfacet
  facet normal 9.903269e-01 -1.143048e-01 -7.865803e-02
    outer loop
      vertex   4.198296e+01 -6.795833e+00 -6.494464e-01
      vertex   4.200000e+01 -6.790990e+00 -4.419825e-01
      vertex   4.198296e+01 -6.963732e+00 -4.054577e-01
    endloop
  endfacet
  facet normal 9.924836e-01 -1.094579e-01 -5.472894e-02
    outer loop
      vertex   4.198296e+01 -6.963732e+00 -4.054577e-01
      vertex   4.200000e+01 -6.790990e+00 -4.419825e-01
      vertex   4.200000e+01 -6.928180e+00 -1.676025e-01
    endloop
  endfacet
  facet normal 9.905150e-01 -1.272123e-01 -5.193419e-02
    outer loop
      vertex   4.198296e+01 -6.963732e+00 -4.054577e-01
      vertex   4.200000e+01 -6.928180e+00 -1.676025e-01
      vertex   4.198296e+01 -7.075676e+00 -1.312515e-01
    endloop
  endfacet
  facet normal 9.922636e-01 -1.212208e-01 -2.680386e-02
    outer loop
      vertex   4.198296e+01 -7.075676e+00 -1.312515e-01
      vertex   4.200000e+01 -6.928180e+00 -1.676025e-01
      vertex   4.200000e+01 -6.994411e+00 1.319287e-01
    endloop
  endfacet
  facet normal 9.908716e-01 -1.328094e-01 -2.313541e-02
    outer loop
      vertex   4.198296e+01 -7.075676e+00 -1.312515e-01
      vertex   4.200000e+01 -6.994411e+00 1.319287e-01
      vertex   4.198296e+01 -7.126505e+00 1.605311e-01
    endloop
  endfacet
  facet normal 9.918773e-01 -1.271469e-01 3.614297e-03
    outer loop
      vertex   4.198296e+01 -7.126505e+00 1.605311e-01
      vertex   4.200000e+01 -6.994411e+00 1.319287e-01
      vertex   4.200000e+01 -6.985695e+00 4.385711e-01
    endloop
  endfacet
  facet normal 9.913491e-01 -1.311293e-01 5.663510e-03
    outer loop
      vertex   4.198296e+01 -7.126505e+00 1.605311e-01
      vertex   4.200000e+01 -6.985695e+00 4.385711e-01
      vertex   4.198296e+01 -7.113665e+00 4.578176e-01
    endloop
  endfacet
  facet normal 9.913437e-01 -1.269367e-01 3.353567e-02
    outer loop
      vertex   4.198296e+01 -7.113665e+00 4.578176e-01
      vertex   4.200000e+01 -6.985695e+00 4.385711e-01
      vertex   4.198296e+01 -7.038368e+00 7.428283e-01
    endloop
  endfacet
  facet normal 9.919144e-01 -1.221592e-01 3.439472e-02
    outer loop
      vertex   4.200000e+01 -6.985695e+00 4.385711e-01
      vertex   4.200000e+01 -6.902555e+00 7.338563e-01
      vertex   4.198296e+01 -7.038368e+00 7.428283e-01
    endloop
  endfacet
  facet normal 9.908380e-01 -1.202325e-01 6.151515e-02
    outer loop
      vertex   4.198296e+01 -7.038368e+00 7.428283e-01
      vertex   4.200000e+01 -6.902555e+00 7.338563e-01
      vertex   4.198296e+01 -6.903465e+00 1.006498e+00
    endloop
  endfacet
  facet normal 9.951847e-01 -5.223403e-18 -9.801714e-02
    outer loop
      vertex   4.200000e+01 5.000000e-01 -1.000000e+00
      vertex   4.200000e+01 -5.750000e+00 -1.000000e+00
      vertex   4.199039e+01 4.024548e-01 -1.097545e+00
    endloop
  endfacet
  facet normal 9.864626e-01 -1.059491e-03 -1.639833e-01
    outer loop
      vertex   4.199039e+01 4.024548e-01 -1.097545e+00
      vertex   4.200000e+01 -5.750000e+00 -1.000000e+00
      vertex   4.198296e+01 -1.583333e+00 -1.129410e+00
    endloop
  endfacet
  facet normal 9.566351e-01 1.094847e-03 -2.912869e-01
    outer loop
      vertex   4.199039e+01 4.024548e-01 -1.097545e+00
      vertex   4.198296e+01 -1.583333e+00 -1.129410e+00
      vertex   4.196194e+01 3.086583e-01 -1.191342e+00
    endloop
  endfacet
  facet normal 9.238772e-01 -2.260876e-03 -3.826825e-01
    outer loop
      vertex   4.196194e+01 3.086583e-01 -1.191342e+00
      vertex   4.198296e+01 -1.583333e+00 -1.129410e+00
      vertex   4.193301e+01 -1.583333e+00 -1.250000e+00
    endloop
  endfacet
  facet normal 8.814352e-01 1.166591e-03 -4.723035e-01
    outer loop
      vertex   4.196194e+01 3.086583e-01 -1.191342e+00
      vertex   4.193301e+01 -1.583333e+00 -1.250000e+00
      vertex   4.191573e+01 2.222149e-01 -1.277785e+00
    endloop
  endfacet
  facet normal 7.933521e-01 -1.776206e-03 -6.087605e-01
    outer loop
      vertex   4.191573e+01 2.222149e-01 -1.277785e+00
      vertex   4.193301e+01 -1.583333e+00 -1.250000e+00
      vertex   4.185355e+01 -1.583333e+00 -1.353553e+00
    endloop
  endfacet
  facet normal 7.730105e-01 8.165295e-17 -6.343933e-01
    outer loop
      vertex   4.191573e+01 2.222149e-01 -1.277785e+00
      vertex   4.185355e+01 -1.583333e+00 -1.353553e+00
      vertex   4.185355e+01 1.464466e-01 -1.353553e+00
    endloop
  endfacet
  facet normal 6.343933e-01 9.922811e-17 -7.730105e-01
    outer loop
      vertex   4.185355e+01 1.464466e-01 -1.353553e+00
      vertex   4.185355e+01 -1.583333e+00 -1.353553e+00
      vertex   4.177779e+01 8.426519e-02 -1.415735e+00
    endloop
  endfacet
  facet normal 6.087603e-01 -1.923140e-03 -7.933519e-01
    outer loop
      vertex   4.177779e+01 8.426519e-02 -1.415735e+00
      vertex   4.185355e+01 -1.583333e+00 -1.353553e+00
      vertex   4.175000e+01 -1.583333e+00 -1.433013e+00
    endloop
  endfacet
  facet normal 4.708578e-01 1.295193e-03 -8.822082e-01
    outer loop
      vertex   4.177779e+01 8.426519e-02 -1.415735e+00
      vertex   4.175000e+01 -1.583333e+00 -1.433013e+00
      vertex   4.169134e+01 3.806023e-02 -1.461940e+00
    endloop
  endfacet
  facet normal 3.826821e-01 -2.638196e-03 -9.238763e-01
    outer loop
      vertex   4.169134e+01 3.806023e-02 -1.461940e+00
      vertex   4.175000e+01 -1.583333e+00 -1.433013e+00
      vertex   4.162941e+01 -1.583333e+00 -1.482963e+00
    endloop
  endfacet
  facet normal 2.899134e-01 1.335437e-03 -9.570519e-01
    outer loop
      vertex   4.169134e+01 3.806023e-02 -1.461940e+00
      vertex   4.162941e+01 -1.583333e+00 -1.482963e+00
      vertex   4.159755e+01 9.607360e-03 -1.490393e+00
    endloop
  endfacet
  facet normal 1.469732e-01 -1.673526e-03 -9.891391e-01
    outer loop
      vertex   4.159755e+01 9.607360e-03 -1.490393e+00
      vertex   4.162941e+01 -1.583333e+00 -1.482963e+00
      vertex   4.154901e+01 2.407637e-03 -1.497592e+00
    endloop
  endfacet
  facet normal 1.790169e-01 1.051570e-16 -9.838460e-01
    outer loop
      vertex   4.154901e+01 2.407637e-03 -1.497592e+00
      vertex   4.162941e+01 -1.583333e+00 -1.482963e+00
      vertex   4.162941e+01 -3.666667e+00 -1.482963e+00
    endloop
  endfacet
  facet normal 1.790169e-01 -2.098537e-16 -9.838460e-01
    outer loop
      vertex   4.154901e+01 2.407637e-03 -1.497592e+00
      vertex   4.162941e+01 -3.666667e+00 -1.482963e+00
      vertex   4.162941e+01 -5.750000e+00 -1.482963e+00
    endloop
  endfacet
  facet normal 3.826834e-01 -1.969368e-16 -9.238795e-01
    outer loop
      vertex   4.162941e+01 -5.750000e+00 -1.482963e+00
      vertex   4.162941e+01 -3.666667e+00 -1.482963e+00
      vertex   4.175000e+01 -5.750000e+00 -1.433013e+00
    endloop
  endfacet
  facet normal 3.826834e-01 5.908103e-16 -9.238795e-01
    outer loop
      vertex   4.175000e+01 -5.750000e+00 -1.433013e+00
      vertex   4.162941e+01 -3.666667e+00 -1.482963e+00
      vertex   4.175000e+01 -3.666667e+00 -1.433013e+00
    endloop
  endfacet
  facet normal 6.087614e-01 5.073403e-16 -7.933533e-01
    outer loop
      vertex   4.175000e+01 -5.750000e+00 -1.433013e+00
      vertex   4.175000e+01 -3.666667e+00 -1.433013e+00
      vertex   4.185355e+01 -5.750000e+00 -1.353553e+00
    endloop
  endfacet
  facet normal 6.087614e-01 -1.691134e-16 -7.933533e-01
    outer loop
      vertex   4.185355e+01 -5.750000e+00 -1.353553e+00
      vertex   4.175000e+01 -3.666667e+00 -1.433013e+00
      vertex   4.185355e+01 -3.666667e+00 -1.353553e+00
    endloop
  endfacet
  facet normal 7.933533e-01 -1.297653e-16 -6.087614e-01
    outer loop
      vertex   4.185355e+01 -5.750000e+00 -1.353553e+00
      vertex   4.185355e+01 -3.666667e+00 -1.353553e+00
      vertex   4.193301e+01 -5.750000e+00 -1.250000e+00
    endloop
  endfacet
  facet normal 7.933533e-01 -2.595306e-16 -6.087614e-01
    outer loop
      vertex   4.193301e+01 -5.750000e+00 -1.250000e+00
      vertex   4.185355e+01 -3.666667e+00 -1.353553e+00
      vertex   4.193301e+01 -3.666667e+00 -1.250000e+00
    endloop
  endfacet
  facet normal 9.238795e-01 -1.631478e-16 -3.826834e-01
    outer loop
      vertex   4.193301e+01 -5.750000e+00 -1.250000e+00
      vertex   4.193301e+01 -3.666667e+00 -1.250000e+00
      vertex   4.198296e+01 -5.750000e+00 -1.129410e+00
    endloop
  endfacet
  facet normal 9.238795e-01 -1.223608e-16 -3.826834e-01
    outer loop
      vertex   4.198296e+01 -5.750000e+00 -1.129410e+00
      vertex   4.193301e+01 -3.666667e+00 -1.250000e+00
      vertex   4.198296e+01 -3.666667e+00 -1.129410e+00
    endloop
  endfacet
  facet normal 9.914449e-01 -4.173500e-17 -1.305262e-01
    outer loop
      vertex   4.198296e+01 -5.750000e+00 -1.129410e+00
      vertex   4.198296e+01 -3.666667e+00 -1.129410e+00
      vertex   4.200000e+01 -5.750000e+00 -1.000000e+00
    endloop
  endfacet
  facet normal 9.914449e-01 2.762223e-17 -1.305262e-01
    outer loop
      vertex   4.200000e+01 -5.750000e+00 -1.000000e+00
      vertex   4.198296e+01 -3.666667e+00 -1.129410e+00
      vertex   4.198296e+01 -1.583333e+00 -1.129410e+00
    endloop
  endfacet
  facet normal 1.305262e-01 -6.970754e-04 -9.914446e-01
    outer loop
      vertex   4.162941e+01 -5.750000e+00 -1.482963e+00
      vertex   4.150000e+01 -5.750000e+00 -1.500000e+00
      vertex   4.154901e+01 2.407637e-03 -1.497592e+00
    endloop
  endfacet
  facet normal 4.906767e-02 2.182065e-20 -9.987955e-01
    outer loop
      vertex   4.154901e+01 2.407637e-03 -1.497592e+00
      vertex   4.150000e+01 -5.750000e+00 -1.500000e+00
      vertex   4.150000e+01 0.000000e+00 -1.500000e+00
    endloop
  endfacet
  facet normal 9.238795e-01 8.277174e-17 -3.826834e-01
    outer loop
      vertex   4.193301e+01 -1.583333e+00 -1.250000e+00
      vertex   4.198296e+01 -1.583333e+00 -1.129410e+00
      vertex   4.198296e+01 -3.666667e+00 -1.129410e+00
    endloop
  endfacet
  facet normal 9.238795e-01 1.223608e-16 -3.826834e-01
    outer loop
      vertex   4.193301e+01 -1.583333e+00 -1.250000e+00
      vertex   4.198296e+01 -3.666667e+00 -1.129410e+00
      vertex   4.193301e+01 -3.666667e+00 -1.250000e+00
    endloop
  endfacet
  facet normal 7.933533e-01 1.955906e-16 -6.087614e-01
    outer loop
      vertex   4.185355e+01 -1.583333e+00 -1.353553e+00
      vertex   4.193301e+01 -1.583333e+00 -1.250000e+00
      vertex   4.193301e+01 -3.666667e+00 -1.250000e+00
    endloop
  endfacet
  facet normal 7.933533e-01 0.000000e+00 -6.087614e-01
    outer loop
      vertex   4.185355e+01 -1.583333e+00 -1.353553e+00
      vertex   4.193301e+01 -3.666667e+00 -1.250000e+00
      vertex   4.185355e+01 -3.666667e+00 -1.353553e+00
    endloop
  endfacet
  facet normal 6.087614e-01 -1.526759e-18 -7.933533e-01
    outer loop
      vertex   4.175000e+01 -1.583333e+00 -1.433013e+00
      vertex   4.185355e+01 -1.583333e+00 -1.353553e+00
      vertex   4.185355e+01 -3.666667e+00 -1.353553e+00
    endloop
  endfacet
  facet normal 6.087614e-01 -2.536702e-16 -7.933533e-01
    outer loop
      vertex   4.175000e+01 -1.583333e+00 -1.433013e+00
      vertex   4.185355e+01 -3.666667e+00 -1.353553e+00
      vertex   4.175000e+01 -3.666667e+00 -1.433013e+00
    endloop
  endfacet
  facet normal 3.826834e-01 -2.958231e-16 -9.238795e-01
    outer loop
      vertex   4.162941e+01 -1.583333e+00 -1.482963e+00
      vertex   4.175000e+01 -1.583333e+00 -1.433013e+00
      vertex   4.175000e+01 -3.666667e+00 -1.433013e+00
    endloop
  endfacet
  facet normal 3.826834e-01 9.846838e-17 -9.238795e-01
    outer loop
      vertex   4.162941e+01 -1.583333e+00 -1.482963e+00
      vertex   4.175000e+01 -3.666667e+00 -1.433013e+00
      vertex   4.162941e+01 -3.666667e+00 -1.482963e+00
    endloop
  endfacet
  facet normal 9.914449e-01 0.000000e+00 -1.305262e-01
    outer loop
      vertex   4.200000e+01 5.000000e-01 -4.500000e+00
      vertex   4.198296e+01 5.000000e-01 -4.629410e+00
      vertex   4.200000e+01 1.292893e+00 -4.500000e+00
    endloop
  endfacet
  facet normal 9.914449e-01 -1.360294e-16 -1.305262e-01
    outer loop
      vertex   4.200000e+01 1.292893e+00 -4.500000e+00
      vertex   4.198296e+01 5.000000e-01 -4.629410e+00
      vertex   4.198296e+01 1.346496e+00 -4.629410e+00
    endloop
  endfacet
  facet normal 9.238795e-01 -4.015270e-16 -3.826834e-01
    outer loop
      vertex   4.198296e+01 1.346496e+00 -4.629410e+00
      vertex   4.198296e+01 5.000000e-01 -4.629410e+00
      vertex   4.193301e+01 5.000000e-01 -4.750000e+00
    endloop
  endfacet
  facet normal 9.238795e-01 -7.555238e-16 -3.826834e-01
    outer loop
      vertex   4.198296e+01 1.346496e+00 -4.629410e+00
      vertex   4.193301e+01 5.000000e-01 -4.750000e+00
      vertex   4.193301e+01 1.396447e+00 -4.750000e+00
    endloop
  endfacet
  facet normal 7.933533e-01 -1.206293e-15 -6.087614e-01
    outer loop
      vertex   4.193301e+01 1.396447e+00 -4.750000e+00
      vertex   4.193301e+01 5.000000e-01 -4.750000e+00
      vertex   4.185355e+01 5.000000e-01 -4.853553e+00
    endloop
  endfacet
  facet normal 7.933533e-01 -1.144287e-15 -6.087614e-01
    outer loop
      vertex   4.193301e+01 1.396447e+00 -4.750000e+00
      vertex   4.185355e+01 5.000000e-01 -4.853553e+00
      vertex   4.185355e+01 1.439340e+00 -4.853553e+00
    endloop
  endfacet
  facet normal 6.087614e-01 -1.500286e-15 -7.933533e-01
    outer loop
      vertex   4.185355e+01 1.439340e+00 -4.853553e+00
      vertex   4.185355e+01 5.000000e-01 -4.853553e+00
      vertex   4.175000e+01 5.000000e-01 -4.933013e+00
    endloop
  endfacet
  facet normal 6.087614e-01 -2.173771e-15 -7.933533e-01
    outer loop
      vertex   4.185355e+01 1.439340e+00 -4.853553e+00
      vertex   4.175000e+01 5.000000e-01 -4.933013e+00
      vertex   4.175000e+01 1.472253e+00 -4.933013e+00
    endloop
  endfacet
  facet normal 3.826834e-01 -2.531964e-15 -9.238795e-01
    outer loop
      vertex   4.175000e+01 1.472253e+00 -4.933013e+00
      vertex   4.175000e+01 5.000000e-01 -4.933013e+00
      vertex   4.162941e+01 5.000000e-01 -4.982963e+00
    endloop
  endfacet
  facet normal 3.826834e-01 -1.652613e-15 -9.238795e-01
    outer loop
      vertex   4.175000e+01 1.472253e+00 -4.933013e+00
      vertex   4.162941e+01 5.000000e-01 -4.982963e+00
      vertex   4.162941e+01 1.492943e+00 -4.982963e+00
    endloop
  endfacet
  facet normal 1.305262e-01 -1.773677e-15 -9.914449e-01
    outer loop
      vertex   4.162941e+01 1.492943e+00 -4.982963e+00
      vertex   4.162941e+01 5.000000e-01 -4.982963e+00
      vertex   4.150000e+01 5.000000e-01 -5.000000e+00
    endloop
  endfacet
  facet normal 1.305262e-01 -3.968536e-19 -9.914449e-01
    outer loop
      vertex   4.162941e+01 1.492943e+00 -4.982963e+00
      vertex   4.150000e+01 5.000000e-01 -5.000000e+00
      vertex   4.150000e+01 1.500000e+00 -5.000000e+00
    endloop
  endfacet
  facet normal 9.914449e-01 1.305262e-01 4.036280e-17
    outer loop
      vertex   4.200000e+01 2.199840e+00 -2.156947e+00
      vertex   4.200000e+01 2.199840e+00 -3.593053e+00
      vertex   4.198296e+01 2.329250e+00 -2.103344e+00
    endloop
  endfacet
  facet normal 9.914449e-01 1.305262e-01 0.000000e+00
    outer loop
      vertex   4.198296e+01 2.329250e+00 -2.103344e+00
      vertex   4.200000e+01 2.199840e+00 -3.593053e+00
      vertex   4.198296e+01 2.329250e+00 -3.646656e+00
    endloop
  endfacet
  facet normal 9.238795e-01 3.826834e-01 0.000000e+00
    outer loop
      vertex   4.198296e+01 2.329250e+00 -2.103344e+00
      vertex   4.198296e+01 2.329250e+00 -3.646656e+00
      vertex   4.193301e+01 2.449840e+00 -2.053394e+00
    endloop
  endfacet
  facet normal 9.238795e-01 3.826834e-01 0.000000e+00
    outer loop
      vertex   4.193301e+01 2.449840e+00 -2.053394e+00
      vertex   4.198296e+01 2.329250e+00 -3.646656e+00
      vertex   4.193301e+01 2.449840e+00 -3.696606e+00
    endloop
  endfacet
  facet normal 7.933533e-01 6.087614e-01 0.000000e+00
    outer loop
      vertex   4.193301e+01 2.449840e+00 -2.053394e+00
      vertex   4.193301e+01 2.449840e+00 -3.696606e+00
      vertex   4.185355e+01 2.553394e+00 -2.010500e+00
    endloop
  endfacet
  facet normal 7.933533e-01 6.087614e-01 3.127177e-16
    outer loop
      vertex   4.185355e+01 2.553394e+00 -2.010500e+00
      vertex   4.193301e+01 2.449840e+00 -3.696606e+00
      vertex   4.185355e+01 2.553394e+00 -3.739500e+00
    endloop
  endfacet
  facet normal 6.087614e-01 7.933533e-01 4.075417e-16
    outer loop
      vertex   4.185355e+01 2.553394e+00 -2.010500e+00
      vertex   4.185355e+01 2.553394e+00 -3.739500e+00
      vertex   4.175000e+01 2.632853e+00 -1.977587e+00
    endloop
  endfacet
  facet normal 6.087614e-01 7.933533e-01 1.962974e-16
    outer loop
      vertex   4.175000e+01 2.632853e+00 -1.977587e+00
      vertex   4.185355e+01 2.553394e+00 -3.739500e+00
      vertex   4.175000e+01 2.632853e+00 -3.772413e+00
    endloop
  endfacet
  facet normal 3.826834e-01 9.238795e-01 2.285932e-16
    outer loop
      vertex   4.175000e+01 2.632853e+00 -1.977587e+00
      vertex   4.175000e+01 2.632853e+00 -3.772413e+00
      vertex   4.162941e+01 2.682803e+00 -1.956897e+00
    endloop
  endfacet
  facet normal 3.826834e-01 9.238795e-01 0.000000e+00
    outer loop
      vertex   4.162941e+01 2.682803e+00 -1.956897e+00
      vertex   4.175000e+01 2.632853e+00 -3.772413e+00
      vertex   4.162941e+01 2.682803e+00 -3.793103e+00
    endloop
  endfacet
  facet normal 1.305262e-01 9.914449e-01 0.000000e+00
    outer loop
      vertex   4.162941e+01 2.682803e+00 -1.956897e+00
      vertex   4.162941e+01 2.682803e+00 -3.793103e+00
      vertex   4.150000e+01 2.699840e+00 -1.949840e+00
    endloop
  endfacet
  facet normal 1.305262e-01 9.914449e-01 0.000000e+00
    outer loop
      vertex   4.150000e+01 2.699840e+00 -1.949840e+00
      vertex   4.162941e+01 2.682803e+00 -3.793103e+00
      vertex   4.150000e+01 2.699840e+00 -3.800160e+00
    endloop
  endfacet
  facet normal -6.344132e-15 1.000000e+00 1.973730e-15
    outer loop
      vertex   4.150000e+01 1.500000e+00 -3.000000e-01
      vertex   4.150000e+01 1.500000e+00 -7.500000e-01
      vertex   4.080000e+01 1.500000e+00 -3.000000e-01
    endloop
  endfacet
  facet normal -3.123690e-09 1.000000e+00 -4.859061e-09
    outer loop
      vertex   4.080000e+01 1.500000e+00 -3.000000e-01
      vertex   4.150000e+01 1.500000e+00 -7.500000e-01
      vertex   2.960000e+01 1.500000e+00 0.000000e+00
    endloop
  endfacet
  facet normal -3.075927e-09 1.000000e+00 -3.075927e-09
    outer loop
      vertex   4.080000e+01 1.500000e+00 -3.000000e-01
      vertex   2.960000e+01 1.500000e+00 0.000000e+00
      vertex   4.050000e+01 1.500000e+00 5.477100e-13
    endloop
  endfacet
  facet normal -1.451412e-09 1.000000e+00 2.167442e-08
    outer loop
      vertex   4.150000e+01 1.500000e+00 -7.500000e-01
      vertex   1.840000e+01 1.500000e+00 -7.500000e-01
      vertex   2.960000e+01 1.500000e+00 0.000000e+00
    endloop
  endfacet
  facet normal 0.000000e+00 1.000000e+00 0.000000e+00
    outer loop
      vertex   2.960000e+01 1.500000e+00 0.000000e+00
      vertex   1.840000e+01 1.500000e+00 -7.500000e-01
      vertex   1.840000e+01 1.500000e+00 1.500000e+00
    endloop
  endfacet
  facet normal 0.000000e+00 1.000000e+00 -0.000000e+00
    outer loop
      vertex   2.960000e+01 1.500000e+00 0.000000e+00
      vertex   1.840000e+01 1.500000e+00 1.500000e+00
      vertex   2.960000e+01 1.500000e+00 1.500000e+00
    endloop
  endfacet
  facet normal -3.958163e-17 7.071068e-01 7.071068e-01
    outer loop
      vertex   4.150000e+01 2.699840e+00 -1.949840e+00
      vertex   2.959984e+01 2.699840e+00 -1.949840e+00
      vertex   4.150000e+01 1.500000e+00 -7.500000e-01
    endloop
  endfacet
  facet normal -3.267725e-17 7.071068e-01 7.071068e-01
    outer loop
      vertex   4.150000e+01 1.500000e+00 -7.500000e-01
      vertex   2.959984e+01 2.699840e+00 -1.949840e+00
      vertex   2.850000e+01 1.600000e+00 -8.500000e-01
    endloop
  endfacet
  facet normal 3.398462e-18 7.071068e-01 7.071068e-01
    outer loop
      vertex   4.150000e+01 1.500000e+00 -7.500000e-01
      vertex   2.850000e+01 1.600000e+00 -8.500000e-01
      vertex   1.840000e+01 1.500000e+00 -7.500000e-01
    endloop
  endfacet
  facet normal -1.226632e-18 7.071068e-01 7.071068e-01
    outer loop
      vertex   1.840000e+01 1.500000e+00 -7.500000e-01
      vertex   2.850000e+01 1.600000e+00 -8.500000e-01
      vertex   2.450000e+01 1.600000e+00 -8.500000e-01
    endloop
  endfacet
  facet normal 7.775390e-17 7.071068e-01 7.071068e-01
    outer loop
      vertex   1.840000e+01 1.500000e+00 -7.500000e-01
      vertex   2.450000e+01 1.600000e+00 -8.500000e-01
      vertex   1.840000e+01 2.700000e+00 -1.950000e+00
    endloop
  endfacet
  facet normal 6.610916e-18 7.071068e-01 7.071068e-01
    outer loop
      vertex   1.840000e+01 2.700000e+00 -1.950000e+00
      vertex   2.450000e+01 1.600000e+00 -8.500000e-01
      vertex   2.260000e+01 3.500000e+00 -2.750000e+00
    endloop
  endfacet
  facet normal -1.154480e-17 7.071068e-01 7.071068e-01
    outer loop
      vertex   1.840000e+01 2.700000e+00 -1.950000e+00
      vertex   2.260000e+01 3.500000e+00 -2.750000e+00
      vertex   1.920000e+01 3.500000e+00 -2.750000e+00
    endloop
  endfacet
  facet normal 0.000000e+00 1.000000e+00 -0.000000e+00
    outer loop
      vertex   4.150000e+01 2.699840e+00 -3.800160e+00
      vertex   2.959984e+01 2.699840e+00 -3.800160e+00
      vertex   4.150000e+01 2.699840e+00 -1.949840e+00
    endloop
  endfacet
  facet normal 0.000000e+00 1.000000e+00 0.000000e+00
    outer loop
      vertex   4.150000e+01 2.699840e+00 -1.949840e+00
      vertex   2.959984e+01 2.699840e+00 -3.800160e+00
      vertex   2.959984e+01 2.699840e+00 -1.949840e+00
    endloop
  endfacet
  facet normal 0.000000e+00 7.071068e-01 -7.071068e-01
    outer loop
      vertex   2.959984e+01 2.699840e+00 -3.800160e+00
      vertex   4.150000e+01 2.699840e+00 -3.800160e+00
      vertex   2.850000e+01 1.600000e+00 -4.900000e+00
    endloop
  endfacet
  facet normal 9.887711e-21 7.071068e-01 -7.071068e-01
    outer loop
      vertex   2.850000e+01 1.600000e+00 -4.900000e+00
      vertex   4.150000e+01 2.699840e+00 -3.800160e+00
      vertex   4.150000e+01 1.500000e+00 -5.000000e+00
    endloop
  endfacet
  facet normal -1.026303e-09 7.071067e-01 -7.071068e-01
    outer loop
      vertex   2.850000e+01 1.600000e+00 -4.900000e+00
      vertex   4.150000e+01 1.500000e+00 -5.000000e+00
      vertex   1.840000e+01 1.500000e+00 -5.000000e+00
    endloop
  endfacet
  facet normal 0.000000e+00 7.071067e-01 -7.071069e-01
    outer loop
      vertex   2.850000e+01 1.600000e+00 -4.900000e+00
      vertex   1.840000e+01 1.500000e+00 -5.000000e+00
      vertex   2.450000e+01 1.600000e+00 -4.900000e+00
    endloop
  endfacet
  facet normal -3.562575e-09 7.071068e-01 -7.071068e-01
    outer loop
      vertex   2.450000e+01 1.600000e+00 -4.900000e+00
      vertex   1.840000e+01 1.500000e+00 -5.000000e+00
      vertex   1.840000e+01 2.699840e+00 -3.800160e+00
    endloop
  endfacet
  facet normal 3.282386e-19 7.071068e-01 -7.071068e-01
    outer loop
      vertex   2.450000e+01 1.600000e+00 -4.900000e+00
      vertex   1.840000e+01 2.699840e+00 -3.800160e+00
      vertex   2.340016e+01 2.699840e+00 -3.800160e+00
    endloop
  endfacet
  facet normal 0.000000e+00 0.000000e+00 -1.000000e+00
    outer loop
      vertex   4.150000e+01 -5.750000e+00 -1.500000e+00
      vertex   4.050000e+01 -5.750000e+00 -1.500000e+00
      vertex   4.150000e+01 0.000000e+00 -1.500000e+00
    endloop
  endfacet
  facet normal -0.000000e+00 0.000000e+00 -1.000000e+00
    outer loop
      vertex   4.150000e+01 0.000000e+00 -1.500000e+00
      vertex   4.050000e+01 -5.750000e+00 -1.500000e+00
      vertex   4.050000e+01 0.000000e+00 -1.500000e+00
    endloop
  endfacet
  facet normal 2.458372e-04 -7.724925e-01 6.350238e-01
    outer loop
      vertex   5.000000e-01 -7.213353e+00 1.209738e+00
      vertex   8.700000e+00 -7.223108e+00 1.194697e+00
      vertex   5.000000e-01 -6.974745e+00 1.500000e+00
    endloop
  endfacet
  facet normal 1.704768e-18 -7.757351e-01 6.310587e-01
    outer loop
      vertex   5.000000e-01 -6.974745e+00 1.500000e+00
      vertex   8.700000e+00 -7.223108e+00 1.194697e+00
      vertex   1.690000e+01 -7.223108e+00 1.194697e+00
    endloop
  endfacet
  facet normal 1.704768e-18 -7.757351e-01 6.310587e-01
    outer loop
      vertex   5.000000e-01 -6.974745e+00 1.500000e+00
      vertex   1.690000e+01 -7.223108e+00 1.194697e+00
      vertex   2.510000e+01 -7.223108e+00 1.194697e+00
    endloop
  endfacet
  facet normal 0.000000e+00 -8.971393e-01 4.417478e-01
    outer loop
      vertex   2.510000e+01 -7.223108e+00 1.194697e+00
      vertex   1.690000e+01 -7.223108e+00 1.194697e+00
      vertex   2.510000e+01 -7.396965e+00 8.416140e-01
    endloop
  endfacet
  facet normal 8.971181e-19 -8.971393e-01 4.417478e-01
    outer loop
      vertex   2.510000e+01 -7.223108e+00 1.194697e+00
      vertex   2.510000e+01 -7.396965e+00 8.416140e-01
      vertex   3.330000e+01 -7.396965e+00 8.416140e-01
    endloop
  endfacet
  facet normal 0.000000e+00 -9.731683e-01 2.300943e-01
    outer loop
      vertex   3.330000e+01 -7.396965e+00 8.416140e-01
      vertex   2.510000e+01 -7.396965e+00 8.416140e-01
      vertex   3.330000e+01 -7.487522e+00 4.586083e-01
    endloop
  endfacet
  facet normal -6.372623e-04 -9.731681e-01 2.300942e-01
    outer loop
      vertex   3.330000e+01 -7.396965e+00 8.416140e-01
      vertex   3.330000e+01 -7.487522e+00 4.586083e-01
      vertex   4.150000e+01 -7.480291e+00 5.118997e-01
    endloop
  endfacet
  facet normal 6.038199e-04 -9.990901e-01 4.264478e-02
    outer loop
      vertex   4.150000e+01 -7.480291e+00 5.118997e-01
      vertex   3.330000e+01 -7.487522e+00 4.586083e-01
      vertex   4.150000e+01 -7.496315e+00 1.364945e-01
    endloop
  endfacet
  facet normal -8.050685e-04 -9.999765e-01 6.803139e-03
    outer loop
      vertex   4.150000e+01 -7.496315e+00 1.364945e-01
      vertex   3.330000e+01 -7.487522e+00 4.586083e-01
      vertex   3.330000e+01 -7.490199e+00 6.505168e-02
    endloop
  endfacet
  facet normal 7.604589e-04 -9.851637e-01 -1.716157e-01
    outer loop
      vertex   4.150000e+01 -7.496315e+00 1.364945e-01
      vertex   3.330000e+01 -7.490199e+00 6.505168e-02
      vertex   4.150000e+01 -7.431831e+00 -2.336780e-01
    endloop
  endfacet
  facet normal -9.505361e-04 -9.762085e-01 -2.168320e-01
    outer loop
      vertex   4.150000e+01 -7.431831e+00 -2.336780e-01
      vertex   3.330000e+01 -7.490199e+00 6.505168e-02
      vertex   3.330000e+01 -7.404862e+00 -3.191507e-01
    endloop
  endfacet
  facet normal 8.947514e-04 -9.258197e-01 -3.779643e-01
    outer loop
      vertex   4.150000e+01 -7.431831e+00 -2.336780e-01
      vertex   3.330000e+01 -7.404862e+00 -3.191507e-01
      vertex   4.150000e+01 -7.289812e+00 -5.815522e-01
    endloop
  endfacet
  facet normal -1.073650e-03 -9.030661e-01 -4.295002e-01
    outer loop
      vertex   4.150000e+01 -7.289812e+00 -5.815522e-01
      vertex   3.330000e+01 -7.404862e+00 -3.191507e-01
      vertex   3.330000e+01 -7.235825e+00 -6.745668e-01
    endloop
  endfacet
  facet normal 1.006683e-03 -8.237941e-01 -5.668882e-01
    outer loop
      vertex   4.150000e+01 -7.289812e+00 -5.815522e-01
      vertex   3.330000e+01 -7.235825e+00 -6.745668e-01
      vertex   4.150000e+01 -7.076805e+00 -8.910906e-01
    endloop
  endfacet
  facet normal -1.174397e-03 -7.842489e-01 -6.204453e-01
    outer loop
      vertex   4.150000e+01 -7.076805e+00 -8.910906e-01
      vertex   3.330000e+01 -7.235825e+00 -6.745668e-01
      vertex   3.330000e+01 -6.991639e+00 -9.832205e-01
    endloop
  endfacet
  facet normal 1.096243e-03 -6.837904e-01 -7.296777e-01
    outer loop
      vertex   4.150000e+01 -7.076805e+00 -8.910906e-01
      vertex   3.330000e+01 -6.991639e+00 -9.832205e-01
      vertex   4.150000e+01 -6.802631e+00 -1.148023e+00
    endloop
  endfacet
  facet normal -1.252767e-03 -6.257662e-01 -7.800097e-01
    outer loop
      vertex   4.150000e+01 -6.802631e+00 -1.148023e+00
      vertex   3.330000e+01 -6.991639e+00 -9.832205e-01
      vertex   3.330000e+01 -6.684654e+00 -1.229501e+00
    endloop
  endfacet
  facet normal 1.163421e-03 -5.122629e-01 -8.588279e-01
    outer loop
      vertex   4.150000e+01 -6.802631e+00 -1.148023e+00
      vertex   3.330000e+01 -6.684654e+00 -1.229501e+00
      vertex   4.150000e+01 -6.479929e+00 -1.340504e+00
    endloop
  endfacet
  facet normal -1.308751e-03 -4.356338e-01 -9.001230e-01
    outer loop
      vertex   4.150000e+01 -6.479929e+00 -1.340504e+00
      vertex   3.330000e+01 -6.684654e+00 -1.229501e+00
      vertex   3.330000e+01 -6.330396e+00 -1.400951e+00
    endloop
  endfacet
  facet normal 1.208210e-03 -3.171194e-01 -9.483849e-01
    outer loop
      vertex   4.150000e+01 -6.479929e+00 -1.340504e+00
      vertex   3.330000e+01 -6.330396e+00 -1.400951e+00
      vertex   4.150000e+01 -6.123575e+00 -1.459661e+00
    endloop
  endfacet
  facet normal -1.342344e-03 -2.234681e-01 -9.747103e-01
    outer loop
      vertex   4.150000e+01 -6.123575e+00 -1.459661e+00
      vertex   3.330000e+01 -6.330396e+00 -1.400951e+00
      vertex   3.330000e+01 -5.946783e+00 -1.488901e+00
    endloop
  endfacet
  facet normal 1.230606e-03 -1.073562e-01 -9.942199e-01
    outer loop
      vertex   4.150000e+01 -6.123575e+00 -1.459661e+00
      vertex   3.330000e+01 -5.946783e+00 -1.488901e+00
      vertex   4.150000e+01 -5.750000e+00 -1.500000e+00
    endloop
  endfacet
  facet normal -0.000000e+00 -5.631303e-02 -9.984132e-01
    outer loop
      vertex   4.150000e+01 -5.750000e+00 -1.500000e+00
      vertex   3.330000e+01 -5.946783e+00 -1.488901e+00
      vertex   4.050000e+01 -5.750000e+00 -1.500000e+00
    endloop
  endfacet
  facet normal -1.541533e-03 1.195953e-18 -9.999988e-01
    outer loop
      vertex   4.050000e+01 -5.750000e+00 -1.500000e+00
      vertex   3.330000e+01 -5.946783e+00 -1.488901e+00
      vertex   3.330000e+01 -5.553217e+00 -1.488901e+00
    endloop
  endfacet
  facet normal 1.401523e-03 1.073562e-01 -9.942196e-01
    outer loop
      vertex   4.050000e+01 -5.750000e+00 -1.500000e+00
      vertex   3.330000e+01 -5.553217e+00 -1.488901e+00
      vertex   4.050000e+01 -5.376425e+00 -1.459661e+00
    endloop
  endfacet
  facet normal -1.528780e-03 2.234681e-01 -9.747100e-01
    outer loop
      vertex   4.050000e+01 -5.376425e+00 -1.459661e+00
      vertex   3.330000e+01 -5.553217e+00 -1.488901e+00
      vertex   3.330000e+01 -5.169604e+00 -1.400951e+00
    endloop
  endfacet
  facet normal 1.376017e-03 3.171193e-01 -9.483846e-01
    outer loop
      vertex   4.050000e+01 -5.376425e+00 -1.459661e+00
      vertex   3.330000e+01 -5.169604e+00 -1.400951e+00
      vertex   4.050000e+01 -5.020071e+00 -1.340504e+00
    endloop
  endfacet
  facet normal -1.490521e-03 4.356337e-01 -9.001228e-01
    outer loop
      vertex   4.050000e+01 -5.020071e+00 -1.340504e+00
      vertex   3.330000e+01 -5.169604e+00 -1.400951e+00
      vertex   3.330000e+01 -4.815346e+00 -1.229501e+00
    endloop
  endfacet
  facet normal 1.325007e-03 5.122628e-01 -8.588277e-01
    outer loop
      vertex   4.050000e+01 -5.020071e+00 -1.340504e+00
      vertex   3.330000e+01 -4.815346e+00 -1.229501e+00
      vertex   4.050000e+01 -4.697369e+00 -1.148023e+00
    endloop
  endfacet
  facet normal -1.426762e-03 6.257661e-01 -7.800095e-01
    outer loop
      vertex   4.050000e+01 -4.697369e+00 -1.148023e+00
      vertex   3.330000e+01 -4.815346e+00 -1.229501e+00
      vertex   3.330000e+01 -4.508361e+00 -9.832205e-01
    endloop
  endfacet
  facet normal 1.248499e-03 6.837903e-01 -7.296775e-01
    outer loop
      vertex   4.050000e+01 -4.697369e+00 -1.148023e+00
      vertex   3.330000e+01 -4.508361e+00 -9.832205e-01
      vertex   4.050000e+01 -4.423195e+00 -8.910906e-01
    endloop
  endfacet
  facet normal -1.337507e-03 7.842487e-01 -6.204451e-01
    outer loop
      vertex   4.050000e+01 -4.423195e+00 -8.910906e-01
      vertex   3.330000e+01 -4.508361e+00 -9.832205e-01
      vertex   3.330000e+01 -4.264175e+00 -6.745668e-01
    endloop
  endfacet
  facet normal 1.146500e-03 8.237940e-01 -5.668881e-01
    outer loop
      vertex   4.050000e+01 -4.423195e+00 -8.910906e-01
      vertex   3.330000e+01 -4.264175e+00 -6.745668e-01
      vertex   4.050000e+01 -4.210188e+00 -5.815522e-01
    endloop
  endfacet
  facet normal -1.222768e-03 9.030660e-01 -4.295001e-01
    outer loop
      vertex   4.050000e+01 -4.210188e+00 -5.815522e-01
      vertex   3.330000e+01 -4.264175e+00 -6.745668e-01
      vertex   3.330000e+01 -4.095138e+00 -3.191507e-01
    endloop
  endfacet
  facet normal 1.019022e-03 9.258196e-01 -3.779643e-01
    outer loop
      vertex   4.050000e+01 -4.210188e+00 -5.815522e-01
      vertex   3.330000e+01 -4.095138e+00 -3.191507e-01
      vertex   4.050000e+01 -4.068169e+00 -2.336780e-01
    endloop
  endfacet
  facet normal -1.082555e-03 9.762083e-01 -2.168320e-01
    outer loop
      vertex   4.050000e+01 -4.068169e+00 -2.336780e-01
      vertex   3.330000e+01 -4.095138e+00 -3.191507e-01
      vertex   3.330000e+01 -4.009801e+00 6.505168e-02
    endloop
  endfacet
  facet normal 8.660781e-04 9.851636e-01 -1.716156e-01
    outer loop
      vertex   4.050000e+01 -4.068169e+00 -2.336780e-01
      vertex   3.330000e+01 -4.009801e+00 6.505168e-02
      vertex   4.050000e+01 -4.003685e+00 1.364945e-01
    endloop
  endfacet
  facet normal -9.168834e-04 9.999764e-01 6.803138e-03
    outer loop
      vertex   4.050000e+01 -4.003685e+00 1.364945e-01
      vertex   3.330000e+01 -4.009801e+00 6.505168e-02
      vertex   3.330000e+01 -4.012478e+00 4.586083e-01
    endloop
  endfacet
  facet normal 6.876837e-04 9.990901e-01 4.264478e-02
    outer loop
      vertex   4.050000e+01 -4.003685e+00 1.364945e-01
      vertex   3.330000e+01 -4.012478e+00 4.586083e-01
      vertex   4.050000e+01 -4.019709e+00 5.118997e-01
    endloop
  endfacet
  facet normal -7.257709e-04 9.731681e-01 2.300942e-01
    outer loop
      vertex   4.050000e+01 -4.019709e+00 5.118997e-01
      vertex   3.330000e+01 -4.012478e+00 4.586083e-01
      vertex   3.330000e+01 -4.103035e+00 8.416140e-01
    endloop
  endfacet
  facet normal 4.838579e-04 9.669569e-01 2.549393e-01
    outer loop
      vertex   4.050000e+01 -4.019709e+00 5.118997e-01
      vertex   3.330000e+01 -4.103035e+00 8.416140e-01
      vertex   4.050000e+01 -4.115501e+00 8.752310e-01
    endloop
  endfacet
  facet normal -5.092372e-04 8.971392e-01 4.417477e-01
    outer loop
      vertex   4.050000e+01 -4.115501e+00 8.752310e-01
      vertex   3.330000e+01 -4.103035e+00 8.416140e-01
      vertex   3.330000e+01 -4.276892e+00 1.194697e+00
    endloop
  endfacet
  facet normal 2.546220e-04 8.902456e-01 4.554807e-01
    outer loop
      vertex   4.050000e+01 -4.115501e+00 8.752310e-01
      vertex   3.330000e+01 -4.276892e+00 1.194697e+00
      vertex   4.050000e+01 -4.286647e+00 1.209738e+00
    endloop
  endfacet
  facet normal -2.799812e-04 7.724925e-01 6.350238e-01
    outer loop
      vertex   4.050000e+01 -4.286647e+00 1.209738e+00
      vertex   3.330000e+01 -4.276892e+00 1.194697e+00
      vertex   4.050000e+01 -4.525255e+00 1.500000e+00
    endloop
  endfacet
  facet normal 2.760161e-19 7.757351e-01 6.310587e-01
    outer loop
      vertex   4.050000e+01 -4.525255e+00 1.500000e+00
      vertex   3.330000e+01 -4.276892e+00 1.194697e+00
      vertex   2.510000e+01 -4.276892e+00 1.194697e+00
    endloop
  endfacet
  facet normal 2.760161e-19 7.757351e-01 6.310587e-01
    outer loop
      vertex   4.050000e+01 -4.525255e+00 1.500000e+00
      vertex   2.510000e+01 -4.276892e+00 1.194697e+00
      vertex   1.690000e+01 -4.276892e+00 1.194697e+00
    endloop
  endfacet
  facet normal -0.000000e+00 8.971393e-01 4.417478e-01
    outer loop
      vertex   1.690000e+01 -4.276892e+00 1.194697e+00
      vertex   2.510000e+01 -4.276892e+00 1.194697e+00
      vertex   1.690000e+01 -4.103035e+00 8.416140e-01
    endloop
  endfacet
  facet normal 8.786527e-19 8.971393e-01 4.417478e-01
    outer loop
      vertex   1.690000e+01 -4.276892e+00 1.194697e+00
      vertex   1.690000e+01 -4.103035e+00 8.416140e-01
      vertex   8.700000e+00 -4.103035e+00 8.416140e-01
    endloop
  endfacet
  facet normal -0.000000e+00 9.731683e-01 2.300943e-01
    outer loop
      vertex   8.700000e+00 -4.103035e+00 8.416140e-01
      vertex   1.690000e+01 -4.103035e+00 8.416140e-01
      vertex   8.700000e+00 -4.012478e+00 4.586083e-01
    endloop
  endfacet
  facet normal 7.257709e-04 9.731681e-01 2.300942e-01
    outer loop
      vertex   8.700000e+00 -4.103035e+00 8.416140e-01
      vertex   8.700000e+00 -4.012478e+00 4.586083e-01
      vertex   1.500000e+00 -4.019709e+00 5.118997e-01
    endloop
  endfacet
  facet normal -6.876837e-04 9.990901e-01 4.264478e-02
    outer loop
      vertex   1.500000e+00 -4.019709e+00 5.118997e-01
      vertex   8.700000e+00 -4.012478e+00 4.586083e-01
      vertex   1.500000e+00 -4.003685e+00 1.364945e-01
    endloop
  endfacet
  facet normal 9.168834e-04 9.999764e-01 6.803138e-03
    outer loop
      vertex   1.500000e+00 -4.003685e+00 1.364945e-01
      vertex   8.700000e+00 -4.012478e+00 4.586083e-01
      vertex   8.700000e+00 -4.009801e+00 6.505168e-02
    endloop
  endfacet
  facet normal -8.660781e-04 9.851636e-01 -1.716156e-01
    outer loop
      vertex   1.500000e+00 -4.003685e+00 1.364945e-01
      vertex   8.700000e+00 -4.009801e+00 6.505168e-02
      vertex   1.500000e+00 -4.068169e+00 -2.336780e-01
    endloop
  endfacet
  facet normal 1.082555e-03 9.762083e-01 -2.168320e-01
    outer loop
      vertex   1.500000e+00 -4.068169e+00 -2.336780e-01
      vertex   8.700000e+00 -4.009801e+00 6.505168e-02
      vertex   8.700000e+00 -4.095138e+00 -3.191507e-01
    endloop
  endfacet
  facet normal -1.019022e-03 9.258196e-01 -3.779643e-01
    outer loop
      vertex   1.500000e+00 -4.068169e+00 -2.336780e-01
      vertex   8.700000e+00 -4.095138e+00 -3.191507e-01
      vertex   1.500000e+00 -4.210188e+00 -5.815522e-01
    endloop
  endfacet
  facet normal 1.222768e-03 9.030660e-01 -4.295001e-01
    outer loop
      vertex   1.500000e+00 -4.210188e+00 -5.815522e-01
      vertex   8.700000e+00 -4.095138e+00 -3.191507e-01
      vertex   8.700000e+00 -4.264175e+00 -6.745668e-01
    endloop
  endfacet
  facet normal -1.146500e-03 8.237940e-01 -5.668881e-01
    outer loop
      vertex   1.500000e+00 -4.210188e+00 -5.815522e-01
      vertex   8.700000e+00 -4.264175e+00 -6.745668e-01
      vertex   1.500000e+00 -4.423195e+00 -8.910906e-01
    endloop
  endfacet
  facet normal 1.337507e-03 7.842487e-01 -6.204451e-01
    outer loop
      vertex   1.500000e+00 -4.423195e+00 -8.910906e-01
      vertex   8.700000e+00 -4.264175e+00 -6.745668e-01
      vertex   8.700000e+00 -4.508361e+00 -9.832205e-01
    endloop
  endfacet
  facet normal -1.248499e-03 6.837903e-01 -7.296775e-01
    outer loop
      vertex   1.500000e+00 -4.423195e+00 -8.910906e-01
      vertex   8.700000e+00 -4.508361e+00 -9.832205e-01
      vertex   1.500000e+00 -4.697369e+00 -1.148023e+00
    endloop
  endfacet
  facet normal 1.426762e-03 6.257661e-01 -7.800095e-01
    outer loop
      vertex   1.500000e+00 -4.697369e+00 -1.148023e+00
      vertex   8.700000e+00 -4.508361e+00 -9.832205e-01
      vertex   8.700000e+00 -4.815346e+00 -1.229501e+00
    endloop
  endfacet
  facet normal -1.325007e-03 5.122628e-01 -8.588277e-01
    outer loop
      vertex   1.500000e+00 -4.697369e+00 -1.148023e+00
      vertex   8.700000e+00 -4.815346e+00 -1.229501e+00
      vertex   1.500000e+00 -5.020071e+00 -1.340504e+00
    endloop
  endfacet
  facet normal 1.490521e-03 4.356337e-01 -9.001228e-01
    outer loop
      vertex   1.500000e+00 -5.020071e+00 -1.340504e+00
      vertex   8.700000e+00 -4.815346e+00 -1.229501e+00
      vertex   8.700000e+00 -5.169604e+00 -1.400951e+00
    endloop
  endfacet
  facet normal -1.376017e-03 3.171193e-01 -9.483846e-01
    outer loop
      vertex   1.500000e+00 -5.020071e+00 -1.340504e+00
      vertex   8.700000e+00 -5.169604e+00 -1.400951e+00
      vertex   1.500000e+00 -5.376425e+00 -1.459661e+00
    endloop
  endfacet
  facet normal 1.528780e-03 2.234681e-01 -9.747100e-01
    outer loop
      vertex   1.500000e+00 -5.376425e+00 -1.459661e+00
      vertex   8.700000e+00 -5.169604e+00 -1.400951e+00
      vertex   8.700000e+00 -5.553217e+00 -1.488901e+00
    endloop
  endfacet
  facet normal -1.401523e-03 1.073562e-01 -9.942196e-01
    outer loop
      vertex   1.500000e+00 -5.376425e+00 -1.459661e+00
      vertex   8.700000e+00 -5.553217e+00 -1.488901e+00
      vertex   1.500000e+00 -5.750000e+00 -1.500000e+00
    endloop
  endfacet
  facet normal 1.541533e-03 -4.190092e-19 -9.999988e-01
    outer loop
      vertex   1.500000e+00 -5.750000e+00 -1.500000e+00
      vertex   8.700000e+00 -5.553217e+00 -1.488901e+00
      vertex   8.700000e+00 -5.946783e+00 -1.488901e+00
    endloop
  endfacet
  facet normal -1.306460e-03 -1.038987e-01 -9.945870e-01
    outer loop
      vertex   1.500000e+00 -5.750000e+00 -1.500000e+00
      vertex   8.700000e+00 -5.946783e+00 -1.488901e+00
      vertex   5.000000e-01 -6.123575e+00 -1.459661e+00
    endloop
  endfacet
  facet normal 1.342344e-03 -2.234681e-01 -9.747103e-01
    outer loop
      vertex   5.000000e-01 -6.123575e+00 -1.459661e+00
      vertex   8.700000e+00 -5.946783e+00 -1.488901e+00
      vertex   8.700000e+00 -6.330396e+00 -1.400951e+00
    endloop
  endfacet
  facet normal -1.208210e-03 -3.171194e-01 -9.483849e-01
    outer loop
      vertex   5.000000e-01 -6.123575e+00 -1.459661e+00
      vertex   8.700000e+00 -6.330396e+00 -1.400951e+00
      vertex   5.000000e-01 -6.479929e+00 -1.340504e+00
    endloop
  endfacet
  facet normal 1.308751e-03 -4.356338e-01 -9.001230e-01
    outer loop
      vertex   5.000000e-01 -6.479929e+00 -1.340504e+00
      vertex   8.700000e+00 -6.330396e+00 -1.400951e+00
      vertex   8.700000e+00 -6.684654e+00 -1.229501e+00
    endloop
  endfacet
  facet normal -1.163421e-03 -5.122629e-01 -8.588279e-01
    outer loop
      vertex   5.000000e-01 -6.479929e+00 -1.340504e+00
      vertex   8.700000e+00 -6.684654e+00 -1.229501e+00
      vertex   5.000000e-01 -6.802631e+00 -1.148023e+00
    endloop
  endfacet
  facet normal 1.252767e-03 -6.257662e-01 -7.800097e-01
    outer loop
      vertex   5.000000e-01 -6.802631e+00 -1.148023e+00
      vertex   8.700000e+00 -6.684654e+00 -1.229501e+00
      vertex   8.700000e+00 -6.991639e+00 -9.832205e-01
    endloop
  endfacet
  facet normal -1.096243e-03 -6.837904e-01 -7.296777e-01
    outer loop
      vertex   5.000000e-01 -6.802631e+00 -1.148023e+00
      vertex   8.700000e+00 -6.991639e+00 -9.832205e-01
      vertex   5.000000e-01 -7.076805e+00 -8.910906e-01
    endloop
  endfacet
  facet normal 1.174397e-03 -7.842489e-01 -6.204453e-01
    outer loop
      vertex   5.000000e-01 -7.076805e+00 -8.910906e-01
      vertex   8.700000e+00 -6.991639e+00 -9.832205e-01
      vertex   8.700000e+00 -7.235825e+00 -6.745668e-01
    endloop
  endfacet
  facet normal -1.006683e-03 -8.237941e-01 -5.668882e-01
    outer loop
      vertex   5.000000e-01 -7.076805e+00 -8.910906e-01
      vertex   8.700000e+00 -7.235825e+00 -6.745668e-01
      vertex   5.000000e-01 -7.289812e+00 -5.815522e-01
    endloop
  endfacet
  facet normal 1.073650e-03 -9.030661e-01 -4.295002e-01
    outer loop
      vertex   5.000000e-01 -7.289812e+00 -5.815522e-01
      vertex   8.700000e+00 -7.235825e+00 -6.745668e-01
      vertex   8.700000e+00 -7.404862e+00 -3.191507e-01
    endloop
  endfacet
  facet normal -8.947514e-04 -9.258197e-01 -3.779643e-01
    outer loop
      vertex   5.000000e-01 -7.289812e+00 -5.815522e-01
      vertex   8.700000e+00 -7.404862e+00 -3.191507e-01
      vertex   5.000000e-01 -7.431831e+00 -2.336780e-01
    endloop
  endfacet
  facet normal 9.505361e-04 -9.762085e-01 -2.168320e-01
    outer loop
      vertex   5.000000e-01 -7.431831e+00 -2.336780e-01
      vertex   8.700000e+00 -7.404862e+00 -3.191507e-01
      vertex   8.700000e+00 -7.490199e+00 6.505168e-02
    endloop
  endfacet
  facet normal -7.604589e-04 -9.851637e-01 -1.716157e-01
    outer loop
      vertex   5.000000e-01 -7.431831e+00 -2.336780e-01
      vertex   8.700000e+00 -7.490199e+00 6.505168e-02
      vertex   5.000000e-01 -7.496315e+00 1.364945e-01
    endloop
  endfacet
  facet normal 8.050685e-04 -9.999765e-01 6.803139e-03
    outer loop
      vertex   5.000000e-01 -7.496315e+00 1.364945e-01
      vertex   8.700000e+00 -7.490199e+00 6.505168e-02
      vertex   8.700000e+00 -7.487522e+00 4.586083e-01
    endloop
  endfacet
  facet normal -6.038199e-04 -9.990901e-01 4.264478e-02
    outer loop
      vertex   5.000000e-01 -7.496315e+00 1.364945e-01
      vertex   8.700000e+00 -7.487522e+00 4.586083e-01
      vertex   5.000000e-01 -7.480291e+00 5.118997e-01
    endloop
  endfacet
  facet normal 6.372623e-04 -9.731681e-01 2.300942e-01
    outer loop
      vertex   5.000000e-01 -7.480291e+00 5.118997e-01
      vertex   8.700000e+00 -7.487522e+00 4.586083e-01
      vertex   8.700000e+00 -7.396965e+00 8.416140e-01
    endloop
  endfacet
  facet normal -4.248509e-04 -9.669570e-01 2.549393e-01
    outer loop
      vertex   5.000000e-01 -7.480291e+00 5.118997e-01
      vertex   8.700000e+00 -7.396965e+00 8.416140e-01
      vertex   5.000000e-01 -7.384499e+00 8.752310e-01
    endloop
  endfacet
  facet normal 4.471351e-04 -8.971392e-01 4.417477e-01
    outer loop
      vertex   5.000000e-01 -7.384499e+00 8.752310e-01
      vertex   8.700000e+00 -7.396965e+00 8.416140e-01
      vertex   8.700000e+00 -7.223108e+00 1.194697e+00
    endloop
  endfacet
  facet normal -2.235705e-04 -8.902456e-01 4.554807e-01
    outer loop
      vertex   5.000000e-01 -7.384499e+00 8.752310e-01
      vertex   8.700000e+00 -7.223108e+00 1.194697e+00
      vertex   5.000000e-01 -7.213353e+00 1.209738e+00
    endloop
  endfacet
  facet normal 4.235233e-19 -1.073563e-01 -9.942206e-01
    outer loop
      vertex   5.000000e-01 -6.123575e+00 -1.459661e+00
      vertex   5.000000e-01 -5.750000e+00 -1.500000e+00
      vertex   1.500000e+00 -5.750000e+00 -1.500000e+00
    endloop
  endfacet
  facet normal -4.838579e-04 9.669569e-01 2.549393e-01
    outer loop
      vertex   1.500000e+00 -4.019709e+00 5.118997e-01
      vertex   1.500000e+00 -4.115501e+00 8.752310e-01
      vertex   8.700000e+00 -4.103035e+00 8.416140e-01
    endloop
  endfacet
  facet normal 5.092372e-04 8.971392e-01 4.417477e-01
    outer loop
      vertex   8.700000e+00 -4.103035e+00 8.416140e-01
      vertex   1.500000e+00 -4.115501e+00 8.752310e-01
      vertex   8.700000e+00 -4.276892e+00 1.194697e+00
    endloop
  endfacet
  facet normal 8.786527e-19 8.971393e-01 4.417478e-01
    outer loop
      vertex   8.700000e+00 -4.103035e+00 8.416140e-01
      vertex   8.700000e+00 -4.276892e+00 1.194697e+00
      vertex   1.690000e+01 -4.276892e+00 1.194697e+00
    endloop
  endfacet
  facet normal 0.000000e+00 7.757351e-01 6.310587e-01
    outer loop
      vertex   1.690000e+01 -4.276892e+00 1.194697e+00
      vertex   8.700000e+00 -4.276892e+00 1.194697e+00
      vertex   4.050000e+01 -4.525255e+00 1.500000e+00
    endloop
  endfacet
  facet normal -2.546220e-04 8.902456e-01 4.554807e-01
    outer loop
      vertex   1.500000e+00 -4.115501e+00 8.752310e-01
      vertex   1.500000e+00 -4.286647e+00 1.209738e+00
      vertex   8.700000e+00 -4.276892e+00 1.194697e+00
    endloop
  endfacet
  facet normal 2.227146e-04 7.869655e-01 6.169970e-01
    outer loop
      vertex   8.700000e+00 -4.276892e+00 1.194697e+00
      vertex   1.500000e+00 -4.286647e+00 1.209738e+00
      vertex   4.050000e+01 -4.525255e+00 1.500000e+00
    endloop
  endfacet
  facet normal 2.944869e-19 7.724926e-01 6.350238e-01
    outer loop
      vertex   1.500000e+00 -4.286647e+00 1.209738e+00
      vertex   1.500000e+00 -4.525255e+00 1.500000e+00
      vertex   4.050000e+01 -4.525255e+00 1.500000e+00
    endloop
  endfacet
  facet normal 4.248509e-04 -9.669570e-01 2.549393e-01
    outer loop
      vertex   4.150000e+01 -7.480291e+00 5.118997e-01
      vertex   4.150000e+01 -7.384499e+00 8.752310e-01
      vertex   3.330000e+01 -7.396965e+00 8.416140e-01
    endloop
  endfacet
  facet normal -4.471351e-04 -8.971392e-01 4.417477e-01
    outer loop
      vertex   3.330000e+01 -7.396965e+00 8.416140e-01
      vertex   4.150000e+01 -7.384499e+00 8.752310e-01
      vertex   3.330000e+01 -7.223108e+00 1.194697e+00
    endloop
  endfacet
  facet normal 8.971181e-19 -8.971393e-01 4.417478e-01
    outer loop
      vertex   3.330000e+01 -7.396965e+00 8.416140e-01
      vertex   3.330000e+01 -7.223108e+00 1.194697e+00
      vertex   2.510000e+01 -7.223108e+00 1.194697e+00
    endloop
  endfacet
  facet normal 0.000000e+00 -7.757351e-01 6.310587e-01
    outer loop
      vertex   2.510000e+01 -7.223108e+00 1.194697e+00
      vertex   3.330000e+01 -7.223108e+00 1.194697e+00
      vertex   5.000000e-01 -6.974745e+00 1.500000e+00
    endloop
  endfacet
  facet normal 2.235705e-04 -8.902456e-01 4.554807e-01
    outer loop
      vertex   4.150000e+01 -7.384499e+00 8.752310e-01
      vertex   4.150000e+01 -7.213353e+00 1.209738e+00
      vertex   3.330000e+01 -7.223108e+00 1.194697e+00
    endloop
  endfacet
  facet normal -1.986833e-04 -7.860780e-01 6.181273e-01
    outer loop
      vertex   3.330000e+01 -7.223108e+00 1.194697e+00
      vertex   4.150000e+01 -7.213353e+00 1.209738e+00
      vertex   5.000000e-01 -6.974745e+00 1.500000e+00
    endloop
  endfacet
  facet normal 1.011471e-19 -7.724926e-01 6.350238e-01
    outer loop
      vertex   4.150000e+01 -7.213353e+00 1.209738e+00
      vertex   4.150000e+01 -6.974745e+00 1.500000e+00
      vertex   5.000000e-01 -6.974745e+00 1.500000e+00
    endloop
  endfacet
  facet normal 0.000000e+00 -8.971393e-01 4.417478e-01
    outer loop
      vertex   1.690000e+01 -7.223108e+00 1.194697e+00
      vertex   8.700000e+00 -7.223108e+00 1.194697e+00
      vertex   1.690000e+01 -7.396965e+00 8.416140e-01
    endloop
  endfacet
  facet normal 0.000000e+00 -8.971393e-01 4.417478e-01
    outer loop
      vertex   1.690000e+01 -7.396965e+00 8.416140e-01
      vertex   8.700000e+00 -7.223108e+00 1.194697e+00
      vertex   8.700000e+00 -7.396965e+00 8.416140e-01
    endloop
  endfacet
  facet normal 0.000000e+00 -9.731683e-01 2.300943e-01
    outer loop
      vertex   1.690000e+01 -7.396965e+00 8.416140e-01
      vertex   8.700000e+00 -7.396965e+00 8.416140e-01
      vertex   1.690000e+01 -7.487522e+00 4.586083e-01
    endloop
  endfacet
  facet normal 0.000000e+00 -9.731683e-01 2.300943e-01
    outer loop
      vertex   1.690000e+01 -7.487522e+00 4.586083e-01
      vertex   8.700000e+00 -7.396965e+00 8.416140e-01
      vertex   8.700000e+00 -7.487522e+00 4.586083e-01
    endloop
  endfacet
  facet normal 0.000000e+00 -9.999769e-01 6.803141e-03
    outer loop
      vertex   1.690000e+01 -7.487522e+00 4.586083e-01
      vertex   8.700000e+00 -7.487522e+00 4.586083e-01
      vertex   1.690000e+01 -7.490199e+00 6.505168e-02
    endloop
  endfacet
  facet normal 0.000000e+00 -9.999769e-01 6.803141e-03
    outer loop
      vertex   1.690000e+01 -7.490199e+00 6.505168e-02
      vertex   8.700000e+00 -7.487522e+00 4.586083e-01
      vertex   8.700000e+00 -7.490199e+00 6.505168e-02
    endloop
  endfacet
  facet normal -0.000000e+00 -9.762089e-01 -2.168321e-01
    outer loop
      vertex   1.690000e+01 -7.490199e+00 6.505168e-02
      vertex   8.700000e+00 -7.490199e+00 6.505168e-02
      vertex   1.690000e+01 -7.404862e+00 -3.191507e-01
    endloop
  endfacet
  facet normal -0.000000e+00 -9.762089e-01 -2.168321e-01
    outer loop
      vertex   1.690000e+01 -7.404862e+00 -3.191507e-01
      vertex   8.700000e+00 -7.490199e+00 6.505168e-02
      vertex   8.700000e+00 -7.404862e+00 -3.191507e-01
    endloop
  endfacet
  facet normal -0.000000e+00 -9.030666e-01 -4.295004e-01
    outer loop
      vertex   1.690000e+01 -7.404862e+00 -3.191507e-01
      vertex   8.700000e+00 -7.404862e+00 -3.191507e-01
      vertex   1.690000e+01 -7.235825e+00 -6.745668e-01
    endloop
  endfacet
  facet normal -0.000000e+00 -9.030666e-01 -4.295004e-01
    outer loop
      vertex   1.690000e+01 -7.235825e+00 -6.745668e-01
      vertex   8.700000e+00 -7.404862e+00 -3.191507e-01
      vertex   8.700000e+00 -7.235825e+00 -6.745668e-01
    endloop
  endfacet
  facet normal -0.000000e+00 -7.842494e-01 -6.204457e-01
    outer loop
      vertex   1.690000e+01 -7.235825e+00 -6.745668e-01
      vertex   8.700000e+00 -7.235825e+00 -6.745668e-01
      vertex   1.690000e+01 -6.991639e+00 -9.832205e-01
    endloop
  endfacet
  facet normal -0.000000e+00 -7.842494e-01 -6.204457e-01
    outer loop
      vertex   1.690000e+01 -6.991639e+00 -9.832205e-01
      vertex   8.700000e+00 -7.235825e+00 -6.745668e-01
      vertex   8.700000e+00 -6.991639e+00 -9.832205e-01
    endloop
  endfacet
  facet normal -0.000000e+00 -6.257667e-01 -7.800103e-01
    outer loop
      vertex   1.690000e+01 -6.991639e+00 -9.832205e-01
      vertex   8.700000e+00 -6.991639e+00 -9.832205e-01
      vertex   1.690000e+01 -6.684654e+00 -1.229501e+00
    endloop
  endfacet
  facet normal -0.000000e+00 -6.257667e-01 -7.800103e-01
    outer loop
      vertex   1.690000e+01 -6.684654e+00 -1.229501e+00
      vertex   8.700000e+00 -6.991639e+00 -9.832205e-01
      vertex   8.700000e+00 -6.684654e+00 -1.229501e+00
    endloop
  endfacet
  facet normal -0.000000e+00 -4.356342e-01 -9.001238e-01
    outer loop
      vertex   1.690000e+01 -6.684654e+00 -1.229501e+00
      vertex   8.700000e+00 -6.684654e+00 -1.229501e+00
      vertex   1.690000e+01 -6.330396e+00 -1.400951e+00
    endloop
  endfacet
  facet normal -0.000000e+00 -4.356342e-01 -9.001238e-01
    outer loop
      vertex   1.690000e+01 -6.330396e+00 -1.400951e+00
      vertex   8.700000e+00 -6.684654e+00 -1.229501e+00
      vertex   8.700000e+00 -6.330396e+00 -1.400951e+00
    endloop
  endfacet
  facet normal -0.000000e+00 -2.234683e-01 -9.747112e-01
    outer loop
      vertex   1.690000e+01 -6.330396e+00 -1.400951e+00
      vertex   8.700000e+00 -6.330396e+00 -1.400951e+00
      vertex   1.690000e+01 -5.946783e+00 -1.488901e+00
    endloop
  endfacet
  facet normal -0.000000e+00 -2.234683e-01 -9.747112e-01
    outer loop
      vertex   1.690000e+01 -5.946783e+00 -1.488901e+00
      vertex   8.700000e+00 -6.330396e+00 -1.400951e+00
      vertex   8.700000e+00 -5.946783e+00 -1.488901e+00
    endloop
  endfacet
  facet normal 0.000000e+00 0.000000e+00 -1.000000e+00
    outer loop
      vertex   1.690000e+01 -5.946783e+00 -1.488901e+00
      vertex   8.700000e+00 -5.946783e+00 -1.488901e+00
      vertex   1.690000e+01 -5.553217e+00 -1.488901e+00
    endloop
  endfacet
  facet normal -0.000000e+00 0.000000e+00 -1.000000e+00
    outer loop
      vertex   1.690000e+01 -5.553217e+00 -1.488901e+00
      vertex   8.700000e+00 -5.946783e+00 -1.488901e+00
      vertex   8.700000e+00 -5.553217e+00 -1.488901e+00
    endloop
  endfacet
  facet normal 0.000000e+00 2.234683e-01 -9.747112e-01
    outer loop
      vertex   1.690000e+01 -5.553217e+00 -1.488901e+00
      vertex   8.700000e+00 -5.553217e+00 -1.488901e+00
      vertex   1.690000e+01 -5.169604e+00 -1.400951e+00
    endloop
  endfacet
  facet normal 0.000000e+00 2.234683e-01 -9.747112e-01
    outer loop
      vertex   1.690000e+01 -5.169604e+00 -1.400951e+00
      vertex   8.700000e+00 -5.553217e+00 -1.488901e+00
      vertex   8.700000e+00 -5.169604e+00 -1.400951e+00
    endloop
  endfacet
  facet normal 0.000000e+00 4.356342e-01 -9.001238e-01
    outer loop
      vertex   1.690000e+01 -5.169604e+00 -1.400951e+00
      vertex   8.700000e+00 -5.169604e+00 -1.400951e+00
      vertex   1.690000e+01 -4.815346e+00 -1.229501e+00
    endloop
  endfacet
  facet normal 0.000000e+00 4.356342e-01 -9.001238e-01
    outer loop
      vertex   1.690000e+01 -4.815346e+00 -1.229501e+00
      vertex   8.700000e+00 -5.169604e+00 -1.400951e+00
      vertex   8.700000e+00 -4.815346e+00 -1.229501e+00
    endloop
  endfacet
  facet normal 0.000000e+00 6.257667e-01 -7.800103e-01
    outer loop
      vertex   1.690000e+01 -4.815346e+00 -1.229501e+00
      vertex   8.700000e+00 -4.815346e+00 -1.229501e+00
      vertex   1.690000e+01 -4.508361e+00 -9.832205e-01
    endloop
  endfacet
  facet normal 0.000000e+00 6.257667e-01 -7.800103e-01
    outer loop
      vertex   1.690000e+01 -4.508361e+00 -9.832205e-01
      vertex   8.700000e+00 -4.815346e+00 -1.229501e+00
      vertex   8.700000e+00 -4.508361e+00 -9.832205e-01
    endloop
  endfacet
  facet normal 0.000000e+00 7.842494e-01 -6.204457e-01
    outer loop
      vertex   1.690000e+01 -4.508361e+00 -9.832205e-01
      vertex   8.700000e+00 -4.508361e+00 -9.832205e-01
      vertex   1.690000e+01 -4.264175e+00 -6.745668e-01
    endloop
  endfacet
  facet normal 0.000000e+00 7.842494e-01 -6.204457e-01
    outer loop
      vertex   1.690000e+01 -4.264175e+00 -6.745668e-01
      vertex   8.700000e+00 -4.508361e+00 -9.832205e-01
      vertex   8.700000e+00 -4.264175e+00 -6.745668e-01
    endloop
  endfacet
  facet normal 0.000000e+00 9.030666e-01 -4.295004e-01
    outer loop
      vertex   1.690000e+01 -4.264175e+00 -6.745668e-01
      vertex   8.700000e+00 -4.264175e+00 -6.745668e-01
      vertex   1.690000e+01 -4.095138e+00 -3.191507e-01
    endloop
  endfacet
  facet normal 0.000000e+00 9.030666e-01 -4.295004e-01
    outer loop
      vertex   1.690000e+01 -4.095138e+00 -3.191507e-01
      vertex   8.700000e+00 -4.264175e+00 -6.745668e-01
      vertex   8.700000e+00 -4.095138e+00 -3.191507e-01
    endloop
  endfacet
  facet normal 0.000000e+00 9.762089e-01 -2.168321e-01
    outer loop
      vertex   1.690000e+01 -4.095138e+00 -3.191507e-01
      vertex   8.700000e+00 -4.095138e+00 -3.191507e-01
      vertex   1.690000e+01 -4.009801e+00 6.505168e-02
    endloop
  endfacet
  facet normal 0.000000e+00 9.762089e-01 -2.168321e-01
    outer loop
      vertex   1.690000e+01 -4.009801e+00 6.505168e-02
      vertex   8.700000e+00 -4.095138e+00 -3.191507e-01
      vertex   8.700000e+00 -4.009801e+00 6.505168e-02
    endloop
  endfacet
  facet normal 0.000000e+00 9.999769e-01 6.803141e-03
    outer loop
      vertex   1.690000e+01 -4.009801e+00 6.505168e-02
      vertex   8.700000e+00 -4.009801e+00 6.505168e-02
      vertex   1.690000e+01 -4.012478e+00 4.586083e-01
    endloop
  endfacet
  facet normal 0.000000e+00 9.999769e-01 6.803141e-03
    outer loop
      vertex   1.690000e+01 -4.012478e+00 4.586083e-01
      vertex   8.700000e+00 -4.009801e+00 6.505168e-02
      vertex   8.700000e+00 -4.012478e+00 4.586083e-01
    endloop
  endfacet
  facet normal 0.000000e+00 9.731683e-01 2.300943e-01
    outer loop
      vertex   1.690000e+01 -4.012478e+00 4.586083e-01
      vertex   8.700000e+00 -4.012478e+00 4.586083e-01
      vertex   1.690000e+01 -4.103035e+00 8.416140e-01
    endloop
  endfacet
  facet normal 8.971181e-19 -8.971393e-01 4.417478e-01
    outer loop
      vertex   1.690000e+01 -7.223108e+00 1.194697e+00
      vertex   1.690000e+01 -7.396965e+00 8.416140e-01
      vertex   2.510000e+01 -7.396965e+00 8.416140e-01
    endloop
  endfacet
  facet normal 0.000000e+00 -9.731683e-01 2.300943e-01
    outer loop
      vertex   2.510000e+01 -7.396965e+00 8.416140e-01
      vertex   1.690000e+01 -7.396965e+00 8.416140e-01
      vertex   2.510000e+01 -7.487522e+00 4.586083e-01
    endloop
  endfacet
  facet normal -1.587330e-19 -9.731683e-01 2.300943e-01
    outer loop
      vertex   2.510000e+01 -7.396965e+00 8.416140e-01
      vertex   2.510000e+01 -7.487522e+00 4.586083e-01
      vertex   3.330000e+01 -7.487522e+00 4.586083e-01
    endloop
  endfacet
  facet normal 0.000000e+00 -9.999769e-01 6.803141e-03
    outer loop
      vertex   3.330000e+01 -7.487522e+00 4.586083e-01
      vertex   2.510000e+01 -7.487522e+00 4.586083e-01
      vertex   3.330000e+01 -7.490199e+00 6.505168e-02
    endloop
  endfacet
  facet normal 0.000000e+00 -9.731683e-01 2.300943e-01
    outer loop
      vertex   2.510000e+01 -7.487522e+00 4.586083e-01
      vertex   1.690000e+01 -7.396965e+00 8.416140e-01
      vertex   1.690000e+01 -7.487522e+00 4.586083e-01
    endloop
  endfacet
  facet normal 0.000000e+00 -9.999769e-01 6.803141e-03
    outer loop
      vertex   2.510000e+01 -7.487522e+00 4.586083e-01
      vertex   1.690000e+01 -7.487522e+00 4.586083e-01
      vertex   2.510000e+01 -7.490199e+00 6.505168e-02
    endloop
  endfacet
  facet normal 0.000000e+00 -9.999769e-01 6.803141e-03
    outer loop
      vertex   2.510000e+01 -7.490199e+00 6.505168e-02
      vertex   1.690000e+01 -7.487522e+00 4.586083e-01
      vertex   1.690000e+01 -7.490199e+00 6.505168e-02
    endloop
  endfacet
  facet normal -0.000000e+00 -9.762089e-01 -2.168321e-01
    outer loop
      vertex   2.510000e+01 -7.490199e+00 6.505168e-02
      vertex   1.690000e+01 -7.490199e+00 6.505168e-02
      vertex   2.510000e+01 -7.404862e+00 -3.191507e-01
    endloop
  endfacet
  facet normal -0.000000e+00 -9.762089e-01 -2.168321e-01
    outer loop
      vertex   2.510000e+01 -7.404862e+00 -3.191507e-01
      vertex   1.690000e+01 -7.490199e+00 6.505168e-02
      vertex   1.690000e+01 -7.404862e+00 -3.191507e-01
    endloop
  endfacet
  facet normal -0.000000e+00 -9.030666e-01 -4.295004e-01
    outer loop
      vertex   2.510000e+01 -7.404862e+00 -3.191507e-01
      vertex   1.690000e+01 -7.404862e+00 -3.191507e-01
      vertex   2.510000e+01 -7.235825e+00 -6.745668e-01
    endloop
  endfacet
  facet normal -0.000000e+00 -9.030666e-01 -4.295004e-01
    outer loop
      vertex   2.510000e+01 -7.235825e+00 -6.745668e-01
      vertex   1.690000e+01 -7.404862e+00 -3.191507e-01
      vertex   1.690000e+01 -7.235825e+00 -6.745668e-01
    endloop
  endfacet
  facet normal -0.000000e+00 -7.842494e-01 -6.204457e-01
    outer loop
      vertex   2.510000e+01 -7.235825e+00 -6.745668e-01
      vertex   1.690000e+01 -7.235825e+00 -6.745668e-01
      vertex   2.510000e+01 -6.991639e+00 -9.832205e-01
    endloop
  endfacet
  facet normal -0.000000e+00 -7.842494e-01 -6.204457e-01
    outer loop
      vertex   2.510000e+01 -6.991639e+00 -9.832205e-01
      vertex   1.690000e+01 -7.235825e+00 -6.745668e-01
      vertex   1.690000e+01 -6.991639e+00 -9.832205e-01
    endloop
  endfacet
  facet normal -0.000000e+00 -6.257667e-01 -7.800103e-01
    outer loop
      vertex   2.510000e+01 -6.991639e+00 -9.832205e-01
      vertex   1.690000e+01 -6.991639e+00 -9.832205e-01
      vertex   2.510000e+01 -6.684654e+00 -1.229501e+00
    endloop
  endfacet
  facet normal -0.000000e+00 -6.257667e-01 -7.800103e-01
    outer loop
      vertex   2.510000e+01 -6.684654e+00 -1.229501e+00
      vertex   1.690000e+01 -6.991639e+00 -9.832205e-01
      vertex   1.690000e+01 -6.684654e+00 -1.229501e+00
    endloop
  endfacet
  facet normal -0.000000e+00 -4.356342e-01 -9.001238e-01
    outer loop
      vertex   2.510000e+01 -6.684654e+00 -1.229501e+00
      vertex   1.690000e+01 -6.684654e+00 -1.229501e+00
      vertex   2.510000e+01 -6.330396e+00 -1.400951e+00
    endloop
  endfacet
  facet normal -0.000000e+00 -4.356342e-01 -9.001238e-01
    outer loop
      vertex   2.510000e+01 -6.330396e+00 -1.400951e+00
      vertex   1.690000e+01 -6.684654e+00 -1.229501e+00
      vertex   1.690000e+01 -6.330396e+00 -1.400951e+00
    endloop
  endfacet
  facet normal -0.000000e+00 -2.234683e-01 -9.747112e-01
    outer loop
      vertex   2.510000e+01 -6.330396e+00 -1.400951e+00
      vertex   1.690000e+01 -6.330396e+00 -1.400951e+00
      vertex   2.510000e+01 -5.946783e+00 -1.488901e+00
    endloop
  endfacet
  facet normal -0.000000e+00 -2.234683e-01 -9.747112e-01
    outer loop
      vertex   2.510000e+01 -5.946783e+00 -1.488901e+00
      vertex   1.690000e+01 -6.330396e+00 -1.400951e+00
      vertex   1.690000e+01 -5.946783e+00 -1.488901e+00
    endloop
  endfacet
  facet normal 0.000000e+00 0.000000e+00 -1.000000e+00
    outer loop
      vertex   2.510000e+01 -5.946783e+00 -1.488901e+00
      vertex   1.690000e+01 -5.946783e+00 -1.488901e+00
      vertex   2.510000e+01 -5.553217e+00 -1.488901e+00
    endloop
  endfacet
  facet normal -0.000000e+00 0.000000e+00 -1.000000e+00
    outer loop
      vertex   2.510000e+01 -5.553217e+00 -1.488901e+00
      vertex   1.690000e+01 -5.946783e+00 -1.488901e+00
      vertex   1.690000e+01 -5.553217e+00 -1.488901e+00
    endloop
  endfacet
  facet normal 0.000000e+00 2.234683e-01 -9.747112e-01
    outer loop
      vertex   2.510000e+01 -5.553217e+00 -1.488901e+00
      vertex   1.690000e+01 -5.553217e+00 -1.488901e+00
      vertex   2.510000e+01 -5.169604e+00 -1.400951e+00
    endloop
  endfacet
  facet normal 0.000000e+00 2.234683e-01 -9.747112e-01
    outer loop
      vertex   2.510000e+01 -5.169604e+00 -1.400951e+00
      vertex   1.690000e+01 -5.553217e+00 -1.488901e+00
      vertex   1.690000e+01 -5.169604e+00 -1.400951e+00
    endloop
  endfacet
  facet normal 0.000000e+00 4.356342e-01 -9.001238e-01
    outer loop
      vertex   2.510000e+01 -5.169604e+00 -1.400951e+00
      vertex   1.690000e+01 -5.169604e+00 -1.400951e+00
      vertex   2.510000e+01 -4.815346e+00 -1.229501e+00
    endloop
  endfacet
  facet normal 0.000000e+00 4.356342e-01 -9.001238e-01
    outer loop
      vertex   2.510000e+01 -4.815346e+00 -1.229501e+00
      vertex   1.690000e+01 -5.169604e+00 -1.400951e+00
      vertex   1.690000e+01 -4.815346e+00 -1.229501e+00
    endloop
  endfacet
  facet normal 0.000000e+00 6.257667e-01 -7.800103e-01
    outer loop
      vertex   2.510000e+01 -4.815346e+00 -1.229501e+00
      vertex   1.690000e+01 -4.815346e+00 -1.229501e+00
      vertex   2.510000e+01 -4.508361e+00 -9.832205e-01
    endloop
  endfacet
  facet normal 0.000000e+00 6.257667e-01 -7.800103e-01
    outer loop
      vertex   2.510000e+01 -4.508361e+00 -9.832205e-01
      vertex   1.690000e+01 -4.815346e+00 -1.229501e+00
      vertex   1.690000e+01 -4.508361e+00 -9.832205e-01
    endloop
  endfacet
  facet normal 0.000000e+00 7.842494e-01 -6.204457e-01
    outer loop
      vertex   2.510000e+01 -4.508361e+00 -9.832205e-01
      vertex   1.690000e+01 -4.508361e+00 -9.832205e-01
      vertex   2.510000e+01 -4.264175e+00 -6.745668e-01
    endloop
  endfacet
  facet normal 0.000000e+00 7.842494e-01 -6.204457e-01
    outer loop
      vertex   2.510000e+01 -4.264175e+00 -6.745668e-01
      vertex   1.690000e+01 -4.508361e+00 -9.832205e-01
      vertex   1.690000e+01 -4.264175e+00 -6.745668e-01
    endloop
  endfacet
  facet normal 0.000000e+00 9.030666e-01 -4.295004e-01
    outer loop
      vertex   2.510000e+01 -4.264175e+00 -6.745668e-01
      vertex   1.690000e+01 -4.264175e+00 -6.745668e-01
      vertex   2.510000e+01 -4.095138e+00 -3.191507e-01
    endloop
  endfacet
  facet normal 0.000000e+00 9.030666e-01 -4.295004e-01
    outer loop
      vertex   2.510000e+01 -4.095138e+00 -3.191507e-01
      vertex   1.690000e+01 -4.264175e+00 -6.745668e-01
      vertex   1.690000e+01 -4.095138e+00 -3.191507e-01
    endloop
  endfacet
  facet normal 0.000000e+00 9.762089e-01 -2.168321e-01
    outer loop
      vertex   2.510000e+01 -4.095138e+00 -3.191507e-01
      vertex   1.690000e+01 -4.095138e+00 -3.191507e-01
      vertex   2.510000e+01 -4.009801e+00 6.505168e-02
    endloop
  endfacet
  facet normal 0.000000e+00 9.762089e-01 -2.168321e-01
    outer loop
      vertex   2.510000e+01 -4.009801e+00 6.505168e-02
      vertex   1.690000e+01 -4.095138e+00 -3.191507e-01
      vertex   1.690000e+01 -4.009801e+00 6.505168e-02
    endloop
  endfacet
  facet normal 0.000000e+00 9.999769e-01 6.803141e-03
    outer loop
      vertex   2.510000e+01 -4.009801e+00 6.505168e-02
      vertex   1.690000e+01 -4.009801e+00 6.505168e-02
      vertex   2.510000e+01 -4.012478e+00 4.586083e-01
    endloop
  endfacet
  facet normal 0.000000e+00 9.999769e-01 6.803141e-03
    outer loop
      vertex   2.510000e+01 -4.012478e+00 4.586083e-01
      vertex   1.690000e+01 -4.009801e+00 6.505168e-02
      vertex   1.690000e+01 -4.012478e+00 4.586083e-01
    endloop
  endfacet
  facet normal 0.000000e+00 9.731683e-01 2.300943e-01
    outer loop
      vertex   2.510000e+01 -4.012478e+00 4.586083e-01
      vertex   1.690000e+01 -4.012478e+00 4.586083e-01
      vertex   2.510000e+01 -4.103035e+00 8.416140e-01
    endloop
  endfacet
  facet normal 0.000000e+00 9.731683e-01 2.300943e-01
    outer loop
      vertex   2.510000e+01 -4.103035e+00 8.416140e-01
      vertex   1.690000e+01 -4.012478e+00 4.586083e-01
      vertex   1.690000e+01 -4.103035e+00 8.416140e-01
    endloop
  endfacet
  facet normal 0.000000e+00 8.971393e-01 4.417478e-01
    outer loop
      vertex   2.510000e+01 -4.103035e+00 8.416140e-01
      vertex   1.690000e+01 -4.103035e+00 8.416140e-01
      vertex   2.510000e+01 -4.276892e+00 1.194697e+00
    endloop
  endfacet
  facet normal -9.650190e-19 -9.762089e-01 -2.168321e-01
    outer loop
      vertex   3.330000e+01 -7.404862e+00 -3.191507e-01
      vertex   3.330000e+01 -7.490199e+00 6.505168e-02
      vertex   2.510000e+01 -7.490199e+00 6.505168e-02
    endloop
  endfacet
  facet normal 0.000000e+00 -9.999769e-01 6.803141e-03
    outer loop
      vertex   2.510000e+01 -7.490199e+00 6.505168e-02
      vertex   3.330000e+01 -7.490199e+00 6.505168e-02
      vertex   2.510000e+01 -7.487522e+00 4.586083e-01
    endloop
  endfacet
  facet normal -0.000000e+00 -9.762089e-01 -2.168321e-01
    outer loop
      vertex   3.330000e+01 -7.404862e+00 -3.191507e-01
      vertex   2.510000e+01 -7.490199e+00 6.505168e-02
      vertex   2.510000e+01 -7.404862e+00 -3.191507e-01
    endloop
  endfacet
  facet normal -3.429475e-19 -9.030666e-01 -4.295004e-01
    outer loop
      vertex   3.330000e+01 -7.235825e+00 -6.745668e-01
      vertex   3.330000e+01 -7.404862e+00 -3.191507e-01
      vertex   2.510000e+01 -7.404862e+00 -3.191507e-01
    endloop
  endfacet
  facet normal -0.000000e+00 -9.030666e-01 -4.295004e-01
    outer loop
      vertex   3.330000e+01 -7.235825e+00 -6.745668e-01
      vertex   2.510000e+01 -7.404862e+00 -3.191507e-01
      vertex   2.510000e+01 -7.235825e+00 -6.745668e-01
    endloop
  endfacet
  facet normal 7.281067e-19 -7.842494e-01 -6.204457e-01
    outer loop
      vertex   3.330000e+01 -6.991639e+00 -9.832205e-01
      vertex   3.330000e+01 -7.235825e+00 -6.745668e-01
      vertex   2.510000e+01 -7.235825e+00 -6.745668e-01
    endloop
  endfacet
  facet normal -0.000000e+00 -7.842494e-01 -6.204457e-01
    outer loop
      vertex   3.330000e+01 -6.991639e+00 -9.832205e-01
      vertex   2.510000e+01 -7.235825e+00 -6.745668e-01
      vertex   2.510000e+01 -6.991639e+00 -9.832205e-01
    endloop
  endfacet
  facet normal 4.633954e-19 -6.257667e-01 -7.800103e-01
    outer loop
      vertex   3.330000e+01 -6.684654e+00 -1.229501e+00
      vertex   3.330000e+01 -6.991639e+00 -9.832205e-01
      vertex   2.510000e+01 -6.991639e+00 -9.832205e-01
    endloop
  endfacet
  facet normal -0.000000e+00 -6.257667e-01 -7.800103e-01
    outer loop
      vertex   3.330000e+01 -6.684654e+00 -1.229501e+00
      vertex   2.510000e+01 -6.991639e+00 -9.832205e-01
      vertex   2.510000e+01 -6.684654e+00 -1.229501e+00
    endloop
  endfacet
  facet normal 2.008869e-19 -4.356342e-01 -9.001238e-01
    outer loop
      vertex   3.330000e+01 -6.330396e+00 -1.400951e+00
      vertex   3.330000e+01 -6.684654e+00 -1.229501e+00
      vertex   2.510000e+01 -6.684654e+00 -1.229501e+00
    endloop
  endfacet
  facet normal -0.000000e+00 -4.356342e-01 -9.001238e-01
    outer loop
      vertex   3.330000e+01 -6.330396e+00 -1.400951e+00
      vertex   2.510000e+01 -6.684654e+00 -1.229501e+00
      vertex   2.510000e+01 -6.330396e+00 -1.400951e+00
    endloop
  endfacet
  facet normal -8.430608e-19 -2.234683e-01 -9.747112e-01
    outer loop
      vertex   3.330000e+01 -5.946783e+00 -1.488901e+00
      vertex   3.330000e+01 -6.330396e+00 -1.400951e+00
      vertex   2.510000e+01 -6.330396e+00 -1.400951e+00
    endloop
  endfacet
  facet normal -0.000000e+00 -2.234683e-01 -9.747112e-01
    outer loop
      vertex   3.330000e+01 -5.946783e+00 -1.488901e+00
      vertex   2.510000e+01 -6.330396e+00 -1.400951e+00
      vertex   2.510000e+01 -5.946783e+00 -1.488901e+00
    endloop
  endfacet
  facet normal 0.000000e+00 -0.000000e+00 -1.000000e+00
    outer loop
      vertex   3.330000e+01 -5.553217e+00 -1.488901e+00
      vertex   3.330000e+01 -5.946783e+00 -1.488901e+00
      vertex   2.510000e+01 -5.946783e+00 -1.488901e+00
    endloop
  endfacet
  facet normal -0.000000e+00 0.000000e+00 -1.000000e+00
    outer loop
      vertex   3.330000e+01 -5.553217e+00 -1.488901e+00
      vertex   2.510000e+01 -5.946783e+00 -1.488901e+00
      vertex   2.510000e+01 -5.553217e+00 -1.488901e+00
    endloop
  endfacet
  facet normal 8.430608e-19 2.234683e-01 -9.747112e-01
    outer loop
      vertex   3.330000e+01 -5.169604e+00 -1.400951e+00
      vertex   3.330000e+01 -5.553217e+00 -1.488901e+00
      vertex   2.510000e+01 -5.553217e+00 -1.488901e+00
    endloop
  endfacet
  facet normal 0.000000e+00 2.234683e-01 -9.747112e-01
    outer loop
      vertex   3.330000e+01 -5.169604e+00 -1.400951e+00
      vertex   2.510000e+01 -5.553217e+00 -1.488901e+00
      vertex   2.510000e+01 -5.169604e+00 -1.400951e+00
    endloop
  endfacet
  facet normal 2.885362e-19 4.356342e-01 -9.001238e-01
    outer loop
      vertex   3.330000e+01 -4.815346e+00 -1.229501e+00
      vertex   3.330000e+01 -5.169604e+00 -1.400951e+00
      vertex   2.510000e+01 -5.169604e+00 -1.400951e+00
    endloop
  endfacet
  facet normal 0.000000e+00 4.356342e-01 -9.001238e-01
    outer loop
      vertex   3.330000e+01 -4.815346e+00 -1.229501e+00
      vertex   2.510000e+01 -5.169604e+00 -1.400951e+00
      vertex   2.510000e+01 -4.815346e+00 -1.229501e+00
    endloop
  endfacet
  facet normal 3.052413e-21 6.257667e-01 -7.800103e-01
    outer loop
      vertex   3.330000e+01 -4.508361e+00 -9.832205e-01
      vertex   3.330000e+01 -4.815346e+00 -1.229501e+00
      vertex   2.510000e+01 -4.815346e+00 -1.229501e+00
    endloop
  endfacet
  facet normal 0.000000e+00 6.257667e-01 -7.800103e-01
    outer loop
      vertex   3.330000e+01 -4.508361e+00 -9.832205e-01
      vertex   2.510000e+01 -4.815346e+00 -1.229501e+00
      vertex   2.510000e+01 -4.508361e+00 -9.832205e-01
    endloop
  endfacet
  facet normal 1.730488e-18 7.842494e-01 -6.204457e-01
    outer loop
      vertex   3.330000e+01 -4.264175e+00 -6.745668e-01
      vertex   3.330000e+01 -4.508361e+00 -9.832205e-01
      vertex   2.510000e+01 -4.508361e+00 -9.832205e-01
    endloop
  endfacet
  facet normal 0.000000e+00 7.842494e-01 -6.204457e-01
    outer loop
      vertex   3.330000e+01 -4.264175e+00 -6.745668e-01
      vertex   2.510000e+01 -4.508361e+00 -9.832205e-01
      vertex   2.510000e+01 -4.264175e+00 -6.745668e-01
    endloop
  endfacet
  facet normal 8.321360e-19 9.030666e-01 -4.295004e-01
    outer loop
      vertex   3.330000e+01 -4.095138e+00 -3.191507e-01
      vertex   3.330000e+01 -4.264175e+00 -6.745668e-01
      vertex   2.510000e+01 -4.264175e+00 -6.745668e-01
    endloop
  endfacet
  facet normal 0.000000e+00 9.030666e-01 -4.295004e-01
    outer loop
      vertex   3.330000e+01 -4.095138e+00 -3.191507e-01
      vertex   2.510000e+01 -4.264175e+00 -6.745668e-01
      vertex   2.510000e+01 -4.095138e+00 -3.191507e-01
    endloop
  endfacet
  facet normal -5.851429e-19 9.762089e-01 -2.168321e-01
    outer loop
      vertex   3.330000e+01 -4.009801e+00 6.505168e-02
      vertex   3.330000e+01 -4.095138e+00 -3.191507e-01
      vertex   2.510000e+01 -4.095138e+00 -3.191507e-01
    endloop
  endfacet
  facet normal 0.000000e+00 9.762089e-01 -2.168321e-01
    outer loop
      vertex   3.330000e+01 -4.009801e+00 6.505168e-02
      vertex   2.510000e+01 -4.095138e+00 -3.191507e-01
      vertex   2.510000e+01 -4.009801e+00 6.505168e-02
    endloop
  endfacet
  facet normal -2.866632e-20 9.999769e-01 6.803141e-03
    outer loop
      vertex   3.330000e+01 -4.012478e+00 4.586083e-01
      vertex   3.330000e+01 -4.009801e+00 6.505168e-02
      vertex   2.510000e+01 -4.009801e+00 6.505168e-02
    endloop
  endfacet
  facet normal 0.000000e+00 9.999769e-01 6.803141e-03
    outer loop
      vertex   3.330000e+01 -4.012478e+00 4.586083e-01
      vertex   2.510000e+01 -4.009801e+00 6.505168e-02
      vertex   2.510000e+01 -4.012478e+00 4.586083e-01
    endloop
  endfacet
  facet normal -1.672853e-19 9.731683e-01 2.300943e-01
    outer loop
      vertex   3.330000e+01 -4.103035e+00 8.416140e-01
      vertex   3.330000e+01 -4.012478e+00 4.586083e-01
      vertex   2.510000e+01 -4.012478e+00 4.586083e-01
    endloop
  endfacet
  facet normal 0.000000e+00 9.731683e-01 2.300943e-01
    outer loop
      vertex   3.330000e+01 -4.103035e+00 8.416140e-01
      vertex   2.510000e+01 -4.012478e+00 4.586083e-01
      vertex   2.510000e+01 -4.103035e+00 8.416140e-01
    endloop
  endfacet
  facet normal 8.786527e-19 8.971393e-01 4.417478e-01
    outer loop
      vertex   3.330000e+01 -4.276892e+00 1.194697e+00
      vertex   3.330000e+01 -4.103035e+00 8.416140e-01
      vertex   2.510000e+01 -4.103035e+00 8.416140e-01
    endloop
  endfacet
  facet normal 0.000000e+00 8.971393e-01 4.417478e-01
    outer loop
      vertex   3.330000e+01 -4.276892e+00 1.194697e+00
      vertex   2.510000e+01 -4.103035e+00 8.416140e-01
      vertex   2.510000e+01 -4.276892e+00 1.194697e+00
    endloop
  endfacet
  facet normal 0.000000e+00 0.000000e+00 1.000000e+00
    outer loop
      vertex   5.000000e-01 -6.974745e+00 1.500000e+00
      vertex   1.500000e+00 4.000000e+01 1.500000e+00
      vertex   5.000000e-01 4.697474e+01 1.500000e+00
    endloop
  endfacet
  facet normal 5.167588e-08 7.409000e-09 1.000000e+00
    outer loop
      vertex   5.000000e-01 4.697474e+01 1.500000e+00
      vertex   1.500000e+00 4.000000e+01 1.500000e+00
      vertex   1.500000e+00 4.452526e+01 1.500000e+00
    endloop
  endfacet
  facet normal 2.176682e-26 -1.368759e-08 1.000000e+00
    outer loop
      vertex   5.000000e-01 4.697474e+01 1.500000e+00
      vertex   1.500000e+00 4.452526e+01 1.500000e+00
      vertex   4.050000e+01 4.452526e+01 1.500000e+00
    endloop
  endfacet
  facet normal 0.000000e+00 0.000000e+00 1.000000e+00
    outer loop
      vertex   4.150000e+01 -6.974745e+00 1.500000e+00
      vertex   1.500000e+00 -4.525255e+00 1.500000e+00
      vertex   5.000000e-01 -6.974745e+00 1.500000e+00
    endloop
  endfacet
  facet normal 0.000000e+00 0.000000e+00 1.000000e+00
    outer loop
      vertex   5.000000e-01 -6.974745e+00 1.500000e+00
      vertex   1.500000e+00 -4.525255e+00 1.500000e+00
      vertex   1.500000e+00 0.000000e+00 1.500000e+00
    endloop
  endfacet
  facet normal 0.000000e+00 0.000000e+00 1.000000e+00
    outer loop
      vertex   5.000000e-01 -6.974745e+00 1.500000e+00
      vertex   1.500000e+00 0.000000e+00 1.500000e+00
      vertex   1.500000e+00 4.000000e+01 1.500000e+00
    endloop
  endfacet
  facet normal 0.000000e+00 0.000000e+00 1.000000e+00
    outer loop
      vertex   1.500000e+00 4.000000e+01 1.500000e+00
      vertex   1.500000e+00 0.000000e+00 1.500000e+00
      vertex   1.780000e+01 3.760000e+01 1.500000e+00
    endloop
  endfacet
  facet normal 0.000000e+00 0.000000e+00 1.000000e+00
    outer loop
      vertex   1.500000e+00 4.000000e+01 1.500000e+00
      vertex   1.780000e+01 3.760000e+01 1.500000e+00
      vertex   1.780000e+01 4.000000e+01 1.500000e+00
    endloop
  endfacet
  facet normal 0.000000e+00 0.000000e+00 1.000000e+00
    outer loop
      vertex   4.150000e+01 4.697474e+01 1.500000e+00
      vertex   4.050000e+01 4.000000e+01 1.500000e+00
      vertex   4.150000e+01 -6.974745e+00 1.500000e+00
    endloop
  endfacet
  facet normal 0.000000e+00 0.000000e+00 1.000000e+00
    outer loop
      vertex   4.150000e+01 -6.974745e+00 1.500000e+00
      vertex   4.050000e+01 4.000000e+01 1.500000e+00
      vertex   4.050000e+01 0.000000e+00 1.500000e+00
    endloop
  endfacet
  facet normal 0.000000e+00 0.000000e+00 1.000000e+00
    outer loop
      vertex   4.150000e+01 -6.974745e+00 1.500000e+00
      vertex   4.050000e+01 0.000000e+00 1.500000e+00
      vertex   4.050000e+01 -4.525255e+00 1.500000e+00
    endloop
  endfacet
  facet normal -5.167588e-08 7.409000e-09 1.000000e+00
    outer loop
      vertex   4.050000e+01 4.000000e+01 1.500000e+00
      vertex   4.150000e+01 4.697474e+01 1.500000e+00
      vertex   4.050000e+01 4.452526e+01 1.500000e+00
    endloop
  endfacet
  facet normal 2.070503e-26 -1.368759e-08 1.000000e+00
    outer loop
      vertex   4.050000e+01 4.452526e+01 1.500000e+00
      vertex   4.150000e+01 4.697474e+01 1.500000e+00
      vertex   5.000000e-01 4.697474e+01 1.500000e+00
    endloop
  endfacet
  facet normal 0.000000e+00 0.000000e+00 1.000000e+00
    outer loop
      vertex   1.840000e+01 3.850000e+01 1.500000e+00
      vertex   2.960000e+01 3.850000e+01 1.500000e+00
      vertex   1.840000e+01 4.000000e+01 1.500000e+00
    endloop
  endfacet
  facet normal -0.000000e+00 0.000000e+00 1.000000e+00
    outer loop
      vertex   1.840000e+01 4.000000e+01 1.500000e+00
      vertex   2.960000e+01 3.850000e+01 1.500000e+00
      vertex   4.050000e+01 4.000000e+01 1.500000e+00
    endloop
  endfacet
  facet normal 0.000000e+00 0.000000e+00 1.000000e+00
    outer loop
      vertex   4.050000e+01 4.000000e+01 1.500000e+00
      vertex   2.960000e+01 3.850000e+01 1.500000e+00
      vertex   2.960000e+01 3.760000e+01 1.500000e+00
    endloop
  endfacet
  facet normal 0.000000e+00 0.000000e+00 1.000000e+00
    outer loop
      vertex   4.050000e+01 4.000000e+01 1.500000e+00
      vertex   2.960000e+01 3.760000e+01 1.500000e+00
      vertex   2.820000e+01 3.620000e+01 1.500000e+00
    endloop
  endfacet
  facet normal -0.000000e+00 0.000000e+00 1.000000e+00
    outer loop
      vertex   1.920000e+01 3.620000e+01 1.500000e+00
      vertex   2.820000e+01 3.800000e+00 1.500000e+00
      vertex   2.820000e+01 3.620000e+01 1.500000e+00
    endloop
  endfacet
  facet normal 0.000000e+00 0.000000e+00 1.000000e+00
    outer loop
      vertex   2.820000e+01 3.620000e+01 1.500000e+00
      vertex   2.820000e+01 3.800000e+00 1.500000e+00
      vertex   4.050000e+01 0.000000e+00 1.500000e+00
    endloop
  endfacet
  facet normal -0.000000e+00 0.000000e+00 1.000000e+00
    outer loop
      vertex   2.820000e+01 3.620000e+01 1.500000e+00
      vertex   4.050000e+01 0.000000e+00 1.500000e+00
      vertex   4.050000e+01 4.000000e+01 1.500000e+00
    endloop
  endfacet
  facet normal 0.000000e+00 0.000000e+00 1.000000e+00
    outer loop
      vertex   1.780000e+01 3.760000e+01 1.500000e+00
      vertex   1.780000e+01 2.400000e+00 1.500000e+00
      vertex   1.920000e+01 3.620000e+01 1.500000e+00
    endloop
  endfacet
  facet normal 0.000000e+00 0.000000e+00 1.000000e+00
    outer loop
      vertex   1.920000e+01 3.620000e+01 1.500000e+00
      vertex   1.780000e+01 2.400000e+00 1.500000e+00
      vertex   1.920000e+01 3.800000e+00 1.500000e+00
    endloop
  endfacet
  facet normal 0.000000e+00 0.000000e+00 1.000000e+00
    outer loop
      vertex   1.920000e+01 3.620000e+01 1.500000e+00
      vertex   1.920000e+01 3.800000e+00 1.500000e+00
      vertex   2.820000e+01 3.800000e+00 1.500000e+00
    endloop
  endfacet
  facet normal 0.000000e+00 0.000000e+00 1.000000e+00
    outer loop
      vertex   1.780000e+01 0.000000e+00 1.500000e+00
      vertex   1.780000e+01 2.400000e+00 1.500000e+00
      vertex   1.500000e+00 0.000000e+00 1.500000e+00
    endloop
  endfacet
  facet normal 0.000000e+00 0.000000e+00 1.000000e+00
    outer loop
      vertex   1.500000e+00 0.000000e+00 1.500000e+00
      vertex   1.780000e+01 2.400000e+00 1.500000e+00
      vertex   1.780000e+01 3.760000e+01 1.500000e+00
    endloop
  endfacet
  facet normal 0.000000e+00 0.000000e+00 1.000000e+00
    outer loop
      vertex   2.820000e+01 3.800000e+00 1.500000e+00
      vertex   2.960000e+01 2.400000e+00 1.500000e+00
      vertex   4.050000e+01 0.000000e+00 1.500000e+00
    endloop
  endfacet
  facet normal 0.000000e+00 0.000000e+00 1.000000e+00
    outer loop
      vertex   4.050000e+01 0.000000e+00 1.500000e+00
      vertex   2.960000e+01 2.400000e+00 1.500000e+00
      vertex   2.960000e+01 1.500000e+00 1.500000e+00
    endloop
  endfacet
  facet normal 0.000000e+00 0.000000e+00 1.000000e+00
    outer loop
      vertex   4.050000e+01 0.000000e+00 1.500000e+00
      vertex   2.960000e+01 1.500000e+00 1.500000e+00
      vertex   1.840000e+01 0.000000e+00 1.500000e+00
    endloop
  endfacet
  facet normal 0.000000e+00 0.000000e+00 1.000000e+00
    outer loop
      vertex   1.840000e+01 0.000000e+00 1.500000e+00
      vertex   2.960000e+01 1.500000e+00 1.500000e+00
      vertex   1.840000e+01 1.500000e+00 1.500000e+00
    endloop
  endfacet
  facet normal 0.000000e+00 0.000000e+00 1.000000e+00
    outer loop
      vertex   4.050000e+01 -4.525255e+00 1.500000e+00
      vertex   1.500000e+00 -4.525255e+00 1.500000e+00
      vertex   4.150000e+01 -6.974745e+00 1.500000e+00
    endloop
  endfacet
  facet normal 0.000000e+00 5.631304e-02 -9.984132e-01
    outer loop
      vertex   1.500000e+00 4.575000e+01 -1.500000e+00
      vertex   5.000000e-01 4.575000e+01 -1.500000e+00
      vertex   8.700000e+00 4.594678e+01 -1.488901e+00
    endloop
  endfacet
  facet normal -1.230606e-03 1.073562e-01 -9.942199e-01
    outer loop
      vertex   8.700000e+00 4.594678e+01 -1.488901e+00
      vertex   5.000000e-01 4.575000e+01 -1.500000e+00
      vertex   5.000000e-01 4.612358e+01 -1.459661e+00
    endloop
  endfacet
  facet normal 1.342344e-03 2.234682e-01 -9.747103e-01
    outer loop
      vertex   8.700000e+00 4.594678e+01 -1.488901e+00
      vertex   5.000000e-01 4.612358e+01 -1.459661e+00
      vertex   8.700000e+00 4.633040e+01 -1.400951e+00
    endloop
  endfacet
  facet normal -1.208210e-03 3.171194e-01 -9.483849e-01
    outer loop
      vertex   8.700000e+00 4.633040e+01 -1.400951e+00
      vertex   5.000000e-01 4.612358e+01 -1.459661e+00
      vertex   5.000000e-01 4.647993e+01 -1.340504e+00
    endloop
  endfacet
  facet normal 1.308751e-03 4.356338e-01 -9.001230e-01
    outer loop
      vertex   8.700000e+00 4.633040e+01 -1.400951e+00
      vertex   5.000000e-01 4.647993e+01 -1.340504e+00
      vertex   8.700000e+00 4.668465e+01 -1.229501e+00
    endloop
  endfacet
  facet normal -1.163421e-03 5.122629e-01 -8.588279e-01
    outer loop
      vertex   8.700000e+00 4.668465e+01 -1.229501e+00
      vertex   5.000000e-01 4.647993e+01 -1.340504e+00
      vertex   5.000000e-01 4.680263e+01 -1.148023e+00
    endloop
  endfacet
  facet normal 1.252767e-03 6.257662e-01 -7.800097e-01
    outer loop
      vertex   8.700000e+00 4.668465e+01 -1.229501e+00
      vertex   5.000000e-01 4.680263e+01 -1.148023e+00
      vertex   8.700000e+00 4.699164e+01 -9.832204e-01
    endloop
  endfacet
  facet normal -1.096243e-03 6.837904e-01 -7.296777e-01
    outer loop
      vertex   8.700000e+00 4.699164e+01 -9.832204e-01
      vertex   5.000000e-01 4.680263e+01 -1.148023e+00
      vertex   5.000000e-01 4.707681e+01 -8.910906e-01
    endloop
  endfacet
  facet normal 1.174397e-03 7.842489e-01 -6.204453e-01
    outer loop
      vertex   8.700000e+00 4.699164e+01 -9.832204e-01
      vertex   5.000000e-01 4.707681e+01 -8.910906e-01
      vertex   8.700000e+00 4.723583e+01 -6.745668e-01
    endloop
  endfacet
  facet normal -1.006683e-03 8.237941e-01 -5.668882e-01
    outer loop
      vertex   8.700000e+00 4.723583e+01 -6.745668e-01
      vertex   5.000000e-01 4.707681e+01 -8.910906e-01
      vertex   5.000000e-01 4.728981e+01 -5.815522e-01
    endloop
  endfacet
  facet normal 1.073650e-03 9.030661e-01 -4.295002e-01
    outer loop
      vertex   8.700000e+00 4.723583e+01 -6.745668e-01
      vertex   5.000000e-01 4.728981e+01 -5.815522e-01
      vertex   8.700000e+00 4.740486e+01 -3.191507e-01
    endloop
  endfacet
  facet normal -8.947513e-04 9.258197e-01 -3.779643e-01
    outer loop
      vertex   8.700000e+00 4.740486e+01 -3.191507e-01
      vertex   5.000000e-01 4.728981e+01 -5.815522e-01
      vertex   5.000000e-01 4.743183e+01 -2.336780e-01
    endloop
  endfacet
  facet normal 9.505360e-04 9.762085e-01 -2.168320e-01
    outer loop
      vertex   8.700000e+00 4.740486e+01 -3.191507e-01
      vertex   5.000000e-01 4.743183e+01 -2.336780e-01
      vertex   8.700000e+00 4.749020e+01 6.505169e-02
    endloop
  endfacet
  facet normal -7.604588e-04 9.851637e-01 -1.716157e-01
    outer loop
      vertex   8.700000e+00 4.749020e+01 6.505169e-02
      vertex   5.000000e-01 4.743183e+01 -2.336780e-01
      vertex   5.000000e-01 4.749632e+01 1.364945e-01
    endloop
  endfacet
  facet normal 8.050684e-04 9.999765e-01 6.803143e-03
    outer loop
      vertex   8.700000e+00 4.749020e+01 6.505169e-02
      vertex   5.000000e-01 4.749632e+01 1.364945e-01
      vertex   8.700000e+00 4.748752e+01 4.586083e-01
    endloop
  endfacet
  facet normal -6.038198e-04 9.990901e-01 4.264478e-02
    outer loop
      vertex   8.700000e+00 4.748752e+01 4.586083e-01
      vertex   5.000000e-01 4.749632e+01 1.364945e-01
      vertex   5.000000e-01 4.748029e+01 5.118997e-01
    endloop
  endfacet
  facet normal 6.372622e-04 9.731681e-01 2.300942e-01
    outer loop
      vertex   8.700000e+00 4.748752e+01 4.586083e-01
      vertex   5.000000e-01 4.748029e+01 5.118997e-01
      vertex   8.700000e+00 4.739696e+01 8.416140e-01
    endloop
  endfacet
  facet normal -4.248508e-04 9.669570e-01 2.549393e-01
    outer loop
      vertex   8.700000e+00 4.739696e+01 8.416140e-01
      vertex   5.000000e-01 4.748029e+01 5.118997e-01
      vertex   5.000000e-01 4.738450e+01 8.752310e-01
    endloop
  endfacet
  facet normal 4.471351e-04 8.971392e-01 4.417477e-01
    outer loop
      vertex   8.700000e+00 4.739696e+01 8.416140e-01
      vertex   5.000000e-01 4.738450e+01 8.752310e-01
      vertex   8.700000e+00 4.722311e+01 1.194697e+00
    endloop
  endfacet
  facet normal -2.235705e-04 8.902456e-01 4.554807e-01
    outer loop
      vertex   8.700000e+00 4.722311e+01 1.194697e+00
      vertex   5.000000e-01 4.738450e+01 8.752310e-01
      vertex   5.000000e-01 4.721335e+01 1.209738e+00
    endloop
  endfacet
  facet normal 1.986833e-04 7.860780e-01 6.181273e-01
    outer loop
      vertex   8.700000e+00 4.722311e+01 1.194697e+00
      vertex   5.000000e-01 4.721335e+01 1.209738e+00
      vertex   4.150000e+01 4.697474e+01 1.500000e+00
    endloop
  endfacet
  facet normal 0.000000e+00 7.724926e-01 6.350238e-01
    outer loop
      vertex   4.150000e+01 4.697474e+01 1.500000e+00
      vertex   5.000000e-01 4.721335e+01 1.209738e+00
      vertex   5.000000e-01 4.697474e+01 1.500000e+00
    endloop
  endfacet
  facet normal -2.458371e-04 7.724925e-01 6.350238e-01
    outer loop
      vertex   4.150000e+01 4.721335e+01 1.209738e+00
      vertex   3.330000e+01 4.722311e+01 1.194697e+00
      vertex   4.150000e+01 4.697474e+01 1.500000e+00
    endloop
  endfacet
  facet normal 1.553476e-18 7.757351e-01 6.310587e-01
    outer loop
      vertex   4.150000e+01 4.697474e+01 1.500000e+00
      vertex   3.330000e+01 4.722311e+01 1.194697e+00
      vertex   2.510000e+01 4.722311e+01 1.194697e+00
    endloop
  endfacet
  facet normal 1.553476e-18 7.757351e-01 6.310587e-01
    outer loop
      vertex   4.150000e+01 4.697474e+01 1.500000e+00
      vertex   2.510000e+01 4.722311e+01 1.194697e+00
      vertex   1.690000e+01 4.722311e+01 1.194697e+00
    endloop
  endfacet
  facet normal -0.000000e+00 8.971393e-01 4.417478e-01
    outer loop
      vertex   1.690000e+01 4.722311e+01 1.194697e+00
      vertex   2.510000e+01 4.722311e+01 1.194697e+00
      vertex   1.690000e+01 4.739696e+01 8.416140e-01
    endloop
  endfacet
  facet normal -3.907774e-19 8.971393e-01 4.417478e-01
    outer loop
      vertex   1.690000e+01 4.722311e+01 1.194697e+00
      vertex   1.690000e+01 4.739696e+01 8.416140e-01
      vertex   8.700000e+00 4.739696e+01 8.416140e-01
    endloop
  endfacet
  facet normal -0.000000e+00 9.731683e-01 2.300943e-01
    outer loop
      vertex   8.700000e+00 4.739696e+01 8.416140e-01
      vertex   1.690000e+01 4.739696e+01 8.416140e-01
      vertex   8.700000e+00 4.748752e+01 4.586083e-01
    endloop
  endfacet
  facet normal 2.235705e-04 8.902456e-01 4.554807e-01
    outer loop
      vertex   4.150000e+01 4.721335e+01 1.209738e+00
      vertex   4.150000e+01 4.738450e+01 8.752310e-01
      vertex   3.330000e+01 4.722311e+01 1.194697e+00
    endloop
  endfacet
  facet normal -4.471351e-04 8.971392e-01 4.417477e-01
    outer loop
      vertex   3.330000e+01 4.722311e+01 1.194697e+00
      vertex   4.150000e+01 4.738450e+01 8.752310e-01
      vertex   3.330000e+01 4.739696e+01 8.416140e-01
    endloop
  endfacet
  facet normal -3.907774e-19 8.971393e-01 4.417478e-01
    outer loop
      vertex   3.330000e+01 4.722311e+01 1.194697e+00
      vertex   3.330000e+01 4.739696e+01 8.416140e-01
      vertex   2.510000e+01 4.739696e+01 8.416140e-01
    endloop
  endfacet
  facet normal -0.000000e+00 9.731683e-01 2.300943e-01
    outer loop
      vertex   2.510000e+01 4.739696e+01 8.416140e-01
      vertex   3.330000e+01 4.739696e+01 8.416140e-01
      vertex   2.510000e+01 4.748752e+01 4.586083e-01
    endloop
  endfacet
  facet normal -6.057469e-19 9.731683e-01 2.300943e-01
    outer loop
      vertex   2.510000e+01 4.739696e+01 8.416140e-01
      vertex   2.510000e+01 4.748752e+01 4.586083e-01
      vertex   1.690000e+01 4.748752e+01 4.586083e-01
    endloop
  endfacet
  facet normal -0.000000e+00 9.999769e-01 6.803145e-03
    outer loop
      vertex   1.690000e+01 4.748752e+01 4.586083e-01
      vertex   2.510000e+01 4.748752e+01 4.586083e-01
      vertex   1.690000e+01 4.749020e+01 6.505169e-02
    endloop
  endfacet
  facet normal -2.738737e-20 9.999769e-01 6.803145e-03
    outer loop
      vertex   1.690000e+01 4.748752e+01 4.586083e-01
      vertex   1.690000e+01 4.749020e+01 6.505169e-02
      vertex   8.700000e+00 4.749020e+01 6.505169e-02
    endloop
  endfacet
  facet normal 0.000000e+00 9.762089e-01 -2.168321e-01
    outer loop
      vertex   8.700000e+00 4.749020e+01 6.505169e-02
      vertex   1.690000e+01 4.749020e+01 6.505169e-02
      vertex   8.700000e+00 4.740486e+01 -3.191507e-01
    endloop
  endfacet
  facet normal 4.248508e-04 9.669570e-01 2.549393e-01
    outer loop
      vertex   4.150000e+01 4.738450e+01 8.752310e-01
      vertex   4.150000e+01 4.748029e+01 5.118997e-01
      vertex   3.330000e+01 4.739696e+01 8.416140e-01
    endloop
  endfacet
  facet normal -6.372622e-04 9.731681e-01 2.300942e-01
    outer loop
      vertex   3.330000e+01 4.739696e+01 8.416140e-01
      vertex   4.150000e+01 4.748029e+01 5.118997e-01
      vertex   3.330000e+01 4.748752e+01 4.586083e-01
    endloop
  endfacet
  facet normal -6.057469e-19 9.731683e-01 2.300943e-01
    outer loop
      vertex   3.330000e+01 4.739696e+01 8.416140e-01
      vertex   3.330000e+01 4.748752e+01 4.586083e-01
      vertex   2.510000e+01 4.748752e+01 4.586083e-01
    endloop
  endfacet
  facet normal -0.000000e+00 9.999769e-01 6.803145e-03
    outer loop
      vertex   2.510000e+01 4.748752e+01 4.586083e-01
      vertex   3.330000e+01 4.748752e+01 4.586083e-01
      vertex   2.510000e+01 4.749020e+01 6.505169e-02
    endloop
  endfacet
  facet normal -2.738737e-20 9.999769e-01 6.803145e-03
    outer loop
      vertex   2.510000e+01 4.748752e+01 4.586083e-01
      vertex   2.510000e+01 4.749020e+01 6.505169e-02
      vertex   1.690000e+01 4.749020e+01 6.505169e-02
    endloop
  endfacet
  facet normal 0.000000e+00 9.762089e-01 -2.168321e-01
    outer loop
      vertex   1.690000e+01 4.749020e+01 6.505169e-02
      vertex   2.510000e+01 4.749020e+01 6.505169e-02
      vertex   1.690000e+01 4.740486e+01 -3.191507e-01
    endloop
  endfacet
  facet normal 2.192919e-19 9.762089e-01 -2.168321e-01
    outer loop
      vertex   1.690000e+01 4.749020e+01 6.505169e-02
      vertex   1.690000e+01 4.740486e+01 -3.191507e-01
      vertex   8.700000e+00 4.740486e+01 -3.191507e-01
    endloop
  endfacet
  facet normal 0.000000e+00 9.030666e-01 -4.295004e-01
    outer loop
      vertex   8.700000e+00 4.740486e+01 -3.191507e-01
      vertex   1.690000e+01 4.740486e+01 -3.191507e-01
      vertex   8.700000e+00 4.723583e+01 -6.745668e-01
    endloop
  endfacet
  facet normal 6.038198e-04 9.990901e-01 4.264478e-02
    outer loop
      vertex   4.150000e+01 4.748029e+01 5.118997e-01
      vertex   4.150000e+01 4.749632e+01 1.364945e-01
      vertex   3.330000e+01 4.748752e+01 4.586083e-01
    endloop
  endfacet
  facet normal -8.050684e-04 9.999765e-01 6.803143e-03
    outer loop
      vertex   3.330000e+01 4.748752e+01 4.586083e-01
      vertex   4.150000e+01 4.749632e+01 1.364945e-01
      vertex   3.330000e+01 4.749020e+01 6.505169e-02
    endloop
  endfacet
  facet normal -2.738737e-20 9.999769e-01 6.803145e-03
    outer loop
      vertex   3.330000e+01 4.748752e+01 4.586083e-01
      vertex   3.330000e+01 4.749020e+01 6.505169e-02
      vertex   2.510000e+01 4.749020e+01 6.505169e-02
    endloop
  endfacet
  facet normal 0.000000e+00 9.762089e-01 -2.168321e-01
    outer loop
      vertex   2.510000e+01 4.749020e+01 6.505169e-02
      vertex   3.330000e+01 4.749020e+01 6.505169e-02
      vertex   2.510000e+01 4.740486e+01 -3.191507e-01
    endloop
  endfacet
  facet normal 2.192919e-19 9.762089e-01 -2.168321e-01
    outer loop
      vertex   2.510000e+01 4.749020e+01 6.505169e-02
      vertex   2.510000e+01 4.740486e+01 -3.191507e-01
      vertex   1.690000e+01 4.740486e+01 -3.191507e-01
    endloop
  endfacet
  facet normal 0.000000e+00 9.030666e-01 -4.295004e-01
    outer loop
      vertex   1.690000e+01 4.740486e+01 -3.191507e-01
      vertex   2.510000e+01 4.740486e+01 -3.191507e-01
      vertex   1.690000e+01 4.723583e+01 -6.745668e-01
    endloop
  endfacet
  facet normal -2.673012e-19 9.030666e-01 -4.295004e-01
    outer loop
      vertex   1.690000e+01 4.740486e+01 -3.191507e-01
      vertex   1.690000e+01 4.723583e+01 -6.745668e-01
      vertex   8.700000e+00 4.723583e+01 -6.745668e-01
    endloop
  endfacet
  facet normal 0.000000e+00 7.842494e-01 -6.204457e-01
    outer loop
      vertex   8.700000e+00 4.723583e+01 -6.745668e-01
      vertex   1.690000e+01 4.723583e+01 -6.745668e-01
      vertex   8.700000e+00 4.699164e+01 -9.832204e-01
    endloop
  endfacet
  facet normal 7.604588e-04 9.851637e-01 -1.716157e-01
    outer loop
      vertex   4.150000e+01 4.749632e+01 1.364945e-01
      vertex   4.150000e+01 4.743183e+01 -2.336780e-01
      vertex   3.330000e+01 4.749020e+01 6.505169e-02
    endloop
  endfacet
  facet normal -9.505360e-04 9.762085e-01 -2.168320e-01
    outer loop
      vertex   3.330000e+01 4.749020e+01 6.505169e-02
      vertex   4.150000e+01 4.743183e+01 -2.336780e-01
      vertex   3.330000e+01 4.740486e+01 -3.191507e-01
    endloop
  endfacet
  facet normal 2.192919e-19 9.762089e-01 -2.168321e-01
    outer loop
      vertex   3.330000e+01 4.749020e+01 6.505169e-02
      vertex   3.330000e+01 4.740486e+01 -3.191507e-01
      vertex   2.510000e+01 4.740486e+01 -3.191507e-01
    endloop
  endfacet
  facet normal 0.000000e+00 9.030666e-01 -4.295004e-01
    outer loop
      vertex   2.510000e+01 4.740486e+01 -3.191507e-01
      vertex   3.330000e+01 4.740486e+01 -3.191507e-01
      vertex   2.510000e+01 4.723583e+01 -6.745668e-01
    endloop
  endfacet
  facet normal -2.673012e-19 9.030666e-01 -4.295004e-01
    outer loop
      vertex   2.510000e+01 4.740486e+01 -3.191507e-01
      vertex   2.510000e+01 4.723583e+01 -6.745668e-01
      vertex   1.690000e+01 4.723583e+01 -6.745668e-01
    endloop
  endfacet
  facet normal 0.000000e+00 7.842494e-01 -6.204457e-01
    outer loop
      vertex   1.690000e+01 4.723583e+01 -6.745668e-01
      vertex   2.510000e+01 4.723583e+01 -6.745668e-01
      vertex   1.690000e+01 4.699164e+01 -9.832204e-01
    endloop
  endfacet
  facet normal -5.824396e-20 7.842494e-01 -6.204457e-01
    outer loop
      vertex   1.690000e+01 4.723583e+01 -6.745668e-01
      vertex   1.690000e+01 4.699164e+01 -9.832204e-01
      vertex   8.700000e+00 4.699164e+01 -9.832204e-01
    endloop
  endfacet
  facet normal 0.000000e+00 6.257667e-01 -7.800103e-01
    outer loop
      vertex   8.700000e+00 4.699164e+01 -9.832204e-01
      vertex   1.690000e+01 4.699164e+01 -9.832204e-01
      vertex   8.700000e+00 4.668465e+01 -1.229501e+00
    endloop
  endfacet
  facet normal 8.947513e-04 9.258197e-01 -3.779643e-01
    outer loop
      vertex   4.150000e+01 4.743183e+01 -2.336780e-01
      vertex   4.150000e+01 4.728981e+01 -5.815522e-01
      vertex   3.330000e+01 4.740486e+01 -3.191507e-01
    endloop
  endfacet
  facet normal -1.073650e-03 9.030661e-01 -4.295002e-01
    outer loop
      vertex   3.330000e+01 4.740486e+01 -3.191507e-01
      vertex   4.150000e+01 4.728981e+01 -5.815522e-01
      vertex   3.330000e+01 4.723583e+01 -6.745668e-01
    endloop
  endfacet
  facet normal -2.673012e-19 9.030666e-01 -4.295004e-01
    outer loop
      vertex   3.330000e+01 4.740486e+01 -3.191507e-01
      vertex   3.330000e+01 4.723583e+01 -6.745668e-01
      vertex   2.510000e+01 4.723583e+01 -6.745668e-01
    endloop
  endfacet
  facet normal 0.000000e+00 7.842494e-01 -6.204457e-01
    outer loop
      vertex   2.510000e+01 4.723583e+01 -6.745668e-01
      vertex   3.330000e+01 4.723583e+01 -6.745668e-01
      vertex   2.510000e+01 4.699164e+01 -9.832204e-01
    endloop
  endfacet
  facet normal -5.824396e-20 7.842494e-01 -6.204457e-01
    outer loop
      vertex   2.510000e+01 4.723583e+01 -6.745668e-01
      vertex   2.510000e+01 4.699164e+01 -9.832204e-01
      vertex   1.690000e+01 4.699164e+01 -9.832204e-01
    endloop
  endfacet
  facet normal 0.000000e+00 6.257667e-01 -7.800103e-01
    outer loop
      vertex   1.690000e+01 4.699164e+01 -9.832204e-01
      vertex   2.510000e+01 4.699164e+01 -9.832204e-01
      vertex   1.690000e+01 4.668465e+01 -1.229501e+00
    endloop
  endfacet
  facet normal 5.026920e-19 6.257667e-01 -7.800103e-01
    outer loop
      vertex   1.690000e+01 4.699164e+01 -9.832204e-01
      vertex   1.690000e+01 4.668465e+01 -1.229501e+00
      vertex   8.700000e+00 4.668465e+01 -1.229501e+00
    endloop
  endfacet
  facet normal 0.000000e+00 4.356342e-01 -9.001238e-01
    outer loop
      vertex   8.700000e+00 4.668465e+01 -1.229501e+00
      vertex   1.690000e+01 4.668465e+01 -1.229501e+00
      vertex   8.700000e+00 4.633040e+01 -1.400951e+00
    endloop
  endfacet
  facet normal 1.006683e-03 8.237941e-01 -5.668882e-01
    outer loop
      vertex   4.150000e+01 4.728981e+01 -5.815522e-01
      vertex   4.150000e+01 4.707681e+01 -8.910906e-01
      vertex   3.330000e+01 4.723583e+01 -6.745668e-01
    endloop
  endfacet
  facet normal -1.174397e-03 7.842489e-01 -6.204453e-01
    outer loop
      vertex   3.330000e+01 4.723583e+01 -6.745668e-01
      vertex   4.150000e+01 4.707681e+01 -8.910906e-01
      vertex   3.330000e+01 4.699164e+01 -9.832204e-01
    endloop
  endfacet
  facet normal -5.824396e-20 7.842494e-01 -6.204457e-01
    outer loop
      vertex   3.330000e+01 4.723583e+01 -6.745668e-01
      vertex   3.330000e+01 4.699164e+01 -9.832204e-01
      vertex   2.510000e+01 4.699164e+01 -9.832204e-01
    endloop
  endfacet
  facet normal 0.000000e+00 6.257667e-01 -7.800103e-01
    outer loop
      vertex   2.510000e+01 4.699164e+01 -9.832204e-01
      vertex   3.330000e+01 4.699164e+01 -9.832204e-01
      vertex   2.510000e+01 4.668465e+01 -1.229501e+00
    endloop
  endfacet
  facet normal 5.026920e-19 6.257667e-01 -7.800103e-01
    outer loop
      vertex   2.510000e+01 4.699164e+01 -9.832204e-01
      vertex   2.510000e+01 4.668465e+01 -1.229501e+00
      vertex   1.690000e+01 4.668465e+01 -1.229501e+00
    endloop
  endfacet
  facet normal 0.000000e+00 4.356342e-01 -9.001238e-01
    outer loop
      vertex   1.690000e+01 4.668465e+01 -1.229501e+00
      vertex   2.510000e+01 4.668465e+01 -1.229501e+00
      vertex   1.690000e+01 4.633040e+01 -1.400951e+00
    endloop
  endfacet
  facet normal -8.615527e-19 4.356342e-01 -9.001238e-01
    outer loop
      vertex   1.690000e+01 4.668465e+01 -1.229501e+00
      vertex   1.690000e+01 4.633040e+01 -1.400951e+00
      vertex   8.700000e+00 4.633040e+01 -1.400951e+00
    endloop
  endfacet
  facet normal 0.000000e+00 2.234684e-01 -9.747112e-01
    outer loop
      vertex   8.700000e+00 4.633040e+01 -1.400951e+00
      vertex   1.690000e+01 4.633040e+01 -1.400951e+00
      vertex   8.700000e+00 4.594678e+01 -1.488901e+00
    endloop
  endfacet
  facet normal 1.096243e-03 6.837904e-01 -7.296777e-01
    outer loop
      vertex   4.150000e+01 4.707681e+01 -8.910906e-01
      vertex   4.150000e+01 4.680263e+01 -1.148023e+00
      vertex   3.330000e+01 4.699164e+01 -9.832204e-01
    endloop
  endfacet
  facet normal -1.252767e-03 6.257662e-01 -7.800097e-01
    outer loop
      vertex   3.330000e+01 4.699164e+01 -9.832204e-01
      vertex   4.150000e+01 4.680263e+01 -1.148023e+00
      vertex   3.330000e+01 4.668465e+01 -1.229501e+00
    endloop
  endfacet
  facet normal 5.026920e-19 6.257667e-01 -7.800103e-01
    outer loop
      vertex   3.330000e+01 4.699164e+01 -9.832204e-01
      vertex   3.330000e+01 4.668465e+01 -1.229501e+00
      vertex   2.510000e+01 4.668465e+01 -1.229501e+00
    endloop
  endfacet
  facet normal 0.000000e+00 4.356342e-01 -9.001238e-01
    outer loop
      vertex   2.510000e+01 4.668465e+01 -1.229501e+00
      vertex   3.330000e+01 4.668465e+01 -1.229501e+00
      vertex   2.510000e+01 4.633040e+01 -1.400951e+00
    endloop
  endfacet
  facet normal -8.615527e-19 4.356342e-01 -9.001238e-01
    outer loop
      vertex   2.510000e+01 4.668465e+01 -1.229501e+00
      vertex   2.510000e+01 4.633040e+01 -1.400951e+00
      vertex   1.690000e+01 4.633040e+01 -1.400951e+00
    endloop
  endfacet
  facet normal 0.000000e+00 2.234684e-01 -9.747112e-01
    outer loop
      vertex   1.690000e+01 4.633040e+01 -1.400951e+00
      vertex   2.510000e+01 4.633040e+01 -1.400951e+00
      vertex   1.690000e+01 4.594678e+01 -1.488901e+00
    endloop
  endfacet
  facet normal -6.230593e-19 2.234684e-01 -9.747112e-01
    outer loop
      vertex   1.690000e+01 4.633040e+01 -1.400951e+00
      vertex   1.690000e+01 4.594678e+01 -1.488901e+00
      vertex   8.700000e+00 4.594678e+01 -1.488901e+00
    endloop
  endfacet
  facet normal 0.000000e+00 1.368759e-08 -1.000000e+00
    outer loop
      vertex   8.700000e+00 4.594678e+01 -1.488901e+00
      vertex   1.690000e+01 4.594678e+01 -1.488901e+00
      vertex   8.700000e+00 4.555322e+01 -1.488901e+00
    endloop
  endfacet
  facet normal 1.541533e-03 1.368757e-08 -9.999988e-01
    outer loop
      vertex   8.700000e+00 4.594678e+01 -1.488901e+00
      vertex   8.700000e+00 4.555322e+01 -1.488901e+00
      vertex   1.500000e+00 4.575000e+01 -1.500000e+00
    endloop
  endfacet
  facet normal -1.401523e-03 -1.073562e-01 -9.942196e-01
    outer loop
      vertex   1.500000e+00 4.575000e+01 -1.500000e+00
      vertex   8.700000e+00 4.555322e+01 -1.488901e+00
      vertex   1.500000e+00 4.537642e+01 -1.459661e+00
    endloop
  endfacet
  facet normal 1.528780e-03 -2.234681e-01 -9.747101e-01
    outer loop
      vertex   1.500000e+00 4.537642e+01 -1.459661e+00
      vertex   8.700000e+00 4.555322e+01 -1.488901e+00
      vertex   8.700000e+00 4.516960e+01 -1.400951e+00
    endloop
  endfacet
  facet normal -1.376017e-03 -3.171193e-01 -9.483846e-01
    outer loop
      vertex   1.500000e+00 4.537642e+01 -1.459661e+00
      vertex   8.700000e+00 4.516960e+01 -1.400951e+00
      vertex   1.500000e+00 4.502007e+01 -1.340504e+00
    endloop
  endfacet
  facet normal 1.490521e-03 -4.356337e-01 -9.001228e-01
    outer loop
      vertex   1.500000e+00 4.502007e+01 -1.340504e+00
      vertex   8.700000e+00 4.516960e+01 -1.400951e+00
      vertex   8.700000e+00 4.481535e+01 -1.229501e+00
    endloop
  endfacet
  facet normal -1.325007e-03 -5.122628e-01 -8.588277e-01
    outer loop
      vertex   1.500000e+00 4.502007e+01 -1.340504e+00
      vertex   8.700000e+00 4.481535e+01 -1.229501e+00
      vertex   1.500000e+00 4.469737e+01 -1.148023e+00
    endloop
  endfacet
  facet normal 1.426762e-03 -6.257660e-01 -7.800095e-01
    outer loop
      vertex   1.500000e+00 4.469737e+01 -1.148023e+00
      vertex   8.700000e+00 4.481535e+01 -1.229501e+00
      vertex   8.700000e+00 4.450836e+01 -9.832205e-01
    endloop
  endfacet
  facet normal -1.248499e-03 -6.837902e-01 -7.296776e-01
    outer loop
      vertex   1.500000e+00 4.469737e+01 -1.148023e+00
      vertex   8.700000e+00 4.450836e+01 -9.832205e-01
      vertex   1.500000e+00 4.442319e+01 -8.910906e-01
    endloop
  endfacet
  facet normal 1.337507e-03 -7.842487e-01 -6.204452e-01
    outer loop
      vertex   1.500000e+00 4.442319e+01 -8.910906e-01
      vertex   8.700000e+00 4.450836e+01 -9.832205e-01
      vertex   8.700000e+00 4.426417e+01 -6.745668e-01
    endloop
  endfacet
  facet normal -1.146500e-03 -8.237940e-01 -5.668881e-01
    outer loop
      vertex   1.500000e+00 4.442319e+01 -8.910906e-01
      vertex   8.700000e+00 4.426417e+01 -6.745668e-01
      vertex   1.500000e+00 4.421019e+01 -5.815522e-01
    endloop
  endfacet
  facet normal 1.222768e-03 -9.030660e-01 -4.295001e-01
    outer loop
      vertex   1.500000e+00 4.421019e+01 -5.815522e-01
      vertex   8.700000e+00 4.426417e+01 -6.745668e-01
      vertex   8.700000e+00 4.409514e+01 -3.191507e-01
    endloop
  endfacet
  facet normal -1.019022e-03 -9.258196e-01 -3.779643e-01
    outer loop
      vertex   1.500000e+00 4.421019e+01 -5.815522e-01
      vertex   8.700000e+00 4.409514e+01 -3.191507e-01
      vertex   1.500000e+00 4.406817e+01 -2.336781e-01
    endloop
  endfacet
  facet normal 1.082555e-03 -9.762083e-01 -2.168320e-01
    outer loop
      vertex   1.500000e+00 4.406817e+01 -2.336781e-01
      vertex   8.700000e+00 4.409514e+01 -3.191507e-01
      vertex   8.700000e+00 4.400980e+01 6.505164e-02
    endloop
  endfacet
  facet normal -8.660782e-04 -9.851636e-01 -1.716157e-01
    outer loop
      vertex   1.500000e+00 4.406817e+01 -2.336781e-01
      vertex   8.700000e+00 4.400980e+01 6.505164e-02
      vertex   1.500000e+00 4.400368e+01 1.364944e-01
    endloop
  endfacet
  facet normal 9.168835e-04 -9.999764e-01 6.803115e-03
    outer loop
      vertex   1.500000e+00 4.400368e+01 1.364944e-01
      vertex   8.700000e+00 4.400980e+01 6.505164e-02
      vertex   8.700000e+00 4.401248e+01 4.586083e-01
    endloop
  endfacet
  facet normal -6.876838e-04 -9.990901e-01 4.264476e-02
    outer loop
      vertex   1.500000e+00 4.400368e+01 1.364944e-01
      vertex   8.700000e+00 4.401248e+01 4.586083e-01
      vertex   1.500000e+00 4.401971e+01 5.118997e-01
    endloop
  endfacet
  facet normal 7.257709e-04 -9.731681e-01 2.300942e-01
    outer loop
      vertex   1.500000e+00 4.401971e+01 5.118997e-01
      vertex   8.700000e+00 4.401248e+01 4.586083e-01
      vertex   8.700000e+00 4.410304e+01 8.416140e-01
    endloop
  endfacet
  facet normal -4.838579e-04 -9.669569e-01 2.549393e-01
    outer loop
      vertex   1.500000e+00 4.401971e+01 5.118997e-01
      vertex   8.700000e+00 4.410304e+01 8.416140e-01
      vertex   1.500000e+00 4.411550e+01 8.752310e-01
    endloop
  endfacet
  facet normal 5.092372e-04 -8.971392e-01 4.417477e-01
    outer loop
      vertex   1.500000e+00 4.411550e+01 8.752310e-01
      vertex   8.700000e+00 4.410304e+01 8.416140e-01
      vertex   8.700000e+00 4.427689e+01 1.194697e+00
    endloop
  endfacet
  facet normal -2.546220e-04 -8.902456e-01 4.554807e-01
    outer loop
      vertex   1.500000e+00 4.411550e+01 8.752310e-01
      vertex   8.700000e+00 4.427689e+01 1.194697e+00
      vertex   1.500000e+00 4.428665e+01 1.209738e+00
    endloop
  endfacet
  facet normal 2.799813e-04 -7.724925e-01 6.350238e-01
    outer loop
      vertex   1.500000e+00 4.428665e+01 1.209738e+00
      vertex   8.700000e+00 4.427689e+01 1.194697e+00
      vertex   1.500000e+00 4.452526e+01 1.500000e+00
    endloop
  endfacet
  facet normal -1.284969e-18 -7.757351e-01 6.310587e-01
    outer loop
      vertex   1.500000e+00 4.452526e+01 1.500000e+00
      vertex   8.700000e+00 4.427689e+01 1.194697e+00
      vertex   1.690000e+01 4.427689e+01 1.194697e+00
    endloop
  endfacet
  facet normal -1.284969e-18 -7.757351e-01 6.310587e-01
    outer loop
      vertex   1.500000e+00 4.452526e+01 1.500000e+00
      vertex   1.690000e+01 4.427689e+01 1.194697e+00
      vertex   2.510000e+01 4.427689e+01 1.194697e+00
    endloop
  endfacet
  facet normal 0.000000e+00 -8.971393e-01 4.417478e-01
    outer loop
      vertex   2.510000e+01 4.427689e+01 1.194697e+00
      vertex   1.690000e+01 4.427689e+01 1.194697e+00
      vertex   2.510000e+01 4.410304e+01 8.416140e-01
    endloop
  endfacet
  facet normal -8.844709e-19 -8.971393e-01 4.417478e-01
    outer loop
      vertex   2.510000e+01 4.427689e+01 1.194697e+00
      vertex   2.510000e+01 4.410304e+01 8.416140e-01
      vertex   3.330000e+01 4.410304e+01 8.416140e-01
    endloop
  endfacet
  facet normal 0.000000e+00 -9.731683e-01 2.300942e-01
    outer loop
      vertex   3.330000e+01 4.410304e+01 8.416140e-01
      vertex   2.510000e+01 4.410304e+01 8.416140e-01
      vertex   3.330000e+01 4.401248e+01 4.586083e-01
    endloop
  endfacet
  facet normal -7.257709e-04 -9.731681e-01 2.300942e-01
    outer loop
      vertex   3.330000e+01 4.410304e+01 8.416140e-01
      vertex   3.330000e+01 4.401248e+01 4.586083e-01
      vertex   4.050000e+01 4.401971e+01 5.118997e-01
    endloop
  endfacet
  facet normal 6.876838e-04 -9.990901e-01 4.264476e-02
    outer loop
      vertex   4.050000e+01 4.401971e+01 5.118997e-01
      vertex   3.330000e+01 4.401248e+01 4.586083e-01
      vertex   4.050000e+01 4.400368e+01 1.364944e-01
    endloop
  endfacet
  facet normal -9.168835e-04 -9.999764e-01 6.803115e-03
    outer loop
      vertex   4.050000e+01 4.400368e+01 1.364944e-01
      vertex   3.330000e+01 4.401248e+01 4.586083e-01
      vertex   3.330000e+01 4.400980e+01 6.505164e-02
    endloop
  endfacet
  facet normal 8.660782e-04 -9.851636e-01 -1.716157e-01
    outer loop
      vertex   4.050000e+01 4.400368e+01 1.364944e-01
      vertex   3.330000e+01 4.400980e+01 6.505164e-02
      vertex   4.050000e+01 4.406817e+01 -2.336781e-01
    endloop
  endfacet
  facet normal -1.082555e-03 -9.762083e-01 -2.168320e-01
    outer loop
      vertex   4.050000e+01 4.406817e+01 -2.336781e-01
      vertex   3.330000e+01 4.400980e+01 6.505164e-02
      vertex   3.330000e+01 4.409514e+01 -3.191507e-01
    endloop
  endfacet
  facet normal 1.019022e-03 -9.258196e-01 -3.779643e-01
    outer loop
      vertex   4.050000e+01 4.406817e+01 -2.336781e-01
      vertex   3.330000e+01 4.409514e+01 -3.191507e-01
      vertex   4.050000e+01 4.421019e+01 -5.815522e-01
    endloop
  endfacet
  facet normal -1.222768e-03 -9.030660e-01 -4.295001e-01
    outer loop
      vertex   4.050000e+01 4.421019e+01 -5.815522e-01
      vertex   3.330000e+01 4.409514e+01 -3.191507e-01
      vertex   3.330000e+01 4.426417e+01 -6.745668e-01
    endloop
  endfacet
  facet normal 1.146500e-03 -8.237940e-01 -5.668881e-01
    outer loop
      vertex   4.050000e+01 4.421019e+01 -5.815522e-01
      vertex   3.330000e+01 4.426417e+01 -6.745668e-01
      vertex   4.050000e+01 4.442319e+01 -8.910906e-01
    endloop
  endfacet
  facet normal -1.337507e-03 -7.842487e-01 -6.204452e-01
    outer loop
      vertex   4.050000e+01 4.442319e+01 -8.910906e-01
      vertex   3.330000e+01 4.426417e+01 -6.745668e-01
      vertex   3.330000e+01 4.450836e+01 -9.832205e-01
    endloop
  endfacet
  facet normal 1.248499e-03 -6.837902e-01 -7.296776e-01
    outer loop
      vertex   4.050000e+01 4.442319e+01 -8.910906e-01
      vertex   3.330000e+01 4.450836e+01 -9.832205e-01
      vertex   4.050000e+01 4.469737e+01 -1.148023e+00
    endloop
  endfacet
  facet normal -1.426762e-03 -6.257660e-01 -7.800095e-01
    outer loop
      vertex   4.050000e+01 4.469737e+01 -1.148023e+00
      vertex   3.330000e+01 4.450836e+01 -9.832205e-01
      vertex   3.330000e+01 4.481535e+01 -1.229501e+00
    endloop
  endfacet
  facet normal 1.325007e-03 -5.122628e-01 -8.588277e-01
    outer loop
      vertex   4.050000e+01 4.469737e+01 -1.148023e+00
      vertex   3.330000e+01 4.481535e+01 -1.229501e+00
      vertex   4.050000e+01 4.502007e+01 -1.340504e+00
    endloop
  endfacet
  facet normal -1.490521e-03 -4.356337e-01 -9.001228e-01
    outer loop
      vertex   4.050000e+01 4.502007e+01 -1.340504e+00
      vertex   3.330000e+01 4.481535e+01 -1.229501e+00
      vertex   3.330000e+01 4.516960e+01 -1.400951e+00
    endloop
  endfacet
  facet normal 1.376017e-03 -3.171193e-01 -9.483846e-01
    outer loop
      vertex   4.050000e+01 4.502007e+01 -1.340504e+00
      vertex   3.330000e+01 4.516960e+01 -1.400951e+00
      vertex   4.050000e+01 4.537642e+01 -1.459661e+00
    endloop
  endfacet
  facet normal -1.528780e-03 -2.234681e-01 -9.747101e-01
    outer loop
      vertex   4.050000e+01 4.537642e+01 -1.459661e+00
      vertex   3.330000e+01 4.516960e+01 -1.400951e+00
      vertex   3.330000e+01 4.555322e+01 -1.488901e+00
    endloop
  endfacet
  facet normal 1.401523e-03 -1.073562e-01 -9.942196e-01
    outer loop
      vertex   4.050000e+01 4.537642e+01 -1.459661e+00
      vertex   3.330000e+01 4.555322e+01 -1.488901e+00
      vertex   4.050000e+01 4.575000e+01 -1.500000e+00
    endloop
  endfacet
  facet normal -1.541533e-03 1.368757e-08 -9.999988e-01
    outer loop
      vertex   4.050000e+01 4.575000e+01 -1.500000e+00
      vertex   3.330000e+01 4.555322e+01 -1.488901e+00
      vertex   3.330000e+01 4.594678e+01 -1.488901e+00
    endloop
  endfacet
  facet normal 0.000000e+00 5.631304e-02 -9.984132e-01
    outer loop
      vertex   4.050000e+01 4.575000e+01 -1.500000e+00
      vertex   3.330000e+01 4.594678e+01 -1.488901e+00
      vertex   4.150000e+01 4.575000e+01 -1.500000e+00
    endloop
  endfacet
  facet normal 1.230606e-03 1.073562e-01 -9.942199e-01
    outer loop
      vertex   4.150000e+01 4.575000e+01 -1.500000e+00
      vertex   3.330000e+01 4.594678e+01 -1.488901e+00
      vertex   4.150000e+01 4.612358e+01 -1.459661e+00
    endloop
  endfacet
  facet normal -1.342344e-03 2.234682e-01 -9.747103e-01
    outer loop
      vertex   4.150000e+01 4.612358e+01 -1.459661e+00
      vertex   3.330000e+01 4.594678e+01 -1.488901e+00
      vertex   3.330000e+01 4.633040e+01 -1.400951e+00
    endloop
  endfacet
  facet normal 1.208210e-03 3.171194e-01 -9.483849e-01
    outer loop
      vertex   4.150000e+01 4.612358e+01 -1.459661e+00
      vertex   3.330000e+01 4.633040e+01 -1.400951e+00
      vertex   4.150000e+01 4.647993e+01 -1.340504e+00
    endloop
  endfacet
  facet normal -1.308751e-03 4.356338e-01 -9.001230e-01
    outer loop
      vertex   4.150000e+01 4.647993e+01 -1.340504e+00
      vertex   3.330000e+01 4.633040e+01 -1.400951e+00
      vertex   3.330000e+01 4.668465e+01 -1.229501e+00
    endloop
  endfacet
  facet normal 1.163421e-03 5.122629e-01 -8.588279e-01
    outer loop
      vertex   4.150000e+01 4.647993e+01 -1.340504e+00
      vertex   3.330000e+01 4.668465e+01 -1.229501e+00
      vertex   4.150000e+01 4.680263e+01 -1.148023e+00
    endloop
  endfacet
  facet normal 4.838579e-04 -9.669569e-01 2.549393e-01
    outer loop
      vertex   4.050000e+01 4.401971e+01 5.118997e-01
      vertex   4.050000e+01 4.411550e+01 8.752310e-01
      vertex   3.330000e+01 4.410304e+01 8.416140e-01
    endloop
  endfacet
  facet normal -5.092372e-04 -8.971392e-01 4.417477e-01
    outer loop
      vertex   3.330000e+01 4.410304e+01 8.416140e-01
      vertex   4.050000e+01 4.411550e+01 8.752310e-01
      vertex   3.330000e+01 4.427689e+01 1.194697e+00
    endloop
  endfacet
  facet normal -8.844709e-19 -8.971393e-01 4.417478e-01
    outer loop
      vertex   3.330000e+01 4.410304e+01 8.416140e-01
      vertex   3.330000e+01 4.427689e+01 1.194697e+00
      vertex   2.510000e+01 4.427689e+01 1.194697e+00
    endloop
  endfacet
  facet normal 0.000000e+00 -7.757351e-01 6.310587e-01
    outer loop
      vertex   2.510000e+01 4.427689e+01 1.194697e+00
      vertex   3.330000e+01 4.427689e+01 1.194697e+00
      vertex   1.500000e+00 4.452526e+01 1.500000e+00
    endloop
  endfacet
  facet normal 2.546220e-04 -8.902456e-01 4.554807e-01
    outer loop
      vertex   4.050000e+01 4.411550e+01 8.752310e-01
      vertex   4.050000e+01 4.428665e+01 1.209738e+00
      vertex   3.330000e+01 4.427689e+01 1.194697e+00
    endloop
  endfacet
  facet normal -2.227146e-04 -7.869655e-01 6.169969e-01
    outer loop
      vertex   3.330000e+01 4.427689e+01 1.194697e+00
      vertex   4.050000e+01 4.428665e+01 1.209738e+00
      vertex   1.500000e+00 4.452526e+01 1.500000e+00
    endloop
  endfacet
  facet normal -4.510820e-19 -7.724926e-01 6.350238e-01
    outer loop
      vertex   4.050000e+01 4.428665e+01 1.209738e+00
      vertex   4.050000e+01 4.452526e+01 1.500000e+00
      vertex   1.500000e+00 4.452526e+01 1.500000e+00
    endloop
  endfacet
  facet normal 0.000000e+00 1.368759e-08 -1.000000e+00
    outer loop
      vertex   1.690000e+01 4.594678e+01 -1.488901e+00
      vertex   2.510000e+01 4.594678e+01 -1.488901e+00
      vertex   1.690000e+01 4.555322e+01 -1.488901e+00
    endloop
  endfacet
  facet normal 0.000000e+00 1.368759e-08 -1.000000e+00
    outer loop
      vertex   1.690000e+01 4.555322e+01 -1.488901e+00
      vertex   2.510000e+01 4.594678e+01 -1.488901e+00
      vertex   2.510000e+01 4.555322e+01 -1.488901e+00
    endloop
  endfacet
  facet normal 0.000000e+00 -2.234683e-01 -9.747112e-01
    outer loop
      vertex   1.690000e+01 4.555322e+01 -1.488901e+00
      vertex   2.510000e+01 4.555322e+01 -1.488901e+00
      vertex   1.690000e+01 4.516960e+01 -1.400951e+00
    endloop
  endfacet
  facet normal 0.000000e+00 -2.234683e-01 -9.747112e-01
    outer loop
      vertex   1.690000e+01 4.516960e+01 -1.400951e+00
      vertex   2.510000e+01 4.555322e+01 -1.488901e+00
      vertex   2.510000e+01 4.516960e+01 -1.400951e+00
    endloop
  endfacet
  facet normal 0.000000e+00 -4.356342e-01 -9.001238e-01
    outer loop
      vertex   1.690000e+01 4.516960e+01 -1.400951e+00
      vertex   2.510000e+01 4.516960e+01 -1.400951e+00
      vertex   1.690000e+01 4.481535e+01 -1.229501e+00
    endloop
  endfacet
  facet normal 0.000000e+00 -4.356342e-01 -9.001238e-01
    outer loop
      vertex   1.690000e+01 4.481535e+01 -1.229501e+00
      vertex   2.510000e+01 4.516960e+01 -1.400951e+00
      vertex   2.510000e+01 4.481535e+01 -1.229501e+00
    endloop
  endfacet
  facet normal 0.000000e+00 -6.257667e-01 -7.800103e-01
    outer loop
      vertex   1.690000e+01 4.481535e+01 -1.229501e+00
      vertex   2.510000e+01 4.481535e+01 -1.229501e+00
      vertex   1.690000e+01 4.450836e+01 -9.832205e-01
    endloop
  endfacet
  facet normal 0.000000e+00 -6.257667e-01 -7.800103e-01
    outer loop
      vertex   1.690000e+01 4.450836e+01 -9.832205e-01
      vertex   2.510000e+01 4.481535e+01 -1.229501e+00
      vertex   2.510000e+01 4.450836e+01 -9.832205e-01
    endloop
  endfacet
  facet normal 0.000000e+00 -7.842494e-01 -6.204457e-01
    outer loop
      vertex   1.690000e+01 4.450836e+01 -9.832205e-01
      vertex   2.510000e+01 4.450836e+01 -9.832205e-01
      vertex   1.690000e+01 4.426417e+01 -6.745668e-01
    endloop
  endfacet
  facet normal 0.000000e+00 -7.842494e-01 -6.204457e-01
    outer loop
      vertex   1.690000e+01 4.426417e+01 -6.745668e-01
      vertex   2.510000e+01 4.450836e+01 -9.832205e-01
      vertex   2.510000e+01 4.426417e+01 -6.745668e-01
    endloop
  endfacet
  facet normal 0.000000e+00 -9.030666e-01 -4.295005e-01
    outer loop
      vertex   1.690000e+01 4.426417e+01 -6.745668e-01
      vertex   2.510000e+01 4.426417e+01 -6.745668e-01
      vertex   1.690000e+01 4.409514e+01 -3.191507e-01
    endloop
  endfacet
  facet normal 0.000000e+00 -9.030666e-01 -4.295005e-01
    outer loop
      vertex   1.690000e+01 4.409514e+01 -3.191507e-01
      vertex   2.510000e+01 4.426417e+01 -6.745668e-01
      vertex   2.510000e+01 4.409514e+01 -3.191507e-01
    endloop
  endfacet
  facet normal 0.000000e+00 -9.762089e-01 -2.168321e-01
    outer loop
      vertex   1.690000e+01 4.409514e+01 -3.191507e-01
      vertex   2.510000e+01 4.409514e+01 -3.191507e-01
      vertex   1.690000e+01 4.400980e+01 6.505164e-02
    endloop
  endfacet
  facet normal 0.000000e+00 -9.762089e-01 -2.168321e-01
    outer loop
      vertex   1.690000e+01 4.400980e+01 6.505164e-02
      vertex   2.510000e+01 4.409514e+01 -3.191507e-01
      vertex   2.510000e+01 4.400980e+01 6.505164e-02
    endloop
  endfacet
  facet normal 0.000000e+00 -9.999769e-01 6.803118e-03
    outer loop
      vertex   1.690000e+01 4.400980e+01 6.505164e-02
      vertex   2.510000e+01 4.400980e+01 6.505164e-02
      vertex   1.690000e+01 4.401248e+01 4.586083e-01
    endloop
  endfacet
  facet normal 0.000000e+00 -9.999769e-01 6.803118e-03
    outer loop
      vertex   1.690000e+01 4.401248e+01 4.586083e-01
      vertex   2.510000e+01 4.400980e+01 6.505164e-02
      vertex   2.510000e+01 4.401248e+01 4.586083e-01
    endloop
  endfacet
  facet normal 0.000000e+00 -9.731683e-01 2.300942e-01
    outer loop
      vertex   1.690000e+01 4.401248e+01 4.586083e-01
      vertex   2.510000e+01 4.401248e+01 4.586083e-01
      vertex   1.690000e+01 4.410304e+01 8.416140e-01
    endloop
  endfacet
  facet normal 0.000000e+00 -9.731683e-01 2.300942e-01
    outer loop
      vertex   1.690000e+01 4.410304e+01 8.416140e-01
      vertex   2.510000e+01 4.401248e+01 4.586083e-01
      vertex   2.510000e+01 4.410304e+01 8.416140e-01
    endloop
  endfacet
  facet normal 0.000000e+00 -8.971393e-01 4.417478e-01
    outer loop
      vertex   1.690000e+01 4.410304e+01 8.416140e-01
      vertex   2.510000e+01 4.410304e+01 8.416140e-01
      vertex   1.690000e+01 4.427689e+01 1.194697e+00
    endloop
  endfacet
  facet normal 0.000000e+00 1.368759e-08 -1.000000e+00
    outer loop
      vertex   2.510000e+01 4.594678e+01 -1.488901e+00
      vertex   3.330000e+01 4.594678e+01 -1.488901e+00
      vertex   2.510000e+01 4.555322e+01 -1.488901e+00
    endloop
  endfacet
  facet normal 0.000000e+00 1.368759e-08 -1.000000e+00
    outer loop
      vertex   2.510000e+01 4.555322e+01 -1.488901e+00
      vertex   3.330000e+01 4.594678e+01 -1.488901e+00
      vertex   3.330000e+01 4.555322e+01 -1.488901e+00
    endloop
  endfacet
  facet normal 0.000000e+00 -2.234683e-01 -9.747112e-01
    outer loop
      vertex   2.510000e+01 4.555322e+01 -1.488901e+00
      vertex   3.330000e+01 4.555322e+01 -1.488901e+00
      vertex   2.510000e+01 4.516960e+01 -1.400951e+00
    endloop
  endfacet
  facet normal 0.000000e+00 -2.234683e-01 -9.747112e-01
    outer loop
      vertex   2.510000e+01 4.516960e+01 -1.400951e+00
      vertex   3.330000e+01 4.555322e+01 -1.488901e+00
      vertex   3.330000e+01 4.516960e+01 -1.400951e+00
    endloop
  endfacet
  facet normal 0.000000e+00 -4.356342e-01 -9.001238e-01
    outer loop
      vertex   2.510000e+01 4.516960e+01 -1.400951e+00
      vertex   3.330000e+01 4.516960e+01 -1.400951e+00
      vertex   2.510000e+01 4.481535e+01 -1.229501e+00
    endloop
  endfacet
  facet normal 0.000000e+00 -4.356342e-01 -9.001238e-01
    outer loop
      vertex   2.510000e+01 4.481535e+01 -1.229501e+00
      vertex   3.330000e+01 4.516960e+01 -1.400951e+00
      vertex   3.330000e+01 4.481535e+01 -1.229501e+00
    endloop
  endfacet
  facet normal 0.000000e+00 -6.257667e-01 -7.800103e-01
    outer loop
      vertex   2.510000e+01 4.481535e+01 -1.229501e+00
      vertex   3.330000e+01 4.481535e+01 -1.229501e+00
      vertex   2.510000e+01 4.450836e+01 -9.832205e-01
    endloop
  endfacet
  facet normal 0.000000e+00 -6.257667e-01 -7.800103e-01
    outer loop
      vertex   2.510000e+01 4.450836e+01 -9.832205e-01
      vertex   3.330000e+01 4.481535e+01 -1.229501e+00
      vertex   3.330000e+01 4.450836e+01 -9.832205e-01
    endloop
  endfacet
  facet normal 0.000000e+00 -7.842494e-01 -6.204457e-01
    outer loop
      vertex   2.510000e+01 4.450836e+01 -9.832205e-01
      vertex   3.330000e+01 4.450836e+01 -9.832205e-01
      vertex   2.510000e+01 4.426417e+01 -6.745668e-01
    endloop
  endfacet
  facet normal 0.000000e+00 -7.842494e-01 -6.204457e-01
    outer loop
      vertex   2.510000e+01 4.426417e+01 -6.745668e-01
      vertex   3.330000e+01 4.450836e+01 -9.832205e-01
      vertex   3.330000e+01 4.426417e+01 -6.745668e-01
    endloop
  endfacet
  facet normal 0.000000e+00 -9.030666e-01 -4.295005e-01
    outer loop
      vertex   2.510000e+01 4.426417e+01 -6.745668e-01
      vertex   3.330000e+01 4.426417e+01 -6.745668e-01
      vertex   2.510000e+01 4.409514e+01 -3.191507e-01
    endloop
  endfacet
  facet normal 0.000000e+00 -9.030666e-01 -4.295005e-01
    outer loop
      vertex   2.510000e+01 4.409514e+01 -3.191507e-01
      vertex   3.330000e+01 4.426417e+01 -6.745668e-01
      vertex   3.330000e+01 4.409514e+01 -3.191507e-01
    endloop
  endfacet
  facet normal 0.000000e+00 -9.762089e-01 -2.168321e-01
    outer loop
      vertex   2.510000e+01 4.409514e+01 -3.191507e-01
      vertex   3.330000e+01 4.409514e+01 -3.191507e-01
      vertex   2.510000e+01 4.400980e+01 6.505164e-02
    endloop
  endfacet
  facet normal 0.000000e+00 -9.762089e-01 -2.168321e-01
    outer loop
      vertex   2.510000e+01 4.400980e+01 6.505164e-02
      vertex   3.330000e+01 4.409514e+01 -3.191507e-01
      vertex   3.330000e+01 4.400980e+01 6.505164e-02
    endloop
  endfacet
  facet normal 0.000000e+00 -9.999769e-01 6.803118e-03
    outer loop
      vertex   2.510000e+01 4.400980e+01 6.505164e-02
      vertex   3.330000e+01 4.400980e+01 6.505164e-02
      vertex   2.510000e+01 4.401248e+01 4.586083e-01
    endloop
  endfacet
  facet normal 0.000000e+00 -9.999769e-01 6.803118e-03
    outer loop
      vertex   2.510000e+01 4.401248e+01 4.586083e-01
      vertex   3.330000e+01 4.400980e+01 6.505164e-02
      vertex   3.330000e+01 4.401248e+01 4.586083e-01
    endloop
  endfacet
  facet normal 0.000000e+00 -9.731683e-01 2.300942e-01
    outer loop
      vertex   2.510000e+01 4.401248e+01 4.586083e-01
      vertex   3.330000e+01 4.401248e+01 4.586083e-01
      vertex   2.510000e+01 4.410304e+01 8.416140e-01
    endloop
  endfacet
  facet normal 0.000000e+00 2.234684e-01 -9.747112e-01
    outer loop
      vertex   1.690000e+01 4.594678e+01 -1.488901e+00
      vertex   2.510000e+01 4.633040e+01 -1.400951e+00
      vertex   2.510000e+01 4.594678e+01 -1.488901e+00
    endloop
  endfacet
  facet normal -6.230593e-19 2.234684e-01 -9.747112e-01
    outer loop
      vertex   2.510000e+01 4.594678e+01 -1.488901e+00
      vertex   2.510000e+01 4.633040e+01 -1.400951e+00
      vertex   3.330000e+01 4.633040e+01 -1.400951e+00
    endloop
  endfacet
  facet normal 0.000000e+00 2.234684e-01 -9.747112e-01
    outer loop
      vertex   2.510000e+01 4.594678e+01 -1.488901e+00
      vertex   3.330000e+01 4.633040e+01 -1.400951e+00
      vertex   3.330000e+01 4.594678e+01 -1.488901e+00
    endloop
  endfacet
  facet normal 2.351355e-19 -2.234683e-01 -9.747112e-01
    outer loop
      vertex   8.700000e+00 4.516960e+01 -1.400951e+00
      vertex   8.700000e+00 4.555322e+01 -1.488901e+00
      vertex   1.690000e+01 4.555322e+01 -1.488901e+00
    endloop
  endfacet
  facet normal 0.000000e+00 1.368759e-08 -1.000000e+00
    outer loop
      vertex   1.690000e+01 4.555322e+01 -1.488901e+00
      vertex   8.700000e+00 4.555322e+01 -1.488901e+00
      vertex   1.690000e+01 4.594678e+01 -1.488901e+00
    endloop
  endfacet
  facet normal 0.000000e+00 -2.234683e-01 -9.747112e-01
    outer loop
      vertex   8.700000e+00 4.516960e+01 -1.400951e+00
      vertex   1.690000e+01 4.555322e+01 -1.488901e+00
      vertex   1.690000e+01 4.516960e+01 -1.400951e+00
    endloop
  endfacet
  facet normal -8.615527e-19 4.356342e-01 -9.001238e-01
    outer loop
      vertex   3.330000e+01 4.668465e+01 -1.229501e+00
      vertex   3.330000e+01 4.633040e+01 -1.400951e+00
      vertex   2.510000e+01 4.633040e+01 -1.400951e+00
    endloop
  endfacet
  facet normal -2.738737e-20 9.999769e-01 6.803145e-03
    outer loop
      vertex   8.700000e+00 4.749020e+01 6.505169e-02
      vertex   8.700000e+00 4.748752e+01 4.586083e-01
      vertex   1.690000e+01 4.748752e+01 4.586083e-01
    endloop
  endfacet
  facet normal 0.000000e+00 9.731683e-01 2.300943e-01
    outer loop
      vertex   1.690000e+01 4.748752e+01 4.586083e-01
      vertex   8.700000e+00 4.748752e+01 4.586083e-01
      vertex   1.690000e+01 4.739696e+01 8.416140e-01
    endloop
  endfacet
  facet normal -6.057469e-19 9.731683e-01 2.300943e-01
    outer loop
      vertex   1.690000e+01 4.748752e+01 4.586083e-01
      vertex   1.690000e+01 4.739696e+01 8.416140e-01
      vertex   2.510000e+01 4.739696e+01 8.416140e-01
    endloop
  endfacet
  facet normal 0.000000e+00 8.971393e-01 4.417478e-01
    outer loop
      vertex   2.510000e+01 4.739696e+01 8.416140e-01
      vertex   1.690000e+01 4.739696e+01 8.416140e-01
      vertex   2.510000e+01 4.722311e+01 1.194697e+00
    endloop
  endfacet
  facet normal -3.907774e-19 8.971393e-01 4.417478e-01
    outer loop
      vertex   2.510000e+01 4.739696e+01 8.416140e-01
      vertex   2.510000e+01 4.722311e+01 1.194697e+00
      vertex   3.330000e+01 4.722311e+01 1.194697e+00
    endloop
  endfacet
  facet normal 1.553476e-18 7.757351e-01 6.310587e-01
    outer loop
      vertex   4.150000e+01 4.697474e+01 1.500000e+00
      vertex   1.690000e+01 4.722311e+01 1.194697e+00
      vertex   8.700000e+00 4.722311e+01 1.194697e+00
    endloop
  endfacet
  facet normal -0.000000e+00 8.971393e-01 4.417478e-01
    outer loop
      vertex   8.700000e+00 4.722311e+01 1.194697e+00
      vertex   1.690000e+01 4.722311e+01 1.194697e+00
      vertex   8.700000e+00 4.739696e+01 8.416140e-01
    endloop
  endfacet
  facet normal 1.024566e-18 -4.356342e-01 -9.001238e-01
    outer loop
      vertex   8.700000e+00 4.481535e+01 -1.229501e+00
      vertex   8.700000e+00 4.516960e+01 -1.400951e+00
      vertex   1.690000e+01 4.516960e+01 -1.400951e+00
    endloop
  endfacet
  facet normal 0.000000e+00 -4.356342e-01 -9.001238e-01
    outer loop
      vertex   8.700000e+00 4.481535e+01 -1.229501e+00
      vertex   1.690000e+01 4.516960e+01 -1.400951e+00
      vertex   1.690000e+01 4.481535e+01 -1.229501e+00
    endloop
  endfacet
  facet normal 5.169024e-19 -6.257667e-01 -7.800103e-01
    outer loop
      vertex   8.700000e+00 4.450836e+01 -9.832205e-01
      vertex   8.700000e+00 4.481535e+01 -1.229501e+00
      vertex   1.690000e+01 4.481535e+01 -1.229501e+00
    endloop
  endfacet
  facet normal 0.000000e+00 -6.257667e-01 -7.800103e-01
    outer loop
      vertex   8.700000e+00 4.450836e+01 -9.832205e-01
      vertex   1.690000e+01 4.481535e+01 -1.229501e+00
      vertex   1.690000e+01 4.450836e+01 -9.832205e-01
    endloop
  endfacet
  facet normal -1.319142e-18 -7.842494e-01 -6.204457e-01
    outer loop
      vertex   8.700000e+00 4.426417e+01 -6.745668e-01
      vertex   8.700000e+00 4.450836e+01 -9.832205e-01
      vertex   1.690000e+01 4.450836e+01 -9.832205e-01
    endloop
  endfacet
  facet normal 0.000000e+00 -7.842494e-01 -6.204457e-01
    outer loop
      vertex   8.700000e+00 4.426417e+01 -6.745668e-01
      vertex   1.690000e+01 4.450836e+01 -9.832205e-01
      vertex   1.690000e+01 4.426417e+01 -6.745668e-01
    endloop
  endfacet
  facet normal -4.393311e-19 -9.030666e-01 -4.295005e-01
    outer loop
      vertex   8.700000e+00 4.409514e+01 -3.191507e-01
      vertex   8.700000e+00 4.426417e+01 -6.745668e-01
      vertex   1.690000e+01 4.426417e+01 -6.745668e-01
    endloop
  endfacet
  facet normal 0.000000e+00 -9.030666e-01 -4.295005e-01
    outer loop
      vertex   8.700000e+00 4.409514e+01 -3.191507e-01
      vertex   1.690000e+01 4.426417e+01 -6.745668e-01
      vertex   1.690000e+01 4.409514e+01 -3.191507e-01
    endloop
  endfacet
  facet normal 2.506847e-19 -9.762089e-01 -2.168321e-01
    outer loop
      vertex   8.700000e+00 4.400980e+01 6.505164e-02
      vertex   8.700000e+00 4.409514e+01 -3.191507e-01
      vertex   1.690000e+01 4.409514e+01 -3.191507e-01
    endloop
  endfacet
  facet normal 0.000000e+00 -9.762089e-01 -2.168321e-01
    outer loop
      vertex   8.700000e+00 4.400980e+01 6.505164e-02
      vertex   1.690000e+01 4.409514e+01 -3.191507e-01
      vertex   1.690000e+01 4.400980e+01 6.505164e-02
    endloop
  endfacet
  facet normal 2.720062e-20 -9.999769e-01 6.803118e-03
    outer loop
      vertex   8.700000e+00 4.401248e+01 4.586083e-01
      vertex   8.700000e+00 4.400980e+01 6.505164e-02
      vertex   1.690000e+01 4.400980e+01 6.505164e-02
    endloop
  endfacet
  facet normal 0.000000e+00 -9.999769e-01 6.803118e-03
    outer loop
      vertex   8.700000e+00 4.401248e+01 4.586083e-01
      vertex   1.690000e+01 4.400980e+01 6.505164e-02
      vertex   1.690000e+01 4.401248e+01 4.586083e-01
    endloop
  endfacet
  facet normal -1.572742e-19 -9.731683e-01 2.300942e-01
    outer loop
      vertex   8.700000e+00 4.410304e+01 8.416140e-01
      vertex   8.700000e+00 4.401248e+01 4.586083e-01
      vertex   1.690000e+01 4.401248e+01 4.586083e-01
    endloop
  endfacet
  facet normal 0.000000e+00 -9.731683e-01 2.300942e-01
    outer loop
      vertex   8.700000e+00 4.410304e+01 8.416140e-01
      vertex   1.690000e+01 4.401248e+01 4.586083e-01
      vertex   1.690000e+01 4.410304e+01 8.416140e-01
    endloop
  endfacet
  facet normal -8.844709e-19 -8.971393e-01 4.417478e-01
    outer loop
      vertex   8.700000e+00 4.427689e+01 1.194697e+00
      vertex   8.700000e+00 4.410304e+01 8.416140e-01
      vertex   1.690000e+01 4.410304e+01 8.416140e-01
    endloop
  endfacet
  facet normal 0.000000e+00 -8.971393e-01 4.417478e-01
    outer loop
      vertex   8.700000e+00 4.427689e+01 1.194697e+00
      vertex   1.690000e+01 4.410304e+01 8.416140e-01
      vertex   1.690000e+01 4.427689e+01 1.194697e+00
    endloop
  endfacet
  facet normal 7.071068e-01 -1.055128e-14 -7.071068e-01
    outer loop
      vertex   4.199208e+01 1.088633e+00 -9.020562e-16
      vertex   4.197722e+01 1.149190e+00 -1.485776e-02
      vertex   4.199208e+01 3.891137e+01 -3.955170e-15
    endloop
  endfacet
  facet normal 7.071068e-01 -1.052134e-14 -7.071068e-01
    outer loop
      vertex   4.199208e+01 3.891137e+01 -3.955170e-15
      vertex   4.197722e+01 1.149190e+00 -1.485776e-02
      vertex   4.197722e+01 3.885081e+01 -1.485776e-02
    endloop
  endfacet
  facet normal 7.071068e-01 -1.052134e-14 -7.071068e-01
    outer loop
      vertex   4.197722e+01 3.885081e+01 -1.485776e-02
      vertex   4.197722e+01 1.149190e+00 -1.485776e-02
      vertex   4.195494e+01 1.207426e+00 -3.713697e-02
    endloop
  endfacet
  facet normal 7.071068e-01 -1.055141e-14 -7.071068e-01
    outer loop
      vertex   4.197722e+01 3.885081e+01 -1.485776e-02
      vertex   4.195494e+01 1.207426e+00 -3.713697e-02
      vertex   4.195494e+01 3.879257e+01 -3.713697e-02
    endloop
  endfacet
  facet normal 7.071068e-01 -1.055140e-14 -7.071068e-01
    outer loop
      vertex   4.195494e+01 3.879257e+01 -3.713697e-02
      vertex   4.195494e+01 1.207426e+00 -3.713697e-02
      vertex   4.192559e+01 1.262437e+00 -6.649118e-02
    endloop
  endfacet
  facet normal 7.071068e-01 -1.049756e-14 -7.071068e-01
    outer loop
      vertex   4.195494e+01 3.879257e+01 -3.713697e-02
      vertex   4.192559e+01 1.262437e+00 -6.649118e-02
      vertex   4.192559e+01 3.873756e+01 -6.649118e-02
    endloop
  endfacet
  facet normal 7.071068e-01 -1.049754e-14 -7.071068e-01
    outer loop
      vertex   4.192559e+01 3.873756e+01 -6.649118e-02
      vertex   4.192559e+01 1.262437e+00 -6.649118e-02
      vertex   4.188962e+01 1.313366e+00 -1.024639e-01
    endloop
  endfacet
  facet normal 7.071068e-01 -1.030404e-14 -7.071068e-01
    outer loop
      vertex   4.192559e+01 3.873756e+01 -6.649118e-02
      vertex   4.188962e+01 1.313366e+00 -1.024639e-01
      vertex   4.188962e+01 3.868663e+01 -1.024639e-01
    endloop
  endfacet
  facet normal 7.071068e-01 -1.030401e-14 -7.071068e-01
    outer loop
      vertex   4.188962e+01 3.868663e+01 -1.024639e-01
      vertex   4.188962e+01 1.313366e+00 -1.024639e-01
      vertex   4.180015e+01 1.399888e+00 -1.919328e-01
    endloop
  endfacet
  facet normal 7.071068e-01 -1.040233e-14 -7.071068e-01
    outer loop
      vertex   4.188962e+01 3.868663e+01 -1.024639e-01
      vertex   4.180015e+01 1.399888e+00 -1.919328e-01
      vertex   4.180015e+01 3.860011e+01 -1.919328e-01
    endloop
  endfacet
  facet normal 7.071068e-01 -1.040233e-14 -7.071068e-01
    outer loop
      vertex   4.180015e+01 3.860011e+01 -1.919328e-01
      vertex   4.180015e+01 1.399888e+00 -1.919328e-01
      vertex   4.169208e+01 1.461633e+00 -3.000000e-01
    endloop
  endfacet
  facet normal 7.071068e-01 -1.030932e-14 -7.071068e-01
    outer loop
      vertex   4.180015e+01 3.860011e+01 -1.919328e-01
      vertex   4.169208e+01 1.461633e+00 -3.000000e-01
      vertex   4.169208e+01 3.853837e+01 -3.000000e-01
    endloop
  endfacet
  facet normal -6.774932e-14 3.683103e-16 -1.000000e+00
    outer loop
      vertex   4.169208e+01 1.461633e+00 -3.000000e-01
      vertex   4.162993e+01 1.482824e+00 -3.000000e-01
      vertex   4.169208e+01 3.853837e+01 -3.000000e-01
    endloop
  endfacet
  facet normal 6.782686e-14 1.408975e-16 -1.000000e+00
    outer loop
      vertex   4.169208e+01 3.853837e+01 -3.000000e-01
      vertex   4.162993e+01 1.482824e+00 -3.000000e-01
      vertex   4.162993e+01 3.851718e+01 -3.000000e-01
    endloop
  endfacet
  facet normal 8.648231e-15 1.408975e-16 -1.000000e+00
    outer loop
      vertex   4.162993e+01 3.851718e+01 -3.000000e-01
      vertex   4.162993e+01 1.482824e+00 -3.000000e-01
      vertex   4.156553e+01 1.495688e+00 -3.000000e-01
    endloop
  endfacet
  facet normal -8.654243e-15 1.709945e-16 -1.000000e+00
    outer loop
      vertex   4.162993e+01 3.851718e+01 -3.000000e-01
      vertex   4.156553e+01 1.495688e+00 -3.000000e-01
      vertex   4.156553e+01 3.850431e+01 -3.000000e-01
    endloop
  endfacet
  facet normal -8.406998e-12 1.709945e-16 -1.000000e+00
    outer loop
      vertex   4.156553e+01 3.850431e+01 -3.000000e-01
      vertex   4.156553e+01 1.495688e+00 -3.000000e-01
      vertex   4.150000e+01 1.500000e+00 -3.000000e-01
    endloop
  endfacet
  facet normal 4.926117e-14 -1.480347e-14 -1.000000e+00
    outer loop
      vertex   4.156553e+01 3.850431e+01 -3.000000e-01
      vertex   4.150000e+01 1.500000e+00 -3.000000e-01
      vertex   4.150000e+01 3.850000e+01 -3.000000e-01
    endloop
  endfacet
  facet normal 1.247558e-28 -1.480347e-14 -1.000000e+00
    outer loop
      vertex   4.150000e+01 3.850000e+01 -3.000000e-01
      vertex   4.150000e+01 1.500000e+00 -3.000000e-01
      vertex   4.080000e+01 1.500000e+00 -3.000000e-01
    endloop
  endfacet
  facet normal -0.000000e+00 -1.480347e-14 -1.000000e+00
    outer loop
      vertex   4.150000e+01 3.850000e+01 -3.000000e-01
      vertex   4.080000e+01 1.500000e+00 -3.000000e-01
      vertex   4.080000e+01 3.850000e+01 -3.000000e-01
    endloop
  endfacet
  facet normal -0.000000e+00 -1.000000e+00 -0.000000e+00
    outer loop
      vertex   4.150000e+01 3.850000e+01 -3.000000e-01
      vertex   4.080000e+01 3.850000e+01 -3.000000e-01
      vertex   4.150000e+01 3.850000e+01 -7.500000e-01
    endloop
  endfacet
  facet normal 8.017473e-08 -1.000000e+00 1.247162e-07
    outer loop
      vertex   4.150000e+01 3.850000e+01 -7.500000e-01
      vertex   4.080000e+01 3.850000e+01 -3.000000e-01
      vertex   2.960000e+01 3.850000e+01 0.000000e+00
    endloop
  endfacet
  facet normal 3.725292e-08 -1.000000e+00 -5.563097e-07
    outer loop
      vertex   4.150000e+01 3.850000e+01 -7.500000e-01
      vertex   2.960000e+01 3.850000e+01 0.000000e+00
      vertex   1.840000e+01 3.850000e+01 -7.500009e-01
    endloop
  endfacet
  facet normal 0.000000e+00 -1.000000e+00 0.000000e+00
    outer loop
      vertex   1.840000e+01 3.850000e+01 -7.500009e-01
      vertex   2.960000e+01 3.850000e+01 0.000000e+00
      vertex   1.840000e+01 3.850000e+01 1.500000e+00
    endloop
  endfacet
  facet normal 0.000000e+00 -1.000000e+00 0.000000e+00
    outer loop
      vertex   1.840000e+01 3.850000e+01 1.500000e+00
      vertex   2.960000e+01 3.850000e+01 0.000000e+00
      vertex   2.960000e+01 3.850000e+01 1.500000e+00
    endloop
  endfacet
  facet normal 7.894881e-08 -1.000000e+00 7.894881e-08
    outer loop
      vertex   4.080000e+01 3.850000e+01 -3.000000e-01
      vertex   4.050000e+01 3.850000e+01 0.000000e+00
      vertex   2.960000e+01 3.850000e+01 0.000000e+00
    endloop
  endfacet
  facet normal 0.000000e+00 1.000000e+00 0.000000e+00
    outer loop
      vertex   4.237248e+00 2.699840e+00 -1.949840e+00
      vertex   1.780000e+01 2.699840e+00 -1.949840e+00
      vertex   4.237248e+00 2.699840e+00 -3.800160e+00
    endloop
  endfacet
  facet normal 0.000000e+00 1.000000e+00 0.000000e+00
    outer loop
      vertex   4.237248e+00 2.699840e+00 -3.800160e+00
      vertex   1.780000e+01 2.699840e+00 -1.949840e+00
      vertex   1.780000e+01 2.699840e+00 -3.800160e+00
    endloop
  endfacet
  facet normal -7.071068e-01 7.071068e-01 0.000000e+00
    outer loop
      vertex   1.840000e+01 2.700000e+00 -1.950000e+00
      vertex   1.920000e+01 3.500000e+00 -2.750000e+00
      vertex   1.840000e+01 2.700000e+00 -3.800160e+00
    endloop
  endfacet
  facet normal -7.071068e-01 7.071068e-01 0.000000e+00
    outer loop
      vertex   1.840000e+01 2.700000e+00 -3.800160e+00
      vertex   1.920000e+01 3.500000e+00 -2.750000e+00
      vertex   1.920000e+01 3.500000e+00 -3.800160e+00
    endloop
  endfacet
  facet normal 7.071068e-01 7.071068e-01 -0.000000e+00
    outer loop
      vertex   2.260000e+01 3.500000e+00 -3.800160e+00
      vertex   2.260000e+01 3.500000e+00 -2.750000e+00
      vertex   2.340016e+01 2.699840e+00 -3.800160e+00
    endloop
  endfacet
  facet normal 7.071068e-01 7.071068e-01 4.319206e-18
    outer loop
      vertex   2.340016e+01 2.699840e+00 -3.800160e+00
      vertex   2.260000e+01 3.500000e+00 -2.750000e+00
      vertex   2.450000e+01 1.600000e+00 -8.500000e-01
    endloop
  endfacet
  facet normal 7.071068e-01 7.071068e-01 -4.052458e-19
    outer loop
      vertex   2.340016e+01 2.699840e+00 -3.800160e+00
      vertex   2.450000e+01 1.600000e+00 -8.500000e-01
      vertex   2.450000e+01 1.600000e+00 -4.900000e+00
    endloop
  endfacet
  facet normal -0.000000e+00 1.000000e+00 0.000000e+00
    outer loop
      vertex   2.450000e+01 1.600000e+00 -8.500000e-01
      vertex   2.850000e+01 1.600000e+00 -8.500000e-01
      vertex   2.450000e+01 1.600000e+00 -4.900000e+00
    endloop
  endfacet
  facet normal 0.000000e+00 1.000000e+00 0.000000e+00
    outer loop
      vertex   2.450000e+01 1.600000e+00 -4.900000e+00
      vertex   2.850000e+01 1.600000e+00 -8.500000e-01
      vertex   2.850000e+01 1.600000e+00 -4.900000e+00
    endloop
  endfacet
  facet normal -7.071068e-01 7.071068e-01 0.000000e+00
    outer loop
      vertex   2.959984e+01 2.699840e+00 -3.800160e+00
      vertex   2.850000e+01 1.600000e+00 -4.900000e+00
      vertex   2.959984e+01 2.699840e+00 -1.949840e+00
    endloop
  endfacet
  facet normal -7.071068e-01 7.071068e-01 4.052458e-19
    outer loop
      vertex   2.959984e+01 2.699840e+00 -1.949840e+00
      vertex   2.850000e+01 1.600000e+00 -4.900000e+00
      vertex   2.850000e+01 1.600000e+00 -8.500000e-01
    endloop
  endfacet
  facet normal -0.000000e+00 -1.000000e+00 -0.000000e+00
    outer loop
      vertex   1.780000e+01 3.730000e+01 -1.950000e+00
      vertex   4.237022e+00 3.730000e+01 -1.950000e+00
      vertex   1.780000e+01 3.730000e+01 -3.799999e+00
    endloop
  endfacet
  facet normal -0.000000e+00 -1.000000e+00 0.000000e+00
    outer loop
      vertex   1.780000e+01 3.730000e+01 -3.799999e+00
      vertex   4.237022e+00 3.730000e+01 -1.950000e+00
      vertex   4.237022e+00 3.730000e+01 -3.799999e+00
    endloop
  endfacet
  facet normal 6.292298e-08 -1.000000e+00 0.000000e+00
    outer loop
      vertex   4.150000e+01 3.730000e+01 -1.950000e+00
      vertex   2.960000e+01 3.730000e+01 -1.950001e+00
      vertex   4.150000e+01 3.730000e+01 -3.799999e+00
    endloop
  endfacet
  facet normal 6.292298e-08 -1.000000e+00 2.885648e-23
    outer loop
      vertex   4.150000e+01 3.730000e+01 -3.799999e+00
      vertex   2.960000e+01 3.730000e+01 -1.950001e+00
      vertex   2.960000e+01 3.730000e+01 -3.799998e+00
    endloop
  endfacet
  facet normal 0.000000e+00 -7.071068e-01 7.071068e-01
    outer loop
      vertex   4.237022e+00 3.730000e+01 -1.950000e+00
      vertex   1.780000e+01 3.730000e+01 -1.950000e+00
      vertex   4.656847e+00 3.757435e+01 -1.675655e+00
    endloop
  endfacet
  facet normal -2.480418e-16 -7.071068e-01 7.071068e-01
    outer loop
      vertex   4.656847e+00 3.757435e+01 -1.675655e+00
      vertex   1.780000e+01 3.730000e+01 -1.950000e+00
      vertex   5.096573e+00 3.781551e+01 -1.434494e+00
    endloop
  endfacet
  facet normal 3.289403e-16 -7.071068e-01 7.071068e-01
    outer loop
      vertex   5.096573e+00 3.781551e+01 -1.434494e+00
      vertex   1.780000e+01 3.730000e+01 -1.950000e+00
      vertex   5.553584e+00 3.802205e+01 -1.227953e+00
    endloop
  endfacet
  facet normal -9.106257e-17 -7.071068e-01 7.071068e-01
    outer loop
      vertex   5.553584e+00 3.802205e+01 -1.227953e+00
      vertex   1.780000e+01 3.730000e+01 -1.950000e+00
      vertex   1.780000e+01 3.850000e+01 -7.500009e-01
    endloop
  endfacet
  facet normal 5.676671e-16 -7.071068e-01 7.071068e-01
    outer loop
      vertex   5.553584e+00 3.802205e+01 -1.227953e+00
      vertex   1.780000e+01 3.850000e+01 -7.500009e-01
      vertex   6.025158e+00 3.819274e+01 -1.057262e+00
    endloop
  endfacet
  facet normal -5.785443e-16 -7.071068e-01 7.071068e-01
    outer loop
      vertex   6.025158e+00 3.819274e+01 -1.057262e+00
      vertex   1.780000e+01 3.850000e+01 -7.500009e-01
      vertex   6.508489e+00 3.832656e+01 -9.234374e-01
    endloop
  endfacet
  facet normal 7.245739e-17 -7.071068e-01 7.071068e-01
    outer loop
      vertex   6.508489e+00 3.832656e+01 -9.234374e-01
      vertex   1.780000e+01 3.850000e+01 -7.500009e-01
      vertex   8.000000e+00 3.850000e+01 -7.500000e-01
    endloop
  endfacet
  facet normal 2.723592e-15 -7.071068e-01 7.071068e-01
    outer loop
      vertex   6.508489e+00 3.832656e+01 -9.234374e-01
      vertex   8.000000e+00 3.850000e+01 -7.500000e-01
      vertex   7.000699e+00 3.842273e+01 -8.272749e-01
    endloop
  endfacet
  facet normal -6.949116e-16 -7.071068e-01 7.071068e-01
    outer loop
      vertex   7.000699e+00 3.842273e+01 -8.272749e-01
      vertex   8.000000e+00 3.850000e+01 -7.500000e-01
      vertex   7.498858e+00 3.848065e+01 -7.693475e-01
    endloop
  endfacet
  facet normal 7.071068e-01 -7.071068e-01 0.000000e+00
    outer loop
      vertex   2.450000e+01 3.840000e+01 -4.899999e+00
      vertex   2.450000e+01 3.840000e+01 -8.500009e-01
      vertex   2.340000e+01 3.730000e+01 -3.799999e+00
    endloop
  endfacet
  facet normal 7.071068e-01 -7.071068e-01 7.853518e-18
    outer loop
      vertex   2.340000e+01 3.730000e+01 -3.799999e+00
      vertex   2.450000e+01 3.840000e+01 -8.500009e-01
      vertex   2.260000e+01 3.650000e+01 -2.750001e+00
    endloop
  endfacet
  facet normal 7.071068e-01 -7.071068e-01 -6.860702e-18
    outer loop
      vertex   2.340000e+01 3.730000e+01 -3.799999e+00
      vertex   2.260000e+01 3.650000e+01 -2.750001e+00
      vertex   2.260000e+01 3.650000e+01 -3.800000e+00
    endloop
  endfacet
  facet normal 0.000000e+00 -1.000000e+00 0.000000e+00
    outer loop
      vertex   2.450000e+01 3.840000e+01 -4.899999e+00
      vertex   2.850000e+01 3.840000e+01 -4.899999e+00
      vertex   2.450000e+01 3.840000e+01 -8.500009e-01
    endloop
  endfacet
  facet normal 0.000000e+00 -1.000000e+00 0.000000e+00
    outer loop
      vertex   2.450000e+01 3.840000e+01 -8.500009e-01
      vertex   2.850000e+01 3.840000e+01 -4.899999e+00
      vertex   2.850000e+01 3.840000e+01 -8.500009e-01
    endloop
  endfacet
  facet normal -7.071068e-01 -7.071068e-01 0.000000e+00
    outer loop
      vertex   2.850000e+01 3.840000e+01 -4.899999e+00
      vertex   2.960000e+01 3.730000e+01 -3.799998e+00
      vertex   2.850000e+01 3.840000e+01 -8.500009e-01
    endloop
  endfacet
  facet normal -7.071068e-01 -7.071068e-01 3.375510e-17
    outer loop
      vertex   2.850000e+01 3.840000e+01 -8.500009e-01
      vertex   2.960000e+01 3.730000e+01 -3.799998e+00
      vertex   2.960000e+01 3.730000e+01 -1.950001e+00
    endloop
  endfacet
  facet normal -7.071071e-01 -7.071065e-01 0.000000e+00
    outer loop
      vertex   1.920000e+01 3.650000e+01 -3.800000e+00
      vertex   1.920000e+01 3.650000e+01 -2.750001e+00
      vertex   1.840000e+01 3.730000e+01 -3.799999e+00
    endloop
  endfacet
  facet normal -7.071069e-01 -7.071066e-01 -2.862001e-07
    outer loop
      vertex   1.840000e+01 3.730000e+01 -3.799999e+00
      vertex   1.920000e+01 3.650000e+01 -2.750001e+00
      vertex   1.840000e+01 3.730000e+01 -1.950001e+00
    endloop
  endfacet
  facet normal 0.000000e+00 9.359782e-07 -1.000000e+00
    outer loop
      vertex   2.340000e+01 3.730000e+01 -3.799999e+00
      vertex   2.260000e+01 3.650000e+01 -3.800000e+00
      vertex   1.840000e+01 3.730000e+01 -3.799999e+00
    endloop
  endfacet
  facet normal -1.095306e-23 9.359782e-07 -1.000000e+00
    outer loop
      vertex   1.840000e+01 3.730000e+01 -3.799999e+00
      vertex   2.260000e+01 3.650000e+01 -3.800000e+00
      vertex   1.920000e+01 3.650000e+01 -3.800000e+00
    endloop
  endfacet
  facet normal 1.979181e-22 -7.071068e-01 7.071068e-01
    outer loop
      vertex   4.150000e+01 3.730000e+01 -1.950000e+00
      vertex   4.150000e+01 3.850000e+01 -7.500000e-01
      vertex   2.960000e+01 3.730000e+01 -1.950001e+00
    endloop
  endfacet
  facet normal -2.880591e-16 -7.071068e-01 7.071068e-01
    outer loop
      vertex   2.960000e+01 3.730000e+01 -1.950001e+00
      vertex   4.150000e+01 3.850000e+01 -7.500000e-01
      vertex   2.850000e+01 3.840000e+01 -8.500009e-01
    endloop
  endfacet
  facet normal -1.494257e-16 -7.071068e-01 7.071068e-01
    outer loop
      vertex   2.850000e+01 3.840000e+01 -8.500009e-01
      vertex   4.150000e+01 3.850000e+01 -7.500000e-01
      vertex   1.840000e+01 3.850000e+01 -7.500009e-01
    endloop
  endfacet
  facet normal 0.000000e+00 -7.071068e-01 7.071068e-01
    outer loop
      vertex   2.850000e+01 3.840000e+01 -8.500009e-01
      vertex   1.840000e+01 3.850000e+01 -7.500009e-01
      vertex   2.450000e+01 3.840000e+01 -8.500009e-01
    endloop
  endfacet
  facet normal 5.335526e-17 -7.071068e-01 7.071068e-01
    outer loop
      vertex   2.450000e+01 3.840000e+01 -8.500009e-01
      vertex   1.840000e+01 3.850000e+01 -7.500009e-01
      vertex   1.840000e+01 3.730000e+01 -1.950001e+00
    endloop
  endfacet
  facet normal 1.183767e-16 -7.071068e-01 7.071068e-01
    outer loop
      vertex   2.450000e+01 3.840000e+01 -8.500009e-01
      vertex   1.840000e+01 3.730000e+01 -1.950001e+00
      vertex   2.260000e+01 3.650000e+01 -2.750001e+00
    endloop
  endfacet
  facet normal 0.000000e+00 -7.071068e-01 7.071068e-01
    outer loop
      vertex   2.260000e+01 3.650000e+01 -2.750001e+00
      vertex   1.840000e+01 3.730000e+01 -1.950001e+00
      vertex   1.920000e+01 3.650000e+01 -2.750001e+00
    endloop
  endfacet
  facet normal -2.178967e-17 7.071068e-01 -7.071068e-01
    outer loop
      vertex   1.780000e+01 1.500000e+00 -5.000000e+00
      vertex   5.553744e+00 1.977888e+00 -4.522112e+00
      vertex   1.780000e+01 2.699840e+00 -3.800160e+00
    endloop
  endfacet
  facet normal 1.075582e-16 7.071068e-01 -7.071068e-01
    outer loop
      vertex   1.780000e+01 2.699840e+00 -3.800160e+00
      vertex   5.553744e+00 1.977888e+00 -4.522112e+00
      vertex   5.096758e+00 2.184401e+00 -4.315599e+00
    endloop
  endfacet
  facet normal -2.669927e-17 7.071068e-01 -7.071068e-01
    outer loop
      vertex   1.780000e+01 2.699840e+00 -3.800160e+00
      vertex   5.096758e+00 2.184401e+00 -4.315599e+00
      vertex   4.657054e+00 2.425530e+00 -4.074470e+00
    endloop
  endfacet
  facet normal -8.010676e-17 7.071068e-01 -7.071068e-01
    outer loop
      vertex   8.000000e+00 1.500000e+00 -5.000000e+00
      vertex   6.508590e+00 1.673414e+00 -4.826586e+00
      vertex   1.780000e+01 1.500000e+00 -5.000000e+00
    endloop
  endfacet
  facet normal -5.267510e-17 7.071068e-01 -7.071068e-01
    outer loop
      vertex   1.780000e+01 1.500000e+00 -5.000000e+00
      vertex   6.508590e+00 1.673414e+00 -4.826586e+00
      vertex   6.025290e+00 1.807220e+00 -4.692780e+00
    endloop
  endfacet
  facet normal 9.125999e-17 7.071068e-01 -7.071068e-01
    outer loop
      vertex   1.780000e+01 1.500000e+00 -5.000000e+00
      vertex   6.025290e+00 1.807220e+00 -4.692780e+00
      vertex   5.553744e+00 1.977888e+00 -4.522112e+00
    endloop
  endfacet
  facet normal 1.723286e-15 7.071068e-01 -7.071068e-01
    outer loop
      vertex   7.498892e+00 1.519345e+00 -4.980655e+00
      vertex   7.000767e+00 1.577264e+00 -4.922736e+00
      vertex   8.000000e+00 1.500000e+00 -5.000000e+00
    endloop
  endfacet
  facet normal 1.505178e-15 7.071068e-01 -7.071068e-01
    outer loop
      vertex   8.000000e+00 1.500000e+00 -5.000000e+00
      vertex   7.000767e+00 1.577264e+00 -4.922736e+00
      vertex   6.508590e+00 1.673414e+00 -4.826586e+00
    endloop
  endfacet
  facet normal -3.446871e-19 7.071068e-01 -7.071068e-01
    outer loop
      vertex   4.657054e+00 2.425530e+00 -4.074470e+00
      vertex   4.237248e+00 2.699840e+00 -3.800160e+00
      vertex   1.780000e+01 2.699840e+00 -3.800160e+00
    endloop
  endfacet
  facet normal 0.000000e+00 -0.000000e+00 -1.000000e+00
    outer loop
      vertex   1.920000e+01 3.500000e+00 -3.800160e+00
      vertex   2.260000e+01 3.500000e+00 -3.800160e+00
      vertex   1.840000e+01 2.700000e+00 -3.800160e+00
    endloop
  endfacet
  facet normal 0.000000e+00 0.000000e+00 -1.000000e+00
    outer loop
      vertex   1.840000e+01 2.700000e+00 -3.800160e+00
      vertex   2.260000e+01 3.500000e+00 -3.800160e+00
      vertex   2.340016e+01 2.699840e+00 -3.800160e+00
    endloop
  endfacet
  facet normal 0.000000e+00 0.000000e+00 -1.000000e+00
    outer loop
      vertex   1.840000e+01 2.700000e+00 -3.800160e+00
      vertex   2.340016e+01 2.699840e+00 -3.800160e+00
      vertex   1.840000e+01 2.699840e+00 -3.800160e+00
    endloop
  endfacet
  facet normal 0.000000e+00 1.000000e+00 0.000000e+00
    outer loop
      vertex   1.920000e+01 3.500000e+00 -3.800160e+00
      vertex   1.920000e+01 3.500000e+00 -2.750000e+00
      vertex   2.260000e+01 3.500000e+00 -3.800160e+00
    endloop
  endfacet
  facet normal 0.000000e+00 1.000000e+00 -0.000000e+00
    outer loop
      vertex   2.260000e+01 3.500000e+00 -3.800160e+00
      vertex   1.920000e+01 3.500000e+00 -2.750000e+00
      vertex   2.260000e+01 3.500000e+00 -2.750000e+00
    endloop
  endfacet
  facet normal 7.071068e-01 -7.071068e-01 0.000000e+00
    outer loop
      vertex   1.920000e+01 3.800000e+00 1.500000e+00
      vertex   1.780000e+01 2.400000e+00 1.500000e+00
      vertex   1.920000e+01 3.800000e+00 0.000000e+00
    endloop
  endfacet
  facet normal 7.071068e-01 -7.071068e-01 2.093458e-17
    outer loop
      vertex   1.920000e+01 3.800000e+00 0.000000e+00
      vertex   1.780000e+01 2.400000e+00 1.500000e+00
      vertex   1.780000e+01 2.400000e+00 0.000000e+00
    endloop
  endfacet
  facet normal -0.000000e+00 -1.000000e+00 -0.000000e+00
    outer loop
      vertex   2.820000e+01 3.800000e+00 1.500000e+00
      vertex   1.920000e+01 3.800000e+00 1.500000e+00
      vertex   2.820000e+01 3.800000e+00 0.000000e+00
    endloop
  endfacet
  facet normal 0.000000e+00 -1.000000e+00 0.000000e+00
    outer loop
      vertex   2.820000e+01 3.800000e+00 0.000000e+00
      vertex   1.920000e+01 3.800000e+00 1.500000e+00
      vertex   1.920000e+01 3.800000e+00 0.000000e+00
    endloop
  endfacet
  facet normal -7.071068e-01 -7.071068e-01 -0.000000e+00
    outer loop
      vertex   2.960000e+01 2.400000e+00 1.500000e+00
      vertex   2.820000e+01 3.800000e+00 1.500000e+00
      vertex   2.960000e+01 2.400000e+00 0.000000e+00
    endloop
  endfacet
  facet normal -7.071068e-01 -7.071068e-01 -2.093458e-17
    outer loop
      vertex   2.960000e+01 2.400000e+00 0.000000e+00
      vertex   2.820000e+01 3.800000e+00 1.500000e+00
      vertex   2.820000e+01 3.800000e+00 0.000000e+00
    endloop
  endfacet
  facet normal -1.000000e+00 0.000000e+00 0.000000e+00
    outer loop
      vertex   2.960000e+01 2.400000e+00 0.000000e+00
      vertex   2.960000e+01 1.500000e+00 0.000000e+00
      vertex   2.960000e+01 2.400000e+00 1.500000e+00
    endloop
  endfacet
  facet normal -1.000000e+00 -0.000000e+00 0.000000e+00
    outer loop
      vertex   2.960000e+01 2.400000e+00 1.500000e+00
      vertex   2.960000e+01 1.500000e+00 0.000000e+00
      vertex   2.960000e+01 1.500000e+00 1.500000e+00
    endloop
  endfacet
  facet normal 1.000000e+00 4.420678e-07 -0.000000e+00
    outer loop
      vertex   1.780000e+01 2.400000e+00 0.000000e+00
      vertex   1.780000e+01 2.400000e+00 1.500000e+00
      vertex   1.780000e+01 1.500000e+00 0.000000e+00
    endloop
  endfacet
  facet normal 1.000000e+00 1.657754e-07 1.657754e-07
    outer loop
      vertex   1.780000e+01 1.500000e+00 0.000000e+00
      vertex   1.780000e+01 2.400000e+00 1.500000e+00
      vertex   1.780000e+01 0.000000e+00 1.500000e+00
    endloop
  endfacet
  facet normal 1.000000e+00 0.000000e+00 0.000000e+00
    outer loop
      vertex   1.780000e+01 1.500000e+00 0.000000e+00
      vertex   1.780000e+01 0.000000e+00 1.500000e+00
      vertex   1.780000e+01 1.500000e+00 -7.500000e-01
    endloop
  endfacet
  facet normal 1.000000e+00 0.000000e+00 0.000000e+00
    outer loop
      vertex   1.780000e+01 1.500000e+00 -7.500000e-01
      vertex   1.780000e+01 0.000000e+00 1.500000e+00
      vertex   1.780000e+01 0.000000e+00 -4.500000e+00
    endloop
  endfacet
  facet normal 1.000000e+00 0.000000e+00 0.000000e+00
    outer loop
      vertex   1.780000e+01 1.500000e+00 -7.500000e-01
      vertex   1.780000e+01 0.000000e+00 -4.500000e+00
      vertex   1.780000e+01 5.000000e-01 -5.000000e+00
    endloop
  endfacet
  facet normal 1.000000e+00 0.000000e+00 0.000000e+00
    outer loop
      vertex   1.780000e+01 5.000000e-01 -5.000000e+00
      vertex   1.780000e+01 0.000000e+00 -4.500000e+00
      vertex   1.780000e+01 3.705905e-01 -4.982963e+00
    endloop
  endfacet
  facet normal 1.000000e+00 0.000000e+00 0.000000e+00
    outer loop
      vertex   1.780000e+01 3.705905e-01 -4.982963e+00
      vertex   1.780000e+01 0.000000e+00 -4.500000e+00
      vertex   1.780000e+01 2.500000e-01 -4.933013e+00
    endloop
  endfacet
  facet normal 1.000000e+00 0.000000e+00 0.000000e+00
    outer loop
      vertex   1.780000e+01 2.500000e-01 -4.933013e+00
      vertex   1.780000e+01 0.000000e+00 -4.500000e+00
      vertex   1.780000e+01 1.464466e-01 -4.853553e+00
    endloop
  endfacet
  facet normal 1.000000e+00 0.000000e+00 0.000000e+00
    outer loop
      vertex   1.780000e+01 1.464466e-01 -4.853553e+00
      vertex   1.780000e+01 0.000000e+00 -4.500000e+00
      vertex   1.780000e+01 6.698730e-02 -4.750000e+00
    endloop
  endfacet
  facet normal 1.000000e+00 0.000000e+00 0.000000e+00
    outer loop
      vertex   1.780000e+01 6.698730e-02 -4.750000e+00
      vertex   1.780000e+01 0.000000e+00 -4.500000e+00
      vertex   1.780000e+01 1.703709e-02 -4.629410e+00
    endloop
  endfacet
  facet normal 1.000000e+00 0.000000e+00 0.000000e+00
    outer loop
      vertex   1.780000e+01 5.000000e-01 -5.000000e+00
      vertex   1.780000e+01 1.500000e+00 -5.000000e+00
      vertex   1.780000e+01 1.500000e+00 -7.500000e-01
    endloop
  endfacet
  facet normal 1.000000e+00 0.000000e+00 0.000000e+00
    outer loop
      vertex   1.780000e+01 1.500000e+00 -7.500000e-01
      vertex   1.780000e+01 1.500000e+00 -5.000000e+00
      vertex   1.780000e+01 2.699840e+00 -3.800160e+00
    endloop
  endfacet
  facet normal 1.000000e+00 0.000000e+00 0.000000e+00
    outer loop
      vertex   1.780000e+01 1.500000e+00 -7.500000e-01
      vertex   1.780000e+01 2.699840e+00 -3.800160e+00
      vertex   1.780000e+01 2.699840e+00 -1.949840e+00
    endloop
  endfacet
  facet normal 0.000000e+00 -1.000000e+00 0.000000e+00
    outer loop
      vertex   2.260000e+01 3.650000e+01 -3.800000e+00
      vertex   2.260000e+01 3.650000e+01 -2.750001e+00
      vertex   1.920000e+01 3.650000e+01 -3.800000e+00
    endloop
  endfacet
  facet normal 0.000000e+00 -1.000000e+00 0.000000e+00
    outer loop
      vertex   1.920000e+01 3.650000e+01 -3.800000e+00
      vertex   2.260000e+01 3.650000e+01 -2.750001e+00
      vertex   1.920000e+01 3.650000e+01 -2.750001e+00
    endloop
  endfacet
  facet normal -8.991770e-17 -7.071070e-01 -7.071066e-01
    outer loop
      vertex   1.780000e+01 3.730000e+01 -3.799999e+00
      vertex   5.553584e+00 3.802205e+01 -4.522046e+00
      vertex   1.780000e+01 3.850000e+01 -4.999999e+00
    endloop
  endfacet
  facet normal 8.508881e-16 -7.071070e-01 -7.071066e-01
    outer loop
      vertex   1.780000e+01 3.850000e+01 -4.999999e+00
      vertex   5.553584e+00 3.802205e+01 -4.522046e+00
      vertex   6.025158e+00 3.819274e+01 -4.692737e+00
    endloop
  endfacet
  facet normal -6.719493e-16 -7.071070e-01 -7.071066e-01
    outer loop
      vertex   1.780000e+01 3.850000e+01 -4.999999e+00
      vertex   6.025158e+00 3.819274e+01 -4.692737e+00
      vertex   6.508489e+00 3.832656e+01 -4.826563e+00
    endloop
  endfacet
  facet normal 2.315261e-17 -7.071070e-01 -7.071066e-01
    outer loop
      vertex   4.237022e+00 3.730000e+01 -3.799999e+00
      vertex   4.656847e+00 3.757435e+01 -4.074345e+00
      vertex   1.780000e+01 3.730000e+01 -3.799999e+00
    endloop
  endfacet
  facet normal -5.996092e-17 -7.071070e-01 -7.071066e-01
    outer loop
      vertex   1.780000e+01 3.730000e+01 -3.799999e+00
      vertex   4.656847e+00 3.757435e+01 -4.074345e+00
      vertex   5.096573e+00 3.781551e+01 -4.315506e+00
    endloop
  endfacet
  facet normal -1.738398e-16 -7.071070e-01 -7.071066e-01
    outer loop
      vertex   1.780000e+01 3.730000e+01 -3.799999e+00
      vertex   5.096573e+00 3.781551e+01 -4.315506e+00
      vertex   5.553584e+00 3.802205e+01 -4.522046e+00
    endloop
  endfacet
  facet normal 2.753814e-17 -7.071070e-01 -7.071066e-01
    outer loop
      vertex   1.780000e+01 3.850000e+01 -4.999999e+00
      vertex   6.508489e+00 3.832656e+01 -4.826563e+00
      vertex   8.000000e+00 3.850000e+01 -5.000000e+00
    endloop
  endfacet
  facet normal 2.251606e-15 -7.071070e-01 -7.071066e-01
    outer loop
      vertex   8.000000e+00 3.850000e+01 -5.000000e+00
      vertex   6.508489e+00 3.832656e+01 -4.826563e+00
      vertex   7.000699e+00 3.842273e+01 -4.922725e+00
    endloop
  endfacet
  facet normal -2.440185e-15 -7.071070e-01 -7.071066e-01
    outer loop
      vertex   8.000000e+00 3.850000e+01 -5.000000e+00
      vertex   7.000699e+00 3.842273e+01 -4.922725e+00
      vertex   7.498858e+00 3.848065e+01 -4.980652e+00
    endloop
  endfacet
  facet normal -1.168299e-17 -7.071070e-01 -7.071066e-01
    outer loop
      vertex   1.840000e+01 3.850000e+01 -4.999999e+00
      vertex   4.150000e+01 3.850000e+01 -5.000000e+00
      vertex   2.850000e+01 3.840000e+01 -4.899999e+00
    endloop
  endfacet
  facet normal -6.708119e-17 -7.071070e-01 -7.071066e-01
    outer loop
      vertex   2.850000e+01 3.840000e+01 -4.899999e+00
      vertex   4.150000e+01 3.850000e+01 -5.000000e+00
      vertex   4.150000e+01 3.730000e+01 -3.799999e+00
    endloop
  endfacet
  facet normal 2.025919e-18 -7.071070e-01 -7.071066e-01
    outer loop
      vertex   2.850000e+01 3.840000e+01 -4.899999e+00
      vertex   4.150000e+01 3.730000e+01 -3.799999e+00
      vertex   2.960000e+01 3.730000e+01 -3.799998e+00
    endloop
  endfacet
  facet normal -0.000000e+00 -7.071070e-01 -7.071066e-01
    outer loop
      vertex   2.850000e+01 3.840000e+01 -4.899999e+00
      vertex   2.450000e+01 3.840000e+01 -4.899999e+00
      vertex   1.840000e+01 3.850000e+01 -4.999999e+00
    endloop
  endfacet
  facet normal 1.026887e-16 -7.071070e-01 -7.071066e-01
    outer loop
      vertex   1.840000e+01 3.850000e+01 -4.999999e+00
      vertex   2.450000e+01 3.840000e+01 -4.899999e+00
      vertex   1.840000e+01 3.730000e+01 -3.799999e+00
    endloop
  endfacet
  facet normal 0.000000e+00 -7.071070e-01 -7.071066e-01
    outer loop
      vertex   1.840000e+01 3.730000e+01 -3.799999e+00
      vertex   2.450000e+01 3.840000e+01 -4.899999e+00
      vertex   2.340000e+01 3.730000e+01 -3.799999e+00
    endloop
  endfacet
  facet normal -8.781031e-08 -1.000000e+00 1.147388e-06
    outer loop
      vertex   1.780000e+01 3.850000e+01 -7.500009e-01
      vertex   1.780000e+01 3.850000e+01 0.000000e+00
      vertex   8.000000e+00 3.850000e+01 -7.500000e-01
    endloop
  endfacet
  facet normal 0.000000e+00 -1.000000e+00 0.000000e+00
    outer loop
      vertex   8.000000e+00 3.850000e+01 -7.500000e-01
      vertex   1.780000e+01 3.850000e+01 0.000000e+00
      vertex   8.000000e+00 3.850000e+01 0.000000e+00
    endloop
  endfacet
  facet normal 0.000000e+00 1.000000e+00 0.000000e+00
    outer loop
      vertex   8.000000e+00 4.000000e+01 -4.500000e+00
      vertex   8.000000e+00 4.000000e+01 -1.500000e+00
      vertex   1.780000e+01 4.000000e+01 -4.500000e+00
    endloop
  endfacet
  facet normal 4.128230e-08 1.000000e+00 1.348555e-07
    outer loop
      vertex   1.780000e+01 4.000000e+01 -4.500000e+00
      vertex   8.000000e+00 4.000000e+01 -1.500000e+00
      vertex   1.780000e+01 4.000000e+01 1.500000e+00
    endloop
  endfacet
  facet normal 4.964006e-08 1.000000e+00 1.075535e-07
    outer loop
      vertex   1.780000e+01 4.000000e+01 1.500000e+00
      vertex   8.000000e+00 4.000000e+01 -1.500000e+00
      vertex   1.500000e+00 4.000000e+01 1.500000e+00
    endloop
  endfacet
  facet normal 0.000000e+00 1.000000e+00 0.000000e+00
    outer loop
      vertex   1.500000e+00 4.000000e+01 1.500000e+00
      vertex   8.000000e+00 4.000000e+01 -1.500000e+00
      vertex   1.500000e+00 4.000000e+01 -1.500000e+00
    endloop
  endfacet
  facet normal -1.000000e+00 0.000000e+00 0.000000e+00
    outer loop
      vertex   2.960000e+01 3.760000e+01 1.500000e+00
      vertex   2.960000e+01 3.850000e+01 1.500000e+00
      vertex   2.960000e+01 3.760000e+01 0.000000e+00
    endloop
  endfacet
  facet normal -1.000000e+00 0.000000e+00 0.000000e+00
    outer loop
      vertex   2.960000e+01 3.760000e+01 0.000000e+00
      vertex   2.960000e+01 3.850000e+01 1.500000e+00
      vertex   2.960000e+01 3.850000e+01 0.000000e+00
    endloop
  endfacet
  facet normal -7.071072e-01 7.071064e-01 0.000000e+00
    outer loop
      vertex   2.820000e+01 3.620000e+01 1.500000e+00
      vertex   2.960000e+01 3.760000e+01 1.500000e+00
      vertex   2.820000e+01 3.620000e+01 0.000000e+00
    endloop
  endfacet
  facet normal -7.071072e-01 7.071064e-01 -2.134923e-17
    outer loop
      vertex   2.820000e+01 3.620000e+01 0.000000e+00
      vertex   2.960000e+01 3.760000e+01 1.500000e+00
      vertex   2.960000e+01 3.760000e+01 0.000000e+00
    endloop
  endfacet
  facet normal -0.000000e+00 1.000000e+00 0.000000e+00
    outer loop
      vertex   1.920000e+01 3.620000e+01 1.500000e+00
      vertex   2.820000e+01 3.620000e+01 1.500000e+00
      vertex   1.920000e+01 3.620000e+01 0.000000e+00
    endloop
  endfacet
  facet normal 0.000000e+00 1.000000e+00 0.000000e+00
    outer loop
      vertex   1.920000e+01 3.620000e+01 0.000000e+00
      vertex   2.820000e+01 3.620000e+01 1.500000e+00
      vertex   2.820000e+01 3.620000e+01 0.000000e+00
    endloop
  endfacet
  facet normal 7.071068e-01 7.071068e-01 0.000000e+00
    outer loop
      vertex   1.780000e+01 3.760000e+01 1.500000e+00
      vertex   1.920000e+01 3.620000e+01 1.500000e+00
      vertex   1.780000e+01 3.760000e+01 0.000000e+00
    endloop
  endfacet
  facet normal 7.071068e-01 7.071068e-01 -5.980998e-18
    outer loop
      vertex   1.780000e+01 3.760000e+01 0.000000e+00
      vertex   1.920000e+01 3.620000e+01 1.500000e+00
      vertex   1.920000e+01 3.620000e+01 0.000000e+00
    endloop
  endfacet
  facet normal 5.460345e-01 -8.377599e-01 2.176093e-03
    outer loop
      vertex   4.656847e+00 3.757435e+01 -1.675655e+00
      vertex   4.541792e+00 3.750371e+01 0.000000e+00
      vertex   4.237022e+00 3.730000e+01 -1.950000e+00
    endloop
  endfacet
  facet normal 5.786633e-01 -8.155497e-01 -5.243723e-03
    outer loop
      vertex   4.237022e+00 3.730000e+01 -1.950000e+00
      vertex   4.541792e+00 3.750371e+01 0.000000e+00
      vertex   3.947316e+00 3.708190e+01 0.000000e+00
    endloop
  endfacet
  facet normal 6.014387e-01 -7.989189e-01 -1.490502e-18
    outer loop
      vertex   4.237022e+00 3.730000e+01 -1.950000e+00
      vertex   3.947316e+00 3.708190e+01 0.000000e+00
      vertex   3.947316e+00 3.708190e+01 -5.000000e+00
    endloop
  endfacet
  facet normal 6.663466e-01 -7.456422e-01 0.000000e+00
    outer loop
      vertex   3.947316e+00 3.708190e+01 -5.000000e+00
      vertex   3.947316e+00 3.708190e+01 0.000000e+00
      vertex   3.403806e+00 3.659619e+01 -5.000000e+00
    endloop
  endfacet
  facet normal 6.663466e-01 -7.456422e-01 0.000000e+00
    outer loop
      vertex   3.403806e+00 3.659619e+01 -5.000000e+00
      vertex   3.947316e+00 3.708190e+01 0.000000e+00
      vertex   3.403806e+00 3.659619e+01 0.000000e+00
    endloop
  endfacet
  facet normal 7.456422e-01 -6.663466e-01 0.000000e+00
    outer loop
      vertex   3.403806e+00 3.659619e+01 -5.000000e+00
      vertex   3.403806e+00 3.659619e+01 0.000000e+00
      vertex   2.918095e+00 3.605268e+01 -5.000000e+00
    endloop
  endfacet
  facet normal 7.456422e-01 -6.663466e-01 0.000000e+00
    outer loop
      vertex   2.918095e+00 3.605268e+01 -5.000000e+00
      vertex   3.403806e+00 3.659619e+01 0.000000e+00
      vertex   2.918095e+00 3.605268e+01 0.000000e+00
    endloop
  endfacet
  facet normal 8.155609e-01 -5.786713e-01 0.000000e+00
    outer loop
      vertex   2.918095e+00 3.605268e+01 -5.000000e+00
      vertex   2.918095e+00 3.605268e+01 0.000000e+00
      vertex   2.496293e+00 3.545821e+01 -5.000000e+00
    endloop
  endfacet
  facet normal 8.155609e-01 -5.786713e-01 0.000000e+00
    outer loop
      vertex   2.496293e+00 3.545821e+01 -5.000000e+00
      vertex   2.918095e+00 3.605268e+01 0.000000e+00
      vertex   2.496293e+00 3.545821e+01 0.000000e+00
    endloop
  endfacet
  facet normal 8.752234e-01 -4.837189e-01 0.000000e+00
    outer loop
      vertex   2.496293e+00 3.545821e+01 -5.000000e+00
      vertex   2.496293e+00 3.545821e+01 0.000000e+00
      vertex   2.143702e+00 3.482024e+01 -5.000000e+00
    endloop
  endfacet
  facet normal 8.752234e-01 -4.837189e-01 0.000000e+00
    outer loop
      vertex   2.143702e+00 3.482024e+01 -5.000000e+00
      vertex   2.496293e+00 3.545821e+01 0.000000e+00
      vertex   2.143702e+00 3.482024e+01 0.000000e+00
    endloop
  endfacet
  facet normal 9.238795e-01 -3.826834e-01 0.000000e+00
    outer loop
      vertex   2.143702e+00 3.482024e+01 -5.000000e+00
      vertex   2.143702e+00 3.482024e+01 0.000000e+00
      vertex   1.864758e+00 3.414681e+01 -5.000000e+00
    endloop
  endfacet
  facet normal 9.238795e-01 -3.826834e-01 -2.051425e-16
    outer loop
      vertex   1.864758e+00 3.414681e+01 -5.000000e+00
      vertex   2.143702e+00 3.482024e+01 0.000000e+00
      vertex   1.864758e+00 3.414681e+01 0.000000e+00
    endloop
  endfacet
  facet normal 9.609173e-01 -2.768355e-01 -2.133665e-16
    outer loop
      vertex   1.864758e+00 3.414681e+01 -5.000000e+00
      vertex   1.864758e+00 3.414681e+01 0.000000e+00
      vertex   1.662969e+00 3.344639e+01 -5.000000e+00
    endloop
  endfacet
  facet normal 9.609173e-01 -2.768355e-01 0.000000e+00
    outer loop
      vertex   1.662969e+00 3.344639e+01 -5.000000e+00
      vertex   1.864758e+00 3.414681e+01 0.000000e+00
      vertex   1.662969e+00 3.344639e+01 0.000000e+00
    endloop
  endfacet
  facet normal 9.858710e-01 -1.675062e-01 0.000000e+00
    outer loop
      vertex   1.662969e+00 3.344639e+01 -5.000000e+00
      vertex   1.662969e+00 3.344639e+01 0.000000e+00
      vertex   1.540871e+00 3.272777e+01 -5.000000e+00
    endloop
  endfacet
  facet normal 9.858710e-01 -1.675062e-01 0.000000e+00
    outer loop
      vertex   1.540871e+00 3.272777e+01 -5.000000e+00
      vertex   1.662969e+00 3.344639e+01 0.000000e+00
      vertex   1.540871e+00 3.272777e+01 0.000000e+00
    endloop
  endfacet
  facet normal 9.984268e-01 -5.607046e-02 0.000000e+00
    outer loop
      vertex   1.540871e+00 3.272777e+01 -5.000000e+00
      vertex   1.540871e+00 3.272777e+01 0.000000e+00
      vertex   1.500000e+00 3.200000e+01 -5.000000e+00
    endloop
  endfacet
  facet normal 9.984268e-01 -5.607046e-02 -8.867812e-16
    outer loop
      vertex   1.500000e+00 3.200000e+01 -5.000000e+00
      vertex   1.540871e+00 3.272777e+01 0.000000e+00
      vertex   1.500000e+00 3.200000e+01 0.000000e+00
    endloop
  endfacet
  facet normal 4.824609e-01 -8.759093e-01 -3.797252e-03
    outer loop
      vertex   4.656847e+00 3.757435e+01 -1.675655e+00
      vertex   5.096573e+00 3.781551e+01 -1.434494e+00
      vertex   4.541792e+00 3.750371e+01 0.000000e+00
    endloop
  endfacet
  facet normal 4.837165e-01 -8.752191e-01 -3.161634e-03
    outer loop
      vertex   4.541792e+00 3.750371e+01 0.000000e+00
      vertex   5.096573e+00 3.781551e+01 -1.434494e+00
      vertex   5.179756e+00 3.785630e+01 0.000000e+00
    endloop
  endfacet
  facet normal 4.110487e-01 -9.116110e-01 2.087040e-03
    outer loop
      vertex   5.179756e+00 3.785630e+01 0.000000e+00
      vertex   5.096573e+00 3.781551e+01 -1.434494e+00
      vertex   5.553584e+00 3.802205e+01 -1.227953e+00
    endloop
  endfacet
  facet normal 3.826705e-01 -9.238484e-01 -8.203981e-03
    outer loop
      vertex   5.179756e+00 3.785630e+01 0.000000e+00
      vertex   5.553584e+00 3.802205e+01 -1.227953e+00
      vertex   5.853186e+00 3.813524e+01 0.000000e+00
    endloop
  endfacet
  facet normal 3.390694e-01 -9.407529e-01 3.992323e-03
    outer loop
      vertex   5.853186e+00 3.813524e+01 0.000000e+00
      vertex   5.553584e+00 3.802205e+01 -1.227953e+00
      vertex   6.025158e+00 3.819274e+01 -1.057262e+00
    endloop
  endfacet
  facet normal 2.768283e-01 -9.608922e-01 -7.226907e-03
    outer loop
      vertex   5.853186e+00 3.813524e+01 0.000000e+00
      vertex   6.025158e+00 3.819274e+01 -1.057262e+00
      vertex   6.553614e+00 3.833703e+01 0.000000e+00
    endloop
  endfacet
  facet normal 2.673915e-01 -9.635856e-01 -2.142495e-03
    outer loop
      vertex   6.553614e+00 3.833703e+01 0.000000e+00
      vertex   6.025158e+00 3.819274e+01 -1.057262e+00
      vertex   6.508489e+00 3.832656e+01 -9.234374e-01
    endloop
  endfacet
  facet normal 1.914096e-01 -9.815086e-01 1.773655e-03
    outer loop
      vertex   6.553614e+00 3.833703e+01 0.000000e+00
      vertex   6.508489e+00 3.832656e+01 -9.234374e-01
      vertex   7.000699e+00 3.842273e+01 -8.272749e-01
    endloop
  endfacet
  facet normal 1.674949e-01 -9.858047e-01 -1.159556e-02
    outer loop
      vertex   6.553614e+00 3.833703e+01 0.000000e+00
      vertex   7.000699e+00 3.842273e+01 -8.272749e-01
      vertex   7.272231e+00 3.845913e+01 0.000000e+00
    endloop
  endfacet
  facet normal 1.148108e-01 -9.933691e-01 6.029550e-03
    outer loop
      vertex   7.272231e+00 3.845913e+01 0.000000e+00
      vertex   7.000699e+00 3.842273e+01 -8.272749e-01
      vertex   7.498858e+00 3.848065e+01 -7.693475e-01
    endloop
  endfacet
  facet normal 5.606677e-02 -9.983618e-01 -1.141435e-02
    outer loop
      vertex   7.272231e+00 3.845913e+01 0.000000e+00
      vertex   7.498858e+00 3.848065e+01 -7.693475e-01
      vertex   8.000000e+00 3.850000e+01 0.000000e+00
    endloop
  endfacet
  facet normal 3.857812e-02 -9.992556e-01 -6.796884e-09
    outer loop
      vertex   8.000000e+00 3.850000e+01 0.000000e+00
      vertex   7.498858e+00 3.848065e+01 -7.693475e-01
      vertex   8.000000e+00 3.850000e+01 -7.500000e-01
    endloop
  endfacet
  facet normal 6.014387e-01 -7.989189e-01 0.000000e+00
    outer loop
      vertex   4.237022e+00 3.730000e+01 -1.950000e+00
      vertex   3.947316e+00 3.708190e+01 -5.000000e+00
      vertex   4.237022e+00 3.730000e+01 -3.799999e+00
    endloop
  endfacet
  facet normal 5.786503e-01 -8.155313e-01 8.520852e-03
    outer loop
      vertex   4.237022e+00 3.730000e+01 -3.799999e+00
      vertex   3.947316e+00 3.708190e+01 -5.000000e+00
      vertex   4.541792e+00 3.750371e+01 -5.000000e+00
    endloop
  endfacet
  facet normal 5.452833e-01 -8.382432e-01 -3.808987e-03
    outer loop
      vertex   4.237022e+00 3.730000e+01 -3.799999e+00
      vertex   4.541792e+00 3.750371e+01 -5.000000e+00
      vertex   4.656847e+00 3.757435e+01 -4.074345e+00
    endloop
  endfacet
  facet normal 4.836642e-01 -8.752282e-01 6.672386e-03
    outer loop
      vertex   4.656847e+00 3.757435e+01 -4.074345e+00
      vertex   4.541792e+00 3.750371e+01 -5.000000e+00
      vertex   5.096573e+00 3.781551e+01 -4.315506e+00
    endloop
  endfacet
  facet normal 4.837083e-01 -8.752042e-01 6.625719e-03
    outer loop
      vertex   5.096573e+00 3.781551e+01 -4.315506e+00
      vertex   4.541792e+00 3.750371e+01 -5.000000e+00
      vertex   5.179756e+00 3.785630e+01 -5.000000e+00
    endloop
  endfacet
  facet normal 4.101360e-01 -9.120132e-01 -4.508687e-03
    outer loop
      vertex   5.096573e+00 3.781551e+01 -4.315506e+00
      vertex   5.179756e+00 3.785630e+01 -5.000000e+00
      vertex   5.553584e+00 3.802205e+01 -4.522046e+00
    endloop
  endfacet
  facet normal 3.825984e-01 -9.236744e-01 2.107361e-02
    outer loop
      vertex   5.553584e+00 3.802205e+01 -4.522046e+00
      vertex   5.179756e+00 3.785630e+01 -5.000000e+00
      vertex   5.853186e+00 3.813524e+01 -5.000000e+00
    endloop
  endfacet
  facet normal 3.364477e-01 -9.416243e-01 -1.210682e-02
    outer loop
      vertex   5.553584e+00 3.802205e+01 -4.522046e+00
      vertex   5.853186e+00 3.813524e+01 -5.000000e+00
      vertex   6.025158e+00 3.819274e+01 -4.692737e+00
    endloop
  endfacet
  facet normal 2.767499e-01 -9.606203e-01 2.486010e-02
    outer loop
      vertex   6.025158e+00 3.819274e+01 -4.692737e+00
      vertex   5.853186e+00 3.813524e+01 -5.000000e+00
      vertex   6.553614e+00 3.833703e+01 -5.000000e+00
    endloop
  endfacet
  facet normal 2.699362e-01 -9.628020e-01 1.211670e-02
    outer loop
      vertex   6.025158e+00 3.819274e+01 -4.692737e+00
      vertex   6.553614e+00 3.833703e+01 -5.000000e+00
      vertex   6.508489e+00 3.832656e+01 -4.826563e+00
    endloop
  endfacet
  facet normal 1.898791e-01 -9.817580e-01 -9.856752e-03
    outer loop
      vertex   6.508489e+00 3.832656e+01 -4.826563e+00
      vertex   6.553614e+00 3.833703e+01 -5.000000e+00
      vertex   7.000699e+00 3.842273e+01 -4.922725e+00
    endloop
  endfacet
  facet normal 1.662301e-01 -9.783605e-01 1.232000e-01
    outer loop
      vertex   7.000699e+00 3.842273e+01 -4.922725e+00
      vertex   6.553614e+00 3.833703e+01 -5.000000e+00
      vertex   7.272231e+00 3.845913e+01 -5.000000e+00
    endloop
  endfacet
  facet normal 1.028693e-01 -9.891862e-01 -1.045399e-01
    outer loop
      vertex   7.000699e+00 3.842273e+01 -4.922725e+00
      vertex   7.272231e+00 3.845913e+01 -5.000000e+00
      vertex   7.498858e+00 3.848065e+01 -4.980652e+00
    endloop
  endfacet
  facet normal 5.105671e-02 -9.091493e-01 4.133289e-01
    outer loop
      vertex   7.498858e+00 3.848065e+01 -4.980652e+00
      vertex   7.272231e+00 3.845913e+01 -5.000000e+00
      vertex   8.000000e+00 3.850000e+01 -5.000000e+00
    endloop
  endfacet
  facet normal 1.157650e-17 7.071068e-01 7.071068e-01
    outer loop
      vertex   4.237248e+00 2.699840e+00 -1.949840e+00
      vertex   4.657054e+00 2.425530e+00 -1.675530e+00
      vertex   1.780000e+01 2.699840e+00 -1.949840e+00
    endloop
  endfacet
  facet normal 1.847828e-17 7.071068e-01 7.071068e-01
    outer loop
      vertex   1.780000e+01 2.699840e+00 -1.949840e+00
      vertex   4.657054e+00 2.425530e+00 -1.675530e+00
      vertex   5.096758e+00 2.184401e+00 -1.434401e+00
    endloop
  endfacet
  facet normal -5.487350e-17 7.071068e-01 7.071068e-01
    outer loop
      vertex   1.780000e+01 2.699840e+00 -1.949840e+00
      vertex   5.096758e+00 2.184401e+00 -1.434401e+00
      vertex   5.553744e+00 1.977888e+00 -1.227888e+00
    endloop
  endfacet
  facet normal -7.772150e-17 7.071068e-01 7.071068e-01
    outer loop
      vertex   1.780000e+01 2.699840e+00 -1.949840e+00
      vertex   5.553744e+00 1.977888e+00 -1.227888e+00
      vertex   1.780000e+01 1.500000e+00 -7.500000e-01
    endloop
  endfacet
  facet normal -6.687159e-17 7.071068e-01 7.071068e-01
    outer loop
      vertex   1.780000e+01 1.500000e+00 -7.500000e-01
      vertex   5.553744e+00 1.977888e+00 -1.227888e+00
      vertex   6.025290e+00 1.807220e+00 -1.057220e+00
    endloop
  endfacet
  facet normal -7.302232e-17 7.071068e-01 7.071068e-01
    outer loop
      vertex   1.780000e+01 1.500000e+00 -7.500000e-01
      vertex   6.025290e+00 1.807220e+00 -1.057220e+00
      vertex   6.508590e+00 1.673414e+00 -9.234136e-01
    endloop
  endfacet
  facet normal 0.000000e+00 7.071068e-01 7.071068e-01
    outer loop
      vertex   1.780000e+01 1.500000e+00 -7.500000e-01
      vertex   6.508590e+00 1.673414e+00 -9.234136e-01
      vertex   8.000000e+00 1.500000e+00 -7.500000e-01
    endloop
  endfacet
  facet normal -1.294556e-15 7.071068e-01 7.071068e-01
    outer loop
      vertex   8.000000e+00 1.500000e+00 -7.500000e-01
      vertex   6.508590e+00 1.673414e+00 -9.234136e-01
      vertex   7.000767e+00 1.577264e+00 -8.272643e-01
    endloop
  endfacet
  facet normal -2.347447e-15 7.071068e-01 7.071068e-01
    outer loop
      vertex   8.000000e+00 1.500000e+00 -7.500000e-01
      vertex   7.000767e+00 1.577264e+00 -8.272643e-01
      vertex   7.498892e+00 1.519345e+00 -7.693449e-01
    endloop
  endfacet
  facet normal 0.000000e+00 1.000000e+00 1.480297e-15
    outer loop
      vertex   1.780000e+01 1.500000e+00 0.000000e+00
      vertex   1.780000e+01 1.500000e+00 -7.500000e-01
      vertex   8.000000e+00 1.500000e+00 0.000000e+00
    endloop
  endfacet
  facet normal 0.000000e+00 1.000000e+00 1.480297e-15
    outer loop
      vertex   8.000000e+00 1.500000e+00 0.000000e+00
      vertex   1.780000e+01 1.500000e+00 -7.500000e-01
      vertex   8.000000e+00 1.500000e+00 -7.500000e-01
    endloop
  endfacet
  facet normal -1.000000e+00 -1.235726e-15 -1.646997e-13
    outer loop
      vertex   4.050000e+01 -5.750000e+00 -1.500000e+00
      vertex   4.050000e+01 -5.376425e+00 -1.459661e+00
      vertex   4.050000e+01 0.000000e+00 -1.500000e+00
    endloop
  endfacet
  facet normal -1.000000e+00 0.000000e+00 0.000000e+00
    outer loop
      vertex   4.050000e+01 0.000000e+00 -1.500000e+00
      vertex   4.050000e+01 -5.376425e+00 -1.459661e+00
      vertex   4.050000e+01 -5.020071e+00 -1.340504e+00
    endloop
  endfacet
  facet normal -1.000000e+00 0.000000e+00 0.000000e+00
    outer loop
      vertex   4.050000e+01 0.000000e+00 -1.500000e+00
      vertex   4.050000e+01 -5.020071e+00 -1.340504e+00
      vertex   4.050000e+01 -4.697369e+00 -1.148023e+00
    endloop
  endfacet
  facet normal -1.000000e+00 0.000000e+00 0.000000e+00
    outer loop
      vertex   4.050000e+01 -4.697369e+00 -1.148023e+00
      vertex   4.050000e+01 -4.423195e+00 -8.910906e-01
      vertex   4.050000e+01 0.000000e+00 -1.500000e+00
    endloop
  endfacet
  facet normal -1.000000e+00 0.000000e+00 0.000000e+00
    outer loop
      vertex   4.050000e+01 0.000000e+00 -1.500000e+00
      vertex   4.050000e+01 -4.423195e+00 -8.910906e-01
      vertex   4.050000e+01 -4.210188e+00 -5.815522e-01
    endloop
  endfacet
  facet normal -1.000000e+00 0.000000e+00 0.000000e+00
    outer loop
      vertex   4.050000e+01 0.000000e+00 -1.500000e+00
      vertex   4.050000e+01 -4.210188e+00 -5.815522e-01
      vertex   4.050000e+01 -4.068169e+00 -2.336780e-01
    endloop
  endfacet
  facet normal -1.000000e+00 0.000000e+00 0.000000e+00
    outer loop
      vertex   4.050000e+01 -4.068169e+00 -2.336780e-01
      vertex   4.050000e+01 -4.003685e+00 1.364945e-01
      vertex   4.050000e+01 0.000000e+00 -1.500000e+00
    endloop
  endfacet
  facet normal -1.000000e+00 0.000000e+00 0.000000e+00
    outer loop
      vertex   4.050000e+01 0.000000e+00 -1.500000e+00
      vertex   4.050000e+01 -4.003685e+00 1.364945e-01
      vertex   4.050000e+01 0.000000e+00 1.500000e+00
    endloop
  endfacet
  facet normal -1.000000e+00 0.000000e+00 0.000000e+00
    outer loop
      vertex   4.050000e+01 0.000000e+00 1.500000e+00
      vertex   4.050000e+01 -4.003685e+00 1.364945e-01
      vertex   4.050000e+01 -4.019709e+00 5.118997e-01
    endloop
  endfacet
  facet normal -1.000000e+00 0.000000e+00 0.000000e+00
    outer loop
      vertex   4.050000e+01 0.000000e+00 1.500000e+00
      vertex   4.050000e+01 -4.019709e+00 5.118997e-01
      vertex   4.050000e+01 -4.115501e+00 8.752310e-01
    endloop
  endfacet
  facet normal -1.000000e+00 0.000000e+00 0.000000e+00
    outer loop
      vertex   4.050000e+01 -4.115501e+00 8.752310e-01
      vertex   4.050000e+01 -4.286647e+00 1.209738e+00
      vertex   4.050000e+01 0.000000e+00 1.500000e+00
    endloop
  endfacet
  facet normal -1.000000e+00 -0.000000e+00 0.000000e+00
    outer loop
      vertex   4.050000e+01 0.000000e+00 1.500000e+00
      vertex   4.050000e+01 -4.286647e+00 1.209738e+00
      vertex   4.050000e+01 -4.525255e+00 1.500000e+00
    endloop
  endfacet
  facet normal 1.000000e+00 -1.962715e-15 1.368617e-14
    outer loop
      vertex   1.500000e+00 -4.525255e+00 1.500000e+00
      vertex   1.500000e+00 -4.286647e+00 1.209738e+00
      vertex   1.500000e+00 0.000000e+00 1.500000e+00
    endloop
  endfacet
  facet normal 1.000000e+00 -1.001294e-15 -5.122967e-16
    outer loop
      vertex   1.500000e+00 0.000000e+00 1.500000e+00
      vertex   1.500000e+00 -4.286647e+00 1.209738e+00
      vertex   1.500000e+00 -4.115501e+00 8.752310e-01
    endloop
  endfacet
  facet normal 1.000000e+00 -1.037538e-15 -2.735480e-16
    outer loop
      vertex   1.500000e+00 0.000000e+00 1.500000e+00
      vertex   1.500000e+00 -4.115501e+00 8.752310e-01
      vertex   1.500000e+00 -4.019709e+00 5.118997e-01
    endloop
  endfacet
  facet normal 1.000000e+00 -1.093308e-15 -4.666636e-17
    outer loop
      vertex   1.500000e+00 -4.019709e+00 5.118997e-01
      vertex   1.500000e+00 -4.003685e+00 1.364945e-01
      vertex   1.500000e+00 0.000000e+00 1.500000e+00
    endloop
  endfacet
  facet normal 1.000000e+00 -7.311007e-16 -1.110223e-15
    outer loop
      vertex   1.500000e+00 0.000000e+00 1.500000e+00
      vertex   1.500000e+00 -4.003685e+00 1.364945e-01
      vertex   1.500000e+00 0.000000e+00 -1.500000e+00
    endloop
  endfacet
  facet normal 1.000000e+00 -2.588679e-16 4.509483e-17
    outer loop
      vertex   1.500000e+00 0.000000e+00 -1.500000e+00
      vertex   1.500000e+00 -4.003685e+00 1.364945e-01
      vertex   1.500000e+00 -4.068169e+00 -2.336780e-01
    endloop
  endfacet
  facet normal 1.000000e+00 -2.421349e-16 9.885115e-17
    outer loop
      vertex   1.500000e+00 0.000000e+00 -1.500000e+00
      vertex   1.500000e+00 -4.068169e+00 -2.336780e-01
      vertex   1.500000e+00 -4.210188e+00 -5.815522e-01
    endloop
  endfacet
  facet normal 1.000000e+00 -2.292802e-16 1.577776e-16
    outer loop
      vertex   1.500000e+00 -4.210188e+00 -5.815522e-01
      vertex   1.500000e+00 -4.423195e+00 -8.910906e-01
      vertex   1.500000e+00 0.000000e+00 -1.500000e+00
    endloop
  endfacet
  facet normal 1.000000e+00 -2.188509e-16 2.335373e-16
    outer loop
      vertex   1.500000e+00 0.000000e+00 -1.500000e+00
      vertex   1.500000e+00 -4.423195e+00 -8.910906e-01
      vertex   1.500000e+00 -4.697369e+00 -1.148023e+00
    endloop
  endfacet
  facet normal 1.000000e+00 -2.099724e-16 3.520265e-16
    outer loop
      vertex   1.500000e+00 0.000000e+00 -1.500000e+00
      vertex   1.500000e+00 -4.697369e+00 -1.148023e+00
      vertex   1.500000e+00 -5.020071e+00 -1.340504e+00
    endloop
  endfacet
  facet normal 1.000000e+00 -2.019666e-16 6.040061e-16
    outer loop
      vertex   1.500000e+00 -5.020071e+00 -1.340504e+00
      vertex   1.500000e+00 -5.376425e+00 -1.459661e+00
      vertex   1.500000e+00 0.000000e+00 -1.500000e+00
    endloop
  endfacet
  facet normal 1.000000e+00 -9.654113e-16 -1.011492e-13
    outer loop
      vertex   1.500000e+00 0.000000e+00 -1.500000e+00
      vertex   1.500000e+00 -5.376425e+00 -1.459661e+00
      vertex   1.500000e+00 -5.750000e+00 -1.500000e+00
    endloop
  endfacet
  facet normal 1.000000e+00 9.654113e-16 -1.011492e-13
    outer loop
      vertex   1.500000e+00 4.575000e+01 -1.500000e+00
      vertex   1.500000e+00 4.537642e+01 -1.459661e+00
      vertex   1.500000e+00 4.000000e+01 -1.500000e+00
    endloop
  endfacet
  facet normal 1.000000e+00 2.019666e-16 6.040061e-16
    outer loop
      vertex   1.500000e+00 4.000000e+01 -1.500000e+00
      vertex   1.500000e+00 4.537642e+01 -1.459661e+00
      vertex   1.500000e+00 4.502007e+01 -1.340504e+00
    endloop
  endfacet
  facet normal 1.000000e+00 2.099724e-16 3.520265e-16
    outer loop
      vertex   1.500000e+00 4.000000e+01 -1.500000e+00
      vertex   1.500000e+00 4.502007e+01 -1.340504e+00
      vertex   1.500000e+00 4.469737e+01 -1.148023e+00
    endloop
  endfacet
  facet normal 1.000000e+00 2.188509e-16 2.335373e-16
    outer loop
      vertex   1.500000e+00 4.469737e+01 -1.148023e+00
      vertex   1.500000e+00 4.442319e+01 -8.910906e-01
      vertex   1.500000e+00 4.000000e+01 -1.500000e+00
    endloop
  endfacet
  facet normal 1.000000e+00 2.292802e-16 1.577776e-16
    outer loop
      vertex   1.500000e+00 4.000000e+01 -1.500000e+00
      vertex   1.500000e+00 4.442319e+01 -8.910906e-01
      vertex   1.500000e+00 4.421019e+01 -5.815522e-01
    endloop
  endfacet
  facet normal 1.000000e+00 2.421349e-16 9.885116e-17
    outer loop
      vertex   1.500000e+00 4.000000e+01 -1.500000e+00
      vertex   1.500000e+00 4.421019e+01 -5.815522e-01
      vertex   1.500000e+00 4.406817e+01 -2.336781e-01
    endloop
  endfacet
  facet normal 1.000000e+00 2.588679e-16 4.509483e-17
    outer loop
      vertex   1.500000e+00 4.406817e+01 -2.336781e-01
      vertex   1.500000e+00 4.400368e+01 1.364944e-01
      vertex   1.500000e+00 4.000000e+01 -1.500000e+00
    endloop
  endfacet
  facet normal 1.000000e+00 7.311007e-16 -1.110223e-15
    outer loop
      vertex   1.500000e+00 4.000000e+01 -1.500000e+00
      vertex   1.500000e+00 4.400368e+01 1.364944e-01
      vertex   1.500000e+00 4.000000e+01 1.500000e+00
    endloop
  endfacet
  facet normal 1.000000e+00 1.093308e-15 -4.666634e-17
    outer loop
      vertex   1.500000e+00 4.000000e+01 1.500000e+00
      vertex   1.500000e+00 4.400368e+01 1.364944e-01
      vertex   1.500000e+00 4.401971e+01 5.118997e-01
    endloop
  endfacet
  facet normal 1.000000e+00 1.037538e-15 -2.735480e-16
    outer loop
      vertex   1.500000e+00 4.000000e+01 1.500000e+00
      vertex   1.500000e+00 4.401971e+01 5.118997e-01
      vertex   1.500000e+00 4.411550e+01 8.752310e-01
    endloop
  endfacet
  facet normal 1.000000e+00 1.001294e-15 -5.122967e-16
    outer loop
      vertex   1.500000e+00 4.411550e+01 8.752310e-01
      vertex   1.500000e+00 4.428665e+01 1.209738e+00
      vertex   1.500000e+00 4.000000e+01 1.500000e+00
    endloop
  endfacet
  facet normal 1.000000e+00 1.962715e-15 1.368617e-14
    outer loop
      vertex   1.500000e+00 4.000000e+01 1.500000e+00
      vertex   1.500000e+00 4.428665e+01 1.209738e+00
      vertex   1.500000e+00 4.452526e+01 1.500000e+00
    endloop
  endfacet
  facet normal -1.000000e+00 -0.000000e+00 0.000000e+00
    outer loop
      vertex   4.050000e+01 4.452526e+01 1.500000e+00
      vertex   4.050000e+01 4.428665e+01 1.209738e+00
      vertex   4.050000e+01 4.000000e+01 1.500000e+00
    endloop
  endfacet
  facet normal -1.000000e+00 0.000000e+00 0.000000e+00
    outer loop
      vertex   4.050000e+01 4.000000e+01 1.500000e+00
      vertex   4.050000e+01 4.428665e+01 1.209738e+00
      vertex   4.050000e+01 4.411550e+01 8.752310e-01
    endloop
  endfacet
  facet normal -1.000000e+00 0.000000e+00 0.000000e+00
    outer loop
      vertex   4.050000e+01 4.000000e+01 1.500000e+00
      vertex   4.050000e+01 4.411550e+01 8.752310e-01
      vertex   4.050000e+01 4.401971e+01 5.118997e-01
    endloop
  endfacet
  facet normal -1.000000e+00 -0.000000e+00 0.000000e+00
    outer loop
      vertex   4.050000e+01 4.401971e+01 5.118997e-01
      vertex   4.050000e+01 4.400368e+01 1.364944e-01
      vertex   4.050000e+01 4.000000e+01 1.500000e+00
    endloop
  endfacet
  facet normal -1.000000e+00 0.000000e+00 0.000000e+00
    outer loop
      vertex   4.050000e+01 4.000000e+01 1.500000e+00
      vertex   4.050000e+01 4.400368e+01 1.364944e-01
      vertex   4.050000e+01 4.000000e+01 -1.500000e+00
    endloop
  endfacet
  facet normal -1.000000e+00 0.000000e+00 0.000000e+00
    outer loop
      vertex   4.050000e+01 4.000000e+01 -1.500000e+00
      vertex   4.050000e+01 4.400368e+01 1.364944e-01
      vertex   4.050000e+01 4.406817e+01 -2.336781e-01
    endloop
  endfacet
  facet normal -1.000000e+00 0.000000e+00 0.000000e+00
    outer loop
      vertex   4.050000e+01 4.000000e+01 -1.500000e+00
      vertex   4.050000e+01 4.406817e+01 -2.336781e-01
      vertex   4.050000e+01 4.421019e+01 -5.815522e-01
    endloop
  endfacet
  facet normal -1.000000e+00 0.000000e+00 -0.000000e+00
    outer loop
      vertex   4.050000e+01 4.421019e+01 -5.815522e-01
      vertex   4.050000e+01 4.442319e+01 -8.910906e-01
      vertex   4.050000e+01 4.000000e+01 -1.500000e+00
    endloop
  endfacet
  facet normal -1.000000e+00 0.000000e+00 0.000000e+00
    outer loop
      vertex   4.050000e+01 4.000000e+01 -1.500000e+00
      vertex   4.050000e+01 4.442319e+01 -8.910906e-01
      vertex   4.050000e+01 4.469737e+01 -1.148023e+00
    endloop
  endfacet
  facet normal -1.000000e+00 0.000000e+00 0.000000e+00
    outer loop
      vertex   4.050000e+01 4.000000e+01 -1.500000e+00
      vertex   4.050000e+01 4.469737e+01 -1.148023e+00
      vertex   4.050000e+01 4.502007e+01 -1.340504e+00
    endloop
  endfacet
  facet normal -1.000000e+00 0.000000e+00 -0.000000e+00
    outer loop
      vertex   4.050000e+01 4.502007e+01 -1.340504e+00
      vertex   4.050000e+01 4.537642e+01 -1.459661e+00
      vertex   4.050000e+01 4.000000e+01 -1.500000e+00
    endloop
  endfacet
  facet normal -1.000000e+00 1.235726e-15 -1.646997e-13
    outer loop
      vertex   4.050000e+01 4.000000e+01 -1.500000e+00
      vertex   4.050000e+01 4.537642e+01 -1.459661e+00
      vertex   4.050000e+01 4.575000e+01 -1.500000e+00
    endloop
  endfacet
  facet normal 0.000000e+00 0.000000e+00 -1.000000e+00
    outer loop
      vertex   1.500000e+00 -5.750000e+00 -1.500000e+00
      vertex   5.000000e-01 -5.750000e+00 -1.500000e+00
      vertex   1.500000e+00 0.000000e+00 -1.500000e+00
    endloop
  endfacet
  facet normal -0.000000e+00 0.000000e+00 -1.000000e+00
    outer loop
      vertex   1.500000e+00 0.000000e+00 -1.500000e+00
      vertex   5.000000e-01 -5.750000e+00 -1.500000e+00
      vertex   5.000000e-01 5.216118e+00 -1.500000e+00
    endloop
  endfacet
  facet normal 0.000000e+00 0.000000e+00 -1.000000e+00
    outer loop
      vertex   1.500000e+00 0.000000e+00 -1.500000e+00
      vertex   5.000000e-01 5.216118e+00 -1.500000e+00
      vertex   8.199075e-01 4.472073e+00 -1.500000e+00
    endloop
  endfacet
  facet normal 0.000000e+00 0.000000e+00 -1.000000e+00
    outer loop
      vertex   8.199075e-01 4.472073e+00 -1.500000e+00
      vertex   1.213405e+00 3.764185e+00 -1.500000e+00
      vertex   1.500000e+00 0.000000e+00 -1.500000e+00
    endloop
  endfacet
  facet normal 0.000000e+00 0.000000e+00 -1.000000e+00
    outer loop
      vertex   1.500000e+00 0.000000e+00 -1.500000e+00
      vertex   1.213405e+00 3.764185e+00 -1.500000e+00
      vertex   1.676459e+00 3.099712e+00 -1.500000e+00
    endloop
  endfacet
  facet normal 0.000000e+00 0.000000e+00 -1.000000e+00
    outer loop
      vertex   1.500000e+00 0.000000e+00 -1.500000e+00
      vertex   1.676459e+00 3.099712e+00 -1.500000e+00
      vertex   2.204323e+00 2.485462e+00 -1.500000e+00
    endloop
  endfacet
  facet normal 0.000000e+00 -0.000000e+00 -1.000000e+00
    outer loop
      vertex   2.204323e+00 2.485462e+00 -1.500000e+00
      vertex   2.791589e+00 1.927731e+00 -1.500000e+00
      vertex   1.500000e+00 0.000000e+00 -1.500000e+00
    endloop
  endfacet
  facet normal 0.000000e+00 0.000000e+00 -1.000000e+00
    outer loop
      vertex   1.500000e+00 0.000000e+00 -1.500000e+00
      vertex   2.791589e+00 1.927731e+00 -1.500000e+00
      vertex   3.432236e+00 1.432236e+00 -1.500000e+00
    endloop
  endfacet
  facet normal 0.000000e+00 0.000000e+00 -1.000000e+00
    outer loop
      vertex   1.500000e+00 0.000000e+00 -1.500000e+00
      vertex   3.432236e+00 1.432236e+00 -1.500000e+00
      vertex   4.119698e+00 1.004054e+00 -1.500000e+00
    endloop
  endfacet
  facet normal 0.000000e+00 -0.000000e+00 -1.000000e+00
    outer loop
      vertex   4.119698e+00 1.004054e+00 -1.500000e+00
      vertex   4.846931e+00 6.475750e-01 -1.500000e+00
      vertex   1.500000e+00 0.000000e+00 -1.500000e+00
    endloop
  endfacet
  facet normal 0.000000e+00 0.000000e+00 -1.000000e+00
    outer loop
      vertex   1.500000e+00 0.000000e+00 -1.500000e+00
      vertex   4.846931e+00 6.475750e-01 -1.500000e+00
      vertex   5.606479e+00 3.664518e-01 -1.500000e+00
    endloop
  endfacet
  facet normal 0.000000e+00 0.000000e+00 -1.000000e+00
    outer loop
      vertex   1.500000e+00 0.000000e+00 -1.500000e+00
      vertex   5.606479e+00 3.664518e-01 -1.500000e+00
      vertex   6.390559e+00 1.635659e-01 -1.500000e+00
    endloop
  endfacet
  facet normal 0.000000e+00 -0.000000e+00 -1.000000e+00
    outer loop
      vertex   6.390559e+00 1.635659e-01 -1.500000e+00
      vertex   7.191134e+00 4.099651e-02 -1.500000e+00
      vertex   1.500000e+00 0.000000e+00 -1.500000e+00
    endloop
  endfacet
  facet normal 0.000000e+00 0.000000e+00 -1.000000e+00
    outer loop
      vertex   1.500000e+00 0.000000e+00 -1.500000e+00
      vertex   7.191134e+00 4.099651e-02 -1.500000e+00
      vertex   8.000000e+00 0.000000e+00 -1.500000e+00
    endloop
  endfacet
  facet normal -0.000000e+00 0.000000e+00 -1.000000e+00
    outer loop
      vertex   8.199075e-01 3.552793e+01 -1.500000e+00
      vertex   5.000000e-01 3.478388e+01 -1.500000e+00
      vertex   1.500000e+00 4.000000e+01 -1.500000e+00
    endloop
  endfacet
  facet normal -0.000000e+00 0.000000e+00 -1.000000e+00
    outer loop
      vertex   1.500000e+00 4.000000e+01 -1.500000e+00
      vertex   5.000000e-01 3.478388e+01 -1.500000e+00
      vertex   5.000000e-01 4.575000e+01 -1.500000e+00
    endloop
  endfacet
  facet normal 0.000000e+00 0.000000e+00 -1.000000e+00
    outer loop
      vertex   1.500000e+00 4.000000e+01 -1.500000e+00
      vertex   5.000000e-01 4.575000e+01 -1.500000e+00
      vertex   1.500000e+00 4.575000e+01 -1.500000e+00
    endloop
  endfacet
  facet normal -0.000000e+00 0.000000e+00 -1.000000e+00
    outer loop
      vertex   8.000000e+00 4.000000e+01 -1.500000e+00
      vertex   7.191134e+00 3.995900e+01 -1.500000e+00
      vertex   1.500000e+00 4.000000e+01 -1.500000e+00
    endloop
  endfacet
  facet normal 0.000000e+00 0.000000e+00 -1.000000e+00
    outer loop
      vertex   1.500000e+00 4.000000e+01 -1.500000e+00
      vertex   7.191134e+00 3.995900e+01 -1.500000e+00
      vertex   6.390559e+00 3.983643e+01 -1.500000e+00
    endloop
  endfacet
  facet normal 0.000000e+00 0.000000e+00 -1.000000e+00
    outer loop
      vertex   1.500000e+00 4.000000e+01 -1.500000e+00
      vertex   6.390559e+00 3.983643e+01 -1.500000e+00
      vertex   5.606479e+00 3.963355e+01 -1.500000e+00
    endloop
  endfacet
  facet normal -0.000000e+00 0.000000e+00 -1.000000e+00
    outer loop
      vertex   5.606479e+00 3.963355e+01 -1.500000e+00
      vertex   4.846931e+00 3.935242e+01 -1.500000e+00
      vertex   1.500000e+00 4.000000e+01 -1.500000e+00
    endloop
  endfacet
  facet normal 0.000000e+00 0.000000e+00 -1.000000e+00
    outer loop
      vertex   1.500000e+00 4.000000e+01 -1.500000e+00
      vertex   4.846931e+00 3.935242e+01 -1.500000e+00
      vertex   4.119698e+00 3.899595e+01 -1.500000e+00
    endloop
  endfacet
  facet normal 0.000000e+00 0.000000e+00 -1.000000e+00
    outer loop
      vertex   1.500000e+00 4.000000e+01 -1.500000e+00
      vertex   4.119698e+00 3.899595e+01 -1.500000e+00
      vertex   3.432236e+00 3.856776e+01 -1.500000e+00
    endloop
  endfacet
  facet normal -0.000000e+00 0.000000e+00 -1.000000e+00
    outer loop
      vertex   3.432236e+00 3.856776e+01 -1.500000e+00
      vertex   2.791589e+00 3.807227e+01 -1.500000e+00
      vertex   1.500000e+00 4.000000e+01 -1.500000e+00
    endloop
  endfacet
  facet normal 0.000000e+00 0.000000e+00 -1.000000e+00
    outer loop
      vertex   1.500000e+00 4.000000e+01 -1.500000e+00
      vertex   2.791589e+00 3.807227e+01 -1.500000e+00
      vertex   2.204323e+00 3.751454e+01 -1.500000e+00
    endloop
  endfacet
  facet normal 0.000000e+00 0.000000e+00 -1.000000e+00
    outer loop
      vertex   1.500000e+00 4.000000e+01 -1.500000e+00
      vertex   2.204323e+00 3.751454e+01 -1.500000e+00
      vertex   1.676459e+00 3.690029e+01 -1.500000e+00
    endloop
  endfacet
  facet normal -0.000000e+00 0.000000e+00 -1.000000e+00
    outer loop
      vertex   1.676459e+00 3.690029e+01 -1.500000e+00
      vertex   1.213405e+00 3.623581e+01 -1.500000e+00
      vertex   1.500000e+00 4.000000e+01 -1.500000e+00
    endloop
  endfacet
  facet normal 0.000000e+00 0.000000e+00 -1.000000e+00
    outer loop
      vertex   1.500000e+00 4.000000e+01 -1.500000e+00
      vertex   1.213405e+00 3.623581e+01 -1.500000e+00
      vertex   8.199075e-01 3.552793e+01 -1.500000e+00
    endloop
  endfacet
  facet normal 0.000000e+00 -1.000000e+00 0.000000e+00
    outer loop
      vertex   8.000000e+00 0.000000e+00 -4.500000e+00
      vertex   1.780000e+01 0.000000e+00 -4.500000e+00
      vertex   8.000000e+00 0.000000e+00 -1.500000e+00
    endloop
  endfacet
  facet normal 0.000000e+00 -1.000000e+00 0.000000e+00
    outer loop
      vertex   8.000000e+00 0.000000e+00 -1.500000e+00
      vertex   1.780000e+01 0.000000e+00 -4.500000e+00
      vertex   1.780000e+01 0.000000e+00 1.500000e+00
    endloop
  endfacet
  facet normal 0.000000e+00 -1.000000e+00 0.000000e+00
    outer loop
      vertex   8.000000e+00 0.000000e+00 -1.500000e+00
      vertex   1.780000e+01 0.000000e+00 1.500000e+00
      vertex   1.500000e+00 0.000000e+00 1.500000e+00
    endloop
  endfacet
  facet normal 0.000000e+00 -1.000000e+00 -0.000000e+00
    outer loop
      vertex   1.500000e+00 0.000000e+00 1.500000e+00
      vertex   1.500000e+00 0.000000e+00 -1.500000e+00
      vertex   8.000000e+00 0.000000e+00 -1.500000e+00
    endloop
  endfacet
  facet normal 0.000000e+00 0.000000e+00 -1.000000e+00
    outer loop
      vertex   4.150000e+01 4.000000e+01 -1.500000e+00
      vertex   4.050000e+01 4.000000e+01 -1.500000e+00
      vertex   4.150000e+01 4.575000e+01 -1.500000e+00
    endloop
  endfacet
  facet normal -0.000000e+00 0.000000e+00 -1.000000e+00
    outer loop
      vertex   4.150000e+01 4.575000e+01 -1.500000e+00
      vertex   4.050000e+01 4.000000e+01 -1.500000e+00
      vertex   4.050000e+01 4.575000e+01 -1.500000e+00
    endloop
  endfacet
  facet normal 1.000000e+00 4.625929e-17 -8.881784e-16
    outer loop
      vertex   1.500000e+00 3.200000e+01 0.000000e+00
      vertex   1.500000e+00 8.000000e+00 0.000000e+00
      vertex   1.500000e+00 3.200000e+01 -5.000000e+00
    endloop
  endfacet
  facet normal 1.000000e+00 3.700743e-16 6.661338e-16
    outer loop
      vertex   1.500000e+00 3.200000e+01 -5.000000e+00
      vertex   1.500000e+00 8.000000e+00 0.000000e+00
      vertex   1.500000e+00 8.000000e+00 -5.000000e+00
    endloop
  endfacet
  facet normal -5.061899e-02 9.987180e-01 5.994492e-17
    outer loop
      vertex   8.000000e+00 4.000000e+01 -1.500000e+00
      vertex   8.000000e+00 4.000000e+01 -4.500000e+00
      vertex   7.191134e+00 3.995900e+01 -1.500000e+00
    endloop
  endfacet
  facet normal -5.233595e-02 9.986294e-01 -4.641414e-04
    outer loop
      vertex   7.191134e+00 3.995900e+01 -1.500000e+00
      vertex   8.000000e+00 4.000000e+01 -4.500000e+00
      vertex   7.163772e+00 3.995618e+01 -4.500000e+00
    endloop
  endfacet
  facet normal -1.513381e-01 9.884819e-01 4.483966e-04
    outer loop
      vertex   7.191134e+00 3.995900e+01 -1.500000e+00
      vertex   7.163772e+00 3.995618e+01 -4.500000e+00
      vertex   6.390559e+00 3.983643e+01 -1.500000e+00
    endloop
  endfacet
  facet normal -1.564344e-01 9.876879e-01 -8.967916e-04
    outer loop
      vertex   6.390559e+00 3.983643e+01 -1.500000e+00
      vertex   7.163772e+00 3.995618e+01 -4.500000e+00
      vertex   6.336706e+00 3.982518e+01 -4.500000e+00
    endloop
  endfacet
  facet normal -2.505062e-01 9.681146e-01 8.652995e-04
    outer loop
      vertex   6.390559e+00 3.983643e+01 -1.500000e+00
      vertex   6.336706e+00 3.982518e+01 -4.500000e+00
      vertex   5.606479e+00 3.963355e+01 -1.500000e+00
    endloop
  endfacet
  facet normal -2.588188e-01 9.659250e-01 -1.297945e-03
    outer loop
      vertex   5.606479e+00 3.963355e+01 -1.500000e+00
      vertex   6.336706e+00 3.982518e+01 -4.500000e+00
      vertex   5.527864e+00 3.960845e+01 -4.500000e+00
    endloop
  endfacet
  facet normal -3.471066e-01 9.378248e-01 1.250704e-03
    outer loop
      vertex   5.606479e+00 3.963355e+01 -1.500000e+00
      vertex   5.527864e+00 3.960845e+01 -4.500000e+00
      vertex   4.846931e+00 3.935242e+01 -1.500000e+00
    endloop
  endfacet
  facet normal -3.583675e-01 9.335791e-01 -1.667598e-03
    outer loop
      vertex   4.846931e+00 3.935242e+01 -1.500000e+00
      vertex   5.527864e+00 3.960845e+01 -4.500000e+00
      vertex   4.746107e+00 3.930836e+01 -4.500000e+00
    endloop
  endfacet
  facet normal -4.401494e-01 8.979231e-01 1.604604e-03
    outer loop
      vertex   4.846931e+00 3.935242e+01 -1.500000e+00
      vertex   4.746107e+00 3.930836e+01 -4.500000e+00
      vertex   4.119698e+00 3.899595e+01 -1.500000e+00
    endloop
  endfacet
  facet normal -4.539896e-01 8.910047e-01 -2.005745e-03
    outer loop
      vertex   4.119698e+00 3.899595e+01 -1.500000e+00
      vertex   4.746107e+00 3.930836e+01 -4.500000e+00
      vertex   4.000000e+00 3.892820e+01 -4.500000e+00
    endloop
  endfacet
  facet normal -5.286809e-01 8.488185e-01 1.926997e-03
    outer loop
      vertex   4.119698e+00 3.899595e+01 -1.500000e+00
      vertex   4.000000e+00 3.892820e+01 -4.500000e+00
      vertex   3.432236e+00 3.856776e+01 -1.500000e+00
    endloop
  endfacet
  facet normal -5.446376e-01 8.386683e-01 -2.312382e-03
    outer loop
      vertex   3.432236e+00 3.856776e+01 -1.500000e+00
      vertex   4.000000e+00 3.892820e+01 -4.500000e+00
      vertex   3.297718e+00 3.847214e+01 -4.500000e+00
    endloop
  endfacet
  facet normal -6.117938e-01 7.910142e-01 2.217879e-03
    outer loop
      vertex   3.432236e+00 3.856776e+01 -1.500000e+00
      vertex   3.297718e+00 3.847214e+01 -4.500000e+00
      vertex   2.791589e+00 3.807227e+01 -1.500000e+00
    endloop
  endfacet
  facet normal -6.293183e-01 7.771434e-01 -2.587506e-03
    outer loop
      vertex   2.791589e+00 3.807227e+01 -1.500000e+00
      vertex   3.297718e+00 3.847214e+01 -4.500000e+00
      vertex   2.646955e+00 3.794516e+01 -4.500000e+00
    endloop
  endfacet
  facet normal -6.886362e-01 7.251028e-01 2.477246e-03
    outer loop
      vertex   2.791589e+00 3.807227e+01 -1.500000e+00
      vertex   2.646955e+00 3.794516e+01 -4.500000e+00
      vertex   2.204323e+00 3.751454e+01 -1.500000e+00
    endloop
  endfacet
  facet normal -7.071039e-01 7.071039e-01 -2.831114e-03
    outer loop
      vertex   2.204323e+00 3.751454e+01 -1.500000e+00
      vertex   2.646955e+00 3.794516e+01 -4.500000e+00
      vertex   2.054841e+00 3.735304e+01 -4.500000e+00
    endloop
  endfacet
  facet normal -7.584206e-01 6.517598e-01 2.705095e-03
    outer loop
      vertex   2.204323e+00 3.751454e+01 -1.500000e+00
      vertex   2.054841e+00 3.735304e+01 -4.500000e+00
      vertex   1.676459e+00 3.690029e+01 -1.500000e+00
    endloop
  endfacet
  facet normal -7.771424e-01 6.293175e-01 -3.043204e-03
    outer loop
      vertex   1.676459e+00 3.690029e+01 -1.500000e+00
      vertex   2.054841e+00 3.735304e+01 -4.500000e+00
      vertex   1.527864e+00 3.670228e+01 -4.500000e+00
    endloop
  endfacet
  facet normal -8.204319e-01 5.717370e-01 2.901424e-03
    outer loop
      vertex   1.676459e+00 3.690029e+01 -1.500000e+00
      vertex   1.527864e+00 3.670228e+01 -4.500000e+00
      vertex   1.213405e+00 3.623581e+01 -1.500000e+00
    endloop
  endfacet
  facet normal -8.386662e-01 5.446362e-01 -3.223771e-03
    outer loop
      vertex   1.213405e+00 3.623581e+01 -1.500000e+00
      vertex   1.527864e+00 3.670228e+01 -4.500000e+00
      vertex   1.071797e+00 3.600000e+01 -4.500000e+00
    endloop
  endfacet
  facet normal -8.740344e-01 4.858544e-01 3.066231e-03
    outer loop
      vertex   1.213405e+00 3.623581e+01 -1.500000e+00
      vertex   1.071797e+00 3.600000e+01 -4.500000e+00
      vertex   8.199075e-01 3.552793e+01 -1.500000e+00
    endloop
  endfacet
  facet normal -8.910015e-01 4.539879e-01 -3.372816e-03
    outer loop
      vertex   8.199075e-01 3.552793e+01 -1.500000e+00
      vertex   1.071797e+00 3.600000e+01 -4.500000e+00
      vertex   6.916363e-01 3.525389e+01 -4.500000e+00
    endloop
  endfacet
  facet normal -9.186788e-01 3.949924e-01 3.199513e-03
    outer loop
      vertex   8.199075e-01 3.552793e+01 -1.500000e+00
      vertex   6.916363e-01 3.525389e+01 -4.500000e+00
      vertex   5.000000e-01 3.478388e+01 -1.500000e+00
    endloop
  endfacet
  facet normal -9.335747e-01 3.583658e-01 -3.490335e-03
    outer loop
      vertex   5.000000e-01 3.478388e+01 -1.500000e+00
      vertex   6.916363e-01 3.525389e+01 -4.500000e+00
      vertex   3.915479e-01 3.447214e+01 -4.500000e+00
    endloop
  endfacet
  facet normal -9.450561e-01 3.269080e-01 1.936729e-04
    outer loop
      vertex   5.000000e-01 3.478388e+01 -1.500000e+00
      vertex   3.915479e-01 3.447214e+01 -4.500000e+00
      vertex   3.863198e-01 3.445524e+01 -1.487091e+00
    endloop
  endfacet
  facet normal -9.584894e-01 2.851281e-01 -6.397306e-05
    outer loop
      vertex   3.863198e-01 3.445524e+01 -1.487091e+00
      vertex   3.915479e-01 3.447214e+01 -4.500000e+00
      vertex   2.846247e-01 3.411339e+01 -1.451405e+00
    endloop
  endfacet
  facet normal -9.659202e-01 2.588175e-01 -3.420742e-03
    outer loop
      vertex   2.846247e-01 3.411339e+01 -1.451405e+00
      vertex   3.915479e-01 3.447214e+01 -4.500000e+00
      vertex   1.748192e-01 3.366329e+01 -4.500000e+00
    endloop
  endfacet
  facet normal -9.752519e-01 2.210828e-01 2.486501e-03
    outer loop
      vertex   2.846247e-01 3.411339e+01 -1.451405e+00
      vertex   1.748192e-01 3.366329e+01 -4.500000e+00
      vertex   1.243232e-01 3.340489e+01 -1.329950e+00
    endloop
  endfacet
  facet normal -9.876840e-01 1.564338e-01 -2.981338e-03
    outer loop
      vertex   1.243232e-01 3.340489e+01 -1.329950e+00
      vertex   1.748192e-01 3.366329e+01 -4.500000e+00
      vertex   4.382484e-02 3.283623e+01 -4.500000e+00
    endloop
  endfacet
  facet normal -9.914083e-01 1.307920e-01 1.713000e-03
    outer loop
      vertex   1.243232e-01 3.340489e+01 -1.329950e+00
      vertex   4.382484e-02 3.283623e+01 -4.500000e+00
      vertex   3.015936e-02 3.268903e+01 -1.170042e+00
    endloop
  endfacet
  facet normal -9.986279e-01 5.233587e-02 -1.784710e-03
    outer loop
      vertex   3.015936e-02 3.268903e+01 -1.170042e+00
      vertex   4.382484e-02 3.283623e+01 -4.500000e+00
      vertex   0.000000e+00 3.200000e+01 -4.500000e+00
    endloop
  endfacet
  facet normal -9.990434e-01 4.372888e-02 2.331560e-19
    outer loop
      vertex   3.015936e-02 3.268903e+01 -1.170042e+00
      vertex   0.000000e+00 3.200000e+01 -4.500000e+00
      vertex   -1.592102e-31 3.200000e+01 -1.000000e+00
    endloop
  endfacet
  facet normal -9.990434e-01 -4.372888e-02 -2.219374e-17
    outer loop
      vertex   -2.174161e-31 8.000000e+00 -1.000000e+00
      vertex   0.000000e+00 8.000000e+00 -4.500000e+00
      vertex   3.015936e-02 7.310970e+00 -1.170042e+00
    endloop
  endfacet
  facet normal -9.986279e-01 -5.233587e-02 -1.784710e-03
    outer loop
      vertex   3.015936e-02 7.310970e+00 -1.170042e+00
      vertex   0.000000e+00 8.000000e+00 -4.500000e+00
      vertex   4.382484e-02 7.163772e+00 -4.500000e+00
    endloop
  endfacet
  facet normal -9.914083e-01 -1.307920e-01 1.713000e-03
    outer loop
      vertex   3.015936e-02 7.310970e+00 -1.170042e+00
      vertex   4.382484e-02 7.163772e+00 -4.500000e+00
      vertex   1.243232e-01 6.595110e+00 -1.329950e+00
    endloop
  endfacet
  facet normal -9.876840e-01 -1.564338e-01 -2.981338e-03
    outer loop
      vertex   1.243232e-01 6.595110e+00 -1.329950e+00
      vertex   4.382484e-02 7.163772e+00 -4.500000e+00
      vertex   1.748192e-01 6.336706e+00 -4.500000e+00
    endloop
  endfacet
  facet normal -9.752519e-01 -2.210828e-01 2.486501e-03
    outer loop
      vertex   1.243232e-01 6.595110e+00 -1.329950e+00
      vertex   1.748192e-01 6.336706e+00 -4.500000e+00
      vertex   2.846247e-01 5.886614e+00 -1.451405e+00
    endloop
  endfacet
  facet normal -9.659202e-01 -2.588175e-01 -3.420742e-03
    outer loop
      vertex   2.846247e-01 5.886614e+00 -1.451405e+00
      vertex   1.748192e-01 6.336706e+00 -4.500000e+00
      vertex   3.915479e-01 5.527864e+00 -4.500000e+00
    endloop
  endfacet
  facet normal -9.584894e-01 -2.851281e-01 -6.397306e-05
    outer loop
      vertex   2.846247e-01 5.886614e+00 -1.451405e+00
      vertex   3.915479e-01 5.527864e+00 -4.500000e+00
      vertex   3.863198e-01 5.544763e+00 -1.487091e+00
    endloop
  endfacet
  facet normal -9.450561e-01 -3.269080e-01 1.936729e-04
    outer loop
      vertex   3.863198e-01 5.544763e+00 -1.487091e+00
      vertex   3.915479e-01 5.527864e+00 -4.500000e+00
      vertex   5.000000e-01 5.216118e+00 -1.500000e+00
    endloop
  endfacet
  facet normal -9.335747e-01 -3.583658e-01 -3.490335e-03
    outer loop
      vertex   5.000000e-01 5.216118e+00 -1.500000e+00
      vertex   3.915479e-01 5.527864e+00 -4.500000e+00
      vertex   6.916363e-01 4.746107e+00 -4.500000e+00
    endloop
  endfacet
  facet normal -9.186788e-01 -3.949924e-01 3.199513e-03
    outer loop
      vertex   5.000000e-01 5.216118e+00 -1.500000e+00
      vertex   6.916363e-01 4.746107e+00 -4.500000e+00
      vertex   8.199075e-01 4.472073e+00 -1.500000e+00
    endloop
  endfacet
  facet normal -8.910015e-01 -4.539879e-01 -3.372816e-03
    outer loop
      vertex   8.199075e-01 4.472073e+00 -1.500000e+00
      vertex   6.916363e-01 4.746107e+00 -4.500000e+00
      vertex   1.071797e+00 4.000000e+00 -4.500000e+00
    endloop
  endfacet
  facet normal -8.740344e-01 -4.858544e-01 3.066231e-03
    outer loop
      vertex   8.199075e-01 4.472073e+00 -1.500000e+00
      vertex   1.071797e+00 4.000000e+00 -4.500000e+00
      vertex   1.213405e+00 3.764185e+00 -1.500000e+00
    endloop
  endfacet
  facet normal -8.386662e-01 -5.446362e-01 -3.223771e-03
    outer loop
      vertex   1.213405e+00 3.764185e+00 -1.500000e+00
      vertex   1.071797e+00 4.000000e+00 -4.500000e+00
      vertex   1.527864e+00 3.297718e+00 -4.500000e+00
    endloop
  endfacet
  facet normal -8.204319e-01 -5.717370e-01 2.901424e-03
    outer loop
      vertex   1.213405e+00 3.764185e+00 -1.500000e+00
      vertex   1.527864e+00 3.297718e+00 -4.500000e+00
      vertex   1.676459e+00 3.099712e+00 -1.500000e+00
    endloop
  endfacet
  facet normal -7.771424e-01 -6.293175e-01 -3.043204e-03
    outer loop
      vertex   1.676459e+00 3.099712e+00 -1.500000e+00
      vertex   1.527864e+00 3.297718e+00 -4.500000e+00
      vertex   2.054841e+00 2.646955e+00 -4.500000e+00
    endloop
  endfacet
  facet normal -7.584206e-01 -6.517598e-01 2.705095e-03
    outer loop
      vertex   1.676459e+00 3.099712e+00 -1.500000e+00
      vertex   2.054841e+00 2.646955e+00 -4.500000e+00
      vertex   2.204323e+00 2.485462e+00 -1.500000e+00
    endloop
  endfacet
  facet normal -7.071039e-01 -7.071039e-01 -2.831114e-03
    outer loop
      vertex   2.204323e+00 2.485462e+00 -1.500000e+00
      vertex   2.054841e+00 2.646955e+00 -4.500000e+00
      vertex   2.646955e+00 2.054841e+00 -4.500000e+00
    endloop
  endfacet
  facet normal -6.886362e-01 -7.251028e-01 2.477246e-03
    outer loop
      vertex   2.204323e+00 2.485462e+00 -1.500000e+00
      vertex   2.646955e+00 2.054841e+00 -4.500000e+00
      vertex   2.791589e+00 1.927731e+00 -1.500000e+00
    endloop
  endfacet
  facet normal -6.293183e-01 -7.771434e-01 -2.587506e-03
    outer loop
      vertex   2.791589e+00 1.927731e+00 -1.500000e+00
      vertex   2.646955e+00 2.054841e+00 -4.500000e+00
      vertex   3.297718e+00 1.527864e+00 -4.500000e+00
    endloop
  endfacet
  facet normal -6.117938e-01 -7.910142e-01 2.217879e-03
    outer loop
      vertex   2.791589e+00 1.927731e+00 -1.500000e+00
      vertex   3.297718e+00 1.527864e+00 -4.500000e+00
      vertex   3.432236e+00 1.432236e+00 -1.500000e+00
    endloop
  endfacet
  facet normal -5.446376e-01 -8.386683e-01 -2.312382e-03
    outer loop
      vertex   3.432236e+00 1.432236e+00 -1.500000e+00
      vertex   3.297718e+00 1.527864e+00 -4.500000e+00
      vertex   4.000000e+00 1.071797e+00 -4.500000e+00
    endloop
  endfacet
  facet normal -5.286809e-01 -8.488185e-01 1.926997e-03
    outer loop
      vertex   3.432236e+00 1.432236e+00 -1.500000e+00
      vertex   4.000000e+00 1.071797e+00 -4.500000e+00
      vertex   4.119698e+00 1.004054e+00 -1.500000e+00
    endloop
  endfacet
  facet normal -4.539896e-01 -8.910047e-01 -2.005745e-03
    outer loop
      vertex   4.119698e+00 1.004054e+00 -1.500000e+00
      vertex   4.000000e+00 1.071797e+00 -4.500000e+00
      vertex   4.746107e+00 6.916363e-01 -4.500000e+00
    endloop
  endfacet
  facet normal -4.401494e-01 -8.979231e-01 1.604604e-03
    outer loop
      vertex   4.119698e+00 1.004054e+00 -1.500000e+00
      vertex   4.746107e+00 6.916363e-01 -4.500000e+00
      vertex   4.846931e+00 6.475750e-01 -1.500000e+00
    endloop
  endfacet
  facet normal -3.583675e-01 -9.335791e-01 -1.667598e-03
    outer loop
      vertex   4.846931e+00 6.475750e-01 -1.500000e+00
      vertex   4.746107e+00 6.916363e-01 -4.500000e+00
      vertex   5.527864e+00 3.915479e-01 -4.500000e+00
    endloop
  endfacet
  facet normal -3.471066e-01 -9.378248e-01 1.250704e-03
    outer loop
      vertex   4.846931e+00 6.475750e-01 -1.500000e+00
      vertex   5.527864e+00 3.915479e-01 -4.500000e+00
      vertex   5.606479e+00 3.664518e-01 -1.500000e+00
    endloop
  endfacet
  facet normal -2.588188e-01 -9.659250e-01 -1.297945e-03
    outer loop
      vertex   5.606479e+00 3.664518e-01 -1.500000e+00
      vertex   5.527864e+00 3.915479e-01 -4.500000e+00
      vertex   6.336706e+00 1.748192e-01 -4.500000e+00
    endloop
  endfacet
  facet normal -2.505062e-01 -9.681146e-01 8.652995e-04
    outer loop
      vertex   5.606479e+00 3.664518e-01 -1.500000e+00
      vertex   6.336706e+00 1.748192e-01 -4.500000e+00
      vertex   6.390559e+00 1.635659e-01 -1.500000e+00
    endloop
  endfacet
  facet normal -1.564344e-01 -9.876879e-01 -8.967916e-04
    outer loop
      vertex   6.390559e+00 1.635659e-01 -1.500000e+00
      vertex   6.336706e+00 1.748192e-01 -4.500000e+00
      vertex   7.163772e+00 4.382484e-02 -4.500000e+00
    endloop
  endfacet
  facet normal -1.513381e-01 -9.884819e-01 4.483966e-04
    outer loop
      vertex   6.390559e+00 1.635659e-01 -1.500000e+00
      vertex   7.163772e+00 4.382484e-02 -4.500000e+00
      vertex   7.191134e+00 4.099651e-02 -1.500000e+00
    endloop
  endfacet
  facet normal -5.233595e-02 -9.986294e-01 -4.641414e-04
    outer loop
      vertex   7.191134e+00 4.099651e-02 -1.500000e+00
      vertex   7.163772e+00 4.382484e-02 -4.500000e+00
      vertex   8.000000e+00 0.000000e+00 -4.500000e+00
    endloop
  endfacet
  facet normal -5.061899e-02 -9.987180e-01 -8.760367e-20
    outer loop
      vertex   7.191134e+00 4.099651e-02 -1.500000e+00
      vertex   8.000000e+00 0.000000e+00 -4.500000e+00
      vertex   8.000000e+00 0.000000e+00 -1.500000e+00
    endloop
  endfacet
  facet normal -0.000000e+00 -0.000000e+00 -1.000000e+00
    outer loop
      vertex   4.150000e+01 3.950000e+01 -5.000000e+00
      vertex   4.150000e+01 3.850000e+01 -5.000000e+00
      vertex   1.840000e+01 3.950000e+01 -5.000000e+00
    endloop
  endfacet
  facet normal -3.725289e-08 -8.605419e-07 -1.000000e+00
    outer loop
      vertex   1.840000e+01 3.950000e+01 -5.000000e+00
      vertex   4.150000e+01 3.850000e+01 -5.000000e+00
      vertex   1.840000e+01 3.850000e+01 -4.999999e+00
    endloop
  endfacet
endsolid
