solid ASCII
  facet normal -1.295843e-09 1.000000e+00 1.260066e-10
    outer loop
      vertex   4.500056e+01 -5.750000e+01 -1.350000e+00
      vertex   4.500056e+01 -5.750000e+01 -2.000000e+00
      vertex   2.200056e+01 -5.750000e+01 -1.350000e+00
    endloop
  endfacet
  facet normal -6.585319e-10 1.000000e+00 2.267700e-08
    outer loop
      vertex   2.200056e+01 -5.750000e+01 -1.350000e+00
      vertex   4.500056e+01 -5.750000e+01 -2.000000e+00
      vertex   2.200056e+01 -5.750000e+01 -2.000000e+00
    endloop
  endfacet
  facet normal -6.585316e-10 1.000000e+00 1.260066e-10
    outer loop
      vertex   2.200056e+01 -5.750000e+01 -6.500000e-01
      vertex   2.200056e+01 -5.750000e+01 4.918413e-09
      vertex   4.500056e+01 -5.750000e+01 -6.500000e-01
    endloop
  endfacet
  facet normal -6.585319e-10 1.000000e+00 1.259956e-10
    outer loop
      vertex   4.500056e+01 -5.750000e+01 -6.500000e-01
      vertex   2.200056e+01 -5.750000e+01 4.918413e-09
      vertex   4.500056e+01 -5.750000e+01 1.795779e-09
    endloop
  endfacet
  facet normal -4.756864e-02 9.988680e-01 9.447193e-11
    outer loop
      vertex   2.200056e+01 -5.750000e+01 -6.500000e-01
      vertex   2.148265e+01 -5.752466e+01 -6.504885e-01
      vertex   2.200056e+01 -5.750000e+01 4.918413e-09
    endloop
  endfacet
  facet normal -5.233557e-02 9.986223e-01 3.804663e-03
    outer loop
      vertex   2.200056e+01 -5.750000e+01 4.918413e-09
      vertex   2.148265e+01 -5.752466e+01 -6.504885e-01
      vertex   2.142565e+01 -5.753013e+01 5.168392e-08
    endloop
  endfacet
  facet normal -1.423309e-01 9.898104e-01 -4.155224e-03
    outer loop
      vertex   2.142565e+01 -5.753013e+01 5.168392e-08
      vertex   2.148265e+01 -5.752466e+01 -6.504885e-01
      vertex   2.095212e+01 -5.760101e+01 -6.640426e-01
    endloop
  endfacet
  facet normal -1.564315e-01 9.876698e-01 6.128428e-03
    outer loop
      vertex   2.142565e+01 -5.753013e+01 5.168392e-08
      vertex   2.095212e+01 -5.760101e+01 -6.640426e-01
      vertex   2.085704e+01 -5.762019e+01 5.320104e-08
    endloop
  endfacet
  facet normal -2.141359e-01 9.768008e-01 -2.447756e-03
    outer loop
      vertex   2.085704e+01 -5.762019e+01 5.320104e-08
      vertex   2.095212e+01 -5.760101e+01 -6.640426e-01
      vertex   2.069596e+01 -5.765722e+01 -6.855307e-01
    endloop
  endfacet
  facet normal -2.588094e-01 9.658898e-01 8.638641e-03
    outer loop
      vertex   2.085704e+01 -5.762019e+01 5.320104e-08
      vertex   2.069596e+01 -5.765722e+01 -6.855307e-01
      vertex   2.030097e+01 -5.776919e+01 5.498485e-08
    endloop
  endfacet
  facet normal -2.598920e-01 9.656048e-01 7.968282e-03
    outer loop
      vertex   2.030097e+01 -5.776919e+01 5.498485e-08
      vertex   2.069596e+01 -5.765722e+01 -6.855307e-01
      vertex   2.045308e+01 -5.772223e+01 -7.291904e-01
    endloop
  endfacet
  facet normal -3.024446e-01 9.531654e-01 -1.709283e-03
    outer loop
      vertex   2.030097e+01 -5.776919e+01 5.498485e-08
      vertex   2.045308e+01 -5.772223e+01 -7.291904e-01
      vertex   2.022075e+01 -5.779610e+01 -8.126983e-01
    endloop
  endfacet
  facet normal -3.277853e-01 9.447516e-01 1.070387e-03
    outer loop
      vertex   2.022075e+01 -5.779610e+01 -8.126983e-01
      vertex   2.016715e+01 -5.781466e+01 -8.462614e-01
      vertex   2.030097e+01 -5.776919e+01 5.498485e-08
    endloop
  endfacet
  facet normal -3.383692e-01 9.410088e-01 2.945106e-03
    outer loop
      vertex   2.030097e+01 -5.776919e+01 5.498485e-08
      vertex   2.016715e+01 -5.781466e+01 -8.462614e-01
      vertex   2.012100e+01 -5.783113e+01 -8.866154e-01
    endloop
  endfacet
  facet normal -3.583578e-01 9.335540e-01 7.523209e-03
    outer loop
      vertex   2.030097e+01 -5.776919e+01 5.498485e-08
      vertex   2.012100e+01 -5.783113e+01 -8.866154e-01
      vertex   1.976351e+01 -5.797550e+01 5.701581e-08
    endloop
  endfacet
  facet normal -3.538189e-01 9.352643e-01 9.631825e-03
    outer loop
      vertex   1.976351e+01 -5.797550e+01 5.701581e-08
      vertex   2.012100e+01 -5.783113e+01 -8.866154e-01
      vertex   2.010121e+01 -5.783837e+01 -9.105291e-01
    endloop
  endfacet
  facet normal -3.581489e-01 9.336321e-01 7.780068e-03
    outer loop
      vertex   1.976351e+01 -5.797550e+01 5.701581e-08
      vertex   2.010121e+01 -5.783837e+01 -9.105291e-01
      vertex   2.008458e+01 -5.784451e+01 -9.382678e-01
    endloop
  endfacet
  facet normal -3.632963e-01 9.316560e-01 5.742757e-03
    outer loop
      vertex   2.008458e+01 -5.784451e+01 -9.382678e-01
      vertex   2.007371e+01 -5.784857e+01 -9.687050e-01
      vertex   1.976351e+01 -5.797550e+01 5.701581e-08
    endloop
  endfacet
  facet normal -3.711611e-01 9.285642e-01 2.819170e-03
    outer loop
      vertex   1.976351e+01 -5.797550e+01 5.701581e-08
      vertex   2.007371e+01 -5.784857e+01 -9.687050e-01
      vertex   2.006989e+01 -5.785000e+01 -1.000000e+00
    endloop
  endfacet
  facet normal -3.790558e-01 9.253738e-01 -4.600345e-11
    outer loop
      vertex   1.976351e+01 -5.797550e+01 5.701581e-08
      vertex   2.006989e+01 -5.785000e+01 -1.000000e+00
      vertex   1.976351e+01 -5.797550e+01 -2.000000e+00
    endloop
  endfacet
  facet normal -3.711611e-01 9.285642e-01 -2.819170e-03
    outer loop
      vertex   1.976351e+01 -5.797550e+01 -2.000000e+00
      vertex   2.006989e+01 -5.785000e+01 -1.000000e+00
      vertex   2.007371e+01 -5.784857e+01 -1.031295e+00
    endloop
  endfacet
  facet normal -3.632963e-01 9.316560e-01 -5.742757e-03
    outer loop
      vertex   1.976351e+01 -5.797550e+01 -2.000000e+00
      vertex   2.007371e+01 -5.784857e+01 -1.031295e+00
      vertex   2.008458e+01 -5.784451e+01 -1.061732e+00
    endloop
  endfacet
  facet normal -3.581489e-01 9.336321e-01 -7.780068e-03
    outer loop
      vertex   2.008458e+01 -5.784451e+01 -1.061732e+00
      vertex   2.010121e+01 -5.783837e+01 -1.089471e+00
      vertex   1.976351e+01 -5.797550e+01 -2.000000e+00
    endloop
  endfacet
  facet normal -3.538189e-01 9.352643e-01 -9.631826e-03
    outer loop
      vertex   1.976351e+01 -5.797550e+01 -2.000000e+00
      vertex   2.010121e+01 -5.783837e+01 -1.089471e+00
      vertex   2.012100e+01 -5.783113e+01 -1.113385e+00
    endloop
  endfacet
  facet normal -3.583578e-01 9.335540e-01 -7.523209e-03
    outer loop
      vertex   1.976351e+01 -5.797550e+01 -2.000000e+00
      vertex   2.012100e+01 -5.783113e+01 -1.113385e+00
      vertex   2.030097e+01 -5.776919e+01 -2.000000e+00
    endloop
  endfacet
  facet normal -3.383692e-01 9.410088e-01 -2.945106e-03
    outer loop
      vertex   2.030097e+01 -5.776919e+01 -2.000000e+00
      vertex   2.012100e+01 -5.783113e+01 -1.113385e+00
      vertex   2.016715e+01 -5.781466e+01 -1.153739e+00
    endloop
  endfacet
  facet normal -3.277853e-01 9.447516e-01 -1.070387e-03
    outer loop
      vertex   2.030097e+01 -5.776919e+01 -2.000000e+00
      vertex   2.016715e+01 -5.781466e+01 -1.153739e+00
      vertex   2.022075e+01 -5.779610e+01 -1.187302e+00
    endloop
  endfacet
  facet normal -3.024446e-01 9.531654e-01 1.709283e-03
    outer loop
      vertex   2.022075e+01 -5.779610e+01 -1.187302e+00
      vertex   2.045308e+01 -5.772223e+01 -1.270810e+00
      vertex   2.030097e+01 -5.776919e+01 -2.000000e+00
    endloop
  endfacet
  facet normal -2.598920e-01 9.656048e-01 -7.968283e-03
    outer loop
      vertex   2.030097e+01 -5.776919e+01 -2.000000e+00
      vertex   2.045308e+01 -5.772223e+01 -1.270810e+00
      vertex   2.069596e+01 -5.765722e+01 -1.314469e+00
    endloop
  endfacet
  facet normal -2.588094e-01 9.658898e-01 -8.638642e-03
    outer loop
      vertex   2.030097e+01 -5.776919e+01 -2.000000e+00
      vertex   2.069596e+01 -5.765722e+01 -1.314469e+00
      vertex   2.085704e+01 -5.762019e+01 -2.000000e+00
    endloop
  endfacet
  facet normal -2.141359e-01 9.768008e-01 2.447756e-03
    outer loop
      vertex   2.085704e+01 -5.762019e+01 -2.000000e+00
      vertex   2.069596e+01 -5.765722e+01 -1.314469e+00
      vertex   2.095212e+01 -5.760101e+01 -1.335957e+00
    endloop
  endfacet
  facet normal -1.564315e-01 9.876698e-01 -6.128429e-03
    outer loop
      vertex   2.085704e+01 -5.762019e+01 -2.000000e+00
      vertex   2.095212e+01 -5.760101e+01 -1.335957e+00
      vertex   2.142565e+01 -5.753013e+01 -2.000000e+00
    endloop
  endfacet
  facet normal -1.423309e-01 9.898104e-01 4.155224e-03
    outer loop
      vertex   2.142565e+01 -5.753013e+01 -2.000000e+00
      vertex   2.095212e+01 -5.760101e+01 -1.335957e+00
      vertex   2.148265e+01 -5.752466e+01 -1.349511e+00
    endloop
  endfacet
  facet normal -5.233557e-02 9.986223e-01 -3.804663e-03
    outer loop
      vertex   2.142565e+01 -5.753013e+01 -2.000000e+00
      vertex   2.148265e+01 -5.752466e+01 -1.349511e+00
      vertex   2.200056e+01 -5.750000e+01 -2.000000e+00
    endloop
  endfacet
  facet normal -4.756861e-02 9.988680e-01 2.261994e-08
    outer loop
      vertex   2.200056e+01 -5.750000e+01 -2.000000e+00
      vertex   2.148265e+01 -5.752466e+01 -1.349511e+00
      vertex   2.200056e+01 -5.750000e+01 -1.350000e+00
    endloop
  endfacet
  facet normal -4.539905e-01 8.910065e-01 -8.247719e-11
    outer loop
      vertex   1.976351e+01 -5.797550e+01 -2.000000e+00
      vertex   1.925056e+01 -5.823686e+01 -2.000000e+00
      vertex   1.976351e+01 -5.797550e+01 5.701581e-08
    endloop
  endfacet
  facet normal -4.539905e-01 8.910065e-01 -8.247719e-11
    outer loop
      vertex   1.976351e+01 -5.797550e+01 5.701581e-08
      vertex   1.925056e+01 -5.823686e+01 -2.000000e+00
      vertex   1.925056e+01 -5.823686e+01 5.927168e-08
    endloop
  endfacet
  facet normal -5.446390e-01 8.386706e-01 -1.279555e-10
    outer loop
      vertex   1.925056e+01 -5.823686e+01 5.927168e-08
      vertex   1.925056e+01 -5.823686e+01 -2.000000e+00
      vertex   1.876774e+01 -5.855041e+01 -2.000000e+00
    endloop
  endfacet
  facet normal -5.446390e-01 8.386706e-01 -1.279555e-10
    outer loop
      vertex   1.925056e+01 -5.823686e+01 5.927168e-08
      vertex   1.876774e+01 -5.855041e+01 -2.000000e+00
      vertex   1.876774e+01 -5.855041e+01 6.172772e-08
    endloop
  endfacet
  facet normal -6.293204e-01 7.771460e-01 -1.720319e-10
    outer loop
      vertex   1.876774e+01 -5.855041e+01 6.172772e-08
      vertex   1.876774e+01 -5.855041e+01 -2.000000e+00
      vertex   1.832034e+01 -5.891270e+01 -2.000000e+00
    endloop
  endfacet
  facet normal -6.293204e-01 7.771460e-01 -1.720319e-10
    outer loop
      vertex   1.876774e+01 -5.855041e+01 6.172772e-08
      vertex   1.832034e+01 -5.891270e+01 -2.000000e+00
      vertex   1.832034e+01 -5.891270e+01 6.435705e-08
    endloop
  endfacet
  facet normal -7.071068e-01 7.071068e-01 -2.142234e-10
    outer loop
      vertex   1.832034e+01 -5.891270e+01 6.435705e-08
      vertex   1.832034e+01 -5.891270e+01 -2.000000e+00
      vertex   1.791326e+01 -5.931978e+01 -2.000000e+00
    endloop
  endfacet
  facet normal -7.071068e-01 7.071068e-01 -2.142234e-10
    outer loop
      vertex   1.832034e+01 -5.891270e+01 6.435705e-08
      vertex   1.791326e+01 -5.931978e+01 -2.000000e+00
      vertex   1.791326e+01 -5.931978e+01 6.713084e-08
    endloop
  endfacet
  facet normal -7.771460e-01 6.293204e-01 -2.540679e-10
    outer loop
      vertex   1.791326e+01 -5.931978e+01 6.713084e-08
      vertex   1.791326e+01 -5.931978e+01 -2.000000e+00
      vertex   1.755097e+01 -5.976718e+01 -2.000000e+00
    endloop
  endfacet
  facet normal -7.771460e-01 6.293204e-01 -2.540679e-10
    outer loop
      vertex   1.791326e+01 -5.931978e+01 6.713084e-08
      vertex   1.755097e+01 -5.976718e+01 -2.000000e+00
      vertex   1.755097e+01 -5.976718e+01 7.001871e-08
    endloop
  endfacet
  facet normal -8.386706e-01 5.446390e-01 -2.911288e-10
    outer loop
      vertex   1.755097e+01 -5.976718e+01 7.001871e-08
      vertex   1.755097e+01 -5.976718e+01 -2.000000e+00
      vertex   1.723742e+01 -6.025000e+01 -2.000000e+00
    endloop
  endfacet
  facet normal -8.386706e-01 5.446390e-01 -2.911288e-10
    outer loop
      vertex   1.755097e+01 -5.976718e+01 7.001871e-08
      vertex   1.723742e+01 -6.025000e+01 -2.000000e+00
      vertex   1.723742e+01 -6.025000e+01 7.298902e-08
    endloop
  endfacet
  facet normal -8.910065e-01 4.539905e-01 -3.250000e-10
    outer loop
      vertex   1.723742e+01 -6.025000e+01 7.298902e-08
      vertex   1.723742e+01 -6.025000e+01 -2.000000e+00
      vertex   1.697606e+01 -6.076295e+01 -2.000000e+00
    endloop
  endfacet
  facet normal -8.910065e-01 4.539905e-01 -3.249984e-10
    outer loop
      vertex   1.723742e+01 -6.025000e+01 7.298902e-08
      vertex   1.697606e+01 -6.076295e+01 -2.000000e+00
      vertex   1.697606e+01 -6.076295e+01 7.600923e-08
    endloop
  endfacet
  facet normal -9.253736e-01 3.790564e-01 -3.491820e-10
    outer loop
      vertex   1.697606e+01 -6.076295e+01 7.600923e-08
      vertex   1.697606e+01 -6.076295e+01 -2.000000e+00
      vertex   1.685056e+01 -6.106932e+01 -1.000000e+00
    endloop
  endfacet
  facet normal -9.285640e-01 3.711617e-01 2.819093e-03
    outer loop
      vertex   1.697606e+01 -6.076295e+01 7.600923e-08
      vertex   1.685056e+01 -6.106932e+01 -1.000000e+00
      vertex   1.684913e+01 -6.107314e+01 -9.687050e-01
    endloop
  endfacet
  facet normal -9.285640e-01 3.711617e-01 -2.819094e-03
    outer loop
      vertex   1.685056e+01 -6.106932e+01 -1.000000e+00
      vertex   1.697606e+01 -6.076295e+01 -2.000000e+00
      vertex   1.684913e+01 -6.107314e+01 -1.031295e+00
    endloop
  endfacet
  facet normal -9.335537e-01 3.583577e-01 -7.572936e-03
    outer loop
      vertex   1.684913e+01 -6.107314e+01 -1.031295e+00
      vertex   1.697606e+01 -6.076295e+01 -2.000000e+00
      vertex   1.676975e+01 -6.130041e+01 -2.000000e+00
    endloop
  endfacet
  facet normal -9.227178e-01 3.851936e-01 -1.475678e-02
    outer loop
      vertex   1.684913e+01 -6.107314e+01 -1.031295e+00
      vertex   1.676975e+01 -6.130041e+01 -2.000000e+00
      vertex   1.684508e+01 -6.108402e+01 -1.061732e+00
    endloop
  endfacet
  facet normal -9.337569e-01 3.578281e-01 -7.559325e-03
    outer loop
      vertex   1.684508e+01 -6.108402e+01 -1.061732e+00
      vertex   1.676975e+01 -6.130041e+01 -2.000000e+00
      vertex   1.683893e+01 -6.110064e+01 -1.089471e+00
    endloop
  endfacet
  facet normal -9.369546e-01 3.494084e-01 -5.469154e-03
    outer loop
      vertex   1.683893e+01 -6.110064e+01 -1.089471e+00
      vertex   1.676975e+01 -6.130041e+01 -2.000000e+00
      vertex   1.683169e+01 -6.112043e+01 -1.113385e+00
    endloop
  endfacet
  facet normal -9.410084e-01 3.383705e-01 -2.945391e-03
    outer loop
      vertex   1.683169e+01 -6.112043e+01 -1.113385e+00
      vertex   1.676975e+01 -6.130041e+01 -2.000000e+00
      vertex   1.681522e+01 -6.116658e+01 -1.153739e+00
    endloop
  endfacet
  facet normal -9.447512e-01 3.277865e-01 -1.070553e-03
    outer loop
      vertex   1.681522e+01 -6.116658e+01 -1.153739e+00
      vertex   1.676975e+01 -6.130041e+01 -2.000000e+00
      vertex   1.679666e+01 -6.122019e+01 -1.187302e+00
    endloop
  endfacet
  facet normal -9.531651e-01 3.024456e-01 1.709350e-03
    outer loop
      vertex   1.679666e+01 -6.122019e+01 -1.187302e+00
      vertex   1.676975e+01 -6.130041e+01 -2.000000e+00
      vertex   1.672279e+01 -6.145251e+01 -1.270810e+00
    endloop
  endfacet
  facet normal -9.656046e-01 2.598928e-01 -7.967939e-03
    outer loop
      vertex   1.672279e+01 -6.145251e+01 -1.270810e+00
      vertex   1.676975e+01 -6.130041e+01 -2.000000e+00
      vertex   1.665778e+01 -6.169540e+01 -1.314470e+00
    endloop
  endfacet
  facet normal -9.658898e-01 2.588094e-01 -8.638801e-03
    outer loop
      vertex   1.665778e+01 -6.169540e+01 -1.314470e+00
      vertex   1.676975e+01 -6.130041e+01 -2.000000e+00
      vertex   1.662075e+01 -6.185649e+01 -2.000000e+00
    endloop
  endfacet
  facet normal -9.768007e-01 2.141366e-01 2.447737e-03
    outer loop
      vertex   1.665778e+01 -6.169540e+01 -1.314470e+00
      vertex   1.662075e+01 -6.185649e+01 -2.000000e+00
      vertex   1.660157e+01 -6.195156e+01 -1.335958e+00
    endloop
  endfacet
  facet normal -9.876698e-01 1.564315e-01 -6.128240e-03
    outer loop
      vertex   1.660157e+01 -6.195156e+01 -1.335958e+00
      vertex   1.662075e+01 -6.185649e+01 -2.000000e+00
      vertex   1.653069e+01 -6.242509e+01 -2.000000e+00
    endloop
  endfacet
  facet normal -9.898103e-01 1.423314e-01 4.155134e-03
    outer loop
      vertex   1.660157e+01 -6.195156e+01 -1.335958e+00
      vertex   1.653069e+01 -6.242509e+01 -2.000000e+00
      vertex   1.652522e+01 -6.248209e+01 -1.349512e+00
    endloop
  endfacet
  facet normal -9.986223e-01 5.233556e-02 -3.804544e-03
    outer loop
      vertex   1.652522e+01 -6.248209e+01 -1.349512e+00
      vertex   1.653069e+01 -6.242509e+01 -2.000000e+00
      vertex   1.650056e+01 -6.300000e+01 -2.000000e+00
    endloop
  endfacet
  facet normal -9.988682e-01 4.756410e-02 3.744365e-06
    outer loop
      vertex   1.652522e+01 -6.248209e+01 -1.349512e+00
      vertex   1.650056e+01 -6.300000e+01 -2.000000e+00
      vertex   1.650056e+01 -6.300000e+01 -1.350000e+00
    endloop
  endfacet
  facet normal -9.335537e-01 3.583577e-01 7.572933e-03
    outer loop
      vertex   1.697606e+01 -6.076295e+01 7.600923e-08
      vertex   1.684913e+01 -6.107314e+01 -9.687050e-01
      vertex   1.676975e+01 -6.130041e+01 7.904624e-08
    endloop
  endfacet
  facet normal -9.227178e-01 3.851935e-01 1.475677e-02
    outer loop
      vertex   1.676975e+01 -6.130041e+01 7.904624e-08
      vertex   1.684913e+01 -6.107314e+01 -9.687050e-01
      vertex   1.684508e+01 -6.108402e+01 -9.382676e-01
    endloop
  endfacet
  facet normal -9.337569e-01 3.578281e-01 7.559321e-03
    outer loop
      vertex   1.676975e+01 -6.130041e+01 7.904624e-08
      vertex   1.684508e+01 -6.108402e+01 -9.382676e-01
      vertex   1.683893e+01 -6.110064e+01 -9.105288e-01
    endloop
  endfacet
  facet normal -9.369546e-01 3.494084e-01 5.469152e-03
    outer loop
      vertex   1.683893e+01 -6.110064e+01 -9.105288e-01
      vertex   1.683169e+01 -6.112043e+01 -8.866151e-01
      vertex   1.676975e+01 -6.130041e+01 7.904624e-08
    endloop
  endfacet
  facet normal -9.410084e-01 3.383705e-01 2.945390e-03
    outer loop
      vertex   1.676975e+01 -6.130041e+01 7.904624e-08
      vertex   1.683169e+01 -6.112043e+01 -8.866151e-01
      vertex   1.681522e+01 -6.116658e+01 -8.462609e-01
    endloop
  endfacet
  facet normal -9.447512e-01 3.277865e-01 1.070552e-03
    outer loop
      vertex   1.676975e+01 -6.130041e+01 7.904624e-08
      vertex   1.681522e+01 -6.116658e+01 -8.462609e-01
      vertex   1.679666e+01 -6.122019e+01 -8.126977e-01
    endloop
  endfacet
  facet normal -9.531651e-01 3.024456e-01 -1.709351e-03
    outer loop
      vertex   1.679666e+01 -6.122019e+01 -8.126977e-01
      vertex   1.672279e+01 -6.145251e+01 -7.291898e-01
      vertex   1.676975e+01 -6.130041e+01 7.904624e-08
    endloop
  endfacet
  facet normal -9.656046e-01 2.598928e-01 7.967936e-03
    outer loop
      vertex   1.676975e+01 -6.130041e+01 7.904624e-08
      vertex   1.672279e+01 -6.145251e+01 -7.291898e-01
      vertex   1.665778e+01 -6.169540e+01 -6.855300e-01
    endloop
  endfacet
  facet normal -9.658898e-01 2.588094e-01 8.638797e-03
    outer loop
      vertex   1.676975e+01 -6.130041e+01 7.904624e-08
      vertex   1.665778e+01 -6.169540e+01 -6.855300e-01
      vertex   1.662075e+01 -6.185649e+01 8.206678e-08
    endloop
  endfacet
  facet normal -9.768007e-01 2.141366e-01 -2.447736e-03
    outer loop
      vertex   1.662075e+01 -6.185649e+01 8.206678e-08
      vertex   1.665778e+01 -6.169540e+01 -6.855300e-01
      vertex   1.660157e+01 -6.195156e+01 -6.640421e-01
    endloop
  endfacet
  facet normal -9.876698e-01 1.564315e-01 6.128237e-03
    outer loop
      vertex   1.662075e+01 -6.185649e+01 8.206678e-08
      vertex   1.660157e+01 -6.195156e+01 -6.640421e-01
      vertex   1.653069e+01 -6.242509e+01 8.503775e-08
    endloop
  endfacet
  facet normal -9.898103e-01 1.423314e-01 -4.155134e-03
    outer loop
      vertex   1.653069e+01 -6.242509e+01 8.503775e-08
      vertex   1.660157e+01 -6.195156e+01 -6.640421e-01
      vertex   1.652522e+01 -6.248209e+01 -6.504884e-01
    endloop
  endfacet
  facet normal -9.986223e-01 5.233556e-02 3.804542e-03
    outer loop
      vertex   1.653069e+01 -6.242509e+01 8.503775e-08
      vertex   1.652522e+01 -6.248209e+01 -6.504884e-01
      vertex   1.650056e+01 -6.300000e+01 9.392932e-08
    endloop
  endfacet
  facet normal -9.988680e-01 4.756879e-02 -4.160154e-10
    outer loop
      vertex   1.650056e+01 -6.300000e+01 9.392932e-08
      vertex   1.652522e+01 -6.248209e+01 -6.504884e-01
      vertex   1.650056e+01 -6.300000e+01 -6.500000e-01
    endloop
  endfacet
  facet normal -9.988680e-01 -4.756894e-02 -4.376886e-10
    outer loop
      vertex   1.650056e+01 -8.850000e+01 -6.500000e-01
      vertex   1.652522e+01 -8.901791e+01 -6.504884e-01
      vertex   1.650056e+01 -8.850000e+01 -3.460937e-08
    endloop
  endfacet
  facet normal -9.986223e-01 -5.233567e-02 3.804515e-03
    outer loop
      vertex   1.650056e+01 -8.850000e+01 -3.460937e-08
      vertex   1.652522e+01 -8.901791e+01 -6.504884e-01
      vertex   1.653069e+01 -8.907491e+01 2.163143e-07
    endloop
  endfacet
  facet normal -9.898103e-01 -1.423316e-01 -4.155114e-03
    outer loop
      vertex   1.653069e+01 -8.907491e+01 2.163143e-07
      vertex   1.652522e+01 -8.901791e+01 -6.504884e-01
      vertex   1.660157e+01 -8.954844e+01 -6.640419e-01
    endloop
  endfacet
  facet normal -9.876698e-01 -1.564316e-01 6.128188e-03
    outer loop
      vertex   1.653069e+01 -8.907491e+01 2.163143e-07
      vertex   1.660157e+01 -8.954844e+01 -6.640419e-01
      vertex   1.662075e+01 -8.964351e+01 2.189453e-07
    endloop
  endfacet
  facet normal -9.768006e-01 -2.141369e-01 -2.447732e-03
    outer loop
      vertex   1.662075e+01 -8.964351e+01 2.189453e-07
      vertex   1.660157e+01 -8.954844e+01 -6.640419e-01
      vertex   1.665778e+01 -8.980460e+01 -6.855298e-01
    endloop
  endfacet
  facet normal -9.658898e-01 -2.588095e-01 8.638840e-03
    outer loop
      vertex   1.662075e+01 -8.964351e+01 2.189453e-07
      vertex   1.665778e+01 -8.980460e+01 -6.855298e-01
      vertex   1.676975e+01 -9.019959e+01 2.214032e-07
    endloop
  endfacet
  facet normal -9.656045e-01 -2.598931e-01 7.967845e-03
    outer loop
      vertex   1.676975e+01 -9.019959e+01 2.214032e-07
      vertex   1.665778e+01 -8.980460e+01 -6.855298e-01
      vertex   1.672279e+01 -9.004749e+01 -7.291895e-01
    endloop
  endfacet
  facet normal -9.531650e-01 -3.024460e-01 -1.709370e-03
    outer loop
      vertex   1.676975e+01 -9.019959e+01 2.214032e-07
      vertex   1.672279e+01 -9.004749e+01 -7.291895e-01
      vertex   1.679666e+01 -9.027981e+01 -8.126975e-01
    endloop
  endfacet
  facet normal -9.447511e-01 -3.277869e-01 1.070597e-03
    outer loop
      vertex   1.679666e+01 -9.027981e+01 -8.126975e-01
      vertex   1.681522e+01 -9.033342e+01 -8.462607e-01
      vertex   1.676975e+01 -9.019959e+01 2.214032e-07
    endloop
  endfacet
  facet normal -9.410082e-01 -3.383710e-01 2.945468e-03
    outer loop
      vertex   1.676975e+01 -9.019959e+01 2.214032e-07
      vertex   1.681522e+01 -9.033342e+01 -8.462607e-01
      vertex   1.683169e+01 -9.037957e+01 -8.866149e-01
    endloop
  endfacet
  facet normal -9.335540e-01 -3.583579e-01 7.523386e-03
    outer loop
      vertex   1.676975e+01 -9.019959e+01 2.214032e-07
      vertex   1.683169e+01 -9.037957e+01 -8.866149e-01
      vertex   1.697606e+01 -9.073705e+01 2.236612e-07
    endloop
  endfacet
  facet normal -9.352639e-01 -3.538201e-01 9.631454e-03
    outer loop
      vertex   1.697606e+01 -9.073705e+01 2.236612e-07
      vertex   1.683169e+01 -9.037957e+01 -8.866149e-01
      vertex   1.683893e+01 -9.039936e+01 -9.105287e-01
    endloop
  endfacet
  facet normal -9.336316e-01 -3.581500e-01 7.779758e-03
    outer loop
      vertex   1.697606e+01 -9.073705e+01 2.236612e-07
      vertex   1.683893e+01 -9.039936e+01 -9.105287e-01
      vertex   1.684508e+01 -9.041599e+01 -9.382675e-01
    endloop
  endfacet
  facet normal -9.316556e-01 -3.632973e-01 5.742533e-03
    outer loop
      vertex   1.684508e+01 -9.041599e+01 -9.382675e-01
      vertex   1.684913e+01 -9.042686e+01 -9.687049e-01
      vertex   1.697606e+01 -9.073705e+01 2.236612e-07
    endloop
  endfacet
  facet normal -9.285639e-01 -3.711620e-01 2.819072e-03
    outer loop
      vertex   1.697606e+01 -9.073705e+01 2.236612e-07
      vertex   1.684913e+01 -9.042686e+01 -9.687049e-01
      vertex   1.685056e+01 -9.043068e+01 -1.000000e+00
    endloop
  endfacet
  facet normal -9.253735e-01 -3.790566e-01 -4.447045e-10
    outer loop
      vertex   1.697606e+01 -9.073705e+01 2.236612e-07
      vertex   1.685056e+01 -9.043068e+01 -1.000000e+00
      vertex   1.697606e+01 -9.073705e+01 -2.000000e+00
    endloop
  endfacet
  facet normal -9.285639e-01 -3.711620e-01 -2.819073e-03
    outer loop
      vertex   1.697606e+01 -9.073705e+01 -2.000000e+00
      vertex   1.685056e+01 -9.043068e+01 -1.000000e+00
      vertex   1.684913e+01 -9.042686e+01 -1.031295e+00
    endloop
  endfacet
  facet normal -9.316556e-01 -3.632973e-01 -5.742534e-03
    outer loop
      vertex   1.697606e+01 -9.073705e+01 -2.000000e+00
      vertex   1.684913e+01 -9.042686e+01 -1.031295e+00
      vertex   1.684508e+01 -9.041599e+01 -1.061733e+00
    endloop
  endfacet
  facet normal -9.336316e-01 -3.581500e-01 -7.779761e-03
    outer loop
      vertex   1.684508e+01 -9.041599e+01 -1.061733e+00
      vertex   1.683893e+01 -9.039936e+01 -1.089471e+00
      vertex   1.697606e+01 -9.073705e+01 -2.000000e+00
    endloop
  endfacet
  facet normal -9.352639e-01 -3.538201e-01 -9.631456e-03
    outer loop
      vertex   1.697606e+01 -9.073705e+01 -2.000000e+00
      vertex   1.683893e+01 -9.039936e+01 -1.089471e+00
      vertex   1.683169e+01 -9.037957e+01 -1.113385e+00
    endloop
  endfacet
  facet normal -9.335540e-01 -3.583579e-01 -7.523389e-03
    outer loop
      vertex   1.697606e+01 -9.073705e+01 -2.000000e+00
      vertex   1.683169e+01 -9.037957e+01 -1.113385e+00
      vertex   1.676975e+01 -9.019959e+01 -2.000000e+00
    endloop
  endfacet
  facet normal -9.410082e-01 -3.383710e-01 -2.945470e-03
    outer loop
      vertex   1.676975e+01 -9.019959e+01 -2.000000e+00
      vertex   1.683169e+01 -9.037957e+01 -1.113385e+00
      vertex   1.681522e+01 -9.033342e+01 -1.153739e+00
    endloop
  endfacet
  facet normal -9.447511e-01 -3.277869e-01 -1.070599e-03
    outer loop
      vertex   1.676975e+01 -9.019959e+01 -2.000000e+00
      vertex   1.681522e+01 -9.033342e+01 -1.153739e+00
      vertex   1.679666e+01 -9.027981e+01 -1.187303e+00
    endloop
  endfacet
  facet normal -9.531650e-01 -3.024460e-01 1.709369e-03
    outer loop
      vertex   1.679666e+01 -9.027981e+01 -1.187303e+00
      vertex   1.672279e+01 -9.004749e+01 -1.270811e+00
      vertex   1.676975e+01 -9.019959e+01 -2.000000e+00
    endloop
  endfacet
  facet normal -9.656045e-01 -2.598931e-01 -7.967849e-03
    outer loop
      vertex   1.676975e+01 -9.019959e+01 -2.000000e+00
      vertex   1.672279e+01 -9.004749e+01 -1.270811e+00
      vertex   1.665778e+01 -8.980460e+01 -1.314470e+00
    endloop
  endfacet
  facet normal -9.658898e-01 -2.588095e-01 -8.638844e-03
    outer loop
      vertex   1.676975e+01 -9.019959e+01 -2.000000e+00
      vertex   1.665778e+01 -8.980460e+01 -1.314470e+00
      vertex   1.662075e+01 -8.964351e+01 -2.000000e+00
    endloop
  endfacet
  facet normal -9.768006e-01 -2.141369e-01 2.447732e-03
    outer loop
      vertex   1.662075e+01 -8.964351e+01 -2.000000e+00
      vertex   1.665778e+01 -8.980460e+01 -1.314470e+00
      vertex   1.660157e+01 -8.954844e+01 -1.335958e+00
    endloop
  endfacet
  facet normal -9.876698e-01 -1.564316e-01 -6.128191e-03
    outer loop
      vertex   1.662075e+01 -8.964351e+01 -2.000000e+00
      vertex   1.660157e+01 -8.954844e+01 -1.335958e+00
      vertex   1.653069e+01 -8.907491e+01 -2.000000e+00
    endloop
  endfacet
  facet normal -9.898103e-01 -1.423316e-01 4.155114e-03
    outer loop
      vertex   1.653069e+01 -8.907491e+01 -2.000000e+00
      vertex   1.660157e+01 -8.954844e+01 -1.335958e+00
      vertex   1.652522e+01 -8.901791e+01 -1.349512e+00
    endloop
  endfacet
  facet normal -9.986223e-01 -5.233567e-02 -3.804517e-03
    outer loop
      vertex   1.653069e+01 -8.907491e+01 -2.000000e+00
      vertex   1.652522e+01 -8.901791e+01 -1.349512e+00
      vertex   1.650056e+01 -8.850000e+01 -2.000000e+00
    endloop
  endfacet
  facet normal -9.988683e-01 -4.756235e-02 5.260457e-06
    outer loop
      vertex   1.650056e+01 -8.850000e+01 -2.000000e+00
      vertex   1.652522e+01 -8.901791e+01 -1.349512e+00
      vertex   1.650056e+01 -8.850000e+01 -1.350000e+00
    endloop
  endfacet
  facet normal -8.910065e-01 -4.539906e-01 -4.394044e-10
    outer loop
      vertex   1.697606e+01 -9.073705e+01 -2.000000e+00
      vertex   1.723742e+01 -9.125000e+01 -2.000000e+00
      vertex   1.697606e+01 -9.073705e+01 2.236612e-07
    endloop
  endfacet
  facet normal -8.910065e-01 -4.539906e-01 -4.394044e-10
    outer loop
      vertex   1.697606e+01 -9.073705e+01 2.236612e-07
      vertex   1.723742e+01 -9.125000e+01 -2.000000e+00
      vertex   1.723742e+01 -9.125000e+01 2.256946e-07
    endloop
  endfacet
  facet normal -8.386705e-01 -5.446391e-01 -4.283764e-10
    outer loop
      vertex   1.723742e+01 -9.125000e+01 2.256946e-07
      vertex   1.723742e+01 -9.125000e+01 -2.000000e+00
      vertex   1.755096e+01 -9.173282e+01 -2.000000e+00
    endloop
  endfacet
  facet normal -8.386705e-01 -5.446391e-01 -4.283725e-10
    outer loop
      vertex   1.723742e+01 -9.125000e+01 2.256946e-07
      vertex   1.755096e+01 -9.173282e+01 -2.000000e+00
      vertex   1.755096e+01 -9.173282e+01 2.274810e-07
    endloop
  endfacet
  facet normal -7.771459e-01 -6.293204e-01 -4.126506e-10
    outer loop
      vertex   1.755096e+01 -9.173282e+01 2.274810e-07
      vertex   1.755096e+01 -9.173282e+01 -2.000000e+00
      vertex   1.791326e+01 -9.218022e+01 -2.000000e+00
    endloop
  endfacet
  facet normal -7.771459e-01 -6.293204e-01 -4.126506e-10
    outer loop
      vertex   1.755096e+01 -9.173282e+01 2.274810e-07
      vertex   1.791326e+01 -9.218022e+01 -2.000000e+00
      vertex   1.791326e+01 -9.218022e+01 2.290009e-07
    endloop
  endfacet
  facet normal -7.071067e-01 -7.071068e-01 -3.924075e-10
    outer loop
      vertex   1.791326e+01 -9.218022e+01 2.290009e-07
      vertex   1.791326e+01 -9.218022e+01 -2.000000e+00
      vertex   1.832034e+01 -9.258730e+01 -2.000000e+00
    endloop
  endfacet
  facet normal -7.071067e-01 -7.071068e-01 -3.924125e-10
    outer loop
      vertex   1.791326e+01 -9.218022e+01 2.290009e-07
      vertex   1.832034e+01 -9.258730e+01 -2.000000e+00
      vertex   1.832034e+01 -9.258730e+01 2.302376e-07
    endloop
  endfacet
  facet normal -6.293204e-01 -7.771460e-01 -3.678707e-10
    outer loop
      vertex   1.832034e+01 -9.258730e+01 2.302376e-07
      vertex   1.832034e+01 -9.258730e+01 -2.000000e+00
      vertex   1.876774e+01 -9.294959e+01 -2.000000e+00
    endloop
  endfacet
  facet normal -6.293204e-01 -7.771460e-01 -3.678707e-10
    outer loop
      vertex   1.832034e+01 -9.258730e+01 2.302376e-07
      vertex   1.876774e+01 -9.294959e+01 -2.000000e+00
      vertex   1.876774e+01 -9.294959e+01 2.311776e-07
    endloop
  endfacet
  facet normal -5.446390e-01 -8.386706e-01 -3.392983e-10
    outer loop
      vertex   1.876774e+01 -9.294959e+01 2.311776e-07
      vertex   1.876774e+01 -9.294959e+01 -2.000000e+00
      vertex   1.925056e+01 -9.326314e+01 -2.000000e+00
    endloop
  endfacet
  facet normal -5.446390e-01 -8.386706e-01 -3.392924e-10
    outer loop
      vertex   1.876774e+01 -9.294959e+01 2.311776e-07
      vertex   1.925056e+01 -9.326314e+01 -2.000000e+00
      vertex   1.925056e+01 -9.326314e+01 2.318106e-07
    endloop
  endfacet
  facet normal -4.539905e-01 -8.910065e-01 -3.070023e-10
    outer loop
      vertex   1.925056e+01 -9.326314e+01 2.318106e-07
      vertex   1.925056e+01 -9.326314e+01 -2.000000e+00
      vertex   1.976351e+01 -9.352450e+01 -2.000000e+00
    endloop
  endfacet
  facet normal -4.539905e-01 -8.910065e-01 -3.070023e-10
    outer loop
      vertex   1.925056e+01 -9.326314e+01 2.318106e-07
      vertex   1.976351e+01 -9.352450e+01 -2.000000e+00
      vertex   1.976351e+01 -9.352450e+01 2.321297e-07
    endloop
  endfacet
  facet normal -3.790555e-01 -9.253739e-01 -2.791886e-10
    outer loop
      vertex   1.976351e+01 -9.352450e+01 2.321297e-07
      vertex   1.976351e+01 -9.352450e+01 -2.000000e+00
      vertex   2.006989e+01 -9.365000e+01 -1.000000e+00
    endloop
  endfacet
  facet normal -3.709141e-01 -9.286626e-01 2.907108e-03
    outer loop
      vertex   1.976351e+01 -9.352450e+01 2.321297e-07
      vertex   2.006989e+01 -9.365000e+01 -1.000000e+00
      vertex   2.007400e+01 -9.365154e+01 -9.672798e-01
    endloop
  endfacet
  facet normal -3.709141e-01 -9.286626e-01 -2.907109e-03
    outer loop
      vertex   2.006989e+01 -9.365000e+01 -1.000000e+00
      vertex   1.976351e+01 -9.352450e+01 -2.000000e+00
      vertex   2.007400e+01 -9.365154e+01 -1.032720e+00
    endloop
  endfacet
  facet normal -3.583576e-01 -9.335536e-01 -7.580087e-03
    outer loop
      vertex   2.007400e+01 -9.365154e+01 -1.032720e+00
      vertex   1.976351e+01 -9.352450e+01 -2.000000e+00
      vertex   2.030097e+01 -9.373081e+01 -2.000000e+00
    endloop
  endfacet
  facet normal -3.804759e-01 -9.246924e-01 -1.349612e-02
    outer loop
      vertex   2.007400e+01 -9.365154e+01 -1.032720e+00
      vertex   2.030097e+01 -9.373081e+01 -2.000000e+00
      vertex   2.008585e+01 -9.365596e+01 -1.064260e+00
    endloop
  endfacet
  facet normal -3.568183e-01 -9.341453e-01 -7.301337e-03
    outer loop
      vertex   2.008585e+01 -9.365596e+01 -1.064260e+00
      vertex   2.030097e+01 -9.373081e+01 -2.000000e+00
      vertex   2.010261e+01 -9.366215e+01 -1.091348e+00
    endloop
  endfacet
  facet normal -3.476283e-01 -9.376189e-01 -5.032623e-03
    outer loop
      vertex   2.010261e+01 -9.366215e+01 -1.091348e+00
      vertex   2.030097e+01 -9.373081e+01 -2.000000e+00
      vertex   2.012370e+01 -9.366983e+01 -1.115928e+00
    endloop
  endfacet
  facet normal -3.390730e-01 -9.407550e-01 -3.100856e-03
    outer loop
      vertex   2.012370e+01 -9.366983e+01 -1.115928e+00
      vertex   2.030097e+01 -9.373081e+01 -2.000000e+00
      vertex   2.017424e+01 -9.368791e+01 -1.158335e+00
    endloop
  endfacet
  facet normal -3.281390e-01 -9.446286e-01 -1.257126e-03
    outer loop
      vertex   2.017424e+01 -9.368791e+01 -1.158335e+00
      vertex   2.030097e+01 -9.373081e+01 -2.000000e+00
      vertex   2.022700e+01 -9.370620e+01 -1.190407e+00
    endloop
  endfacet
  facet normal -3.016095e-01 -9.534305e-01 1.434346e-03
    outer loop
      vertex   2.022700e+01 -9.370620e+01 -1.190407e+00
      vertex   2.030097e+01 -9.373081e+01 -2.000000e+00
      vertex   2.045070e+01 -9.377708e+01 -1.271245e+00
    endloop
  endfacet
  facet normal -2.611988e-01 -9.652549e-01 -7.619699e-03
    outer loop
      vertex   2.045070e+01 -9.377708e+01 -1.271245e+00
      vertex   2.030097e+01 -9.373081e+01 -2.000000e+00
      vertex   2.069228e+01 -9.384213e+01 -1.312416e+00
    endloop
  endfacet
  facet normal -2.588084e-01 -9.658860e-01 -9.082318e-03
    outer loop
      vertex   2.069228e+01 -9.384213e+01 -1.312416e+00
      vertex   2.030097e+01 -9.373081e+01 -2.000000e+00
      vertex   2.085705e+01 -9.387981e+01 -2.000000e+00
    endloop
  endfacet
  facet normal -2.146333e-01 -9.766925e-01 2.095715e-03
    outer loop
      vertex   2.069228e+01 -9.384213e+01 -1.312416e+00
      vertex   2.085705e+01 -9.387981e+01 -2.000000e+00
      vertex   2.094648e+01 -9.389804e+01 -1.334869e+00
    endloop
  endfacet
  facet normal -1.564316e-01 -9.876704e-01 -6.031267e-03
    outer loop
      vertex   2.094648e+01 -9.389804e+01 -1.334869e+00
      vertex   2.085705e+01 -9.387981e+01 -2.000000e+00
      vertex   2.142565e+01 -9.396987e+01 -2.000000e+00
    endloop
  endfacet
  facet normal -1.428981e-01 -9.897296e-01 3.940845e-03
    outer loop
      vertex   2.094648e+01 -9.389804e+01 -1.334869e+00
      vertex   2.142565e+01 -9.396987e+01 -2.000000e+00
      vertex   2.147645e+01 -9.397462e+01 -1.349732e+00
    endloop
  endfacet
  facet normal -5.233568e-02 -9.986244e-01 -3.198352e-03
    outer loop
      vertex   2.147645e+01 -9.397462e+01 -1.349732e+00
      vertex   2.142565e+01 -9.396987e+01 -2.000000e+00
      vertex   2.200056e+01 -9.400000e+01 -2.000000e+00
    endloop
  endfacet
  facet normal -4.837968e-02 -9.988290e-01 -1.857572e-06
    outer loop
      vertex   2.147645e+01 -9.397462e+01 -1.349732e+00
      vertex   2.200056e+01 -9.400000e+01 -2.000000e+00
      vertex   2.200056e+01 -9.400000e+01 -1.350000e+00
    endloop
  endfacet
  facet normal -3.583576e-01 -9.335536e-01 7.580085e-03
    outer loop
      vertex   1.976351e+01 -9.352450e+01 2.321297e-07
      vertex   2.007400e+01 -9.365154e+01 -9.672798e-01
      vertex   2.030097e+01 -9.373081e+01 2.321313e-07
    endloop
  endfacet
  facet normal -3.804759e-01 -9.246924e-01 1.349611e-02
    outer loop
      vertex   2.030097e+01 -9.373081e+01 2.321313e-07
      vertex   2.007400e+01 -9.365154e+01 -9.672798e-01
      vertex   2.008585e+01 -9.365596e+01 -9.357403e-01
    endloop
  endfacet
  facet normal -3.568183e-01 -9.341453e-01 7.301334e-03
    outer loop
      vertex   2.030097e+01 -9.373081e+01 2.321313e-07
      vertex   2.008585e+01 -9.365596e+01 -9.357403e-01
      vertex   2.010261e+01 -9.366215e+01 -9.086516e-01
    endloop
  endfacet
  facet normal -3.476283e-01 -9.376189e-01 5.032621e-03
    outer loop
      vertex   2.010261e+01 -9.366215e+01 -9.086516e-01
      vertex   2.012370e+01 -9.366983e+01 -8.840721e-01
      vertex   2.030097e+01 -9.373081e+01 2.321313e-07
    endloop
  endfacet
  facet normal -3.390730e-01 -9.407550e-01 3.100855e-03
    outer loop
      vertex   2.030097e+01 -9.373081e+01 2.321313e-07
      vertex   2.012370e+01 -9.366983e+01 -8.840721e-01
      vertex   2.017424e+01 -9.368791e+01 -8.416651e-01
    endloop
  endfacet
  facet normal -3.281390e-01 -9.446286e-01 1.257125e-03
    outer loop
      vertex   2.030097e+01 -9.373081e+01 2.321313e-07
      vertex   2.017424e+01 -9.368791e+01 -8.416651e-01
      vertex   2.022700e+01 -9.370620e+01 -8.095932e-01
    endloop
  endfacet
  facet normal -3.016095e-01 -9.534305e-01 -1.434346e-03
    outer loop
      vertex   2.022700e+01 -9.370620e+01 -8.095932e-01
      vertex   2.045070e+01 -9.377708e+01 -7.287548e-01
      vertex   2.030097e+01 -9.373081e+01 2.321313e-07
    endloop
  endfacet
  facet normal -2.611988e-01 -9.652549e-01 7.619696e-03
    outer loop
      vertex   2.030097e+01 -9.373081e+01 2.321313e-07
      vertex   2.045070e+01 -9.377708e+01 -7.287548e-01
      vertex   2.069228e+01 -9.384213e+01 -6.875838e-01
    endloop
  endfacet
  facet normal -2.588084e-01 -9.658860e-01 9.082315e-03
    outer loop
      vertex   2.030097e+01 -9.373081e+01 2.321313e-07
      vertex   2.069228e+01 -9.384213e+01 -6.875838e-01
      vertex   2.085705e+01 -9.387981e+01 2.318154e-07
    endloop
  endfacet
  facet normal -2.146333e-01 -9.766925e-01 -2.095714e-03
    outer loop
      vertex   2.085705e+01 -9.387981e+01 2.318154e-07
      vertex   2.069228e+01 -9.384213e+01 -6.875838e-01
      vertex   2.094648e+01 -9.389804e+01 -6.651305e-01
    endloop
  endfacet
  facet normal -1.564316e-01 -9.876704e-01 6.031264e-03
    outer loop
      vertex   2.085705e+01 -9.387981e+01 2.318154e-07
      vertex   2.094648e+01 -9.389804e+01 -6.651305e-01
      vertex   2.142565e+01 -9.396987e+01 2.311855e-07
    endloop
  endfacet
  facet normal -1.428981e-01 -9.897296e-01 -3.940844e-03
    outer loop
      vertex   2.142565e+01 -9.396987e+01 2.311855e-07
      vertex   2.094648e+01 -9.389804e+01 -6.651305e-01
      vertex   2.147645e+01 -9.397462e+01 -6.502681e-01
    endloop
  endfacet
  facet normal -5.233568e-02 -9.986244e-01 3.198351e-03
    outer loop
      vertex   2.142565e+01 -9.396987e+01 2.311855e-07
      vertex   2.147645e+01 -9.397462e+01 -6.502681e-01
      vertex   2.200056e+01 -9.400000e+01 -1.430842e-08
    endloop
  endfacet
  facet normal -4.837738e-02 -9.988291e-01 -1.689917e-10
    outer loop
      vertex   2.200056e+01 -9.400000e+01 -1.430842e-08
      vertex   2.147645e+01 -9.397462e+01 -6.502681e-01
      vertex   2.200056e+01 -9.400000e+01 -6.500000e-01
    endloop
  endfacet
  facet normal 4.837731e-02 -9.988291e-01 -9.390062e-11
    outer loop
      vertex   4.500056e+01 -9.400000e+01 -6.500000e-01
      vertex   4.552467e+01 -9.397462e+01 -6.502682e-01
      vertex   4.500056e+01 -9.400000e+01 -4.442489e-09
    endloop
  endfacet
  facet normal 5.233568e-02 -9.986244e-01 3.198406e-03
    outer loop
      vertex   4.500056e+01 -9.400000e+01 -4.442489e-09
      vertex   4.552467e+01 -9.397462e+01 -6.502682e-01
      vertex   4.557547e+01 -9.396987e+01 1.855925e-07
    endloop
  endfacet
  facet normal 1.428979e-01 -9.897296e-01 -3.940884e-03
    outer loop
      vertex   4.557547e+01 -9.396987e+01 1.855925e-07
      vertex   4.552467e+01 -9.397462e+01 -6.502682e-01
      vertex   4.605463e+01 -9.389804e+01 -6.651308e-01
    endloop
  endfacet
  facet normal 1.564316e-01 -9.876704e-01 6.031350e-03
    outer loop
      vertex   4.557547e+01 -9.396987e+01 1.855925e-07
      vertex   4.605463e+01 -9.389804e+01 -6.651308e-01
      vertex   4.614407e+01 -9.387981e+01 1.840754e-07
    endloop
  endfacet
  facet normal 2.146330e-01 -9.766925e-01 -2.095724e-03
    outer loop
      vertex   4.614407e+01 -9.387981e+01 1.840754e-07
      vertex   4.605463e+01 -9.389804e+01 -6.651308e-01
      vertex   4.630884e+01 -9.384213e+01 -6.875842e-01
    endloop
  endfacet
  facet normal 2.588084e-01 -9.658860e-01 9.082242e-03
    outer loop
      vertex   4.614407e+01 -9.387981e+01 1.840754e-07
      vertex   4.630884e+01 -9.384213e+01 -6.875842e-01
      vertex   4.670015e+01 -9.373081e+01 1.822916e-07
    endloop
  endfacet
  facet normal 2.611985e-01 -9.652550e-01 7.619847e-03
    outer loop
      vertex   4.670015e+01 -9.373081e+01 1.822916e-07
      vertex   4.630884e+01 -9.384213e+01 -6.875842e-01
      vertex   4.655041e+01 -9.377708e+01 -7.287552e-01
    endloop
  endfacet
  facet normal 3.016090e-01 -9.534306e-01 -1.434312e-03
    outer loop
      vertex   4.670015e+01 -9.373081e+01 1.822916e-07
      vertex   4.655041e+01 -9.377708e+01 -7.287552e-01
      vertex   4.677412e+01 -9.370619e+01 -8.095935e-01
    endloop
  endfacet
  facet normal 3.281385e-01 -9.446288e-01 1.257047e-03
    outer loop
      vertex   4.677412e+01 -9.370619e+01 -8.095935e-01
      vertex   4.682688e+01 -9.368791e+01 -8.416654e-01
      vertex   4.670015e+01 -9.373081e+01 1.822916e-07
    endloop
  endfacet
  facet normal 3.390723e-01 -9.407552e-01 3.100722e-03
    outer loop
      vertex   4.670015e+01 -9.373081e+01 1.822916e-07
      vertex   4.682688e+01 -9.368791e+01 -8.416654e-01
      vertex   4.687742e+01 -9.366983e+01 -8.840723e-01
    endloop
  endfacet
  facet normal 3.476275e-01 -9.376192e-01 5.032431e-03
    outer loop
      vertex   4.670015e+01 -9.373081e+01 1.822916e-07
      vertex   4.687742e+01 -9.366983e+01 -8.840723e-01
      vertex   4.689851e+01 -9.366215e+01 -9.086517e-01
    endloop
  endfacet
  facet normal 3.583574e-01 -9.335529e-01 7.682016e-03
    outer loop
      vertex   4.670015e+01 -9.373081e+01 1.822916e-07
      vertex   4.689851e+01 -9.366215e+01 -9.086517e-01
      vertex   4.723761e+01 -9.352450e+01 1.802607e-07
    endloop
  endfacet
  facet normal 3.577351e-01 -9.337893e-01 7.950066e-03
    outer loop
      vertex   4.723761e+01 -9.352450e+01 1.802607e-07
      vertex   4.689851e+01 -9.366215e+01 -9.086517e-01
      vertex   4.691527e+01 -9.365596e+01 -9.357404e-01
    endloop
  endfacet
  facet normal 3.628937e-01 -9.318119e-01 5.895230e-03
    outer loop
      vertex   4.723761e+01 -9.352450e+01 1.802607e-07
      vertex   4.691527e+01 -9.365596e+01 -9.357404e-01
      vertex   4.692711e+01 -9.365154e+01 -9.672798e-01
    endloop
  endfacet
  facet normal 3.709138e-01 -9.286627e-01 2.907143e-03
    outer loop
      vertex   4.692711e+01 -9.365154e+01 -9.672798e-01
      vertex   4.693123e+01 -9.365000e+01 -1.000000e+00
      vertex   4.723761e+01 -9.352450e+01 1.802607e-07
    endloop
  endfacet
  facet normal 3.790552e-01 -9.253741e-01 4.600644e-11
    outer loop
      vertex   4.723761e+01 -9.352450e+01 1.802607e-07
      vertex   4.693123e+01 -9.365000e+01 -1.000000e+00
      vertex   4.723761e+01 -9.352450e+01 -2.000000e+00
    endloop
  endfacet
  facet normal 4.539905e-01 -8.910065e-01 8.248034e-11
    outer loop
      vertex   4.723761e+01 -9.352450e+01 1.802607e-07
      vertex   4.723761e+01 -9.352450e+01 -2.000000e+00
      vertex   4.775056e+01 -9.326314e+01 1.780048e-07
    endloop
  endfacet
  facet normal 4.539905e-01 -8.910065e-01 8.248034e-11
    outer loop
      vertex   4.775056e+01 -9.326314e+01 1.780048e-07
      vertex   4.723761e+01 -9.352450e+01 -2.000000e+00
      vertex   4.775056e+01 -9.326314e+01 -2.000000e+00
    endloop
  endfacet
  facet normal 5.446390e-01 -8.386706e-01 1.279584e-10
    outer loop
      vertex   4.775056e+01 -9.326314e+01 1.780048e-07
      vertex   4.775056e+01 -9.326314e+01 -2.000000e+00
      vertex   4.823338e+01 -9.294959e+01 1.755487e-07
    endloop
  endfacet
  facet normal 5.446390e-01 -8.386706e-01 1.279525e-10
    outer loop
      vertex   4.823338e+01 -9.294959e+01 1.755487e-07
      vertex   4.775056e+01 -9.326314e+01 -2.000000e+00
      vertex   4.823338e+01 -9.294959e+01 -2.000000e+00
    endloop
  endfacet
  facet normal 6.293204e-01 -7.771460e-01 1.720291e-10
    outer loop
      vertex   4.823338e+01 -9.294959e+01 1.755487e-07
      vertex   4.823338e+01 -9.294959e+01 -2.000000e+00
      vertex   4.868078e+01 -9.258730e+01 1.729194e-07
    endloop
  endfacet
  facet normal 6.293204e-01 -7.771460e-01 1.720268e-10
    outer loop
      vertex   4.868078e+01 -9.258730e+01 1.729194e-07
      vertex   4.823338e+01 -9.294959e+01 -2.000000e+00
      vertex   4.868078e+01 -9.258730e+01 -2.000000e+00
    endloop
  endfacet
  facet normal 7.071068e-01 -7.071068e-01 2.142184e-10
    outer loop
      vertex   4.868078e+01 -9.258730e+01 1.729194e-07
      vertex   4.868078e+01 -9.258730e+01 -2.000000e+00
      vertex   4.908786e+01 -9.218022e+01 1.701456e-07
    endloop
  endfacet
  facet normal 7.071068e-01 -7.071068e-01 2.142209e-10
    outer loop
      vertex   4.908786e+01 -9.218022e+01 1.701456e-07
      vertex   4.868078e+01 -9.258730e+01 -2.000000e+00
      vertex   4.908786e+01 -9.218022e+01 -2.000000e+00
    endloop
  endfacet
  facet normal 7.771459e-01 -6.293204e-01 2.540656e-10
    outer loop
      vertex   4.908786e+01 -9.218022e+01 1.701456e-07
      vertex   4.908786e+01 -9.218022e+01 -2.000000e+00
      vertex   4.945015e+01 -9.173282e+01 1.672578e-07
    endloop
  endfacet
  facet normal 7.771459e-01 -6.293204e-01 2.540656e-10
    outer loop
      vertex   4.945015e+01 -9.173282e+01 1.672578e-07
      vertex   4.908786e+01 -9.218022e+01 -2.000000e+00
      vertex   4.945015e+01 -9.173282e+01 -2.000000e+00
    endloop
  endfacet
  facet normal 8.386705e-01 -5.446391e-01 2.911268e-10
    outer loop
      vertex   4.945015e+01 -9.173282e+01 1.672578e-07
      vertex   4.945015e+01 -9.173282e+01 -2.000000e+00
      vertex   4.976370e+01 -9.125000e+01 1.642874e-07
    endloop
  endfacet
  facet normal 8.386705e-01 -5.446391e-01 2.911268e-10
    outer loop
      vertex   4.976370e+01 -9.125000e+01 1.642874e-07
      vertex   4.945015e+01 -9.173282e+01 -2.000000e+00
      vertex   4.976370e+01 -9.125000e+01 -2.000000e+00
    endloop
  endfacet
  facet normal 8.910065e-01 -4.539906e-01 3.249983e-10
    outer loop
      vertex   4.976370e+01 -9.125000e+01 1.642874e-07
      vertex   4.976370e+01 -9.125000e+01 -2.000000e+00
      vertex   5.002506e+01 -9.073705e+01 1.612672e-07
    endloop
  endfacet
  facet normal 8.910065e-01 -4.539906e-01 3.249983e-10
    outer loop
      vertex   5.002506e+01 -9.073705e+01 1.612672e-07
      vertex   4.976370e+01 -9.125000e+01 -2.000000e+00
      vertex   5.002506e+01 -9.073705e+01 -2.000000e+00
    endloop
  endfacet
  facet normal 9.253738e-01 -3.790559e-01 3.491821e-10
    outer loop
      vertex   5.002506e+01 -9.073705e+01 1.612672e-07
      vertex   5.002506e+01 -9.073705e+01 -2.000000e+00
      vertex   5.015056e+01 -9.043067e+01 -1.000000e+00
    endloop
  endfacet
  facet normal 9.286625e-01 -3.709145e-01 -2.907071e-03
    outer loop
      vertex   5.015056e+01 -9.043067e+01 -1.000000e+00
      vertex   5.002506e+01 -9.073705e+01 -2.000000e+00
      vertex   5.015210e+01 -9.042656e+01 -1.032720e+00
    endloop
  endfacet
  facet normal 9.335536e-01 -3.583577e-01 -7.580113e-03
    outer loop
      vertex   5.015210e+01 -9.042656e+01 -1.032720e+00
      vertex   5.002506e+01 -9.073705e+01 -2.000000e+00
      vertex   5.023137e+01 -9.019959e+01 -2.000000e+00
    endloop
  endfacet
  facet normal 9.246915e-01 -3.804781e-01 -1.349679e-02
    outer loop
      vertex   5.015210e+01 -9.042656e+01 -1.032720e+00
      vertex   5.023137e+01 -9.019959e+01 -2.000000e+00
      vertex   5.015651e+01 -9.041471e+01 -1.064260e+00
    endloop
  endfacet
  facet normal 9.341449e-01 -3.568194e-01 -7.301612e-03
    outer loop
      vertex   5.015651e+01 -9.041471e+01 -1.064260e+00
      vertex   5.023137e+01 -9.019959e+01 -2.000000e+00
      vertex   5.016270e+01 -9.039796e+01 -1.091349e+00
    endloop
  endfacet
  facet normal 9.376186e-01 -3.476291e-01 -5.032813e-03
    outer loop
      vertex   5.016270e+01 -9.039796e+01 -1.091349e+00
      vertex   5.023137e+01 -9.019959e+01 -2.000000e+00
      vertex   5.017039e+01 -9.037687e+01 -1.115928e+00
    endloop
  endfacet
  facet normal 9.407547e-01 -3.390737e-01 -3.100989e-03
    outer loop
      vertex   5.017039e+01 -9.037687e+01 -1.115928e+00
      vertex   5.023137e+01 -9.019959e+01 -2.000000e+00
      vertex   5.018847e+01 -9.032632e+01 -1.158335e+00
    endloop
  endfacet
  facet normal 9.446284e-01 -3.281397e-01 -1.257205e-03
    outer loop
      vertex   5.018847e+01 -9.032632e+01 -1.158335e+00
      vertex   5.023137e+01 -9.019959e+01 -2.000000e+00
      vertex   5.020675e+01 -9.027356e+01 -1.190407e+00
    endloop
  endfacet
  facet normal 9.534303e-01 -3.016101e-01 1.434380e-03
    outer loop
      vertex   5.020675e+01 -9.027356e+01 -1.190407e+00
      vertex   5.023137e+01 -9.019959e+01 -2.000000e+00
      vertex   5.027764e+01 -9.004986e+01 -1.271245e+00
    endloop
  endfacet
  facet normal 9.652548e-01 -2.611993e-01 -7.619536e-03
    outer loop
      vertex   5.027764e+01 -9.004986e+01 -1.271245e+00
      vertex   5.023137e+01 -9.019959e+01 -2.000000e+00
      vertex   5.034269e+01 -8.980828e+01 -1.312416e+00
    endloop
  endfacet
  facet normal 9.658860e-01 -2.588084e-01 -9.082387e-03
    outer loop
      vertex   5.034269e+01 -8.980828e+01 -1.312416e+00
      vertex   5.023137e+01 -9.019959e+01 -2.000000e+00
      vertex   5.038037e+01 -8.964351e+01 -2.000000e+00
    endloop
  endfacet
  facet normal 9.766924e-01 -2.146337e-01 2.095702e-03
    outer loop
      vertex   5.034269e+01 -8.980828e+01 -1.312416e+00
      vertex   5.038037e+01 -8.964351e+01 -2.000000e+00
      vertex   5.039860e+01 -8.955408e+01 -1.334870e+00
    endloop
  endfacet
  facet normal 9.876704e-01 -1.564317e-01 -6.031171e-03
    outer loop
      vertex   5.039860e+01 -8.955408e+01 -1.334870e+00
      vertex   5.038037e+01 -8.964351e+01 -2.000000e+00
      vertex   5.047043e+01 -8.907491e+01 -2.000000e+00
    endloop
  endfacet
  facet normal 9.897295e-01 -1.428985e-01 3.940800e-03
    outer loop
      vertex   5.039860e+01 -8.955408e+01 -1.334870e+00
      vertex   5.047043e+01 -8.907491e+01 -2.000000e+00
      vertex   5.047517e+01 -8.902411e+01 -1.349732e+00
    endloop
  endfacet
  facet normal 9.986244e-01 -5.233577e-02 -3.198291e-03
    outer loop
      vertex   5.047517e+01 -8.902411e+01 -1.349732e+00
      vertex   5.047043e+01 -8.907491e+01 -2.000000e+00
      vertex   5.050056e+01 -8.850000e+01 -2.000000e+00
    endloop
  endfacet
  facet normal 9.988291e-01 -4.837762e-02 -5.151484e-08
    outer loop
      vertex   5.047517e+01 -8.902411e+01 -1.349732e+00
      vertex   5.050056e+01 -8.850000e+01 -2.000000e+00
      vertex   5.050056e+01 -8.850000e+01 -1.350000e+00
    endloop
  endfacet
  facet normal 3.709138e-01 -9.286627e-01 -2.907144e-03
    outer loop
      vertex   4.693123e+01 -9.365000e+01 -1.000000e+00
      vertex   4.692711e+01 -9.365154e+01 -1.032720e+00
      vertex   4.723761e+01 -9.352450e+01 -2.000000e+00
    endloop
  endfacet
  facet normal 3.628937e-01 -9.318119e-01 -5.895231e-03
    outer loop
      vertex   4.723761e+01 -9.352450e+01 -2.000000e+00
      vertex   4.692711e+01 -9.365154e+01 -1.032720e+00
      vertex   4.691527e+01 -9.365596e+01 -1.064260e+00
    endloop
  endfacet
  facet normal 3.577351e-01 -9.337893e-01 -7.950067e-03
    outer loop
      vertex   4.723761e+01 -9.352450e+01 -2.000000e+00
      vertex   4.691527e+01 -9.365596e+01 -1.064260e+00
      vertex   4.689851e+01 -9.366215e+01 -1.091348e+00
    endloop
  endfacet
  facet normal 3.583574e-01 -9.335529e-01 -7.682018e-03
    outer loop
      vertex   4.723761e+01 -9.352450e+01 -2.000000e+00
      vertex   4.689851e+01 -9.366215e+01 -1.091348e+00
      vertex   4.670015e+01 -9.373081e+01 -2.000000e+00
    endloop
  endfacet
  facet normal 3.476275e-01 -9.376192e-01 -5.032432e-03
    outer loop
      vertex   4.670015e+01 -9.373081e+01 -2.000000e+00
      vertex   4.689851e+01 -9.366215e+01 -1.091348e+00
      vertex   4.687742e+01 -9.366983e+01 -1.115928e+00
    endloop
  endfacet
  facet normal 3.390723e-01 -9.407552e-01 -3.100722e-03
    outer loop
      vertex   4.670015e+01 -9.373081e+01 -2.000000e+00
      vertex   4.687742e+01 -9.366983e+01 -1.115928e+00
      vertex   4.682688e+01 -9.368791e+01 -1.158335e+00
    endloop
  endfacet
  facet normal 3.281385e-01 -9.446288e-01 -1.257047e-03
    outer loop
      vertex   4.682688e+01 -9.368791e+01 -1.158335e+00
      vertex   4.677412e+01 -9.370619e+01 -1.190406e+00
      vertex   4.670015e+01 -9.373081e+01 -2.000000e+00
    endloop
  endfacet
  facet normal 3.016090e-01 -9.534306e-01 1.434313e-03
    outer loop
      vertex   4.670015e+01 -9.373081e+01 -2.000000e+00
      vertex   4.677412e+01 -9.370619e+01 -1.190406e+00
      vertex   4.655041e+01 -9.377708e+01 -1.271245e+00
    endloop
  endfacet
  facet normal 2.611985e-01 -9.652550e-01 -7.619848e-03
    outer loop
      vertex   4.670015e+01 -9.373081e+01 -2.000000e+00
      vertex   4.655041e+01 -9.377708e+01 -1.271245e+00
      vertex   4.630884e+01 -9.384213e+01 -1.312416e+00
    endloop
  endfacet
  facet normal 2.588084e-01 -9.658860e-01 -9.082244e-03
    outer loop
      vertex   4.670015e+01 -9.373081e+01 -2.000000e+00
      vertex   4.630884e+01 -9.384213e+01 -1.312416e+00
      vertex   4.614407e+01 -9.387981e+01 -2.000000e+00
    endloop
  endfacet
  facet normal 2.146330e-01 -9.766925e-01 2.095725e-03
    outer loop
      vertex   4.614407e+01 -9.387981e+01 -2.000000e+00
      vertex   4.630884e+01 -9.384213e+01 -1.312416e+00
      vertex   4.605463e+01 -9.389804e+01 -1.334869e+00
    endloop
  endfacet
  facet normal 1.564316e-01 -9.876704e-01 -6.031352e-03
    outer loop
      vertex   4.614407e+01 -9.387981e+01 -2.000000e+00
      vertex   4.605463e+01 -9.389804e+01 -1.334869e+00
      vertex   4.557547e+01 -9.396987e+01 -2.000000e+00
    endloop
  endfacet
  facet normal 1.428979e-01 -9.897296e-01 3.940885e-03
    outer loop
      vertex   4.557547e+01 -9.396987e+01 -2.000000e+00
      vertex   4.605463e+01 -9.389804e+01 -1.334869e+00
      vertex   4.552467e+01 -9.397462e+01 -1.349732e+00
    endloop
  endfacet
  facet normal 5.233569e-02 -9.986244e-01 -3.198407e-03
    outer loop
      vertex   4.557547e+01 -9.396987e+01 -2.000000e+00
      vertex   4.552467e+01 -9.397462e+01 -1.349732e+00
      vertex   4.500056e+01 -9.400000e+01 -2.000000e+00
    endloop
  endfacet
  facet normal 4.838201e-02 -9.988289e-01 -3.799050e-06
    outer loop
      vertex   4.500056e+01 -9.400000e+01 -2.000000e+00
      vertex   4.552467e+01 -9.397462e+01 -1.349732e+00
      vertex   4.500056e+01 -9.400000e+01 -1.350000e+00
    endloop
  endfacet
  facet normal 9.286625e-01 -3.709145e-01 2.907071e-03
    outer loop
      vertex   5.015056e+01 -9.043067e+01 -1.000000e+00
      vertex   5.015210e+01 -9.042656e+01 -9.672797e-01
      vertex   5.002506e+01 -9.073705e+01 1.612672e-07
    endloop
  endfacet
  facet normal 9.335536e-01 -3.583577e-01 7.580112e-03
    outer loop
      vertex   5.002506e+01 -9.073705e+01 1.612672e-07
      vertex   5.015210e+01 -9.042656e+01 -9.672797e-01
      vertex   5.023137e+01 -9.019959e+01 1.582302e-07
    endloop
  endfacet
  facet normal 9.246915e-01 -3.804781e-01 1.349678e-02
    outer loop
      vertex   5.023137e+01 -9.019959e+01 1.582302e-07
      vertex   5.015210e+01 -9.042656e+01 -9.672797e-01
      vertex   5.015651e+01 -9.041471e+01 -9.357402e-01
    endloop
  endfacet
  facet normal 9.341449e-01 -3.568194e-01 7.301611e-03
    outer loop
      vertex   5.023137e+01 -9.019959e+01 1.582302e-07
      vertex   5.015651e+01 -9.041471e+01 -9.357402e-01
      vertex   5.016270e+01 -9.039796e+01 -9.086514e-01
    endloop
  endfacet
  facet normal 9.376186e-01 -3.476291e-01 5.032813e-03
    outer loop
      vertex   5.016270e+01 -9.039796e+01 -9.086514e-01
      vertex   5.017039e+01 -9.037687e+01 -8.840720e-01
      vertex   5.023137e+01 -9.019959e+01 1.582302e-07
    endloop
  endfacet
  facet normal 9.407547e-01 -3.390737e-01 3.100989e-03
    outer loop
      vertex   5.023137e+01 -9.019959e+01 1.582302e-07
      vertex   5.017039e+01 -9.037687e+01 -8.840720e-01
      vertex   5.018847e+01 -9.032632e+01 -8.416649e-01
    endloop
  endfacet
  facet normal 9.446284e-01 -3.281397e-01 1.257206e-03
    outer loop
      vertex   5.023137e+01 -9.019959e+01 1.582302e-07
      vertex   5.018847e+01 -9.032632e+01 -8.416649e-01
      vertex   5.020675e+01 -9.027356e+01 -8.095929e-01
    endloop
  endfacet
  facet normal 9.534303e-01 -3.016101e-01 -1.434379e-03
    outer loop
      vertex   5.020675e+01 -9.027356e+01 -8.095929e-01
      vertex   5.027764e+01 -9.004986e+01 -7.287545e-01
      vertex   5.023137e+01 -9.019959e+01 1.582302e-07
    endloop
  endfacet
  facet normal 9.652548e-01 -2.611993e-01 7.619535e-03
    outer loop
      vertex   5.023137e+01 -9.019959e+01 1.582302e-07
      vertex   5.027764e+01 -9.004986e+01 -7.287545e-01
      vertex   5.034269e+01 -8.980828e+01 -6.875835e-01
    endloop
  endfacet
  facet normal 9.658860e-01 -2.588084e-01 9.082386e-03
    outer loop
      vertex   5.023137e+01 -9.019959e+01 1.582302e-07
      vertex   5.034269e+01 -8.980828e+01 -6.875835e-01
      vertex   5.038037e+01 -8.964351e+01 1.552097e-07
    endloop
  endfacet
  facet normal 9.766924e-01 -2.146337e-01 -2.095701e-03
    outer loop
      vertex   5.038037e+01 -8.964351e+01 1.552097e-07
      vertex   5.034269e+01 -8.980828e+01 -6.875835e-01
      vertex   5.039860e+01 -8.955408e+01 -6.651303e-01
    endloop
  endfacet
  facet normal 9.876704e-01 -1.564317e-01 6.031171e-03
    outer loop
      vertex   5.038037e+01 -8.964351e+01 1.552097e-07
      vertex   5.039860e+01 -8.955408e+01 -6.651303e-01
      vertex   5.047043e+01 -8.907491e+01 1.522387e-07
    endloop
  endfacet
  facet normal 9.897295e-01 -1.428985e-01 -3.940798e-03
    outer loop
      vertex   5.047043e+01 -8.907491e+01 1.522387e-07
      vertex   5.039860e+01 -8.955408e+01 -6.651303e-01
      vertex   5.047517e+01 -8.902411e+01 -6.502680e-01
    endloop
  endfacet
  facet normal 9.986244e-01 -5.233577e-02 3.198291e-03
    outer loop
      vertex   5.047043e+01 -8.907491e+01 1.522387e-07
      vertex   5.047517e+01 -8.902411e+01 -6.502680e-01
      vertex   5.050056e+01 -8.850000e+01 -1.288287e-09
    endloop
  endfacet
  facet normal 9.988291e-01 -4.837755e-02 4.157648e-10
    outer loop
      vertex   5.050056e+01 -8.850000e+01 -1.288287e-09
      vertex   5.047517e+01 -8.902411e+01 -6.502680e-01
      vertex   5.050056e+01 -8.850000e+01 -6.500000e-01
    endloop
  endfacet
  facet normal 1.055680e-02 -0.000000e+00 9.999443e-01
    outer loop
      vertex   5.050056e+01 -8.850000e+01 -1.350000e+00
      vertex   5.050056e+01 -6.300000e+01 -1.350000e+00
      vertex   5.047517e+01 -8.902411e+01 -1.349732e+00
    endloop
  endfacet
  facet normal 1.509113e-01 -1.370250e-04 9.885473e-01
    outer loop
      vertex   5.047517e+01 -8.902411e+01 -1.349732e+00
      vertex   5.050056e+01 -6.300000e+01 -1.350000e+00
      vertex   5.040997e+01 -7.672871e+01 -1.338074e+00
    endloop
  endfacet
  facet normal 1.760073e-01 3.171098e-19 9.843889e-01
    outer loop
      vertex   5.047517e+01 -8.902411e+01 -1.349732e+00
      vertex   5.040997e+01 -7.672871e+01 -1.338074e+00
      vertex   5.040997e+01 -7.868613e+01 -1.338074e+00
    endloop
  endfacet
  facet normal 3.826834e-01 -0.000000e+00 9.238795e-01
    outer loop
      vertex   5.040997e+01 -7.868613e+01 -1.338074e+00
      vertex   5.040997e+01 -7.672871e+01 -1.338074e+00
      vertex   5.032556e+01 -7.868613e+01 -1.303109e+00
    endloop
  endfacet
  facet normal 3.826834e-01 2.090700e-19 9.238795e-01
    outer loop
      vertex   5.040997e+01 -7.868613e+01 -1.338074e+00
      vertex   5.032556e+01 -7.868613e+01 -1.303109e+00
      vertex   5.032556e+01 -8.064356e+01 -1.303109e+00
    endloop
  endfacet
  facet normal 6.087614e-01 -0.000000e+00 7.933533e-01
    outer loop
      vertex   5.032556e+01 -8.064356e+01 -1.303109e+00
      vertex   5.032556e+01 -7.868613e+01 -1.303109e+00
      vertex   5.025307e+01 -8.064356e+01 -1.247487e+00
    endloop
  endfacet
  facet normal 6.087614e-01 9.160555e-19 7.933533e-01
    outer loop
      vertex   5.032556e+01 -8.064356e+01 -1.303109e+00
      vertex   5.025307e+01 -8.064356e+01 -1.247487e+00
      vertex   5.025307e+01 -8.260098e+01 -1.247487e+00
    endloop
  endfacet
  facet normal 7.933533e-01 -0.000000e+00 6.087614e-01
    outer loop
      vertex   5.025307e+01 -8.260098e+01 -1.247487e+00
      vertex   5.025307e+01 -8.064356e+01 -1.247487e+00
      vertex   5.019745e+01 -8.260098e+01 -1.175000e+00
    endloop
  endfacet
  facet normal 7.933533e-01 2.019236e-18 6.087614e-01
    outer loop
      vertex   5.025307e+01 -8.260098e+01 -1.247487e+00
      vertex   5.019745e+01 -8.260098e+01 -1.175000e+00
      vertex   5.019745e+01 -8.455840e+01 -1.175000e+00
    endloop
  endfacet
  facet normal 9.234458e-01 -0.000000e+00 3.837288e-01
    outer loop
      vertex   5.019745e+01 -8.455840e+01 -1.175000e+00
      vertex   5.019745e+01 -8.260098e+01 -1.175000e+00
      vertex   5.016269e+01 -8.260098e+01 -1.091352e+00
    endloop
  endfacet
  facet normal 9.234458e-01 8.883713e-11 3.837288e-01
    outer loop
      vertex   5.019745e+01 -8.455840e+01 -1.175000e+00
      vertex   5.016269e+01 -8.260098e+01 -1.091352e+00
      vertex   5.016269e+01 -8.455840e+01 -1.091352e+00
    endloop
  endfacet
  facet normal 9.912965e-01 -9.037859e-11 1.316482e-01
    outer loop
      vertex   5.016269e+01 -8.455840e+01 -1.091352e+00
      vertex   5.016269e+01 -8.260098e+01 -1.091352e+00
      vertex   5.015056e+01 -8.260098e+01 -1.000000e+00
    endloop
  endfacet
  facet normal 9.912965e-01 2.685828e-14 1.316482e-01
    outer loop
      vertex   5.016269e+01 -8.455840e+01 -1.091352e+00
      vertex   5.015056e+01 -8.260098e+01 -1.000000e+00
      vertex   5.015056e+01 -8.455840e+01 -1.000000e+00
    endloop
  endfacet
  facet normal 9.912965e-01 -2.685845e-14 -1.316482e-01
    outer loop
      vertex   5.015056e+01 -8.455840e+01 -1.000000e+00
      vertex   5.015056e+01 -8.260098e+01 -1.000000e+00
      vertex   5.016269e+01 -8.455840e+01 -9.086483e-01
    endloop
  endfacet
  facet normal 9.912965e-01 -9.027979e-11 -1.316482e-01
    outer loop
      vertex   5.015056e+01 -8.455840e+01 -1.000000e+00
      vertex   5.016269e+01 -8.455840e+01 -9.086483e-01
      vertex   5.016269e+01 -8.651583e+01 -9.086483e-01
    endloop
  endfacet
  facet normal 9.234458e-01 8.874689e-11 -3.837288e-01
    outer loop
      vertex   5.016269e+01 -8.651583e+01 -9.086483e-01
      vertex   5.016269e+01 -8.455840e+01 -9.086483e-01
      vertex   5.019745e+01 -8.651583e+01 -8.250000e-01
    endloop
  endfacet
  facet normal 9.234458e-01 -3.193572e-19 -3.837288e-01
    outer loop
      vertex   5.016269e+01 -8.651583e+01 -9.086483e-01
      vertex   5.019745e+01 -8.651583e+01 -8.250000e-01
      vertex   5.019745e+01 -8.847325e+01 -8.250000e-01
    endloop
  endfacet
  facet normal 7.933533e-01 0.000000e+00 -6.087614e-01
    outer loop
      vertex   5.019745e+01 -8.847325e+01 -8.250000e-01
      vertex   5.019745e+01 -8.651583e+01 -8.250000e-01
      vertex   5.025307e+01 -8.847325e+01 -7.525126e-01
    endloop
  endfacet
  facet normal 7.933529e-01 -1.110742e-03 -6.087611e-01
    outer loop
      vertex   5.019745e+01 -8.847325e+01 -8.250000e-01
      vertex   5.025307e+01 -8.847325e+01 -7.525126e-01
      vertex   5.020675e+01 -9.027356e+01 -8.095929e-01
    endloop
  endfacet
  facet normal 7.495143e-01 1.704705e-03 -6.619860e-01
    outer loop
      vertex   5.020675e+01 -9.027356e+01 -8.095929e-01
      vertex   5.025307e+01 -8.847325e+01 -7.525126e-01
      vertex   5.027764e+01 -9.004986e+01 -7.287545e-01
    endloop
  endfacet
  facet normal 6.087596e-01 -2.468342e-03 -7.933509e-01
    outer loop
      vertex   5.027764e+01 -9.004986e+01 -7.287545e-01
      vertex   5.025307e+01 -8.847325e+01 -7.525126e-01
      vertex   5.032556e+01 -8.847325e+01 -6.968911e-01
    endloop
  endfacet
  facet normal 5.323635e-01 9.280228e-04 -8.465153e-01
    outer loop
      vertex   5.027764e+01 -9.004986e+01 -7.287545e-01
      vertex   5.032556e+01 -8.847325e+01 -6.968911e-01
      vertex   5.034269e+01 -8.980828e+01 -6.875835e-01
    endloop
  endfacet
  facet normal 3.826830e-01 -1.531609e-03 -9.238784e-01
    outer loop
      vertex   5.034269e+01 -8.980828e+01 -6.875835e-01
      vertex   5.032556e+01 -8.847325e+01 -6.968911e-01
      vertex   5.040997e+01 -8.847325e+01 -6.619260e-01
    endloop
  endfacet
  facet normal 3.774596e-01 -1.227090e-03 -9.260253e-01
    outer loop
      vertex   5.034269e+01 -8.980828e+01 -6.875835e-01
      vertex   5.040997e+01 -8.847325e+01 -6.619260e-01
      vertex   5.039860e+01 -8.955408e+01 -6.651303e-01
    endloop
  endfacet
  facet normal 1.840045e-01 9.775557e-04 -9.829249e-01
    outer loop
      vertex   5.039860e+01 -8.955408e+01 -6.651303e-01
      vertex   5.040997e+01 -8.847325e+01 -6.619260e-01
      vertex   5.047517e+01 -8.902411e+01 -6.502680e-01
    endloop
  endfacet
  facet normal 1.288595e-01 -5.734145e-03 -9.916463e-01
    outer loop
      vertex   5.047517e+01 -8.902411e+01 -6.502680e-01
      vertex   5.040997e+01 -8.847325e+01 -6.619260e-01
      vertex   5.050056e+01 -8.850000e+01 -6.500000e-01
    endloop
  endfacet
  facet normal 1.305262e-01 -5.934084e-19 -9.914449e-01
    outer loop
      vertex   5.050056e+01 -8.850000e+01 -6.500000e-01
      vertex   5.040997e+01 -8.847325e+01 -6.619260e-01
      vertex   5.040997e+01 -8.651583e+01 -6.619260e-01
    endloop
  endfacet
  facet normal 1.305262e-01 -5.934084e-19 -9.914449e-01
    outer loop
      vertex   5.050056e+01 -8.850000e+01 -6.500000e-01
      vertex   5.040997e+01 -8.651583e+01 -6.619260e-01
      vertex   5.040997e+01 -8.455840e+01 -6.619260e-01
    endloop
  endfacet
  facet normal 3.826834e-01 0.000000e+00 -9.238795e-01
    outer loop
      vertex   5.040997e+01 -8.455840e+01 -6.619260e-01
      vertex   5.040997e+01 -8.651583e+01 -6.619260e-01
      vertex   5.032556e+01 -8.455840e+01 -6.968911e-01
    endloop
  endfacet
  facet normal 3.826834e-01 -1.155224e-18 -9.238795e-01
    outer loop
      vertex   5.040997e+01 -8.455840e+01 -6.619260e-01
      vertex   5.032556e+01 -8.455840e+01 -6.968911e-01
      vertex   5.032556e+01 -8.260098e+01 -6.968911e-01
    endloop
  endfacet
  facet normal 6.087614e-01 0.000000e+00 -7.933533e-01
    outer loop
      vertex   5.032556e+01 -8.260098e+01 -6.968911e-01
      vertex   5.032556e+01 -8.455840e+01 -6.968911e-01
      vertex   5.025307e+01 -8.260098e+01 -7.525126e-01
    endloop
  endfacet
  facet normal 6.087614e-01 -2.266149e-18 -7.933533e-01
    outer loop
      vertex   5.032556e+01 -8.260098e+01 -6.968911e-01
      vertex   5.025307e+01 -8.260098e+01 -7.525126e-01
      vertex   5.025307e+01 -8.064356e+01 -7.525126e-01
    endloop
  endfacet
  facet normal 7.933533e-01 0.000000e+00 -6.087614e-01
    outer loop
      vertex   5.025307e+01 -8.064356e+01 -7.525126e-01
      vertex   5.025307e+01 -8.260098e+01 -7.525126e-01
      vertex   5.019745e+01 -8.064356e+01 -8.250000e-01
    endloop
  endfacet
  facet normal 7.933533e-01 -2.019236e-18 -6.087614e-01
    outer loop
      vertex   5.025307e+01 -8.064356e+01 -7.525126e-01
      vertex   5.019745e+01 -8.064356e+01 -8.250000e-01
      vertex   5.019745e+01 -7.868613e+01 -8.250000e-01
    endloop
  endfacet
  facet normal 9.234458e-01 0.000000e+00 -3.837288e-01
    outer loop
      vertex   5.019745e+01 -7.868613e+01 -8.250000e-01
      vertex   5.019745e+01 -8.064356e+01 -8.250000e-01
      vertex   5.016269e+01 -7.868613e+01 -9.086483e-01
    endloop
  endfacet
  facet normal 9.234458e-01 8.874355e-11 -3.837288e-01
    outer loop
      vertex   5.019745e+01 -7.868613e+01 -8.250000e-01
      vertex   5.016269e+01 -7.868613e+01 -9.086483e-01
      vertex   5.016269e+01 -7.672871e+01 -9.086483e-01
    endloop
  endfacet
  facet normal 9.912965e-01 -9.028338e-11 -1.316482e-01
    outer loop
      vertex   5.016269e+01 -7.672871e+01 -9.086483e-01
      vertex   5.016269e+01 -7.868613e+01 -9.086483e-01
      vertex   5.015056e+01 -7.672871e+01 -1.000000e+00
    endloop
  endfacet
  facet normal 9.912965e-01 -2.685064e-14 -1.316482e-01
    outer loop
      vertex   5.016269e+01 -7.672871e+01 -9.086483e-01
      vertex   5.015056e+01 -7.672871e+01 -1.000000e+00
      vertex   5.015056e+01 -7.477129e+01 -1.000000e+00
    endloop
  endfacet
  facet normal 9.912965e-01 2.685099e-14 1.316482e-01
    outer loop
      vertex   5.015056e+01 -7.477129e+01 -1.000000e+00
      vertex   5.015056e+01 -7.672871e+01 -1.000000e+00
      vertex   5.016269e+01 -7.672871e+01 -1.091352e+00
    endloop
  endfacet
  facet normal 9.912965e-01 -9.037499e-11 1.316482e-01
    outer loop
      vertex   5.015056e+01 -7.477129e+01 -1.000000e+00
      vertex   5.016269e+01 -7.672871e+01 -1.091352e+00
      vertex   5.016269e+01 -7.477129e+01 -1.091352e+00
    endloop
  endfacet
  facet normal 9.234458e-01 8.884049e-11 3.837289e-01
    outer loop
      vertex   5.016269e+01 -7.477129e+01 -1.091352e+00
      vertex   5.016269e+01 -7.672871e+01 -1.091352e+00
      vertex   5.019745e+01 -7.672871e+01 -1.175000e+00
    endloop
  endfacet
  facet normal 9.234458e-01 7.825215e-19 3.837289e-01
    outer loop
      vertex   5.016269e+01 -7.477129e+01 -1.091352e+00
      vertex   5.019745e+01 -7.672871e+01 -1.175000e+00
      vertex   5.019745e+01 -7.477129e+01 -1.175000e+00
    endloop
  endfacet
  facet normal 7.933533e-01 0.000000e+00 6.087614e-01
    outer loop
      vertex   5.019745e+01 -7.477129e+01 -1.175000e+00
      vertex   5.019745e+01 -7.672871e+01 -1.175000e+00
      vertex   5.025307e+01 -7.477129e+01 -1.247487e+00
    endloop
  endfacet
  facet normal 7.933533e-01 2.019236e-18 6.087614e-01
    outer loop
      vertex   5.019745e+01 -7.477129e+01 -1.175000e+00
      vertex   5.025307e+01 -7.477129e+01 -1.247487e+00
      vertex   5.025307e+01 -7.281387e+01 -1.247487e+00
    endloop
  endfacet
  facet normal 6.087614e-01 0.000000e+00 7.933533e-01
    outer loop
      vertex   5.025307e+01 -7.281387e+01 -1.247487e+00
      vertex   5.025307e+01 -7.477129e+01 -1.247487e+00
      vertex   5.032556e+01 -7.281387e+01 -1.303109e+00
    endloop
  endfacet
  facet normal 6.087614e-01 9.160555e-19 7.933533e-01
    outer loop
      vertex   5.025307e+01 -7.281387e+01 -1.247487e+00
      vertex   5.032556e+01 -7.281387e+01 -1.303109e+00
      vertex   5.032556e+01 -7.085644e+01 -1.303109e+00
    endloop
  endfacet
  facet normal 3.826834e-01 0.000000e+00 9.238795e-01
    outer loop
      vertex   5.032556e+01 -7.085644e+01 -1.303109e+00
      vertex   5.032556e+01 -7.281387e+01 -1.303109e+00
      vertex   5.040997e+01 -7.085644e+01 -1.338074e+00
    endloop
  endfacet
  facet normal 3.826834e-01 2.090700e-19 9.238795e-01
    outer loop
      vertex   5.032556e+01 -7.085644e+01 -1.303109e+00
      vertex   5.040997e+01 -7.085644e+01 -1.338074e+00
      vertex   5.040997e+01 -6.889902e+01 -1.338074e+00
    endloop
  endfacet
  facet normal 1.305262e-01 0.000000e+00 9.914449e-01
    outer loop
      vertex   5.040997e+01 -6.889902e+01 -1.338074e+00
      vertex   5.040997e+01 -7.085644e+01 -1.338074e+00
      vertex   5.050056e+01 -6.300000e+01 -1.350000e+00
    endloop
  endfacet
  facet normal 1.305262e-01 -0.000000e+00 9.914449e-01
    outer loop
      vertex   5.040997e+01 -6.889902e+01 -1.338074e+00
      vertex   5.050056e+01 -6.300000e+01 -1.350000e+00
      vertex   5.040997e+01 -6.694160e+01 -1.338074e+00
    endloop
  endfacet
  facet normal 1.305262e-01 -0.000000e+00 9.914449e-01
    outer loop
      vertex   5.040997e+01 -6.694160e+01 -1.338074e+00
      vertex   5.050056e+01 -6.300000e+01 -1.350000e+00
      vertex   5.040997e+01 -6.498417e+01 -1.338074e+00
    endloop
  endfacet
  facet normal 3.826834e-01 -0.000000e+00 9.238795e-01
    outer loop
      vertex   5.040997e+01 -6.694160e+01 -1.338074e+00
      vertex   5.040997e+01 -6.498417e+01 -1.338074e+00
      vertex   5.032556e+01 -6.694160e+01 -1.303109e+00
    endloop
  endfacet
  facet normal 3.826834e-01 -0.000000e+00 9.238795e-01
    outer loop
      vertex   5.032556e+01 -6.694160e+01 -1.303109e+00
      vertex   5.040997e+01 -6.498417e+01 -1.338074e+00
      vertex   5.032556e+01 -6.498417e+01 -1.303109e+00
    endloop
  endfacet
  facet normal 6.087614e-01 -0.000000e+00 7.933533e-01
    outer loop
      vertex   5.032556e+01 -6.694160e+01 -1.303109e+00
      vertex   5.032556e+01 -6.498417e+01 -1.303109e+00
      vertex   5.025307e+01 -6.694160e+01 -1.247487e+00
    endloop
  endfacet
  facet normal 6.087614e-01 -0.000000e+00 7.933533e-01
    outer loop
      vertex   5.025307e+01 -6.694160e+01 -1.247487e+00
      vertex   5.032556e+01 -6.498417e+01 -1.303109e+00
      vertex   5.025307e+01 -6.498417e+01 -1.247487e+00
    endloop
  endfacet
  facet normal 7.933533e-01 -0.000000e+00 6.087614e-01
    outer loop
      vertex   5.025307e+01 -6.694160e+01 -1.247487e+00
      vertex   5.025307e+01 -6.498417e+01 -1.247487e+00
      vertex   5.019745e+01 -6.694160e+01 -1.175000e+00
    endloop
  endfacet
  facet normal 7.933533e-01 -0.000000e+00 6.087614e-01
    outer loop
      vertex   5.019745e+01 -6.694160e+01 -1.175000e+00
      vertex   5.025307e+01 -6.498417e+01 -1.247487e+00
      vertex   5.019745e+01 -6.498417e+01 -1.175000e+00
    endloop
  endfacet
  facet normal 9.234458e-01 -0.000000e+00 3.837289e-01
    outer loop
      vertex   5.019745e+01 -6.694160e+01 -1.175000e+00
      vertex   5.019745e+01 -6.498417e+01 -1.175000e+00
      vertex   5.016269e+01 -6.498417e+01 -1.091352e+00
    endloop
  endfacet
  facet normal 9.234458e-01 8.884050e-11 3.837289e-01
    outer loop
      vertex   5.016269e+01 -6.498417e+01 -1.091352e+00
      vertex   5.019745e+01 -6.498417e+01 -1.175000e+00
      vertex   5.016269e+01 -6.302675e+01 -1.091352e+00
    endloop
  endfacet
  facet normal 9.912965e-01 -9.037498e-11 1.316483e-01
    outer loop
      vertex   5.016269e+01 -6.498417e+01 -1.091352e+00
      vertex   5.016269e+01 -6.302675e+01 -1.091352e+00
      vertex   5.015056e+01 -6.302675e+01 -1.000000e+00
    endloop
  endfacet
  facet normal 9.912955e-01 1.423513e-03 1.316481e-01
    outer loop
      vertex   5.015056e+01 -6.302675e+01 -1.000000e+00
      vertex   5.016269e+01 -6.302675e+01 -1.091352e+00
      vertex   5.015210e+01 -6.107344e+01 -1.032720e+00
    endloop
  endfacet
  facet normal 9.988937e-01 9.591443e-15 4.702608e-02
    outer loop
      vertex   5.015056e+01 -6.302675e+01 -1.000000e+00
      vertex   5.015210e+01 -6.107344e+01 -1.032720e+00
      vertex   5.015056e+01 -6.106933e+01 -1.000000e+00
    endloop
  endfacet
  facet normal 1.305262e-01 -0.000000e+00 9.914449e-01
    outer loop
      vertex   5.040997e+01 -6.498417e+01 -1.338074e+00
      vertex   5.050056e+01 -6.300000e+01 -1.350000e+00
      vertex   5.040997e+01 -6.302675e+01 -1.338074e+00
    endloop
  endfacet
  facet normal 1.288594e-01 5.734147e-03 9.916463e-01
    outer loop
      vertex   5.040997e+01 -6.302675e+01 -1.338074e+00
      vertex   5.050056e+01 -6.300000e+01 -1.350000e+00
      vertex   5.047517e+01 -6.247589e+01 -1.349732e+00
    endloop
  endfacet
  facet normal 1.840044e-01 -9.775514e-04 9.829249e-01
    outer loop
      vertex   5.040997e+01 -6.302675e+01 -1.338074e+00
      vertex   5.047517e+01 -6.247589e+01 -1.349732e+00
      vertex   5.039860e+01 -6.194592e+01 -1.334870e+00
    endloop
  endfacet
  facet normal 3.826831e-01 1.288422e-03 9.238788e-01
    outer loop
      vertex   5.040997e+01 -6.302675e+01 -1.338074e+00
      vertex   5.039860e+01 -6.194592e+01 -1.334870e+00
      vertex   5.032556e+01 -6.302675e+01 -1.303109e+00
    endloop
  endfacet
  facet normal 3.788817e-01 1.591292e-03 9.254437e-01
    outer loop
      vertex   5.032556e+01 -6.302675e+01 -1.303109e+00
      vertex   5.039860e+01 -6.194592e+01 -1.334870e+00
      vertex   5.034269e+01 -6.169172e+01 -1.312417e+00
    endloop
  endfacet
  facet normal 5.323634e-01 -9.280247e-04 8.465154e-01
    outer loop
      vertex   5.032556e+01 -6.302675e+01 -1.303109e+00
      vertex   5.034269e+01 -6.169172e+01 -1.312417e+00
      vertex   5.027764e+01 -6.145014e+01 -1.271246e+00
    endloop
  endfacet
  facet normal 6.087596e-01 2.468342e-03 7.933509e-01
    outer loop
      vertex   5.032556e+01 -6.302675e+01 -1.303109e+00
      vertex   5.027764e+01 -6.145014e+01 -1.271246e+00
      vertex   5.025307e+01 -6.302675e+01 -1.247487e+00
    endloop
  endfacet
  facet normal 7.495142e-01 -1.704707e-03 6.619861e-01
    outer loop
      vertex   5.025307e+01 -6.302675e+01 -1.247487e+00
      vertex   5.027764e+01 -6.145014e+01 -1.271246e+00
      vertex   5.020675e+01 -6.122644e+01 -1.190407e+00
    endloop
  endfacet
  facet normal 7.933529e-01 1.110744e-03 6.087611e-01
    outer loop
      vertex   5.025307e+01 -6.302675e+01 -1.247487e+00
      vertex   5.020675e+01 -6.122644e+01 -1.190407e+00
      vertex   5.019745e+01 -6.302675e+01 -1.175000e+00
    endloop
  endfacet
  facet normal 8.685614e-01 -2.464286e-04 4.955815e-01
    outer loop
      vertex   5.019745e+01 -6.302675e+01 -1.175000e+00
      vertex   5.020675e+01 -6.122644e+01 -1.190407e+00
      vertex   5.018847e+01 -6.117368e+01 -1.158335e+00
    endloop
  endfacet
  facet normal 9.203118e-01 9.432843e-04 3.911844e-01
    outer loop
      vertex   5.019745e+01 -6.302675e+01 -1.175000e+00
      vertex   5.018847e+01 -6.117368e+01 -1.158335e+00
      vertex   5.017039e+01 -6.112313e+01 -1.115928e+00
    endloop
  endfacet
  facet normal 9.234451e-01 1.219189e-03 3.837286e-01
    outer loop
      vertex   5.019745e+01 -6.302675e+01 -1.175000e+00
      vertex   5.017039e+01 -6.112313e+01 -1.115928e+00
      vertex   5.016269e+01 -6.302675e+01 -1.091352e+00
    endloop
  endfacet
  facet normal 9.544061e-01 -6.216828e-06 2.985114e-01
    outer loop
      vertex   5.016269e+01 -6.302675e+01 -1.091352e+00
      vertex   5.017039e+01 -6.112313e+01 -1.115928e+00
      vertex   5.016270e+01 -6.110204e+01 -1.091349e+00
    endloop
  endfacet
  facet normal 9.748826e-01 -6.216786e-06 2.227195e-01
    outer loop
      vertex   5.016269e+01 -6.302675e+01 -1.091352e+00
      vertex   5.016270e+01 -6.110204e+01 -1.091349e+00
      vertex   5.015651e+01 -6.108529e+01 -1.064260e+00
    endloop
  endfacet
  facet normal 9.904084e-01 1.223081e-03 1.381653e-01
    outer loop
      vertex   5.015651e+01 -6.108529e+01 -1.064260e+00
      vertex   5.015210e+01 -6.107344e+01 -1.032720e+00
      vertex   5.016269e+01 -6.302675e+01 -1.091352e+00
    endloop
  endfacet
  facet normal 9.988937e-01 -9.591443e-15 -4.702608e-02
    outer loop
      vertex   5.015056e+01 -6.106933e+01 -1.000000e+00
      vertex   5.015210e+01 -6.107344e+01 -9.672797e-01
      vertex   5.015056e+01 -6.302675e+01 -1.000000e+00
    endloop
  endfacet
  facet normal 9.912955e-01 1.423513e-03 -1.316481e-01
    outer loop
      vertex   5.015056e+01 -6.302675e+01 -1.000000e+00
      vertex   5.015210e+01 -6.107344e+01 -9.672797e-01
      vertex   5.016269e+01 -6.302675e+01 -9.086483e-01
    endloop
  endfacet
  facet normal 9.912965e-01 -9.028338e-11 -1.316483e-01
    outer loop
      vertex   5.015056e+01 -6.302675e+01 -1.000000e+00
      vertex   5.016269e+01 -6.302675e+01 -9.086483e-01
      vertex   5.016269e+01 -6.498417e+01 -9.086483e-01
    endloop
  endfacet
  facet normal 9.234458e-01 8.874353e-11 -3.837289e-01
    outer loop
      vertex   5.016269e+01 -6.498417e+01 -9.086483e-01
      vertex   5.016269e+01 -6.302675e+01 -9.086483e-01
      vertex   5.019745e+01 -6.498417e+01 -8.250000e-01
    endloop
  endfacet
  facet normal 9.234458e-01 -1.096456e-18 -3.837289e-01
    outer loop
      vertex   5.016269e+01 -6.498417e+01 -9.086483e-01
      vertex   5.019745e+01 -6.498417e+01 -8.250000e-01
      vertex   5.019745e+01 -6.694160e+01 -8.250000e-01
    endloop
  endfacet
  facet normal 7.933533e-01 0.000000e+00 -6.087614e-01
    outer loop
      vertex   5.019745e+01 -6.694160e+01 -8.250000e-01
      vertex   5.019745e+01 -6.498417e+01 -8.250000e-01
      vertex   5.025307e+01 -6.694160e+01 -7.525126e-01
    endloop
  endfacet
  facet normal 7.933533e-01 -2.019236e-18 -6.087614e-01
    outer loop
      vertex   5.019745e+01 -6.694160e+01 -8.250000e-01
      vertex   5.025307e+01 -6.694160e+01 -7.525126e-01
      vertex   5.025307e+01 -6.889902e+01 -7.525126e-01
    endloop
  endfacet
  facet normal 6.087614e-01 0.000000e+00 -7.933533e-01
    outer loop
      vertex   5.025307e+01 -6.889902e+01 -7.525126e-01
      vertex   5.025307e+01 -6.694160e+01 -7.525126e-01
      vertex   5.032556e+01 -6.889902e+01 -6.968911e-01
    endloop
  endfacet
  facet normal 6.087614e-01 -2.266149e-18 -7.933533e-01
    outer loop
      vertex   5.025307e+01 -6.889902e+01 -7.525126e-01
      vertex   5.032556e+01 -6.889902e+01 -6.968911e-01
      vertex   5.032556e+01 -7.085644e+01 -6.968911e-01
    endloop
  endfacet
  facet normal 3.826834e-01 0.000000e+00 -9.238795e-01
    outer loop
      vertex   5.032556e+01 -7.085644e+01 -6.968911e-01
      vertex   5.032556e+01 -6.889902e+01 -6.968911e-01
      vertex   5.040997e+01 -7.085644e+01 -6.619260e-01
    endloop
  endfacet
  facet normal 3.826834e-01 -1.155224e-18 -9.238795e-01
    outer loop
      vertex   5.032556e+01 -7.085644e+01 -6.968911e-01
      vertex   5.040997e+01 -7.085644e+01 -6.619260e-01
      vertex   5.040997e+01 -7.281387e+01 -6.619260e-01
    endloop
  endfacet
  facet normal 1.760072e-01 0.000000e+00 -9.843889e-01
    outer loop
      vertex   5.040997e+01 -7.281387e+01 -6.619260e-01
      vertex   5.040997e+01 -7.085644e+01 -6.619260e-01
      vertex   5.047517e+01 -6.247589e+01 -6.502680e-01
    endloop
  endfacet
  facet normal 1.760072e-01 0.000000e+00 -9.843889e-01
    outer loop
      vertex   5.040997e+01 -7.281387e+01 -6.619260e-01
      vertex   5.047517e+01 -6.247589e+01 -6.502680e-01
      vertex   5.040997e+01 -7.477129e+01 -6.619260e-01
    endloop
  endfacet
  facet normal 1.509113e-01 1.370246e-04 -9.885473e-01
    outer loop
      vertex   5.040997e+01 -7.477129e+01 -6.619260e-01
      vertex   5.047517e+01 -6.247589e+01 -6.502680e-01
      vertex   5.050056e+01 -8.850000e+01 -6.500000e-01
    endloop
  endfacet
  facet normal 1.305262e-01 0.000000e+00 -9.914449e-01
    outer loop
      vertex   5.040997e+01 -7.477129e+01 -6.619260e-01
      vertex   5.050056e+01 -8.850000e+01 -6.500000e-01
      vertex   5.040997e+01 -7.672871e+01 -6.619260e-01
    endloop
  endfacet
  facet normal 1.305262e-01 0.000000e+00 -9.914449e-01
    outer loop
      vertex   5.040997e+01 -7.672871e+01 -6.619260e-01
      vertex   5.050056e+01 -8.850000e+01 -6.500000e-01
      vertex   5.040997e+01 -7.868613e+01 -6.619260e-01
    endloop
  endfacet
  facet normal 3.826834e-01 0.000000e+00 -9.238795e-01
    outer loop
      vertex   5.040997e+01 -7.672871e+01 -6.619260e-01
      vertex   5.040997e+01 -7.868613e+01 -6.619260e-01
      vertex   5.032556e+01 -7.672871e+01 -6.968911e-01
    endloop
  endfacet
  facet normal 3.826834e-01 0.000000e+00 -9.238795e-01
    outer loop
      vertex   5.032556e+01 -7.672871e+01 -6.968911e-01
      vertex   5.040997e+01 -7.868613e+01 -6.619260e-01
      vertex   5.032556e+01 -7.868613e+01 -6.968911e-01
    endloop
  endfacet
  facet normal 6.087614e-01 0.000000e+00 -7.933533e-01
    outer loop
      vertex   5.032556e+01 -7.672871e+01 -6.968911e-01
      vertex   5.032556e+01 -7.868613e+01 -6.968911e-01
      vertex   5.025307e+01 -7.672871e+01 -7.525126e-01
    endloop
  endfacet
  facet normal 6.087614e-01 0.000000e+00 -7.933533e-01
    outer loop
      vertex   5.025307e+01 -7.672871e+01 -7.525126e-01
      vertex   5.032556e+01 -7.868613e+01 -6.968911e-01
      vertex   5.025307e+01 -7.868613e+01 -7.525126e-01
    endloop
  endfacet
  facet normal 7.933533e-01 0.000000e+00 -6.087614e-01
    outer loop
      vertex   5.025307e+01 -7.672871e+01 -7.525126e-01
      vertex   5.025307e+01 -7.868613e+01 -7.525126e-01
      vertex   5.019745e+01 -7.672871e+01 -8.250000e-01
    endloop
  endfacet
  facet normal 7.933533e-01 0.000000e+00 -6.087614e-01
    outer loop
      vertex   5.019745e+01 -7.672871e+01 -8.250000e-01
      vertex   5.025307e+01 -7.868613e+01 -7.525126e-01
      vertex   5.019745e+01 -7.868613e+01 -8.250000e-01
    endloop
  endfacet
  facet normal 9.234458e-01 0.000000e+00 -3.837289e-01
    outer loop
      vertex   5.019745e+01 -7.672871e+01 -8.250000e-01
      vertex   5.019745e+01 -7.868613e+01 -8.250000e-01
      vertex   5.016269e+01 -7.672871e+01 -9.086483e-01
    endloop
  endfacet
  facet normal 9.904084e-01 1.223081e-03 -1.381653e-01
    outer loop
      vertex   5.015210e+01 -6.107344e+01 -9.672797e-01
      vertex   5.015651e+01 -6.108529e+01 -9.357402e-01
      vertex   5.016269e+01 -6.302675e+01 -9.086483e-01
    endloop
  endfacet
  facet normal 9.748826e-01 -6.216786e-06 -2.227195e-01
    outer loop
      vertex   5.016269e+01 -6.302675e+01 -9.086483e-01
      vertex   5.015651e+01 -6.108529e+01 -9.357402e-01
      vertex   5.016270e+01 -6.110204e+01 -9.086514e-01
    endloop
  endfacet
  facet normal 9.544061e-01 -6.216828e-06 -2.985114e-01
    outer loop
      vertex   5.016269e+01 -6.302675e+01 -9.086483e-01
      vertex   5.016270e+01 -6.110204e+01 -9.086514e-01
      vertex   5.017039e+01 -6.112313e+01 -8.840719e-01
    endloop
  endfacet
  facet normal 9.234451e-01 1.219189e-03 -3.837286e-01
    outer loop
      vertex   5.016269e+01 -6.302675e+01 -9.086483e-01
      vertex   5.017039e+01 -6.112313e+01 -8.840719e-01
      vertex   5.019745e+01 -6.302675e+01 -8.250000e-01
    endloop
  endfacet
  facet normal 9.203118e-01 9.432843e-04 -3.911844e-01
    outer loop
      vertex   5.019745e+01 -6.302675e+01 -8.250000e-01
      vertex   5.017039e+01 -6.112313e+01 -8.840719e-01
      vertex   5.018847e+01 -6.117368e+01 -8.416648e-01
    endloop
  endfacet
  facet normal 8.685614e-01 -2.464286e-04 -4.955815e-01
    outer loop
      vertex   5.019745e+01 -6.302675e+01 -8.250000e-01
      vertex   5.018847e+01 -6.117368e+01 -8.416648e-01
      vertex   5.020675e+01 -6.122644e+01 -8.095929e-01
    endloop
  endfacet
  facet normal 7.933529e-01 1.110744e-03 -6.087611e-01
    outer loop
      vertex   5.019745e+01 -6.302675e+01 -8.250000e-01
      vertex   5.020675e+01 -6.122644e+01 -8.095929e-01
      vertex   5.025307e+01 -6.302675e+01 -7.525126e-01
    endloop
  endfacet
  facet normal 7.495142e-01 -1.704707e-03 -6.619861e-01
    outer loop
      vertex   5.025307e+01 -6.302675e+01 -7.525126e-01
      vertex   5.020675e+01 -6.122644e+01 -8.095929e-01
      vertex   5.027764e+01 -6.145014e+01 -7.287545e-01
    endloop
  endfacet
  facet normal 6.087596e-01 2.468342e-03 -7.933509e-01
    outer loop
      vertex   5.025307e+01 -6.302675e+01 -7.525126e-01
      vertex   5.027764e+01 -6.145014e+01 -7.287545e-01
      vertex   5.032556e+01 -6.302675e+01 -6.968911e-01
    endloop
  endfacet
  facet normal 5.323634e-01 -9.280247e-04 -8.465154e-01
    outer loop
      vertex   5.032556e+01 -6.302675e+01 -6.968911e-01
      vertex   5.027764e+01 -6.145014e+01 -7.287545e-01
      vertex   5.034269e+01 -6.169172e+01 -6.875835e-01
    endloop
  endfacet
  facet normal 3.826830e-01 1.531613e-03 -9.238784e-01
    outer loop
      vertex   5.032556e+01 -6.302675e+01 -6.968911e-01
      vertex   5.034269e+01 -6.169172e+01 -6.875835e-01
      vertex   5.040997e+01 -6.302675e+01 -6.619260e-01
    endloop
  endfacet
  facet normal 3.774594e-01 1.227083e-03 -9.260253e-01
    outer loop
      vertex   5.040997e+01 -6.302675e+01 -6.619260e-01
      vertex   5.034269e+01 -6.169172e+01 -6.875835e-01
      vertex   5.039860e+01 -6.194592e+01 -6.651302e-01
    endloop
  endfacet
  facet normal 1.840044e-01 -9.775514e-04 -9.829249e-01
    outer loop
      vertex   5.040997e+01 -6.302675e+01 -6.619260e-01
      vertex   5.039860e+01 -6.194592e+01 -6.651302e-01
      vertex   5.047517e+01 -6.247589e+01 -6.502680e-01
    endloop
  endfacet
  facet normal 1.055669e-02 -4.100718e-12 -9.999443e-01
    outer loop
      vertex   5.047517e+01 -6.247589e+01 -6.502680e-01
      vertex   5.050056e+01 -6.300000e+01 -6.500000e-01
      vertex   5.050056e+01 -8.850000e+01 -6.500000e-01
    endloop
  endfacet
  facet normal 8.685614e-01 2.464286e-04 -4.955814e-01
    outer loop
      vertex   5.020675e+01 -9.027356e+01 -8.095929e-01
      vertex   5.018847e+01 -9.032632e+01 -8.416649e-01
      vertex   5.019745e+01 -8.847325e+01 -8.250000e-01
    endloop
  endfacet
  facet normal 9.203119e-01 -9.432863e-04 -3.911843e-01
    outer loop
      vertex   5.019745e+01 -8.847325e+01 -8.250000e-01
      vertex   5.018847e+01 -9.032632e+01 -8.416649e-01
      vertex   5.017039e+01 -9.037687e+01 -8.840720e-01
    endloop
  endfacet
  facet normal 9.234451e-01 -1.219189e-03 -3.837286e-01
    outer loop
      vertex   5.019745e+01 -8.847325e+01 -8.250000e-01
      vertex   5.017039e+01 -9.037687e+01 -8.840720e-01
      vertex   5.016269e+01 -8.847325e+01 -9.086483e-01
    endloop
  endfacet
  facet normal 9.544061e-01 6.216864e-06 -2.985113e-01
    outer loop
      vertex   5.016269e+01 -8.847325e+01 -9.086483e-01
      vertex   5.017039e+01 -9.037687e+01 -8.840720e-01
      vertex   5.016270e+01 -9.039796e+01 -9.086514e-01
    endloop
  endfacet
  facet normal 9.748826e-01 6.216715e-06 -2.227194e-01
    outer loop
      vertex   5.016269e+01 -8.847325e+01 -9.086483e-01
      vertex   5.016270e+01 -9.039796e+01 -9.086514e-01
      vertex   5.015651e+01 -9.041471e+01 -9.357402e-01
    endloop
  endfacet
  facet normal 9.904084e-01 -1.223080e-03 -1.381653e-01
    outer loop
      vertex   5.015651e+01 -9.041471e+01 -9.357402e-01
      vertex   5.015210e+01 -9.042656e+01 -9.672797e-01
      vertex   5.016269e+01 -8.847325e+01 -9.086483e-01
    endloop
  endfacet
  facet normal 9.912955e-01 -1.423512e-03 -1.316481e-01
    outer loop
      vertex   5.016269e+01 -8.847325e+01 -9.086483e-01
      vertex   5.015210e+01 -9.042656e+01 -9.672797e-01
      vertex   5.015056e+01 -8.847325e+01 -1.000000e+00
    endloop
  endfacet
  facet normal 9.912965e-01 -2.685062e-14 -1.316482e-01
    outer loop
      vertex   5.016269e+01 -8.847325e+01 -9.086483e-01
      vertex   5.015056e+01 -8.847325e+01 -1.000000e+00
      vertex   5.015056e+01 -8.651583e+01 -1.000000e+00
    endloop
  endfacet
  facet normal 9.912965e-01 2.685099e-14 1.316482e-01
    outer loop
      vertex   5.015056e+01 -8.651583e+01 -1.000000e+00
      vertex   5.015056e+01 -8.847325e+01 -1.000000e+00
      vertex   5.016269e+01 -8.847325e+01 -1.091352e+00
    endloop
  endfacet
  facet normal 9.912965e-01 -9.037858e-11 1.316482e-01
    outer loop
      vertex   5.015056e+01 -8.651583e+01 -1.000000e+00
      vertex   5.016269e+01 -8.847325e+01 -1.091352e+00
      vertex   5.016269e+01 -8.651583e+01 -1.091352e+00
    endloop
  endfacet
  facet normal 9.234458e-01 8.883717e-11 3.837288e-01
    outer loop
      vertex   5.016269e+01 -8.651583e+01 -1.091352e+00
      vertex   5.016269e+01 -8.847325e+01 -1.091352e+00
      vertex   5.019745e+01 -8.847325e+01 -1.175000e+00
    endloop
  endfacet
  facet normal 9.234458e-01 2.776152e-19 3.837288e-01
    outer loop
      vertex   5.016269e+01 -8.651583e+01 -1.091352e+00
      vertex   5.019745e+01 -8.847325e+01 -1.175000e+00
      vertex   5.019745e+01 -8.651583e+01 -1.175000e+00
    endloop
  endfacet
  facet normal 7.933533e-01 0.000000e+00 6.087614e-01
    outer loop
      vertex   5.019745e+01 -8.651583e+01 -1.175000e+00
      vertex   5.019745e+01 -8.847325e+01 -1.175000e+00
      vertex   5.025307e+01 -8.651583e+01 -1.247487e+00
    endloop
  endfacet
  facet normal 7.933533e-01 2.019236e-18 6.087614e-01
    outer loop
      vertex   5.019745e+01 -8.651583e+01 -1.175000e+00
      vertex   5.025307e+01 -8.651583e+01 -1.247487e+00
      vertex   5.025307e+01 -8.455840e+01 -1.247487e+00
    endloop
  endfacet
  facet normal 6.087614e-01 0.000000e+00 7.933533e-01
    outer loop
      vertex   5.025307e+01 -8.455840e+01 -1.247487e+00
      vertex   5.025307e+01 -8.651583e+01 -1.247487e+00
      vertex   5.032556e+01 -8.455840e+01 -1.303109e+00
    endloop
  endfacet
  facet normal 6.087614e-01 9.160555e-19 7.933533e-01
    outer loop
      vertex   5.025307e+01 -8.455840e+01 -1.247487e+00
      vertex   5.032556e+01 -8.455840e+01 -1.303109e+00
      vertex   5.032556e+01 -8.260098e+01 -1.303109e+00
    endloop
  endfacet
  facet normal 3.826834e-01 0.000000e+00 9.238795e-01
    outer loop
      vertex   5.032556e+01 -8.260098e+01 -1.303109e+00
      vertex   5.032556e+01 -8.455840e+01 -1.303109e+00
      vertex   5.040997e+01 -8.260098e+01 -1.338074e+00
    endloop
  endfacet
  facet normal 3.826834e-01 2.090700e-19 9.238795e-01
    outer loop
      vertex   5.032556e+01 -8.260098e+01 -1.303109e+00
      vertex   5.040997e+01 -8.260098e+01 -1.338074e+00
      vertex   5.040997e+01 -8.064356e+01 -1.338074e+00
    endloop
  endfacet
  facet normal 1.760073e-01 0.000000e+00 9.843889e-01
    outer loop
      vertex   5.040997e+01 -8.064356e+01 -1.338074e+00
      vertex   5.040997e+01 -8.260098e+01 -1.338074e+00
      vertex   5.047517e+01 -8.902411e+01 -1.349732e+00
    endloop
  endfacet
  facet normal 1.760073e-01 -0.000000e+00 9.843889e-01
    outer loop
      vertex   5.040997e+01 -8.064356e+01 -1.338074e+00
      vertex   5.047517e+01 -8.902411e+01 -1.349732e+00
      vertex   5.040997e+01 -7.868613e+01 -1.338074e+00
    endloop
  endfacet
  facet normal 9.988937e-01 -9.594083e-15 -4.702606e-02
    outer loop
      vertex   5.015210e+01 -9.042656e+01 -9.672797e-01
      vertex   5.015056e+01 -9.043067e+01 -1.000000e+00
      vertex   5.015056e+01 -8.847325e+01 -1.000000e+00
    endloop
  endfacet
  facet normal 9.988937e-01 9.594108e-15 4.702606e-02
    outer loop
      vertex   5.015056e+01 -8.847325e+01 -1.000000e+00
      vertex   5.015056e+01 -9.043067e+01 -1.000000e+00
      vertex   5.015210e+01 -9.042656e+01 -1.032720e+00
    endloop
  endfacet
  facet normal 9.912955e-01 -1.423512e-03 1.316481e-01
    outer loop
      vertex   5.015056e+01 -8.847325e+01 -1.000000e+00
      vertex   5.015210e+01 -9.042656e+01 -1.032720e+00
      vertex   5.016269e+01 -8.847325e+01 -1.091352e+00
    endloop
  endfacet
  facet normal 9.904084e-01 -1.223080e-03 1.381653e-01
    outer loop
      vertex   5.016269e+01 -8.847325e+01 -1.091352e+00
      vertex   5.015210e+01 -9.042656e+01 -1.032720e+00
      vertex   5.015651e+01 -9.041471e+01 -1.064260e+00
    endloop
  endfacet
  facet normal 9.748826e-01 6.216715e-06 2.227194e-01
    outer loop
      vertex   5.016269e+01 -8.847325e+01 -1.091352e+00
      vertex   5.015651e+01 -9.041471e+01 -1.064260e+00
      vertex   5.016270e+01 -9.039796e+01 -1.091349e+00
    endloop
  endfacet
  facet normal 9.544061e-01 6.216864e-06 2.985113e-01
    outer loop
      vertex   5.016270e+01 -9.039796e+01 -1.091349e+00
      vertex   5.017039e+01 -9.037687e+01 -1.115928e+00
      vertex   5.016269e+01 -8.847325e+01 -1.091352e+00
    endloop
  endfacet
  facet normal 9.234451e-01 -1.219189e-03 3.837286e-01
    outer loop
      vertex   5.016269e+01 -8.847325e+01 -1.091352e+00
      vertex   5.017039e+01 -9.037687e+01 -1.115928e+00
      vertex   5.019745e+01 -8.847325e+01 -1.175000e+00
    endloop
  endfacet
  facet normal 9.203119e-01 -9.432863e-04 3.911843e-01
    outer loop
      vertex   5.017039e+01 -9.037687e+01 -1.115928e+00
      vertex   5.018847e+01 -9.032632e+01 -1.158335e+00
      vertex   5.019745e+01 -8.847325e+01 -1.175000e+00
    endloop
  endfacet
  facet normal 8.685614e-01 2.464286e-04 4.955814e-01
    outer loop
      vertex   5.019745e+01 -8.847325e+01 -1.175000e+00
      vertex   5.018847e+01 -9.032632e+01 -1.158335e+00
      vertex   5.020675e+01 -9.027356e+01 -1.190407e+00
    endloop
  endfacet
  facet normal 7.933529e-01 -1.110742e-03 6.087611e-01
    outer loop
      vertex   5.019745e+01 -8.847325e+01 -1.175000e+00
      vertex   5.020675e+01 -9.027356e+01 -1.190407e+00
      vertex   5.025307e+01 -8.847325e+01 -1.247487e+00
    endloop
  endfacet
  facet normal 7.495143e-01 1.704705e-03 6.619860e-01
    outer loop
      vertex   5.025307e+01 -8.847325e+01 -1.247487e+00
      vertex   5.020675e+01 -9.027356e+01 -1.190407e+00
      vertex   5.027764e+01 -9.004986e+01 -1.271245e+00
    endloop
  endfacet
  facet normal 6.087596e-01 -2.468342e-03 7.933509e-01
    outer loop
      vertex   5.025307e+01 -8.847325e+01 -1.247487e+00
      vertex   5.027764e+01 -9.004986e+01 -1.271245e+00
      vertex   5.032556e+01 -8.847325e+01 -1.303109e+00
    endloop
  endfacet
  facet normal 5.323635e-01 9.280228e-04 8.465153e-01
    outer loop
      vertex   5.032556e+01 -8.847325e+01 -1.303109e+00
      vertex   5.027764e+01 -9.004986e+01 -1.271245e+00
      vertex   5.034269e+01 -8.980828e+01 -1.312416e+00
    endloop
  endfacet
  facet normal 3.788819e-01 -1.591287e-03 9.254437e-01
    outer loop
      vertex   5.032556e+01 -8.847325e+01 -1.303109e+00
      vertex   5.034269e+01 -8.980828e+01 -1.312416e+00
      vertex   5.039860e+01 -8.955408e+01 -1.334870e+00
    endloop
  endfacet
  facet normal 3.826831e-01 -1.288427e-03 9.238788e-01
    outer loop
      vertex   5.032556e+01 -8.847325e+01 -1.303109e+00
      vertex   5.039860e+01 -8.955408e+01 -1.334870e+00
      vertex   5.040997e+01 -8.847325e+01 -1.338074e+00
    endloop
  endfacet
  facet normal 1.840045e-01 9.775557e-04 9.829249e-01
    outer loop
      vertex   5.040997e+01 -8.847325e+01 -1.338074e+00
      vertex   5.039860e+01 -8.955408e+01 -1.334870e+00
      vertex   5.047517e+01 -8.902411e+01 -1.349732e+00
    endloop
  endfacet
  facet normal 1.760073e-01 -0.000000e+00 9.843889e-01
    outer loop
      vertex   5.040997e+01 -8.847325e+01 -1.338074e+00
      vertex   5.047517e+01 -8.902411e+01 -1.349732e+00
      vertex   5.040997e+01 -8.651583e+01 -1.338074e+00
    endloop
  endfacet
  facet normal 1.760073e-01 -0.000000e+00 9.843889e-01
    outer loop
      vertex   5.040997e+01 -8.651583e+01 -1.338074e+00
      vertex   5.047517e+01 -8.902411e+01 -1.349732e+00
      vertex   5.040997e+01 -8.455840e+01 -1.338074e+00
    endloop
  endfacet
  facet normal 3.826834e-01 -0.000000e+00 9.238795e-01
    outer loop
      vertex   5.040997e+01 -8.651583e+01 -1.338074e+00
      vertex   5.040997e+01 -8.455840e+01 -1.338074e+00
      vertex   5.032556e+01 -8.651583e+01 -1.303109e+00
    endloop
  endfacet
  facet normal 3.826834e-01 -0.000000e+00 9.238795e-01
    outer loop
      vertex   5.032556e+01 -8.651583e+01 -1.303109e+00
      vertex   5.040997e+01 -8.455840e+01 -1.338074e+00
      vertex   5.032556e+01 -8.455840e+01 -1.303109e+00
    endloop
  endfacet
  facet normal 6.087614e-01 -0.000000e+00 7.933533e-01
    outer loop
      vertex   5.032556e+01 -8.651583e+01 -1.303109e+00
      vertex   5.032556e+01 -8.455840e+01 -1.303109e+00
      vertex   5.025307e+01 -8.651583e+01 -1.247487e+00
    endloop
  endfacet
  facet normal 3.826834e-01 2.090700e-19 9.238795e-01
    outer loop
      vertex   5.032556e+01 -6.498417e+01 -1.303109e+00
      vertex   5.040997e+01 -6.498417e+01 -1.338074e+00
      vertex   5.040997e+01 -6.302675e+01 -1.338074e+00
    endloop
  endfacet
  facet normal 3.826834e-01 -0.000000e+00 9.238795e-01
    outer loop
      vertex   5.040997e+01 -6.889902e+01 -1.338074e+00
      vertex   5.040997e+01 -6.694160e+01 -1.338074e+00
      vertex   5.032556e+01 -6.889902e+01 -1.303109e+00
    endloop
  endfacet
  facet normal 3.826834e-01 -0.000000e+00 9.238795e-01
    outer loop
      vertex   5.032556e+01 -6.889902e+01 -1.303109e+00
      vertex   5.040997e+01 -6.694160e+01 -1.338074e+00
      vertex   5.032556e+01 -6.694160e+01 -1.303109e+00
    endloop
  endfacet
  facet normal 6.087614e-01 -0.000000e+00 7.933533e-01
    outer loop
      vertex   5.032556e+01 -6.889902e+01 -1.303109e+00
      vertex   5.032556e+01 -6.694160e+01 -1.303109e+00
      vertex   5.025307e+01 -6.889902e+01 -1.247487e+00
    endloop
  endfacet
  facet normal 6.087614e-01 -0.000000e+00 7.933533e-01
    outer loop
      vertex   5.025307e+01 -6.889902e+01 -1.247487e+00
      vertex   5.032556e+01 -6.694160e+01 -1.303109e+00
      vertex   5.025307e+01 -6.694160e+01 -1.247487e+00
    endloop
  endfacet
  facet normal 7.933533e-01 -0.000000e+00 6.087614e-01
    outer loop
      vertex   5.025307e+01 -6.889902e+01 -1.247487e+00
      vertex   5.025307e+01 -6.694160e+01 -1.247487e+00
      vertex   5.019745e+01 -6.889902e+01 -1.175000e+00
    endloop
  endfacet
  facet normal 7.933533e-01 -0.000000e+00 6.087614e-01
    outer loop
      vertex   5.019745e+01 -6.889902e+01 -1.175000e+00
      vertex   5.025307e+01 -6.694160e+01 -1.247487e+00
      vertex   5.019745e+01 -6.694160e+01 -1.175000e+00
    endloop
  endfacet
  facet normal 9.234458e-01 -0.000000e+00 3.837289e-01
    outer loop
      vertex   5.019745e+01 -6.889902e+01 -1.175000e+00
      vertex   5.019745e+01 -6.694160e+01 -1.175000e+00
      vertex   5.016269e+01 -6.694160e+01 -1.091352e+00
    endloop
  endfacet
  facet normal 9.234458e-01 8.883384e-11 3.837289e-01
    outer loop
      vertex   5.016269e+01 -6.694160e+01 -1.091352e+00
      vertex   5.019745e+01 -6.694160e+01 -1.175000e+00
      vertex   5.016269e+01 -6.498417e+01 -1.091352e+00
    endloop
  endfacet
  facet normal 9.912965e-01 -9.038217e-11 1.316483e-01
    outer loop
      vertex   5.016269e+01 -6.694160e+01 -1.091352e+00
      vertex   5.016269e+01 -6.498417e+01 -1.091352e+00
      vertex   5.015056e+01 -6.498417e+01 -1.000000e+00
    endloop
  endfacet
  facet normal 9.912965e-01 2.685099e-14 1.316483e-01
    outer loop
      vertex   5.015056e+01 -6.498417e+01 -1.000000e+00
      vertex   5.016269e+01 -6.498417e+01 -1.091352e+00
      vertex   5.015056e+01 -6.302675e+01 -1.000000e+00
    endloop
  endfacet
  facet normal 9.912965e-01 -2.685099e-14 -1.316483e-01
    outer loop
      vertex   5.015056e+01 -6.498417e+01 -1.000000e+00
      vertex   5.015056e+01 -6.302675e+01 -1.000000e+00
      vertex   5.016269e+01 -6.498417e+01 -9.086483e-01
    endloop
  endfacet
  facet normal 1.305262e-01 0.000000e+00 9.914449e-01
    outer loop
      vertex   5.040997e+01 -7.085644e+01 -1.338074e+00
      vertex   5.040997e+01 -7.281387e+01 -1.338074e+00
      vertex   5.050056e+01 -6.300000e+01 -1.350000e+00
    endloop
  endfacet
  facet normal 1.305262e-01 5.216084e-19 9.914449e-01
    outer loop
      vertex   5.050056e+01 -6.300000e+01 -1.350000e+00
      vertex   5.040997e+01 -7.281387e+01 -1.338074e+00
      vertex   5.040997e+01 -7.477129e+01 -1.338074e+00
    endloop
  endfacet
  facet normal 1.305262e-01 5.216084e-19 9.914449e-01
    outer loop
      vertex   5.050056e+01 -6.300000e+01 -1.350000e+00
      vertex   5.040997e+01 -7.477129e+01 -1.338074e+00
      vertex   5.040997e+01 -7.672871e+01 -1.338074e+00
    endloop
  endfacet
  facet normal 3.826834e-01 -0.000000e+00 9.238795e-01
    outer loop
      vertex   5.040997e+01 -7.672871e+01 -1.338074e+00
      vertex   5.040997e+01 -7.477129e+01 -1.338074e+00
      vertex   5.032556e+01 -7.672871e+01 -1.303109e+00
    endloop
  endfacet
  facet normal 3.826834e-01 2.090700e-19 9.238795e-01
    outer loop
      vertex   5.040997e+01 -7.672871e+01 -1.338074e+00
      vertex   5.032556e+01 -7.672871e+01 -1.303109e+00
      vertex   5.032556e+01 -7.868613e+01 -1.303109e+00
    endloop
  endfacet
  facet normal 6.087614e-01 -0.000000e+00 7.933533e-01
    outer loop
      vertex   5.032556e+01 -7.868613e+01 -1.303109e+00
      vertex   5.032556e+01 -7.672871e+01 -1.303109e+00
      vertex   5.025307e+01 -7.868613e+01 -1.247487e+00
    endloop
  endfacet
  facet normal 6.087614e-01 9.160555e-19 7.933533e-01
    outer loop
      vertex   5.032556e+01 -7.868613e+01 -1.303109e+00
      vertex   5.025307e+01 -7.868613e+01 -1.247487e+00
      vertex   5.025307e+01 -8.064356e+01 -1.247487e+00
    endloop
  endfacet
  facet normal 7.933533e-01 -0.000000e+00 6.087614e-01
    outer loop
      vertex   5.025307e+01 -8.064356e+01 -1.247487e+00
      vertex   5.025307e+01 -7.868613e+01 -1.247487e+00
      vertex   5.019745e+01 -8.064356e+01 -1.175000e+00
    endloop
  endfacet
  facet normal 7.933533e-01 2.019236e-18 6.087614e-01
    outer loop
      vertex   5.025307e+01 -8.064356e+01 -1.247487e+00
      vertex   5.019745e+01 -8.064356e+01 -1.175000e+00
      vertex   5.019745e+01 -8.260098e+01 -1.175000e+00
    endloop
  endfacet
  facet normal 9.234458e-01 -0.000000e+00 3.837288e-01
    outer loop
      vertex   5.019745e+01 -8.260098e+01 -1.175000e+00
      vertex   5.019745e+01 -8.064356e+01 -1.175000e+00
      vertex   5.016269e+01 -8.064356e+01 -1.091352e+00
    endloop
  endfacet
  facet normal 9.234458e-01 8.883718e-11 3.837288e-01
    outer loop
      vertex   5.019745e+01 -8.260098e+01 -1.175000e+00
      vertex   5.016269e+01 -8.064356e+01 -1.091352e+00
      vertex   5.016269e+01 -8.260098e+01 -1.091352e+00
    endloop
  endfacet
  facet normal 9.912965e-01 -9.037858e-11 1.316482e-01
    outer loop
      vertex   5.016269e+01 -8.260098e+01 -1.091352e+00
      vertex   5.016269e+01 -8.064356e+01 -1.091352e+00
      vertex   5.015056e+01 -8.064356e+01 -1.000000e+00
    endloop
  endfacet
  facet normal 9.912965e-01 2.685147e-14 1.316482e-01
    outer loop
      vertex   5.016269e+01 -8.260098e+01 -1.091352e+00
      vertex   5.015056e+01 -8.064356e+01 -1.000000e+00
      vertex   5.015056e+01 -8.260098e+01 -1.000000e+00
    endloop
  endfacet
  facet normal 9.912965e-01 -2.685099e-14 -1.316482e-01
    outer loop
      vertex   5.015056e+01 -8.260098e+01 -1.000000e+00
      vertex   5.015056e+01 -8.064356e+01 -1.000000e+00
      vertex   5.016269e+01 -8.260098e+01 -9.086483e-01
    endloop
  endfacet
  facet normal 9.912965e-01 -9.028340e-11 -1.316482e-01
    outer loop
      vertex   5.015056e+01 -8.260098e+01 -1.000000e+00
      vertex   5.016269e+01 -8.260098e+01 -9.086483e-01
      vertex   5.016269e+01 -8.455840e+01 -9.086483e-01
    endloop
  endfacet
  facet normal 9.234458e-01 8.874352e-11 -3.837288e-01
    outer loop
      vertex   5.016269e+01 -8.455840e+01 -9.086483e-01
      vertex   5.016269e+01 -8.260098e+01 -9.086483e-01
      vertex   5.019745e+01 -8.455840e+01 -8.250000e-01
    endloop
  endfacet
  facet normal 9.234458e-01 -2.136524e-19 -3.837288e-01
    outer loop
      vertex   5.016269e+01 -8.455840e+01 -9.086483e-01
      vertex   5.019745e+01 -8.455840e+01 -8.250000e-01
      vertex   5.019745e+01 -8.651583e+01 -8.250000e-01
    endloop
  endfacet
  facet normal 7.933533e-01 0.000000e+00 -6.087614e-01
    outer loop
      vertex   5.019745e+01 -8.651583e+01 -8.250000e-01
      vertex   5.019745e+01 -8.455840e+01 -8.250000e-01
      vertex   5.025307e+01 -8.651583e+01 -7.525126e-01
    endloop
  endfacet
  facet normal 7.933533e-01 -2.019236e-18 -6.087614e-01
    outer loop
      vertex   5.019745e+01 -8.651583e+01 -8.250000e-01
      vertex   5.025307e+01 -8.651583e+01 -7.525126e-01
      vertex   5.025307e+01 -8.847325e+01 -7.525126e-01
    endloop
  endfacet
  facet normal 6.087614e-01 0.000000e+00 -7.933533e-01
    outer loop
      vertex   5.025307e+01 -8.847325e+01 -7.525126e-01
      vertex   5.025307e+01 -8.651583e+01 -7.525126e-01
      vertex   5.032556e+01 -8.847325e+01 -6.968911e-01
    endloop
  endfacet
  facet normal 3.826834e-01 0.000000e+00 9.238795e-01
    outer loop
      vertex   5.040997e+01 -7.085644e+01 -1.338074e+00
      vertex   5.032556e+01 -7.281387e+01 -1.303109e+00
      vertex   5.040997e+01 -7.281387e+01 -1.338074e+00
    endloop
  endfacet
  facet normal 3.826834e-01 2.090700e-19 9.238795e-01
    outer loop
      vertex   5.040997e+01 -7.281387e+01 -1.338074e+00
      vertex   5.032556e+01 -7.281387e+01 -1.303109e+00
      vertex   5.032556e+01 -7.477129e+01 -1.303109e+00
    endloop
  endfacet
  facet normal 3.826834e-01 0.000000e+00 9.238795e-01
    outer loop
      vertex   5.040997e+01 -7.281387e+01 -1.338074e+00
      vertex   5.032556e+01 -7.477129e+01 -1.303109e+00
      vertex   5.040997e+01 -7.477129e+01 -1.338074e+00
    endloop
  endfacet
  facet normal 3.826834e-01 2.090700e-19 9.238795e-01
    outer loop
      vertex   5.040997e+01 -7.477129e+01 -1.338074e+00
      vertex   5.032556e+01 -7.477129e+01 -1.303109e+00
      vertex   5.032556e+01 -7.672871e+01 -1.303109e+00
    endloop
  endfacet
  facet normal 1.760073e-01 -0.000000e+00 9.843889e-01
    outer loop
      vertex   5.040997e+01 -8.455840e+01 -1.338074e+00
      vertex   5.047517e+01 -8.902411e+01 -1.349732e+00
      vertex   5.040997e+01 -8.260098e+01 -1.338074e+00
    endloop
  endfacet
  facet normal 3.826834e-01 -0.000000e+00 9.238795e-01
    outer loop
      vertex   5.032556e+01 -8.260098e+01 -1.303109e+00
      vertex   5.040997e+01 -8.064356e+01 -1.338074e+00
      vertex   5.032556e+01 -8.064356e+01 -1.303109e+00
    endloop
  endfacet
  facet normal 3.826834e-01 2.090700e-19 9.238795e-01
    outer loop
      vertex   5.032556e+01 -8.064356e+01 -1.303109e+00
      vertex   5.040997e+01 -8.064356e+01 -1.338074e+00
      vertex   5.040997e+01 -7.868613e+01 -1.338074e+00
    endloop
  endfacet
  facet normal 3.826834e-01 2.090700e-19 9.238795e-01
    outer loop
      vertex   5.032556e+01 -8.455840e+01 -1.303109e+00
      vertex   5.040997e+01 -8.455840e+01 -1.338074e+00
      vertex   5.040997e+01 -8.260098e+01 -1.338074e+00
    endloop
  endfacet
  facet normal 3.826834e-01 2.090700e-19 9.238795e-01
    outer loop
      vertex   5.032556e+01 -8.847325e+01 -1.303109e+00
      vertex   5.040997e+01 -8.847325e+01 -1.338074e+00
      vertex   5.040997e+01 -8.651583e+01 -1.338074e+00
    endloop
  endfacet
  facet normal 3.826834e-01 -0.000000e+00 9.238795e-01
    outer loop
      vertex   5.032556e+01 -8.847325e+01 -1.303109e+00
      vertex   5.040997e+01 -8.651583e+01 -1.338074e+00
      vertex   5.032556e+01 -8.651583e+01 -1.303109e+00
    endloop
  endfacet
  facet normal 6.087614e-01 9.160555e-19 7.933533e-01
    outer loop
      vertex   5.025307e+01 -6.498417e+01 -1.247487e+00
      vertex   5.032556e+01 -6.498417e+01 -1.303109e+00
      vertex   5.032556e+01 -6.302675e+01 -1.303109e+00
    endloop
  endfacet
  facet normal 3.826834e-01 0.000000e+00 9.238795e-01
    outer loop
      vertex   5.032556e+01 -6.302675e+01 -1.303109e+00
      vertex   5.032556e+01 -6.498417e+01 -1.303109e+00
      vertex   5.040997e+01 -6.302675e+01 -1.338074e+00
    endloop
  endfacet
  facet normal 3.826834e-01 2.090700e-19 9.238795e-01
    outer loop
      vertex   5.040997e+01 -6.889902e+01 -1.338074e+00
      vertex   5.032556e+01 -6.889902e+01 -1.303109e+00
      vertex   5.032556e+01 -7.085644e+01 -1.303109e+00
    endloop
  endfacet
  facet normal 6.087614e-01 -0.000000e+00 7.933533e-01
    outer loop
      vertex   5.032556e+01 -7.085644e+01 -1.303109e+00
      vertex   5.032556e+01 -6.889902e+01 -1.303109e+00
      vertex   5.025307e+01 -7.085644e+01 -1.247487e+00
    endloop
  endfacet
  facet normal 6.087614e-01 9.160555e-19 7.933533e-01
    outer loop
      vertex   5.032556e+01 -7.085644e+01 -1.303109e+00
      vertex   5.025307e+01 -7.085644e+01 -1.247487e+00
      vertex   5.025307e+01 -7.281387e+01 -1.247487e+00
    endloop
  endfacet
  facet normal 7.933533e-01 -0.000000e+00 6.087614e-01
    outer loop
      vertex   5.025307e+01 -7.281387e+01 -1.247487e+00
      vertex   5.025307e+01 -7.085644e+01 -1.247487e+00
      vertex   5.019745e+01 -7.281387e+01 -1.175000e+00
    endloop
  endfacet
  facet normal 7.933533e-01 2.019236e-18 6.087614e-01
    outer loop
      vertex   5.025307e+01 -7.281387e+01 -1.247487e+00
      vertex   5.019745e+01 -7.281387e+01 -1.175000e+00
      vertex   5.019745e+01 -7.477129e+01 -1.175000e+00
    endloop
  endfacet
  facet normal 9.234458e-01 -0.000000e+00 3.837289e-01
    outer loop
      vertex   5.019745e+01 -7.477129e+01 -1.175000e+00
      vertex   5.019745e+01 -7.281387e+01 -1.175000e+00
      vertex   5.016269e+01 -7.281387e+01 -1.091352e+00
    endloop
  endfacet
  facet normal 9.234458e-01 8.883383e-11 3.837289e-01
    outer loop
      vertex   5.019745e+01 -7.477129e+01 -1.175000e+00
      vertex   5.016269e+01 -7.281387e+01 -1.091352e+00
      vertex   5.016269e+01 -7.477129e+01 -1.091352e+00
    endloop
  endfacet
  facet normal 9.912965e-01 -9.038217e-11 1.316482e-01
    outer loop
      vertex   5.016269e+01 -7.477129e+01 -1.091352e+00
      vertex   5.016269e+01 -7.281387e+01 -1.091352e+00
      vertex   5.015056e+01 -7.281387e+01 -1.000000e+00
    endloop
  endfacet
  facet normal 9.912965e-01 2.685838e-14 1.316482e-01
    outer loop
      vertex   5.016269e+01 -7.477129e+01 -1.091352e+00
      vertex   5.015056e+01 -7.281387e+01 -1.000000e+00
      vertex   5.015056e+01 -7.477129e+01 -1.000000e+00
    endloop
  endfacet
  facet normal 9.912965e-01 -2.685846e-14 -1.316482e-01
    outer loop
      vertex   5.015056e+01 -7.477129e+01 -1.000000e+00
      vertex   5.015056e+01 -7.281387e+01 -1.000000e+00
      vertex   5.016269e+01 -7.477129e+01 -9.086483e-01
    endloop
  endfacet
  facet normal 9.912965e-01 -9.028340e-11 -1.316482e-01
    outer loop
      vertex   5.015056e+01 -7.477129e+01 -1.000000e+00
      vertex   5.016269e+01 -7.477129e+01 -9.086483e-01
      vertex   5.016269e+01 -7.672871e+01 -9.086483e-01
    endloop
  endfacet
  facet normal 9.234458e-01 8.874350e-11 -3.837289e-01
    outer loop
      vertex   5.016269e+01 -7.672871e+01 -9.086483e-01
      vertex   5.016269e+01 -7.477129e+01 -9.086483e-01
      vertex   5.019745e+01 -7.672871e+01 -8.250000e-01
    endloop
  endfacet
  facet normal 6.087614e-01 -0.000000e+00 7.933533e-01
    outer loop
      vertex   5.025307e+01 -7.085644e+01 -1.247487e+00
      vertex   5.032556e+01 -6.889902e+01 -1.303109e+00
      vertex   5.025307e+01 -6.889902e+01 -1.247487e+00
    endloop
  endfacet
  facet normal 6.087614e-01 0.000000e+00 7.933533e-01
    outer loop
      vertex   5.032556e+01 -7.281387e+01 -1.303109e+00
      vertex   5.025307e+01 -7.477129e+01 -1.247487e+00
      vertex   5.032556e+01 -7.477129e+01 -1.303109e+00
    endloop
  endfacet
  facet normal 6.087614e-01 9.160555e-19 7.933533e-01
    outer loop
      vertex   5.032556e+01 -7.477129e+01 -1.303109e+00
      vertex   5.025307e+01 -7.477129e+01 -1.247487e+00
      vertex   5.025307e+01 -7.672871e+01 -1.247487e+00
    endloop
  endfacet
  facet normal 6.087614e-01 0.000000e+00 7.933533e-01
    outer loop
      vertex   5.032556e+01 -7.477129e+01 -1.303109e+00
      vertex   5.025307e+01 -7.672871e+01 -1.247487e+00
      vertex   5.032556e+01 -7.672871e+01 -1.303109e+00
    endloop
  endfacet
  facet normal 6.087614e-01 9.160555e-19 7.933533e-01
    outer loop
      vertex   5.032556e+01 -7.672871e+01 -1.303109e+00
      vertex   5.025307e+01 -7.672871e+01 -1.247487e+00
      vertex   5.025307e+01 -7.868613e+01 -1.247487e+00
    endloop
  endfacet
  facet normal 6.087614e-01 -0.000000e+00 7.933533e-01
    outer loop
      vertex   5.025307e+01 -8.455840e+01 -1.247487e+00
      vertex   5.032556e+01 -8.260098e+01 -1.303109e+00
      vertex   5.025307e+01 -8.260098e+01 -1.247487e+00
    endloop
  endfacet
  facet normal 6.087614e-01 9.160555e-19 7.933533e-01
    outer loop
      vertex   5.025307e+01 -8.260098e+01 -1.247487e+00
      vertex   5.032556e+01 -8.260098e+01 -1.303109e+00
      vertex   5.032556e+01 -8.064356e+01 -1.303109e+00
    endloop
  endfacet
  facet normal 6.087614e-01 9.160555e-19 7.933533e-01
    outer loop
      vertex   5.025307e+01 -8.847325e+01 -1.247487e+00
      vertex   5.032556e+01 -8.847325e+01 -1.303109e+00
      vertex   5.032556e+01 -8.651583e+01 -1.303109e+00
    endloop
  endfacet
  facet normal 6.087614e-01 -0.000000e+00 7.933533e-01
    outer loop
      vertex   5.025307e+01 -8.847325e+01 -1.247487e+00
      vertex   5.032556e+01 -8.651583e+01 -1.303109e+00
      vertex   5.025307e+01 -8.651583e+01 -1.247487e+00
    endloop
  endfacet
  facet normal 7.933533e-01 2.019236e-18 6.087614e-01
    outer loop
      vertex   5.019745e+01 -6.498417e+01 -1.175000e+00
      vertex   5.025307e+01 -6.498417e+01 -1.247487e+00
      vertex   5.025307e+01 -6.302675e+01 -1.247487e+00
    endloop
  endfacet
  facet normal 6.087614e-01 0.000000e+00 7.933533e-01
    outer loop
      vertex   5.025307e+01 -6.302675e+01 -1.247487e+00
      vertex   5.025307e+01 -6.498417e+01 -1.247487e+00
      vertex   5.032556e+01 -6.302675e+01 -1.303109e+00
    endloop
  endfacet
  facet normal 7.933533e-01 -0.000000e+00 6.087614e-01
    outer loop
      vertex   5.025307e+01 -7.085644e+01 -1.247487e+00
      vertex   5.025307e+01 -6.889902e+01 -1.247487e+00
      vertex   5.019745e+01 -7.085644e+01 -1.175000e+00
    endloop
  endfacet
  facet normal 7.933533e-01 -0.000000e+00 6.087614e-01
    outer loop
      vertex   5.019745e+01 -7.085644e+01 -1.175000e+00
      vertex   5.025307e+01 -6.889902e+01 -1.247487e+00
      vertex   5.019745e+01 -6.889902e+01 -1.175000e+00
    endloop
  endfacet
  facet normal 9.234458e-01 -0.000000e+00 3.837289e-01
    outer loop
      vertex   5.019745e+01 -7.085644e+01 -1.175000e+00
      vertex   5.019745e+01 -6.889902e+01 -1.175000e+00
      vertex   5.016269e+01 -6.889902e+01 -1.091352e+00
    endloop
  endfacet
  facet normal 9.234458e-01 8.884054e-11 3.837289e-01
    outer loop
      vertex   5.016269e+01 -6.889902e+01 -1.091352e+00
      vertex   5.019745e+01 -6.889902e+01 -1.175000e+00
      vertex   5.016269e+01 -6.694160e+01 -1.091352e+00
    endloop
  endfacet
  facet normal 9.912965e-01 -9.037497e-11 1.316483e-01
    outer loop
      vertex   5.016269e+01 -6.889902e+01 -1.091352e+00
      vertex   5.016269e+01 -6.694160e+01 -1.091352e+00
      vertex   5.015056e+01 -6.694160e+01 -1.000000e+00
    endloop
  endfacet
  facet normal 9.912965e-01 2.685099e-14 1.316483e-01
    outer loop
      vertex   5.015056e+01 -6.694160e+01 -1.000000e+00
      vertex   5.016269e+01 -6.694160e+01 -1.091352e+00
      vertex   5.015056e+01 -6.498417e+01 -1.000000e+00
    endloop
  endfacet
  facet normal 9.912965e-01 -2.685099e-14 -1.316483e-01
    outer loop
      vertex   5.015056e+01 -6.694160e+01 -1.000000e+00
      vertex   5.015056e+01 -6.498417e+01 -1.000000e+00
      vertex   5.016269e+01 -6.694160e+01 -9.086483e-01
    endloop
  endfacet
  facet normal 9.912965e-01 -9.028338e-11 -1.316483e-01
    outer loop
      vertex   5.016269e+01 -6.694160e+01 -9.086483e-01
      vertex   5.015056e+01 -6.498417e+01 -1.000000e+00
      vertex   5.016269e+01 -6.498417e+01 -9.086483e-01
    endloop
  endfacet
  facet normal 9.234458e-01 8.874353e-11 -3.837289e-01
    outer loop
      vertex   5.016269e+01 -6.694160e+01 -9.086483e-01
      vertex   5.016269e+01 -6.498417e+01 -9.086483e-01
      vertex   5.019745e+01 -6.694160e+01 -8.250000e-01
    endloop
  endfacet
  facet normal 7.933533e-01 0.000000e+00 6.087614e-01
    outer loop
      vertex   5.025307e+01 -7.477129e+01 -1.247487e+00
      vertex   5.019745e+01 -7.672871e+01 -1.175000e+00
      vertex   5.025307e+01 -7.672871e+01 -1.247487e+00
    endloop
  endfacet
  facet normal 7.933533e-01 2.019236e-18 6.087614e-01
    outer loop
      vertex   5.025307e+01 -7.672871e+01 -1.247487e+00
      vertex   5.019745e+01 -7.672871e+01 -1.175000e+00
      vertex   5.019745e+01 -7.868613e+01 -1.175000e+00
    endloop
  endfacet
  facet normal 7.933533e-01 0.000000e+00 6.087614e-01
    outer loop
      vertex   5.025307e+01 -7.672871e+01 -1.247487e+00
      vertex   5.019745e+01 -7.868613e+01 -1.175000e+00
      vertex   5.025307e+01 -7.868613e+01 -1.247487e+00
    endloop
  endfacet
  facet normal 7.933533e-01 2.019236e-18 6.087614e-01
    outer loop
      vertex   5.025307e+01 -7.868613e+01 -1.247487e+00
      vertex   5.019745e+01 -7.868613e+01 -1.175000e+00
      vertex   5.019745e+01 -8.064356e+01 -1.175000e+00
    endloop
  endfacet
  facet normal 7.933533e-01 -0.000000e+00 6.087614e-01
    outer loop
      vertex   5.019745e+01 -8.651583e+01 -1.175000e+00
      vertex   5.025307e+01 -8.455840e+01 -1.247487e+00
      vertex   5.019745e+01 -8.455840e+01 -1.175000e+00
    endloop
  endfacet
  facet normal 7.933533e-01 2.019236e-18 6.087614e-01
    outer loop
      vertex   5.019745e+01 -8.455840e+01 -1.175000e+00
      vertex   5.025307e+01 -8.455840e+01 -1.247487e+00
      vertex   5.025307e+01 -8.260098e+01 -1.247487e+00
    endloop
  endfacet
  facet normal 7.933533e-01 2.019236e-18 6.087614e-01
    outer loop
      vertex   5.019745e+01 -8.847325e+01 -1.175000e+00
      vertex   5.025307e+01 -8.847325e+01 -1.247487e+00
      vertex   5.025307e+01 -8.651583e+01 -1.247487e+00
    endloop
  endfacet
  facet normal 9.234458e-01 -2.457409e-20 3.837289e-01
    outer loop
      vertex   5.016269e+01 -6.302675e+01 -1.091352e+00
      vertex   5.019745e+01 -6.498417e+01 -1.175000e+00
      vertex   5.019745e+01 -6.302675e+01 -1.175000e+00
    endloop
  endfacet
  facet normal 7.933533e-01 0.000000e+00 6.087614e-01
    outer loop
      vertex   5.019745e+01 -6.302675e+01 -1.175000e+00
      vertex   5.019745e+01 -6.498417e+01 -1.175000e+00
      vertex   5.025307e+01 -6.302675e+01 -1.247487e+00
    endloop
  endfacet
  facet normal 7.933533e-01 2.019236e-18 6.087614e-01
    outer loop
      vertex   5.025307e+01 -7.085644e+01 -1.247487e+00
      vertex   5.019745e+01 -7.085644e+01 -1.175000e+00
      vertex   5.019745e+01 -7.281387e+01 -1.175000e+00
    endloop
  endfacet
  facet normal 9.234458e-01 -0.000000e+00 3.837289e-01
    outer loop
      vertex   5.019745e+01 -7.281387e+01 -1.175000e+00
      vertex   5.019745e+01 -7.085644e+01 -1.175000e+00
      vertex   5.016269e+01 -7.085644e+01 -1.091352e+00
    endloop
  endfacet
  facet normal 9.234458e-01 8.884054e-11 3.837289e-01
    outer loop
      vertex   5.019745e+01 -7.281387e+01 -1.175000e+00
      vertex   5.016269e+01 -7.085644e+01 -1.091352e+00
      vertex   5.016269e+01 -7.281387e+01 -1.091352e+00
    endloop
  endfacet
  facet normal 9.912965e-01 -9.037497e-11 1.316483e-01
    outer loop
      vertex   5.016269e+01 -7.281387e+01 -1.091352e+00
      vertex   5.016269e+01 -7.085644e+01 -1.091352e+00
      vertex   5.015056e+01 -7.085644e+01 -1.000000e+00
    endloop
  endfacet
  facet normal 9.912965e-01 2.685059e-14 1.316482e-01
    outer loop
      vertex   5.016269e+01 -7.281387e+01 -1.091352e+00
      vertex   5.015056e+01 -7.085644e+01 -1.000000e+00
      vertex   5.015056e+01 -7.281387e+01 -1.000000e+00
    endloop
  endfacet
  facet normal 9.912965e-01 -2.685099e-14 -1.316482e-01
    outer loop
      vertex   5.015056e+01 -7.281387e+01 -1.000000e+00
      vertex   5.015056e+01 -7.085644e+01 -1.000000e+00
      vertex   5.016269e+01 -7.281387e+01 -9.086483e-01
    endloop
  endfacet
  facet normal 9.912965e-01 -9.028338e-11 -1.316482e-01
    outer loop
      vertex   5.015056e+01 -7.281387e+01 -1.000000e+00
      vertex   5.016269e+01 -7.281387e+01 -9.086483e-01
      vertex   5.016269e+01 -7.477129e+01 -9.086483e-01
    endloop
  endfacet
  facet normal 9.234458e-01 8.874355e-11 -3.837289e-01
    outer loop
      vertex   5.016269e+01 -7.477129e+01 -9.086483e-01
      vertex   5.016269e+01 -7.281387e+01 -9.086483e-01
      vertex   5.019745e+01 -7.477129e+01 -8.250000e-01
    endloop
  endfacet
  facet normal 9.234458e-01 -1.077638e-18 -3.837289e-01
    outer loop
      vertex   5.016269e+01 -7.477129e+01 -9.086483e-01
      vertex   5.019745e+01 -7.477129e+01 -8.250000e-01
      vertex   5.019745e+01 -7.672871e+01 -8.250000e-01
    endloop
  endfacet
  facet normal 7.933533e-01 0.000000e+00 -6.087614e-01
    outer loop
      vertex   5.019745e+01 -7.672871e+01 -8.250000e-01
      vertex   5.019745e+01 -7.477129e+01 -8.250000e-01
      vertex   5.025307e+01 -7.672871e+01 -7.525126e-01
    endloop
  endfacet
  facet normal 9.234458e-01 8.883714e-11 3.837289e-01
    outer loop
      vertex   5.016269e+01 -7.085644e+01 -1.091352e+00
      vertex   5.019745e+01 -7.085644e+01 -1.175000e+00
      vertex   5.016269e+01 -6.889902e+01 -1.091352e+00
    endloop
  endfacet
  facet normal 9.234458e-01 0.000000e+00 3.837289e-01
    outer loop
      vertex   5.019745e+01 -7.672871e+01 -1.175000e+00
      vertex   5.016269e+01 -7.672871e+01 -1.091352e+00
      vertex   5.019745e+01 -7.868613e+01 -1.175000e+00
    endloop
  endfacet
  facet normal 9.234458e-01 8.883383e-11 3.837288e-01
    outer loop
      vertex   5.019745e+01 -7.868613e+01 -1.175000e+00
      vertex   5.016269e+01 -7.672871e+01 -1.091352e+00
      vertex   5.016269e+01 -7.868613e+01 -1.091352e+00
    endloop
  endfacet
  facet normal 9.234458e-01 0.000000e+00 3.837288e-01
    outer loop
      vertex   5.019745e+01 -7.868613e+01 -1.175000e+00
      vertex   5.016269e+01 -7.868613e+01 -1.091352e+00
      vertex   5.019745e+01 -8.064356e+01 -1.175000e+00
    endloop
  endfacet
  facet normal 9.234458e-01 8.884053e-11 3.837288e-01
    outer loop
      vertex   5.019745e+01 -8.064356e+01 -1.175000e+00
      vertex   5.016269e+01 -7.868613e+01 -1.091352e+00
      vertex   5.016269e+01 -8.064356e+01 -1.091352e+00
    endloop
  endfacet
  facet normal 9.234458e-01 8.883718e-11 3.837288e-01
    outer loop
      vertex   5.016269e+01 -8.651583e+01 -1.091352e+00
      vertex   5.019745e+01 -8.651583e+01 -1.175000e+00
      vertex   5.016269e+01 -8.455840e+01 -1.091352e+00
    endloop
  endfacet
  facet normal 9.234458e-01 -1.040301e-18 3.837288e-01
    outer loop
      vertex   5.016269e+01 -8.455840e+01 -1.091352e+00
      vertex   5.019745e+01 -8.651583e+01 -1.175000e+00
      vertex   5.019745e+01 -8.455840e+01 -1.175000e+00
    endloop
  endfacet
  facet normal 9.912965e-01 -9.037859e-11 1.316483e-01
    outer loop
      vertex   5.016269e+01 -7.085644e+01 -1.091352e+00
      vertex   5.016269e+01 -6.889902e+01 -1.091352e+00
      vertex   5.015056e+01 -6.889902e+01 -1.000000e+00
    endloop
  endfacet
  facet normal 9.912965e-01 2.685846e-14 1.316483e-01
    outer loop
      vertex   5.015056e+01 -6.889902e+01 -1.000000e+00
      vertex   5.016269e+01 -6.889902e+01 -1.091352e+00
      vertex   5.015056e+01 -6.694160e+01 -1.000000e+00
    endloop
  endfacet
  facet normal 9.912965e-01 -2.685846e-14 -1.316483e-01
    outer loop
      vertex   5.015056e+01 -6.889902e+01 -1.000000e+00
      vertex   5.015056e+01 -6.694160e+01 -1.000000e+00
      vertex   5.016269e+01 -6.889902e+01 -9.086483e-01
    endloop
  endfacet
  facet normal 9.912965e-01 -9.028339e-11 -1.316483e-01
    outer loop
      vertex   5.016269e+01 -6.889902e+01 -9.086483e-01
      vertex   5.015056e+01 -6.694160e+01 -1.000000e+00
      vertex   5.016269e+01 -6.694160e+01 -9.086483e-01
    endloop
  endfacet
  facet normal 9.234458e-01 8.874353e-11 -3.837289e-01
    outer loop
      vertex   5.016269e+01 -6.889902e+01 -9.086483e-01
      vertex   5.016269e+01 -6.694160e+01 -9.086483e-01
      vertex   5.019745e+01 -6.889902e+01 -8.250000e-01
    endloop
  endfacet
  facet normal 9.234458e-01 0.000000e+00 -3.837289e-01
    outer loop
      vertex   5.019745e+01 -6.889902e+01 -8.250000e-01
      vertex   5.016269e+01 -6.694160e+01 -9.086483e-01
      vertex   5.019745e+01 -6.694160e+01 -8.250000e-01
    endloop
  endfacet
  facet normal 7.933533e-01 0.000000e+00 -6.087614e-01
    outer loop
      vertex   5.019745e+01 -6.889902e+01 -8.250000e-01
      vertex   5.019745e+01 -6.694160e+01 -8.250000e-01
      vertex   5.025307e+01 -6.889902e+01 -7.525126e-01
    endloop
  endfacet
  facet normal 9.912965e-01 -9.038217e-11 1.316482e-01
    outer loop
      vertex   5.016269e+01 -7.672871e+01 -1.091352e+00
      vertex   5.015056e+01 -7.672871e+01 -1.000000e+00
      vertex   5.016269e+01 -7.868613e+01 -1.091352e+00
    endloop
  endfacet
  facet normal 9.912965e-01 2.685105e-14 1.316482e-01
    outer loop
      vertex   5.016269e+01 -7.868613e+01 -1.091352e+00
      vertex   5.015056e+01 -7.672871e+01 -1.000000e+00
      vertex   5.015056e+01 -7.868613e+01 -1.000000e+00
    endloop
  endfacet
  facet normal 9.912965e-01 -9.037498e-11 1.316482e-01
    outer loop
      vertex   5.016269e+01 -7.868613e+01 -1.091352e+00
      vertex   5.015056e+01 -7.868613e+01 -1.000000e+00
      vertex   5.016269e+01 -8.064356e+01 -1.091352e+00
    endloop
  endfacet
  facet normal 9.912965e-01 2.685113e-14 1.316482e-01
    outer loop
      vertex   5.016269e+01 -8.064356e+01 -1.091352e+00
      vertex   5.015056e+01 -7.868613e+01 -1.000000e+00
      vertex   5.015056e+01 -8.064356e+01 -1.000000e+00
    endloop
  endfacet
  facet normal 9.912965e-01 2.685099e-14 1.316482e-01
    outer loop
      vertex   5.015056e+01 -8.651583e+01 -1.000000e+00
      vertex   5.016269e+01 -8.651583e+01 -1.091352e+00
      vertex   5.015056e+01 -8.455840e+01 -1.000000e+00
    endloop
  endfacet
  facet normal 9.912965e-01 -9.037858e-11 1.316482e-01
    outer loop
      vertex   5.015056e+01 -8.455840e+01 -1.000000e+00
      vertex   5.016269e+01 -8.651583e+01 -1.091352e+00
      vertex   5.016269e+01 -8.455840e+01 -1.091352e+00
    endloop
  endfacet
  facet normal 9.912965e-01 2.685078e-14 1.316483e-01
    outer loop
      vertex   5.016269e+01 -7.085644e+01 -1.091352e+00
      vertex   5.015056e+01 -6.889902e+01 -1.000000e+00
      vertex   5.015056e+01 -7.085644e+01 -1.000000e+00
    endloop
  endfacet
  facet normal 9.912965e-01 -2.685099e-14 -1.316482e-01
    outer loop
      vertex   5.015056e+01 -7.085644e+01 -1.000000e+00
      vertex   5.015056e+01 -6.889902e+01 -1.000000e+00
      vertex   5.016269e+01 -7.085644e+01 -9.086483e-01
    endloop
  endfacet
  facet normal 9.912965e-01 -9.028339e-11 -1.316482e-01
    outer loop
      vertex   5.015056e+01 -7.085644e+01 -1.000000e+00
      vertex   5.016269e+01 -7.085644e+01 -9.086483e-01
      vertex   5.016269e+01 -7.281387e+01 -9.086483e-01
    endloop
  endfacet
  facet normal 9.234458e-01 8.874353e-11 -3.837289e-01
    outer loop
      vertex   5.016269e+01 -7.281387e+01 -9.086483e-01
      vertex   5.016269e+01 -7.085644e+01 -9.086483e-01
      vertex   5.019745e+01 -7.281387e+01 -8.250000e-01
    endloop
  endfacet
  facet normal 9.234458e-01 -8.025809e-19 -3.837289e-01
    outer loop
      vertex   5.016269e+01 -7.281387e+01 -9.086483e-01
      vertex   5.019745e+01 -7.281387e+01 -8.250000e-01
      vertex   5.019745e+01 -7.477129e+01 -8.250000e-01
    endloop
  endfacet
  facet normal 7.933533e-01 0.000000e+00 -6.087614e-01
    outer loop
      vertex   5.019745e+01 -7.477129e+01 -8.250000e-01
      vertex   5.019745e+01 -7.281387e+01 -8.250000e-01
      vertex   5.025307e+01 -7.477129e+01 -7.525126e-01
    endloop
  endfacet
  facet normal 7.933533e-01 -2.019236e-18 -6.087614e-01
    outer loop
      vertex   5.019745e+01 -7.477129e+01 -8.250000e-01
      vertex   5.025307e+01 -7.477129e+01 -7.525126e-01
      vertex   5.025307e+01 -7.672871e+01 -7.525126e-01
    endloop
  endfacet
  facet normal 6.087614e-01 0.000000e+00 -7.933533e-01
    outer loop
      vertex   5.025307e+01 -7.672871e+01 -7.525126e-01
      vertex   5.025307e+01 -7.477129e+01 -7.525126e-01
      vertex   5.032556e+01 -7.672871e+01 -6.968911e-01
    endloop
  endfacet
  facet normal 9.912965e-01 -9.028339e-11 -1.316483e-01
    outer loop
      vertex   5.016269e+01 -7.085644e+01 -9.086483e-01
      vertex   5.015056e+01 -6.889902e+01 -1.000000e+00
      vertex   5.016269e+01 -6.889902e+01 -9.086483e-01
    endloop
  endfacet
  facet normal 9.912965e-01 -2.685099e-14 -1.316482e-01
    outer loop
      vertex   5.015056e+01 -7.672871e+01 -1.000000e+00
      vertex   5.016269e+01 -7.868613e+01 -9.086483e-01
      vertex   5.015056e+01 -7.868613e+01 -1.000000e+00
    endloop
  endfacet
  facet normal 9.912965e-01 -9.028339e-11 -1.316482e-01
    outer loop
      vertex   5.015056e+01 -7.868613e+01 -1.000000e+00
      vertex   5.016269e+01 -7.868613e+01 -9.086483e-01
      vertex   5.016269e+01 -8.064356e+01 -9.086483e-01
    endloop
  endfacet
  facet normal 9.912965e-01 -2.685099e-14 -1.316482e-01
    outer loop
      vertex   5.015056e+01 -7.868613e+01 -1.000000e+00
      vertex   5.016269e+01 -8.064356e+01 -9.086483e-01
      vertex   5.015056e+01 -8.064356e+01 -1.000000e+00
    endloop
  endfacet
  facet normal 9.912965e-01 -9.028339e-11 -1.316482e-01
    outer loop
      vertex   5.015056e+01 -8.064356e+01 -1.000000e+00
      vertex   5.016269e+01 -8.064356e+01 -9.086483e-01
      vertex   5.016269e+01 -8.260098e+01 -9.086483e-01
    endloop
  endfacet
  facet normal 9.912965e-01 -9.028341e-11 -1.316482e-01
    outer loop
      vertex   5.016269e+01 -8.847325e+01 -9.086483e-01
      vertex   5.015056e+01 -8.651583e+01 -1.000000e+00
      vertex   5.016269e+01 -8.651583e+01 -9.086483e-01
    endloop
  endfacet
  facet normal 9.912965e-01 -2.685105e-14 -1.316482e-01
    outer loop
      vertex   5.016269e+01 -8.651583e+01 -9.086483e-01
      vertex   5.015056e+01 -8.651583e+01 -1.000000e+00
      vertex   5.015056e+01 -8.455840e+01 -1.000000e+00
    endloop
  endfacet
  facet normal 9.234458e-01 8.874351e-11 -3.837289e-01
    outer loop
      vertex   5.016269e+01 -7.085644e+01 -9.086483e-01
      vertex   5.016269e+01 -6.889902e+01 -9.086483e-01
      vertex   5.019745e+01 -7.085644e+01 -8.250000e-01
    endloop
  endfacet
  facet normal 9.234458e-01 0.000000e+00 -3.837289e-01
    outer loop
      vertex   5.019745e+01 -7.085644e+01 -8.250000e-01
      vertex   5.016269e+01 -6.889902e+01 -9.086483e-01
      vertex   5.019745e+01 -6.889902e+01 -8.250000e-01
    endloop
  endfacet
  facet normal 7.933533e-01 0.000000e+00 -6.087614e-01
    outer loop
      vertex   5.019745e+01 -7.085644e+01 -8.250000e-01
      vertex   5.019745e+01 -6.889902e+01 -8.250000e-01
      vertex   5.025307e+01 -7.085644e+01 -7.525126e-01
    endloop
  endfacet
  facet normal 7.933533e-01 0.000000e+00 -6.087614e-01
    outer loop
      vertex   5.025307e+01 -7.085644e+01 -7.525126e-01
      vertex   5.019745e+01 -6.889902e+01 -8.250000e-01
      vertex   5.025307e+01 -6.889902e+01 -7.525126e-01
    endloop
  endfacet
  facet normal 6.087614e-01 0.000000e+00 -7.933533e-01
    outer loop
      vertex   5.025307e+01 -7.085644e+01 -7.525126e-01
      vertex   5.025307e+01 -6.889902e+01 -7.525126e-01
      vertex   5.032556e+01 -7.085644e+01 -6.968911e-01
    endloop
  endfacet
  facet normal 9.234458e-01 8.874352e-11 -3.837288e-01
    outer loop
      vertex   5.016269e+01 -7.868613e+01 -9.086483e-01
      vertex   5.019745e+01 -8.064356e+01 -8.250000e-01
      vertex   5.016269e+01 -8.064356e+01 -9.086483e-01
    endloop
  endfacet
  facet normal 9.234458e-01 2.198600e-19 -3.837288e-01
    outer loop
      vertex   5.016269e+01 -8.064356e+01 -9.086483e-01
      vertex   5.019745e+01 -8.064356e+01 -8.250000e-01
      vertex   5.019745e+01 -8.260098e+01 -8.250000e-01
    endloop
  endfacet
  facet normal 9.234458e-01 8.874352e-11 -3.837288e-01
    outer loop
      vertex   5.016269e+01 -8.064356e+01 -9.086483e-01
      vertex   5.019745e+01 -8.260098e+01 -8.250000e-01
      vertex   5.016269e+01 -8.260098e+01 -9.086483e-01
    endloop
  endfacet
  facet normal 9.234458e-01 1.111318e-18 -3.837288e-01
    outer loop
      vertex   5.016269e+01 -8.260098e+01 -9.086483e-01
      vertex   5.019745e+01 -8.260098e+01 -8.250000e-01
      vertex   5.019745e+01 -8.455840e+01 -8.250000e-01
    endloop
  endfacet
  facet normal 9.234458e-01 8.874350e-11 -3.837288e-01
    outer loop
      vertex   5.019745e+01 -8.847325e+01 -8.250000e-01
      vertex   5.016269e+01 -8.847325e+01 -9.086483e-01
      vertex   5.016269e+01 -8.651583e+01 -9.086483e-01
    endloop
  endfacet
  facet normal 9.234458e-01 7.739879e-20 -3.837289e-01
    outer loop
      vertex   5.016269e+01 -6.302675e+01 -9.086483e-01
      vertex   5.019745e+01 -6.302675e+01 -8.250000e-01
      vertex   5.019745e+01 -6.498417e+01 -8.250000e-01
    endloop
  endfacet
  facet normal 7.933533e-01 0.000000e+00 -6.087614e-01
    outer loop
      vertex   5.019745e+01 -6.498417e+01 -8.250000e-01
      vertex   5.019745e+01 -6.302675e+01 -8.250000e-01
      vertex   5.025307e+01 -6.498417e+01 -7.525126e-01
    endloop
  endfacet
  facet normal 7.933533e-01 -2.019236e-18 -6.087614e-01
    outer loop
      vertex   5.019745e+01 -6.498417e+01 -8.250000e-01
      vertex   5.025307e+01 -6.498417e+01 -7.525126e-01
      vertex   5.025307e+01 -6.694160e+01 -7.525126e-01
    endloop
  endfacet
  facet normal 6.087614e-01 0.000000e+00 -7.933533e-01
    outer loop
      vertex   5.025307e+01 -6.694160e+01 -7.525126e-01
      vertex   5.025307e+01 -6.498417e+01 -7.525126e-01
      vertex   5.032556e+01 -6.694160e+01 -6.968911e-01
    endloop
  endfacet
  facet normal 6.087614e-01 -2.266149e-18 -7.933533e-01
    outer loop
      vertex   5.025307e+01 -6.694160e+01 -7.525126e-01
      vertex   5.032556e+01 -6.694160e+01 -6.968911e-01
      vertex   5.032556e+01 -6.889902e+01 -6.968911e-01
    endloop
  endfacet
  facet normal 3.826834e-01 0.000000e+00 -9.238795e-01
    outer loop
      vertex   5.032556e+01 -6.889902e+01 -6.968911e-01
      vertex   5.032556e+01 -6.694160e+01 -6.968911e-01
      vertex   5.040997e+01 -6.889902e+01 -6.619260e-01
    endloop
  endfacet
  facet normal 3.826834e-01 -1.155224e-18 -9.238795e-01
    outer loop
      vertex   5.032556e+01 -6.889902e+01 -6.968911e-01
      vertex   5.040997e+01 -6.889902e+01 -6.619260e-01
      vertex   5.040997e+01 -7.085644e+01 -6.619260e-01
    endloop
  endfacet
  facet normal 1.760072e-01 0.000000e+00 -9.843889e-01
    outer loop
      vertex   5.040997e+01 -7.085644e+01 -6.619260e-01
      vertex   5.040997e+01 -6.889902e+01 -6.619260e-01
      vertex   5.047517e+01 -6.247589e+01 -6.502680e-01
    endloop
  endfacet
  facet normal 9.234458e-01 -5.466423e-19 -3.837289e-01
    outer loop
      vertex   5.016269e+01 -7.085644e+01 -9.086483e-01
      vertex   5.019745e+01 -7.085644e+01 -8.250000e-01
      vertex   5.019745e+01 -7.281387e+01 -8.250000e-01
    endloop
  endfacet
  facet normal 7.933533e-01 0.000000e+00 -6.087614e-01
    outer loop
      vertex   5.019745e+01 -7.281387e+01 -8.250000e-01
      vertex   5.019745e+01 -7.085644e+01 -8.250000e-01
      vertex   5.025307e+01 -7.281387e+01 -7.525126e-01
    endloop
  endfacet
  facet normal 7.933533e-01 -2.019236e-18 -6.087614e-01
    outer loop
      vertex   5.019745e+01 -7.281387e+01 -8.250000e-01
      vertex   5.025307e+01 -7.281387e+01 -7.525126e-01
      vertex   5.025307e+01 -7.477129e+01 -7.525126e-01
    endloop
  endfacet
  facet normal 6.087614e-01 0.000000e+00 -7.933533e-01
    outer loop
      vertex   5.025307e+01 -7.477129e+01 -7.525126e-01
      vertex   5.025307e+01 -7.281387e+01 -7.525126e-01
      vertex   5.032556e+01 -7.477129e+01 -6.968911e-01
    endloop
  endfacet
  facet normal 6.087614e-01 -2.266149e-18 -7.933533e-01
    outer loop
      vertex   5.025307e+01 -7.477129e+01 -7.525126e-01
      vertex   5.032556e+01 -7.477129e+01 -6.968911e-01
      vertex   5.032556e+01 -7.672871e+01 -6.968911e-01
    endloop
  endfacet
  facet normal 3.826834e-01 0.000000e+00 -9.238795e-01
    outer loop
      vertex   5.032556e+01 -7.672871e+01 -6.968911e-01
      vertex   5.032556e+01 -7.477129e+01 -6.968911e-01
      vertex   5.040997e+01 -7.672871e+01 -6.619260e-01
    endloop
  endfacet
  facet normal 7.933533e-01 0.000000e+00 -6.087614e-01
    outer loop
      vertex   5.025307e+01 -7.281387e+01 -7.525126e-01
      vertex   5.019745e+01 -7.085644e+01 -8.250000e-01
      vertex   5.025307e+01 -7.085644e+01 -7.525126e-01
    endloop
  endfacet
  facet normal 7.933533e-01 0.000000e+00 -6.087614e-01
    outer loop
      vertex   5.025307e+01 -8.064356e+01 -7.525126e-01
      vertex   5.019745e+01 -7.868613e+01 -8.250000e-01
      vertex   5.025307e+01 -7.868613e+01 -7.525126e-01
    endloop
  endfacet
  facet normal 7.933533e-01 0.000000e+00 -6.087614e-01
    outer loop
      vertex   5.019745e+01 -8.064356e+01 -8.250000e-01
      vertex   5.025307e+01 -8.260098e+01 -7.525126e-01
      vertex   5.019745e+01 -8.260098e+01 -8.250000e-01
    endloop
  endfacet
  facet normal 7.933533e-01 -2.019236e-18 -6.087614e-01
    outer loop
      vertex   5.019745e+01 -8.260098e+01 -8.250000e-01
      vertex   5.025307e+01 -8.260098e+01 -7.525126e-01
      vertex   5.025307e+01 -8.455840e+01 -7.525126e-01
    endloop
  endfacet
  facet normal 7.933533e-01 0.000000e+00 -6.087614e-01
    outer loop
      vertex   5.019745e+01 -8.260098e+01 -8.250000e-01
      vertex   5.025307e+01 -8.455840e+01 -7.525126e-01
      vertex   5.019745e+01 -8.455840e+01 -8.250000e-01
    endloop
  endfacet
  facet normal 7.933533e-01 -2.019236e-18 -6.087614e-01
    outer loop
      vertex   5.019745e+01 -8.455840e+01 -8.250000e-01
      vertex   5.025307e+01 -8.455840e+01 -7.525126e-01
      vertex   5.025307e+01 -8.651583e+01 -7.525126e-01
    endloop
  endfacet
  facet normal 7.933533e-01 -2.019236e-18 -6.087614e-01
    outer loop
      vertex   5.019745e+01 -6.302675e+01 -8.250000e-01
      vertex   5.025307e+01 -6.302675e+01 -7.525126e-01
      vertex   5.025307e+01 -6.498417e+01 -7.525126e-01
    endloop
  endfacet
  facet normal 6.087614e-01 0.000000e+00 -7.933533e-01
    outer loop
      vertex   5.025307e+01 -6.498417e+01 -7.525126e-01
      vertex   5.025307e+01 -6.302675e+01 -7.525126e-01
      vertex   5.032556e+01 -6.498417e+01 -6.968911e-01
    endloop
  endfacet
  facet normal 6.087614e-01 -2.266149e-18 -7.933533e-01
    outer loop
      vertex   5.025307e+01 -6.498417e+01 -7.525126e-01
      vertex   5.032556e+01 -6.498417e+01 -6.968911e-01
      vertex   5.032556e+01 -6.694160e+01 -6.968911e-01
    endloop
  endfacet
  facet normal 3.826834e-01 0.000000e+00 -9.238795e-01
    outer loop
      vertex   5.032556e+01 -6.694160e+01 -6.968911e-01
      vertex   5.032556e+01 -6.498417e+01 -6.968911e-01
      vertex   5.040997e+01 -6.694160e+01 -6.619260e-01
    endloop
  endfacet
  facet normal 3.826834e-01 -1.155224e-18 -9.238795e-01
    outer loop
      vertex   5.032556e+01 -6.694160e+01 -6.968911e-01
      vertex   5.040997e+01 -6.694160e+01 -6.619260e-01
      vertex   5.040997e+01 -6.889902e+01 -6.619260e-01
    endloop
  endfacet
  facet normal 1.760072e-01 0.000000e+00 -9.843889e-01
    outer loop
      vertex   5.040997e+01 -6.889902e+01 -6.619260e-01
      vertex   5.040997e+01 -6.694160e+01 -6.619260e-01
      vertex   5.047517e+01 -6.247589e+01 -6.502680e-01
    endloop
  endfacet
  facet normal 6.087614e-01 0.000000e+00 -7.933533e-01
    outer loop
      vertex   5.025307e+01 -7.281387e+01 -7.525126e-01
      vertex   5.025307e+01 -7.085644e+01 -7.525126e-01
      vertex   5.032556e+01 -7.281387e+01 -6.968911e-01
    endloop
  endfacet
  facet normal 6.087614e-01 0.000000e+00 -7.933533e-01
    outer loop
      vertex   5.032556e+01 -7.281387e+01 -6.968911e-01
      vertex   5.025307e+01 -7.085644e+01 -7.525126e-01
      vertex   5.032556e+01 -7.085644e+01 -6.968911e-01
    endloop
  endfacet
  facet normal 3.826834e-01 0.000000e+00 -9.238795e-01
    outer loop
      vertex   5.032556e+01 -7.281387e+01 -6.968911e-01
      vertex   5.032556e+01 -7.085644e+01 -6.968911e-01
      vertex   5.040997e+01 -7.281387e+01 -6.619260e-01
    endloop
  endfacet
  facet normal 6.087614e-01 0.000000e+00 -7.933533e-01
    outer loop
      vertex   5.025307e+01 -8.064356e+01 -7.525126e-01
      vertex   5.025307e+01 -7.868613e+01 -7.525126e-01
      vertex   5.032556e+01 -8.064356e+01 -6.968911e-01
    endloop
  endfacet
  facet normal 6.087614e-01 0.000000e+00 -7.933533e-01
    outer loop
      vertex   5.032556e+01 -8.064356e+01 -6.968911e-01
      vertex   5.025307e+01 -7.868613e+01 -7.525126e-01
      vertex   5.032556e+01 -7.868613e+01 -6.968911e-01
    endloop
  endfacet
  facet normal 3.826834e-01 0.000000e+00 -9.238795e-01
    outer loop
      vertex   5.032556e+01 -8.064356e+01 -6.968911e-01
      vertex   5.032556e+01 -7.868613e+01 -6.968911e-01
      vertex   5.040997e+01 -8.064356e+01 -6.619260e-01
    endloop
  endfacet
  facet normal 3.826834e-01 0.000000e+00 -9.238795e-01
    outer loop
      vertex   5.040997e+01 -8.064356e+01 -6.619260e-01
      vertex   5.032556e+01 -7.868613e+01 -6.968911e-01
      vertex   5.040997e+01 -7.868613e+01 -6.619260e-01
    endloop
  endfacet
  facet normal 1.305262e-01 0.000000e+00 -9.914449e-01
    outer loop
      vertex   5.040997e+01 -8.064356e+01 -6.619260e-01
      vertex   5.040997e+01 -7.868613e+01 -6.619260e-01
      vertex   5.050056e+01 -8.850000e+01 -6.500000e-01
    endloop
  endfacet
  facet normal 6.087614e-01 0.000000e+00 -7.933533e-01
    outer loop
      vertex   5.025307e+01 -8.260098e+01 -7.525126e-01
      vertex   5.032556e+01 -8.455840e+01 -6.968911e-01
      vertex   5.025307e+01 -8.455840e+01 -7.525126e-01
    endloop
  endfacet
  facet normal 6.087614e-01 -2.266149e-18 -7.933533e-01
    outer loop
      vertex   5.025307e+01 -8.455840e+01 -7.525126e-01
      vertex   5.032556e+01 -8.455840e+01 -6.968911e-01
      vertex   5.032556e+01 -8.651583e+01 -6.968911e-01
    endloop
  endfacet
  facet normal 6.087614e-01 0.000000e+00 -7.933533e-01
    outer loop
      vertex   5.025307e+01 -8.455840e+01 -7.525126e-01
      vertex   5.032556e+01 -8.651583e+01 -6.968911e-01
      vertex   5.025307e+01 -8.651583e+01 -7.525126e-01
    endloop
  endfacet
  facet normal 6.087614e-01 -2.266149e-18 -7.933533e-01
    outer loop
      vertex   5.025307e+01 -8.651583e+01 -7.525126e-01
      vertex   5.032556e+01 -8.651583e+01 -6.968911e-01
      vertex   5.032556e+01 -8.847325e+01 -6.968911e-01
    endloop
  endfacet
  facet normal 6.087614e-01 -2.266149e-18 -7.933533e-01
    outer loop
      vertex   5.025307e+01 -6.302675e+01 -7.525126e-01
      vertex   5.032556e+01 -6.302675e+01 -6.968911e-01
      vertex   5.032556e+01 -6.498417e+01 -6.968911e-01
    endloop
  endfacet
  facet normal 3.826834e-01 0.000000e+00 -9.238795e-01
    outer loop
      vertex   5.032556e+01 -6.498417e+01 -6.968911e-01
      vertex   5.032556e+01 -6.302675e+01 -6.968911e-01
      vertex   5.040997e+01 -6.498417e+01 -6.619260e-01
    endloop
  endfacet
  facet normal 3.826834e-01 -1.155224e-18 -9.238795e-01
    outer loop
      vertex   5.032556e+01 -6.498417e+01 -6.968911e-01
      vertex   5.040997e+01 -6.498417e+01 -6.619260e-01
      vertex   5.040997e+01 -6.694160e+01 -6.619260e-01
    endloop
  endfacet
  facet normal 1.760072e-01 0.000000e+00 -9.843889e-01
    outer loop
      vertex   5.040997e+01 -6.694160e+01 -6.619260e-01
      vertex   5.040997e+01 -6.498417e+01 -6.619260e-01
      vertex   5.047517e+01 -6.247589e+01 -6.502680e-01
    endloop
  endfacet
  facet normal 6.087614e-01 -2.266149e-18 -7.933533e-01
    outer loop
      vertex   5.025307e+01 -7.281387e+01 -7.525126e-01
      vertex   5.032556e+01 -7.281387e+01 -6.968911e-01
      vertex   5.032556e+01 -7.477129e+01 -6.968911e-01
    endloop
  endfacet
  facet normal 3.826834e-01 0.000000e+00 -9.238795e-01
    outer loop
      vertex   5.032556e+01 -7.477129e+01 -6.968911e-01
      vertex   5.032556e+01 -7.281387e+01 -6.968911e-01
      vertex   5.040997e+01 -7.477129e+01 -6.619260e-01
    endloop
  endfacet
  facet normal 3.826834e-01 -1.155224e-18 -9.238795e-01
    outer loop
      vertex   5.032556e+01 -7.477129e+01 -6.968911e-01
      vertex   5.040997e+01 -7.477129e+01 -6.619260e-01
      vertex   5.040997e+01 -7.672871e+01 -6.619260e-01
    endloop
  endfacet
  facet normal 3.826834e-01 0.000000e+00 -9.238795e-01
    outer loop
      vertex   5.040997e+01 -7.477129e+01 -6.619260e-01
      vertex   5.032556e+01 -7.281387e+01 -6.968911e-01
      vertex   5.040997e+01 -7.281387e+01 -6.619260e-01
    endloop
  endfacet
  facet normal 6.087614e-01 -2.266149e-18 -7.933533e-01
    outer loop
      vertex   5.025307e+01 -8.064356e+01 -7.525126e-01
      vertex   5.032556e+01 -8.064356e+01 -6.968911e-01
      vertex   5.032556e+01 -8.260098e+01 -6.968911e-01
    endloop
  endfacet
  facet normal 3.826834e-01 0.000000e+00 -9.238795e-01
    outer loop
      vertex   5.032556e+01 -8.260098e+01 -6.968911e-01
      vertex   5.032556e+01 -8.064356e+01 -6.968911e-01
      vertex   5.040997e+01 -8.260098e+01 -6.619260e-01
    endloop
  endfacet
  facet normal 3.826834e-01 -1.155224e-18 -9.238795e-01
    outer loop
      vertex   5.032556e+01 -8.260098e+01 -6.968911e-01
      vertex   5.040997e+01 -8.260098e+01 -6.619260e-01
      vertex   5.040997e+01 -8.455840e+01 -6.619260e-01
    endloop
  endfacet
  facet normal 1.305262e-01 0.000000e+00 -9.914449e-01
    outer loop
      vertex   5.040997e+01 -8.455840e+01 -6.619260e-01
      vertex   5.040997e+01 -8.260098e+01 -6.619260e-01
      vertex   5.050056e+01 -8.850000e+01 -6.500000e-01
    endloop
  endfacet
  facet normal 3.826834e-01 0.000000e+00 -9.238795e-01
    outer loop
      vertex   5.040997e+01 -8.260098e+01 -6.619260e-01
      vertex   5.032556e+01 -8.064356e+01 -6.968911e-01
      vertex   5.040997e+01 -8.064356e+01 -6.619260e-01
    endloop
  endfacet
  facet normal 3.826834e-01 -1.155224e-18 -9.238795e-01
    outer loop
      vertex   5.040997e+01 -8.847325e+01 -6.619260e-01
      vertex   5.032556e+01 -8.847325e+01 -6.968911e-01
      vertex   5.032556e+01 -8.651583e+01 -6.968911e-01
    endloop
  endfacet
  facet normal 3.826834e-01 0.000000e+00 -9.238795e-01
    outer loop
      vertex   5.040997e+01 -8.847325e+01 -6.619260e-01
      vertex   5.032556e+01 -8.651583e+01 -6.968911e-01
      vertex   5.040997e+01 -8.651583e+01 -6.619260e-01
    endloop
  endfacet
  facet normal 3.826834e-01 -1.155224e-18 -9.238795e-01
    outer loop
      vertex   5.040997e+01 -8.651583e+01 -6.619260e-01
      vertex   5.032556e+01 -8.651583e+01 -6.968911e-01
      vertex   5.032556e+01 -8.455840e+01 -6.968911e-01
    endloop
  endfacet
  facet normal 1.760072e-01 -9.155787e-20 -9.843889e-01
    outer loop
      vertex   5.047517e+01 -6.247589e+01 -6.502680e-01
      vertex   5.040997e+01 -6.498417e+01 -6.619260e-01
      vertex   5.040997e+01 -6.302675e+01 -6.619260e-01
    endloop
  endfacet
  facet normal 3.826834e-01 0.000000e+00 -9.238795e-01
    outer loop
      vertex   5.040997e+01 -6.302675e+01 -6.619260e-01
      vertex   5.040997e+01 -6.498417e+01 -6.619260e-01
      vertex   5.032556e+01 -6.302675e+01 -6.968911e-01
    endloop
  endfacet
  facet normal 1.305262e-01 -5.934084e-19 -9.914449e-01
    outer loop
      vertex   5.050056e+01 -8.850000e+01 -6.500000e-01
      vertex   5.040997e+01 -8.260098e+01 -6.619260e-01
      vertex   5.040997e+01 -8.064356e+01 -6.619260e-01
    endloop
  endfacet
  facet normal 1.000000e+00 -3.884506e-10 4.289492e-10
    outer loop
      vertex   5.050056e+01 -6.300000e+01 -6.500000e-01
      vertex   5.050056e+01 -6.300000e+01 1.924532e-09
      vertex   5.050056e+01 -8.850000e+01 -6.500000e-01
    endloop
  endfacet
  facet normal 1.000000e+00 -3.884501e-10 4.289273e-10
    outer loop
      vertex   5.050056e+01 -8.850000e+01 -6.500000e-01
      vertex   5.050056e+01 -6.300000e+01 1.924532e-09
      vertex   5.050056e+01 -8.850000e+01 -1.288287e-09
    endloop
  endfacet
  facet normal 1.000000e+00 0.000000e+00 -5.156913e-08
    outer loop
      vertex   5.050056e+01 -8.850000e+01 -1.350000e+00
      vertex   5.050056e+01 -8.850000e+01 -2.000000e+00
      vertex   5.050056e+01 -6.300000e+01 -1.350000e+00
    endloop
  endfacet
  facet normal 1.000000e+00 -3.884501e-10 -3.632993e-08
    outer loop
      vertex   5.050056e+01 -6.300000e+01 -1.350000e+00
      vertex   5.050056e+01 -8.850000e+01 -2.000000e+00
      vertex   5.050056e+01 -6.300000e+01 -2.000000e+00
    endloop
  endfacet
  facet normal -8.595562e-11 1.305261e-01 -9.914449e-01
    outer loop
      vertex   4.500056e+01 -5.750000e+01 -6.500000e-01
      vertex   3.350056e+01 -5.759059e+01 -6.619259e-01
      vertex   2.200056e+01 -5.750000e+01 -6.500000e-01
    endloop
  endfacet
  facet normal 1.768636e-19 1.305261e-01 -9.914449e-01
    outer loop
      vertex   2.200056e+01 -5.750000e+01 -6.500000e-01
      vertex   3.350056e+01 -5.759059e+01 -6.619259e-01
      vertex   3.158189e+01 -5.759059e+01 -6.619259e-01
    endloop
  endfacet
  facet normal 1.768636e-19 1.305261e-01 -9.914449e-01
    outer loop
      vertex   2.200056e+01 -5.750000e+01 -6.500000e-01
      vertex   3.158189e+01 -5.759059e+01 -6.619259e-01
      vertex   2.966322e+01 -5.759059e+01 -6.619259e-01
    endloop
  endfacet
  facet normal 0.000000e+00 3.826834e-01 -9.238796e-01
    outer loop
      vertex   2.966322e+01 -5.759059e+01 -6.619259e-01
      vertex   3.158189e+01 -5.759059e+01 -6.619259e-01
      vertex   2.966322e+01 -5.767500e+01 -6.968911e-01
    endloop
  endfacet
  facet normal 9.800419e-19 3.826834e-01 -9.238796e-01
    outer loop
      vertex   2.966322e+01 -5.759059e+01 -6.619259e-01
      vertex   2.966322e+01 -5.767500e+01 -6.968911e-01
      vertex   2.774456e+01 -5.767500e+01 -6.968911e-01
    endloop
  endfacet
  facet normal 0.000000e+00 6.087614e-01 -7.933534e-01
    outer loop
      vertex   2.774456e+01 -5.767500e+01 -6.968911e-01
      vertex   2.966322e+01 -5.767500e+01 -6.968911e-01
      vertex   2.774456e+01 -5.774749e+01 -7.525126e-01
    endloop
  endfacet
  facet normal -1.135070e-18 6.087614e-01 -7.933534e-01
    outer loop
      vertex   2.774456e+01 -5.767500e+01 -6.968911e-01
      vertex   2.774456e+01 -5.774749e+01 -7.525126e-01
      vertex   2.582589e+01 -5.774749e+01 -7.525126e-01
    endloop
  endfacet
  facet normal 0.000000e+00 7.933533e-01 -6.087615e-01
    outer loop
      vertex   2.582589e+01 -5.774749e+01 -7.525126e-01
      vertex   2.774456e+01 -5.774749e+01 -7.525126e-01
      vertex   2.582589e+01 -5.780311e+01 -8.250000e-01
    endloop
  endfacet
  facet normal -7.827091e-19 7.933533e-01 -6.087615e-01
    outer loop
      vertex   2.582589e+01 -5.774749e+01 -7.525126e-01
      vertex   2.582589e+01 -5.780311e+01 -8.250000e-01
      vertex   2.390722e+01 -5.780311e+01 -8.250000e-01
    endloop
  endfacet
  facet normal 0.000000e+00 9.238795e-01 -3.826835e-01
    outer loop
      vertex   2.390722e+01 -5.780311e+01 -8.250000e-01
      vertex   2.582589e+01 -5.780311e+01 -8.250000e-01
      vertex   2.390722e+01 -5.783807e+01 -9.094133e-01
    endloop
  endfacet
  facet normal 1.741064e-19 9.238795e-01 -3.826835e-01
    outer loop
      vertex   2.390722e+01 -5.780311e+01 -8.250000e-01
      vertex   2.390722e+01 -5.783807e+01 -9.094133e-01
      vertex   2.198855e+01 -5.783807e+01 -9.094133e-01
    endloop
  endfacet
  facet normal 0.000000e+00 9.914449e-01 -1.305262e-01
    outer loop
      vertex   2.198855e+01 -5.783807e+01 -9.094133e-01
      vertex   2.390722e+01 -5.783807e+01 -9.094133e-01
      vertex   2.198855e+01 -5.785000e+01 -1.000000e+00
    endloop
  endfacet
  facet normal -1.391584e-03 9.914439e-01 -1.305261e-01
    outer loop
      vertex   2.198855e+01 -5.783807e+01 -9.094133e-01
      vertex   2.198855e+01 -5.785000e+01 -1.000000e+00
      vertex   2.007371e+01 -5.784857e+01 -9.687050e-01
    endloop
  endfacet
  facet normal 3.106029e-13 9.989542e-01 -4.572296e-02
    outer loop
      vertex   2.007371e+01 -5.784857e+01 -9.687050e-01
      vertex   2.198855e+01 -5.785000e+01 -1.000000e+00
      vertex   2.006989e+01 -5.785000e+01 -1.000000e+00
    endloop
  endfacet
  facet normal -3.106029e-13 9.989542e-01 4.572296e-02
    outer loop
      vertex   2.006989e+01 -5.785000e+01 -1.000000e+00
      vertex   2.198855e+01 -5.785000e+01 -1.000000e+00
      vertex   2.007371e+01 -5.784857e+01 -1.031295e+00
    endloop
  endfacet
  facet normal -1.407761e-03 9.913138e-01 1.315100e-01
    outer loop
      vertex   2.007371e+01 -5.784857e+01 -1.031295e+00
      vertex   2.198855e+01 -5.785000e+01 -1.000000e+00
      vertex   2.008458e+01 -5.784451e+01 -1.061732e+00
    endloop
  endfacet
  facet normal -1.375485e-03 9.914439e-01 1.305261e-01
    outer loop
      vertex   2.008458e+01 -5.784451e+01 -1.061732e+00
      vertex   2.198855e+01 -5.785000e+01 -1.000000e+00
      vertex   2.198855e+01 -5.783807e+01 -1.090587e+00
    endloop
  endfacet
  facet normal -2.360082e-05 9.763150e-01 2.163539e-01
    outer loop
      vertex   2.008458e+01 -5.784451e+01 -1.061732e+00
      vertex   2.198855e+01 -5.783807e+01 -1.090587e+00
      vertex   2.010121e+01 -5.783837e+01 -1.089471e+00
    endloop
  endfacet
  facet normal 2.279621e-05 9.570905e-01 2.897892e-01
    outer loop
      vertex   2.010121e+01 -5.783837e+01 -1.089471e+00
      vertex   2.198855e+01 -5.783807e+01 -1.090587e+00
      vertex   2.012100e+01 -5.783113e+01 -1.113385e+00
    endloop
  endfacet
  facet normal -1.152574e-03 9.263344e-01 3.767005e-01
    outer loop
      vertex   2.012100e+01 -5.783113e+01 -1.113385e+00
      vertex   2.198855e+01 -5.783807e+01 -1.090587e+00
      vertex   2.016715e+01 -5.781466e+01 -1.153739e+00
    endloop
  endfacet
  facet normal -1.391572e-03 9.238786e-01 3.826831e-01
    outer loop
      vertex   2.016715e+01 -5.781466e+01 -1.153739e+00
      vertex   2.198855e+01 -5.783807e+01 -1.090587e+00
      vertex   2.198855e+01 -5.780311e+01 -1.175000e+00
    endloop
  endfacet
  facet normal 1.016441e-04 8.750312e-01 4.840665e-01
    outer loop
      vertex   2.016715e+01 -5.781466e+01 -1.153739e+00
      vertex   2.198855e+01 -5.780311e+01 -1.175000e+00
      vertex   2.022075e+01 -5.779610e+01 -1.187302e+00
    endloop
  endfacet
  facet normal -1.089993e-03 7.933528e-01 6.087611e-01
    outer loop
      vertex   2.022075e+01 -5.779610e+01 -1.187302e+00
      vertex   2.198855e+01 -5.780311e+01 -1.175000e+00
      vertex   2.198855e+01 -5.774749e+01 -1.247487e+00
    endloop
  endfacet
  facet normal 2.156611e-03 7.460346e-01 6.659037e-01
    outer loop
      vertex   2.022075e+01 -5.779610e+01 -1.187302e+00
      vertex   2.198855e+01 -5.774749e+01 -1.247487e+00
      vertex   2.045308e+01 -5.772223e+01 -1.270810e+00
    endloop
  endfacet
  facet normal -2.037098e-03 6.087601e-01 7.933517e-01
    outer loop
      vertex   2.045308e+01 -5.772223e+01 -1.270810e+00
      vertex   2.198855e+01 -5.774749e+01 -1.247487e+00
      vertex   2.198855e+01 -5.767500e+01 -1.303109e+00
    endloop
  endfacet
  facet normal 3.550876e-04 5.565910e-01 8.307866e-01
    outer loop
      vertex   2.045308e+01 -5.772223e+01 -1.270810e+00
      vertex   2.198855e+01 -5.767500e+01 -1.303109e+00
      vertex   2.069596e+01 -5.765722e+01 -1.314469e+00
    endloop
  endfacet
  facet normal -3.086860e-03 3.693234e-01 9.292958e-01
    outer loop
      vertex   2.069596e+01 -5.765722e+01 -1.314469e+00
      vertex   2.198855e+01 -5.767500e+01 -1.303109e+00
      vertex   2.095212e+01 -5.760101e+01 -1.335957e+00
    endloop
  endfacet
  facet normal -1.961423e-03 3.826826e-01 9.238778e-01
    outer loop
      vertex   2.095212e+01 -5.760101e+01 -1.335957e+00
      vertex   2.198855e+01 -5.767500e+01 -1.303109e+00
      vertex   2.198855e+01 -5.759059e+01 -1.338074e+00
    endloop
  endfacet
  facet normal 2.720749e-04 1.729704e-01 9.849270e-01
    outer loop
      vertex   2.095212e+01 -5.760101e+01 -1.335957e+00
      vertex   2.198855e+01 -5.759059e+01 -1.338074e+00
      vertex   2.148265e+01 -5.752466e+01 -1.349511e+00
    endloop
  endfacet
  facet normal -5.313723e-03 1.312165e-01 9.913395e-01
    outer loop
      vertex   2.148265e+01 -5.752466e+01 -1.349511e+00
      vertex   2.198855e+01 -5.759059e+01 -1.338074e+00
      vertex   2.200056e+01 -5.750000e+01 -1.350000e+00
    endloop
  endfacet
  facet normal 3.085745e-19 1.305262e-01 9.914449e-01
    outer loop
      vertex   2.200056e+01 -5.750000e+01 -1.350000e+00
      vertex   2.198855e+01 -5.759059e+01 -1.338074e+00
      vertex   2.390722e+01 -5.759059e+01 -1.338074e+00
    endloop
  endfacet
  facet normal 3.085745e-19 1.305262e-01 9.914449e-01
    outer loop
      vertex   2.200056e+01 -5.750000e+01 -1.350000e+00
      vertex   2.390722e+01 -5.759059e+01 -1.338074e+00
      vertex   2.582589e+01 -5.759059e+01 -1.338074e+00
    endloop
  endfacet
  facet normal 0.000000e+00 3.826834e-01 9.238796e-01
    outer loop
      vertex   2.582589e+01 -5.759059e+01 -1.338074e+00
      vertex   2.390722e+01 -5.759059e+01 -1.338074e+00
      vertex   2.582589e+01 -5.767500e+01 -1.303109e+00
    endloop
  endfacet
  facet normal -1.078391e-19 3.826834e-01 9.238796e-01
    outer loop
      vertex   2.582589e+01 -5.759059e+01 -1.338074e+00
      vertex   2.582589e+01 -5.767500e+01 -1.303109e+00
      vertex   2.774456e+01 -5.767500e+01 -1.303109e+00
    endloop
  endfacet
  facet normal 0.000000e+00 6.087614e-01 7.933534e-01
    outer loop
      vertex   2.774456e+01 -5.767500e+01 -1.303109e+00
      vertex   2.582589e+01 -5.767500e+01 -1.303109e+00
      vertex   2.774456e+01 -5.774749e+01 -1.247487e+00
    endloop
  endfacet
  facet normal 2.170691e-19 6.087614e-01 7.933534e-01
    outer loop
      vertex   2.774456e+01 -5.767500e+01 -1.303109e+00
      vertex   2.774456e+01 -5.774749e+01 -1.247487e+00
      vertex   2.966322e+01 -5.774749e+01 -1.247487e+00
    endloop
  endfacet
  facet normal 0.000000e+00 7.933533e-01 6.087615e-01
    outer loop
      vertex   2.966322e+01 -5.774749e+01 -1.247487e+00
      vertex   2.774456e+01 -5.774749e+01 -1.247487e+00
      vertex   2.966322e+01 -5.780311e+01 -1.175000e+00
    endloop
  endfacet
  facet normal 9.595779e-20 7.933533e-01 6.087615e-01
    outer loop
      vertex   2.966322e+01 -5.774749e+01 -1.247487e+00
      vertex   2.966322e+01 -5.780311e+01 -1.175000e+00
      vertex   3.158189e+01 -5.780311e+01 -1.175000e+00
    endloop
  endfacet
  facet normal 0.000000e+00 9.238795e-01 3.826835e-01
    outer loop
      vertex   3.158189e+01 -5.780311e+01 -1.175000e+00
      vertex   2.966322e+01 -5.780311e+01 -1.175000e+00
      vertex   3.158189e+01 -5.783807e+01 -1.090587e+00
    endloop
  endfacet
  facet normal 6.748264e-19 9.238795e-01 3.826835e-01
    outer loop
      vertex   3.158189e+01 -5.780311e+01 -1.175000e+00
      vertex   3.158189e+01 -5.783807e+01 -1.090587e+00
      vertex   3.350056e+01 -5.783807e+01 -1.090587e+00
    endloop
  endfacet
  facet normal 0.000000e+00 9.914449e-01 1.305262e-01
    outer loop
      vertex   3.350056e+01 -5.783807e+01 -1.090587e+00
      vertex   3.158189e+01 -5.783807e+01 -1.090587e+00
      vertex   3.350056e+01 -5.785000e+01 -1.000000e+00
    endloop
  endfacet
  facet normal -8.867138e-13 9.914449e-01 1.305262e-01
    outer loop
      vertex   3.350056e+01 -5.783807e+01 -1.090587e+00
      vertex   3.350056e+01 -5.785000e+01 -1.000000e+00
      vertex   3.541923e+01 -5.785000e+01 -1.000000e+00
    endloop
  endfacet
  facet normal 8.867142e-13 9.914449e-01 -1.305262e-01
    outer loop
      vertex   3.541923e+01 -5.785000e+01 -1.000000e+00
      vertex   3.350056e+01 -5.785000e+01 -1.000000e+00
      vertex   3.350056e+01 -5.783807e+01 -9.094133e-01
    endloop
  endfacet
  facet normal -2.756254e-19 9.914449e-01 -1.305262e-01
    outer loop
      vertex   3.541923e+01 -5.785000e+01 -1.000000e+00
      vertex   3.350056e+01 -5.783807e+01 -9.094133e-01
      vertex   3.541923e+01 -5.783807e+01 -9.094133e-01
    endloop
  endfacet
  facet normal 0.000000e+00 9.238795e-01 -3.826835e-01
    outer loop
      vertex   3.541923e+01 -5.783807e+01 -9.094133e-01
      vertex   3.350056e+01 -5.783807e+01 -9.094133e-01
      vertex   3.541923e+01 -5.780311e+01 -8.250000e-01
    endloop
  endfacet
  facet normal 1.741064e-19 9.238795e-01 -3.826835e-01
    outer loop
      vertex   3.541923e+01 -5.783807e+01 -9.094133e-01
      vertex   3.541923e+01 -5.780311e+01 -8.250000e-01
      vertex   3.733789e+01 -5.780311e+01 -8.250000e-01
    endloop
  endfacet
  facet normal 0.000000e+00 7.933533e-01 -6.087615e-01
    outer loop
      vertex   3.733789e+01 -5.780311e+01 -8.250000e-01
      vertex   3.541923e+01 -5.780311e+01 -8.250000e-01
      vertex   3.733789e+01 -5.774749e+01 -7.525126e-01
    endloop
  endfacet
  facet normal -7.827091e-19 7.933533e-01 -6.087615e-01
    outer loop
      vertex   3.733789e+01 -5.780311e+01 -8.250000e-01
      vertex   3.733789e+01 -5.774749e+01 -7.525126e-01
      vertex   3.925656e+01 -5.774749e+01 -7.525126e-01
    endloop
  endfacet
  facet normal 0.000000e+00 6.087614e-01 -7.933534e-01
    outer loop
      vertex   3.925656e+01 -5.774749e+01 -7.525126e-01
      vertex   3.733789e+01 -5.774749e+01 -7.525126e-01
      vertex   3.925656e+01 -5.767500e+01 -6.968911e-01
    endloop
  endfacet
  facet normal -1.135070e-18 6.087614e-01 -7.933534e-01
    outer loop
      vertex   3.925656e+01 -5.774749e+01 -7.525126e-01
      vertex   3.925656e+01 -5.767500e+01 -6.968911e-01
      vertex   4.117523e+01 -5.767500e+01 -6.968911e-01
    endloop
  endfacet
  facet normal 0.000000e+00 3.826834e-01 -9.238796e-01
    outer loop
      vertex   4.117523e+01 -5.767500e+01 -6.968911e-01
      vertex   3.925656e+01 -5.767500e+01 -6.968911e-01
      vertex   4.117523e+01 -5.759059e+01 -6.619259e-01
    endloop
  endfacet
  facet normal 9.800419e-19 3.826834e-01 -9.238796e-01
    outer loop
      vertex   4.117523e+01 -5.767500e+01 -6.968911e-01
      vertex   4.117523e+01 -5.759059e+01 -6.619259e-01
      vertex   4.309390e+01 -5.759059e+01 -6.619259e-01
    endloop
  endfacet
  facet normal 0.000000e+00 1.305261e-01 -9.914449e-01
    outer loop
      vertex   4.309390e+01 -5.759059e+01 -6.619259e-01
      vertex   4.117523e+01 -5.759059e+01 -6.619259e-01
      vertex   4.500056e+01 -5.750000e+01 -6.500000e-01
    endloop
  endfacet
  facet normal 0.000000e+00 1.305261e-01 -9.914449e-01
    outer loop
      vertex   4.309390e+01 -5.759059e+01 -6.619259e-01
      vertex   4.500056e+01 -5.750000e+01 -6.500000e-01
      vertex   4.501257e+01 -5.759059e+01 -6.619259e-01
    endloop
  endfacet
  facet normal 5.313727e-03 1.312165e-01 -9.913395e-01
    outer loop
      vertex   4.501257e+01 -5.759059e+01 -6.619259e-01
      vertex   4.500056e+01 -5.750000e+01 -6.500000e-01
      vertex   4.551847e+01 -5.752466e+01 -6.504885e-01
    endloop
  endfacet
  facet normal -2.720739e-04 1.729704e-01 -9.849270e-01
    outer loop
      vertex   4.501257e+01 -5.759059e+01 -6.619259e-01
      vertex   4.551847e+01 -5.752466e+01 -6.504885e-01
      vertex   4.604899e+01 -5.760101e+01 -6.640426e-01
    endloop
  endfacet
  facet normal 1.758905e-03 3.640653e-01 -9.313718e-01
    outer loop
      vertex   4.604899e+01 -5.760101e+01 -6.640426e-01
      vertex   4.630515e+01 -5.765722e+01 -6.855307e-01
      vertex   4.501257e+01 -5.759059e+01 -6.619259e-01
    endloop
  endfacet
  facet normal 2.855460e-03 3.826818e-01 -9.238758e-01
    outer loop
      vertex   4.501257e+01 -5.759059e+01 -6.619259e-01
      vertex   4.630515e+01 -5.765722e+01 -6.855307e-01
      vertex   4.501257e+01 -5.767500e+01 -6.968911e-01
    endloop
  endfacet
  facet normal 9.800419e-19 3.826834e-01 -9.238796e-01
    outer loop
      vertex   4.501257e+01 -5.759059e+01 -6.619259e-01
      vertex   4.501257e+01 -5.767500e+01 -6.968911e-01
      vertex   4.309390e+01 -5.767500e+01 -6.968911e-01
    endloop
  endfacet
  facet normal 0.000000e+00 6.087614e-01 -7.933534e-01
    outer loop
      vertex   4.309390e+01 -5.767500e+01 -6.968911e-01
      vertex   4.501257e+01 -5.767500e+01 -6.968911e-01
      vertex   4.309390e+01 -5.774749e+01 -7.525126e-01
    endloop
  endfacet
  facet normal -1.135070e-18 6.087614e-01 -7.933534e-01
    outer loop
      vertex   4.309390e+01 -5.767500e+01 -6.968911e-01
      vertex   4.309390e+01 -5.774749e+01 -7.525126e-01
      vertex   4.117523e+01 -5.774749e+01 -7.525126e-01
    endloop
  endfacet
  facet normal 0.000000e+00 7.933533e-01 -6.087615e-01
    outer loop
      vertex   4.117523e+01 -5.774749e+01 -7.525126e-01
      vertex   4.309390e+01 -5.774749e+01 -7.525126e-01
      vertex   4.117523e+01 -5.780311e+01 -8.250000e-01
    endloop
  endfacet
  facet normal -7.827091e-19 7.933533e-01 -6.087615e-01
    outer loop
      vertex   4.117523e+01 -5.774749e+01 -7.525126e-01
      vertex   4.117523e+01 -5.780311e+01 -8.250000e-01
      vertex   3.925656e+01 -5.780311e+01 -8.250000e-01
    endloop
  endfacet
  facet normal 0.000000e+00 9.238795e-01 -3.826835e-01
    outer loop
      vertex   3.925656e+01 -5.780311e+01 -8.250000e-01
      vertex   4.117523e+01 -5.780311e+01 -8.250000e-01
      vertex   3.925656e+01 -5.783807e+01 -9.094133e-01
    endloop
  endfacet
  facet normal 1.741064e-19 9.238795e-01 -3.826835e-01
    outer loop
      vertex   3.925656e+01 -5.780311e+01 -8.250000e-01
      vertex   3.925656e+01 -5.783807e+01 -9.094133e-01
      vertex   3.733789e+01 -5.783807e+01 -9.094133e-01
    endloop
  endfacet
  facet normal 0.000000e+00 9.914449e-01 -1.305262e-01
    outer loop
      vertex   3.733789e+01 -5.783807e+01 -9.094133e-01
      vertex   3.925656e+01 -5.783807e+01 -9.094133e-01
      vertex   3.733789e+01 -5.785000e+01 -1.000000e+00
    endloop
  endfacet
  facet normal 8.866836e-13 9.914449e-01 -1.305262e-01
    outer loop
      vertex   3.733789e+01 -5.783807e+01 -9.094133e-01
      vertex   3.733789e+01 -5.785000e+01 -1.000000e+00
      vertex   3.541923e+01 -5.785000e+01 -1.000000e+00
    endloop
  endfacet
  facet normal -8.866840e-13 9.914449e-01 1.305262e-01
    outer loop
      vertex   3.541923e+01 -5.785000e+01 -1.000000e+00
      vertex   3.733789e+01 -5.785000e+01 -1.000000e+00
      vertex   3.541923e+01 -5.783807e+01 -1.090587e+00
    endloop
  endfacet
  facet normal -2.384145e-19 9.914449e-01 1.305262e-01
    outer loop
      vertex   3.541923e+01 -5.785000e+01 -1.000000e+00
      vertex   3.541923e+01 -5.783807e+01 -1.090587e+00
      vertex   3.350056e+01 -5.783807e+01 -1.090587e+00
    endloop
  endfacet
  facet normal -0.000000e+00 9.238795e-01 3.826835e-01
    outer loop
      vertex   3.350056e+01 -5.783807e+01 -1.090587e+00
      vertex   3.541923e+01 -5.783807e+01 -1.090587e+00
      vertex   3.350056e+01 -5.780311e+01 -1.175000e+00
    endloop
  endfacet
  facet normal 6.748264e-19 9.238795e-01 3.826835e-01
    outer loop
      vertex   3.350056e+01 -5.783807e+01 -1.090587e+00
      vertex   3.350056e+01 -5.780311e+01 -1.175000e+00
      vertex   3.158189e+01 -5.780311e+01 -1.175000e+00
    endloop
  endfacet
  facet normal -0.000000e+00 7.933533e-01 6.087615e-01
    outer loop
      vertex   3.158189e+01 -5.780311e+01 -1.175000e+00
      vertex   3.350056e+01 -5.780311e+01 -1.175000e+00
      vertex   3.158189e+01 -5.774749e+01 -1.247487e+00
    endloop
  endfacet
  facet normal 9.595779e-20 7.933533e-01 6.087615e-01
    outer loop
      vertex   3.158189e+01 -5.780311e+01 -1.175000e+00
      vertex   3.158189e+01 -5.774749e+01 -1.247487e+00
      vertex   2.966322e+01 -5.774749e+01 -1.247487e+00
    endloop
  endfacet
  facet normal -0.000000e+00 6.087614e-01 7.933534e-01
    outer loop
      vertex   2.966322e+01 -5.774749e+01 -1.247487e+00
      vertex   3.158189e+01 -5.774749e+01 -1.247487e+00
      vertex   2.966322e+01 -5.767500e+01 -1.303109e+00
    endloop
  endfacet
  facet normal 2.170691e-19 6.087614e-01 7.933534e-01
    outer loop
      vertex   2.966322e+01 -5.774749e+01 -1.247487e+00
      vertex   2.966322e+01 -5.767500e+01 -1.303109e+00
      vertex   2.774456e+01 -5.767500e+01 -1.303109e+00
    endloop
  endfacet
  facet normal -0.000000e+00 3.826834e-01 9.238796e-01
    outer loop
      vertex   2.774456e+01 -5.767500e+01 -1.303109e+00
      vertex   2.966322e+01 -5.767500e+01 -1.303109e+00
      vertex   2.774456e+01 -5.759059e+01 -1.338074e+00
    endloop
  endfacet
  facet normal -1.078391e-19 3.826834e-01 9.238796e-01
    outer loop
      vertex   2.774456e+01 -5.767500e+01 -1.303109e+00
      vertex   2.774456e+01 -5.759059e+01 -1.338074e+00
      vertex   2.582589e+01 -5.759059e+01 -1.338074e+00
    endloop
  endfacet
  facet normal -0.000000e+00 1.305262e-01 9.914449e-01
    outer loop
      vertex   2.582589e+01 -5.759059e+01 -1.338074e+00
      vertex   2.774456e+01 -5.759059e+01 -1.338074e+00
      vertex   2.200056e+01 -5.750000e+01 -1.350000e+00
    endloop
  endfacet
  facet normal -3.550881e-04 5.565910e-01 -8.307866e-01
    outer loop
      vertex   4.630515e+01 -5.765722e+01 -6.855307e-01
      vertex   4.654804e+01 -5.772223e+01 -7.291904e-01
      vertex   4.501257e+01 -5.767500e+01 -6.968911e-01
    endloop
  endfacet
  facet normal 2.037099e-03 6.087601e-01 -7.933517e-01
    outer loop
      vertex   4.501257e+01 -5.767500e+01 -6.968911e-01
      vertex   4.654804e+01 -5.772223e+01 -7.291904e-01
      vertex   4.501257e+01 -5.774749e+01 -7.525126e-01
    endloop
  endfacet
  facet normal -1.135070e-18 6.087614e-01 -7.933534e-01
    outer loop
      vertex   4.501257e+01 -5.767500e+01 -6.968911e-01
      vertex   4.501257e+01 -5.774749e+01 -7.525126e-01
      vertex   4.309390e+01 -5.774749e+01 -7.525126e-01
    endloop
  endfacet
  facet normal 0.000000e+00 7.933533e-01 -6.087615e-01
    outer loop
      vertex   4.309390e+01 -5.774749e+01 -7.525126e-01
      vertex   4.501257e+01 -5.774749e+01 -7.525126e-01
      vertex   4.309390e+01 -5.780311e+01 -8.250000e-01
    endloop
  endfacet
  facet normal -7.827091e-19 7.933533e-01 -6.087615e-01
    outer loop
      vertex   4.309390e+01 -5.774749e+01 -7.525126e-01
      vertex   4.309390e+01 -5.780311e+01 -8.250000e-01
      vertex   4.117523e+01 -5.780311e+01 -8.250000e-01
    endloop
  endfacet
  facet normal 0.000000e+00 9.238795e-01 -3.826835e-01
    outer loop
      vertex   4.117523e+01 -5.780311e+01 -8.250000e-01
      vertex   4.309390e+01 -5.780311e+01 -8.250000e-01
      vertex   4.117523e+01 -5.783807e+01 -9.094133e-01
    endloop
  endfacet
  facet normal 1.741064e-19 9.238795e-01 -3.826835e-01
    outer loop
      vertex   4.117523e+01 -5.780311e+01 -8.250000e-01
      vertex   4.117523e+01 -5.783807e+01 -9.094133e-01
      vertex   3.925656e+01 -5.783807e+01 -9.094133e-01
    endloop
  endfacet
  facet normal 0.000000e+00 9.914449e-01 -1.305262e-01
    outer loop
      vertex   3.925656e+01 -5.783807e+01 -9.094133e-01
      vertex   4.117523e+01 -5.783807e+01 -9.094133e-01
      vertex   3.925656e+01 -5.785000e+01 -1.000000e+00
    endloop
  endfacet
  facet normal 8.866910e-13 9.914449e-01 -1.305262e-01
    outer loop
      vertex   3.925656e+01 -5.783807e+01 -9.094133e-01
      vertex   3.925656e+01 -5.785000e+01 -1.000000e+00
      vertex   3.733789e+01 -5.785000e+01 -1.000000e+00
    endloop
  endfacet
  facet normal -8.866915e-13 9.914449e-01 1.305262e-01
    outer loop
      vertex   3.733789e+01 -5.785000e+01 -1.000000e+00
      vertex   3.925656e+01 -5.785000e+01 -1.000000e+00
      vertex   3.733789e+01 -5.783807e+01 -1.090587e+00
    endloop
  endfacet
  facet normal -3.103178e-19 9.914449e-01 1.305262e-01
    outer loop
      vertex   3.733789e+01 -5.785000e+01 -1.000000e+00
      vertex   3.733789e+01 -5.783807e+01 -1.090587e+00
      vertex   3.541923e+01 -5.783807e+01 -1.090587e+00
    endloop
  endfacet
  facet normal -0.000000e+00 9.238795e-01 3.826835e-01
    outer loop
      vertex   3.541923e+01 -5.783807e+01 -1.090587e+00
      vertex   3.733789e+01 -5.783807e+01 -1.090587e+00
      vertex   3.541923e+01 -5.780311e+01 -1.175000e+00
    endloop
  endfacet
  facet normal 6.748264e-19 9.238795e-01 3.826835e-01
    outer loop
      vertex   3.541923e+01 -5.783807e+01 -1.090587e+00
      vertex   3.541923e+01 -5.780311e+01 -1.175000e+00
      vertex   3.350056e+01 -5.780311e+01 -1.175000e+00
    endloop
  endfacet
  facet normal -0.000000e+00 7.933533e-01 6.087615e-01
    outer loop
      vertex   3.350056e+01 -5.780311e+01 -1.175000e+00
      vertex   3.541923e+01 -5.780311e+01 -1.175000e+00
      vertex   3.350056e+01 -5.774749e+01 -1.247487e+00
    endloop
  endfacet
  facet normal 9.595779e-20 7.933533e-01 6.087615e-01
    outer loop
      vertex   3.350056e+01 -5.780311e+01 -1.175000e+00
      vertex   3.350056e+01 -5.774749e+01 -1.247487e+00
      vertex   3.158189e+01 -5.774749e+01 -1.247487e+00
    endloop
  endfacet
  facet normal -0.000000e+00 6.087614e-01 7.933534e-01
    outer loop
      vertex   3.158189e+01 -5.774749e+01 -1.247487e+00
      vertex   3.350056e+01 -5.774749e+01 -1.247487e+00
      vertex   3.158189e+01 -5.767500e+01 -1.303109e+00
    endloop
  endfacet
  facet normal 2.170691e-19 6.087614e-01 7.933534e-01
    outer loop
      vertex   3.158189e+01 -5.774749e+01 -1.247487e+00
      vertex   3.158189e+01 -5.767500e+01 -1.303109e+00
      vertex   2.966322e+01 -5.767500e+01 -1.303109e+00
    endloop
  endfacet
  facet normal -0.000000e+00 3.826834e-01 9.238796e-01
    outer loop
      vertex   2.966322e+01 -5.767500e+01 -1.303109e+00
      vertex   3.158189e+01 -5.767500e+01 -1.303109e+00
      vertex   2.966322e+01 -5.759059e+01 -1.338074e+00
    endloop
  endfacet
  facet normal -1.078391e-19 3.826834e-01 9.238796e-01
    outer loop
      vertex   2.966322e+01 -5.767500e+01 -1.303109e+00
      vertex   2.966322e+01 -5.759059e+01 -1.338074e+00
      vertex   2.774456e+01 -5.759059e+01 -1.338074e+00
    endloop
  endfacet
  facet normal -0.000000e+00 1.305262e-01 9.914449e-01
    outer loop
      vertex   2.774456e+01 -5.759059e+01 -1.338074e+00
      vertex   2.966322e+01 -5.759059e+01 -1.338074e+00
      vertex   2.200056e+01 -5.750000e+01 -1.350000e+00
    endloop
  endfacet
  facet normal -2.156611e-03 7.460346e-01 -6.659037e-01
    outer loop
      vertex   4.654804e+01 -5.772223e+01 -7.291904e-01
      vertex   4.678036e+01 -5.779610e+01 -8.126983e-01
      vertex   4.501257e+01 -5.774749e+01 -7.525126e-01
    endloop
  endfacet
  facet normal 1.089994e-03 7.933528e-01 -6.087611e-01
    outer loop
      vertex   4.501257e+01 -5.774749e+01 -7.525126e-01
      vertex   4.678036e+01 -5.779610e+01 -8.126983e-01
      vertex   4.501257e+01 -5.780311e+01 -8.250000e-01
    endloop
  endfacet
  facet normal -7.827091e-19 7.933533e-01 -6.087615e-01
    outer loop
      vertex   4.501257e+01 -5.774749e+01 -7.525126e-01
      vertex   4.501257e+01 -5.780311e+01 -8.250000e-01
      vertex   4.309390e+01 -5.780311e+01 -8.250000e-01
    endloop
  endfacet
  facet normal 0.000000e+00 9.238795e-01 -3.826835e-01
    outer loop
      vertex   4.309390e+01 -5.780311e+01 -8.250000e-01
      vertex   4.501257e+01 -5.780311e+01 -8.250000e-01
      vertex   4.309390e+01 -5.783807e+01 -9.094133e-01
    endloop
  endfacet
  facet normal 1.741064e-19 9.238795e-01 -3.826835e-01
    outer loop
      vertex   4.309390e+01 -5.780311e+01 -8.250000e-01
      vertex   4.309390e+01 -5.783807e+01 -9.094133e-01
      vertex   4.117523e+01 -5.783807e+01 -9.094133e-01
    endloop
  endfacet
  facet normal 0.000000e+00 9.914449e-01 -1.305262e-01
    outer loop
      vertex   4.117523e+01 -5.783807e+01 -9.094133e-01
      vertex   4.309390e+01 -5.783807e+01 -9.094133e-01
      vertex   4.117523e+01 -5.785000e+01 -1.000000e+00
    endloop
  endfacet
  facet normal 8.866834e-13 9.914449e-01 -1.305262e-01
    outer loop
      vertex   4.117523e+01 -5.783807e+01 -9.094133e-01
      vertex   4.117523e+01 -5.785000e+01 -1.000000e+00
      vertex   3.925656e+01 -5.785000e+01 -1.000000e+00
    endloop
  endfacet
  facet normal -8.866840e-13 9.914449e-01 1.305262e-01
    outer loop
      vertex   3.925656e+01 -5.785000e+01 -1.000000e+00
      vertex   4.117523e+01 -5.785000e+01 -1.000000e+00
      vertex   3.925656e+01 -5.783807e+01 -1.090587e+00
    endloop
  endfacet
  facet normal -5.134501e-19 9.914449e-01 1.305262e-01
    outer loop
      vertex   3.925656e+01 -5.785000e+01 -1.000000e+00
      vertex   3.925656e+01 -5.783807e+01 -1.090587e+00
      vertex   3.733789e+01 -5.783807e+01 -1.090587e+00
    endloop
  endfacet
  facet normal -0.000000e+00 9.238795e-01 3.826835e-01
    outer loop
      vertex   3.733789e+01 -5.783807e+01 -1.090587e+00
      vertex   3.925656e+01 -5.783807e+01 -1.090587e+00
      vertex   3.733789e+01 -5.780311e+01 -1.175000e+00
    endloop
  endfacet
  facet normal 6.748264e-19 9.238795e-01 3.826835e-01
    outer loop
      vertex   3.733789e+01 -5.783807e+01 -1.090587e+00
      vertex   3.733789e+01 -5.780311e+01 -1.175000e+00
      vertex   3.541923e+01 -5.780311e+01 -1.175000e+00
    endloop
  endfacet
  facet normal -0.000000e+00 7.933533e-01 6.087615e-01
    outer loop
      vertex   3.541923e+01 -5.780311e+01 -1.175000e+00
      vertex   3.733789e+01 -5.780311e+01 -1.175000e+00
      vertex   3.541923e+01 -5.774749e+01 -1.247487e+00
    endloop
  endfacet
  facet normal 9.595779e-20 7.933533e-01 6.087615e-01
    outer loop
      vertex   3.541923e+01 -5.780311e+01 -1.175000e+00
      vertex   3.541923e+01 -5.774749e+01 -1.247487e+00
      vertex   3.350056e+01 -5.774749e+01 -1.247487e+00
    endloop
  endfacet
  facet normal -0.000000e+00 6.087614e-01 7.933534e-01
    outer loop
      vertex   3.350056e+01 -5.774749e+01 -1.247487e+00
      vertex   3.541923e+01 -5.774749e+01 -1.247487e+00
      vertex   3.350056e+01 -5.767500e+01 -1.303109e+00
    endloop
  endfacet
  facet normal 2.170691e-19 6.087614e-01 7.933534e-01
    outer loop
      vertex   3.350056e+01 -5.774749e+01 -1.247487e+00
      vertex   3.350056e+01 -5.767500e+01 -1.303109e+00
      vertex   3.158189e+01 -5.767500e+01 -1.303109e+00
    endloop
  endfacet
  facet normal -0.000000e+00 3.826834e-01 9.238796e-01
    outer loop
      vertex   3.158189e+01 -5.767500e+01 -1.303109e+00
      vertex   3.350056e+01 -5.767500e+01 -1.303109e+00
      vertex   3.158189e+01 -5.759059e+01 -1.338074e+00
    endloop
  endfacet
  facet normal -1.078391e-19 3.826834e-01 9.238796e-01
    outer loop
      vertex   3.158189e+01 -5.767500e+01 -1.303109e+00
      vertex   3.158189e+01 -5.759059e+01 -1.338074e+00
      vertex   2.966322e+01 -5.759059e+01 -1.338074e+00
    endloop
  endfacet
  facet normal -0.000000e+00 1.305262e-01 9.914449e-01
    outer loop
      vertex   2.966322e+01 -5.759059e+01 -1.338074e+00
      vertex   3.158189e+01 -5.759059e+01 -1.338074e+00
      vertex   2.200056e+01 -5.750000e+01 -1.350000e+00
    endloop
  endfacet
  facet normal -1.016442e-04 8.750312e-01 -4.840665e-01
    outer loop
      vertex   4.678036e+01 -5.779610e+01 -8.126983e-01
      vertex   4.683397e+01 -5.781466e+01 -8.462614e-01
      vertex   4.501257e+01 -5.780311e+01 -8.250000e-01
    endloop
  endfacet
  facet normal 1.481578e-03 9.264652e-01 -3.763776e-01
    outer loop
      vertex   4.501257e+01 -5.780311e+01 -8.250000e-01
      vertex   4.683397e+01 -5.781466e+01 -8.462614e-01
      vertex   4.688012e+01 -5.783113e+01 -8.866154e-01
    endloop
  endfacet
  facet normal 1.234741e-03 9.238788e-01 -3.826832e-01
    outer loop
      vertex   4.501257e+01 -5.780311e+01 -8.250000e-01
      vertex   4.688012e+01 -5.783113e+01 -8.866154e-01
      vertex   4.501257e+01 -5.783807e+01 -9.094133e-01
    endloop
  endfacet
  facet normal -2.279618e-05 9.570905e-01 -2.897893e-01
    outer loop
      vertex   4.501257e+01 -5.783807e+01 -9.094133e-01
      vertex   4.688012e+01 -5.783113e+01 -8.866154e-01
      vertex   4.689991e+01 -5.783837e+01 -9.105291e-01
    endloop
  endfacet
  facet normal 2.360078e-05 9.763150e-01 -2.163540e-01
    outer loop
      vertex   4.501257e+01 -5.783807e+01 -9.094133e-01
      vertex   4.689991e+01 -5.783837e+01 -9.105291e-01
      vertex   4.691654e+01 -5.784451e+01 -9.382678e-01
    endloop
  endfacet
  facet normal 1.359872e-03 9.913117e-01 -1.315268e-01
    outer loop
      vertex   4.691654e+01 -5.784451e+01 -9.382678e-01
      vertex   4.692741e+01 -5.784857e+01 -9.687050e-01
      vertex   4.501257e+01 -5.783807e+01 -9.094133e-01
    endloop
  endfacet
  facet normal 1.391584e-03 9.914439e-01 -1.305261e-01
    outer loop
      vertex   4.501257e+01 -5.783807e+01 -9.094133e-01
      vertex   4.692741e+01 -5.784857e+01 -9.687050e-01
      vertex   4.501257e+01 -5.785000e+01 -1.000000e+00
    endloop
  endfacet
  facet normal 8.866843e-13 9.914449e-01 -1.305262e-01
    outer loop
      vertex   4.501257e+01 -5.783807e+01 -9.094133e-01
      vertex   4.501257e+01 -5.785000e+01 -1.000000e+00
      vertex   4.309390e+01 -5.785000e+01 -1.000000e+00
    endloop
  endfacet
  facet normal -8.866840e-13 9.914449e-01 1.305262e-01
    outer loop
      vertex   4.309390e+01 -5.785000e+01 -1.000000e+00
      vertex   4.501257e+01 -5.785000e+01 -1.000000e+00
      vertex   4.309390e+01 -5.783807e+01 -1.090587e+00
    endloop
  endfacet
  facet normal 4.484434e-19 9.914449e-01 1.305262e-01
    outer loop
      vertex   4.309390e+01 -5.785000e+01 -1.000000e+00
      vertex   4.309390e+01 -5.783807e+01 -1.090587e+00
      vertex   4.117523e+01 -5.783807e+01 -1.090587e+00
    endloop
  endfacet
  facet normal -0.000000e+00 9.238795e-01 3.826835e-01
    outer loop
      vertex   4.117523e+01 -5.783807e+01 -1.090587e+00
      vertex   4.309390e+01 -5.783807e+01 -1.090587e+00
      vertex   4.117523e+01 -5.780311e+01 -1.175000e+00
    endloop
  endfacet
  facet normal 6.748264e-19 9.238795e-01 3.826835e-01
    outer loop
      vertex   4.117523e+01 -5.783807e+01 -1.090587e+00
      vertex   4.117523e+01 -5.780311e+01 -1.175000e+00
      vertex   3.925656e+01 -5.780311e+01 -1.175000e+00
    endloop
  endfacet
  facet normal -0.000000e+00 7.933533e-01 6.087615e-01
    outer loop
      vertex   3.925656e+01 -5.780311e+01 -1.175000e+00
      vertex   4.117523e+01 -5.780311e+01 -1.175000e+00
      vertex   3.925656e+01 -5.774749e+01 -1.247487e+00
    endloop
  endfacet
  facet normal 9.595779e-20 7.933533e-01 6.087615e-01
    outer loop
      vertex   3.925656e+01 -5.780311e+01 -1.175000e+00
      vertex   3.925656e+01 -5.774749e+01 -1.247487e+00
      vertex   3.733789e+01 -5.774749e+01 -1.247487e+00
    endloop
  endfacet
  facet normal -0.000000e+00 6.087614e-01 7.933534e-01
    outer loop
      vertex   3.733789e+01 -5.774749e+01 -1.247487e+00
      vertex   3.925656e+01 -5.774749e+01 -1.247487e+00
      vertex   3.733789e+01 -5.767500e+01 -1.303109e+00
    endloop
  endfacet
  facet normal 2.170691e-19 6.087614e-01 7.933534e-01
    outer loop
      vertex   3.733789e+01 -5.774749e+01 -1.247487e+00
      vertex   3.733789e+01 -5.767500e+01 -1.303109e+00
      vertex   3.541923e+01 -5.767500e+01 -1.303109e+00
    endloop
  endfacet
  facet normal -0.000000e+00 3.826834e-01 9.238796e-01
    outer loop
      vertex   3.541923e+01 -5.767500e+01 -1.303109e+00
      vertex   3.733789e+01 -5.767500e+01 -1.303109e+00
      vertex   3.541923e+01 -5.759059e+01 -1.338074e+00
    endloop
  endfacet
  facet normal -1.078391e-19 3.826834e-01 9.238796e-01
    outer loop
      vertex   3.541923e+01 -5.767500e+01 -1.303109e+00
      vertex   3.541923e+01 -5.759059e+01 -1.338074e+00
      vertex   3.350056e+01 -5.759059e+01 -1.338074e+00
    endloop
  endfacet
  facet normal -0.000000e+00 1.305261e-01 9.914449e-01
    outer loop
      vertex   3.350056e+01 -5.759059e+01 -1.338074e+00
      vertex   3.541923e+01 -5.759059e+01 -1.338074e+00
      vertex   4.500056e+01 -5.750000e+01 -1.350000e+00
    endloop
  endfacet
  facet normal -1.691414e-10 1.305261e-01 9.914449e-01
    outer loop
      vertex   3.350056e+01 -5.759059e+01 -1.338074e+00
      vertex   4.500056e+01 -5.750000e+01 -1.350000e+00
      vertex   2.200056e+01 -5.750000e+01 -1.350000e+00
    endloop
  endfacet
  facet normal 3.106056e-13 9.989542e-01 -4.572296e-02
    outer loop
      vertex   4.692741e+01 -5.784857e+01 -9.687050e-01
      vertex   4.693123e+01 -5.785000e+01 -1.000000e+00
      vertex   4.501257e+01 -5.785000e+01 -1.000000e+00
    endloop
  endfacet
  facet normal -3.106055e-13 9.989542e-01 4.572296e-02
    outer loop
      vertex   4.501257e+01 -5.785000e+01 -1.000000e+00
      vertex   4.693123e+01 -5.785000e+01 -1.000000e+00
      vertex   4.692741e+01 -5.784857e+01 -1.031295e+00
    endloop
  endfacet
  facet normal 1.407761e-03 9.913138e-01 1.315100e-01
    outer loop
      vertex   4.501257e+01 -5.785000e+01 -1.000000e+00
      vertex   4.692741e+01 -5.784857e+01 -1.031295e+00
      vertex   4.691654e+01 -5.784451e+01 -1.061732e+00
    endloop
  endfacet
  facet normal 1.375485e-03 9.914439e-01 1.305261e-01
    outer loop
      vertex   4.501257e+01 -5.785000e+01 -1.000000e+00
      vertex   4.691654e+01 -5.784451e+01 -1.061732e+00
      vertex   4.501257e+01 -5.783807e+01 -1.090587e+00
    endloop
  endfacet
  facet normal 2.360078e-05 9.763150e-01 2.163540e-01
    outer loop
      vertex   4.501257e+01 -5.783807e+01 -1.090587e+00
      vertex   4.691654e+01 -5.784451e+01 -1.061732e+00
      vertex   4.689991e+01 -5.783837e+01 -1.089471e+00
    endloop
  endfacet
  facet normal -2.279618e-05 9.570905e-01 2.897893e-01
    outer loop
      vertex   4.501257e+01 -5.783807e+01 -1.090587e+00
      vertex   4.689991e+01 -5.783837e+01 -1.089471e+00
      vertex   4.688012e+01 -5.783113e+01 -1.113385e+00
    endloop
  endfacet
  facet normal 1.152574e-03 9.263344e-01 3.767005e-01
    outer loop
      vertex   4.688012e+01 -5.783113e+01 -1.113385e+00
      vertex   4.683397e+01 -5.781466e+01 -1.153739e+00
      vertex   4.501257e+01 -5.783807e+01 -1.090587e+00
    endloop
  endfacet
  facet normal 1.391572e-03 9.238786e-01 3.826831e-01
    outer loop
      vertex   4.501257e+01 -5.783807e+01 -1.090587e+00
      vertex   4.683397e+01 -5.781466e+01 -1.153739e+00
      vertex   4.501257e+01 -5.780311e+01 -1.175000e+00
    endloop
  endfacet
  facet normal 6.748264e-19 9.238795e-01 3.826835e-01
    outer loop
      vertex   4.501257e+01 -5.783807e+01 -1.090587e+00
      vertex   4.501257e+01 -5.780311e+01 -1.175000e+00
      vertex   4.309390e+01 -5.780311e+01 -1.175000e+00
    endloop
  endfacet
  facet normal -0.000000e+00 7.933533e-01 6.087615e-01
    outer loop
      vertex   4.309390e+01 -5.780311e+01 -1.175000e+00
      vertex   4.501257e+01 -5.780311e+01 -1.175000e+00
      vertex   4.309390e+01 -5.774749e+01 -1.247487e+00
    endloop
  endfacet
  facet normal 9.595779e-20 7.933533e-01 6.087615e-01
    outer loop
      vertex   4.309390e+01 -5.780311e+01 -1.175000e+00
      vertex   4.309390e+01 -5.774749e+01 -1.247487e+00
      vertex   4.117523e+01 -5.774749e+01 -1.247487e+00
    endloop
  endfacet
  facet normal -0.000000e+00 6.087614e-01 7.933534e-01
    outer loop
      vertex   4.117523e+01 -5.774749e+01 -1.247487e+00
      vertex   4.309390e+01 -5.774749e+01 -1.247487e+00
      vertex   4.117523e+01 -5.767500e+01 -1.303109e+00
    endloop
  endfacet
  facet normal 2.170691e-19 6.087614e-01 7.933534e-01
    outer loop
      vertex   4.117523e+01 -5.774749e+01 -1.247487e+00
      vertex   4.117523e+01 -5.767500e+01 -1.303109e+00
      vertex   3.925656e+01 -5.767500e+01 -1.303109e+00
    endloop
  endfacet
  facet normal -0.000000e+00 3.826834e-01 9.238796e-01
    outer loop
      vertex   3.925656e+01 -5.767500e+01 -1.303109e+00
      vertex   4.117523e+01 -5.767500e+01 -1.303109e+00
      vertex   3.925656e+01 -5.759059e+01 -1.338074e+00
    endloop
  endfacet
  facet normal -1.078391e-19 3.826834e-01 9.238796e-01
    outer loop
      vertex   3.925656e+01 -5.767500e+01 -1.303109e+00
      vertex   3.925656e+01 -5.759059e+01 -1.338074e+00
      vertex   3.733789e+01 -5.759059e+01 -1.338074e+00
    endloop
  endfacet
  facet normal -0.000000e+00 1.305261e-01 9.914449e-01
    outer loop
      vertex   3.733789e+01 -5.759059e+01 -1.338074e+00
      vertex   3.925656e+01 -5.759059e+01 -1.338074e+00
      vertex   4.500056e+01 -5.750000e+01 -1.350000e+00
    endloop
  endfacet
  facet normal 0.000000e+00 1.305261e-01 9.914449e-01
    outer loop
      vertex   3.733789e+01 -5.759059e+01 -1.338074e+00
      vertex   4.500056e+01 -5.750000e+01 -1.350000e+00
      vertex   3.541923e+01 -5.759059e+01 -1.338074e+00
    endloop
  endfacet
  facet normal -1.016442e-04 8.750312e-01 4.840665e-01
    outer loop
      vertex   4.683397e+01 -5.781466e+01 -1.153739e+00
      vertex   4.678036e+01 -5.779610e+01 -1.187302e+00
      vertex   4.501257e+01 -5.780311e+01 -1.175000e+00
    endloop
  endfacet
  facet normal 1.089994e-03 7.933528e-01 6.087611e-01
    outer loop
      vertex   4.501257e+01 -5.780311e+01 -1.175000e+00
      vertex   4.678036e+01 -5.779610e+01 -1.187302e+00
      vertex   4.501257e+01 -5.774749e+01 -1.247487e+00
    endloop
  endfacet
  facet normal 9.595779e-20 7.933533e-01 6.087615e-01
    outer loop
      vertex   4.501257e+01 -5.780311e+01 -1.175000e+00
      vertex   4.501257e+01 -5.774749e+01 -1.247487e+00
      vertex   4.309390e+01 -5.774749e+01 -1.247487e+00
    endloop
  endfacet
  facet normal -0.000000e+00 6.087614e-01 7.933534e-01
    outer loop
      vertex   4.309390e+01 -5.774749e+01 -1.247487e+00
      vertex   4.501257e+01 -5.774749e+01 -1.247487e+00
      vertex   4.309390e+01 -5.767500e+01 -1.303109e+00
    endloop
  endfacet
  facet normal 2.170691e-19 6.087614e-01 7.933534e-01
    outer loop
      vertex   4.309390e+01 -5.774749e+01 -1.247487e+00
      vertex   4.309390e+01 -5.767500e+01 -1.303109e+00
      vertex   4.117523e+01 -5.767500e+01 -1.303109e+00
    endloop
  endfacet
  facet normal -0.000000e+00 3.826834e-01 9.238796e-01
    outer loop
      vertex   4.117523e+01 -5.767500e+01 -1.303109e+00
      vertex   4.309390e+01 -5.767500e+01 -1.303109e+00
      vertex   4.117523e+01 -5.759059e+01 -1.338074e+00
    endloop
  endfacet
  facet normal -1.078391e-19 3.826834e-01 9.238796e-01
    outer loop
      vertex   4.117523e+01 -5.767500e+01 -1.303109e+00
      vertex   4.117523e+01 -5.759059e+01 -1.338074e+00
      vertex   3.925656e+01 -5.759059e+01 -1.338074e+00
    endloop
  endfacet
  facet normal -0.000000e+00 1.305261e-01 9.914449e-01
    outer loop
      vertex   3.925656e+01 -5.759059e+01 -1.338074e+00
      vertex   4.117523e+01 -5.759059e+01 -1.338074e+00
      vertex   4.500056e+01 -5.750000e+01 -1.350000e+00
    endloop
  endfacet
  facet normal -2.156611e-03 7.460346e-01 6.659037e-01
    outer loop
      vertex   4.678036e+01 -5.779610e+01 -1.187302e+00
      vertex   4.654804e+01 -5.772223e+01 -1.270810e+00
      vertex   4.501257e+01 -5.774749e+01 -1.247487e+00
    endloop
  endfacet
  facet normal 2.037099e-03 6.087601e-01 7.933517e-01
    outer loop
      vertex   4.501257e+01 -5.774749e+01 -1.247487e+00
      vertex   4.654804e+01 -5.772223e+01 -1.270810e+00
      vertex   4.501257e+01 -5.767500e+01 -1.303109e+00
    endloop
  endfacet
  facet normal 2.170691e-19 6.087614e-01 7.933534e-01
    outer loop
      vertex   4.501257e+01 -5.774749e+01 -1.247487e+00
      vertex   4.501257e+01 -5.767500e+01 -1.303109e+00
      vertex   4.309390e+01 -5.767500e+01 -1.303109e+00
    endloop
  endfacet
  facet normal -0.000000e+00 3.826834e-01 9.238796e-01
    outer loop
      vertex   4.309390e+01 -5.767500e+01 -1.303109e+00
      vertex   4.501257e+01 -5.767500e+01 -1.303109e+00
      vertex   4.309390e+01 -5.759059e+01 -1.338074e+00
    endloop
  endfacet
  facet normal -1.078391e-19 3.826834e-01 9.238796e-01
    outer loop
      vertex   4.309390e+01 -5.767500e+01 -1.303109e+00
      vertex   4.309390e+01 -5.759059e+01 -1.338074e+00
      vertex   4.117523e+01 -5.759059e+01 -1.338074e+00
    endloop
  endfacet
  facet normal -0.000000e+00 1.305261e-01 9.914449e-01
    outer loop
      vertex   4.117523e+01 -5.759059e+01 -1.338074e+00
      vertex   4.309390e+01 -5.759059e+01 -1.338074e+00
      vertex   4.500056e+01 -5.750000e+01 -1.350000e+00
    endloop
  endfacet
  facet normal -3.550881e-04 5.565910e-01 8.307866e-01
    outer loop
      vertex   4.654804e+01 -5.772223e+01 -1.270810e+00
      vertex   4.630515e+01 -5.765722e+01 -1.314469e+00
      vertex   4.501257e+01 -5.767500e+01 -1.303109e+00
    endloop
  endfacet
  facet normal 3.086861e-03 3.693234e-01 9.292958e-01
    outer loop
      vertex   4.501257e+01 -5.767500e+01 -1.303109e+00
      vertex   4.630515e+01 -5.765722e+01 -1.314469e+00
      vertex   4.604899e+01 -5.760101e+01 -1.335957e+00
    endloop
  endfacet
  facet normal 1.961422e-03 3.826826e-01 9.238778e-01
    outer loop
      vertex   4.501257e+01 -5.767500e+01 -1.303109e+00
      vertex   4.604899e+01 -5.760101e+01 -1.335957e+00
      vertex   4.501257e+01 -5.759059e+01 -1.338074e+00
    endloop
  endfacet
  facet normal -2.720739e-04 1.729704e-01 9.849270e-01
    outer loop
      vertex   4.501257e+01 -5.759059e+01 -1.338074e+00
      vertex   4.604899e+01 -5.760101e+01 -1.335957e+00
      vertex   4.551847e+01 -5.752466e+01 -1.349511e+00
    endloop
  endfacet
  facet normal 5.313727e-03 1.312165e-01 9.913395e-01
    outer loop
      vertex   4.501257e+01 -5.759059e+01 -1.338074e+00
      vertex   4.551847e+01 -5.752466e+01 -1.349511e+00
      vertex   4.500056e+01 -5.750000e+01 -1.350000e+00
    endloop
  endfacet
  facet normal -1.359872e-03 9.913117e-01 -1.315268e-01
    outer loop
      vertex   2.007371e+01 -5.784857e+01 -9.687050e-01
      vertex   2.008458e+01 -5.784451e+01 -9.382678e-01
      vertex   2.198855e+01 -5.783807e+01 -9.094133e-01
    endloop
  endfacet
  facet normal -2.360082e-05 9.763150e-01 -2.163539e-01
    outer loop
      vertex   2.198855e+01 -5.783807e+01 -9.094133e-01
      vertex   2.008458e+01 -5.784451e+01 -9.382678e-01
      vertex   2.010121e+01 -5.783837e+01 -9.105291e-01
    endloop
  endfacet
  facet normal 2.279622e-05 9.570905e-01 -2.897892e-01
    outer loop
      vertex   2.198855e+01 -5.783807e+01 -9.094133e-01
      vertex   2.010121e+01 -5.783837e+01 -9.105291e-01
      vertex   2.012100e+01 -5.783113e+01 -8.866154e-01
    endloop
  endfacet
  facet normal -1.234741e-03 9.238788e-01 -3.826832e-01
    outer loop
      vertex   2.198855e+01 -5.783807e+01 -9.094133e-01
      vertex   2.012100e+01 -5.783113e+01 -8.866154e-01
      vertex   2.198855e+01 -5.780311e+01 -8.250000e-01
    endloop
  endfacet
  facet normal -1.481578e-03 9.264652e-01 -3.763776e-01
    outer loop
      vertex   2.198855e+01 -5.780311e+01 -8.250000e-01
      vertex   2.012100e+01 -5.783113e+01 -8.866154e-01
      vertex   2.016715e+01 -5.781466e+01 -8.462614e-01
    endloop
  endfacet
  facet normal 1.016441e-04 8.750312e-01 -4.840665e-01
    outer loop
      vertex   2.198855e+01 -5.780311e+01 -8.250000e-01
      vertex   2.016715e+01 -5.781466e+01 -8.462614e-01
      vertex   2.022075e+01 -5.779610e+01 -8.126983e-01
    endloop
  endfacet
  facet normal -1.089993e-03 7.933528e-01 -6.087611e-01
    outer loop
      vertex   2.198855e+01 -5.780311e+01 -8.250000e-01
      vertex   2.022075e+01 -5.779610e+01 -8.126983e-01
      vertex   2.198855e+01 -5.774749e+01 -7.525126e-01
    endloop
  endfacet
  facet normal 2.156611e-03 7.460346e-01 -6.659037e-01
    outer loop
      vertex   2.198855e+01 -5.774749e+01 -7.525126e-01
      vertex   2.022075e+01 -5.779610e+01 -8.126983e-01
      vertex   2.045308e+01 -5.772223e+01 -7.291904e-01
    endloop
  endfacet
  facet normal -2.037098e-03 6.087601e-01 -7.933517e-01
    outer loop
      vertex   2.198855e+01 -5.774749e+01 -7.525126e-01
      vertex   2.045308e+01 -5.772223e+01 -7.291904e-01
      vertex   2.198855e+01 -5.767500e+01 -6.968911e-01
    endloop
  endfacet
  facet normal 3.550876e-04 5.565910e-01 -8.307866e-01
    outer loop
      vertex   2.198855e+01 -5.767500e+01 -6.968911e-01
      vertex   2.045308e+01 -5.772223e+01 -7.291904e-01
      vertex   2.069596e+01 -5.765722e+01 -6.855307e-01
    endloop
  endfacet
  facet normal -2.855459e-03 3.826818e-01 -9.238758e-01
    outer loop
      vertex   2.198855e+01 -5.767500e+01 -6.968911e-01
      vertex   2.069596e+01 -5.765722e+01 -6.855307e-01
      vertex   2.198855e+01 -5.759059e+01 -6.619259e-01
    endloop
  endfacet
  facet normal -1.758906e-03 3.640653e-01 -9.313718e-01
    outer loop
      vertex   2.198855e+01 -5.759059e+01 -6.619259e-01
      vertex   2.069596e+01 -5.765722e+01 -6.855307e-01
      vertex   2.095212e+01 -5.760101e+01 -6.640426e-01
    endloop
  endfacet
  facet normal 2.720749e-04 1.729704e-01 -9.849270e-01
    outer loop
      vertex   2.198855e+01 -5.759059e+01 -6.619259e-01
      vertex   2.095212e+01 -5.760101e+01 -6.640426e-01
      vertex   2.148265e+01 -5.752466e+01 -6.504885e-01
    endloop
  endfacet
  facet normal -5.313726e-03 1.312165e-01 -9.913395e-01
    outer loop
      vertex   2.148265e+01 -5.752466e+01 -6.504885e-01
      vertex   2.200056e+01 -5.750000e+01 -6.500000e-01
      vertex   2.198855e+01 -5.759059e+01 -6.619259e-01
    endloop
  endfacet
  facet normal 0.000000e+00 1.305261e-01 -9.914449e-01
    outer loop
      vertex   2.198855e+01 -5.759059e+01 -6.619259e-01
      vertex   2.200056e+01 -5.750000e+01 -6.500000e-01
      vertex   2.390722e+01 -5.759059e+01 -6.619259e-01
    endloop
  endfacet
  facet normal 0.000000e+00 3.826834e-01 -9.238796e-01
    outer loop
      vertex   2.198855e+01 -5.759059e+01 -6.619259e-01
      vertex   2.390722e+01 -5.759059e+01 -6.619259e-01
      vertex   2.198855e+01 -5.767500e+01 -6.968911e-01
    endloop
  endfacet
  facet normal 0.000000e+00 3.826834e-01 -9.238796e-01
    outer loop
      vertex   2.198855e+01 -5.767500e+01 -6.968911e-01
      vertex   2.390722e+01 -5.759059e+01 -6.619259e-01
      vertex   2.390722e+01 -5.767500e+01 -6.968911e-01
    endloop
  endfacet
  facet normal 0.000000e+00 6.087614e-01 -7.933534e-01
    outer loop
      vertex   2.198855e+01 -5.767500e+01 -6.968911e-01
      vertex   2.390722e+01 -5.767500e+01 -6.968911e-01
      vertex   2.198855e+01 -5.774749e+01 -7.525126e-01
    endloop
  endfacet
  facet normal 0.000000e+00 6.087614e-01 -7.933534e-01
    outer loop
      vertex   2.198855e+01 -5.774749e+01 -7.525126e-01
      vertex   2.390722e+01 -5.767500e+01 -6.968911e-01
      vertex   2.390722e+01 -5.774749e+01 -7.525126e-01
    endloop
  endfacet
  facet normal 0.000000e+00 7.933533e-01 -6.087615e-01
    outer loop
      vertex   2.198855e+01 -5.774749e+01 -7.525126e-01
      vertex   2.390722e+01 -5.774749e+01 -7.525126e-01
      vertex   2.198855e+01 -5.780311e+01 -8.250000e-01
    endloop
  endfacet
  facet normal 0.000000e+00 7.933533e-01 -6.087615e-01
    outer loop
      vertex   2.198855e+01 -5.780311e+01 -8.250000e-01
      vertex   2.390722e+01 -5.774749e+01 -7.525126e-01
      vertex   2.390722e+01 -5.780311e+01 -8.250000e-01
    endloop
  endfacet
  facet normal 0.000000e+00 9.238795e-01 -3.826835e-01
    outer loop
      vertex   2.198855e+01 -5.780311e+01 -8.250000e-01
      vertex   2.390722e+01 -5.780311e+01 -8.250000e-01
      vertex   2.198855e+01 -5.783807e+01 -9.094133e-01
    endloop
  endfacet
  facet normal 0.000000e+00 3.826834e-01 -9.238796e-01
    outer loop
      vertex   4.117523e+01 -5.767500e+01 -6.968911e-01
      vertex   4.309390e+01 -5.759059e+01 -6.619259e-01
      vertex   4.309390e+01 -5.767500e+01 -6.968911e-01
    endloop
  endfacet
  facet normal 9.800419e-19 3.826834e-01 -9.238796e-01
    outer loop
      vertex   4.309390e+01 -5.767500e+01 -6.968911e-01
      vertex   4.309390e+01 -5.759059e+01 -6.619259e-01
      vertex   4.501257e+01 -5.759059e+01 -6.619259e-01
    endloop
  endfacet
  facet normal 0.000000e+00 1.305261e-01 -9.914449e-01
    outer loop
      vertex   4.117523e+01 -5.759059e+01 -6.619259e-01
      vertex   3.925656e+01 -5.759059e+01 -6.619259e-01
      vertex   4.500056e+01 -5.750000e+01 -6.500000e-01
    endloop
  endfacet
  facet normal -1.020796e-19 1.305261e-01 -9.914449e-01
    outer loop
      vertex   4.500056e+01 -5.750000e+01 -6.500000e-01
      vertex   3.925656e+01 -5.759059e+01 -6.619259e-01
      vertex   3.733789e+01 -5.759059e+01 -6.619259e-01
    endloop
  endfacet
  facet normal -1.020796e-19 1.305261e-01 -9.914449e-01
    outer loop
      vertex   4.500056e+01 -5.750000e+01 -6.500000e-01
      vertex   3.733789e+01 -5.759059e+01 -6.619259e-01
      vertex   3.541923e+01 -5.759059e+01 -6.619259e-01
    endloop
  endfacet
  facet normal 0.000000e+00 3.826834e-01 -9.238796e-01
    outer loop
      vertex   3.541923e+01 -5.759059e+01 -6.619259e-01
      vertex   3.733789e+01 -5.759059e+01 -6.619259e-01
      vertex   3.541923e+01 -5.767500e+01 -6.968911e-01
    endloop
  endfacet
  facet normal 9.800419e-19 3.826834e-01 -9.238796e-01
    outer loop
      vertex   3.541923e+01 -5.759059e+01 -6.619259e-01
      vertex   3.541923e+01 -5.767500e+01 -6.968911e-01
      vertex   3.350056e+01 -5.767500e+01 -6.968911e-01
    endloop
  endfacet
  facet normal 0.000000e+00 6.087614e-01 -7.933534e-01
    outer loop
      vertex   3.350056e+01 -5.767500e+01 -6.968911e-01
      vertex   3.541923e+01 -5.767500e+01 -6.968911e-01
      vertex   3.350056e+01 -5.774749e+01 -7.525126e-01
    endloop
  endfacet
  facet normal -1.135070e-18 6.087614e-01 -7.933534e-01
    outer loop
      vertex   3.350056e+01 -5.767500e+01 -6.968911e-01
      vertex   3.350056e+01 -5.774749e+01 -7.525126e-01
      vertex   3.158189e+01 -5.774749e+01 -7.525126e-01
    endloop
  endfacet
  facet normal 0.000000e+00 7.933533e-01 -6.087615e-01
    outer loop
      vertex   3.158189e+01 -5.774749e+01 -7.525126e-01
      vertex   3.350056e+01 -5.774749e+01 -7.525126e-01
      vertex   3.158189e+01 -5.780311e+01 -8.250000e-01
    endloop
  endfacet
  facet normal -7.827091e-19 7.933533e-01 -6.087615e-01
    outer loop
      vertex   3.158189e+01 -5.774749e+01 -7.525126e-01
      vertex   3.158189e+01 -5.780311e+01 -8.250000e-01
      vertex   2.966322e+01 -5.780311e+01 -8.250000e-01
    endloop
  endfacet
  facet normal 0.000000e+00 9.238795e-01 -3.826835e-01
    outer loop
      vertex   2.966322e+01 -5.780311e+01 -8.250000e-01
      vertex   3.158189e+01 -5.780311e+01 -8.250000e-01
      vertex   2.966322e+01 -5.783807e+01 -9.094133e-01
    endloop
  endfacet
  facet normal 1.741064e-19 9.238795e-01 -3.826835e-01
    outer loop
      vertex   2.966322e+01 -5.780311e+01 -8.250000e-01
      vertex   2.966322e+01 -5.783807e+01 -9.094133e-01
      vertex   2.774456e+01 -5.783807e+01 -9.094133e-01
    endloop
  endfacet
  facet normal 0.000000e+00 9.914449e-01 -1.305262e-01
    outer loop
      vertex   2.774456e+01 -5.783807e+01 -9.094133e-01
      vertex   2.966322e+01 -5.783807e+01 -9.094133e-01
      vertex   2.774456e+01 -5.785000e+01 -1.000000e+00
    endloop
  endfacet
  facet normal 8.867063e-13 9.914449e-01 -1.305262e-01
    outer loop
      vertex   2.774456e+01 -5.783807e+01 -9.094133e-01
      vertex   2.774456e+01 -5.785000e+01 -1.000000e+00
      vertex   2.582589e+01 -5.785000e+01 -1.000000e+00
    endloop
  endfacet
  facet normal -8.867066e-13 9.914449e-01 1.305262e-01
    outer loop
      vertex   2.582589e+01 -5.785000e+01 -1.000000e+00
      vertex   2.774456e+01 -5.785000e+01 -1.000000e+00
      vertex   2.582589e+01 -5.783807e+01 -1.090587e+00
    endloop
  endfacet
  facet normal 1.964628e-19 9.914449e-01 1.305262e-01
    outer loop
      vertex   2.582589e+01 -5.785000e+01 -1.000000e+00
      vertex   2.582589e+01 -5.783807e+01 -1.090587e+00
      vertex   2.390722e+01 -5.783807e+01 -1.090587e+00
    endloop
  endfacet
  facet normal -0.000000e+00 9.238795e-01 3.826835e-01
    outer loop
      vertex   2.390722e+01 -5.783807e+01 -1.090587e+00
      vertex   2.582589e+01 -5.783807e+01 -1.090587e+00
      vertex   2.390722e+01 -5.780311e+01 -1.175000e+00
    endloop
  endfacet
  facet normal 6.748264e-19 9.238795e-01 3.826835e-01
    outer loop
      vertex   2.390722e+01 -5.783807e+01 -1.090587e+00
      vertex   2.390722e+01 -5.780311e+01 -1.175000e+00
      vertex   2.198855e+01 -5.780311e+01 -1.175000e+00
    endloop
  endfacet
  facet normal -0.000000e+00 7.933533e-01 6.087615e-01
    outer loop
      vertex   2.198855e+01 -5.780311e+01 -1.175000e+00
      vertex   2.390722e+01 -5.780311e+01 -1.175000e+00
      vertex   2.198855e+01 -5.774749e+01 -1.247487e+00
    endloop
  endfacet
  facet normal 0.000000e+00 3.826834e-01 -9.238796e-01
    outer loop
      vertex   4.117523e+01 -5.759059e+01 -6.619259e-01
      vertex   3.925656e+01 -5.767500e+01 -6.968911e-01
      vertex   3.925656e+01 -5.759059e+01 -6.619259e-01
    endloop
  endfacet
  facet normal 9.800419e-19 3.826834e-01 -9.238796e-01
    outer loop
      vertex   3.925656e+01 -5.759059e+01 -6.619259e-01
      vertex   3.925656e+01 -5.767500e+01 -6.968911e-01
      vertex   3.733789e+01 -5.767500e+01 -6.968911e-01
    endloop
  endfacet
  facet normal 0.000000e+00 3.826834e-01 -9.238796e-01
    outer loop
      vertex   3.925656e+01 -5.759059e+01 -6.619259e-01
      vertex   3.733789e+01 -5.767500e+01 -6.968911e-01
      vertex   3.733789e+01 -5.759059e+01 -6.619259e-01
    endloop
  endfacet
  facet normal 9.800419e-19 3.826834e-01 -9.238796e-01
    outer loop
      vertex   3.733789e+01 -5.759059e+01 -6.619259e-01
      vertex   3.733789e+01 -5.767500e+01 -6.968911e-01
      vertex   3.541923e+01 -5.767500e+01 -6.968911e-01
    endloop
  endfacet
  facet normal 0.000000e+00 1.305261e-01 -9.914449e-01
    outer loop
      vertex   3.350056e+01 -5.759059e+01 -6.619259e-01
      vertex   4.500056e+01 -5.750000e+01 -6.500000e-01
      vertex   3.541923e+01 -5.759059e+01 -6.619259e-01
    endloop
  endfacet
  facet normal 0.000000e+00 3.826834e-01 -9.238796e-01
    outer loop
      vertex   3.541923e+01 -5.759059e+01 -6.619259e-01
      vertex   3.350056e+01 -5.767500e+01 -6.968911e-01
      vertex   3.350056e+01 -5.759059e+01 -6.619259e-01
    endloop
  endfacet
  facet normal 9.800419e-19 3.826834e-01 -9.238796e-01
    outer loop
      vertex   3.350056e+01 -5.759059e+01 -6.619259e-01
      vertex   3.350056e+01 -5.767500e+01 -6.968911e-01
      vertex   3.158189e+01 -5.767500e+01 -6.968911e-01
    endloop
  endfacet
  facet normal 0.000000e+00 3.826834e-01 -9.238796e-01
    outer loop
      vertex   3.350056e+01 -5.759059e+01 -6.619259e-01
      vertex   3.158189e+01 -5.767500e+01 -6.968911e-01
      vertex   3.158189e+01 -5.759059e+01 -6.619259e-01
    endloop
  endfacet
  facet normal 9.800419e-19 3.826834e-01 -9.238796e-01
    outer loop
      vertex   3.158189e+01 -5.759059e+01 -6.619259e-01
      vertex   3.158189e+01 -5.767500e+01 -6.968911e-01
      vertex   2.966322e+01 -5.767500e+01 -6.968911e-01
    endloop
  endfacet
  facet normal 0.000000e+00 1.305261e-01 -9.914449e-01
    outer loop
      vertex   2.966322e+01 -5.759059e+01 -6.619259e-01
      vertex   2.774456e+01 -5.759059e+01 -6.619259e-01
      vertex   2.200056e+01 -5.750000e+01 -6.500000e-01
    endloop
  endfacet
  facet normal 1.768636e-19 1.305261e-01 -9.914449e-01
    outer loop
      vertex   2.200056e+01 -5.750000e+01 -6.500000e-01
      vertex   2.774456e+01 -5.759059e+01 -6.619259e-01
      vertex   2.582589e+01 -5.759059e+01 -6.619259e-01
    endloop
  endfacet
  facet normal 1.768636e-19 1.305261e-01 -9.914449e-01
    outer loop
      vertex   2.200056e+01 -5.750000e+01 -6.500000e-01
      vertex   2.582589e+01 -5.759059e+01 -6.619259e-01
      vertex   2.390722e+01 -5.759059e+01 -6.619259e-01
    endloop
  endfacet
  facet normal 0.000000e+00 3.826834e-01 -9.238796e-01
    outer loop
      vertex   2.390722e+01 -5.759059e+01 -6.619259e-01
      vertex   2.582589e+01 -5.759059e+01 -6.619259e-01
      vertex   2.390722e+01 -5.767500e+01 -6.968911e-01
    endloop
  endfacet
  facet normal 0.000000e+00 3.826834e-01 -9.238796e-01
    outer loop
      vertex   2.966322e+01 -5.759059e+01 -6.619259e-01
      vertex   2.774456e+01 -5.767500e+01 -6.968911e-01
      vertex   2.774456e+01 -5.759059e+01 -6.619259e-01
    endloop
  endfacet
  facet normal 9.800419e-19 3.826834e-01 -9.238796e-01
    outer loop
      vertex   2.774456e+01 -5.759059e+01 -6.619259e-01
      vertex   2.774456e+01 -5.767500e+01 -6.968911e-01
      vertex   2.582589e+01 -5.767500e+01 -6.968911e-01
    endloop
  endfacet
  facet normal 0.000000e+00 3.826834e-01 -9.238796e-01
    outer loop
      vertex   2.774456e+01 -5.759059e+01 -6.619259e-01
      vertex   2.582589e+01 -5.767500e+01 -6.968911e-01
      vertex   2.582589e+01 -5.759059e+01 -6.619259e-01
    endloop
  endfacet
  facet normal 9.800419e-19 3.826834e-01 -9.238796e-01
    outer loop
      vertex   2.582589e+01 -5.759059e+01 -6.619259e-01
      vertex   2.582589e+01 -5.767500e+01 -6.968911e-01
      vertex   2.390722e+01 -5.767500e+01 -6.968911e-01
    endloop
  endfacet
  facet normal 0.000000e+00 6.087614e-01 -7.933534e-01
    outer loop
      vertex   3.925656e+01 -5.774749e+01 -7.525126e-01
      vertex   4.117523e+01 -5.767500e+01 -6.968911e-01
      vertex   4.117523e+01 -5.774749e+01 -7.525126e-01
    endloop
  endfacet
  facet normal -1.135070e-18 6.087614e-01 -7.933534e-01
    outer loop
      vertex   4.117523e+01 -5.774749e+01 -7.525126e-01
      vertex   4.117523e+01 -5.767500e+01 -6.968911e-01
      vertex   4.309390e+01 -5.767500e+01 -6.968911e-01
    endloop
  endfacet
  facet normal 0.000000e+00 6.087614e-01 -7.933534e-01
    outer loop
      vertex   3.925656e+01 -5.767500e+01 -6.968911e-01
      vertex   3.733789e+01 -5.774749e+01 -7.525126e-01
      vertex   3.733789e+01 -5.767500e+01 -6.968911e-01
    endloop
  endfacet
  facet normal -1.135070e-18 6.087614e-01 -7.933534e-01
    outer loop
      vertex   3.733789e+01 -5.767500e+01 -6.968911e-01
      vertex   3.733789e+01 -5.774749e+01 -7.525126e-01
      vertex   3.541923e+01 -5.774749e+01 -7.525126e-01
    endloop
  endfacet
  facet normal 0.000000e+00 6.087614e-01 -7.933534e-01
    outer loop
      vertex   3.733789e+01 -5.767500e+01 -6.968911e-01
      vertex   3.541923e+01 -5.774749e+01 -7.525126e-01
      vertex   3.541923e+01 -5.767500e+01 -6.968911e-01
    endloop
  endfacet
  facet normal -1.135070e-18 6.087614e-01 -7.933534e-01
    outer loop
      vertex   3.541923e+01 -5.767500e+01 -6.968911e-01
      vertex   3.541923e+01 -5.774749e+01 -7.525126e-01
      vertex   3.350056e+01 -5.774749e+01 -7.525126e-01
    endloop
  endfacet
  facet normal 0.000000e+00 6.087614e-01 -7.933534e-01
    outer loop
      vertex   3.350056e+01 -5.767500e+01 -6.968911e-01
      vertex   3.158189e+01 -5.774749e+01 -7.525126e-01
      vertex   3.158189e+01 -5.767500e+01 -6.968911e-01
    endloop
  endfacet
  facet normal -1.135070e-18 6.087614e-01 -7.933534e-01
    outer loop
      vertex   3.158189e+01 -5.767500e+01 -6.968911e-01
      vertex   3.158189e+01 -5.774749e+01 -7.525126e-01
      vertex   2.966322e+01 -5.774749e+01 -7.525126e-01
    endloop
  endfacet
  facet normal 0.000000e+00 6.087614e-01 -7.933534e-01
    outer loop
      vertex   3.158189e+01 -5.767500e+01 -6.968911e-01
      vertex   2.966322e+01 -5.774749e+01 -7.525126e-01
      vertex   2.966322e+01 -5.767500e+01 -6.968911e-01
    endloop
  endfacet
  facet normal -1.135070e-18 6.087614e-01 -7.933534e-01
    outer loop
      vertex   2.966322e+01 -5.767500e+01 -6.968911e-01
      vertex   2.966322e+01 -5.774749e+01 -7.525126e-01
      vertex   2.774456e+01 -5.774749e+01 -7.525126e-01
    endloop
  endfacet
  facet normal -1.135070e-18 6.087614e-01 -7.933534e-01
    outer loop
      vertex   2.390722e+01 -5.774749e+01 -7.525126e-01
      vertex   2.390722e+01 -5.767500e+01 -6.968911e-01
      vertex   2.582589e+01 -5.767500e+01 -6.968911e-01
    endloop
  endfacet
  facet normal 0.000000e+00 6.087614e-01 -7.933534e-01
    outer loop
      vertex   2.390722e+01 -5.774749e+01 -7.525126e-01
      vertex   2.582589e+01 -5.767500e+01 -6.968911e-01
      vertex   2.582589e+01 -5.774749e+01 -7.525126e-01
    endloop
  endfacet
  facet normal -1.135070e-18 6.087614e-01 -7.933534e-01
    outer loop
      vertex   2.582589e+01 -5.774749e+01 -7.525126e-01
      vertex   2.582589e+01 -5.767500e+01 -6.968911e-01
      vertex   2.774456e+01 -5.767500e+01 -6.968911e-01
    endloop
  endfacet
  facet normal 0.000000e+00 7.933533e-01 -6.087615e-01
    outer loop
      vertex   3.733789e+01 -5.780311e+01 -8.250000e-01
      vertex   3.925656e+01 -5.774749e+01 -7.525126e-01
      vertex   3.925656e+01 -5.780311e+01 -8.250000e-01
    endloop
  endfacet
  facet normal -7.827091e-19 7.933533e-01 -6.087615e-01
    outer loop
      vertex   3.925656e+01 -5.780311e+01 -8.250000e-01
      vertex   3.925656e+01 -5.774749e+01 -7.525126e-01
      vertex   4.117523e+01 -5.774749e+01 -7.525126e-01
    endloop
  endfacet
  facet normal 0.000000e+00 7.933533e-01 -6.087615e-01
    outer loop
      vertex   3.733789e+01 -5.774749e+01 -7.525126e-01
      vertex   3.541923e+01 -5.780311e+01 -8.250000e-01
      vertex   3.541923e+01 -5.774749e+01 -7.525126e-01
    endloop
  endfacet
  facet normal -7.827091e-19 7.933533e-01 -6.087615e-01
    outer loop
      vertex   3.541923e+01 -5.774749e+01 -7.525126e-01
      vertex   3.541923e+01 -5.780311e+01 -8.250000e-01
      vertex   3.350056e+01 -5.780311e+01 -8.250000e-01
    endloop
  endfacet
  facet normal 0.000000e+00 7.933533e-01 -6.087615e-01
    outer loop
      vertex   3.541923e+01 -5.774749e+01 -7.525126e-01
      vertex   3.350056e+01 -5.780311e+01 -8.250000e-01
      vertex   3.350056e+01 -5.774749e+01 -7.525126e-01
    endloop
  endfacet
  facet normal -7.827091e-19 7.933533e-01 -6.087615e-01
    outer loop
      vertex   3.350056e+01 -5.774749e+01 -7.525126e-01
      vertex   3.350056e+01 -5.780311e+01 -8.250000e-01
      vertex   3.158189e+01 -5.780311e+01 -8.250000e-01
    endloop
  endfacet
  facet normal 0.000000e+00 7.933533e-01 -6.087615e-01
    outer loop
      vertex   3.158189e+01 -5.774749e+01 -7.525126e-01
      vertex   2.966322e+01 -5.780311e+01 -8.250000e-01
      vertex   2.966322e+01 -5.774749e+01 -7.525126e-01
    endloop
  endfacet
  facet normal -7.827091e-19 7.933533e-01 -6.087615e-01
    outer loop
      vertex   2.966322e+01 -5.774749e+01 -7.525126e-01
      vertex   2.966322e+01 -5.780311e+01 -8.250000e-01
      vertex   2.774456e+01 -5.780311e+01 -8.250000e-01
    endloop
  endfacet
  facet normal 0.000000e+00 7.933533e-01 -6.087615e-01
    outer loop
      vertex   2.966322e+01 -5.774749e+01 -7.525126e-01
      vertex   2.774456e+01 -5.780311e+01 -8.250000e-01
      vertex   2.774456e+01 -5.774749e+01 -7.525126e-01
    endloop
  endfacet
  facet normal -7.827091e-19 7.933533e-01 -6.087615e-01
    outer loop
      vertex   2.774456e+01 -5.774749e+01 -7.525126e-01
      vertex   2.774456e+01 -5.780311e+01 -8.250000e-01
      vertex   2.582589e+01 -5.780311e+01 -8.250000e-01
    endloop
  endfacet
  facet normal -7.827091e-19 7.933533e-01 -6.087615e-01
    outer loop
      vertex   2.390722e+01 -5.780311e+01 -8.250000e-01
      vertex   2.390722e+01 -5.774749e+01 -7.525126e-01
      vertex   2.582589e+01 -5.774749e+01 -7.525126e-01
    endloop
  endfacet
  facet normal 0.000000e+00 9.238795e-01 -3.826835e-01
    outer loop
      vertex   3.541923e+01 -5.783807e+01 -9.094133e-01
      vertex   3.733789e+01 -5.780311e+01 -8.250000e-01
      vertex   3.733789e+01 -5.783807e+01 -9.094133e-01
    endloop
  endfacet
  facet normal 1.741064e-19 9.238795e-01 -3.826835e-01
    outer loop
      vertex   3.733789e+01 -5.783807e+01 -9.094133e-01
      vertex   3.733789e+01 -5.780311e+01 -8.250000e-01
      vertex   3.925656e+01 -5.780311e+01 -8.250000e-01
    endloop
  endfacet
  facet normal 0.000000e+00 9.238795e-01 -3.826835e-01
    outer loop
      vertex   3.541923e+01 -5.780311e+01 -8.250000e-01
      vertex   3.350056e+01 -5.783807e+01 -9.094133e-01
      vertex   3.350056e+01 -5.780311e+01 -8.250000e-01
    endloop
  endfacet
  facet normal 1.741064e-19 9.238795e-01 -3.826835e-01
    outer loop
      vertex   3.350056e+01 -5.780311e+01 -8.250000e-01
      vertex   3.350056e+01 -5.783807e+01 -9.094133e-01
      vertex   3.158189e+01 -5.783807e+01 -9.094133e-01
    endloop
  endfacet
  facet normal 0.000000e+00 9.238795e-01 -3.826835e-01
    outer loop
      vertex   3.350056e+01 -5.780311e+01 -8.250000e-01
      vertex   3.158189e+01 -5.783807e+01 -9.094133e-01
      vertex   3.158189e+01 -5.780311e+01 -8.250000e-01
    endloop
  endfacet
  facet normal 1.741064e-19 9.238795e-01 -3.826835e-01
    outer loop
      vertex   3.158189e+01 -5.780311e+01 -8.250000e-01
      vertex   3.158189e+01 -5.783807e+01 -9.094133e-01
      vertex   2.966322e+01 -5.783807e+01 -9.094133e-01
    endloop
  endfacet
  facet normal 0.000000e+00 9.238795e-01 -3.826835e-01
    outer loop
      vertex   2.966322e+01 -5.780311e+01 -8.250000e-01
      vertex   2.774456e+01 -5.783807e+01 -9.094133e-01
      vertex   2.774456e+01 -5.780311e+01 -8.250000e-01
    endloop
  endfacet
  facet normal 1.741064e-19 9.238795e-01 -3.826835e-01
    outer loop
      vertex   2.774456e+01 -5.780311e+01 -8.250000e-01
      vertex   2.774456e+01 -5.783807e+01 -9.094133e-01
      vertex   2.582589e+01 -5.783807e+01 -9.094133e-01
    endloop
  endfacet
  facet normal 0.000000e+00 9.238795e-01 -3.826835e-01
    outer loop
      vertex   2.774456e+01 -5.780311e+01 -8.250000e-01
      vertex   2.582589e+01 -5.783807e+01 -9.094133e-01
      vertex   2.582589e+01 -5.780311e+01 -8.250000e-01
    endloop
  endfacet
  facet normal 1.741064e-19 9.238795e-01 -3.826835e-01
    outer loop
      vertex   2.582589e+01 -5.780311e+01 -8.250000e-01
      vertex   2.582589e+01 -5.783807e+01 -9.094133e-01
      vertex   2.390722e+01 -5.783807e+01 -9.094133e-01
    endloop
  endfacet
  facet normal 1.741064e-19 9.238795e-01 -3.826835e-01
    outer loop
      vertex   4.501257e+01 -5.780311e+01 -8.250000e-01
      vertex   4.501257e+01 -5.783807e+01 -9.094133e-01
      vertex   4.309390e+01 -5.783807e+01 -9.094133e-01
    endloop
  endfacet
  facet normal 0.000000e+00 9.914449e-01 -1.305262e-01
    outer loop
      vertex   4.309390e+01 -5.783807e+01 -9.094133e-01
      vertex   4.501257e+01 -5.783807e+01 -9.094133e-01
      vertex   4.309390e+01 -5.785000e+01 -1.000000e+00
    endloop
  endfacet
  facet normal 8.866919e-13 9.914449e-01 -1.305262e-01
    outer loop
      vertex   4.309390e+01 -5.783807e+01 -9.094133e-01
      vertex   4.309390e+01 -5.785000e+01 -1.000000e+00
      vertex   4.117523e+01 -5.785000e+01 -1.000000e+00
    endloop
  endfacet
  facet normal -8.866915e-13 9.914449e-01 1.305262e-01
    outer loop
      vertex   4.117523e+01 -5.785000e+01 -1.000000e+00
      vertex   4.309390e+01 -5.785000e+01 -1.000000e+00
      vertex   4.117523e+01 -5.783807e+01 -1.090587e+00
    endloop
  endfacet
  facet normal -5.853533e-19 9.914449e-01 1.305262e-01
    outer loop
      vertex   4.117523e+01 -5.785000e+01 -1.000000e+00
      vertex   4.117523e+01 -5.783807e+01 -1.090587e+00
      vertex   3.925656e+01 -5.783807e+01 -1.090587e+00
    endloop
  endfacet
  facet normal -0.000000e+00 9.238795e-01 3.826835e-01
    outer loop
      vertex   3.925656e+01 -5.783807e+01 -1.090587e+00
      vertex   4.117523e+01 -5.783807e+01 -1.090587e+00
      vertex   3.925656e+01 -5.780311e+01 -1.175000e+00
    endloop
  endfacet
  facet normal 6.748264e-19 9.238795e-01 3.826835e-01
    outer loop
      vertex   3.925656e+01 -5.783807e+01 -1.090587e+00
      vertex   3.925656e+01 -5.780311e+01 -1.175000e+00
      vertex   3.733789e+01 -5.780311e+01 -1.175000e+00
    endloop
  endfacet
  facet normal -0.000000e+00 7.933533e-01 6.087615e-01
    outer loop
      vertex   3.733789e+01 -5.780311e+01 -1.175000e+00
      vertex   3.925656e+01 -5.780311e+01 -1.175000e+00
      vertex   3.733789e+01 -5.774749e+01 -1.247487e+00
    endloop
  endfacet
  facet normal 9.595779e-20 7.933533e-01 6.087615e-01
    outer loop
      vertex   3.733789e+01 -5.780311e+01 -1.175000e+00
      vertex   3.733789e+01 -5.774749e+01 -1.247487e+00
      vertex   3.541923e+01 -5.774749e+01 -1.247487e+00
    endloop
  endfacet
  facet normal -0.000000e+00 6.087614e-01 7.933534e-01
    outer loop
      vertex   3.541923e+01 -5.774749e+01 -1.247487e+00
      vertex   3.733789e+01 -5.774749e+01 -1.247487e+00
      vertex   3.541923e+01 -5.767500e+01 -1.303109e+00
    endloop
  endfacet
  facet normal 2.170691e-19 6.087614e-01 7.933534e-01
    outer loop
      vertex   3.541923e+01 -5.774749e+01 -1.247487e+00
      vertex   3.541923e+01 -5.767500e+01 -1.303109e+00
      vertex   3.350056e+01 -5.767500e+01 -1.303109e+00
    endloop
  endfacet
  facet normal -0.000000e+00 3.826834e-01 9.238796e-01
    outer loop
      vertex   3.350056e+01 -5.767500e+01 -1.303109e+00
      vertex   3.541923e+01 -5.767500e+01 -1.303109e+00
      vertex   3.350056e+01 -5.759059e+01 -1.338074e+00
    endloop
  endfacet
  facet normal -1.078391e-19 3.826834e-01 9.238796e-01
    outer loop
      vertex   3.350056e+01 -5.767500e+01 -1.303109e+00
      vertex   3.350056e+01 -5.759059e+01 -1.338074e+00
      vertex   3.158189e+01 -5.759059e+01 -1.338074e+00
    endloop
  endfacet
  facet normal -0.000000e+00 1.305262e-01 9.914449e-01
    outer loop
      vertex   3.158189e+01 -5.759059e+01 -1.338074e+00
      vertex   3.350056e+01 -5.759059e+01 -1.338074e+00
      vertex   2.200056e+01 -5.750000e+01 -1.350000e+00
    endloop
  endfacet
  facet normal -2.756254e-19 9.914449e-01 -1.305262e-01
    outer loop
      vertex   3.541923e+01 -5.785000e+01 -1.000000e+00
      vertex   3.541923e+01 -5.783807e+01 -9.094133e-01
      vertex   3.733789e+01 -5.783807e+01 -9.094133e-01
    endloop
  endfacet
  facet normal 0.000000e+00 9.914449e-01 -1.305262e-01
    outer loop
      vertex   3.158189e+01 -5.783807e+01 -9.094133e-01
      vertex   3.350056e+01 -5.783807e+01 -9.094133e-01
      vertex   3.158189e+01 -5.785000e+01 -1.000000e+00
    endloop
  endfacet
  facet normal 8.866840e-13 9.914449e-01 -1.305262e-01
    outer loop
      vertex   3.158189e+01 -5.785000e+01 -1.000000e+00
      vertex   3.350056e+01 -5.783807e+01 -9.094133e-01
      vertex   3.350056e+01 -5.785000e+01 -1.000000e+00
    endloop
  endfacet
  facet normal -8.866840e-13 9.914449e-01 1.305262e-01
    outer loop
      vertex   3.158189e+01 -5.785000e+01 -1.000000e+00
      vertex   3.350056e+01 -5.785000e+01 -1.000000e+00
      vertex   3.158189e+01 -5.783807e+01 -1.090587e+00
    endloop
  endfacet
  facet normal 0.000000e+00 9.914449e-01 -1.305262e-01
    outer loop
      vertex   2.966322e+01 -5.783807e+01 -9.094133e-01
      vertex   3.158189e+01 -5.783807e+01 -9.094133e-01
      vertex   2.966322e+01 -5.785000e+01 -1.000000e+00
    endloop
  endfacet
  facet normal 8.866840e-13 9.914449e-01 -1.305262e-01
    outer loop
      vertex   2.966322e+01 -5.785000e+01 -1.000000e+00
      vertex   3.158189e+01 -5.783807e+01 -9.094133e-01
      vertex   3.158189e+01 -5.785000e+01 -1.000000e+00
    endloop
  endfacet
  facet normal -8.866840e-13 9.914449e-01 1.305262e-01
    outer loop
      vertex   2.966322e+01 -5.785000e+01 -1.000000e+00
      vertex   3.158189e+01 -5.785000e+01 -1.000000e+00
      vertex   2.966322e+01 -5.783807e+01 -1.090587e+00
    endloop
  endfacet
  facet normal -0.000000e+00 9.914449e-01 1.305262e-01
    outer loop
      vertex   2.966322e+01 -5.783807e+01 -1.090587e+00
      vertex   3.158189e+01 -5.785000e+01 -1.000000e+00
      vertex   3.158189e+01 -5.783807e+01 -1.090587e+00
    endloop
  endfacet
  facet normal -0.000000e+00 9.238795e-01 3.826835e-01
    outer loop
      vertex   2.966322e+01 -5.783807e+01 -1.090587e+00
      vertex   3.158189e+01 -5.783807e+01 -1.090587e+00
      vertex   2.966322e+01 -5.780311e+01 -1.175000e+00
    endloop
  endfacet
  facet normal 0.000000e+00 9.914449e-01 -1.305262e-01
    outer loop
      vertex   2.774456e+01 -5.783807e+01 -9.094133e-01
      vertex   2.582589e+01 -5.785000e+01 -1.000000e+00
      vertex   2.582589e+01 -5.783807e+01 -9.094133e-01
    endloop
  endfacet
  facet normal 8.866917e-13 9.914449e-01 -1.305262e-01
    outer loop
      vertex   2.582589e+01 -5.783807e+01 -9.094133e-01
      vertex   2.582589e+01 -5.785000e+01 -1.000000e+00
      vertex   2.390722e+01 -5.785000e+01 -1.000000e+00
    endloop
  endfacet
  facet normal 0.000000e+00 9.914449e-01 -1.305262e-01
    outer loop
      vertex   2.582589e+01 -5.783807e+01 -9.094133e-01
      vertex   2.390722e+01 -5.785000e+01 -1.000000e+00
      vertex   2.390722e+01 -5.783807e+01 -9.094133e-01
    endloop
  endfacet
  facet normal 8.867070e-13 9.914449e-01 -1.305262e-01
    outer loop
      vertex   2.390722e+01 -5.783807e+01 -9.094133e-01
      vertex   2.390722e+01 -5.785000e+01 -1.000000e+00
      vertex   2.198855e+01 -5.785000e+01 -1.000000e+00
    endloop
  endfacet
  facet normal 8.867071e-13 9.914449e-01 -1.305262e-01
    outer loop
      vertex   2.966322e+01 -5.783807e+01 -9.094133e-01
      vertex   2.966322e+01 -5.785000e+01 -1.000000e+00
      vertex   2.774456e+01 -5.785000e+01 -1.000000e+00
    endloop
  endfacet
  facet normal -8.867066e-13 9.914449e-01 1.305262e-01
    outer loop
      vertex   2.774456e+01 -5.785000e+01 -1.000000e+00
      vertex   2.966322e+01 -5.785000e+01 -1.000000e+00
      vertex   2.774456e+01 -5.783807e+01 -1.090587e+00
    endloop
  endfacet
  facet normal -2.691274e-19 9.914449e-01 1.305262e-01
    outer loop
      vertex   2.774456e+01 -5.785000e+01 -1.000000e+00
      vertex   2.774456e+01 -5.783807e+01 -1.090587e+00
      vertex   2.582589e+01 -5.783807e+01 -1.090587e+00
    endloop
  endfacet
  facet normal -0.000000e+00 9.238795e-01 3.826835e-01
    outer loop
      vertex   2.582589e+01 -5.783807e+01 -1.090587e+00
      vertex   2.774456e+01 -5.783807e+01 -1.090587e+00
      vertex   2.582589e+01 -5.780311e+01 -1.175000e+00
    endloop
  endfacet
  facet normal 6.748264e-19 9.238795e-01 3.826835e-01
    outer loop
      vertex   2.582589e+01 -5.783807e+01 -1.090587e+00
      vertex   2.582589e+01 -5.780311e+01 -1.175000e+00
      vertex   2.390722e+01 -5.780311e+01 -1.175000e+00
    endloop
  endfacet
  facet normal -0.000000e+00 7.933533e-01 6.087615e-01
    outer loop
      vertex   2.390722e+01 -5.780311e+01 -1.175000e+00
      vertex   2.582589e+01 -5.780311e+01 -1.175000e+00
      vertex   2.390722e+01 -5.774749e+01 -1.247487e+00
    endloop
  endfacet
  facet normal 9.595779e-20 7.933533e-01 6.087615e-01
    outer loop
      vertex   2.390722e+01 -5.780311e+01 -1.175000e+00
      vertex   2.390722e+01 -5.774749e+01 -1.247487e+00
      vertex   2.198855e+01 -5.774749e+01 -1.247487e+00
    endloop
  endfacet
  facet normal -0.000000e+00 6.087614e-01 7.933534e-01
    outer loop
      vertex   2.198855e+01 -5.774749e+01 -1.247487e+00
      vertex   2.390722e+01 -5.774749e+01 -1.247487e+00
      vertex   2.198855e+01 -5.767500e+01 -1.303109e+00
    endloop
  endfacet
  facet normal -0.000000e+00 9.914449e-01 1.305262e-01
    outer loop
      vertex   2.774456e+01 -5.783807e+01 -1.090587e+00
      vertex   2.966322e+01 -5.785000e+01 -1.000000e+00
      vertex   2.966322e+01 -5.783807e+01 -1.090587e+00
    endloop
  endfacet
  facet normal -8.867070e-13 9.914449e-01 1.305262e-01
    outer loop
      vertex   2.198855e+01 -5.783807e+01 -1.090587e+00
      vertex   2.198855e+01 -5.785000e+01 -1.000000e+00
      vertex   2.390722e+01 -5.785000e+01 -1.000000e+00
    endloop
  endfacet
  facet normal -0.000000e+00 9.914449e-01 1.305262e-01
    outer loop
      vertex   2.198855e+01 -5.783807e+01 -1.090587e+00
      vertex   2.390722e+01 -5.785000e+01 -1.000000e+00
      vertex   2.390722e+01 -5.783807e+01 -1.090587e+00
    endloop
  endfacet
  facet normal -8.866911e-13 9.914449e-01 1.305262e-01
    outer loop
      vertex   2.390722e+01 -5.783807e+01 -1.090587e+00
      vertex   2.390722e+01 -5.785000e+01 -1.000000e+00
      vertex   2.582589e+01 -5.785000e+01 -1.000000e+00
    endloop
  endfacet
  facet normal 3.765402e-19 9.914449e-01 1.305262e-01
    outer loop
      vertex   4.501257e+01 -5.785000e+01 -1.000000e+00
      vertex   4.501257e+01 -5.783807e+01 -1.090587e+00
      vertex   4.309390e+01 -5.783807e+01 -1.090587e+00
    endloop
  endfacet
  facet normal -0.000000e+00 9.238795e-01 3.826835e-01
    outer loop
      vertex   4.309390e+01 -5.783807e+01 -1.090587e+00
      vertex   4.501257e+01 -5.783807e+01 -1.090587e+00
      vertex   4.309390e+01 -5.780311e+01 -1.175000e+00
    endloop
  endfacet
  facet normal 6.748264e-19 9.238795e-01 3.826835e-01
    outer loop
      vertex   4.309390e+01 -5.783807e+01 -1.090587e+00
      vertex   4.309390e+01 -5.780311e+01 -1.175000e+00
      vertex   4.117523e+01 -5.780311e+01 -1.175000e+00
    endloop
  endfacet
  facet normal -0.000000e+00 7.933533e-01 6.087615e-01
    outer loop
      vertex   4.117523e+01 -5.780311e+01 -1.175000e+00
      vertex   4.309390e+01 -5.780311e+01 -1.175000e+00
      vertex   4.117523e+01 -5.774749e+01 -1.247487e+00
    endloop
  endfacet
  facet normal 9.595779e-20 7.933533e-01 6.087615e-01
    outer loop
      vertex   4.117523e+01 -5.780311e+01 -1.175000e+00
      vertex   4.117523e+01 -5.774749e+01 -1.247487e+00
      vertex   3.925656e+01 -5.774749e+01 -1.247487e+00
    endloop
  endfacet
  facet normal -0.000000e+00 6.087614e-01 7.933534e-01
    outer loop
      vertex   3.925656e+01 -5.774749e+01 -1.247487e+00
      vertex   4.117523e+01 -5.774749e+01 -1.247487e+00
      vertex   3.925656e+01 -5.767500e+01 -1.303109e+00
    endloop
  endfacet
  facet normal 2.170691e-19 6.087614e-01 7.933534e-01
    outer loop
      vertex   3.925656e+01 -5.774749e+01 -1.247487e+00
      vertex   3.925656e+01 -5.767500e+01 -1.303109e+00
      vertex   3.733789e+01 -5.767500e+01 -1.303109e+00
    endloop
  endfacet
  facet normal -0.000000e+00 3.826834e-01 9.238796e-01
    outer loop
      vertex   3.733789e+01 -5.767500e+01 -1.303109e+00
      vertex   3.925656e+01 -5.767500e+01 -1.303109e+00
      vertex   3.733789e+01 -5.759059e+01 -1.338074e+00
    endloop
  endfacet
  facet normal -1.078391e-19 3.826834e-01 9.238796e-01
    outer loop
      vertex   3.733789e+01 -5.767500e+01 -1.303109e+00
      vertex   3.733789e+01 -5.759059e+01 -1.338074e+00
      vertex   3.541923e+01 -5.759059e+01 -1.338074e+00
    endloop
  endfacet
  facet normal -0.000000e+00 9.238795e-01 3.826835e-01
    outer loop
      vertex   2.774456e+01 -5.783807e+01 -1.090587e+00
      vertex   2.966322e+01 -5.783807e+01 -1.090587e+00
      vertex   2.774456e+01 -5.780311e+01 -1.175000e+00
    endloop
  endfacet
  facet normal -0.000000e+00 9.238795e-01 3.826835e-01
    outer loop
      vertex   2.774456e+01 -5.780311e+01 -1.175000e+00
      vertex   2.966322e+01 -5.783807e+01 -1.090587e+00
      vertex   2.966322e+01 -5.780311e+01 -1.175000e+00
    endloop
  endfacet
  facet normal -0.000000e+00 7.933533e-01 6.087615e-01
    outer loop
      vertex   2.774456e+01 -5.780311e+01 -1.175000e+00
      vertex   2.966322e+01 -5.780311e+01 -1.175000e+00
      vertex   2.774456e+01 -5.774749e+01 -1.247487e+00
    endloop
  endfacet
  facet normal 6.748264e-19 9.238795e-01 3.826835e-01
    outer loop
      vertex   2.198855e+01 -5.780311e+01 -1.175000e+00
      vertex   2.198855e+01 -5.783807e+01 -1.090587e+00
      vertex   2.390722e+01 -5.783807e+01 -1.090587e+00
    endloop
  endfacet
  facet normal 6.748264e-19 9.238795e-01 3.826835e-01
    outer loop
      vertex   2.774456e+01 -5.783807e+01 -1.090587e+00
      vertex   2.774456e+01 -5.780311e+01 -1.175000e+00
      vertex   2.582589e+01 -5.780311e+01 -1.175000e+00
    endloop
  endfacet
  facet normal -0.000000e+00 7.933533e-01 6.087615e-01
    outer loop
      vertex   2.582589e+01 -5.780311e+01 -1.175000e+00
      vertex   2.774456e+01 -5.780311e+01 -1.175000e+00
      vertex   2.582589e+01 -5.774749e+01 -1.247487e+00
    endloop
  endfacet
  facet normal 9.595779e-20 7.933533e-01 6.087615e-01
    outer loop
      vertex   2.582589e+01 -5.780311e+01 -1.175000e+00
      vertex   2.582589e+01 -5.774749e+01 -1.247487e+00
      vertex   2.390722e+01 -5.774749e+01 -1.247487e+00
    endloop
  endfacet
  facet normal -0.000000e+00 6.087614e-01 7.933534e-01
    outer loop
      vertex   2.390722e+01 -5.774749e+01 -1.247487e+00
      vertex   2.582589e+01 -5.774749e+01 -1.247487e+00
      vertex   2.390722e+01 -5.767500e+01 -1.303109e+00
    endloop
  endfacet
  facet normal 2.170691e-19 6.087614e-01 7.933534e-01
    outer loop
      vertex   2.390722e+01 -5.774749e+01 -1.247487e+00
      vertex   2.390722e+01 -5.767500e+01 -1.303109e+00
      vertex   2.198855e+01 -5.767500e+01 -1.303109e+00
    endloop
  endfacet
  facet normal -0.000000e+00 3.826834e-01 9.238796e-01
    outer loop
      vertex   2.198855e+01 -5.767500e+01 -1.303109e+00
      vertex   2.390722e+01 -5.767500e+01 -1.303109e+00
      vertex   2.198855e+01 -5.759059e+01 -1.338074e+00
    endloop
  endfacet
  facet normal -0.000000e+00 7.933533e-01 6.087615e-01
    outer loop
      vertex   2.582589e+01 -5.774749e+01 -1.247487e+00
      vertex   2.774456e+01 -5.780311e+01 -1.175000e+00
      vertex   2.774456e+01 -5.774749e+01 -1.247487e+00
    endloop
  endfacet
  facet normal -0.000000e+00 6.087614e-01 7.933534e-01
    outer loop
      vertex   2.390722e+01 -5.767500e+01 -1.303109e+00
      vertex   2.582589e+01 -5.774749e+01 -1.247487e+00
      vertex   2.582589e+01 -5.767500e+01 -1.303109e+00
    endloop
  endfacet
  facet normal 2.170691e-19 6.087614e-01 7.933534e-01
    outer loop
      vertex   2.582589e+01 -5.767500e+01 -1.303109e+00
      vertex   2.582589e+01 -5.774749e+01 -1.247487e+00
      vertex   2.774456e+01 -5.774749e+01 -1.247487e+00
    endloop
  endfacet
  facet normal -0.000000e+00 3.826834e-01 9.238796e-01
    outer loop
      vertex   2.198855e+01 -5.759059e+01 -1.338074e+00
      vertex   2.390722e+01 -5.767500e+01 -1.303109e+00
      vertex   2.390722e+01 -5.759059e+01 -1.338074e+00
    endloop
  endfacet
  facet normal -1.078391e-19 3.826834e-01 9.238796e-01
    outer loop
      vertex   2.390722e+01 -5.759059e+01 -1.338074e+00
      vertex   2.390722e+01 -5.767500e+01 -1.303109e+00
      vertex   2.582589e+01 -5.767500e+01 -1.303109e+00
    endloop
  endfacet
  facet normal 2.824838e-19 1.305261e-01 9.914449e-01
    outer loop
      vertex   4.500056e+01 -5.750000e+01 -1.350000e+00
      vertex   4.309390e+01 -5.759059e+01 -1.338074e+00
      vertex   4.501257e+01 -5.759059e+01 -1.338074e+00
    endloop
  endfacet
  facet normal 0.000000e+00 3.826834e-01 9.238796e-01
    outer loop
      vertex   4.501257e+01 -5.759059e+01 -1.338074e+00
      vertex   4.309390e+01 -5.759059e+01 -1.338074e+00
      vertex   4.501257e+01 -5.767500e+01 -1.303109e+00
    endloop
  endfacet
  facet normal -1.979478e-02 7.661771e-10 -9.998041e-01
    outer loop
      vertex   1.650056e+01 -8.850000e+01 -6.500000e-01
      vertex   1.650056e+01 -6.300000e+01 -6.500000e-01
      vertex   1.652522e+01 -8.901791e+01 -6.504884e-01
    endloop
  endfacet
  facet normal -1.487352e-01 -1.224318e-04 -9.888771e-01
    outer loop
      vertex   1.652522e+01 -8.901791e+01 -6.504884e-01
      vertex   1.650056e+01 -6.300000e+01 -6.500000e-01
      vertex   1.659114e+01 -7.672871e+01 -6.619252e-01
    endloop
  endfacet
  facet normal -1.709351e-01 -3.253858e-19 -9.852823e-01
    outer loop
      vertex   1.652522e+01 -8.901791e+01 -6.504884e-01
      vertex   1.659114e+01 -7.672871e+01 -6.619252e-01
      vertex   1.659114e+01 -7.868614e+01 -6.619252e-01
    endloop
  endfacet
  facet normal -3.826755e-01 0.000000e+00 -9.238828e-01
    outer loop
      vertex   1.659114e+01 -7.868614e+01 -6.619252e-01
      vertex   1.659114e+01 -7.672871e+01 -6.619252e-01
      vertex   1.667556e+01 -7.868614e+01 -6.968897e-01
    endloop
  endfacet
  facet normal -3.826755e-01 5.145231e-19 -9.238828e-01
    outer loop
      vertex   1.659114e+01 -7.868614e+01 -6.619252e-01
      vertex   1.667556e+01 -7.868614e+01 -6.968897e-01
      vertex   1.667556e+01 -8.064356e+01 -6.968897e-01
    endloop
  endfacet
  facet normal -6.087553e-01 0.000000e+00 -7.933581e-01
    outer loop
      vertex   1.667556e+01 -8.064356e+01 -6.968897e-01
      vertex   1.667556e+01 -7.868614e+01 -6.968897e-01
      vertex   1.674805e+01 -8.064356e+01 -7.525108e-01
    endloop
  endfacet
  facet normal -6.087553e-01 9.009885e-20 -7.933581e-01
    outer loop
      vertex   1.667556e+01 -8.064356e+01 -6.968897e-01
      vertex   1.674805e+01 -8.064356e+01 -7.525108e-01
      vertex   1.674805e+01 -8.260099e+01 -7.525108e-01
    endloop
  endfacet
  facet normal -7.933491e-01 0.000000e+00 -6.087669e-01
    outer loop
      vertex   1.674805e+01 -8.260099e+01 -7.525108e-01
      vertex   1.674805e+01 -8.064356e+01 -7.525108e-01
      vertex   1.680367e+01 -8.260099e+01 -8.249981e-01
    endloop
  endfacet
  facet normal -7.933491e-01 1.031968e-18 -6.087669e-01
    outer loop
      vertex   1.674805e+01 -8.260099e+01 -7.525108e-01
      vertex   1.680367e+01 -8.260099e+01 -8.249981e-01
      vertex   1.680367e+01 -8.455841e+01 -8.249981e-01
    endloop
  endfacet
  facet normal -9.238772e-01 0.000000e+00 -3.826891e-01
    outer loop
      vertex   1.680367e+01 -8.455841e+01 -8.249981e-01
      vertex   1.680367e+01 -8.260099e+01 -8.249981e-01
      vertex   1.683863e+01 -8.455841e+01 -9.094114e-01
    endloop
  endfacet
  facet normal -9.238772e-01 9.369811e-19 -3.826891e-01
    outer loop
      vertex   1.680367e+01 -8.455841e+01 -8.249981e-01
      vertex   1.683863e+01 -8.455841e+01 -9.094114e-01
      vertex   1.683863e+01 -8.651583e+01 -9.094114e-01
    endloop
  endfacet
  facet normal -9.914445e-01 0.000000e+00 -1.305290e-01
    outer loop
      vertex   1.683863e+01 -8.651583e+01 -9.094114e-01
      vertex   1.683863e+01 -8.455841e+01 -9.094114e-01
      vertex   1.685056e+01 -8.651583e+01 -1.000000e+00
    endloop
  endfacet
  facet normal -9.914445e-01 4.162170e-14 -1.305290e-01
    outer loop
      vertex   1.683863e+01 -8.651583e+01 -9.094114e-01
      vertex   1.685056e+01 -8.651583e+01 -1.000000e+00
      vertex   1.685056e+01 -8.847326e+01 -1.000000e+00
    endloop
  endfacet
  facet normal -9.914451e-01 -4.162048e-14 1.305242e-01
    outer loop
      vertex   1.685056e+01 -8.847326e+01 -1.000000e+00
      vertex   1.685056e+01 -8.651583e+01 -1.000000e+00
      vertex   1.683864e+01 -8.847326e+01 -1.090585e+00
    endloop
  endfacet
  facet normal -9.914442e-01 -1.347973e-03 1.305241e-01
    outer loop
      vertex   1.685056e+01 -8.847326e+01 -1.000000e+00
      vertex   1.683864e+01 -8.847326e+01 -1.090585e+00
      vertex   1.684508e+01 -9.041599e+01 -1.061733e+00
    endloop
  endfacet
  facet normal -9.763147e-01 -2.308369e-05 2.163552e-01
    outer loop
      vertex   1.684508e+01 -9.041599e+01 -1.061733e+00
      vertex   1.683864e+01 -8.847326e+01 -1.090585e+00
      vertex   1.683893e+01 -9.039936e+01 -1.089471e+00
    endloop
  endfacet
  facet normal -9.570902e-01 2.230634e-05 2.897902e-01
    outer loop
      vertex   1.683893e+01 -9.039936e+01 -1.089471e+00
      vertex   1.683864e+01 -8.847326e+01 -1.090585e+00
      vertex   1.683169e+01 -9.037957e+01 -1.113385e+00
    endloop
  endfacet
  facet normal -9.263245e-01 -1.129578e-03 3.767248e-01
    outer loop
      vertex   1.683169e+01 -9.037957e+01 -1.113385e+00
      vertex   1.683864e+01 -8.847326e+01 -1.090585e+00
      vertex   1.681522e+01 -9.033342e+01 -1.153739e+00
    endloop
  endfacet
  facet normal -9.238801e-01 -1.362521e-03 3.826797e-01
    outer loop
      vertex   1.681522e+01 -9.033342e+01 -1.153739e+00
      vertex   1.683864e+01 -8.847326e+01 -1.090585e+00
      vertex   1.680367e+01 -8.847326e+01 -1.174999e+00
    endloop
  endfacet
  facet normal -8.750315e-01 9.950834e-05 4.840660e-01
    outer loop
      vertex   1.681522e+01 -9.033342e+01 -1.153739e+00
      vertex   1.680367e+01 -8.847326e+01 -1.174999e+00
      vertex   1.679666e+01 -9.027981e+01 -1.187303e+00
    endloop
  endfacet
  facet normal -7.933546e-01 -1.066721e-03 6.087588e-01
    outer loop
      vertex   1.679666e+01 -9.027981e+01 -1.187303e+00
      vertex   1.680367e+01 -8.847326e+01 -1.174999e+00
      vertex   1.674805e+01 -8.847326e+01 -1.247487e+00
    endloop
  endfacet
  facet normal -7.461025e-01 2.105924e-03 6.658277e-01
    outer loop
      vertex   1.679666e+01 -9.027981e+01 -1.187303e+00
      vertex   1.674805e+01 -8.847326e+01 -1.247487e+00
      vertex   1.672279e+01 -9.004749e+01 -1.270811e+00
    endloop
  endfacet
  facet normal -6.087618e-01 -1.987007e-03 7.933505e-01
    outer loop
      vertex   1.672279e+01 -9.004749e+01 -1.270811e+00
      vertex   1.674805e+01 -8.847326e+01 -1.247487e+00
      vertex   1.667556e+01 -8.847326e+01 -1.303109e+00
    endloop
  endfacet
  facet normal -5.566117e-01 3.453701e-04 8.307727e-01
    outer loop
      vertex   1.672279e+01 -9.004749e+01 -1.270811e+00
      vertex   1.667556e+01 -8.847326e+01 -1.303109e+00
      vertex   1.665778e+01 -8.980460e+01 -1.314470e+00
    endloop
  endfacet
  facet normal -3.689853e-01 -3.002871e-03 9.294304e-01
    outer loop
      vertex   1.665778e+01 -8.980460e+01 -1.314470e+00
      vertex   1.667556e+01 -8.847326e+01 -1.303109e+00
      vertex   1.660157e+01 -8.954844e+01 -1.335958e+00
    endloop
  endfacet
  facet normal -3.826839e-01 -1.890474e-03 9.238774e-01
    outer loop
      vertex   1.660157e+01 -8.954844e+01 -1.335958e+00
      vertex   1.667556e+01 -8.847326e+01 -1.303109e+00
      vertex   1.659115e+01 -8.847326e+01 -1.338074e+00
    endloop
  endfacet
  facet normal -1.730350e-01 2.613169e-04 9.849156e-01
    outer loop
      vertex   1.660157e+01 -8.954844e+01 -1.335958e+00
      vertex   1.659115e+01 -8.847326e+01 -1.338074e+00
      vertex   1.652522e+01 -8.901791e+01 -1.349512e+00
    endloop
  endfacet
  facet normal -1.290134e-01 -5.208157e-03 9.916292e-01
    outer loop
      vertex   1.652522e+01 -8.901791e+01 -1.349512e+00
      vertex   1.659115e+01 -8.847326e+01 -1.338074e+00
      vertex   1.650056e+01 -8.850000e+01 -1.350000e+00
    endloop
  endfacet
  facet normal -1.305266e-01 -1.773557e-19 9.914448e-01
    outer loop
      vertex   1.650056e+01 -8.850000e+01 -1.350000e+00
      vertex   1.659115e+01 -8.847326e+01 -1.338074e+00
      vertex   1.659115e+01 -8.651583e+01 -1.338074e+00
    endloop
  endfacet
  facet normal -1.305266e-01 -1.773557e-19 9.914448e-01
    outer loop
      vertex   1.650056e+01 -8.850000e+01 -1.350000e+00
      vertex   1.659115e+01 -8.651583e+01 -1.338074e+00
      vertex   1.659115e+01 -8.455841e+01 -1.338074e+00
    endloop
  endfacet
  facet normal -3.826846e-01 0.000000e+00 9.238791e-01
    outer loop
      vertex   1.659115e+01 -8.455841e+01 -1.338074e+00
      vertex   1.659115e+01 -8.651583e+01 -1.338074e+00
      vertex   1.667556e+01 -8.455841e+01 -1.303109e+00
    endloop
  endfacet
  facet normal -3.826846e-01 -1.121114e-18 9.238791e-01
    outer loop
      vertex   1.659115e+01 -8.455841e+01 -1.338074e+00
      vertex   1.667556e+01 -8.455841e+01 -1.303109e+00
      vertex   1.667556e+01 -8.260099e+01 -1.303109e+00
    endloop
  endfacet
  facet normal -6.087630e-01 0.000000e+00 7.933521e-01
    outer loop
      vertex   1.667556e+01 -8.260099e+01 -1.303109e+00
      vertex   1.667556e+01 -8.455841e+01 -1.303109e+00
      vertex   1.674805e+01 -8.260099e+01 -1.247487e+00
    endloop
  endfacet
  facet normal -6.087630e-01 -2.233262e-18 7.933521e-01
    outer loop
      vertex   1.667556e+01 -8.260099e+01 -1.303109e+00
      vertex   1.674805e+01 -8.260099e+01 -1.247487e+00
      vertex   1.674805e+01 -8.064356e+01 -1.247487e+00
    endloop
  endfacet
  facet normal -7.933551e-01 0.000000e+00 6.087592e-01
    outer loop
      vertex   1.674805e+01 -8.064356e+01 -1.247487e+00
      vertex   1.674805e+01 -8.260099e+01 -1.247487e+00
      vertex   1.680367e+01 -8.064356e+01 -1.174999e+00
    endloop
  endfacet
  facet normal -7.933551e-01 -1.771533e-18 6.087592e-01
    outer loop
      vertex   1.674805e+01 -8.064356e+01 -1.247487e+00
      vertex   1.680367e+01 -8.064356e+01 -1.174999e+00
      vertex   1.680367e+01 -7.868614e+01 -1.174999e+00
    endloop
  endfacet
  facet normal -9.238809e-01 0.000000e+00 3.826800e-01
    outer loop
      vertex   1.680367e+01 -7.868614e+01 -1.174999e+00
      vertex   1.680367e+01 -8.064356e+01 -1.174999e+00
      vertex   1.683864e+01 -7.868614e+01 -1.090585e+00
    endloop
  endfacet
  facet normal -9.238809e-01 -2.909928e-19 3.826800e-01
    outer loop
      vertex   1.680367e+01 -7.868614e+01 -1.174999e+00
      vertex   1.683864e+01 -7.868614e+01 -1.090585e+00
      vertex   1.683864e+01 -7.672871e+01 -1.090585e+00
    endloop
  endfacet
  facet normal -9.914451e-01 0.000000e+00 1.305242e-01
    outer loop
      vertex   1.683864e+01 -7.672871e+01 -1.090585e+00
      vertex   1.683864e+01 -7.868614e+01 -1.090585e+00
      vertex   1.685056e+01 -7.672871e+01 -1.000000e+00
    endloop
  endfacet
  facet normal -9.914451e-01 -4.162096e-14 1.305242e-01
    outer loop
      vertex   1.683864e+01 -7.672871e+01 -1.090585e+00
      vertex   1.685056e+01 -7.672871e+01 -1.000000e+00
      vertex   1.685056e+01 -7.477129e+01 -1.000000e+00
    endloop
  endfacet
  facet normal -9.914445e-01 4.162203e-14 -1.305290e-01
    outer loop
      vertex   1.685056e+01 -7.477129e+01 -1.000000e+00
      vertex   1.685056e+01 -7.672871e+01 -1.000000e+00
      vertex   1.683863e+01 -7.477129e+01 -9.094114e-01
    endloop
  endfacet
  facet normal -9.914445e-01 -6.026628e-19 -1.305290e-01
    outer loop
      vertex   1.685056e+01 -7.477129e+01 -1.000000e+00
      vertex   1.683863e+01 -7.477129e+01 -9.094114e-01
      vertex   1.683863e+01 -7.281386e+01 -9.094114e-01
    endloop
  endfacet
  facet normal -9.238772e-01 -0.000000e+00 -3.826891e-01
    outer loop
      vertex   1.683863e+01 -7.281386e+01 -9.094114e-01
      vertex   1.683863e+01 -7.477129e+01 -9.094114e-01
      vertex   1.680367e+01 -7.281386e+01 -8.249981e-01
    endloop
  endfacet
  facet normal -9.238772e-01 9.369811e-19 -3.826891e-01
    outer loop
      vertex   1.683863e+01 -7.281386e+01 -9.094114e-01
      vertex   1.680367e+01 -7.281386e+01 -8.249981e-01
      vertex   1.680367e+01 -7.085644e+01 -8.249981e-01
    endloop
  endfacet
  facet normal -7.933491e-01 -0.000000e+00 -6.087669e-01
    outer loop
      vertex   1.680367e+01 -7.085644e+01 -8.249981e-01
      vertex   1.680367e+01 -7.281386e+01 -8.249981e-01
      vertex   1.674805e+01 -7.085644e+01 -7.525108e-01
    endloop
  endfacet
  facet normal -7.933491e-01 1.031968e-18 -6.087669e-01
    outer loop
      vertex   1.680367e+01 -7.085644e+01 -8.249981e-01
      vertex   1.674805e+01 -7.085644e+01 -7.525108e-01
      vertex   1.674805e+01 -6.889902e+01 -7.525108e-01
    endloop
  endfacet
  facet normal -6.087553e-01 -0.000000e+00 -7.933581e-01
    outer loop
      vertex   1.674805e+01 -6.889902e+01 -7.525108e-01
      vertex   1.674805e+01 -7.085644e+01 -7.525108e-01
      vertex   1.667556e+01 -6.889902e+01 -6.968897e-01
    endloop
  endfacet
  facet normal -6.087553e-01 9.009885e-20 -7.933581e-01
    outer loop
      vertex   1.674805e+01 -6.889902e+01 -7.525108e-01
      vertex   1.667556e+01 -6.889902e+01 -6.968897e-01
      vertex   1.667556e+01 -6.694159e+01 -6.968897e-01
    endloop
  endfacet
  facet normal -3.826755e-01 -0.000000e+00 -9.238828e-01
    outer loop
      vertex   1.667556e+01 -6.694159e+01 -6.968897e-01
      vertex   1.667556e+01 -6.889902e+01 -6.968897e-01
      vertex   1.659114e+01 -6.694159e+01 -6.619252e-01
    endloop
  endfacet
  facet normal -3.826755e-01 5.145231e-19 -9.238828e-01
    outer loop
      vertex   1.667556e+01 -6.694159e+01 -6.968897e-01
      vertex   1.659114e+01 -6.694159e+01 -6.619252e-01
      vertex   1.659114e+01 -6.498417e+01 -6.619252e-01
    endloop
  endfacet
  facet normal -1.305183e-01 -0.000000e+00 -9.914459e-01
    outer loop
      vertex   1.659114e+01 -6.498417e+01 -6.619252e-01
      vertex   1.659114e+01 -6.694159e+01 -6.619252e-01
      vertex   1.650056e+01 -6.300000e+01 -6.500000e-01
    endloop
  endfacet
  facet normal -1.305183e-01 0.000000e+00 -9.914459e-01
    outer loop
      vertex   1.659114e+01 -6.498417e+01 -6.619252e-01
      vertex   1.650056e+01 -6.300000e+01 -6.500000e-01
      vertex   1.659114e+01 -6.302674e+01 -6.619252e-01
    endloop
  endfacet
  facet normal -1.290049e-01 5.208461e-03 -9.916303e-01
    outer loop
      vertex   1.659114e+01 -6.302674e+01 -6.619252e-01
      vertex   1.650056e+01 -6.300000e+01 -6.500000e-01
      vertex   1.652522e+01 -6.248209e+01 -6.504884e-01
    endloop
  endfacet
  facet normal -1.730348e-01 -2.616755e-04 -9.849157e-01
    outer loop
      vertex   1.659114e+01 -6.302674e+01 -6.619252e-01
      vertex   1.652522e+01 -6.248209e+01 -6.504884e-01
      vertex   1.660157e+01 -6.195156e+01 -6.640421e-01
    endloop
  endfacet
  facet normal -3.637993e-01 1.692913e-03 -9.314758e-01
    outer loop
      vertex   1.660157e+01 -6.195156e+01 -6.640421e-01
      vertex   1.665778e+01 -6.169540e+01 -6.855300e-01
      vertex   1.659114e+01 -6.302674e+01 -6.619252e-01
    endloop
  endfacet
  facet normal -3.826741e-01 2.772276e-03 -9.238793e-01
    outer loop
      vertex   1.659114e+01 -6.302674e+01 -6.619252e-01
      vertex   1.665778e+01 -6.169540e+01 -6.855300e-01
      vertex   1.667556e+01 -6.302674e+01 -6.968897e-01
    endloop
  endfacet
  facet normal -3.826755e-01 5.145231e-19 -9.238828e-01
    outer loop
      vertex   1.659114e+01 -6.302674e+01 -6.619252e-01
      vertex   1.667556e+01 -6.302674e+01 -6.968897e-01
      vertex   1.667556e+01 -6.498417e+01 -6.968897e-01
    endloop
  endfacet
  facet normal -6.087553e-01 0.000000e+00 -7.933581e-01
    outer loop
      vertex   1.667556e+01 -6.498417e+01 -6.968897e-01
      vertex   1.667556e+01 -6.302674e+01 -6.968897e-01
      vertex   1.674805e+01 -6.498417e+01 -7.525108e-01
    endloop
  endfacet
  facet normal -6.087553e-01 9.009885e-20 -7.933581e-01
    outer loop
      vertex   1.667556e+01 -6.498417e+01 -6.968897e-01
      vertex   1.674805e+01 -6.498417e+01 -7.525108e-01
      vertex   1.674805e+01 -6.694159e+01 -7.525108e-01
    endloop
  endfacet
  facet normal -7.933491e-01 0.000000e+00 -6.087669e-01
    outer loop
      vertex   1.674805e+01 -6.694159e+01 -7.525108e-01
      vertex   1.674805e+01 -6.498417e+01 -7.525108e-01
      vertex   1.680367e+01 -6.694159e+01 -8.249981e-01
    endloop
  endfacet
  facet normal -7.933491e-01 1.031968e-18 -6.087669e-01
    outer loop
      vertex   1.674805e+01 -6.694159e+01 -7.525108e-01
      vertex   1.680367e+01 -6.694159e+01 -8.249981e-01
      vertex   1.680367e+01 -6.889902e+01 -8.249981e-01
    endloop
  endfacet
  facet normal -9.238772e-01 0.000000e+00 -3.826891e-01
    outer loop
      vertex   1.680367e+01 -6.889902e+01 -8.249981e-01
      vertex   1.680367e+01 -6.694159e+01 -8.249981e-01
      vertex   1.683863e+01 -6.889902e+01 -9.094114e-01
    endloop
  endfacet
  facet normal -9.238772e-01 9.369811e-19 -3.826891e-01
    outer loop
      vertex   1.680367e+01 -6.889902e+01 -8.249981e-01
      vertex   1.683863e+01 -6.889902e+01 -9.094114e-01
      vertex   1.683863e+01 -7.085644e+01 -9.094114e-01
    endloop
  endfacet
  facet normal -9.914445e-01 0.000000e+00 -1.305290e-01
    outer loop
      vertex   1.683863e+01 -7.085644e+01 -9.094114e-01
      vertex   1.683863e+01 -6.889902e+01 -9.094114e-01
      vertex   1.685056e+01 -7.085644e+01 -1.000000e+00
    endloop
  endfacet
  facet normal -9.914445e-01 4.162256e-14 -1.305290e-01
    outer loop
      vertex   1.683863e+01 -7.085644e+01 -9.094114e-01
      vertex   1.685056e+01 -7.085644e+01 -1.000000e+00
      vertex   1.685056e+01 -7.281386e+01 -1.000000e+00
    endloop
  endfacet
  facet normal -9.914451e-01 -4.162048e-14 1.305242e-01
    outer loop
      vertex   1.685056e+01 -7.281386e+01 -1.000000e+00
      vertex   1.685056e+01 -7.085644e+01 -1.000000e+00
      vertex   1.683864e+01 -7.281386e+01 -1.090585e+00
    endloop
  endfacet
  facet normal -9.914451e-01 -1.176585e-20 1.305242e-01
    outer loop
      vertex   1.685056e+01 -7.281386e+01 -1.000000e+00
      vertex   1.683864e+01 -7.281386e+01 -1.090585e+00
      vertex   1.683864e+01 -7.477129e+01 -1.090585e+00
    endloop
  endfacet
  facet normal -9.238809e-01 0.000000e+00 3.826800e-01
    outer loop
      vertex   1.683864e+01 -7.477129e+01 -1.090585e+00
      vertex   1.683864e+01 -7.281386e+01 -1.090585e+00
      vertex   1.680367e+01 -7.477129e+01 -1.174999e+00
    endloop
  endfacet
  facet normal -9.238809e-01 -2.909928e-19 3.826800e-01
    outer loop
      vertex   1.683864e+01 -7.477129e+01 -1.090585e+00
      vertex   1.680367e+01 -7.477129e+01 -1.174999e+00
      vertex   1.680367e+01 -7.672871e+01 -1.174999e+00
    endloop
  endfacet
  facet normal -7.933551e-01 0.000000e+00 6.087592e-01
    outer loop
      vertex   1.680367e+01 -7.672871e+01 -1.174999e+00
      vertex   1.680367e+01 -7.477129e+01 -1.174999e+00
      vertex   1.674805e+01 -7.672871e+01 -1.247487e+00
    endloop
  endfacet
  facet normal -7.933551e-01 -1.771533e-18 6.087592e-01
    outer loop
      vertex   1.680367e+01 -7.672871e+01 -1.174999e+00
      vertex   1.674805e+01 -7.672871e+01 -1.247487e+00
      vertex   1.674805e+01 -7.868614e+01 -1.247487e+00
    endloop
  endfacet
  facet normal -6.087630e-01 0.000000e+00 7.933521e-01
    outer loop
      vertex   1.674805e+01 -7.868614e+01 -1.247487e+00
      vertex   1.674805e+01 -7.672871e+01 -1.247487e+00
      vertex   1.667556e+01 -7.868614e+01 -1.303109e+00
    endloop
  endfacet
  facet normal -6.087630e-01 -2.233262e-18 7.933521e-01
    outer loop
      vertex   1.674805e+01 -7.868614e+01 -1.247487e+00
      vertex   1.667556e+01 -7.868614e+01 -1.303109e+00
      vertex   1.667556e+01 -8.064356e+01 -1.303109e+00
    endloop
  endfacet
  facet normal -3.826846e-01 0.000000e+00 9.238791e-01
    outer loop
      vertex   1.667556e+01 -8.064356e+01 -1.303109e+00
      vertex   1.667556e+01 -7.868614e+01 -1.303109e+00
      vertex   1.659115e+01 -8.064356e+01 -1.338074e+00
    endloop
  endfacet
  facet normal -3.826846e-01 -1.121114e-18 9.238791e-01
    outer loop
      vertex   1.667556e+01 -8.064356e+01 -1.303109e+00
      vertex   1.659115e+01 -8.064356e+01 -1.338074e+00
      vertex   1.659115e+01 -8.260099e+01 -1.338074e+00
    endloop
  endfacet
  facet normal -1.305266e-01 0.000000e+00 9.914448e-01
    outer loop
      vertex   1.659115e+01 -8.260099e+01 -1.338074e+00
      vertex   1.659115e+01 -8.064356e+01 -1.338074e+00
      vertex   1.650056e+01 -8.850000e+01 -1.350000e+00
    endloop
  endfacet
  facet normal -1.305266e-01 0.000000e+00 9.914448e-01
    outer loop
      vertex   1.659115e+01 -8.260099e+01 -1.338074e+00
      vertex   1.650056e+01 -8.850000e+01 -1.350000e+00
      vertex   1.659115e+01 -8.455841e+01 -1.338074e+00
    endloop
  endfacet
  facet normal -5.566134e-01 -3.451774e-04 -8.307716e-01
    outer loop
      vertex   1.665778e+01 -6.169540e+01 -6.855300e-01
      vertex   1.672279e+01 -6.145251e+01 -7.291898e-01
      vertex   1.667556e+01 -6.302674e+01 -6.968897e-01
    endloop
  endfacet
  facet normal -6.087541e-01 1.986927e-03 -7.933565e-01
    outer loop
      vertex   1.667556e+01 -6.302674e+01 -6.968897e-01
      vertex   1.672279e+01 -6.145251e+01 -7.291898e-01
      vertex   1.674805e+01 -6.302674e+01 -7.525108e-01
    endloop
  endfacet
  facet normal -6.087553e-01 9.009885e-20 -7.933581e-01
    outer loop
      vertex   1.667556e+01 -6.302674e+01 -6.968897e-01
      vertex   1.674805e+01 -6.302674e+01 -7.525108e-01
      vertex   1.674805e+01 -6.498417e+01 -7.525108e-01
    endloop
  endfacet
  facet normal -7.933491e-01 0.000000e+00 -6.087669e-01
    outer loop
      vertex   1.674805e+01 -6.498417e+01 -7.525108e-01
      vertex   1.674805e+01 -6.302674e+01 -7.525108e-01
      vertex   1.680367e+01 -6.498417e+01 -8.249981e-01
    endloop
  endfacet
  facet normal -7.933491e-01 1.031968e-18 -6.087669e-01
    outer loop
      vertex   1.674805e+01 -6.498417e+01 -7.525108e-01
      vertex   1.680367e+01 -6.498417e+01 -8.249981e-01
      vertex   1.680367e+01 -6.694159e+01 -8.249981e-01
    endloop
  endfacet
  facet normal -9.238772e-01 0.000000e+00 -3.826891e-01
    outer loop
      vertex   1.680367e+01 -6.694159e+01 -8.249981e-01
      vertex   1.680367e+01 -6.498417e+01 -8.249981e-01
      vertex   1.683863e+01 -6.694159e+01 -9.094114e-01
    endloop
  endfacet
  facet normal -9.238772e-01 9.369811e-19 -3.826891e-01
    outer loop
      vertex   1.680367e+01 -6.694159e+01 -8.249981e-01
      vertex   1.683863e+01 -6.694159e+01 -9.094114e-01
      vertex   1.683863e+01 -6.889902e+01 -9.094114e-01
    endloop
  endfacet
  facet normal -9.914445e-01 0.000000e+00 -1.305290e-01
    outer loop
      vertex   1.683863e+01 -6.889902e+01 -9.094114e-01
      vertex   1.683863e+01 -6.694159e+01 -9.094114e-01
      vertex   1.685056e+01 -6.889902e+01 -1.000000e+00
    endloop
  endfacet
  facet normal -9.914445e-01 4.163729e-14 -1.305290e-01
    outer loop
      vertex   1.683863e+01 -6.889902e+01 -9.094114e-01
      vertex   1.685056e+01 -6.889902e+01 -1.000000e+00
      vertex   1.685056e+01 -7.085644e+01 -1.000000e+00
    endloop
  endfacet
  facet normal -9.914451e-01 -4.163529e-14 1.305242e-01
    outer loop
      vertex   1.685056e+01 -7.085644e+01 -1.000000e+00
      vertex   1.685056e+01 -6.889902e+01 -1.000000e+00
      vertex   1.683864e+01 -7.085644e+01 -1.090585e+00
    endloop
  endfacet
  facet normal -9.914451e-01 4.562911e-19 1.305242e-01
    outer loop
      vertex   1.685056e+01 -7.085644e+01 -1.000000e+00
      vertex   1.683864e+01 -7.085644e+01 -1.090585e+00
      vertex   1.683864e+01 -7.281386e+01 -1.090585e+00
    endloop
  endfacet
  facet normal -9.238809e-01 0.000000e+00 3.826800e-01
    outer loop
      vertex   1.683864e+01 -7.281386e+01 -1.090585e+00
      vertex   1.683864e+01 -7.085644e+01 -1.090585e+00
      vertex   1.680367e+01 -7.281386e+01 -1.174999e+00
    endloop
  endfacet
  facet normal -9.238809e-01 -2.909928e-19 3.826800e-01
    outer loop
      vertex   1.683864e+01 -7.281386e+01 -1.090585e+00
      vertex   1.680367e+01 -7.281386e+01 -1.174999e+00
      vertex   1.680367e+01 -7.477129e+01 -1.174999e+00
    endloop
  endfacet
  facet normal -7.933551e-01 0.000000e+00 6.087592e-01
    outer loop
      vertex   1.680367e+01 -7.477129e+01 -1.174999e+00
      vertex   1.680367e+01 -7.281386e+01 -1.174999e+00
      vertex   1.674805e+01 -7.477129e+01 -1.247487e+00
    endloop
  endfacet
  facet normal -7.933551e-01 -1.771533e-18 6.087592e-01
    outer loop
      vertex   1.680367e+01 -7.477129e+01 -1.174999e+00
      vertex   1.674805e+01 -7.477129e+01 -1.247487e+00
      vertex   1.674805e+01 -7.672871e+01 -1.247487e+00
    endloop
  endfacet
  facet normal -6.087630e-01 0.000000e+00 7.933521e-01
    outer loop
      vertex   1.674805e+01 -7.672871e+01 -1.247487e+00
      vertex   1.674805e+01 -7.477129e+01 -1.247487e+00
      vertex   1.667556e+01 -7.672871e+01 -1.303109e+00
    endloop
  endfacet
  facet normal -6.087630e-01 -2.233262e-18 7.933521e-01
    outer loop
      vertex   1.674805e+01 -7.672871e+01 -1.247487e+00
      vertex   1.667556e+01 -7.672871e+01 -1.303109e+00
      vertex   1.667556e+01 -7.868614e+01 -1.303109e+00
    endloop
  endfacet
  facet normal -3.826846e-01 0.000000e+00 9.238791e-01
    outer loop
      vertex   1.667556e+01 -7.868614e+01 -1.303109e+00
      vertex   1.667556e+01 -7.672871e+01 -1.303109e+00
      vertex   1.659115e+01 -7.868614e+01 -1.338074e+00
    endloop
  endfacet
  facet normal -3.826846e-01 -1.121114e-18 9.238791e-01
    outer loop
      vertex   1.667556e+01 -7.868614e+01 -1.303109e+00
      vertex   1.659115e+01 -7.868614e+01 -1.338074e+00
      vertex   1.659115e+01 -8.064356e+01 -1.338074e+00
    endloop
  endfacet
  facet normal -1.305266e-01 0.000000e+00 9.914448e-01
    outer loop
      vertex   1.659115e+01 -8.064356e+01 -1.338074e+00
      vertex   1.659115e+01 -7.868614e+01 -1.338074e+00
      vertex   1.650056e+01 -8.850000e+01 -1.350000e+00
    endloop
  endfacet
  facet normal -7.461034e-01 -2.105785e-03 -6.658268e-01
    outer loop
      vertex   1.672279e+01 -6.145251e+01 -7.291898e-01
      vertex   1.679666e+01 -6.122019e+01 -8.126977e-01
      vertex   1.674805e+01 -6.302674e+01 -7.525108e-01
    endloop
  endfacet
  facet normal -7.933487e-01 1.066536e-03 -6.087666e-01
    outer loop
      vertex   1.674805e+01 -6.302674e+01 -7.525108e-01
      vertex   1.679666e+01 -6.122019e+01 -8.126977e-01
      vertex   1.680367e+01 -6.302674e+01 -8.249981e-01
    endloop
  endfacet
  facet normal -7.933491e-01 1.031968e-18 -6.087669e-01
    outer loop
      vertex   1.674805e+01 -6.302674e+01 -7.525108e-01
      vertex   1.680367e+01 -6.302674e+01 -8.249981e-01
      vertex   1.680367e+01 -6.498417e+01 -8.249981e-01
    endloop
  endfacet
  facet normal -9.238772e-01 0.000000e+00 -3.826891e-01
    outer loop
      vertex   1.680367e+01 -6.498417e+01 -8.249981e-01
      vertex   1.680367e+01 -6.302674e+01 -8.249981e-01
      vertex   1.683863e+01 -6.498417e+01 -9.094114e-01
    endloop
  endfacet
  facet normal -9.238772e-01 9.369811e-19 -3.826891e-01
    outer loop
      vertex   1.680367e+01 -6.498417e+01 -8.249981e-01
      vertex   1.683863e+01 -6.498417e+01 -9.094114e-01
      vertex   1.683863e+01 -6.694159e+01 -9.094114e-01
    endloop
  endfacet
  facet normal -9.914445e-01 0.000000e+00 -1.305290e-01
    outer loop
      vertex   1.683863e+01 -6.694159e+01 -9.094114e-01
      vertex   1.683863e+01 -6.498417e+01 -9.094114e-01
      vertex   1.685056e+01 -6.694159e+01 -1.000000e+00
    endloop
  endfacet
  facet normal -9.914445e-01 4.162145e-14 -1.305290e-01
    outer loop
      vertex   1.683863e+01 -6.694159e+01 -9.094114e-01
      vertex   1.685056e+01 -6.694159e+01 -1.000000e+00
      vertex   1.685056e+01 -6.889902e+01 -1.000000e+00
    endloop
  endfacet
  facet normal -9.914451e-01 -4.162048e-14 1.305242e-01
    outer loop
      vertex   1.685056e+01 -6.889902e+01 -1.000000e+00
      vertex   1.685056e+01 -6.694159e+01 -1.000000e+00
      vertex   1.683864e+01 -6.889902e+01 -1.090585e+00
    endloop
  endfacet
  facet normal -9.914451e-01 -3.130352e-20 1.305242e-01
    outer loop
      vertex   1.685056e+01 -6.889902e+01 -1.000000e+00
      vertex   1.683864e+01 -6.889902e+01 -1.090585e+00
      vertex   1.683864e+01 -7.085644e+01 -1.090585e+00
    endloop
  endfacet
  facet normal -9.238809e-01 0.000000e+00 3.826800e-01
    outer loop
      vertex   1.683864e+01 -7.085644e+01 -1.090585e+00
      vertex   1.683864e+01 -6.889902e+01 -1.090585e+00
      vertex   1.680367e+01 -7.085644e+01 -1.174999e+00
    endloop
  endfacet
  facet normal -9.238809e-01 -2.909928e-19 3.826800e-01
    outer loop
      vertex   1.683864e+01 -7.085644e+01 -1.090585e+00
      vertex   1.680367e+01 -7.085644e+01 -1.174999e+00
      vertex   1.680367e+01 -7.281386e+01 -1.174999e+00
    endloop
  endfacet
  facet normal -7.933551e-01 0.000000e+00 6.087592e-01
    outer loop
      vertex   1.680367e+01 -7.281386e+01 -1.174999e+00
      vertex   1.680367e+01 -7.085644e+01 -1.174999e+00
      vertex   1.674805e+01 -7.281386e+01 -1.247487e+00
    endloop
  endfacet
  facet normal -7.933551e-01 -1.771533e-18 6.087592e-01
    outer loop
      vertex   1.680367e+01 -7.281386e+01 -1.174999e+00
      vertex   1.674805e+01 -7.281386e+01 -1.247487e+00
      vertex   1.674805e+01 -7.477129e+01 -1.247487e+00
    endloop
  endfacet
  facet normal -6.087630e-01 0.000000e+00 7.933521e-01
    outer loop
      vertex   1.674805e+01 -7.477129e+01 -1.247487e+00
      vertex   1.674805e+01 -7.281386e+01 -1.247487e+00
      vertex   1.667556e+01 -7.477129e+01 -1.303109e+00
    endloop
  endfacet
  facet normal -6.087630e-01 -2.233262e-18 7.933521e-01
    outer loop
      vertex   1.674805e+01 -7.477129e+01 -1.247487e+00
      vertex   1.667556e+01 -7.477129e+01 -1.303109e+00
      vertex   1.667556e+01 -7.672871e+01 -1.303109e+00
    endloop
  endfacet
  facet normal -3.826846e-01 0.000000e+00 9.238791e-01
    outer loop
      vertex   1.667556e+01 -7.672871e+01 -1.303109e+00
      vertex   1.667556e+01 -7.477129e+01 -1.303109e+00
      vertex   1.659115e+01 -7.672871e+01 -1.338074e+00
    endloop
  endfacet
  facet normal -3.826846e-01 -1.121114e-18 9.238791e-01
    outer loop
      vertex   1.667556e+01 -7.672871e+01 -1.303109e+00
      vertex   1.659115e+01 -7.672871e+01 -1.338074e+00
      vertex   1.659115e+01 -7.868614e+01 -1.338074e+00
    endloop
  endfacet
  facet normal -1.305266e-01 0.000000e+00 9.914448e-01
    outer loop
      vertex   1.659115e+01 -7.868614e+01 -1.338074e+00
      vertex   1.659115e+01 -7.672871e+01 -1.338074e+00
      vertex   1.650056e+01 -8.850000e+01 -1.350000e+00
    endloop
  endfacet
  facet normal -8.750318e-01 -9.947157e-05 -4.840654e-01
    outer loop
      vertex   1.679666e+01 -6.122019e+01 -8.126977e-01
      vertex   1.681522e+01 -6.116658e+01 -8.462609e-01
      vertex   1.680367e+01 -6.302674e+01 -8.249981e-01
    endloop
  endfacet
  facet normal -9.264523e-01 1.450413e-03 -3.764095e-01
    outer loop
      vertex   1.680367e+01 -6.302674e+01 -8.249981e-01
      vertex   1.681522e+01 -6.116658e+01 -8.462609e-01
      vertex   1.683169e+01 -6.112043e+01 -8.866151e-01
    endloop
  endfacet
  facet normal -9.238765e-01 1.209591e-03 -3.826888e-01
    outer loop
      vertex   1.680367e+01 -6.302674e+01 -8.249981e-01
      vertex   1.683169e+01 -6.112043e+01 -8.866151e-01
      vertex   1.683863e+01 -6.302674e+01 -9.094114e-01
    endloop
  endfacet
  facet normal -9.570903e-01 -2.236552e-05 -2.897899e-01
    outer loop
      vertex   1.683863e+01 -6.302674e+01 -9.094114e-01
      vertex   1.683169e+01 -6.112043e+01 -8.866151e-01
      vertex   1.683893e+01 -6.110064e+01 -9.105288e-01
    endloop
  endfacet
  facet normal -9.763148e-01 2.316402e-05 -2.163549e-01
    outer loop
      vertex   1.683863e+01 -6.302674e+01 -9.094114e-01
      vertex   1.683893e+01 -6.110064e+01 -9.105288e-01
      vertex   1.684508e+01 -6.108402e+01 -9.382676e-01
    endloop
  endfacet
  facet normal -9.913104e-01 1.332719e-03 -1.315368e-01
    outer loop
      vertex   1.684508e+01 -6.108402e+01 -9.382676e-01
      vertex   1.684913e+01 -6.107314e+01 -9.687050e-01
      vertex   1.683863e+01 -6.302674e+01 -9.094114e-01
    endloop
  endfacet
  facet normal -9.914436e-01 1.364024e-03 -1.305289e-01
    outer loop
      vertex   1.683863e+01 -6.302674e+01 -9.094114e-01
      vertex   1.684913e+01 -6.107314e+01 -9.687050e-01
      vertex   1.685056e+01 -6.302674e+01 -1.000000e+00
    endloop
  endfacet
  facet normal -9.914445e-01 4.162251e-14 -1.305290e-01
    outer loop
      vertex   1.683863e+01 -6.302674e+01 -9.094114e-01
      vertex   1.685056e+01 -6.302674e+01 -1.000000e+00
      vertex   1.685056e+01 -6.498417e+01 -1.000000e+00
    endloop
  endfacet
  facet normal -9.914451e-01 -4.162048e-14 1.305242e-01
    outer loop
      vertex   1.685056e+01 -6.498417e+01 -1.000000e+00
      vertex   1.685056e+01 -6.302674e+01 -1.000000e+00
      vertex   1.683864e+01 -6.498417e+01 -1.090585e+00
    endloop
  endfacet
  facet normal -9.914451e-01 -3.076466e-19 1.305242e-01
    outer loop
      vertex   1.685056e+01 -6.498417e+01 -1.000000e+00
      vertex   1.683864e+01 -6.498417e+01 -1.090585e+00
      vertex   1.683864e+01 -6.694159e+01 -1.090585e+00
    endloop
  endfacet
  facet normal -9.238809e-01 0.000000e+00 3.826800e-01
    outer loop
      vertex   1.683864e+01 -6.694159e+01 -1.090585e+00
      vertex   1.683864e+01 -6.498417e+01 -1.090585e+00
      vertex   1.680367e+01 -6.694159e+01 -1.174999e+00
    endloop
  endfacet
  facet normal -9.238809e-01 -2.909928e-19 3.826800e-01
    outer loop
      vertex   1.683864e+01 -6.694159e+01 -1.090585e+00
      vertex   1.680367e+01 -6.694159e+01 -1.174999e+00
      vertex   1.680367e+01 -6.889902e+01 -1.174999e+00
    endloop
  endfacet
  facet normal -7.933551e-01 0.000000e+00 6.087592e-01
    outer loop
      vertex   1.680367e+01 -6.889902e+01 -1.174999e+00
      vertex   1.680367e+01 -6.694159e+01 -1.174999e+00
      vertex   1.674805e+01 -6.889902e+01 -1.247487e+00
    endloop
  endfacet
  facet normal -7.933551e-01 -1.771533e-18 6.087592e-01
    outer loop
      vertex   1.680367e+01 -6.889902e+01 -1.174999e+00
      vertex   1.674805e+01 -6.889902e+01 -1.247487e+00
      vertex   1.674805e+01 -7.085644e+01 -1.247487e+00
    endloop
  endfacet
  facet normal -6.087630e-01 0.000000e+00 7.933521e-01
    outer loop
      vertex   1.674805e+01 -7.085644e+01 -1.247487e+00
      vertex   1.674805e+01 -6.889902e+01 -1.247487e+00
      vertex   1.667556e+01 -7.085644e+01 -1.303109e+00
    endloop
  endfacet
  facet normal -6.087630e-01 -2.233262e-18 7.933521e-01
    outer loop
      vertex   1.674805e+01 -7.085644e+01 -1.247487e+00
      vertex   1.667556e+01 -7.085644e+01 -1.303109e+00
      vertex   1.667556e+01 -7.281386e+01 -1.303109e+00
    endloop
  endfacet
  facet normal -3.826846e-01 0.000000e+00 9.238791e-01
    outer loop
      vertex   1.667556e+01 -7.281386e+01 -1.303109e+00
      vertex   1.667556e+01 -7.085644e+01 -1.303109e+00
      vertex   1.659115e+01 -7.281386e+01 -1.338074e+00
    endloop
  endfacet
  facet normal -3.826846e-01 -1.121114e-18 9.238791e-01
    outer loop
      vertex   1.667556e+01 -7.281386e+01 -1.303109e+00
      vertex   1.659115e+01 -7.281386e+01 -1.338074e+00
      vertex   1.659115e+01 -7.477129e+01 -1.338074e+00
    endloop
  endfacet
  facet normal -1.709409e-01 0.000000e+00 9.852813e-01
    outer loop
      vertex   1.659115e+01 -7.477129e+01 -1.338074e+00
      vertex   1.659115e+01 -7.281386e+01 -1.338074e+00
      vertex   1.652522e+01 -6.248209e+01 -1.349512e+00
    endloop
  endfacet
  facet normal -1.487427e-01 1.224276e-04 9.888759e-01
    outer loop
      vertex   1.659115e+01 -7.477129e+01 -1.338074e+00
      vertex   1.652522e+01 -6.248209e+01 -1.349512e+00
      vertex   1.650056e+01 -8.850000e+01 -1.350000e+00
    endloop
  endfacet
  facet normal -1.979938e-02 0.000000e+00 9.998040e-01
    outer loop
      vertex   1.650056e+01 -8.850000e+01 -1.350000e+00
      vertex   1.652522e+01 -6.248209e+01 -1.349512e+00
      vertex   1.650056e+01 -6.300000e+01 -1.350000e+00
    endloop
  endfacet
  facet normal -9.989542e-01 1.457980e-14 -4.572311e-02
    outer loop
      vertex   1.684913e+01 -6.107314e+01 -9.687050e-01
      vertex   1.685056e+01 -6.106932e+01 -1.000000e+00
      vertex   1.685056e+01 -6.302674e+01 -1.000000e+00
    endloop
  endfacet
  facet normal -9.989542e-01 -1.457981e-14 4.572311e-02
    outer loop
      vertex   1.685056e+01 -6.302674e+01 -1.000000e+00
      vertex   1.685056e+01 -6.106932e+01 -1.000000e+00
      vertex   1.684913e+01 -6.107314e+01 -1.031295e+00
    endloop
  endfacet
  facet normal -9.913125e-01 1.380000e-03 1.315202e-01
    outer loop
      vertex   1.685056e+01 -6.302674e+01 -1.000000e+00
      vertex   1.684913e+01 -6.107314e+01 -1.031295e+00
      vertex   1.684508e+01 -6.108402e+01 -1.061732e+00
    endloop
  endfacet
  facet normal -9.914442e-01 1.347975e-03 1.305241e-01
    outer loop
      vertex   1.685056e+01 -6.302674e+01 -1.000000e+00
      vertex   1.684508e+01 -6.108402e+01 -1.061732e+00
      vertex   1.683864e+01 -6.302674e+01 -1.090585e+00
    endloop
  endfacet
  facet normal -9.763148e-01 2.308631e-05 2.163550e-01
    outer loop
      vertex   1.683864e+01 -6.302674e+01 -1.090585e+00
      vertex   1.684508e+01 -6.108402e+01 -1.061732e+00
      vertex   1.683893e+01 -6.110064e+01 -1.089471e+00
    endloop
  endfacet
  facet normal -9.570903e-01 -2.230826e-05 2.897899e-01
    outer loop
      vertex   1.683864e+01 -6.302674e+01 -1.090585e+00
      vertex   1.683893e+01 -6.110064e+01 -1.089471e+00
      vertex   1.683169e+01 -6.112043e+01 -1.113385e+00
    endloop
  endfacet
  facet normal -9.263247e-01 1.129567e-03 3.767243e-01
    outer loop
      vertex   1.683169e+01 -6.112043e+01 -1.113385e+00
      vertex   1.681522e+01 -6.116658e+01 -1.153739e+00
      vertex   1.683864e+01 -6.302674e+01 -1.090585e+00
    endloop
  endfacet
  facet normal -9.238801e-01 1.362528e-03 3.826797e-01
    outer loop
      vertex   1.683864e+01 -6.302674e+01 -1.090585e+00
      vertex   1.681522e+01 -6.116658e+01 -1.153739e+00
      vertex   1.680367e+01 -6.302674e+01 -1.174999e+00
    endloop
  endfacet
  facet normal -9.238809e-01 -2.909928e-19 3.826800e-01
    outer loop
      vertex   1.683864e+01 -6.302674e+01 -1.090585e+00
      vertex   1.680367e+01 -6.302674e+01 -1.174999e+00
      vertex   1.680367e+01 -6.498417e+01 -1.174999e+00
    endloop
  endfacet
  facet normal -7.933551e-01 0.000000e+00 6.087592e-01
    outer loop
      vertex   1.680367e+01 -6.498417e+01 -1.174999e+00
      vertex   1.680367e+01 -6.302674e+01 -1.174999e+00
      vertex   1.674805e+01 -6.498417e+01 -1.247487e+00
    endloop
  endfacet
  facet normal -7.933551e-01 -1.771533e-18 6.087592e-01
    outer loop
      vertex   1.680367e+01 -6.498417e+01 -1.174999e+00
      vertex   1.674805e+01 -6.498417e+01 -1.247487e+00
      vertex   1.674805e+01 -6.694159e+01 -1.247487e+00
    endloop
  endfacet
  facet normal -6.087630e-01 0.000000e+00 7.933521e-01
    outer loop
      vertex   1.674805e+01 -6.694159e+01 -1.247487e+00
      vertex   1.674805e+01 -6.498417e+01 -1.247487e+00
      vertex   1.667556e+01 -6.694159e+01 -1.303109e+00
    endloop
  endfacet
  facet normal -6.087630e-01 -2.233262e-18 7.933521e-01
    outer loop
      vertex   1.674805e+01 -6.694159e+01 -1.247487e+00
      vertex   1.667556e+01 -6.694159e+01 -1.303109e+00
      vertex   1.667556e+01 -6.889902e+01 -1.303109e+00
    endloop
  endfacet
  facet normal -3.826846e-01 0.000000e+00 9.238791e-01
    outer loop
      vertex   1.667556e+01 -6.889902e+01 -1.303109e+00
      vertex   1.667556e+01 -6.694159e+01 -1.303109e+00
      vertex   1.659115e+01 -6.889902e+01 -1.338074e+00
    endloop
  endfacet
  facet normal -3.826846e-01 -1.121114e-18 9.238791e-01
    outer loop
      vertex   1.667556e+01 -6.889902e+01 -1.303109e+00
      vertex   1.659115e+01 -6.889902e+01 -1.338074e+00
      vertex   1.659115e+01 -7.085644e+01 -1.338074e+00
    endloop
  endfacet
  facet normal -1.709409e-01 0.000000e+00 9.852813e-01
    outer loop
      vertex   1.659115e+01 -7.085644e+01 -1.338074e+00
      vertex   1.659115e+01 -6.889902e+01 -1.338074e+00
      vertex   1.652522e+01 -6.248209e+01 -1.349512e+00
    endloop
  endfacet
  facet normal -1.709409e-01 0.000000e+00 9.852813e-01
    outer loop
      vertex   1.659115e+01 -7.085644e+01 -1.338074e+00
      vertex   1.652522e+01 -6.248209e+01 -1.349512e+00
      vertex   1.659115e+01 -7.281386e+01 -1.338074e+00
    endloop
  endfacet
  facet normal -8.750318e-01 -9.950588e-05 4.840654e-01
    outer loop
      vertex   1.681522e+01 -6.116658e+01 -1.153739e+00
      vertex   1.679666e+01 -6.122019e+01 -1.187302e+00
      vertex   1.680367e+01 -6.302674e+01 -1.174999e+00
    endloop
  endfacet
  facet normal -7.933546e-01 1.066707e-03 6.087588e-01
    outer loop
      vertex   1.680367e+01 -6.302674e+01 -1.174999e+00
      vertex   1.679666e+01 -6.122019e+01 -1.187302e+00
      vertex   1.674805e+01 -6.302674e+01 -1.247487e+00
    endloop
  endfacet
  facet normal -7.933551e-01 -1.771533e-18 6.087592e-01
    outer loop
      vertex   1.680367e+01 -6.302674e+01 -1.174999e+00
      vertex   1.674805e+01 -6.302674e+01 -1.247487e+00
      vertex   1.674805e+01 -6.498417e+01 -1.247487e+00
    endloop
  endfacet
  facet normal -6.087630e-01 0.000000e+00 7.933521e-01
    outer loop
      vertex   1.674805e+01 -6.498417e+01 -1.247487e+00
      vertex   1.674805e+01 -6.302674e+01 -1.247487e+00
      vertex   1.667556e+01 -6.498417e+01 -1.303109e+00
    endloop
  endfacet
  facet normal -6.087630e-01 -2.233262e-18 7.933521e-01
    outer loop
      vertex   1.674805e+01 -6.498417e+01 -1.247487e+00
      vertex   1.667556e+01 -6.498417e+01 -1.303109e+00
      vertex   1.667556e+01 -6.694159e+01 -1.303109e+00
    endloop
  endfacet
  facet normal -3.826846e-01 0.000000e+00 9.238791e-01
    outer loop
      vertex   1.667556e+01 -6.694159e+01 -1.303109e+00
      vertex   1.667556e+01 -6.498417e+01 -1.303109e+00
      vertex   1.659115e+01 -6.694159e+01 -1.338074e+00
    endloop
  endfacet
  facet normal -3.826846e-01 -1.121114e-18 9.238791e-01
    outer loop
      vertex   1.667556e+01 -6.694159e+01 -1.303109e+00
      vertex   1.659115e+01 -6.694159e+01 -1.338074e+00
      vertex   1.659115e+01 -6.889902e+01 -1.338074e+00
    endloop
  endfacet
  facet normal -1.709409e-01 0.000000e+00 9.852813e-01
    outer loop
      vertex   1.659115e+01 -6.889902e+01 -1.338074e+00
      vertex   1.659115e+01 -6.694159e+01 -1.338074e+00
      vertex   1.652522e+01 -6.248209e+01 -1.349512e+00
    endloop
  endfacet
  facet normal -7.461032e-01 -2.105903e-03 6.658269e-01
    outer loop
      vertex   1.679666e+01 -6.122019e+01 -1.187302e+00
      vertex   1.672279e+01 -6.145251e+01 -1.270810e+00
      vertex   1.674805e+01 -6.302674e+01 -1.247487e+00
    endloop
  endfacet
  facet normal -6.087618e-01 1.986998e-03 7.933505e-01
    outer loop
      vertex   1.674805e+01 -6.302674e+01 -1.247487e+00
      vertex   1.672279e+01 -6.145251e+01 -1.270810e+00
      vertex   1.667556e+01 -6.302674e+01 -1.303109e+00
    endloop
  endfacet
  facet normal -6.087630e-01 -2.233262e-18 7.933521e-01
    outer loop
      vertex   1.674805e+01 -6.302674e+01 -1.247487e+00
      vertex   1.667556e+01 -6.302674e+01 -1.303109e+00
      vertex   1.667556e+01 -6.498417e+01 -1.303109e+00
    endloop
  endfacet
  facet normal -3.826846e-01 0.000000e+00 9.238791e-01
    outer loop
      vertex   1.667556e+01 -6.498417e+01 -1.303109e+00
      vertex   1.667556e+01 -6.302674e+01 -1.303109e+00
      vertex   1.659115e+01 -6.498417e+01 -1.338074e+00
    endloop
  endfacet
  facet normal -3.826846e-01 -1.121114e-18 9.238791e-01
    outer loop
      vertex   1.667556e+01 -6.498417e+01 -1.303109e+00
      vertex   1.659115e+01 -6.498417e+01 -1.338074e+00
      vertex   1.659115e+01 -6.694159e+01 -1.338074e+00
    endloop
  endfacet
  facet normal -1.709409e-01 0.000000e+00 9.852813e-01
    outer loop
      vertex   1.659115e+01 -6.694159e+01 -1.338074e+00
      vertex   1.659115e+01 -6.498417e+01 -1.338074e+00
      vertex   1.652522e+01 -6.248209e+01 -1.349512e+00
    endloop
  endfacet
  facet normal -5.566129e-01 -3.453408e-04 8.307719e-01
    outer loop
      vertex   1.672279e+01 -6.145251e+01 -1.270810e+00
      vertex   1.665778e+01 -6.169540e+01 -1.314470e+00
      vertex   1.667556e+01 -6.302674e+01 -1.303109e+00
    endloop
  endfacet
  facet normal -3.689867e-01 3.002809e-03 9.294298e-01
    outer loop
      vertex   1.667556e+01 -6.302674e+01 -1.303109e+00
      vertex   1.665778e+01 -6.169540e+01 -1.314470e+00
      vertex   1.660157e+01 -6.195156e+01 -1.335958e+00
    endloop
  endfacet
  facet normal -3.826839e-01 1.890534e-03 9.238774e-01
    outer loop
      vertex   1.667556e+01 -6.302674e+01 -1.303109e+00
      vertex   1.660157e+01 -6.195156e+01 -1.335958e+00
      vertex   1.659115e+01 -6.302674e+01 -1.338074e+00
    endloop
  endfacet
  facet normal -1.730368e-01 -2.613758e-04 9.849153e-01
    outer loop
      vertex   1.659115e+01 -6.302674e+01 -1.338074e+00
      vertex   1.660157e+01 -6.195156e+01 -1.335958e+00
      vertex   1.652522e+01 -6.248209e+01 -1.349512e+00
    endloop
  endfacet
  facet normal -1.709409e-01 0.000000e+00 9.852813e-01
    outer loop
      vertex   1.659115e+01 -6.302674e+01 -1.338074e+00
      vertex   1.652522e+01 -6.248209e+01 -1.349512e+00
      vertex   1.659115e+01 -6.498417e+01 -1.338074e+00
    endloop
  endfacet
  facet normal -9.913125e-01 -1.380004e-03 1.315203e-01
    outer loop
      vertex   1.684508e+01 -9.041599e+01 -1.061733e+00
      vertex   1.684913e+01 -9.042686e+01 -1.031295e+00
      vertex   1.685056e+01 -8.847326e+01 -1.000000e+00
    endloop
  endfacet
  facet normal -9.989541e-01 -1.458502e-14 4.572317e-02
    outer loop
      vertex   1.685056e+01 -8.847326e+01 -1.000000e+00
      vertex   1.684913e+01 -9.042686e+01 -1.031295e+00
      vertex   1.685056e+01 -9.043068e+01 -1.000000e+00
    endloop
  endfacet
  facet normal -9.989541e-01 1.458502e-14 -4.572317e-02
    outer loop
      vertex   1.685056e+01 -8.847326e+01 -1.000000e+00
      vertex   1.685056e+01 -9.043068e+01 -1.000000e+00
      vertex   1.684913e+01 -9.042686e+01 -9.687049e-01
    endloop
  endfacet
  facet normal -9.914436e-01 -1.364025e-03 -1.305289e-01
    outer loop
      vertex   1.685056e+01 -8.847326e+01 -1.000000e+00
      vertex   1.684913e+01 -9.042686e+01 -9.687049e-01
      vertex   1.683863e+01 -8.847326e+01 -9.094114e-01
    endloop
  endfacet
  facet normal -9.913104e-01 -1.332714e-03 -1.315370e-01
    outer loop
      vertex   1.683863e+01 -8.847326e+01 -9.094114e-01
      vertex   1.684913e+01 -9.042686e+01 -9.687049e-01
      vertex   1.684508e+01 -9.041599e+01 -9.382675e-01
    endloop
  endfacet
  facet normal -9.763147e-01 -2.316140e-05 -2.163552e-01
    outer loop
      vertex   1.683863e+01 -8.847326e+01 -9.094114e-01
      vertex   1.684508e+01 -9.041599e+01 -9.382675e-01
      vertex   1.683893e+01 -9.039936e+01 -9.105287e-01
    endloop
  endfacet
  facet normal -9.570902e-01 2.236360e-05 -2.897903e-01
    outer loop
      vertex   1.683893e+01 -9.039936e+01 -9.105287e-01
      vertex   1.683169e+01 -9.037957e+01 -8.866149e-01
      vertex   1.683863e+01 -8.847326e+01 -9.094114e-01
    endloop
  endfacet
  facet normal -9.238765e-01 -1.209596e-03 -3.826888e-01
    outer loop
      vertex   1.683863e+01 -8.847326e+01 -9.094114e-01
      vertex   1.683169e+01 -9.037957e+01 -8.866149e-01
      vertex   1.680367e+01 -8.847326e+01 -8.249981e-01
    endloop
  endfacet
  facet normal -9.238772e-01 9.369811e-19 -3.826891e-01
    outer loop
      vertex   1.683863e+01 -8.847326e+01 -9.094114e-01
      vertex   1.680367e+01 -8.847326e+01 -8.249981e-01
      vertex   1.680367e+01 -8.651583e+01 -8.249981e-01
    endloop
  endfacet
  facet normal -7.933491e-01 -0.000000e+00 -6.087669e-01
    outer loop
      vertex   1.680367e+01 -8.651583e+01 -8.249981e-01
      vertex   1.680367e+01 -8.847326e+01 -8.249981e-01
      vertex   1.674805e+01 -8.651583e+01 -7.525108e-01
    endloop
  endfacet
  facet normal -7.933491e-01 1.031968e-18 -6.087669e-01
    outer loop
      vertex   1.680367e+01 -8.651583e+01 -8.249981e-01
      vertex   1.674805e+01 -8.651583e+01 -7.525108e-01
      vertex   1.674805e+01 -8.455841e+01 -7.525108e-01
    endloop
  endfacet
  facet normal -6.087553e-01 -0.000000e+00 -7.933581e-01
    outer loop
      vertex   1.674805e+01 -8.455841e+01 -7.525108e-01
      vertex   1.674805e+01 -8.651583e+01 -7.525108e-01
      vertex   1.667556e+01 -8.455841e+01 -6.968897e-01
    endloop
  endfacet
  facet normal -6.087553e-01 9.009885e-20 -7.933581e-01
    outer loop
      vertex   1.674805e+01 -8.455841e+01 -7.525108e-01
      vertex   1.667556e+01 -8.455841e+01 -6.968897e-01
      vertex   1.667556e+01 -8.260099e+01 -6.968897e-01
    endloop
  endfacet
  facet normal -3.826755e-01 -0.000000e+00 -9.238828e-01
    outer loop
      vertex   1.667556e+01 -8.260099e+01 -6.968897e-01
      vertex   1.667556e+01 -8.455841e+01 -6.968897e-01
      vertex   1.659114e+01 -8.260099e+01 -6.619252e-01
    endloop
  endfacet
  facet normal -3.826755e-01 5.145231e-19 -9.238828e-01
    outer loop
      vertex   1.667556e+01 -8.260099e+01 -6.968897e-01
      vertex   1.659114e+01 -8.260099e+01 -6.619252e-01
      vertex   1.659114e+01 -8.064356e+01 -6.619252e-01
    endloop
  endfacet
  facet normal -1.709351e-01 -0.000000e+00 -9.852823e-01
    outer loop
      vertex   1.659114e+01 -8.064356e+01 -6.619252e-01
      vertex   1.659114e+01 -8.260099e+01 -6.619252e-01
      vertex   1.652522e+01 -8.901791e+01 -6.504884e-01
    endloop
  endfacet
  facet normal -1.709351e-01 0.000000e+00 -9.852823e-01
    outer loop
      vertex   1.659114e+01 -8.064356e+01 -6.619252e-01
      vertex   1.652522e+01 -8.901791e+01 -6.504884e-01
      vertex   1.659114e+01 -7.868614e+01 -6.619252e-01
    endloop
  endfacet
  facet normal -9.264521e-01 -1.450399e-03 -3.764100e-01
    outer loop
      vertex   1.683169e+01 -9.037957e+01 -8.866149e-01
      vertex   1.681522e+01 -9.033342e+01 -8.462607e-01
      vertex   1.680367e+01 -8.847326e+01 -8.249981e-01
    endloop
  endfacet
  facet normal -8.750315e-01 9.947403e-05 -4.840660e-01
    outer loop
      vertex   1.680367e+01 -8.847326e+01 -8.249981e-01
      vertex   1.681522e+01 -9.033342e+01 -8.462607e-01
      vertex   1.679666e+01 -9.027981e+01 -8.126975e-01
    endloop
  endfacet
  facet normal -7.933487e-01 -1.066550e-03 -6.087666e-01
    outer loop
      vertex   1.680367e+01 -8.847326e+01 -8.249981e-01
      vertex   1.679666e+01 -9.027981e+01 -8.126975e-01
      vertex   1.674805e+01 -8.847326e+01 -7.525108e-01
    endloop
  endfacet
  facet normal -7.461027e-01 2.105806e-03 -6.658275e-01
    outer loop
      vertex   1.674805e+01 -8.847326e+01 -7.525108e-01
      vertex   1.679666e+01 -9.027981e+01 -8.126975e-01
      vertex   1.672279e+01 -9.004749e+01 -7.291895e-01
    endloop
  endfacet
  facet normal -6.087541e-01 -1.986936e-03 -7.933565e-01
    outer loop
      vertex   1.674805e+01 -8.847326e+01 -7.525108e-01
      vertex   1.672279e+01 -9.004749e+01 -7.291895e-01
      vertex   1.667556e+01 -8.847326e+01 -6.968897e-01
    endloop
  endfacet
  facet normal -5.566121e-01 3.452068e-04 -8.307724e-01
    outer loop
      vertex   1.667556e+01 -8.847326e+01 -6.968897e-01
      vertex   1.672279e+01 -9.004749e+01 -7.291895e-01
      vertex   1.665778e+01 -8.980460e+01 -6.855298e-01
    endloop
  endfacet
  facet normal -3.826741e-01 -2.772308e-03 -9.238793e-01
    outer loop
      vertex   1.667556e+01 -8.847326e+01 -6.968897e-01
      vertex   1.665778e+01 -8.980460e+01 -6.855298e-01
      vertex   1.659114e+01 -8.847326e+01 -6.619252e-01
    endloop
  endfacet
  facet normal -3.637974e-01 -1.692846e-03 -9.314765e-01
    outer loop
      vertex   1.659114e+01 -8.847326e+01 -6.619252e-01
      vertex   1.665778e+01 -8.980460e+01 -6.855298e-01
      vertex   1.660157e+01 -8.954844e+01 -6.640419e-01
    endloop
  endfacet
  facet normal -1.730330e-01 2.616166e-04 -9.849160e-01
    outer loop
      vertex   1.659114e+01 -8.847326e+01 -6.619252e-01
      vertex   1.660157e+01 -8.954844e+01 -6.640419e-01
      vertex   1.652522e+01 -8.901791e+01 -6.504884e-01
    endloop
  endfacet
  facet normal -3.826755e-01 0.000000e+00 -9.238828e-01
    outer loop
      vertex   1.667556e+01 -6.694159e+01 -6.968897e-01
      vertex   1.659114e+01 -6.498417e+01 -6.619252e-01
      vertex   1.667556e+01 -6.498417e+01 -6.968897e-01
    endloop
  endfacet
  facet normal -3.826755e-01 5.145231e-19 -9.238828e-01
    outer loop
      vertex   1.667556e+01 -6.498417e+01 -6.968897e-01
      vertex   1.659114e+01 -6.498417e+01 -6.619252e-01
      vertex   1.659114e+01 -6.302674e+01 -6.619252e-01
    endloop
  endfacet
  facet normal -1.305183e-01 -0.000000e+00 -9.914459e-01
    outer loop
      vertex   1.659114e+01 -6.694159e+01 -6.619252e-01
      vertex   1.659114e+01 -6.889902e+01 -6.619252e-01
      vertex   1.650056e+01 -6.300000e+01 -6.500000e-01
    endloop
  endfacet
  facet normal -1.305183e-01 -4.913767e-19 -9.914459e-01
    outer loop
      vertex   1.650056e+01 -6.300000e+01 -6.500000e-01
      vertex   1.659114e+01 -6.889902e+01 -6.619252e-01
      vertex   1.659114e+01 -7.085644e+01 -6.619252e-01
    endloop
  endfacet
  facet normal -1.305183e-01 -4.913767e-19 -9.914459e-01
    outer loop
      vertex   1.650056e+01 -6.300000e+01 -6.500000e-01
      vertex   1.659114e+01 -7.085644e+01 -6.619252e-01
      vertex   1.659114e+01 -7.281386e+01 -6.619252e-01
    endloop
  endfacet
  facet normal -3.826755e-01 0.000000e+00 -9.238828e-01
    outer loop
      vertex   1.659114e+01 -7.281386e+01 -6.619252e-01
      vertex   1.659114e+01 -7.085644e+01 -6.619252e-01
      vertex   1.667556e+01 -7.281386e+01 -6.968897e-01
    endloop
  endfacet
  facet normal -3.826755e-01 5.145231e-19 -9.238828e-01
    outer loop
      vertex   1.659114e+01 -7.281386e+01 -6.619252e-01
      vertex   1.667556e+01 -7.281386e+01 -6.968897e-01
      vertex   1.667556e+01 -7.477129e+01 -6.968897e-01
    endloop
  endfacet
  facet normal -6.087553e-01 0.000000e+00 -7.933581e-01
    outer loop
      vertex   1.667556e+01 -7.477129e+01 -6.968897e-01
      vertex   1.667556e+01 -7.281386e+01 -6.968897e-01
      vertex   1.674805e+01 -7.477129e+01 -7.525108e-01
    endloop
  endfacet
  facet normal -6.087553e-01 9.009885e-20 -7.933581e-01
    outer loop
      vertex   1.667556e+01 -7.477129e+01 -6.968897e-01
      vertex   1.674805e+01 -7.477129e+01 -7.525108e-01
      vertex   1.674805e+01 -7.672871e+01 -7.525108e-01
    endloop
  endfacet
  facet normal -7.933491e-01 0.000000e+00 -6.087669e-01
    outer loop
      vertex   1.674805e+01 -7.672871e+01 -7.525108e-01
      vertex   1.674805e+01 -7.477129e+01 -7.525108e-01
      vertex   1.680367e+01 -7.672871e+01 -8.249981e-01
    endloop
  endfacet
  facet normal -7.933491e-01 1.031968e-18 -6.087669e-01
    outer loop
      vertex   1.674805e+01 -7.672871e+01 -7.525108e-01
      vertex   1.680367e+01 -7.672871e+01 -8.249981e-01
      vertex   1.680367e+01 -7.868614e+01 -8.249981e-01
    endloop
  endfacet
  facet normal -9.238772e-01 0.000000e+00 -3.826891e-01
    outer loop
      vertex   1.680367e+01 -7.868614e+01 -8.249981e-01
      vertex   1.680367e+01 -7.672871e+01 -8.249981e-01
      vertex   1.683863e+01 -7.868614e+01 -9.094114e-01
    endloop
  endfacet
  facet normal -9.238772e-01 9.369811e-19 -3.826891e-01
    outer loop
      vertex   1.680367e+01 -7.868614e+01 -8.249981e-01
      vertex   1.683863e+01 -7.868614e+01 -9.094114e-01
      vertex   1.683863e+01 -8.064356e+01 -9.094114e-01
    endloop
  endfacet
  facet normal -9.914445e-01 0.000000e+00 -1.305290e-01
    outer loop
      vertex   1.683863e+01 -8.064356e+01 -9.094114e-01
      vertex   1.683863e+01 -7.868614e+01 -9.094114e-01
      vertex   1.685056e+01 -8.064356e+01 -1.000000e+00
    endloop
  endfacet
  facet normal -9.914445e-01 4.162173e-14 -1.305290e-01
    outer loop
      vertex   1.683863e+01 -8.064356e+01 -9.094114e-01
      vertex   1.685056e+01 -8.064356e+01 -1.000000e+00
      vertex   1.685056e+01 -8.260099e+01 -1.000000e+00
    endloop
  endfacet
  facet normal -9.914451e-01 -4.162048e-14 1.305242e-01
    outer loop
      vertex   1.685056e+01 -8.260099e+01 -1.000000e+00
      vertex   1.685056e+01 -8.064356e+01 -1.000000e+00
      vertex   1.683864e+01 -8.260099e+01 -1.090585e+00
    endloop
  endfacet
  facet normal -9.914451e-01 7.286333e-20 1.305242e-01
    outer loop
      vertex   1.685056e+01 -8.260099e+01 -1.000000e+00
      vertex   1.683864e+01 -8.260099e+01 -1.090585e+00
      vertex   1.683864e+01 -8.455841e+01 -1.090585e+00
    endloop
  endfacet
  facet normal -9.238809e-01 0.000000e+00 3.826800e-01
    outer loop
      vertex   1.683864e+01 -8.455841e+01 -1.090585e+00
      vertex   1.683864e+01 -8.260099e+01 -1.090585e+00
      vertex   1.680367e+01 -8.455841e+01 -1.174999e+00
    endloop
  endfacet
  facet normal -9.238809e-01 -2.909928e-19 3.826800e-01
    outer loop
      vertex   1.683864e+01 -8.455841e+01 -1.090585e+00
      vertex   1.680367e+01 -8.455841e+01 -1.174999e+00
      vertex   1.680367e+01 -8.651583e+01 -1.174999e+00
    endloop
  endfacet
  facet normal -7.933551e-01 0.000000e+00 6.087592e-01
    outer loop
      vertex   1.680367e+01 -8.651583e+01 -1.174999e+00
      vertex   1.680367e+01 -8.455841e+01 -1.174999e+00
      vertex   1.674805e+01 -8.651583e+01 -1.247487e+00
    endloop
  endfacet
  facet normal -7.933551e-01 -1.771533e-18 6.087592e-01
    outer loop
      vertex   1.680367e+01 -8.651583e+01 -1.174999e+00
      vertex   1.674805e+01 -8.651583e+01 -1.247487e+00
      vertex   1.674805e+01 -8.847326e+01 -1.247487e+00
    endloop
  endfacet
  facet normal -6.087630e-01 0.000000e+00 7.933521e-01
    outer loop
      vertex   1.674805e+01 -8.847326e+01 -1.247487e+00
      vertex   1.674805e+01 -8.651583e+01 -1.247487e+00
      vertex   1.667556e+01 -8.847326e+01 -1.303109e+00
    endloop
  endfacet
  facet normal -3.826755e-01 -0.000000e+00 -9.238828e-01
    outer loop
      vertex   1.659114e+01 -6.694159e+01 -6.619252e-01
      vertex   1.667556e+01 -6.889902e+01 -6.968897e-01
      vertex   1.659114e+01 -6.889902e+01 -6.619252e-01
    endloop
  endfacet
  facet normal -3.826755e-01 5.145231e-19 -9.238828e-01
    outer loop
      vertex   1.659114e+01 -6.889902e+01 -6.619252e-01
      vertex   1.667556e+01 -6.889902e+01 -6.968897e-01
      vertex   1.667556e+01 -7.085644e+01 -6.968897e-01
    endloop
  endfacet
  facet normal -3.826755e-01 -0.000000e+00 -9.238828e-01
    outer loop
      vertex   1.659114e+01 -6.889902e+01 -6.619252e-01
      vertex   1.667556e+01 -7.085644e+01 -6.968897e-01
      vertex   1.659114e+01 -7.085644e+01 -6.619252e-01
    endloop
  endfacet
  facet normal -3.826755e-01 5.145231e-19 -9.238828e-01
    outer loop
      vertex   1.659114e+01 -7.085644e+01 -6.619252e-01
      vertex   1.667556e+01 -7.085644e+01 -6.968897e-01
      vertex   1.667556e+01 -7.281386e+01 -6.968897e-01
    endloop
  endfacet
  facet normal -1.305183e-01 0.000000e+00 -9.914459e-01
    outer loop
      vertex   1.659114e+01 -7.672871e+01 -6.619252e-01
      vertex   1.650056e+01 -6.300000e+01 -6.500000e-01
      vertex   1.659114e+01 -7.477129e+01 -6.619252e-01
    endloop
  endfacet
  facet normal -1.305183e-01 0.000000e+00 -9.914459e-01
    outer loop
      vertex   1.659114e+01 -7.477129e+01 -6.619252e-01
      vertex   1.650056e+01 -6.300000e+01 -6.500000e-01
      vertex   1.659114e+01 -7.281386e+01 -6.619252e-01
    endloop
  endfacet
  facet normal -3.826755e-01 0.000000e+00 -9.238828e-01
    outer loop
      vertex   1.659114e+01 -7.477129e+01 -6.619252e-01
      vertex   1.659114e+01 -7.281386e+01 -6.619252e-01
      vertex   1.667556e+01 -7.477129e+01 -6.968897e-01
    endloop
  endfacet
  facet normal -3.826755e-01 0.000000e+00 -9.238828e-01
    outer loop
      vertex   1.659114e+01 -7.672871e+01 -6.619252e-01
      vertex   1.659114e+01 -7.477129e+01 -6.619252e-01
      vertex   1.667556e+01 -7.672871e+01 -6.968897e-01
    endloop
  endfacet
  facet normal -3.826755e-01 0.000000e+00 -9.238828e-01
    outer loop
      vertex   1.667556e+01 -7.672871e+01 -6.968897e-01
      vertex   1.659114e+01 -7.477129e+01 -6.619252e-01
      vertex   1.667556e+01 -7.477129e+01 -6.968897e-01
    endloop
  endfacet
  facet normal -6.087553e-01 0.000000e+00 -7.933581e-01
    outer loop
      vertex   1.667556e+01 -7.672871e+01 -6.968897e-01
      vertex   1.667556e+01 -7.477129e+01 -6.968897e-01
      vertex   1.674805e+01 -7.672871e+01 -7.525108e-01
    endloop
  endfacet
  facet normal -3.826755e-01 0.000000e+00 -9.238828e-01
    outer loop
      vertex   1.667556e+01 -8.260099e+01 -6.968897e-01
      vertex   1.659114e+01 -8.064356e+01 -6.619252e-01
      vertex   1.667556e+01 -8.064356e+01 -6.968897e-01
    endloop
  endfacet
  facet normal -3.826755e-01 5.145231e-19 -9.238828e-01
    outer loop
      vertex   1.667556e+01 -8.064356e+01 -6.968897e-01
      vertex   1.659114e+01 -8.064356e+01 -6.619252e-01
      vertex   1.659114e+01 -7.868614e+01 -6.619252e-01
    endloop
  endfacet
  facet normal -1.709351e-01 -0.000000e+00 -9.852823e-01
    outer loop
      vertex   1.659114e+01 -8.260099e+01 -6.619252e-01
      vertex   1.659114e+01 -8.455841e+01 -6.619252e-01
      vertex   1.652522e+01 -8.901791e+01 -6.504884e-01
    endloop
  endfacet
  facet normal -1.709351e-01 -3.253858e-19 -9.852823e-01
    outer loop
      vertex   1.652522e+01 -8.901791e+01 -6.504884e-01
      vertex   1.659114e+01 -8.455841e+01 -6.619252e-01
      vertex   1.659114e+01 -8.651583e+01 -6.619252e-01
    endloop
  endfacet
  facet normal -1.709351e-01 -3.253858e-19 -9.852823e-01
    outer loop
      vertex   1.652522e+01 -8.901791e+01 -6.504884e-01
      vertex   1.659114e+01 -8.651583e+01 -6.619252e-01
      vertex   1.659114e+01 -8.847326e+01 -6.619252e-01
    endloop
  endfacet
  facet normal -3.826755e-01 0.000000e+00 -9.238828e-01
    outer loop
      vertex   1.659114e+01 -8.847326e+01 -6.619252e-01
      vertex   1.659114e+01 -8.651583e+01 -6.619252e-01
      vertex   1.667556e+01 -8.847326e+01 -6.968897e-01
    endloop
  endfacet
  facet normal -3.826755e-01 -0.000000e+00 -9.238828e-01
    outer loop
      vertex   1.659114e+01 -8.260099e+01 -6.619252e-01
      vertex   1.667556e+01 -8.455841e+01 -6.968897e-01
      vertex   1.659114e+01 -8.455841e+01 -6.619252e-01
    endloop
  endfacet
  facet normal -3.826755e-01 5.145231e-19 -9.238828e-01
    outer loop
      vertex   1.659114e+01 -8.455841e+01 -6.619252e-01
      vertex   1.667556e+01 -8.455841e+01 -6.968897e-01
      vertex   1.667556e+01 -8.651583e+01 -6.968897e-01
    endloop
  endfacet
  facet normal -3.826755e-01 -0.000000e+00 -9.238828e-01
    outer loop
      vertex   1.659114e+01 -8.455841e+01 -6.619252e-01
      vertex   1.667556e+01 -8.651583e+01 -6.968897e-01
      vertex   1.659114e+01 -8.651583e+01 -6.619252e-01
    endloop
  endfacet
  facet normal -3.826755e-01 5.145231e-19 -9.238828e-01
    outer loop
      vertex   1.659114e+01 -8.651583e+01 -6.619252e-01
      vertex   1.667556e+01 -8.651583e+01 -6.968897e-01
      vertex   1.667556e+01 -8.847326e+01 -6.968897e-01
    endloop
  endfacet
  facet normal -6.087553e-01 0.000000e+00 -7.933581e-01
    outer loop
      vertex   1.674805e+01 -6.889902e+01 -7.525108e-01
      vertex   1.667556e+01 -6.694159e+01 -6.968897e-01
      vertex   1.674805e+01 -6.694159e+01 -7.525108e-01
    endloop
  endfacet
  facet normal -6.087553e-01 9.009885e-20 -7.933581e-01
    outer loop
      vertex   1.674805e+01 -6.694159e+01 -7.525108e-01
      vertex   1.667556e+01 -6.694159e+01 -6.968897e-01
      vertex   1.667556e+01 -6.498417e+01 -6.968897e-01
    endloop
  endfacet
  facet normal -6.087553e-01 -0.000000e+00 -7.933581e-01
    outer loop
      vertex   1.667556e+01 -6.889902e+01 -6.968897e-01
      vertex   1.674805e+01 -7.085644e+01 -7.525108e-01
      vertex   1.667556e+01 -7.085644e+01 -6.968897e-01
    endloop
  endfacet
  facet normal -6.087553e-01 9.009885e-20 -7.933581e-01
    outer loop
      vertex   1.667556e+01 -7.085644e+01 -6.968897e-01
      vertex   1.674805e+01 -7.085644e+01 -7.525108e-01
      vertex   1.674805e+01 -7.281386e+01 -7.525108e-01
    endloop
  endfacet
  facet normal -6.087553e-01 -0.000000e+00 -7.933581e-01
    outer loop
      vertex   1.667556e+01 -7.085644e+01 -6.968897e-01
      vertex   1.674805e+01 -7.281386e+01 -7.525108e-01
      vertex   1.667556e+01 -7.281386e+01 -6.968897e-01
    endloop
  endfacet
  facet normal -6.087553e-01 9.009885e-20 -7.933581e-01
    outer loop
      vertex   1.667556e+01 -7.281386e+01 -6.968897e-01
      vertex   1.674805e+01 -7.281386e+01 -7.525108e-01
      vertex   1.674805e+01 -7.477129e+01 -7.525108e-01
    endloop
  endfacet
  facet normal -3.826755e-01 5.145231e-19 -9.238828e-01
    outer loop
      vertex   1.659114e+01 -7.672871e+01 -6.619252e-01
      vertex   1.667556e+01 -7.672871e+01 -6.968897e-01
      vertex   1.667556e+01 -7.868614e+01 -6.968897e-01
    endloop
  endfacet
  facet normal -6.087553e-01 0.000000e+00 -7.933581e-01
    outer loop
      vertex   1.667556e+01 -7.868614e+01 -6.968897e-01
      vertex   1.667556e+01 -7.672871e+01 -6.968897e-01
      vertex   1.674805e+01 -7.868614e+01 -7.525108e-01
    endloop
  endfacet
  facet normal -6.087553e-01 9.009885e-20 -7.933581e-01
    outer loop
      vertex   1.667556e+01 -7.868614e+01 -6.968897e-01
      vertex   1.674805e+01 -7.868614e+01 -7.525108e-01
      vertex   1.674805e+01 -8.064356e+01 -7.525108e-01
    endloop
  endfacet
  facet normal -7.933491e-01 0.000000e+00 -6.087669e-01
    outer loop
      vertex   1.674805e+01 -8.064356e+01 -7.525108e-01
      vertex   1.674805e+01 -7.868614e+01 -7.525108e-01
      vertex   1.680367e+01 -8.064356e+01 -8.249981e-01
    endloop
  endfacet
  facet normal -7.933491e-01 1.031968e-18 -6.087669e-01
    outer loop
      vertex   1.674805e+01 -8.064356e+01 -7.525108e-01
      vertex   1.680367e+01 -8.064356e+01 -8.249981e-01
      vertex   1.680367e+01 -8.260099e+01 -8.249981e-01
    endloop
  endfacet
  facet normal -9.238772e-01 0.000000e+00 -3.826891e-01
    outer loop
      vertex   1.680367e+01 -8.260099e+01 -8.249981e-01
      vertex   1.680367e+01 -8.064356e+01 -8.249981e-01
      vertex   1.683863e+01 -8.260099e+01 -9.094114e-01
    endloop
  endfacet
  facet normal -9.238772e-01 9.369811e-19 -3.826891e-01
    outer loop
      vertex   1.680367e+01 -8.260099e+01 -8.249981e-01
      vertex   1.683863e+01 -8.260099e+01 -9.094114e-01
      vertex   1.683863e+01 -8.455841e+01 -9.094114e-01
    endloop
  endfacet
  facet normal -9.914445e-01 0.000000e+00 -1.305290e-01
    outer loop
      vertex   1.683863e+01 -8.455841e+01 -9.094114e-01
      vertex   1.683863e+01 -8.260099e+01 -9.094114e-01
      vertex   1.685056e+01 -8.455841e+01 -1.000000e+00
    endloop
  endfacet
  facet normal -9.914445e-01 4.162163e-14 -1.305290e-01
    outer loop
      vertex   1.683863e+01 -8.455841e+01 -9.094114e-01
      vertex   1.685056e+01 -8.455841e+01 -1.000000e+00
      vertex   1.685056e+01 -8.651583e+01 -1.000000e+00
    endloop
  endfacet
  facet normal -9.914451e-01 -4.162048e-14 1.305242e-01
    outer loop
      vertex   1.685056e+01 -8.651583e+01 -1.000000e+00
      vertex   1.685056e+01 -8.455841e+01 -1.000000e+00
      vertex   1.683864e+01 -8.651583e+01 -1.090585e+00
    endloop
  endfacet
  facet normal -9.914451e-01 9.240100e-20 1.305242e-01
    outer loop
      vertex   1.685056e+01 -8.651583e+01 -1.000000e+00
      vertex   1.683864e+01 -8.651583e+01 -1.090585e+00
      vertex   1.683864e+01 -8.847326e+01 -1.090585e+00
    endloop
  endfacet
  facet normal -9.238809e-01 0.000000e+00 3.826800e-01
    outer loop
      vertex   1.683864e+01 -8.847326e+01 -1.090585e+00
      vertex   1.683864e+01 -8.651583e+01 -1.090585e+00
      vertex   1.680367e+01 -8.847326e+01 -1.174999e+00
    endloop
  endfacet
  facet normal -6.087553e-01 0.000000e+00 -7.933581e-01
    outer loop
      vertex   1.674805e+01 -7.868614e+01 -7.525108e-01
      vertex   1.667556e+01 -7.672871e+01 -6.968897e-01
      vertex   1.674805e+01 -7.672871e+01 -7.525108e-01
    endloop
  endfacet
  facet normal -6.087553e-01 0.000000e+00 -7.933581e-01
    outer loop
      vertex   1.674805e+01 -8.455841e+01 -7.525108e-01
      vertex   1.667556e+01 -8.260099e+01 -6.968897e-01
      vertex   1.674805e+01 -8.260099e+01 -7.525108e-01
    endloop
  endfacet
  facet normal -6.087553e-01 9.009885e-20 -7.933581e-01
    outer loop
      vertex   1.674805e+01 -8.260099e+01 -7.525108e-01
      vertex   1.667556e+01 -8.260099e+01 -6.968897e-01
      vertex   1.667556e+01 -8.064356e+01 -6.968897e-01
    endloop
  endfacet
  facet normal -6.087553e-01 9.009885e-20 -7.933581e-01
    outer loop
      vertex   1.674805e+01 -8.847326e+01 -7.525108e-01
      vertex   1.667556e+01 -8.847326e+01 -6.968897e-01
      vertex   1.667556e+01 -8.651583e+01 -6.968897e-01
    endloop
  endfacet
  facet normal -6.087553e-01 0.000000e+00 -7.933581e-01
    outer loop
      vertex   1.674805e+01 -8.847326e+01 -7.525108e-01
      vertex   1.667556e+01 -8.651583e+01 -6.968897e-01
      vertex   1.674805e+01 -8.651583e+01 -7.525108e-01
    endloop
  endfacet
  facet normal -6.087553e-01 9.009885e-20 -7.933581e-01
    outer loop
      vertex   1.674805e+01 -8.651583e+01 -7.525108e-01
      vertex   1.667556e+01 -8.651583e+01 -6.968897e-01
      vertex   1.667556e+01 -8.455841e+01 -6.968897e-01
    endloop
  endfacet
  facet normal -7.933491e-01 0.000000e+00 -6.087669e-01
    outer loop
      vertex   1.680367e+01 -7.085644e+01 -8.249981e-01
      vertex   1.674805e+01 -6.889902e+01 -7.525108e-01
      vertex   1.680367e+01 -6.889902e+01 -8.249981e-01
    endloop
  endfacet
  facet normal -7.933491e-01 1.031968e-18 -6.087669e-01
    outer loop
      vertex   1.680367e+01 -6.889902e+01 -8.249981e-01
      vertex   1.674805e+01 -6.889902e+01 -7.525108e-01
      vertex   1.674805e+01 -6.694159e+01 -7.525108e-01
    endloop
  endfacet
  facet normal -7.933491e-01 -0.000000e+00 -6.087669e-01
    outer loop
      vertex   1.674805e+01 -7.085644e+01 -7.525108e-01
      vertex   1.680367e+01 -7.281386e+01 -8.249981e-01
      vertex   1.674805e+01 -7.281386e+01 -7.525108e-01
    endloop
  endfacet
  facet normal -7.933491e-01 1.031968e-18 -6.087669e-01
    outer loop
      vertex   1.674805e+01 -7.281386e+01 -7.525108e-01
      vertex   1.680367e+01 -7.281386e+01 -8.249981e-01
      vertex   1.680367e+01 -7.477129e+01 -8.249981e-01
    endloop
  endfacet
  facet normal -7.933491e-01 -0.000000e+00 -6.087669e-01
    outer loop
      vertex   1.674805e+01 -7.281386e+01 -7.525108e-01
      vertex   1.680367e+01 -7.477129e+01 -8.249981e-01
      vertex   1.674805e+01 -7.477129e+01 -7.525108e-01
    endloop
  endfacet
  facet normal -7.933491e-01 1.031968e-18 -6.087669e-01
    outer loop
      vertex   1.674805e+01 -7.477129e+01 -7.525108e-01
      vertex   1.680367e+01 -7.477129e+01 -8.249981e-01
      vertex   1.680367e+01 -7.672871e+01 -8.249981e-01
    endloop
  endfacet
  facet normal -7.933491e-01 0.000000e+00 -6.087669e-01
    outer loop
      vertex   1.680367e+01 -8.064356e+01 -8.249981e-01
      vertex   1.674805e+01 -7.868614e+01 -7.525108e-01
      vertex   1.680367e+01 -7.868614e+01 -8.249981e-01
    endloop
  endfacet
  facet normal -7.933491e-01 1.031968e-18 -6.087669e-01
    outer loop
      vertex   1.680367e+01 -7.868614e+01 -8.249981e-01
      vertex   1.674805e+01 -7.868614e+01 -7.525108e-01
      vertex   1.674805e+01 -7.672871e+01 -7.525108e-01
    endloop
  endfacet
  facet normal -7.933491e-01 0.000000e+00 -6.087669e-01
    outer loop
      vertex   1.680367e+01 -8.651583e+01 -8.249981e-01
      vertex   1.674805e+01 -8.455841e+01 -7.525108e-01
      vertex   1.680367e+01 -8.455841e+01 -8.249981e-01
    endloop
  endfacet
  facet normal -7.933491e-01 1.031968e-18 -6.087669e-01
    outer loop
      vertex   1.680367e+01 -8.455841e+01 -8.249981e-01
      vertex   1.674805e+01 -8.455841e+01 -7.525108e-01
      vertex   1.674805e+01 -8.260099e+01 -7.525108e-01
    endloop
  endfacet
  facet normal -7.933491e-01 1.031968e-18 -6.087669e-01
    outer loop
      vertex   1.680367e+01 -8.847326e+01 -8.249981e-01
      vertex   1.674805e+01 -8.847326e+01 -7.525108e-01
      vertex   1.674805e+01 -8.651583e+01 -7.525108e-01
    endloop
  endfacet
  facet normal -9.238772e-01 0.000000e+00 -3.826891e-01
    outer loop
      vertex   1.683863e+01 -7.281386e+01 -9.094114e-01
      vertex   1.680367e+01 -7.085644e+01 -8.249981e-01
      vertex   1.683863e+01 -7.085644e+01 -9.094114e-01
    endloop
  endfacet
  facet normal -9.238772e-01 9.369811e-19 -3.826891e-01
    outer loop
      vertex   1.683863e+01 -7.085644e+01 -9.094114e-01
      vertex   1.680367e+01 -7.085644e+01 -8.249981e-01
      vertex   1.680367e+01 -6.889902e+01 -8.249981e-01
    endloop
  endfacet
  facet normal -9.238772e-01 -0.000000e+00 -3.826891e-01
    outer loop
      vertex   1.680367e+01 -7.281386e+01 -8.249981e-01
      vertex   1.683863e+01 -7.477129e+01 -9.094114e-01
      vertex   1.680367e+01 -7.477129e+01 -8.249981e-01
    endloop
  endfacet
  facet normal -9.238772e-01 9.369811e-19 -3.826891e-01
    outer loop
      vertex   1.680367e+01 -7.477129e+01 -8.249981e-01
      vertex   1.683863e+01 -7.477129e+01 -9.094114e-01
      vertex   1.683863e+01 -7.672871e+01 -9.094114e-01
    endloop
  endfacet
  facet normal -9.238772e-01 -0.000000e+00 -3.826891e-01
    outer loop
      vertex   1.680367e+01 -7.477129e+01 -8.249981e-01
      vertex   1.683863e+01 -7.672871e+01 -9.094114e-01
      vertex   1.680367e+01 -7.672871e+01 -8.249981e-01
    endloop
  endfacet
  facet normal -9.238772e-01 9.369811e-19 -3.826891e-01
    outer loop
      vertex   1.680367e+01 -7.672871e+01 -8.249981e-01
      vertex   1.683863e+01 -7.672871e+01 -9.094114e-01
      vertex   1.683863e+01 -7.868614e+01 -9.094114e-01
    endloop
  endfacet
  facet normal -9.238772e-01 0.000000e+00 -3.826891e-01
    outer loop
      vertex   1.683863e+01 -8.260099e+01 -9.094114e-01
      vertex   1.680367e+01 -8.064356e+01 -8.249981e-01
      vertex   1.683863e+01 -8.064356e+01 -9.094114e-01
    endloop
  endfacet
  facet normal -9.238772e-01 9.369811e-19 -3.826891e-01
    outer loop
      vertex   1.683863e+01 -8.064356e+01 -9.094114e-01
      vertex   1.680367e+01 -8.064356e+01 -8.249981e-01
      vertex   1.680367e+01 -7.868614e+01 -8.249981e-01
    endloop
  endfacet
  facet normal -9.238772e-01 0.000000e+00 -3.826891e-01
    outer loop
      vertex   1.683863e+01 -8.847326e+01 -9.094114e-01
      vertex   1.680367e+01 -8.651583e+01 -8.249981e-01
      vertex   1.683863e+01 -8.651583e+01 -9.094114e-01
    endloop
  endfacet
  facet normal -9.238772e-01 9.369811e-19 -3.826891e-01
    outer loop
      vertex   1.683863e+01 -8.651583e+01 -9.094114e-01
      vertex   1.680367e+01 -8.651583e+01 -8.249981e-01
      vertex   1.680367e+01 -8.455841e+01 -8.249981e-01
    endloop
  endfacet
  facet normal -9.238772e-01 9.369811e-19 -3.826891e-01
    outer loop
      vertex   1.680367e+01 -6.302674e+01 -8.249981e-01
      vertex   1.683863e+01 -6.302674e+01 -9.094114e-01
      vertex   1.683863e+01 -6.498417e+01 -9.094114e-01
    endloop
  endfacet
  facet normal -9.914445e-01 0.000000e+00 -1.305290e-01
    outer loop
      vertex   1.683863e+01 -6.498417e+01 -9.094114e-01
      vertex   1.683863e+01 -6.302674e+01 -9.094114e-01
      vertex   1.685056e+01 -6.498417e+01 -1.000000e+00
    endloop
  endfacet
  facet normal -9.914445e-01 4.162259e-14 -1.305290e-01
    outer loop
      vertex   1.683863e+01 -6.498417e+01 -9.094114e-01
      vertex   1.685056e+01 -6.498417e+01 -1.000000e+00
      vertex   1.685056e+01 -6.694159e+01 -1.000000e+00
    endloop
  endfacet
  facet normal -9.914451e-01 -4.162048e-14 1.305242e-01
    outer loop
      vertex   1.685056e+01 -6.694159e+01 -1.000000e+00
      vertex   1.685056e+01 -6.498417e+01 -1.000000e+00
      vertex   1.683864e+01 -6.694159e+01 -1.090585e+00
    endloop
  endfacet
  facet normal -9.914451e-01 4.367534e-19 1.305242e-01
    outer loop
      vertex   1.685056e+01 -6.694159e+01 -1.000000e+00
      vertex   1.683864e+01 -6.694159e+01 -1.090585e+00
      vertex   1.683864e+01 -6.889902e+01 -1.090585e+00
    endloop
  endfacet
  facet normal -9.238809e-01 0.000000e+00 3.826800e-01
    outer loop
      vertex   1.683864e+01 -6.889902e+01 -1.090585e+00
      vertex   1.683864e+01 -6.694159e+01 -1.090585e+00
      vertex   1.680367e+01 -6.889902e+01 -1.174999e+00
    endloop
  endfacet
  facet normal -9.238809e-01 -2.909928e-19 3.826800e-01
    outer loop
      vertex   1.683864e+01 -6.889902e+01 -1.090585e+00
      vertex   1.680367e+01 -6.889902e+01 -1.174999e+00
      vertex   1.680367e+01 -7.085644e+01 -1.174999e+00
    endloop
  endfacet
  facet normal -7.933551e-01 0.000000e+00 6.087592e-01
    outer loop
      vertex   1.680367e+01 -7.085644e+01 -1.174999e+00
      vertex   1.680367e+01 -6.889902e+01 -1.174999e+00
      vertex   1.674805e+01 -7.085644e+01 -1.247487e+00
    endloop
  endfacet
  facet normal -7.933551e-01 -1.771533e-18 6.087592e-01
    outer loop
      vertex   1.680367e+01 -7.085644e+01 -1.174999e+00
      vertex   1.674805e+01 -7.085644e+01 -1.247487e+00
      vertex   1.674805e+01 -7.281386e+01 -1.247487e+00
    endloop
  endfacet
  facet normal -6.087630e-01 0.000000e+00 7.933521e-01
    outer loop
      vertex   1.674805e+01 -7.281386e+01 -1.247487e+00
      vertex   1.674805e+01 -7.085644e+01 -1.247487e+00
      vertex   1.667556e+01 -7.281386e+01 -1.303109e+00
    endloop
  endfacet
  facet normal -6.087630e-01 -2.233262e-18 7.933521e-01
    outer loop
      vertex   1.674805e+01 -7.281386e+01 -1.247487e+00
      vertex   1.667556e+01 -7.281386e+01 -1.303109e+00
      vertex   1.667556e+01 -7.477129e+01 -1.303109e+00
    endloop
  endfacet
  facet normal -3.826846e-01 0.000000e+00 9.238791e-01
    outer loop
      vertex   1.667556e+01 -7.477129e+01 -1.303109e+00
      vertex   1.667556e+01 -7.281386e+01 -1.303109e+00
      vertex   1.659115e+01 -7.477129e+01 -1.338074e+00
    endloop
  endfacet
  facet normal -3.826846e-01 -1.121114e-18 9.238791e-01
    outer loop
      vertex   1.667556e+01 -7.477129e+01 -1.303109e+00
      vertex   1.659115e+01 -7.477129e+01 -1.338074e+00
      vertex   1.659115e+01 -7.672871e+01 -1.338074e+00
    endloop
  endfacet
  facet normal -1.305266e-01 0.000000e+00 9.914448e-01
    outer loop
      vertex   1.659115e+01 -7.672871e+01 -1.338074e+00
      vertex   1.659115e+01 -7.477129e+01 -1.338074e+00
      vertex   1.650056e+01 -8.850000e+01 -1.350000e+00
    endloop
  endfacet
  facet normal -9.914445e-01 4.162203e-14 -1.305290e-01
    outer loop
      vertex   1.685056e+01 -7.477129e+01 -1.000000e+00
      vertex   1.683863e+01 -7.281386e+01 -9.094114e-01
      vertex   1.685056e+01 -7.281386e+01 -1.000000e+00
    endloop
  endfacet
  facet normal -9.914445e-01 5.330649e-19 -1.305290e-01
    outer loop
      vertex   1.685056e+01 -7.281386e+01 -1.000000e+00
      vertex   1.683863e+01 -7.281386e+01 -9.094114e-01
      vertex   1.683863e+01 -7.085644e+01 -9.094114e-01
    endloop
  endfacet
  facet normal -9.914445e-01 -0.000000e+00 -1.305290e-01
    outer loop
      vertex   1.683863e+01 -7.477129e+01 -9.094114e-01
      vertex   1.685056e+01 -7.672871e+01 -1.000000e+00
      vertex   1.683863e+01 -7.672871e+01 -9.094114e-01
    endloop
  endfacet
  facet normal -9.914445e-01 4.162158e-14 -1.305290e-01
    outer loop
      vertex   1.683863e+01 -7.672871e+01 -9.094114e-01
      vertex   1.685056e+01 -7.672871e+01 -1.000000e+00
      vertex   1.685056e+01 -7.868614e+01 -1.000000e+00
    endloop
  endfacet
  facet normal -9.914445e-01 -0.000000e+00 -1.305290e-01
    outer loop
      vertex   1.683863e+01 -7.672871e+01 -9.094114e-01
      vertex   1.685056e+01 -7.868614e+01 -1.000000e+00
      vertex   1.683863e+01 -7.868614e+01 -9.094114e-01
    endloop
  endfacet
  facet normal -9.914445e-01 4.162165e-14 -1.305290e-01
    outer loop
      vertex   1.683863e+01 -7.868614e+01 -9.094114e-01
      vertex   1.685056e+01 -7.868614e+01 -1.000000e+00
      vertex   1.685056e+01 -8.064356e+01 -1.000000e+00
    endloop
  endfacet
  facet normal -9.914445e-01 4.163683e-14 -1.305290e-01
    outer loop
      vertex   1.685056e+01 -8.455841e+01 -1.000000e+00
      vertex   1.683863e+01 -8.260099e+01 -9.094114e-01
      vertex   1.685056e+01 -8.260099e+01 -1.000000e+00
    endloop
  endfacet
  facet normal -9.914445e-01 -2.959259e-19 -1.305290e-01
    outer loop
      vertex   1.685056e+01 -8.260099e+01 -1.000000e+00
      vertex   1.683863e+01 -8.260099e+01 -9.094114e-01
      vertex   1.683863e+01 -8.064356e+01 -9.094114e-01
    endloop
  endfacet
  facet normal -9.914445e-01 -3.237692e-19 -1.305290e-01
    outer loop
      vertex   1.685056e+01 -8.847326e+01 -1.000000e+00
      vertex   1.683863e+01 -8.847326e+01 -9.094114e-01
      vertex   1.683863e+01 -8.651583e+01 -9.094114e-01
    endloop
  endfacet
  facet normal -9.914451e-01 0.000000e+00 1.305242e-01
    outer loop
      vertex   1.683864e+01 -7.672871e+01 -1.090585e+00
      vertex   1.685056e+01 -7.477129e+01 -1.000000e+00
      vertex   1.683864e+01 -7.477129e+01 -1.090585e+00
    endloop
  endfacet
  facet normal -9.914451e-01 -4.162049e-14 1.305242e-01
    outer loop
      vertex   1.683864e+01 -7.477129e+01 -1.090585e+00
      vertex   1.685056e+01 -7.477129e+01 -1.000000e+00
      vertex   1.685056e+01 -7.281386e+01 -1.000000e+00
    endloop
  endfacet
  facet normal -9.914451e-01 -4.162048e-14 1.305242e-01
    outer loop
      vertex   1.685056e+01 -7.672871e+01 -1.000000e+00
      vertex   1.683864e+01 -7.868614e+01 -1.090585e+00
      vertex   1.685056e+01 -7.868614e+01 -1.000000e+00
    endloop
  endfacet
  facet normal -9.914451e-01 -2.034797e-19 1.305242e-01
    outer loop
      vertex   1.685056e+01 -7.868614e+01 -1.000000e+00
      vertex   1.683864e+01 -7.868614e+01 -1.090585e+00
      vertex   1.683864e+01 -8.064356e+01 -1.090585e+00
    endloop
  endfacet
  facet normal -9.914451e-01 -4.162048e-14 1.305242e-01
    outer loop
      vertex   1.685056e+01 -7.868614e+01 -1.000000e+00
      vertex   1.683864e+01 -8.064356e+01 -1.090585e+00
      vertex   1.685056e+01 -8.064356e+01 -1.000000e+00
    endloop
  endfacet
  facet normal -9.914451e-01 5.409203e-19 1.305242e-01
    outer loop
      vertex   1.685056e+01 -8.064356e+01 -1.000000e+00
      vertex   1.683864e+01 -8.064356e+01 -1.090585e+00
      vertex   1.683864e+01 -8.260099e+01 -1.090585e+00
    endloop
  endfacet
  facet normal -9.914451e-01 0.000000e+00 1.305242e-01
    outer loop
      vertex   1.683864e+01 -8.651583e+01 -1.090585e+00
      vertex   1.685056e+01 -8.455841e+01 -1.000000e+00
      vertex   1.683864e+01 -8.455841e+01 -1.090585e+00
    endloop
  endfacet
  facet normal -9.914451e-01 -4.163521e-14 1.305242e-01
    outer loop
      vertex   1.683864e+01 -8.455841e+01 -1.090585e+00
      vertex   1.685056e+01 -8.455841e+01 -1.000000e+00
      vertex   1.685056e+01 -8.260099e+01 -1.000000e+00
    endloop
  endfacet
  facet normal -9.914451e-01 1.604104e-19 1.305242e-01
    outer loop
      vertex   1.685056e+01 -6.302674e+01 -1.000000e+00
      vertex   1.683864e+01 -6.302674e+01 -1.090585e+00
      vertex   1.683864e+01 -6.498417e+01 -1.090585e+00
    endloop
  endfacet
  facet normal -9.238809e-01 0.000000e+00 3.826800e-01
    outer loop
      vertex   1.683864e+01 -6.498417e+01 -1.090585e+00
      vertex   1.683864e+01 -6.302674e+01 -1.090585e+00
      vertex   1.680367e+01 -6.498417e+01 -1.174999e+00
    endloop
  endfacet
  facet normal -9.238809e-01 -2.909928e-19 3.826800e-01
    outer loop
      vertex   1.683864e+01 -6.498417e+01 -1.090585e+00
      vertex   1.680367e+01 -6.498417e+01 -1.174999e+00
      vertex   1.680367e+01 -6.694159e+01 -1.174999e+00
    endloop
  endfacet
  facet normal -7.933551e-01 0.000000e+00 6.087592e-01
    outer loop
      vertex   1.680367e+01 -6.694159e+01 -1.174999e+00
      vertex   1.680367e+01 -6.498417e+01 -1.174999e+00
      vertex   1.674805e+01 -6.694159e+01 -1.247487e+00
    endloop
  endfacet
  facet normal -7.933551e-01 -1.771533e-18 6.087592e-01
    outer loop
      vertex   1.680367e+01 -6.694159e+01 -1.174999e+00
      vertex   1.674805e+01 -6.694159e+01 -1.247487e+00
      vertex   1.674805e+01 -6.889902e+01 -1.247487e+00
    endloop
  endfacet
  facet normal -6.087630e-01 0.000000e+00 7.933521e-01
    outer loop
      vertex   1.674805e+01 -6.889902e+01 -1.247487e+00
      vertex   1.674805e+01 -6.694159e+01 -1.247487e+00
      vertex   1.667556e+01 -6.889902e+01 -1.303109e+00
    endloop
  endfacet
  facet normal -6.087630e-01 -2.233262e-18 7.933521e-01
    outer loop
      vertex   1.674805e+01 -6.889902e+01 -1.247487e+00
      vertex   1.667556e+01 -6.889902e+01 -1.303109e+00
      vertex   1.667556e+01 -7.085644e+01 -1.303109e+00
    endloop
  endfacet
  facet normal -3.826846e-01 0.000000e+00 9.238791e-01
    outer loop
      vertex   1.667556e+01 -7.085644e+01 -1.303109e+00
      vertex   1.667556e+01 -6.889902e+01 -1.303109e+00
      vertex   1.659115e+01 -7.085644e+01 -1.338074e+00
    endloop
  endfacet
  facet normal -3.826846e-01 -1.121114e-18 9.238791e-01
    outer loop
      vertex   1.667556e+01 -7.085644e+01 -1.303109e+00
      vertex   1.659115e+01 -7.085644e+01 -1.338074e+00
      vertex   1.659115e+01 -7.281386e+01 -1.338074e+00
    endloop
  endfacet
  facet normal -9.238809e-01 0.000000e+00 3.826800e-01
    outer loop
      vertex   1.680367e+01 -7.868614e+01 -1.174999e+00
      vertex   1.683864e+01 -7.672871e+01 -1.090585e+00
      vertex   1.680367e+01 -7.672871e+01 -1.174999e+00
    endloop
  endfacet
  facet normal -9.238809e-01 -2.909928e-19 3.826800e-01
    outer loop
      vertex   1.680367e+01 -7.672871e+01 -1.174999e+00
      vertex   1.683864e+01 -7.672871e+01 -1.090585e+00
      vertex   1.683864e+01 -7.477129e+01 -1.090585e+00
    endloop
  endfacet
  facet normal -9.238809e-01 0.000000e+00 3.826800e-01
    outer loop
      vertex   1.683864e+01 -7.868614e+01 -1.090585e+00
      vertex   1.680367e+01 -8.064356e+01 -1.174999e+00
      vertex   1.683864e+01 -8.064356e+01 -1.090585e+00
    endloop
  endfacet
  facet normal -9.238809e-01 -2.909928e-19 3.826800e-01
    outer loop
      vertex   1.683864e+01 -8.064356e+01 -1.090585e+00
      vertex   1.680367e+01 -8.064356e+01 -1.174999e+00
      vertex   1.680367e+01 -8.260099e+01 -1.174999e+00
    endloop
  endfacet
  facet normal -9.238809e-01 0.000000e+00 3.826800e-01
    outer loop
      vertex   1.683864e+01 -8.064356e+01 -1.090585e+00
      vertex   1.680367e+01 -8.260099e+01 -1.174999e+00
      vertex   1.683864e+01 -8.260099e+01 -1.090585e+00
    endloop
  endfacet
  facet normal -9.238809e-01 -2.909928e-19 3.826800e-01
    outer loop
      vertex   1.683864e+01 -8.260099e+01 -1.090585e+00
      vertex   1.680367e+01 -8.260099e+01 -1.174999e+00
      vertex   1.680367e+01 -8.455841e+01 -1.174999e+00
    endloop
  endfacet
  facet normal -9.238809e-01 0.000000e+00 3.826800e-01
    outer loop
      vertex   1.680367e+01 -8.847326e+01 -1.174999e+00
      vertex   1.683864e+01 -8.651583e+01 -1.090585e+00
      vertex   1.680367e+01 -8.651583e+01 -1.174999e+00
    endloop
  endfacet
  facet normal -9.238809e-01 -2.909928e-19 3.826800e-01
    outer loop
      vertex   1.680367e+01 -8.651583e+01 -1.174999e+00
      vertex   1.683864e+01 -8.651583e+01 -1.090585e+00
      vertex   1.683864e+01 -8.455841e+01 -1.090585e+00
    endloop
  endfacet
  facet normal -7.933551e-01 0.000000e+00 6.087592e-01
    outer loop
      vertex   1.674805e+01 -8.064356e+01 -1.247487e+00
      vertex   1.680367e+01 -7.868614e+01 -1.174999e+00
      vertex   1.674805e+01 -7.868614e+01 -1.247487e+00
    endloop
  endfacet
  facet normal -7.933551e-01 -1.771533e-18 6.087592e-01
    outer loop
      vertex   1.674805e+01 -7.868614e+01 -1.247487e+00
      vertex   1.680367e+01 -7.868614e+01 -1.174999e+00
      vertex   1.680367e+01 -7.672871e+01 -1.174999e+00
    endloop
  endfacet
  facet normal -7.933551e-01 0.000000e+00 6.087592e-01
    outer loop
      vertex   1.680367e+01 -8.064356e+01 -1.174999e+00
      vertex   1.674805e+01 -8.260099e+01 -1.247487e+00
      vertex   1.680367e+01 -8.260099e+01 -1.174999e+00
    endloop
  endfacet
  facet normal -7.933551e-01 -1.771533e-18 6.087592e-01
    outer loop
      vertex   1.680367e+01 -8.260099e+01 -1.174999e+00
      vertex   1.674805e+01 -8.260099e+01 -1.247487e+00
      vertex   1.674805e+01 -8.455841e+01 -1.247487e+00
    endloop
  endfacet
  facet normal -7.933551e-01 0.000000e+00 6.087592e-01
    outer loop
      vertex   1.680367e+01 -8.260099e+01 -1.174999e+00
      vertex   1.674805e+01 -8.455841e+01 -1.247487e+00
      vertex   1.680367e+01 -8.455841e+01 -1.174999e+00
    endloop
  endfacet
  facet normal -7.933551e-01 -1.771533e-18 6.087592e-01
    outer loop
      vertex   1.680367e+01 -8.455841e+01 -1.174999e+00
      vertex   1.674805e+01 -8.455841e+01 -1.247487e+00
      vertex   1.674805e+01 -8.651583e+01 -1.247487e+00
    endloop
  endfacet
  facet normal -7.933551e-01 -1.771533e-18 6.087592e-01
    outer loop
      vertex   1.674805e+01 -8.847326e+01 -1.247487e+00
      vertex   1.680367e+01 -8.847326e+01 -1.174999e+00
      vertex   1.680367e+01 -8.651583e+01 -1.174999e+00
    endloop
  endfacet
  facet normal -6.087630e-01 0.000000e+00 7.933521e-01
    outer loop
      vertex   1.667556e+01 -8.260099e+01 -1.303109e+00
      vertex   1.674805e+01 -8.064356e+01 -1.247487e+00
      vertex   1.667556e+01 -8.064356e+01 -1.303109e+00
    endloop
  endfacet
  facet normal -6.087630e-01 -2.233262e-18 7.933521e-01
    outer loop
      vertex   1.667556e+01 -8.064356e+01 -1.303109e+00
      vertex   1.674805e+01 -8.064356e+01 -1.247487e+00
      vertex   1.674805e+01 -7.868614e+01 -1.247487e+00
    endloop
  endfacet
  facet normal -6.087630e-01 0.000000e+00 7.933521e-01
    outer loop
      vertex   1.674805e+01 -8.260099e+01 -1.247487e+00
      vertex   1.667556e+01 -8.455841e+01 -1.303109e+00
      vertex   1.674805e+01 -8.455841e+01 -1.247487e+00
    endloop
  endfacet
  facet normal -6.087630e-01 -2.233262e-18 7.933521e-01
    outer loop
      vertex   1.674805e+01 -8.455841e+01 -1.247487e+00
      vertex   1.667556e+01 -8.455841e+01 -1.303109e+00
      vertex   1.667556e+01 -8.651583e+01 -1.303109e+00
    endloop
  endfacet
  facet normal -6.087630e-01 0.000000e+00 7.933521e-01
    outer loop
      vertex   1.674805e+01 -8.455841e+01 -1.247487e+00
      vertex   1.667556e+01 -8.651583e+01 -1.303109e+00
      vertex   1.674805e+01 -8.651583e+01 -1.247487e+00
    endloop
  endfacet
  facet normal -6.087630e-01 -2.233262e-18 7.933521e-01
    outer loop
      vertex   1.674805e+01 -8.651583e+01 -1.247487e+00
      vertex   1.667556e+01 -8.651583e+01 -1.303109e+00
      vertex   1.667556e+01 -8.847326e+01 -1.303109e+00
    endloop
  endfacet
  facet normal -3.826846e-01 0.000000e+00 9.238791e-01
    outer loop
      vertex   1.659115e+01 -6.302674e+01 -1.338074e+00
      vertex   1.659115e+01 -6.498417e+01 -1.338074e+00
      vertex   1.667556e+01 -6.302674e+01 -1.303109e+00
    endloop
  endfacet
  facet normal -3.826846e-01 0.000000e+00 9.238791e-01
    outer loop
      vertex   1.659115e+01 -8.455841e+01 -1.338074e+00
      vertex   1.667556e+01 -8.260099e+01 -1.303109e+00
      vertex   1.659115e+01 -8.260099e+01 -1.338074e+00
    endloop
  endfacet
  facet normal -3.826846e-01 -1.121114e-18 9.238791e-01
    outer loop
      vertex   1.659115e+01 -8.260099e+01 -1.338074e+00
      vertex   1.667556e+01 -8.260099e+01 -1.303109e+00
      vertex   1.667556e+01 -8.064356e+01 -1.303109e+00
    endloop
  endfacet
  facet normal -3.826846e-01 -1.121114e-18 9.238791e-01
    outer loop
      vertex   1.659115e+01 -8.847326e+01 -1.338074e+00
      vertex   1.667556e+01 -8.847326e+01 -1.303109e+00
      vertex   1.667556e+01 -8.651583e+01 -1.303109e+00
    endloop
  endfacet
  facet normal -3.826846e-01 0.000000e+00 9.238791e-01
    outer loop
      vertex   1.659115e+01 -8.847326e+01 -1.338074e+00
      vertex   1.667556e+01 -8.651583e+01 -1.303109e+00
      vertex   1.659115e+01 -8.651583e+01 -1.338074e+00
    endloop
  endfacet
  facet normal -3.826846e-01 -1.121114e-18 9.238791e-01
    outer loop
      vertex   1.659115e+01 -8.651583e+01 -1.338074e+00
      vertex   1.667556e+01 -8.651583e+01 -1.303109e+00
      vertex   1.667556e+01 -8.455841e+01 -1.303109e+00
    endloop
  endfacet
  facet normal -1.000000e+00 0.000000e+00 5.266426e-06
    outer loop
      vertex   1.650056e+01 -8.850000e+01 -1.350000e+00
      vertex   1.650056e+01 -6.300000e+01 -1.350000e+00
      vertex   1.650056e+01 -8.850000e+01 -2.000000e+00
    endloop
  endfacet
  facet normal -1.000000e+00 3.868964e-08 3.748602e-06
    outer loop
      vertex   1.650056e+01 -8.850000e+01 -2.000000e+00
      vertex   1.650056e+01 -6.300000e+01 -1.350000e+00
      vertex   1.650056e+01 -6.300000e+01 -2.000000e+00
    endloop
  endfacet
  facet normal -1.000000e+00 3.868966e-08 -4.289491e-10
    outer loop
      vertex   1.650056e+01 -6.300000e+01 -6.500000e-01
      vertex   1.650056e+01 -8.850000e+01 -6.500000e-01
      vertex   1.650056e+01 -6.300000e+01 9.392932e-08
    endloop
  endfacet
  facet normal -1.000000e+00 3.868966e-08 -4.289546e-10
    outer loop
      vertex   1.650056e+01 -6.300000e+01 9.392932e-08
      vertex   1.650056e+01 -8.850000e+01 -6.500000e-01
      vertex   1.650056e+01 -8.850000e+01 -3.460937e-08
    endloop
  endfacet
  facet normal 7.170228e-09 -1.305304e-01 -9.914443e-01
    outer loop
      vertex   2.200056e+01 -9.400000e+01 -6.500000e-01
      vertex   3.350056e+01 -9.390941e+01 -6.619263e-01
      vertex   4.500056e+01 -9.400000e+01 -6.500000e-01
    endloop
  endfacet
  facet normal -3.954120e-19 -1.305313e-01 -9.914442e-01
    outer loop
      vertex   4.500056e+01 -9.400000e+01 -6.500000e-01
      vertex   3.350056e+01 -9.390941e+01 -6.619263e-01
      vertex   3.541922e+01 -9.390941e+01 -6.619263e-01
    endloop
  endfacet
  facet normal -3.954120e-19 -1.305313e-01 -9.914442e-01
    outer loop
      vertex   4.500056e+01 -9.400000e+01 -6.500000e-01
      vertex   3.541922e+01 -9.390941e+01 -6.619263e-01
      vertex   3.733789e+01 -9.390941e+01 -6.619263e-01
    endloop
  endfacet
  facet normal -0.000000e+00 -3.826862e-01 -9.238784e-01
    outer loop
      vertex   3.733789e+01 -9.390941e+01 -6.619263e-01
      vertex   3.541922e+01 -9.390941e+01 -6.619263e-01
      vertex   3.733789e+01 -9.382500e+01 -6.968916e-01
    endloop
  endfacet
  facet normal -6.859908e-19 -3.826862e-01 -9.238784e-01
    outer loop
      vertex   3.733789e+01 -9.390941e+01 -6.619263e-01
      vertex   3.733789e+01 -9.382500e+01 -6.968916e-01
      vertex   3.925656e+01 -9.382500e+01 -6.968916e-01
    endloop
  endfacet
  facet normal -0.000000e+00 -6.087636e-01 -7.933517e-01
    outer loop
      vertex   3.925656e+01 -9.382500e+01 -6.968916e-01
      vertex   3.733789e+01 -9.382500e+01 -6.968916e-01
      vertex   3.925656e+01 -9.375251e+01 -7.525133e-01
    endloop
  endfacet
  facet normal 3.615178e-20 -6.087636e-01 -7.933517e-01
    outer loop
      vertex   3.925656e+01 -9.382500e+01 -6.968916e-01
      vertex   3.925656e+01 -9.375251e+01 -7.525133e-01
      vertex   4.117523e+01 -9.375251e+01 -7.525133e-01
    endloop
  endfacet
  facet normal -0.000000e+00 -7.933548e-01 -6.087595e-01
    outer loop
      vertex   4.117523e+01 -9.375251e+01 -7.525133e-01
      vertex   3.925656e+01 -9.375251e+01 -7.525133e-01
      vertex   4.117523e+01 -9.369689e+01 -8.250007e-01
    endloop
  endfacet
  facet normal -7.035554e-19 -7.933548e-01 -6.087595e-01
    outer loop
      vertex   4.117523e+01 -9.375251e+01 -7.525133e-01
      vertex   4.117523e+01 -9.369689e+01 -8.250007e-01
      vertex   4.309389e+01 -9.369689e+01 -8.250007e-01
    endloop
  endfacet
  facet normal -0.000000e+00 -9.234464e-01 -3.837274e-01
    outer loop
      vertex   4.309389e+01 -9.369689e+01 -8.250007e-01
      vertex   4.117523e+01 -9.369689e+01 -8.250007e-01
      vertex   4.117523e+01 -9.366213e+01 -9.086486e-01
    endloop
  endfacet
  facet normal -8.766297e-10 -9.234464e-01 -3.837274e-01
    outer loop
      vertex   4.309389e+01 -9.369689e+01 -8.250007e-01
      vertex   4.117523e+01 -9.366213e+01 -9.086486e-01
      vertex   4.309389e+01 -9.366213e+01 -9.086486e-01
    endloop
  endfacet
  facet normal 8.918359e-10 -9.912965e-01 -1.316478e-01
    outer loop
      vertex   4.309389e+01 -9.366213e+01 -9.086486e-01
      vertex   4.117523e+01 -9.366213e+01 -9.086486e-01
      vertex   4.117523e+01 -9.365000e+01 -1.000000e+00
    endloop
  endfacet
  facet normal 6.358652e-13 -9.912965e-01 -1.316478e-01
    outer loop
      vertex   4.309389e+01 -9.366213e+01 -9.086486e-01
      vertex   4.117523e+01 -9.365000e+01 -1.000000e+00
      vertex   4.309389e+01 -9.365000e+01 -1.000000e+00
    endloop
  endfacet
  facet normal -6.358653e-13 -9.912965e-01 1.316478e-01
    outer loop
      vertex   4.309389e+01 -9.365000e+01 -1.000000e+00
      vertex   4.117523e+01 -9.365000e+01 -1.000000e+00
      vertex   4.309389e+01 -9.366213e+01 -1.091351e+00
    endloop
  endfacet
  facet normal 8.927161e-10 -9.912965e-01 1.316478e-01
    outer loop
      vertex   4.309389e+01 -9.365000e+01 -1.000000e+00
      vertex   4.309389e+01 -9.366213e+01 -1.091351e+00
      vertex   4.501256e+01 -9.366213e+01 -1.091351e+00
    endloop
  endfacet
  facet normal -8.774979e-10 -9.234458e-01 3.837290e-01
    outer loop
      vertex   4.501256e+01 -9.366213e+01 -1.091351e+00
      vertex   4.309389e+01 -9.366213e+01 -1.091351e+00
      vertex   4.501256e+01 -9.369689e+01 -1.175000e+00
    endloop
  endfacet
  facet normal 1.244537e-03 -9.234450e-01 3.837287e-01
    outer loop
      vertex   4.501256e+01 -9.366213e+01 -1.091351e+00
      vertex   4.501256e+01 -9.369689e+01 -1.175000e+00
      vertex   4.687742e+01 -9.366983e+01 -1.115928e+00
    endloop
  endfacet
  facet normal 9.637314e-04 -9.203212e-01 3.911624e-01
    outer loop
      vertex   4.687742e+01 -9.366983e+01 -1.115928e+00
      vertex   4.501256e+01 -9.369689e+01 -1.175000e+00
      vertex   4.682688e+01 -9.368791e+01 -1.158335e+00
    endloop
  endfacet
  facet normal -2.517669e-04 -8.685586e-01 4.955865e-01
    outer loop
      vertex   4.682688e+01 -9.368791e+01 -1.158335e+00
      vertex   4.501256e+01 -9.369689e+01 -1.175000e+00
      vertex   4.677412e+01 -9.370619e+01 -1.190406e+00
    endloop
  endfacet
  facet normal 1.135128e-03 -7.933522e-01 6.087618e-01
    outer loop
      vertex   4.677412e+01 -9.370619e+01 -1.190406e+00
      vertex   4.501256e+01 -9.369689e+01 -1.175000e+00
      vertex   4.501256e+01 -9.375252e+01 -1.247488e+00
    endloop
  endfacet
  facet normal -1.745708e-03 -7.494595e-01 6.620479e-01
    outer loop
      vertex   4.677412e+01 -9.370619e+01 -1.190406e+00
      vertex   4.501256e+01 -9.375252e+01 -1.247488e+00
      vertex   4.655041e+01 -9.377708e+01 -1.271245e+00
    endloop
  endfacet
  facet normal 2.530506e-03 -6.087589e-01 7.933512e-01
    outer loop
      vertex   4.655041e+01 -9.377708e+01 -1.271245e+00
      vertex   4.501256e+01 -9.375252e+01 -1.247488e+00
      vertex   4.501256e+01 -9.382500e+01 -1.303109e+00
    endloop
  endfacet
  facet normal -9.544669e-04 -5.322964e-01 8.465575e-01
    outer loop
      vertex   4.655041e+01 -9.377708e+01 -1.271245e+00
      vertex   4.501256e+01 -9.382500e+01 -1.303109e+00
      vertex   4.630884e+01 -9.384213e+01 -1.312416e+00
    endloop
  endfacet
  facet normal 1.635870e-03 -3.790602e-01 9.253706e-01
    outer loop
      vertex   4.630884e+01 -9.384213e+01 -1.312416e+00
      vertex   4.501256e+01 -9.382500e+01 -1.303109e+00
      vertex   4.605463e+01 -9.389804e+01 -1.334869e+00
    endloop
  endfacet
  facet normal 1.336513e-03 -3.826827e-01 9.238789e-01
    outer loop
      vertex   4.605463e+01 -9.389804e+01 -1.334869e+00
      vertex   4.501256e+01 -9.382500e+01 -1.303109e+00
      vertex   4.501256e+01 -9.390942e+01 -1.338074e+00
    endloop
  endfacet
  facet normal -1.017073e-03 -1.837461e-01 9.829732e-01
    outer loop
      vertex   4.605463e+01 -9.389804e+01 -1.334869e+00
      vertex   4.501256e+01 -9.390942e+01 -1.338074e+00
      vertex   4.552467e+01 -9.397462e+01 -1.349732e+00
    endloop
  endfacet
  facet normal 5.852095e-03 -1.312858e-01 9.913273e-01
    outer loop
      vertex   4.552467e+01 -9.397462e+01 -1.349732e+00
      vertex   4.501256e+01 -9.390942e+01 -1.338074e+00
      vertex   4.500056e+01 -9.400000e+01 -1.350000e+00
    endloop
  endfacet
  facet normal -1.291392e-19 -1.305260e-01 9.914449e-01
    outer loop
      vertex   4.500056e+01 -9.400000e+01 -1.350000e+00
      vertex   4.501256e+01 -9.390942e+01 -1.338074e+00
      vertex   4.309389e+01 -9.390942e+01 -1.338074e+00
    endloop
  endfacet
  facet normal -1.291392e-19 -1.305260e-01 9.914449e-01
    outer loop
      vertex   4.500056e+01 -9.400000e+01 -1.350000e+00
      vertex   4.309389e+01 -9.390942e+01 -1.338074e+00
      vertex   4.117523e+01 -9.390942e+01 -1.338074e+00
    endloop
  endfacet
  facet normal 0.000000e+00 -3.826830e-01 9.238797e-01
    outer loop
      vertex   4.117523e+01 -9.390942e+01 -1.338074e+00
      vertex   4.309389e+01 -9.390942e+01 -1.338074e+00
      vertex   4.117523e+01 -9.382500e+01 -1.303109e+00
    endloop
  endfacet
  facet normal -7.408679e-19 -3.826830e-01 9.238797e-01
    outer loop
      vertex   4.117523e+01 -9.390942e+01 -1.338074e+00
      vertex   4.117523e+01 -9.382500e+01 -1.303109e+00
      vertex   3.925656e+01 -9.382500e+01 -1.303109e+00
    endloop
  endfacet
  facet normal 0.000000e+00 -6.087609e-01 7.933538e-01
    outer loop
      vertex   3.925656e+01 -9.382500e+01 -1.303109e+00
      vertex   4.117523e+01 -9.382500e+01 -1.303109e+00
      vertex   3.925656e+01 -9.375252e+01 -1.247488e+00
    endloop
  endfacet
  facet normal 7.519070e-19 -6.087609e-01 7.933538e-01
    outer loop
      vertex   3.925656e+01 -9.382500e+01 -1.303109e+00
      vertex   3.925656e+01 -9.375252e+01 -1.247488e+00
      vertex   3.733789e+01 -9.375252e+01 -1.247488e+00
    endloop
  endfacet
  facet normal 0.000000e+00 -7.933527e-01 6.087622e-01
    outer loop
      vertex   3.733789e+01 -9.375252e+01 -1.247488e+00
      vertex   3.925656e+01 -9.375252e+01 -1.247488e+00
      vertex   3.733789e+01 -9.369689e+01 -1.175000e+00
    endloop
  endfacet
  facet normal -2.015652e-18 -7.933527e-01 6.087622e-01
    outer loop
      vertex   3.733789e+01 -9.375252e+01 -1.247488e+00
      vertex   3.733789e+01 -9.369689e+01 -1.175000e+00
      vertex   3.541922e+01 -9.369689e+01 -1.175000e+00
    endloop
  endfacet
  facet normal 0.000000e+00 -9.234457e-01 3.837291e-01
    outer loop
      vertex   3.541922e+01 -9.369689e+01 -1.175000e+00
      vertex   3.733789e+01 -9.369689e+01 -1.175000e+00
      vertex   3.541922e+01 -9.366213e+01 -1.091351e+00
    endloop
  endfacet
  facet normal -8.774984e-10 -9.234457e-01 3.837291e-01
    outer loop
      vertex   3.541922e+01 -9.369689e+01 -1.175000e+00
      vertex   3.541922e+01 -9.366213e+01 -1.091351e+00
      vertex   3.350056e+01 -9.366213e+01 -1.091351e+00
    endloop
  endfacet
  facet normal 8.927155e-10 -9.912965e-01 1.316479e-01
    outer loop
      vertex   3.350056e+01 -9.366213e+01 -1.091351e+00
      vertex   3.541922e+01 -9.366213e+01 -1.091351e+00
      vertex   3.350056e+01 -9.365000e+01 -1.000000e+00
    endloop
  endfacet
  facet normal -6.358806e-13 -9.912965e-01 1.316479e-01
    outer loop
      vertex   3.350056e+01 -9.366213e+01 -1.091351e+00
      vertex   3.350056e+01 -9.365000e+01 -1.000000e+00
      vertex   3.158189e+01 -9.365000e+01 -1.000000e+00
    endloop
  endfacet
  facet normal 6.358810e-13 -9.912965e-01 -1.316479e-01
    outer loop
      vertex   3.158189e+01 -9.365000e+01 -1.000000e+00
      vertex   3.350056e+01 -9.365000e+01 -1.000000e+00
      vertex   3.350056e+01 -9.366213e+01 -9.086485e-01
    endloop
  endfacet
  facet normal 8.918279e-10 -9.912965e-01 -1.316479e-01
    outer loop
      vertex   3.158189e+01 -9.365000e+01 -1.000000e+00
      vertex   3.350056e+01 -9.366213e+01 -9.086485e-01
      vertex   3.158189e+01 -9.366213e+01 -9.086485e-01
    endloop
  endfacet
  facet normal -8.766370e-10 -9.234464e-01 -3.837275e-01
    outer loop
      vertex   3.158189e+01 -9.366213e+01 -9.086485e-01
      vertex   3.350056e+01 -9.366213e+01 -9.086485e-01
      vertex   3.350056e+01 -9.369689e+01 -8.250007e-01
    endloop
  endfacet
  facet normal 7.728047e-19 -9.234464e-01 -3.837275e-01
    outer loop
      vertex   3.158189e+01 -9.366213e+01 -9.086485e-01
      vertex   3.350056e+01 -9.369689e+01 -8.250007e-01
      vertex   3.158189e+01 -9.369689e+01 -8.250007e-01
    endloop
  endfacet
  facet normal 0.000000e+00 -7.933548e-01 -6.087595e-01
    outer loop
      vertex   3.158189e+01 -9.369689e+01 -8.250007e-01
      vertex   3.350056e+01 -9.369689e+01 -8.250007e-01
      vertex   3.158189e+01 -9.375251e+01 -7.525133e-01
    endloop
  endfacet
  facet normal -7.035554e-19 -7.933548e-01 -6.087595e-01
    outer loop
      vertex   3.158189e+01 -9.369689e+01 -8.250007e-01
      vertex   3.158189e+01 -9.375251e+01 -7.525133e-01
      vertex   2.966322e+01 -9.375251e+01 -7.525133e-01
    endloop
  endfacet
  facet normal 0.000000e+00 -6.087636e-01 -7.933517e-01
    outer loop
      vertex   2.966322e+01 -9.375251e+01 -7.525133e-01
      vertex   3.158189e+01 -9.375251e+01 -7.525133e-01
      vertex   2.966322e+01 -9.382500e+01 -6.968916e-01
    endloop
  endfacet
  facet normal 3.615178e-20 -6.087636e-01 -7.933517e-01
    outer loop
      vertex   2.966322e+01 -9.375251e+01 -7.525133e-01
      vertex   2.966322e+01 -9.382500e+01 -6.968916e-01
      vertex   2.774456e+01 -9.382500e+01 -6.968916e-01
    endloop
  endfacet
  facet normal 0.000000e+00 -3.826862e-01 -9.238784e-01
    outer loop
      vertex   2.774456e+01 -9.382500e+01 -6.968916e-01
      vertex   2.966322e+01 -9.382500e+01 -6.968916e-01
      vertex   2.774456e+01 -9.390941e+01 -6.619263e-01
    endloop
  endfacet
  facet normal -6.859908e-19 -3.826862e-01 -9.238784e-01
    outer loop
      vertex   2.774456e+01 -9.382500e+01 -6.968916e-01
      vertex   2.774456e+01 -9.390941e+01 -6.619263e-01
      vertex   2.582589e+01 -9.390941e+01 -6.619263e-01
    endloop
  endfacet
  facet normal 0.000000e+00 -1.305295e-01 -9.914444e-01
    outer loop
      vertex   2.582589e+01 -9.390941e+01 -6.619263e-01
      vertex   2.774456e+01 -9.390941e+01 -6.619263e-01
      vertex   2.200056e+01 -9.400000e+01 -6.500000e-01
    endloop
  endfacet
  facet normal -0.000000e+00 -1.305295e-01 -9.914444e-01
    outer loop
      vertex   2.582589e+01 -9.390941e+01 -6.619263e-01
      vertex   2.200056e+01 -9.400000e+01 -6.500000e-01
      vertex   2.390722e+01 -9.390941e+01 -6.619263e-01
    endloop
  endfacet
  facet normal -0.000000e+00 -1.305295e-01 -9.914444e-01
    outer loop
      vertex   2.390722e+01 -9.390941e+01 -6.619263e-01
      vertex   2.200056e+01 -9.400000e+01 -6.500000e-01
      vertex   2.198856e+01 -9.390941e+01 -6.619263e-01
    endloop
  endfacet
  facet normal -0.000000e+00 -3.826862e-01 -9.238784e-01
    outer loop
      vertex   2.390722e+01 -9.390941e+01 -6.619263e-01
      vertex   2.198856e+01 -9.390941e+01 -6.619263e-01
      vertex   2.390722e+01 -9.382500e+01 -6.968916e-01
    endloop
  endfacet
  facet normal -0.000000e+00 -3.826862e-01 -9.238784e-01
    outer loop
      vertex   2.390722e+01 -9.382500e+01 -6.968916e-01
      vertex   2.198856e+01 -9.390941e+01 -6.619263e-01
      vertex   2.198856e+01 -9.382500e+01 -6.968916e-01
    endloop
  endfacet
  facet normal -0.000000e+00 -6.087636e-01 -7.933517e-01
    outer loop
      vertex   2.390722e+01 -9.382500e+01 -6.968916e-01
      vertex   2.198856e+01 -9.382500e+01 -6.968916e-01
      vertex   2.390722e+01 -9.375251e+01 -7.525133e-01
    endloop
  endfacet
  facet normal -0.000000e+00 -6.087636e-01 -7.933517e-01
    outer loop
      vertex   2.390722e+01 -9.375251e+01 -7.525133e-01
      vertex   2.198856e+01 -9.382500e+01 -6.968916e-01
      vertex   2.198856e+01 -9.375251e+01 -7.525133e-01
    endloop
  endfacet
  facet normal -0.000000e+00 -7.933548e-01 -6.087595e-01
    outer loop
      vertex   2.390722e+01 -9.375251e+01 -7.525133e-01
      vertex   2.198856e+01 -9.375251e+01 -7.525133e-01
      vertex   2.390722e+01 -9.369689e+01 -8.250007e-01
    endloop
  endfacet
  facet normal -0.000000e+00 -7.933548e-01 -6.087595e-01
    outer loop
      vertex   2.390722e+01 -9.369689e+01 -8.250007e-01
      vertex   2.198856e+01 -9.375251e+01 -7.525133e-01
      vertex   2.198856e+01 -9.369689e+01 -8.250007e-01
    endloop
  endfacet
  facet normal -0.000000e+00 -9.234463e-01 -3.837276e-01
    outer loop
      vertex   2.390722e+01 -9.369689e+01 -8.250007e-01
      vertex   2.198856e+01 -9.369689e+01 -8.250007e-01
      vertex   2.198856e+01 -9.366213e+01 -9.086484e-01
    endloop
  endfacet
  facet normal -1.244513e-03 -9.234456e-01 -3.837273e-01
    outer loop
      vertex   2.198856e+01 -9.366213e+01 -9.086484e-01
      vertex   2.198856e+01 -9.369689e+01 -8.250007e-01
      vertex   2.012370e+01 -9.366983e+01 -8.840721e-01
    endloop
  endfacet
  facet normal 6.344355e-06 -9.544062e-01 -2.985110e-01
    outer loop
      vertex   2.198856e+01 -9.366213e+01 -9.086484e-01
      vertex   2.012370e+01 -9.366983e+01 -8.840721e-01
      vertex   2.010261e+01 -9.366215e+01 -9.086516e-01
    endloop
  endfacet
  facet normal -5.851829e-03 -1.312894e-01 -9.913268e-01
    outer loop
      vertex   2.200056e+01 -9.400000e+01 -6.500000e-01
      vertex   2.147645e+01 -9.397462e+01 -6.502681e-01
      vertex   2.198856e+01 -9.390941e+01 -6.619263e-01
    endloop
  endfacet
  facet normal 1.016907e-03 -1.837443e-01 -9.829736e-01
    outer loop
      vertex   2.198856e+01 -9.390941e+01 -6.619263e-01
      vertex   2.147645e+01 -9.397462e+01 -6.502681e-01
      vertex   2.094648e+01 -9.389804e+01 -6.651305e-01
    endloop
  endfacet
  facet normal -1.274965e-03 -3.776486e-01 -9.259481e-01
    outer loop
      vertex   2.198856e+01 -9.390941e+01 -6.619263e-01
      vertex   2.094648e+01 -9.389804e+01 -6.651305e-01
      vertex   2.069228e+01 -9.384213e+01 -6.875838e-01
    endloop
  endfacet
  facet normal -1.577418e-03 -3.826857e-01 -9.238772e-01
    outer loop
      vertex   2.198856e+01 -9.390941e+01 -6.619263e-01
      vertex   2.069228e+01 -9.384213e+01 -6.875838e-01
      vertex   2.198856e+01 -9.382500e+01 -6.968916e-01
    endloop
  endfacet
  facet normal 9.545266e-04 -5.322946e-01 -8.465587e-01
    outer loop
      vertex   2.198856e+01 -9.382500e+01 -6.968916e-01
      vertex   2.069228e+01 -9.384213e+01 -6.875838e-01
      vertex   2.045070e+01 -9.377708e+01 -7.287548e-01
    endloop
  endfacet
  facet normal -2.530549e-03 -6.087616e-01 -7.933491e-01
    outer loop
      vertex   2.198856e+01 -9.382500e+01 -6.968916e-01
      vertex   2.045070e+01 -9.377708e+01 -7.287548e-01
      vertex   2.198856e+01 -9.375251e+01 -7.525133e-01
    endloop
  endfacet
  facet normal 1.745783e-03 -7.494584e-01 -6.620491e-01
    outer loop
      vertex   2.198856e+01 -9.375251e+01 -7.525133e-01
      vertex   2.045070e+01 -9.377708e+01 -7.287548e-01
      vertex   2.022700e+01 -9.370620e+01 -8.095932e-01
    endloop
  endfacet
  facet normal -1.135201e-03 -7.933543e-01 -6.087591e-01
    outer loop
      vertex   2.198856e+01 -9.375251e+01 -7.525133e-01
      vertex   2.022700e+01 -9.370620e+01 -8.095932e-01
      vertex   2.198856e+01 -9.369689e+01 -8.250007e-01
    endloop
  endfacet
  facet normal 2.517725e-04 -8.685581e-01 -4.955874e-01
    outer loop
      vertex   2.198856e+01 -9.369689e+01 -8.250007e-01
      vertex   2.022700e+01 -9.370620e+01 -8.095932e-01
      vertex   2.017424e+01 -9.368791e+01 -8.416651e-01
    endloop
  endfacet
  facet normal -9.636293e-04 -9.203208e-01 -3.911632e-01
    outer loop
      vertex   2.198856e+01 -9.369689e+01 -8.250007e-01
      vertex   2.017424e+01 -9.368791e+01 -8.416651e-01
      vertex   2.012370e+01 -9.366983e+01 -8.840721e-01
    endloop
  endfacet
  facet normal 6.344789e-06 -9.748826e-01 -2.227192e-01
    outer loop
      vertex   2.010261e+01 -9.366215e+01 -9.086516e-01
      vertex   2.008585e+01 -9.365596e+01 -9.357403e-01
      vertex   2.198856e+01 -9.366213e+01 -9.086484e-01
    endloop
  endfacet
  facet normal -1.248124e-03 -9.904097e-01 -1.381558e-01
    outer loop
      vertex   2.198856e+01 -9.366213e+01 -9.086484e-01
      vertex   2.008585e+01 -9.365596e+01 -9.357403e-01
      vertex   2.007400e+01 -9.365154e+01 -9.672798e-01
    endloop
  endfacet
  facet normal -1.452324e-03 -9.912955e-01 -1.316479e-01
    outer loop
      vertex   2.198856e+01 -9.366213e+01 -9.086484e-01
      vertex   2.007400e+01 -9.365154e+01 -9.672798e-01
      vertex   2.198856e+01 -9.365000e+01 -1.000000e+00
    endloop
  endfacet
  facet normal 2.271433e-13 -9.988937e-01 -4.702600e-02
    outer loop
      vertex   2.198856e+01 -9.365000e+01 -1.000000e+00
      vertex   2.007400e+01 -9.365154e+01 -9.672798e-01
      vertex   2.006989e+01 -9.365000e+01 -1.000000e+00
    endloop
  endfacet
  facet normal -2.271433e-13 -9.988937e-01 4.702600e-02
    outer loop
      vertex   2.198856e+01 -9.365000e+01 -1.000000e+00
      vertex   2.006989e+01 -9.365000e+01 -1.000000e+00
      vertex   2.007400e+01 -9.365154e+01 -1.032720e+00
    endloop
  endfacet
  facet normal -1.452324e-03 -9.912955e-01 1.316479e-01
    outer loop
      vertex   2.198856e+01 -9.365000e+01 -1.000000e+00
      vertex   2.007400e+01 -9.365154e+01 -1.032720e+00
      vertex   2.198856e+01 -9.366213e+01 -1.091352e+00
    endloop
  endfacet
  facet normal -1.248124e-03 -9.904097e-01 1.381558e-01
    outer loop
      vertex   2.198856e+01 -9.366213e+01 -1.091352e+00
      vertex   2.007400e+01 -9.365154e+01 -1.032720e+00
      vertex   2.008585e+01 -9.365596e+01 -1.064260e+00
    endloop
  endfacet
  facet normal 6.344789e-06 -9.748826e-01 2.227192e-01
    outer loop
      vertex   2.198856e+01 -9.366213e+01 -1.091352e+00
      vertex   2.008585e+01 -9.365596e+01 -1.064260e+00
      vertex   2.010261e+01 -9.366215e+01 -1.091348e+00
    endloop
  endfacet
  facet normal 6.344354e-06 -9.544062e-01 2.985110e-01
    outer loop
      vertex   2.010261e+01 -9.366215e+01 -1.091348e+00
      vertex   2.012370e+01 -9.366983e+01 -1.115928e+00
      vertex   2.198856e+01 -9.366213e+01 -1.091352e+00
    endloop
  endfacet
  facet normal -1.244536e-03 -9.234450e-01 3.837289e-01
    outer loop
      vertex   2.198856e+01 -9.366213e+01 -1.091352e+00
      vertex   2.012370e+01 -9.366983e+01 -1.115928e+00
      vertex   2.198856e+01 -9.369689e+01 -1.175000e+00
    endloop
  endfacet
  facet normal 7.548222e-19 -9.234457e-01 3.837292e-01
    outer loop
      vertex   2.198856e+01 -9.366213e+01 -1.091352e+00
      vertex   2.198856e+01 -9.369689e+01 -1.175000e+00
      vertex   2.390722e+01 -9.369689e+01 -1.175000e+00
    endloop
  endfacet
  facet normal 0.000000e+00 -7.933527e-01 6.087622e-01
    outer loop
      vertex   2.390722e+01 -9.369689e+01 -1.175000e+00
      vertex   2.198856e+01 -9.369689e+01 -1.175000e+00
      vertex   2.390722e+01 -9.375252e+01 -1.247488e+00
    endloop
  endfacet
  facet normal -2.015652e-18 -7.933527e-01 6.087622e-01
    outer loop
      vertex   2.390722e+01 -9.369689e+01 -1.175000e+00
      vertex   2.390722e+01 -9.375252e+01 -1.247488e+00
      vertex   2.582589e+01 -9.375252e+01 -1.247488e+00
    endloop
  endfacet
  facet normal 0.000000e+00 -6.087609e-01 7.933538e-01
    outer loop
      vertex   2.582589e+01 -9.375252e+01 -1.247488e+00
      vertex   2.390722e+01 -9.375252e+01 -1.247488e+00
      vertex   2.582589e+01 -9.382500e+01 -1.303109e+00
    endloop
  endfacet
  facet normal 7.519070e-19 -6.087609e-01 7.933538e-01
    outer loop
      vertex   2.582589e+01 -9.375252e+01 -1.247488e+00
      vertex   2.582589e+01 -9.382500e+01 -1.303109e+00
      vertex   2.774456e+01 -9.382500e+01 -1.303109e+00
    endloop
  endfacet
  facet normal 0.000000e+00 -3.826830e-01 9.238797e-01
    outer loop
      vertex   2.774456e+01 -9.382500e+01 -1.303109e+00
      vertex   2.582589e+01 -9.382500e+01 -1.303109e+00
      vertex   2.774456e+01 -9.390942e+01 -1.338074e+00
    endloop
  endfacet
  facet normal -7.408679e-19 -3.826830e-01 9.238797e-01
    outer loop
      vertex   2.774456e+01 -9.382500e+01 -1.303109e+00
      vertex   2.774456e+01 -9.390942e+01 -1.338074e+00
      vertex   2.966322e+01 -9.390942e+01 -1.338074e+00
    endloop
  endfacet
  facet normal 0.000000e+00 -1.305260e-01 9.914449e-01
    outer loop
      vertex   2.966322e+01 -9.390942e+01 -1.338074e+00
      vertex   2.774456e+01 -9.390942e+01 -1.338074e+00
      vertex   2.200056e+01 -9.400000e+01 -1.350000e+00
    endloop
  endfacet
  facet normal 0.000000e+00 -1.305260e-01 9.914449e-01
    outer loop
      vertex   2.966322e+01 -9.390942e+01 -1.338074e+00
      vertex   2.200056e+01 -9.400000e+01 -1.350000e+00
      vertex   3.158189e+01 -9.390942e+01 -1.338074e+00
    endloop
  endfacet
  facet normal 0.000000e+00 -1.305260e-01 9.914449e-01
    outer loop
      vertex   3.158189e+01 -9.390942e+01 -1.338074e+00
      vertex   2.200056e+01 -9.400000e+01 -1.350000e+00
      vertex   3.350056e+01 -9.390942e+01 -1.338074e+00
    endloop
  endfacet
  facet normal 0.000000e+00 -3.826830e-01 9.238797e-01
    outer loop
      vertex   3.158189e+01 -9.390942e+01 -1.338074e+00
      vertex   3.350056e+01 -9.390942e+01 -1.338074e+00
      vertex   3.158189e+01 -9.382500e+01 -1.303109e+00
    endloop
  endfacet
  facet normal 0.000000e+00 -3.826830e-01 9.238797e-01
    outer loop
      vertex   3.158189e+01 -9.382500e+01 -1.303109e+00
      vertex   3.350056e+01 -9.390942e+01 -1.338074e+00
      vertex   3.350056e+01 -9.382500e+01 -1.303109e+00
    endloop
  endfacet
  facet normal 0.000000e+00 -6.087609e-01 7.933538e-01
    outer loop
      vertex   3.158189e+01 -9.382500e+01 -1.303109e+00
      vertex   3.350056e+01 -9.382500e+01 -1.303109e+00
      vertex   3.158189e+01 -9.375252e+01 -1.247488e+00
    endloop
  endfacet
  facet normal 0.000000e+00 -6.087609e-01 7.933538e-01
    outer loop
      vertex   3.158189e+01 -9.375252e+01 -1.247488e+00
      vertex   3.350056e+01 -9.382500e+01 -1.303109e+00
      vertex   3.350056e+01 -9.375252e+01 -1.247488e+00
    endloop
  endfacet
  facet normal 0.000000e+00 -7.933527e-01 6.087622e-01
    outer loop
      vertex   3.158189e+01 -9.375252e+01 -1.247488e+00
      vertex   3.350056e+01 -9.375252e+01 -1.247488e+00
      vertex   3.158189e+01 -9.369689e+01 -1.175000e+00
    endloop
  endfacet
  facet normal 0.000000e+00 -7.933527e-01 6.087622e-01
    outer loop
      vertex   3.158189e+01 -9.369689e+01 -1.175000e+00
      vertex   3.350056e+01 -9.375252e+01 -1.247488e+00
      vertex   3.350056e+01 -9.369689e+01 -1.175000e+00
    endloop
  endfacet
  facet normal 0.000000e+00 -9.234457e-01 3.837291e-01
    outer loop
      vertex   3.158189e+01 -9.369689e+01 -1.175000e+00
      vertex   3.350056e+01 -9.369689e+01 -1.175000e+00
      vertex   3.158189e+01 -9.366213e+01 -1.091352e+00
    endloop
  endfacet
  facet normal -8.775122e-10 -9.234457e-01 3.837291e-01
    outer loop
      vertex   3.158189e+01 -9.366213e+01 -1.091352e+00
      vertex   3.350056e+01 -9.369689e+01 -1.175000e+00
      vertex   3.350056e+01 -9.366213e+01 -1.091351e+00
    endloop
  endfacet
  facet normal 8.927007e-10 -9.912965e-01 1.316479e-01
    outer loop
      vertex   3.158189e+01 -9.366213e+01 -1.091352e+00
      vertex   3.350056e+01 -9.366213e+01 -1.091351e+00
      vertex   3.158189e+01 -9.365000e+01 -1.000000e+00
    endloop
  endfacet
  facet normal -9.637111e-04 -9.203208e-01 3.911632e-01
    outer loop
      vertex   2.012370e+01 -9.366983e+01 -1.115928e+00
      vertex   2.017424e+01 -9.368791e+01 -1.158335e+00
      vertex   2.198856e+01 -9.369689e+01 -1.175000e+00
    endloop
  endfacet
  facet normal 2.517690e-04 -8.685581e-01 4.955874e-01
    outer loop
      vertex   2.198856e+01 -9.369689e+01 -1.175000e+00
      vertex   2.017424e+01 -9.368791e+01 -1.158335e+00
      vertex   2.022700e+01 -9.370620e+01 -1.190407e+00
    endloop
  endfacet
  facet normal -1.135146e-03 -7.933522e-01 6.087618e-01
    outer loop
      vertex   2.198856e+01 -9.369689e+01 -1.175000e+00
      vertex   2.022700e+01 -9.370620e+01 -1.190407e+00
      vertex   2.198856e+01 -9.375252e+01 -1.247488e+00
    endloop
  endfacet
  facet normal 1.745737e-03 -7.494585e-01 6.620490e-01
    outer loop
      vertex   2.198856e+01 -9.375252e+01 -1.247488e+00
      vertex   2.022700e+01 -9.370620e+01 -1.190407e+00
      vertex   2.045070e+01 -9.377708e+01 -1.271245e+00
    endloop
  endfacet
  facet normal -2.530523e-03 -6.087589e-01 7.933512e-01
    outer loop
      vertex   2.198856e+01 -9.375252e+01 -1.247488e+00
      vertex   2.045070e+01 -9.377708e+01 -1.271245e+00
      vertex   2.198856e+01 -9.382500e+01 -1.303109e+00
    endloop
  endfacet
  facet normal 9.544931e-04 -5.322947e-01 8.465586e-01
    outer loop
      vertex   2.198856e+01 -9.382500e+01 -1.303109e+00
      vertex   2.045070e+01 -9.377708e+01 -1.271245e+00
      vertex   2.069228e+01 -9.384213e+01 -1.312416e+00
    endloop
  endfacet
  facet normal -1.635951e-03 -3.790582e-01 9.253714e-01
    outer loop
      vertex   2.198856e+01 -9.382500e+01 -1.303109e+00
      vertex   2.069228e+01 -9.384213e+01 -1.312416e+00
      vertex   2.094648e+01 -9.389804e+01 -1.334869e+00
    endloop
  endfacet
  facet normal -1.336428e-03 -3.826827e-01 9.238789e-01
    outer loop
      vertex   2.198856e+01 -9.382500e+01 -1.303109e+00
      vertex   2.094648e+01 -9.389804e+01 -1.334869e+00
      vertex   2.198856e+01 -9.390942e+01 -1.338074e+00
    endloop
  endfacet
  facet normal 1.017003e-03 -1.837436e-01 9.829737e-01
    outer loop
      vertex   2.198856e+01 -9.390942e+01 -1.338074e+00
      vertex   2.094648e+01 -9.389804e+01 -1.334869e+00
      vertex   2.147645e+01 -9.397462e+01 -1.349732e+00
    endloop
  endfacet
  facet normal -5.851967e-03 -1.312860e-01 9.913273e-01
    outer loop
      vertex   2.198856e+01 -9.390942e+01 -1.338074e+00
      vertex   2.147645e+01 -9.397462e+01 -1.349732e+00
      vertex   2.200056e+01 -9.400000e+01 -1.350000e+00
    endloop
  endfacet
  facet normal 0.000000e+00 -1.305260e-01 9.914449e-01
    outer loop
      vertex   2.200056e+01 -9.400000e+01 -1.350000e+00
      vertex   4.500056e+01 -9.400000e+01 -1.350000e+00
      vertex   3.350056e+01 -9.390942e+01 -1.338074e+00
    endloop
  endfacet
  facet normal 0.000000e+00 -1.305260e-01 9.914449e-01
    outer loop
      vertex   3.350056e+01 -9.390942e+01 -1.338074e+00
      vertex   4.500056e+01 -9.400000e+01 -1.350000e+00
      vertex   3.541922e+01 -9.390942e+01 -1.338074e+00
    endloop
  endfacet
  facet normal 0.000000e+00 -3.826830e-01 9.238797e-01
    outer loop
      vertex   3.350056e+01 -9.390942e+01 -1.338074e+00
      vertex   3.541922e+01 -9.390942e+01 -1.338074e+00
      vertex   3.350056e+01 -9.382500e+01 -1.303109e+00
    endloop
  endfacet
  facet normal 0.000000e+00 -3.826830e-01 9.238797e-01
    outer loop
      vertex   3.350056e+01 -9.382500e+01 -1.303109e+00
      vertex   3.541922e+01 -9.390942e+01 -1.338074e+00
      vertex   3.541922e+01 -9.382500e+01 -1.303109e+00
    endloop
  endfacet
  facet normal 0.000000e+00 -6.087609e-01 7.933538e-01
    outer loop
      vertex   3.350056e+01 -9.382500e+01 -1.303109e+00
      vertex   3.541922e+01 -9.382500e+01 -1.303109e+00
      vertex   3.350056e+01 -9.375252e+01 -1.247488e+00
    endloop
  endfacet
  facet normal 0.000000e+00 -6.087609e-01 7.933538e-01
    outer loop
      vertex   3.350056e+01 -9.375252e+01 -1.247488e+00
      vertex   3.541922e+01 -9.382500e+01 -1.303109e+00
      vertex   3.541922e+01 -9.375252e+01 -1.247488e+00
    endloop
  endfacet
  facet normal 0.000000e+00 -7.933527e-01 6.087622e-01
    outer loop
      vertex   3.350056e+01 -9.375252e+01 -1.247488e+00
      vertex   3.541922e+01 -9.375252e+01 -1.247488e+00
      vertex   3.350056e+01 -9.369689e+01 -1.175000e+00
    endloop
  endfacet
  facet normal 0.000000e+00 -7.933527e-01 6.087622e-01
    outer loop
      vertex   3.350056e+01 -9.369689e+01 -1.175000e+00
      vertex   3.541922e+01 -9.375252e+01 -1.247488e+00
      vertex   3.541922e+01 -9.369689e+01 -1.175000e+00
    endloop
  endfacet
  facet normal 0.000000e+00 -9.234457e-01 3.837291e-01
    outer loop
      vertex   3.350056e+01 -9.369689e+01 -1.175000e+00
      vertex   3.541922e+01 -9.369689e+01 -1.175000e+00
      vertex   3.350056e+01 -9.366213e+01 -1.091351e+00
    endloop
  endfacet
  facet normal -6.344870e-06 -9.544064e-01 2.985105e-01
    outer loop
      vertex   4.687742e+01 -9.366983e+01 -1.115928e+00
      vertex   4.689851e+01 -9.366215e+01 -1.091348e+00
      vertex   4.501256e+01 -9.366213e+01 -1.091351e+00
    endloop
  endfacet
  facet normal -6.344240e-06 -9.748827e-01 2.227188e-01
    outer loop
      vertex   4.501256e+01 -9.366213e+01 -1.091351e+00
      vertex   4.689851e+01 -9.366215e+01 -1.091348e+00
      vertex   4.691527e+01 -9.365596e+01 -1.064260e+00
    endloop
  endfacet
  facet normal 1.248121e-03 -9.904098e-01 1.381556e-01
    outer loop
      vertex   4.501256e+01 -9.366213e+01 -1.091351e+00
      vertex   4.691527e+01 -9.365596e+01 -1.064260e+00
      vertex   4.692711e+01 -9.365154e+01 -1.032720e+00
    endloop
  endfacet
  facet normal 1.452319e-03 -9.912955e-01 1.316477e-01
    outer loop
      vertex   4.501256e+01 -9.366213e+01 -1.091351e+00
      vertex   4.692711e+01 -9.365154e+01 -1.032720e+00
      vertex   4.501256e+01 -9.365000e+01 -1.000000e+00
    endloop
  endfacet
  facet normal -2.271374e-13 -9.988937e-01 4.702591e-02
    outer loop
      vertex   4.501256e+01 -9.365000e+01 -1.000000e+00
      vertex   4.692711e+01 -9.365154e+01 -1.032720e+00
      vertex   4.693123e+01 -9.365000e+01 -1.000000e+00
    endloop
  endfacet
  facet normal 2.271374e-13 -9.988937e-01 -4.702591e-02
    outer loop
      vertex   4.501256e+01 -9.365000e+01 -1.000000e+00
      vertex   4.693123e+01 -9.365000e+01 -1.000000e+00
      vertex   4.692711e+01 -9.365154e+01 -9.672798e-01
    endloop
  endfacet
  facet normal 1.452319e-03 -9.912955e-01 -1.316477e-01
    outer loop
      vertex   4.501256e+01 -9.365000e+01 -1.000000e+00
      vertex   4.692711e+01 -9.365154e+01 -9.672798e-01
      vertex   4.501256e+01 -9.366213e+01 -9.086486e-01
    endloop
  endfacet
  facet normal 1.248121e-03 -9.904098e-01 -1.381556e-01
    outer loop
      vertex   4.501256e+01 -9.366213e+01 -9.086486e-01
      vertex   4.692711e+01 -9.365154e+01 -9.672798e-01
      vertex   4.691527e+01 -9.365596e+01 -9.357404e-01
    endloop
  endfacet
  facet normal -6.344240e-06 -9.748827e-01 -2.227188e-01
    outer loop
      vertex   4.501256e+01 -9.366213e+01 -9.086486e-01
      vertex   4.691527e+01 -9.365596e+01 -9.357404e-01
      vertex   4.689851e+01 -9.366215e+01 -9.086517e-01
    endloop
  endfacet
  facet normal -6.344869e-06 -9.544064e-01 -2.985105e-01
    outer loop
      vertex   4.689851e+01 -9.366215e+01 -9.086517e-01
      vertex   4.687742e+01 -9.366983e+01 -8.840723e-01
      vertex   4.501256e+01 -9.366213e+01 -9.086486e-01
    endloop
  endfacet
  facet normal 1.244513e-03 -9.234457e-01 -3.837271e-01
    outer loop
      vertex   4.501256e+01 -9.366213e+01 -9.086486e-01
      vertex   4.687742e+01 -9.366983e+01 -8.840723e-01
      vertex   4.501256e+01 -9.369689e+01 -8.250007e-01
    endloop
  endfacet
  facet normal -8.766433e-10 -9.234464e-01 -3.837274e-01
    outer loop
      vertex   4.501256e+01 -9.366213e+01 -9.086486e-01
      vertex   4.501256e+01 -9.369689e+01 -8.250007e-01
      vertex   4.309389e+01 -9.366213e+01 -9.086486e-01
    endloop
  endfacet
  facet normal -4.193341e-19 -9.234464e-01 -3.837274e-01
    outer loop
      vertex   4.309389e+01 -9.366213e+01 -9.086486e-01
      vertex   4.501256e+01 -9.369689e+01 -8.250007e-01
      vertex   4.309389e+01 -9.369689e+01 -8.250007e-01
    endloop
  endfacet
  facet normal 9.636496e-04 -9.203211e-01 -3.911625e-01
    outer loop
      vertex   4.687742e+01 -9.366983e+01 -8.840723e-01
      vertex   4.682688e+01 -9.368791e+01 -8.416654e-01
      vertex   4.501256e+01 -9.369689e+01 -8.250007e-01
    endloop
  endfacet
  facet normal -2.517703e-04 -8.685586e-01 -4.955865e-01
    outer loop
      vertex   4.501256e+01 -9.369689e+01 -8.250007e-01
      vertex   4.682688e+01 -9.368791e+01 -8.416654e-01
      vertex   4.677412e+01 -9.370619e+01 -8.095935e-01
    endloop
  endfacet
  facet normal 1.135183e-03 -7.933543e-01 -6.087591e-01
    outer loop
      vertex   4.501256e+01 -9.369689e+01 -8.250007e-01
      vertex   4.677412e+01 -9.370619e+01 -8.095935e-01
      vertex   4.501256e+01 -9.375251e+01 -7.525133e-01
    endloop
  endfacet
  facet normal -1.745754e-03 -7.494594e-01 -6.620480e-01
    outer loop
      vertex   4.501256e+01 -9.375251e+01 -7.525133e-01
      vertex   4.677412e+01 -9.370619e+01 -8.095935e-01
      vertex   4.655041e+01 -9.377708e+01 -7.287552e-01
    endloop
  endfacet
  facet normal 2.530532e-03 -6.087616e-01 -7.933491e-01
    outer loop
      vertex   4.501256e+01 -9.375251e+01 -7.525133e-01
      vertex   4.655041e+01 -9.377708e+01 -7.287552e-01
      vertex   4.501256e+01 -9.382500e+01 -6.968916e-01
    endloop
  endfacet
  facet normal -9.545005e-04 -5.322964e-01 -8.465575e-01
    outer loop
      vertex   4.501256e+01 -9.382500e+01 -6.968916e-01
      vertex   4.655041e+01 -9.377708e+01 -7.287552e-01
      vertex   4.630884e+01 -9.384213e+01 -6.875842e-01
    endloop
  endfacet
  facet normal 1.577370e-03 -3.826857e-01 -9.238772e-01
    outer loop
      vertex   4.501256e+01 -9.382500e+01 -6.968916e-01
      vertex   4.630884e+01 -9.384213e+01 -6.875842e-01
      vertex   4.501256e+01 -9.390941e+01 -6.619263e-01
    endloop
  endfacet
  facet normal 1.275079e-03 -3.776513e-01 -9.259470e-01
    outer loop
      vertex   4.501256e+01 -9.390941e+01 -6.619263e-01
      vertex   4.630884e+01 -9.384213e+01 -6.875842e-01
      vertex   4.605463e+01 -9.389804e+01 -6.651308e-01
    endloop
  endfacet
  facet normal -1.016976e-03 -1.837468e-01 -9.829731e-01
    outer loop
      vertex   4.501256e+01 -9.390941e+01 -6.619263e-01
      vertex   4.605463e+01 -9.389804e+01 -6.651308e-01
      vertex   4.552467e+01 -9.397462e+01 -6.502682e-01
    endloop
  endfacet
  facet normal 5.851727e-03 -1.312910e-01 -9.913266e-01
    outer loop
      vertex   4.552467e+01 -9.397462e+01 -6.502682e-01
      vertex   4.500056e+01 -9.400000e+01 -6.500000e-01
      vertex   4.501256e+01 -9.390941e+01 -6.619263e-01
    endloop
  endfacet
  facet normal -0.000000e+00 -1.305313e-01 -9.914442e-01
    outer loop
      vertex   4.501256e+01 -9.390941e+01 -6.619263e-01
      vertex   4.500056e+01 -9.400000e+01 -6.500000e-01
      vertex   4.309389e+01 -9.390941e+01 -6.619263e-01
    endloop
  endfacet
  facet normal -0.000000e+00 -3.826862e-01 -9.238784e-01
    outer loop
      vertex   4.501256e+01 -9.390941e+01 -6.619263e-01
      vertex   4.309389e+01 -9.390941e+01 -6.619263e-01
      vertex   4.501256e+01 -9.382500e+01 -6.968916e-01
    endloop
  endfacet
  facet normal -0.000000e+00 -3.826862e-01 -9.238784e-01
    outer loop
      vertex   4.501256e+01 -9.382500e+01 -6.968916e-01
      vertex   4.309389e+01 -9.390941e+01 -6.619263e-01
      vertex   4.309389e+01 -9.382500e+01 -6.968916e-01
    endloop
  endfacet
  facet normal -0.000000e+00 -6.087636e-01 -7.933517e-01
    outer loop
      vertex   4.501256e+01 -9.382500e+01 -6.968916e-01
      vertex   4.309389e+01 -9.382500e+01 -6.968916e-01
      vertex   4.501256e+01 -9.375251e+01 -7.525133e-01
    endloop
  endfacet
  facet normal -0.000000e+00 -6.087636e-01 -7.933517e-01
    outer loop
      vertex   4.501256e+01 -9.375251e+01 -7.525133e-01
      vertex   4.309389e+01 -9.382500e+01 -6.968916e-01
      vertex   4.309389e+01 -9.375251e+01 -7.525133e-01
    endloop
  endfacet
  facet normal -0.000000e+00 -7.933548e-01 -6.087595e-01
    outer loop
      vertex   4.501256e+01 -9.375251e+01 -7.525133e-01
      vertex   4.309389e+01 -9.375251e+01 -7.525133e-01
      vertex   4.501256e+01 -9.369689e+01 -8.250007e-01
    endloop
  endfacet
  facet normal -0.000000e+00 -7.933548e-01 -6.087595e-01
    outer loop
      vertex   4.501256e+01 -9.369689e+01 -8.250007e-01
      vertex   4.309389e+01 -9.375251e+01 -7.525133e-01
      vertex   4.309389e+01 -9.369689e+01 -8.250007e-01
    endloop
  endfacet
  facet normal -0.000000e+00 -3.826862e-01 -9.238784e-01
    outer loop
      vertex   2.582589e+01 -9.390941e+01 -6.619263e-01
      vertex   2.390722e+01 -9.390941e+01 -6.619263e-01
      vertex   2.582589e+01 -9.382500e+01 -6.968916e-01
    endloop
  endfacet
  facet normal -0.000000e+00 -3.826862e-01 -9.238784e-01
    outer loop
      vertex   2.582589e+01 -9.382500e+01 -6.968916e-01
      vertex   2.390722e+01 -9.390941e+01 -6.619263e-01
      vertex   2.390722e+01 -9.382500e+01 -6.968916e-01
    endloop
  endfacet
  facet normal -0.000000e+00 -6.087636e-01 -7.933517e-01
    outer loop
      vertex   2.582589e+01 -9.382500e+01 -6.968916e-01
      vertex   2.390722e+01 -9.382500e+01 -6.968916e-01
      vertex   2.582589e+01 -9.375251e+01 -7.525133e-01
    endloop
  endfacet
  facet normal -0.000000e+00 -6.087636e-01 -7.933517e-01
    outer loop
      vertex   2.582589e+01 -9.375251e+01 -7.525133e-01
      vertex   2.390722e+01 -9.382500e+01 -6.968916e-01
      vertex   2.390722e+01 -9.375251e+01 -7.525133e-01
    endloop
  endfacet
  facet normal -0.000000e+00 -7.933548e-01 -6.087595e-01
    outer loop
      vertex   2.582589e+01 -9.375251e+01 -7.525133e-01
      vertex   2.390722e+01 -9.375251e+01 -7.525133e-01
      vertex   2.582589e+01 -9.369689e+01 -8.250007e-01
    endloop
  endfacet
  facet normal -0.000000e+00 -7.933548e-01 -6.087595e-01
    outer loop
      vertex   2.582589e+01 -9.369689e+01 -8.250007e-01
      vertex   2.390722e+01 -9.375251e+01 -7.525133e-01
      vertex   2.390722e+01 -9.369689e+01 -8.250007e-01
    endloop
  endfacet
  facet normal -0.000000e+00 -9.234463e-01 -3.837276e-01
    outer loop
      vertex   2.582589e+01 -9.369689e+01 -8.250007e-01
      vertex   2.390722e+01 -9.369689e+01 -8.250007e-01
      vertex   2.390722e+01 -9.366213e+01 -9.086485e-01
    endloop
  endfacet
  facet normal -8.766170e-10 -9.234463e-01 -3.837276e-01
    outer loop
      vertex   2.390722e+01 -9.366213e+01 -9.086485e-01
      vertex   2.390722e+01 -9.369689e+01 -8.250007e-01
      vertex   2.198856e+01 -9.366213e+01 -9.086484e-01
    endloop
  endfacet
  facet normal 8.918494e-10 -9.912965e-01 -1.316480e-01
    outer loop
      vertex   2.390722e+01 -9.366213e+01 -9.086485e-01
      vertex   2.198856e+01 -9.366213e+01 -9.086484e-01
      vertex   2.198856e+01 -9.365000e+01 -1.000000e+00
    endloop
  endfacet
  facet normal 0.000000e+00 -1.305295e-01 -9.914444e-01
    outer loop
      vertex   2.774456e+01 -9.390941e+01 -6.619263e-01
      vertex   2.966322e+01 -9.390941e+01 -6.619263e-01
      vertex   2.200056e+01 -9.400000e+01 -6.500000e-01
    endloop
  endfacet
  facet normal 1.338522e-19 -1.305295e-01 -9.914444e-01
    outer loop
      vertex   2.200056e+01 -9.400000e+01 -6.500000e-01
      vertex   2.966322e+01 -9.390941e+01 -6.619263e-01
      vertex   3.158189e+01 -9.390941e+01 -6.619263e-01
    endloop
  endfacet
  facet normal 1.338522e-19 -1.305295e-01 -9.914444e-01
    outer loop
      vertex   2.200056e+01 -9.400000e+01 -6.500000e-01
      vertex   3.158189e+01 -9.390941e+01 -6.619263e-01
      vertex   3.350056e+01 -9.390941e+01 -6.619263e-01
    endloop
  endfacet
  facet normal -0.000000e+00 -3.826862e-01 -9.238784e-01
    outer loop
      vertex   3.350056e+01 -9.390941e+01 -6.619263e-01
      vertex   3.158189e+01 -9.390941e+01 -6.619263e-01
      vertex   3.350056e+01 -9.382500e+01 -6.968916e-01
    endloop
  endfacet
  facet normal -6.859908e-19 -3.826862e-01 -9.238784e-01
    outer loop
      vertex   3.350056e+01 -9.390941e+01 -6.619263e-01
      vertex   3.350056e+01 -9.382500e+01 -6.968916e-01
      vertex   3.541922e+01 -9.382500e+01 -6.968916e-01
    endloop
  endfacet
  facet normal -0.000000e+00 -6.087636e-01 -7.933517e-01
    outer loop
      vertex   3.541922e+01 -9.382500e+01 -6.968916e-01
      vertex   3.350056e+01 -9.382500e+01 -6.968916e-01
      vertex   3.541922e+01 -9.375251e+01 -7.525133e-01
    endloop
  endfacet
  facet normal 3.615178e-20 -6.087636e-01 -7.933517e-01
    outer loop
      vertex   3.541922e+01 -9.382500e+01 -6.968916e-01
      vertex   3.541922e+01 -9.375251e+01 -7.525133e-01
      vertex   3.733789e+01 -9.375251e+01 -7.525133e-01
    endloop
  endfacet
  facet normal -0.000000e+00 -7.933548e-01 -6.087595e-01
    outer loop
      vertex   3.733789e+01 -9.375251e+01 -7.525133e-01
      vertex   3.541922e+01 -9.375251e+01 -7.525133e-01
      vertex   3.733789e+01 -9.369689e+01 -8.250007e-01
    endloop
  endfacet
  facet normal -7.035554e-19 -7.933548e-01 -6.087595e-01
    outer loop
      vertex   3.733789e+01 -9.375251e+01 -7.525133e-01
      vertex   3.733789e+01 -9.369689e+01 -8.250007e-01
      vertex   3.925656e+01 -9.369689e+01 -8.250007e-01
    endloop
  endfacet
  facet normal -0.000000e+00 -9.234464e-01 -3.837275e-01
    outer loop
      vertex   3.925656e+01 -9.369689e+01 -8.250007e-01
      vertex   3.733789e+01 -9.369689e+01 -8.250007e-01
      vertex   3.733789e+01 -9.366213e+01 -9.086485e-01
    endloop
  endfacet
  facet normal -8.766162e-10 -9.234464e-01 -3.837274e-01
    outer loop
      vertex   3.925656e+01 -9.369689e+01 -8.250007e-01
      vertex   3.733789e+01 -9.366213e+01 -9.086485e-01
      vertex   3.925656e+01 -9.366213e+01 -9.086486e-01
    endloop
  endfacet
  facet normal 8.918503e-10 -9.912965e-01 -1.316479e-01
    outer loop
      vertex   3.925656e+01 -9.366213e+01 -9.086486e-01
      vertex   3.733789e+01 -9.366213e+01 -9.086485e-01
      vertex   3.733789e+01 -9.365000e+01 -1.000000e+00
    endloop
  endfacet
  facet normal 6.358653e-13 -9.912965e-01 -1.316479e-01
    outer loop
      vertex   3.925656e+01 -9.366213e+01 -9.086486e-01
      vertex   3.733789e+01 -9.365000e+01 -1.000000e+00
      vertex   3.925656e+01 -9.365000e+01 -1.000000e+00
    endloop
  endfacet
  facet normal -6.358655e-13 -9.912965e-01 1.316479e-01
    outer loop
      vertex   3.925656e+01 -9.365000e+01 -1.000000e+00
      vertex   3.733789e+01 -9.365000e+01 -1.000000e+00
      vertex   3.925656e+01 -9.366213e+01 -1.091351e+00
    endloop
  endfacet
  facet normal 8.927158e-10 -9.912965e-01 1.316479e-01
    outer loop
      vertex   3.925656e+01 -9.365000e+01 -1.000000e+00
      vertex   3.925656e+01 -9.366213e+01 -1.091351e+00
      vertex   4.117523e+01 -9.366213e+01 -1.091351e+00
    endloop
  endfacet
  facet normal -8.774981e-10 -9.234457e-01 3.837290e-01
    outer loop
      vertex   4.117523e+01 -9.366213e+01 -1.091351e+00
      vertex   3.925656e+01 -9.366213e+01 -1.091351e+00
      vertex   4.117523e+01 -9.369689e+01 -1.175000e+00
    endloop
  endfacet
  facet normal 8.172904e-19 -9.234457e-01 3.837290e-01
    outer loop
      vertex   4.117523e+01 -9.366213e+01 -1.091351e+00
      vertex   4.117523e+01 -9.369689e+01 -1.175000e+00
      vertex   4.309389e+01 -9.369689e+01 -1.175000e+00
    endloop
  endfacet
  facet normal 0.000000e+00 -7.933527e-01 6.087622e-01
    outer loop
      vertex   4.309389e+01 -9.369689e+01 -1.175000e+00
      vertex   4.117523e+01 -9.369689e+01 -1.175000e+00
      vertex   4.309389e+01 -9.375252e+01 -1.247488e+00
    endloop
  endfacet
  facet normal -2.015652e-18 -7.933527e-01 6.087622e-01
    outer loop
      vertex   4.309389e+01 -9.369689e+01 -1.175000e+00
      vertex   4.309389e+01 -9.375252e+01 -1.247488e+00
      vertex   4.501256e+01 -9.375252e+01 -1.247488e+00
    endloop
  endfacet
  facet normal 0.000000e+00 -6.087609e-01 7.933538e-01
    outer loop
      vertex   4.501256e+01 -9.375252e+01 -1.247488e+00
      vertex   4.309389e+01 -9.375252e+01 -1.247488e+00
      vertex   4.501256e+01 -9.382500e+01 -1.303109e+00
    endloop
  endfacet
  facet normal 0.000000e+00 -3.826862e-01 -9.238784e-01
    outer loop
      vertex   2.774456e+01 -9.390941e+01 -6.619263e-01
      vertex   2.966322e+01 -9.382500e+01 -6.968916e-01
      vertex   2.966322e+01 -9.390941e+01 -6.619263e-01
    endloop
  endfacet
  facet normal -6.859908e-19 -3.826862e-01 -9.238784e-01
    outer loop
      vertex   2.966322e+01 -9.390941e+01 -6.619263e-01
      vertex   2.966322e+01 -9.382500e+01 -6.968916e-01
      vertex   3.158189e+01 -9.382500e+01 -6.968916e-01
    endloop
  endfacet
  facet normal 0.000000e+00 -3.826862e-01 -9.238784e-01
    outer loop
      vertex   2.966322e+01 -9.390941e+01 -6.619263e-01
      vertex   3.158189e+01 -9.382500e+01 -6.968916e-01
      vertex   3.158189e+01 -9.390941e+01 -6.619263e-01
    endloop
  endfacet
  facet normal -6.859908e-19 -3.826862e-01 -9.238784e-01
    outer loop
      vertex   3.158189e+01 -9.390941e+01 -6.619263e-01
      vertex   3.158189e+01 -9.382500e+01 -6.968916e-01
      vertex   3.350056e+01 -9.382500e+01 -6.968916e-01
    endloop
  endfacet
  facet normal -0.000000e+00 -3.826862e-01 -9.238784e-01
    outer loop
      vertex   3.733789e+01 -9.382500e+01 -6.968916e-01
      vertex   3.541922e+01 -9.390941e+01 -6.619263e-01
      vertex   3.541922e+01 -9.382500e+01 -6.968916e-01
    endloop
  endfacet
  facet normal -6.859908e-19 -3.826862e-01 -9.238784e-01
    outer loop
      vertex   3.541922e+01 -9.382500e+01 -6.968916e-01
      vertex   3.541922e+01 -9.390941e+01 -6.619263e-01
      vertex   3.350056e+01 -9.390941e+01 -6.619263e-01
    endloop
  endfacet
  facet normal 0.000000e+00 -1.305313e-01 -9.914442e-01
    outer loop
      vertex   3.733789e+01 -9.390941e+01 -6.619263e-01
      vertex   3.925656e+01 -9.390941e+01 -6.619263e-01
      vertex   4.500056e+01 -9.400000e+01 -6.500000e-01
    endloop
  endfacet
  facet normal -3.954120e-19 -1.305313e-01 -9.914442e-01
    outer loop
      vertex   4.500056e+01 -9.400000e+01 -6.500000e-01
      vertex   3.925656e+01 -9.390941e+01 -6.619263e-01
      vertex   4.117523e+01 -9.390941e+01 -6.619263e-01
    endloop
  endfacet
  facet normal -3.954120e-19 -1.305313e-01 -9.914442e-01
    outer loop
      vertex   4.500056e+01 -9.400000e+01 -6.500000e-01
      vertex   4.117523e+01 -9.390941e+01 -6.619263e-01
      vertex   4.309389e+01 -9.390941e+01 -6.619263e-01
    endloop
  endfacet
  facet normal -0.000000e+00 -3.826862e-01 -9.238784e-01
    outer loop
      vertex   4.309389e+01 -9.390941e+01 -6.619263e-01
      vertex   4.117523e+01 -9.390941e+01 -6.619263e-01
      vertex   4.309389e+01 -9.382500e+01 -6.968916e-01
    endloop
  endfacet
  facet normal 0.000000e+00 -3.826862e-01 -9.238784e-01
    outer loop
      vertex   3.733789e+01 -9.390941e+01 -6.619263e-01
      vertex   3.925656e+01 -9.382500e+01 -6.968916e-01
      vertex   3.925656e+01 -9.390941e+01 -6.619263e-01
    endloop
  endfacet
  facet normal -6.859908e-19 -3.826862e-01 -9.238784e-01
    outer loop
      vertex   3.925656e+01 -9.390941e+01 -6.619263e-01
      vertex   3.925656e+01 -9.382500e+01 -6.968916e-01
      vertex   4.117523e+01 -9.382500e+01 -6.968916e-01
    endloop
  endfacet
  facet normal 0.000000e+00 -3.826862e-01 -9.238784e-01
    outer loop
      vertex   3.925656e+01 -9.390941e+01 -6.619263e-01
      vertex   4.117523e+01 -9.382500e+01 -6.968916e-01
      vertex   4.117523e+01 -9.390941e+01 -6.619263e-01
    endloop
  endfacet
  facet normal -6.859908e-19 -3.826862e-01 -9.238784e-01
    outer loop
      vertex   4.117523e+01 -9.390941e+01 -6.619263e-01
      vertex   4.117523e+01 -9.382500e+01 -6.968916e-01
      vertex   4.309389e+01 -9.382500e+01 -6.968916e-01
    endloop
  endfacet
  facet normal -6.859908e-19 -3.826862e-01 -9.238784e-01
    outer loop
      vertex   2.582589e+01 -9.390941e+01 -6.619263e-01
      vertex   2.582589e+01 -9.382500e+01 -6.968916e-01
      vertex   2.774456e+01 -9.382500e+01 -6.968916e-01
    endloop
  endfacet
  facet normal -0.000000e+00 -6.087636e-01 -7.933517e-01
    outer loop
      vertex   2.774456e+01 -9.382500e+01 -6.968916e-01
      vertex   2.582589e+01 -9.382500e+01 -6.968916e-01
      vertex   2.774456e+01 -9.375251e+01 -7.525133e-01
    endloop
  endfacet
  facet normal 3.615178e-20 -6.087636e-01 -7.933517e-01
    outer loop
      vertex   2.774456e+01 -9.382500e+01 -6.968916e-01
      vertex   2.774456e+01 -9.375251e+01 -7.525133e-01
      vertex   2.966322e+01 -9.375251e+01 -7.525133e-01
    endloop
  endfacet
  facet normal -0.000000e+00 -7.933548e-01 -6.087595e-01
    outer loop
      vertex   2.966322e+01 -9.375251e+01 -7.525133e-01
      vertex   2.774456e+01 -9.375251e+01 -7.525133e-01
      vertex   2.966322e+01 -9.369689e+01 -8.250007e-01
    endloop
  endfacet
  facet normal -7.035554e-19 -7.933548e-01 -6.087595e-01
    outer loop
      vertex   2.966322e+01 -9.375251e+01 -7.525133e-01
      vertex   2.966322e+01 -9.369689e+01 -8.250007e-01
      vertex   3.158189e+01 -9.369689e+01 -8.250007e-01
    endloop
  endfacet
  facet normal -0.000000e+00 -9.234464e-01 -3.837275e-01
    outer loop
      vertex   3.158189e+01 -9.369689e+01 -8.250007e-01
      vertex   2.966322e+01 -9.369689e+01 -8.250007e-01
      vertex   2.966322e+01 -9.366213e+01 -9.086485e-01
    endloop
  endfacet
  facet normal -8.766234e-10 -9.234464e-01 -3.837275e-01
    outer loop
      vertex   3.158189e+01 -9.369689e+01 -8.250007e-01
      vertex   2.966322e+01 -9.366213e+01 -9.086485e-01
      vertex   3.158189e+01 -9.366213e+01 -9.086485e-01
    endloop
  endfacet
  facet normal 8.918425e-10 -9.912965e-01 -1.316480e-01
    outer loop
      vertex   3.158189e+01 -9.366213e+01 -9.086485e-01
      vertex   2.966322e+01 -9.366213e+01 -9.086485e-01
      vertex   2.966322e+01 -9.365000e+01 -1.000000e+00
    endloop
  endfacet
  facet normal 6.358659e-13 -9.912965e-01 -1.316479e-01
    outer loop
      vertex   3.158189e+01 -9.366213e+01 -9.086485e-01
      vertex   2.966322e+01 -9.365000e+01 -1.000000e+00
      vertex   3.158189e+01 -9.365000e+01 -1.000000e+00
    endloop
  endfacet
  facet normal -6.358659e-13 -9.912965e-01 1.316479e-01
    outer loop
      vertex   3.158189e+01 -9.365000e+01 -1.000000e+00
      vertex   2.966322e+01 -9.365000e+01 -1.000000e+00
      vertex   3.158189e+01 -9.366213e+01 -1.091352e+00
    endloop
  endfacet
  facet normal -0.000000e+00 -6.087636e-01 -7.933517e-01
    outer loop
      vertex   2.774456e+01 -9.375251e+01 -7.525133e-01
      vertex   2.582589e+01 -9.382500e+01 -6.968916e-01
      vertex   2.582589e+01 -9.375251e+01 -7.525133e-01
    endloop
  endfacet
  facet normal 0.000000e+00 -6.087636e-01 -7.933517e-01
    outer loop
      vertex   2.966322e+01 -9.382500e+01 -6.968916e-01
      vertex   3.158189e+01 -9.375251e+01 -7.525133e-01
      vertex   3.158189e+01 -9.382500e+01 -6.968916e-01
    endloop
  endfacet
  facet normal 3.615178e-20 -6.087636e-01 -7.933517e-01
    outer loop
      vertex   3.158189e+01 -9.382500e+01 -6.968916e-01
      vertex   3.158189e+01 -9.375251e+01 -7.525133e-01
      vertex   3.350056e+01 -9.375251e+01 -7.525133e-01
    endloop
  endfacet
  facet normal 0.000000e+00 -6.087636e-01 -7.933517e-01
    outer loop
      vertex   3.158189e+01 -9.382500e+01 -6.968916e-01
      vertex   3.350056e+01 -9.375251e+01 -7.525133e-01
      vertex   3.350056e+01 -9.382500e+01 -6.968916e-01
    endloop
  endfacet
  facet normal 3.615178e-20 -6.087636e-01 -7.933517e-01
    outer loop
      vertex   3.350056e+01 -9.382500e+01 -6.968916e-01
      vertex   3.350056e+01 -9.375251e+01 -7.525133e-01
      vertex   3.541922e+01 -9.375251e+01 -7.525133e-01
    endloop
  endfacet
  facet normal -0.000000e+00 -6.087636e-01 -7.933517e-01
    outer loop
      vertex   3.925656e+01 -9.375251e+01 -7.525133e-01
      vertex   3.733789e+01 -9.382500e+01 -6.968916e-01
      vertex   3.733789e+01 -9.375251e+01 -7.525133e-01
    endloop
  endfacet
  facet normal 3.615178e-20 -6.087636e-01 -7.933517e-01
    outer loop
      vertex   3.733789e+01 -9.375251e+01 -7.525133e-01
      vertex   3.733789e+01 -9.382500e+01 -6.968916e-01
      vertex   3.541922e+01 -9.382500e+01 -6.968916e-01
    endloop
  endfacet
  facet normal 3.615178e-20 -6.087636e-01 -7.933517e-01
    outer loop
      vertex   4.309389e+01 -9.375251e+01 -7.525133e-01
      vertex   4.309389e+01 -9.382500e+01 -6.968916e-01
      vertex   4.117523e+01 -9.382500e+01 -6.968916e-01
    endloop
  endfacet
  facet normal -0.000000e+00 -6.087636e-01 -7.933517e-01
    outer loop
      vertex   4.309389e+01 -9.375251e+01 -7.525133e-01
      vertex   4.117523e+01 -9.382500e+01 -6.968916e-01
      vertex   4.117523e+01 -9.375251e+01 -7.525133e-01
    endloop
  endfacet
  facet normal 3.615178e-20 -6.087636e-01 -7.933517e-01
    outer loop
      vertex   4.117523e+01 -9.375251e+01 -7.525133e-01
      vertex   4.117523e+01 -9.382500e+01 -6.968916e-01
      vertex   3.925656e+01 -9.382500e+01 -6.968916e-01
    endloop
  endfacet
  facet normal -0.000000e+00 -7.933548e-01 -6.087595e-01
    outer loop
      vertex   2.774456e+01 -9.375251e+01 -7.525133e-01
      vertex   2.582589e+01 -9.375251e+01 -7.525133e-01
      vertex   2.774456e+01 -9.369689e+01 -8.250007e-01
    endloop
  endfacet
  facet normal -0.000000e+00 -7.933548e-01 -6.087595e-01
    outer loop
      vertex   2.774456e+01 -9.369689e+01 -8.250007e-01
      vertex   2.582589e+01 -9.375251e+01 -7.525133e-01
      vertex   2.582589e+01 -9.369689e+01 -8.250007e-01
    endloop
  endfacet
  facet normal -0.000000e+00 -9.234464e-01 -3.837276e-01
    outer loop
      vertex   2.774456e+01 -9.369689e+01 -8.250007e-01
      vertex   2.582589e+01 -9.369689e+01 -8.250007e-01
      vertex   2.582589e+01 -9.366213e+01 -9.086485e-01
    endloop
  endfacet
  facet normal -8.766374e-10 -9.234464e-01 -3.837276e-01
    outer loop
      vertex   2.582589e+01 -9.366213e+01 -9.086485e-01
      vertex   2.582589e+01 -9.369689e+01 -8.250007e-01
      vertex   2.390722e+01 -9.366213e+01 -9.086485e-01
    endloop
  endfacet
  facet normal 8.918275e-10 -9.912965e-01 -1.316480e-01
    outer loop
      vertex   2.582589e+01 -9.366213e+01 -9.086485e-01
      vertex   2.390722e+01 -9.366213e+01 -9.086485e-01
      vertex   2.390722e+01 -9.365000e+01 -1.000000e+00
    endloop
  endfacet
  facet normal 6.358815e-13 -9.912965e-01 -1.316480e-01
    outer loop
      vertex   2.390722e+01 -9.365000e+01 -1.000000e+00
      vertex   2.390722e+01 -9.366213e+01 -9.086485e-01
      vertex   2.198856e+01 -9.365000e+01 -1.000000e+00
    endloop
  endfacet
  facet normal -6.358815e-13 -9.912965e-01 1.316480e-01
    outer loop
      vertex   2.390722e+01 -9.365000e+01 -1.000000e+00
      vertex   2.198856e+01 -9.365000e+01 -1.000000e+00
      vertex   2.390722e+01 -9.366213e+01 -1.091352e+00
    endloop
  endfacet
  facet normal 8.927148e-10 -9.912965e-01 1.316480e-01
    outer loop
      vertex   2.390722e+01 -9.366213e+01 -1.091352e+00
      vertex   2.198856e+01 -9.365000e+01 -1.000000e+00
      vertex   2.198856e+01 -9.366213e+01 -1.091352e+00
    endloop
  endfacet
  facet normal -8.774990e-10 -9.234457e-01 3.837292e-01
    outer loop
      vertex   2.390722e+01 -9.366213e+01 -1.091352e+00
      vertex   2.198856e+01 -9.366213e+01 -1.091352e+00
      vertex   2.390722e+01 -9.369689e+01 -1.175000e+00
    endloop
  endfacet
  facet normal 0.000000e+00 -7.933548e-01 -6.087595e-01
    outer loop
      vertex   3.158189e+01 -9.375251e+01 -7.525133e-01
      vertex   3.350056e+01 -9.369689e+01 -8.250007e-01
      vertex   3.350056e+01 -9.375251e+01 -7.525133e-01
    endloop
  endfacet
  facet normal -7.035554e-19 -7.933548e-01 -6.087595e-01
    outer loop
      vertex   3.350056e+01 -9.375251e+01 -7.525133e-01
      vertex   3.350056e+01 -9.369689e+01 -8.250007e-01
      vertex   3.541922e+01 -9.369689e+01 -8.250007e-01
    endloop
  endfacet
  facet normal 0.000000e+00 -7.933548e-01 -6.087595e-01
    outer loop
      vertex   3.350056e+01 -9.375251e+01 -7.525133e-01
      vertex   3.541922e+01 -9.369689e+01 -8.250007e-01
      vertex   3.541922e+01 -9.375251e+01 -7.525133e-01
    endloop
  endfacet
  facet normal -7.035554e-19 -7.933548e-01 -6.087595e-01
    outer loop
      vertex   3.541922e+01 -9.375251e+01 -7.525133e-01
      vertex   3.541922e+01 -9.369689e+01 -8.250007e-01
      vertex   3.733789e+01 -9.369689e+01 -8.250007e-01
    endloop
  endfacet
  facet normal -0.000000e+00 -7.933548e-01 -6.087595e-01
    outer loop
      vertex   4.117523e+01 -9.369689e+01 -8.250007e-01
      vertex   3.925656e+01 -9.375251e+01 -7.525133e-01
      vertex   3.925656e+01 -9.369689e+01 -8.250007e-01
    endloop
  endfacet
  facet normal -7.035554e-19 -7.933548e-01 -6.087595e-01
    outer loop
      vertex   3.925656e+01 -9.369689e+01 -8.250007e-01
      vertex   3.925656e+01 -9.375251e+01 -7.525133e-01
      vertex   3.733789e+01 -9.375251e+01 -7.525133e-01
    endloop
  endfacet
  facet normal -7.035554e-19 -7.933548e-01 -6.087595e-01
    outer loop
      vertex   4.309389e+01 -9.369689e+01 -8.250007e-01
      vertex   4.309389e+01 -9.375251e+01 -7.525133e-01
      vertex   4.117523e+01 -9.375251e+01 -7.525133e-01
    endloop
  endfacet
  facet normal -7.035554e-19 -7.933548e-01 -6.087595e-01
    outer loop
      vertex   2.774456e+01 -9.375251e+01 -7.525133e-01
      vertex   2.774456e+01 -9.369689e+01 -8.250007e-01
      vertex   2.966322e+01 -9.369689e+01 -8.250007e-01
    endloop
  endfacet
  facet normal -0.000000e+00 -9.234464e-01 -3.837275e-01
    outer loop
      vertex   2.966322e+01 -9.369689e+01 -8.250007e-01
      vertex   2.774456e+01 -9.369689e+01 -8.250007e-01
      vertex   2.774456e+01 -9.366213e+01 -9.086485e-01
    endloop
  endfacet
  facet normal -8.766372e-10 -9.234464e-01 -3.837275e-01
    outer loop
      vertex   2.966322e+01 -9.369689e+01 -8.250007e-01
      vertex   2.774456e+01 -9.366213e+01 -9.086485e-01
      vertex   2.966322e+01 -9.366213e+01 -9.086485e-01
    endloop
  endfacet
  facet normal 8.918277e-10 -9.912965e-01 -1.316480e-01
    outer loop
      vertex   2.966322e+01 -9.366213e+01 -9.086485e-01
      vertex   2.774456e+01 -9.366213e+01 -9.086485e-01
      vertex   2.774456e+01 -9.365000e+01 -1.000000e+00
    endloop
  endfacet
  facet normal 6.358812e-13 -9.912965e-01 -1.316480e-01
    outer loop
      vertex   2.966322e+01 -9.366213e+01 -9.086485e-01
      vertex   2.774456e+01 -9.365000e+01 -1.000000e+00
      vertex   2.966322e+01 -9.365000e+01 -1.000000e+00
    endloop
  endfacet
  facet normal -6.358812e-13 -9.912965e-01 1.316480e-01
    outer loop
      vertex   2.966322e+01 -9.365000e+01 -1.000000e+00
      vertex   2.774456e+01 -9.365000e+01 -1.000000e+00
      vertex   2.966322e+01 -9.366213e+01 -1.091352e+00
    endloop
  endfacet
  facet normal 8.927152e-10 -9.912965e-01 1.316480e-01
    outer loop
      vertex   2.966322e+01 -9.365000e+01 -1.000000e+00
      vertex   2.966322e+01 -9.366213e+01 -1.091352e+00
      vertex   3.158189e+01 -9.366213e+01 -1.091352e+00
    endloop
  endfacet
  facet normal -8.774986e-10 -9.234457e-01 3.837291e-01
    outer loop
      vertex   3.158189e+01 -9.366213e+01 -1.091352e+00
      vertex   2.966322e+01 -9.366213e+01 -1.091352e+00
      vertex   3.158189e+01 -9.369689e+01 -1.175000e+00
    endloop
  endfacet
  facet normal -8.766237e-10 -9.234464e-01 -3.837275e-01
    outer loop
      vertex   2.774456e+01 -9.366213e+01 -9.086485e-01
      vertex   2.774456e+01 -9.369689e+01 -8.250007e-01
      vertex   2.582589e+01 -9.366213e+01 -9.086485e-01
    endloop
  endfacet
  facet normal 0.000000e+00 -9.234464e-01 -3.837275e-01
    outer loop
      vertex   3.350056e+01 -9.369689e+01 -8.250007e-01
      vertex   3.350056e+01 -9.366213e+01 -9.086485e-01
      vertex   3.541922e+01 -9.369689e+01 -8.250007e-01
    endloop
  endfacet
  facet normal -8.766232e-10 -9.234464e-01 -3.837275e-01
    outer loop
      vertex   3.541922e+01 -9.369689e+01 -8.250007e-01
      vertex   3.350056e+01 -9.366213e+01 -9.086485e-01
      vertex   3.541922e+01 -9.366213e+01 -9.086485e-01
    endloop
  endfacet
  facet normal 0.000000e+00 -9.234464e-01 -3.837275e-01
    outer loop
      vertex   3.541922e+01 -9.369689e+01 -8.250007e-01
      vertex   3.541922e+01 -9.366213e+01 -9.086485e-01
      vertex   3.733789e+01 -9.369689e+01 -8.250007e-01
    endloop
  endfacet
  facet normal -8.766369e-10 -9.234464e-01 -3.837275e-01
    outer loop
      vertex   3.733789e+01 -9.369689e+01 -8.250007e-01
      vertex   3.541922e+01 -9.366213e+01 -9.086485e-01
      vertex   3.733789e+01 -9.366213e+01 -9.086485e-01
    endloop
  endfacet
  facet normal -8.766298e-10 -9.234464e-01 -3.837274e-01
    outer loop
      vertex   4.117523e+01 -9.366213e+01 -9.086486e-01
      vertex   4.117523e+01 -9.369689e+01 -8.250007e-01
      vertex   3.925656e+01 -9.366213e+01 -9.086486e-01
    endloop
  endfacet
  facet normal -6.494734e-19 -9.234464e-01 -3.837274e-01
    outer loop
      vertex   3.925656e+01 -9.366213e+01 -9.086486e-01
      vertex   4.117523e+01 -9.369689e+01 -8.250007e-01
      vertex   3.925656e+01 -9.369689e+01 -8.250007e-01
    endloop
  endfacet
  facet normal 8.918423e-10 -9.912965e-01 -1.316480e-01
    outer loop
      vertex   2.774456e+01 -9.366213e+01 -9.086485e-01
      vertex   2.582589e+01 -9.366213e+01 -9.086485e-01
      vertex   2.582589e+01 -9.365000e+01 -1.000000e+00
    endloop
  endfacet
  facet normal 6.358662e-13 -9.912965e-01 -1.316480e-01
    outer loop
      vertex   2.582589e+01 -9.365000e+01 -1.000000e+00
      vertex   2.582589e+01 -9.366213e+01 -9.086485e-01
      vertex   2.390722e+01 -9.365000e+01 -1.000000e+00
    endloop
  endfacet
  facet normal -6.358662e-13 -9.912965e-01 1.316480e-01
    outer loop
      vertex   2.582589e+01 -9.365000e+01 -1.000000e+00
      vertex   2.390722e+01 -9.365000e+01 -1.000000e+00
      vertex   2.582589e+01 -9.366213e+01 -1.091352e+00
    endloop
  endfacet
  facet normal 8.927149e-10 -9.912965e-01 1.316480e-01
    outer loop
      vertex   2.582589e+01 -9.366213e+01 -1.091352e+00
      vertex   2.390722e+01 -9.365000e+01 -1.000000e+00
      vertex   2.390722e+01 -9.366213e+01 -1.091352e+00
    endloop
  endfacet
  facet normal -8.774989e-10 -9.234457e-01 3.837291e-01
    outer loop
      vertex   2.582589e+01 -9.366213e+01 -1.091352e+00
      vertex   2.390722e+01 -9.366213e+01 -1.091352e+00
      vertex   2.582589e+01 -9.369689e+01 -1.175000e+00
    endloop
  endfacet
  facet normal 0.000000e+00 -9.234457e-01 3.837292e-01
    outer loop
      vertex   2.582589e+01 -9.369689e+01 -1.175000e+00
      vertex   2.390722e+01 -9.366213e+01 -1.091352e+00
      vertex   2.390722e+01 -9.369689e+01 -1.175000e+00
    endloop
  endfacet
  facet normal 0.000000e+00 -7.933527e-01 6.087622e-01
    outer loop
      vertex   2.582589e+01 -9.369689e+01 -1.175000e+00
      vertex   2.390722e+01 -9.369689e+01 -1.175000e+00
      vertex   2.582589e+01 -9.375252e+01 -1.247488e+00
    endloop
  endfacet
  facet normal 8.918428e-10 -9.912965e-01 -1.316479e-01
    outer loop
      vertex   3.350056e+01 -9.366213e+01 -9.086485e-01
      vertex   3.350056e+01 -9.365000e+01 -1.000000e+00
      vertex   3.541922e+01 -9.366213e+01 -9.086485e-01
    endloop
  endfacet
  facet normal 6.358659e-13 -9.912965e-01 -1.316479e-01
    outer loop
      vertex   3.541922e+01 -9.366213e+01 -9.086485e-01
      vertex   3.350056e+01 -9.365000e+01 -1.000000e+00
      vertex   3.541922e+01 -9.365000e+01 -1.000000e+00
    endloop
  endfacet
  facet normal 8.918282e-10 -9.912965e-01 -1.316479e-01
    outer loop
      vertex   3.541922e+01 -9.366213e+01 -9.086485e-01
      vertex   3.541922e+01 -9.365000e+01 -1.000000e+00
      vertex   3.733789e+01 -9.366213e+01 -9.086485e-01
    endloop
  endfacet
  facet normal 6.358803e-13 -9.912965e-01 -1.316479e-01
    outer loop
      vertex   3.733789e+01 -9.366213e+01 -9.086485e-01
      vertex   3.541922e+01 -9.365000e+01 -1.000000e+00
      vertex   3.733789e+01 -9.365000e+01 -1.000000e+00
    endloop
  endfacet
  facet normal 6.358807e-13 -9.912965e-01 -1.316478e-01
    outer loop
      vertex   4.117523e+01 -9.365000e+01 -1.000000e+00
      vertex   4.117523e+01 -9.366213e+01 -9.086486e-01
      vertex   3.925656e+01 -9.365000e+01 -1.000000e+00
    endloop
  endfacet
  facet normal 8.918358e-10 -9.912965e-01 -1.316479e-01
    outer loop
      vertex   3.925656e+01 -9.365000e+01 -1.000000e+00
      vertex   4.117523e+01 -9.366213e+01 -9.086486e-01
      vertex   3.925656e+01 -9.366213e+01 -9.086486e-01
    endloop
  endfacet
  facet normal 6.358653e-13 -9.912966e-01 -1.316478e-01
    outer loop
      vertex   4.501256e+01 -9.365000e+01 -1.000000e+00
      vertex   4.501256e+01 -9.366213e+01 -9.086486e-01
      vertex   4.309389e+01 -9.365000e+01 -1.000000e+00
    endloop
  endfacet
  facet normal 8.918213e-10 -9.912965e-01 -1.316478e-01
    outer loop
      vertex   4.309389e+01 -9.365000e+01 -1.000000e+00
      vertex   4.501256e+01 -9.366213e+01 -9.086486e-01
      vertex   4.309389e+01 -9.366213e+01 -9.086486e-01
    endloop
  endfacet
  facet normal 6.358664e-13 -9.912965e-01 -1.316480e-01
    outer loop
      vertex   2.774456e+01 -9.366213e+01 -9.086485e-01
      vertex   2.582589e+01 -9.365000e+01 -1.000000e+00
      vertex   2.774456e+01 -9.365000e+01 -1.000000e+00
    endloop
  endfacet
  facet normal -6.358661e-13 -9.912965e-01 1.316480e-01
    outer loop
      vertex   2.774456e+01 -9.365000e+01 -1.000000e+00
      vertex   2.582589e+01 -9.365000e+01 -1.000000e+00
      vertex   2.774456e+01 -9.366213e+01 -1.091352e+00
    endloop
  endfacet
  facet normal 8.927151e-10 -9.912965e-01 1.316480e-01
    outer loop
      vertex   2.774456e+01 -9.365000e+01 -1.000000e+00
      vertex   2.774456e+01 -9.366213e+01 -1.091352e+00
      vertex   2.966322e+01 -9.366213e+01 -1.091352e+00
    endloop
  endfacet
  facet normal -8.774987e-10 -9.234457e-01 3.837291e-01
    outer loop
      vertex   2.966322e+01 -9.366213e+01 -1.091352e+00
      vertex   2.774456e+01 -9.366213e+01 -1.091352e+00
      vertex   2.966322e+01 -9.369689e+01 -1.175000e+00
    endloop
  endfacet
  facet normal -1.026847e-18 -9.234457e-01 3.837291e-01
    outer loop
      vertex   2.966322e+01 -9.366213e+01 -1.091352e+00
      vertex   2.966322e+01 -9.369689e+01 -1.175000e+00
      vertex   3.158189e+01 -9.369689e+01 -1.175000e+00
    endloop
  endfacet
  facet normal 0.000000e+00 -7.933527e-01 6.087622e-01
    outer loop
      vertex   3.158189e+01 -9.369689e+01 -1.175000e+00
      vertex   2.966322e+01 -9.369689e+01 -1.175000e+00
      vertex   3.158189e+01 -9.375252e+01 -1.247488e+00
    endloop
  endfacet
  facet normal 8.927077e-10 -9.912965e-01 1.316480e-01
    outer loop
      vertex   2.774456e+01 -9.366213e+01 -1.091352e+00
      vertex   2.582589e+01 -9.365000e+01 -1.000000e+00
      vertex   2.582589e+01 -9.366213e+01 -1.091352e+00
    endloop
  endfacet
  facet normal -6.358657e-13 -9.912965e-01 1.316479e-01
    outer loop
      vertex   3.350056e+01 -9.365000e+01 -1.000000e+00
      vertex   3.541922e+01 -9.366213e+01 -1.091351e+00
      vertex   3.541922e+01 -9.365000e+01 -1.000000e+00
    endloop
  endfacet
  facet normal 8.927156e-10 -9.912965e-01 1.316479e-01
    outer loop
      vertex   3.541922e+01 -9.365000e+01 -1.000000e+00
      vertex   3.541922e+01 -9.366213e+01 -1.091351e+00
      vertex   3.733789e+01 -9.366213e+01 -1.091351e+00
    endloop
  endfacet
  facet normal -6.358809e-13 -9.912965e-01 1.316479e-01
    outer loop
      vertex   3.541922e+01 -9.365000e+01 -1.000000e+00
      vertex   3.733789e+01 -9.366213e+01 -1.091351e+00
      vertex   3.733789e+01 -9.365000e+01 -1.000000e+00
    endloop
  endfacet
  facet normal 8.927084e-10 -9.912965e-01 1.316479e-01
    outer loop
      vertex   3.733789e+01 -9.365000e+01 -1.000000e+00
      vertex   3.733789e+01 -9.366213e+01 -1.091351e+00
      vertex   3.925656e+01 -9.366213e+01 -1.091351e+00
    endloop
  endfacet
  facet normal 8.927086e-10 -9.912965e-01 1.316478e-01
    outer loop
      vertex   4.309389e+01 -9.366213e+01 -1.091351e+00
      vertex   4.117523e+01 -9.365000e+01 -1.000000e+00
      vertex   4.117523e+01 -9.366213e+01 -1.091351e+00
    endloop
  endfacet
  facet normal -6.358809e-13 -9.912965e-01 1.316478e-01
    outer loop
      vertex   4.117523e+01 -9.366213e+01 -1.091351e+00
      vertex   4.117523e+01 -9.365000e+01 -1.000000e+00
      vertex   3.925656e+01 -9.365000e+01 -1.000000e+00
    endloop
  endfacet
  facet normal -6.358647e-13 -9.912966e-01 1.316478e-01
    outer loop
      vertex   4.501256e+01 -9.366213e+01 -1.091351e+00
      vertex   4.501256e+01 -9.365000e+01 -1.000000e+00
      vertex   4.309389e+01 -9.365000e+01 -1.000000e+00
    endloop
  endfacet
  facet normal -8.775056e-10 -9.234457e-01 3.837291e-01
    outer loop
      vertex   2.774456e+01 -9.366213e+01 -1.091352e+00
      vertex   2.582589e+01 -9.366213e+01 -1.091352e+00
      vertex   2.774456e+01 -9.369689e+01 -1.175000e+00
    endloop
  endfacet
  facet normal 0.000000e+00 -9.234457e-01 3.837291e-01
    outer loop
      vertex   2.774456e+01 -9.369689e+01 -1.175000e+00
      vertex   2.582589e+01 -9.366213e+01 -1.091352e+00
      vertex   2.582589e+01 -9.369689e+01 -1.175000e+00
    endloop
  endfacet
  facet normal 0.000000e+00 -7.933527e-01 6.087622e-01
    outer loop
      vertex   2.774456e+01 -9.369689e+01 -1.175000e+00
      vertex   2.582589e+01 -9.369689e+01 -1.175000e+00
      vertex   2.774456e+01 -9.375252e+01 -1.247488e+00
    endloop
  endfacet
  facet normal 0.000000e+00 -7.933527e-01 6.087622e-01
    outer loop
      vertex   2.774456e+01 -9.375252e+01 -1.247488e+00
      vertex   2.582589e+01 -9.369689e+01 -1.175000e+00
      vertex   2.582589e+01 -9.375252e+01 -1.247488e+00
    endloop
  endfacet
  facet normal 0.000000e+00 -6.087609e-01 7.933538e-01
    outer loop
      vertex   2.774456e+01 -9.375252e+01 -1.247488e+00
      vertex   2.582589e+01 -9.375252e+01 -1.247488e+00
      vertex   2.774456e+01 -9.382500e+01 -1.303109e+00
    endloop
  endfacet
  facet normal -8.774983e-10 -9.234457e-01 3.837290e-01
    outer loop
      vertex   3.541922e+01 -9.366213e+01 -1.091351e+00
      vertex   3.733789e+01 -9.369689e+01 -1.175000e+00
      vertex   3.733789e+01 -9.366213e+01 -1.091351e+00
    endloop
  endfacet
  facet normal -3.338218e-19 -9.234457e-01 3.837290e-01
    outer loop
      vertex   3.733789e+01 -9.366213e+01 -1.091351e+00
      vertex   3.733789e+01 -9.369689e+01 -1.175000e+00
      vertex   3.925656e+01 -9.369689e+01 -1.175000e+00
    endloop
  endfacet
  facet normal -8.775050e-10 -9.234457e-01 3.837290e-01
    outer loop
      vertex   3.733789e+01 -9.366213e+01 -1.091351e+00
      vertex   3.925656e+01 -9.369689e+01 -1.175000e+00
      vertex   3.925656e+01 -9.366213e+01 -1.091351e+00
    endloop
  endfacet
  facet normal 8.741633e-19 -9.234457e-01 3.837290e-01
    outer loop
      vertex   3.925656e+01 -9.366213e+01 -1.091351e+00
      vertex   3.925656e+01 -9.369689e+01 -1.175000e+00
      vertex   4.117523e+01 -9.369689e+01 -1.175000e+00
    endloop
  endfacet
  facet normal 0.000000e+00 -9.234458e-01 3.837290e-01
    outer loop
      vertex   4.501256e+01 -9.369689e+01 -1.175000e+00
      vertex   4.309389e+01 -9.366213e+01 -1.091351e+00
      vertex   4.309389e+01 -9.369689e+01 -1.175000e+00
    endloop
  endfacet
  facet normal -8.775048e-10 -9.234458e-01 3.837290e-01
    outer loop
      vertex   4.309389e+01 -9.369689e+01 -1.175000e+00
      vertex   4.309389e+01 -9.366213e+01 -1.091351e+00
      vertex   4.117523e+01 -9.366213e+01 -1.091351e+00
    endloop
  endfacet
  facet normal -1.623323e-19 -9.234457e-01 3.837291e-01
    outer loop
      vertex   2.774456e+01 -9.366213e+01 -1.091352e+00
      vertex   2.774456e+01 -9.369689e+01 -1.175000e+00
      vertex   2.966322e+01 -9.369689e+01 -1.175000e+00
    endloop
  endfacet
  facet normal 0.000000e+00 -7.933527e-01 6.087622e-01
    outer loop
      vertex   2.966322e+01 -9.369689e+01 -1.175000e+00
      vertex   2.774456e+01 -9.369689e+01 -1.175000e+00
      vertex   2.966322e+01 -9.375252e+01 -1.247488e+00
    endloop
  endfacet
  facet normal -2.015652e-18 -7.933527e-01 6.087622e-01
    outer loop
      vertex   2.966322e+01 -9.369689e+01 -1.175000e+00
      vertex   2.966322e+01 -9.375252e+01 -1.247488e+00
      vertex   3.158189e+01 -9.375252e+01 -1.247488e+00
    endloop
  endfacet
  facet normal 0.000000e+00 -6.087609e-01 7.933538e-01
    outer loop
      vertex   3.158189e+01 -9.375252e+01 -1.247488e+00
      vertex   2.966322e+01 -9.375252e+01 -1.247488e+00
      vertex   3.158189e+01 -9.382500e+01 -1.303109e+00
    endloop
  endfacet
  facet normal 0.000000e+00 -7.933527e-01 6.087622e-01
    outer loop
      vertex   2.966322e+01 -9.375252e+01 -1.247488e+00
      vertex   2.774456e+01 -9.369689e+01 -1.175000e+00
      vertex   2.774456e+01 -9.375252e+01 -1.247488e+00
    endloop
  endfacet
  facet normal 0.000000e+00 -7.933527e-01 6.087622e-01
    outer loop
      vertex   3.733789e+01 -9.375252e+01 -1.247488e+00
      vertex   3.541922e+01 -9.369689e+01 -1.175000e+00
      vertex   3.541922e+01 -9.375252e+01 -1.247488e+00
    endloop
  endfacet
  facet normal 0.000000e+00 -7.933527e-01 6.087622e-01
    outer loop
      vertex   3.733789e+01 -9.369689e+01 -1.175000e+00
      vertex   3.925656e+01 -9.375252e+01 -1.247488e+00
      vertex   3.925656e+01 -9.369689e+01 -1.175000e+00
    endloop
  endfacet
  facet normal -2.015652e-18 -7.933527e-01 6.087622e-01
    outer loop
      vertex   3.925656e+01 -9.369689e+01 -1.175000e+00
      vertex   3.925656e+01 -9.375252e+01 -1.247488e+00
      vertex   4.117523e+01 -9.375252e+01 -1.247488e+00
    endloop
  endfacet
  facet normal 0.000000e+00 -7.933527e-01 6.087622e-01
    outer loop
      vertex   3.925656e+01 -9.369689e+01 -1.175000e+00
      vertex   4.117523e+01 -9.375252e+01 -1.247488e+00
      vertex   4.117523e+01 -9.369689e+01 -1.175000e+00
    endloop
  endfacet
  facet normal -2.015652e-18 -7.933527e-01 6.087622e-01
    outer loop
      vertex   4.117523e+01 -9.369689e+01 -1.175000e+00
      vertex   4.117523e+01 -9.375252e+01 -1.247488e+00
      vertex   4.309389e+01 -9.375252e+01 -1.247488e+00
    endloop
  endfacet
  facet normal -2.015652e-18 -7.933527e-01 6.087622e-01
    outer loop
      vertex   4.501256e+01 -9.375252e+01 -1.247488e+00
      vertex   4.501256e+01 -9.369689e+01 -1.175000e+00
      vertex   4.309389e+01 -9.369689e+01 -1.175000e+00
    endloop
  endfacet
  facet normal -2.015652e-18 -7.933527e-01 6.087622e-01
    outer loop
      vertex   2.198856e+01 -9.369689e+01 -1.175000e+00
      vertex   2.198856e+01 -9.375252e+01 -1.247488e+00
      vertex   2.390722e+01 -9.375252e+01 -1.247488e+00
    endloop
  endfacet
  facet normal 0.000000e+00 -6.087609e-01 7.933538e-01
    outer loop
      vertex   2.390722e+01 -9.375252e+01 -1.247488e+00
      vertex   2.198856e+01 -9.375252e+01 -1.247488e+00
      vertex   2.390722e+01 -9.382500e+01 -1.303109e+00
    endloop
  endfacet
  facet normal 7.519070e-19 -6.087609e-01 7.933538e-01
    outer loop
      vertex   2.390722e+01 -9.375252e+01 -1.247488e+00
      vertex   2.390722e+01 -9.382500e+01 -1.303109e+00
      vertex   2.582589e+01 -9.382500e+01 -1.303109e+00
    endloop
  endfacet
  facet normal 0.000000e+00 -3.826830e-01 9.238797e-01
    outer loop
      vertex   2.582589e+01 -9.382500e+01 -1.303109e+00
      vertex   2.390722e+01 -9.382500e+01 -1.303109e+00
      vertex   2.582589e+01 -9.390942e+01 -1.338074e+00
    endloop
  endfacet
  facet normal -7.408679e-19 -3.826830e-01 9.238797e-01
    outer loop
      vertex   2.582589e+01 -9.382500e+01 -1.303109e+00
      vertex   2.582589e+01 -9.390942e+01 -1.338074e+00
      vertex   2.774456e+01 -9.390942e+01 -1.338074e+00
    endloop
  endfacet
  facet normal 0.000000e+00 -1.305260e-01 9.914449e-01
    outer loop
      vertex   2.774456e+01 -9.390942e+01 -1.338074e+00
      vertex   2.582589e+01 -9.390942e+01 -1.338074e+00
      vertex   2.200056e+01 -9.400000e+01 -1.350000e+00
    endloop
  endfacet
  facet normal 0.000000e+00 -6.087609e-01 7.933538e-01
    outer loop
      vertex   2.966322e+01 -9.375252e+01 -1.247488e+00
      vertex   2.774456e+01 -9.375252e+01 -1.247488e+00
      vertex   2.966322e+01 -9.382500e+01 -1.303109e+00
    endloop
  endfacet
  facet normal 0.000000e+00 -6.087609e-01 7.933538e-01
    outer loop
      vertex   2.966322e+01 -9.382500e+01 -1.303109e+00
      vertex   2.774456e+01 -9.375252e+01 -1.247488e+00
      vertex   2.774456e+01 -9.382500e+01 -1.303109e+00
    endloop
  endfacet
  facet normal 0.000000e+00 -3.826830e-01 9.238797e-01
    outer loop
      vertex   2.966322e+01 -9.382500e+01 -1.303109e+00
      vertex   2.774456e+01 -9.382500e+01 -1.303109e+00
      vertex   2.966322e+01 -9.390942e+01 -1.338074e+00
    endloop
  endfacet
  facet normal 0.000000e+00 -6.087609e-01 7.933538e-01
    outer loop
      vertex   3.733789e+01 -9.375252e+01 -1.247488e+00
      vertex   3.541922e+01 -9.375252e+01 -1.247488e+00
      vertex   3.733789e+01 -9.382500e+01 -1.303109e+00
    endloop
  endfacet
  facet normal 0.000000e+00 -6.087609e-01 7.933538e-01
    outer loop
      vertex   3.733789e+01 -9.382500e+01 -1.303109e+00
      vertex   3.541922e+01 -9.375252e+01 -1.247488e+00
      vertex   3.541922e+01 -9.382500e+01 -1.303109e+00
    endloop
  endfacet
  facet normal 0.000000e+00 -3.826830e-01 9.238797e-01
    outer loop
      vertex   3.733789e+01 -9.382500e+01 -1.303109e+00
      vertex   3.541922e+01 -9.382500e+01 -1.303109e+00
      vertex   3.733789e+01 -9.390942e+01 -1.338074e+00
    endloop
  endfacet
  facet normal 0.000000e+00 -3.826830e-01 9.238797e-01
    outer loop
      vertex   3.733789e+01 -9.390942e+01 -1.338074e+00
      vertex   3.541922e+01 -9.382500e+01 -1.303109e+00
      vertex   3.541922e+01 -9.390942e+01 -1.338074e+00
    endloop
  endfacet
  facet normal 0.000000e+00 -1.305260e-01 9.914449e-01
    outer loop
      vertex   3.733789e+01 -9.390942e+01 -1.338074e+00
      vertex   3.541922e+01 -9.390942e+01 -1.338074e+00
      vertex   4.500056e+01 -9.400000e+01 -1.350000e+00
    endloop
  endfacet
  facet normal 0.000000e+00 -6.087609e-01 7.933538e-01
    outer loop
      vertex   3.925656e+01 -9.375252e+01 -1.247488e+00
      vertex   4.117523e+01 -9.382500e+01 -1.303109e+00
      vertex   4.117523e+01 -9.375252e+01 -1.247488e+00
    endloop
  endfacet
  facet normal 7.519070e-19 -6.087609e-01 7.933538e-01
    outer loop
      vertex   4.117523e+01 -9.375252e+01 -1.247488e+00
      vertex   4.117523e+01 -9.382500e+01 -1.303109e+00
      vertex   4.309389e+01 -9.382500e+01 -1.303109e+00
    endloop
  endfacet
  facet normal 0.000000e+00 -6.087609e-01 7.933538e-01
    outer loop
      vertex   4.117523e+01 -9.375252e+01 -1.247488e+00
      vertex   4.309389e+01 -9.382500e+01 -1.303109e+00
      vertex   4.309389e+01 -9.375252e+01 -1.247488e+00
    endloop
  endfacet
  facet normal 7.519070e-19 -6.087609e-01 7.933538e-01
    outer loop
      vertex   4.309389e+01 -9.375252e+01 -1.247488e+00
      vertex   4.309389e+01 -9.382500e+01 -1.303109e+00
      vertex   4.501256e+01 -9.382500e+01 -1.303109e+00
    endloop
  endfacet
  facet normal 7.519070e-19 -6.087609e-01 7.933538e-01
    outer loop
      vertex   2.198856e+01 -9.375252e+01 -1.247488e+00
      vertex   2.198856e+01 -9.382500e+01 -1.303109e+00
      vertex   2.390722e+01 -9.382500e+01 -1.303109e+00
    endloop
  endfacet
  facet normal 0.000000e+00 -3.826830e-01 9.238797e-01
    outer loop
      vertex   2.390722e+01 -9.382500e+01 -1.303109e+00
      vertex   2.198856e+01 -9.382500e+01 -1.303109e+00
      vertex   2.390722e+01 -9.390942e+01 -1.338074e+00
    endloop
  endfacet
  facet normal -7.408679e-19 -3.826830e-01 9.238797e-01
    outer loop
      vertex   2.390722e+01 -9.382500e+01 -1.303109e+00
      vertex   2.390722e+01 -9.390942e+01 -1.338074e+00
      vertex   2.582589e+01 -9.390942e+01 -1.338074e+00
    endloop
  endfacet
  facet normal 0.000000e+00 -1.305260e-01 9.914449e-01
    outer loop
      vertex   2.582589e+01 -9.390942e+01 -1.338074e+00
      vertex   2.390722e+01 -9.390942e+01 -1.338074e+00
      vertex   2.200056e+01 -9.400000e+01 -1.350000e+00
    endloop
  endfacet
  facet normal -7.408679e-19 -3.826830e-01 9.238797e-01
    outer loop
      vertex   3.158189e+01 -9.390942e+01 -1.338074e+00
      vertex   3.158189e+01 -9.382500e+01 -1.303109e+00
      vertex   2.966322e+01 -9.382500e+01 -1.303109e+00
    endloop
  endfacet
  facet normal 0.000000e+00 -6.087609e-01 7.933538e-01
    outer loop
      vertex   2.966322e+01 -9.382500e+01 -1.303109e+00
      vertex   3.158189e+01 -9.382500e+01 -1.303109e+00
      vertex   2.966322e+01 -9.375252e+01 -1.247488e+00
    endloop
  endfacet
  facet normal 0.000000e+00 -3.826830e-01 9.238797e-01
    outer loop
      vertex   3.158189e+01 -9.390942e+01 -1.338074e+00
      vertex   2.966322e+01 -9.382500e+01 -1.303109e+00
      vertex   2.966322e+01 -9.390942e+01 -1.338074e+00
    endloop
  endfacet
  facet normal 7.519070e-19 -6.087609e-01 7.933538e-01
    outer loop
      vertex   3.733789e+01 -9.375252e+01 -1.247488e+00
      vertex   3.733789e+01 -9.382500e+01 -1.303109e+00
      vertex   3.925656e+01 -9.382500e+01 -1.303109e+00
    endloop
  endfacet
  facet normal 0.000000e+00 -3.826830e-01 9.238797e-01
    outer loop
      vertex   3.925656e+01 -9.382500e+01 -1.303109e+00
      vertex   3.733789e+01 -9.382500e+01 -1.303109e+00
      vertex   3.925656e+01 -9.390942e+01 -1.338074e+00
    endloop
  endfacet
  facet normal -7.408679e-19 -3.826830e-01 9.238797e-01
    outer loop
      vertex   3.925656e+01 -9.382500e+01 -1.303109e+00
      vertex   3.925656e+01 -9.390942e+01 -1.338074e+00
      vertex   4.117523e+01 -9.390942e+01 -1.338074e+00
    endloop
  endfacet
  facet normal 0.000000e+00 -1.305260e-01 9.914449e-01
    outer loop
      vertex   4.117523e+01 -9.390942e+01 -1.338074e+00
      vertex   3.925656e+01 -9.390942e+01 -1.338074e+00
      vertex   4.500056e+01 -9.400000e+01 -1.350000e+00
    endloop
  endfacet
  facet normal 0.000000e+00 -3.826830e-01 9.238797e-01
    outer loop
      vertex   3.925656e+01 -9.390942e+01 -1.338074e+00
      vertex   3.733789e+01 -9.382500e+01 -1.303109e+00
      vertex   3.733789e+01 -9.390942e+01 -1.338074e+00
    endloop
  endfacet
  facet normal -7.408679e-19 -3.826830e-01 9.238797e-01
    outer loop
      vertex   4.501256e+01 -9.390942e+01 -1.338074e+00
      vertex   4.501256e+01 -9.382500e+01 -1.303109e+00
      vertex   4.309389e+01 -9.382500e+01 -1.303109e+00
    endloop
  endfacet
  facet normal 0.000000e+00 -3.826830e-01 9.238797e-01
    outer loop
      vertex   4.501256e+01 -9.390942e+01 -1.338074e+00
      vertex   4.309389e+01 -9.382500e+01 -1.303109e+00
      vertex   4.309389e+01 -9.390942e+01 -1.338074e+00
    endloop
  endfacet
  facet normal -7.408679e-19 -3.826830e-01 9.238797e-01
    outer loop
      vertex   4.309389e+01 -9.390942e+01 -1.338074e+00
      vertex   4.309389e+01 -9.382500e+01 -1.303109e+00
      vertex   4.117523e+01 -9.382500e+01 -1.303109e+00
    endloop
  endfacet
  facet normal -1.291392e-19 -1.305260e-01 9.914449e-01
    outer loop
      vertex   2.200056e+01 -9.400000e+01 -1.350000e+00
      vertex   2.390722e+01 -9.390942e+01 -1.338074e+00
      vertex   2.198856e+01 -9.390942e+01 -1.338074e+00
    endloop
  endfacet
  facet normal 0.000000e+00 -3.826830e-01 9.238797e-01
    outer loop
      vertex   2.198856e+01 -9.390942e+01 -1.338074e+00
      vertex   2.390722e+01 -9.390942e+01 -1.338074e+00
      vertex   2.198856e+01 -9.382500e+01 -1.303109e+00
    endloop
  endfacet
  facet normal -1.291392e-19 -1.305260e-01 9.914449e-01
    outer loop
      vertex   4.500056e+01 -9.400000e+01 -1.350000e+00
      vertex   3.925656e+01 -9.390942e+01 -1.338074e+00
      vertex   3.733789e+01 -9.390942e+01 -1.338074e+00
    endloop
  endfacet
  facet normal 0.000000e+00 -1.000000e+00 -1.859729e-06
    outer loop
      vertex   2.200056e+01 -9.400000e+01 -1.350000e+00
      vertex   2.200056e+01 -9.400000e+01 -2.000000e+00
      vertex   4.500056e+01 -9.400000e+01 -1.350000e+00
    endloop
  endfacet
  facet normal 5.493369e-08 -1.000000e+00 -3.803537e-06
    outer loop
      vertex   4.500056e+01 -9.400000e+01 -1.350000e+00
      vertex   2.200056e+01 -9.400000e+01 -2.000000e+00
      vertex   4.500056e+01 -9.400000e+01 -2.000000e+00
    endloop
  endfacet
  facet normal 5.493369e-08 -1.000000e+00 -1.259737e-10
    outer loop
      vertex   4.500056e+01 -9.400000e+01 -6.500000e-01
      vertex   4.500056e+01 -9.400000e+01 -4.442489e-09
      vertex   2.200056e+01 -9.400000e+01 -6.500000e-01
    endloop
  endfacet
  facet normal 5.493369e-08 -1.000000e+00 -1.260393e-10
    outer loop
      vertex   2.200056e+01 -9.400000e+01 -6.500000e-01
      vertex   4.500056e+01 -9.400000e+01 -4.442489e-09
      vertex   2.200056e+01 -9.400000e+01 -1.430842e-08
    endloop
  endfacet
  facet normal -6.178633e-16 1.000000e+00 1.259934e-10
    outer loop
      vertex   2.200056e+01 -9.150000e+01 1.110223e-15
      vertex   4.500056e+01 -9.150000e+01 -5.551115e-16
      vertex   2.200056e+01 -9.150000e+01 -2.000000e+00
    endloop
  endfacet
  facet normal -1.235727e-15 1.000000e+00 1.260005e-10
    outer loop
      vertex   2.200056e+01 -9.150000e+01 -2.000000e+00
      vertex   4.500056e+01 -9.150000e+01 -5.551115e-16
      vertex   4.500056e+01 -9.150000e+01 -2.000000e+00
    endloop
  endfacet
  facet normal 9.974521e-01 7.133918e-02 4.368487e-10
    outer loop
      vertex   1.900056e+01 -8.850000e+01 -2.000000e+00
      vertex   1.900056e+01 -8.850000e+01 1.110223e-15
      vertex   1.903110e+01 -8.892694e+01 -2.000000e+00
    endloop
  endfacet
  facet normal 9.974521e-01 7.133918e-02 4.368499e-10
    outer loop
      vertex   1.903110e+01 -8.892694e+01 -2.000000e+00
      vertex   1.900056e+01 -8.850000e+01 1.110223e-15
      vertex   1.903110e+01 -8.892694e+01 2.108649e-07
    endloop
  endfacet
  facet normal 9.771469e-01 2.125653e-01 4.459335e-10
    outer loop
      vertex   1.903110e+01 -8.892694e+01 -2.000000e+00
      vertex   1.903110e+01 -8.892694e+01 2.108649e-07
      vertex   1.912208e+01 -8.934520e+01 -2.000000e+00
    endloop
  endfacet
  facet normal 9.771469e-01 2.125653e-01 4.459350e-10
    outer loop
      vertex   1.912208e+01 -8.934520e+01 -2.000000e+00
      vertex   1.903110e+01 -8.892694e+01 2.108649e-07
      vertex   1.912208e+01 -8.934520e+01 2.127534e-07
    endloop
  endfacet
  facet normal 9.369497e-01 3.494642e-01 4.459416e-10
    outer loop
      vertex   1.912208e+01 -8.934520e+01 -2.000000e+00
      vertex   1.912208e+01 -8.934520e+01 2.127534e-07
      vertex   1.927166e+01 -8.974625e+01 -2.000000e+00
    endloop
  endfacet
  facet normal 9.369497e-01 3.494642e-01 4.459416e-10
    outer loop
      vertex   1.927166e+01 -8.974625e+01 -2.000000e+00
      vertex   1.912208e+01 -8.934520e+01 2.127534e-07
      vertex   1.927166e+01 -8.974625e+01 2.144466e-07
    endloop
  endfacet
  facet normal 8.776790e-01 4.792490e-01 4.368701e-10
    outer loop
      vertex   1.927166e+01 -8.974625e+01 -2.000000e+00
      vertex   1.927166e+01 -8.974625e+01 2.144466e-07
      vertex   1.947680e+01 -9.012192e+01 -2.000000e+00
    endloop
  endfacet
  facet normal 8.776790e-01 4.792490e-01 4.368716e-10
    outer loop
      vertex   1.947680e+01 -9.012192e+01 -2.000000e+00
      vertex   1.927166e+01 -8.974625e+01 2.144466e-07
      vertex   1.947680e+01 -9.012192e+01 2.159099e-07
    endloop
  endfacet
  facet normal 8.005412e-01 5.992777e-01 4.189066e-10
    outer loop
      vertex   1.947680e+01 -9.012192e+01 -2.000000e+00
      vertex   1.947680e+01 -9.012192e+01 2.159099e-07
      vertex   1.973331e+01 -9.046458e+01 -2.000000e+00
    endloop
  endfacet
  facet normal 8.005412e-01 5.992777e-01 4.189052e-10
    outer loop
      vertex   1.973331e+01 -9.046458e+01 -2.000000e+00
      vertex   1.947680e+01 -9.012192e+01 2.159099e-07
      vertex   1.973331e+01 -9.046458e+01 2.171135e-07
    endloop
  endfacet
  facet normal 7.071068e-01 7.071068e-01 3.924125e-10
    outer loop
      vertex   1.973331e+01 -9.046458e+01 -2.000000e+00
      vertex   1.973331e+01 -9.046458e+01 2.171135e-07
      vertex   2.003598e+01 -9.076725e+01 -2.000000e+00
    endloop
  endfacet
  facet normal 7.071068e-01 7.071068e-01 3.924125e-10
    outer loop
      vertex   2.003598e+01 -9.076725e+01 -2.000000e+00
      vertex   1.973331e+01 -9.046458e+01 2.171135e-07
      vertex   2.003598e+01 -9.076725e+01 2.180331e-07
    endloop
  endfacet
  facet normal 5.992777e-01 8.005412e-01 3.579315e-10
    outer loop
      vertex   2.003598e+01 -9.076725e+01 -2.000000e+00
      vertex   2.003598e+01 -9.076725e+01 2.180331e-07
      vertex   2.037864e+01 -9.102376e+01 -2.000000e+00
    endloop
  endfacet
  facet normal 5.992777e-01 8.005412e-01 3.579315e-10
    outer loop
      vertex   2.037864e+01 -9.102376e+01 -2.000000e+00
      vertex   2.003598e+01 -9.076725e+01 2.180331e-07
      vertex   2.037864e+01 -9.102376e+01 2.186497e-07
    endloop
  endfacet
  facet normal 4.792490e-01 8.776790e-01 3.161641e-10
    outer loop
      vertex   2.037864e+01 -9.102376e+01 -2.000000e+00
      vertex   2.037864e+01 -9.102376e+01 2.186497e-07
      vertex   2.075431e+01 -9.122890e+01 -2.000000e+00
    endloop
  endfacet
  facet normal 4.792490e-01 8.776790e-01 3.161641e-10
    outer loop
      vertex   2.075431e+01 -9.122890e+01 -2.000000e+00
      vertex   2.037864e+01 -9.102376e+01 2.186497e-07
      vertex   2.075431e+01 -9.122890e+01 2.189510e-07
    endloop
  endfacet
  facet normal 3.494642e-01 9.369497e-01 2.679604e-10
    outer loop
      vertex   2.075431e+01 -9.122890e+01 -2.000000e+00
      vertex   2.075431e+01 -9.122890e+01 2.189510e-07
      vertex   2.115536e+01 -9.137848e+01 -2.000000e+00
    endloop
  endfacet
  facet normal 3.494642e-01 9.369497e-01 2.679538e-10
    outer loop
      vertex   2.115536e+01 -9.137848e+01 -2.000000e+00
      vertex   2.075431e+01 -9.122890e+01 2.189510e-07
      vertex   2.115536e+01 -9.137848e+01 2.189307e-07
    endloop
  endfacet
  facet normal 2.125653e-01 9.771469e-01 2.142949e-10
    outer loop
      vertex   2.115536e+01 -9.137848e+01 -2.000000e+00
      vertex   2.115536e+01 -9.137848e+01 2.189307e-07
      vertex   2.157361e+01 -9.146946e+01 2.185892e-07
    endloop
  endfacet
  facet normal 2.125653e-01 9.771469e-01 2.142949e-10
    outer loop
      vertex   2.115536e+01 -9.137848e+01 -2.000000e+00
      vertex   2.157361e+01 -9.146946e+01 2.185892e-07
      vertex   2.157361e+01 -9.146946e+01 -2.000000e+00
    endloop
  endfacet
  facet normal 7.133916e-02 9.974521e-01 1.562737e-10
    outer loop
      vertex   2.157361e+01 -9.146946e+01 -2.000000e+00
      vertex   2.157361e+01 -9.146946e+01 2.185892e-07
      vertex   2.200056e+01 -9.150000e+01 1.110223e-15
    endloop
  endfacet
  facet normal 7.133916e-02 9.974521e-01 1.562737e-10
    outer loop
      vertex   2.157361e+01 -9.146946e+01 -2.000000e+00
      vertex   2.200056e+01 -9.150000e+01 1.110223e-15
      vertex   2.200056e+01 -9.150000e+01 -2.000000e+00
    endloop
  endfacet
  facet normal 1.000000e+00 -6.966105e-16 4.289546e-10
    outer loop
      vertex   1.900056e+01 -6.300000e+01 -5.551115e-16
      vertex   1.900056e+01 -8.850000e+01 1.110223e-15
      vertex   1.900056e+01 -6.300000e+01 -2.000000e+00
    endloop
  endfacet
  facet normal 1.000000e+00 -8.359326e-16 4.289529e-10
    outer loop
      vertex   1.900056e+01 -6.300000e+01 -2.000000e+00
      vertex   1.900056e+01 -8.850000e+01 1.110223e-15
      vertex   1.900056e+01 -8.850000e+01 -2.000000e+00
    endloop
  endfacet
  facet normal 7.116165e-02 -9.974648e-01 -9.515244e-11
    outer loop
      vertex   2.200112e+01 -6.000000e+01 -2.000000e+00
      vertex   2.200112e+01 -6.000000e+01 -5.551115e-16
      vertex   2.157412e+01 -6.003046e+01 -2.000000e+00
    endloop
  endfacet
  facet normal 7.116165e-02 -9.974648e-01 -9.515244e-11
    outer loop
      vertex   2.157412e+01 -6.003046e+01 -2.000000e+00
      vertex   2.200112e+01 -6.000000e+01 -5.551115e-16
      vertex   2.157412e+01 -6.003046e+01 6.372024e-08
    endloop
  endfacet
  facet normal 2.124079e-01 -9.771811e-01 -3.200850e-11
    outer loop
      vertex   2.157412e+01 -6.003046e+01 -2.000000e+00
      vertex   2.157412e+01 -6.003046e+01 6.372024e-08
      vertex   2.115580e+01 -6.012139e+01 -2.000000e+00
    endloop
  endfacet
  facet normal 2.124079e-01 -9.771811e-01 -3.200850e-11
    outer loop
      vertex   2.115580e+01 -6.012139e+01 -2.000000e+00
      vertex   2.157412e+01 -6.003046e+01 6.372024e-08
      vertex   2.115580e+01 -6.012139e+01 6.495790e-08
    endloop
  endfacet
  facet normal 3.493292e-01 -9.370001e-01 3.178719e-11
    outer loop
      vertex   2.115580e+01 -6.012139e+01 -2.000000e+00
      vertex   2.115580e+01 -6.012139e+01 6.495790e-08
      vertex   2.075468e+01 -6.027094e+01 -2.000000e+00
    endloop
  endfacet
  facet normal 3.493292e-01 -9.370001e-01 3.178386e-11
    outer loop
      vertex   2.075468e+01 -6.027094e+01 -2.000000e+00
      vertex   2.115580e+01 -6.012139e+01 6.495790e-08
      vertex   2.075468e+01 -6.027094e+01 6.645182e-08
    endloop
  endfacet
  facet normal 4.791374e-01 -8.777399e-01 9.493252e-11
    outer loop
      vertex   2.075468e+01 -6.027094e+01 -2.000000e+00
      vertex   2.075468e+01 -6.027094e+01 6.645182e-08
      vertex   2.037894e+01 -6.047605e+01 -2.000000e+00
    endloop
  endfacet
  facet normal 4.791374e-01 -8.777399e-01 9.493734e-11
    outer loop
      vertex   2.037894e+01 -6.047605e+01 -2.000000e+00
      vertex   2.075468e+01 -6.027094e+01 6.645182e-08
      vertex   2.037894e+01 -6.047605e+01 6.817159e-08
    endloop
  endfacet
  facet normal 5.991895e-01 -8.006072e-01 1.561531e-10
    outer loop
      vertex   2.037894e+01 -6.047605e+01 -2.000000e+00
      vertex   2.037894e+01 -6.047605e+01 6.817159e-08
      vertex   2.003621e+01 -6.073255e+01 -2.000000e+00
    endloop
  endfacet
  facet normal 5.991895e-01 -8.006072e-01 1.561521e-10
    outer loop
      vertex   2.003621e+01 -6.073255e+01 -2.000000e+00
      vertex   2.037894e+01 -6.047605e+01 6.817159e-08
      vertex   2.003621e+01 -6.073255e+01 7.008217e-08
    endloop
  endfacet
  facet normal 7.070409e-01 -7.071727e-01 2.141881e-10
    outer loop
      vertex   2.003621e+01 -6.073255e+01 -2.000000e+00
      vertex   2.003621e+01 -6.073255e+01 7.008217e-08
      vertex   1.973348e+01 -6.103523e+01 -2.000000e+00
    endloop
  endfacet
  facet normal 7.070409e-01 -7.071727e-01 2.141868e-10
    outer loop
      vertex   1.973348e+01 -6.103523e+01 -2.000000e+00
      vertex   2.003621e+01 -6.073255e+01 7.008217e-08
      vertex   1.973348e+01 -6.103523e+01 7.214467e-08
    endloop
  endfacet
  facet normal 8.004956e-01 -5.993387e-01 2.678614e-10
    outer loop
      vertex   1.973348e+01 -6.103523e+01 -2.000000e+00
      vertex   1.973348e+01 -6.103523e+01 7.214467e-08
      vertex   1.947691e+01 -6.137791e+01 -2.000000e+00
    endloop
  endfacet
  facet normal 8.004956e-01 -5.993387e-01 2.678614e-10
    outer loop
      vertex   1.947691e+01 -6.137791e+01 -2.000000e+00
      vertex   1.973348e+01 -6.103523e+01 7.214467e-08
      vertex   1.947691e+01 -6.137791e+01 7.431709e-08
    endloop
  endfacet
  facet normal 8.776506e-01 -4.793010e-01 3.160818e-10
    outer loop
      vertex   1.947691e+01 -6.137791e+01 -2.000000e+00
      vertex   1.947691e+01 -6.137791e+01 7.431709e-08
      vertex   1.927173e+01 -6.175362e+01 -2.000000e+00
    endloop
  endfacet
  facet normal 8.776506e-01 -4.793010e-01 3.160818e-10
    outer loop
      vertex   1.927173e+01 -6.175362e+01 -2.000000e+00
      vertex   1.947691e+01 -6.137791e+01 7.431709e-08
      vertex   1.927173e+01 -6.175362e+01 7.655520e-08
    endloop
  endfacet
  facet normal 9.369349e-01 -3.495038e-01 3.578662e-10
    outer loop
      vertex   1.927173e+01 -6.175362e+01 -2.000000e+00
      vertex   1.927173e+01 -6.175362e+01 7.655520e-08
      vertex   1.912211e+01 -6.215470e+01 -2.000000e+00
    endloop
  endfacet
  facet normal 9.369349e-01 -3.495038e-01 3.578637e-10
    outer loop
      vertex   1.912211e+01 -6.215470e+01 -2.000000e+00
      vertex   1.927173e+01 -6.175362e+01 7.655520e-08
      vertex   1.912211e+01 -6.215470e+01 7.881342e-08
    endloop
  endfacet
  facet normal 9.771415e-01 -2.125901e-01 3.923621e-10
    outer loop
      vertex   1.912211e+01 -6.215470e+01 -2.000000e+00
      vertex   1.912211e+01 -6.215470e+01 7.881342e-08
      vertex   1.903110e+01 -6.257301e+01 -2.000000e+00
    endloop
  endfacet
  facet normal 9.771415e-01 -2.125901e-01 3.923637e-10
    outer loop
      vertex   1.903110e+01 -6.257301e+01 -2.000000e+00
      vertex   1.912211e+01 -6.215470e+01 7.881342e-08
      vertex   1.903110e+01 -6.257301e+01 8.104578e-08
    endloop
  endfacet
  facet normal 9.974515e-01 -7.134756e-02 4.188719e-10
    outer loop
      vertex   1.903110e+01 -6.257301e+01 -2.000000e+00
      vertex   1.903110e+01 -6.257301e+01 8.104578e-08
      vertex   1.900056e+01 -6.300000e+01 -5.551115e-16
    endloop
  endfacet
  facet normal 9.974515e-01 -7.134756e-02 4.188719e-10
    outer loop
      vertex   1.900056e+01 -6.300000e+01 -5.551115e-16
      vertex   1.900056e+01 -6.300000e+01 -2.000000e+00
      vertex   1.903110e+01 -6.257301e+01 -2.000000e+00
    endloop
  endfacet
  facet normal 3.089467e-16 -1.000000e+00 -1.259970e-10
    outer loop
      vertex   4.500000e+01 -6.000000e+01 5.551115e-16
      vertex   2.200112e+01 -6.000000e+01 -5.551115e-16
      vertex   4.500000e+01 -6.000000e+01 -2.000000e+00
    endloop
  endfacet
  facet normal 3.089467e-16 -1.000000e+00 -1.259970e-10
    outer loop
      vertex   4.500000e+01 -6.000000e+01 -2.000000e+00
      vertex   2.200112e+01 -6.000000e+01 -5.551115e-16
      vertex   2.200112e+01 -6.000000e+01 -2.000000e+00
    endloop
  endfacet
  facet normal -9.975246e-01 -7.031894e-02 -4.367528e-10
    outer loop
      vertex   4.800056e+01 -6.300324e+01 -2.000000e+00
      vertex   4.800056e+01 -6.300324e+01 5.551115e-16
      vertex   4.797043e+01 -6.257592e+01 -2.000000e+00
    endloop
  endfacet
  facet normal -9.975246e-01 -7.031894e-02 -4.367528e-10
    outer loop
      vertex   4.797043e+01 -6.257592e+01 -2.000000e+00
      vertex   4.800056e+01 -6.300324e+01 5.551115e-16
      vertex   4.797043e+01 -6.257592e+01 2.642492e-08
    endloop
  endfacet
  facet normal -9.773394e-01 -2.116783e-01 -4.459051e-10
    outer loop
      vertex   4.797043e+01 -6.257592e+01 -2.000000e+00
      vertex   4.797043e+01 -6.257592e+01 2.642492e-08
      vertex   4.787976e+01 -6.215725e+01 2.453374e-08
    endloop
  endfacet
  facet normal -9.773394e-01 -2.116783e-01 -4.459086e-10
    outer loop
      vertex   4.797043e+01 -6.257592e+01 -2.000000e+00
      vertex   4.787976e+01 -6.215725e+01 2.453374e-08
      vertex   4.787976e+01 -6.215725e+01 -2.000000e+00
    endloop
  endfacet
  facet normal -9.372264e-01 -3.487216e-01 -4.459688e-10
    outer loop
      vertex   4.787976e+01 -6.215725e+01 -2.000000e+00
      vertex   4.787976e+01 -6.215725e+01 2.453374e-08
      vertex   4.773037e+01 -6.175576e+01 2.283804e-08
    endloop
  endfacet
  facet normal -9.372264e-01 -3.487216e-01 -4.459655e-10
    outer loop
      vertex   4.787976e+01 -6.215725e+01 -2.000000e+00
      vertex   4.773037e+01 -6.175576e+01 2.283804e-08
      vertex   4.773037e+01 -6.175576e+01 -2.000000e+00
    endloop
  endfacet
  facet normal -8.780034e-01 -4.786544e-01 -4.369326e-10
    outer loop
      vertex   4.773037e+01 -6.175576e+01 -2.000000e+00
      vertex   4.773037e+01 -6.175576e+01 2.283804e-08
      vertex   4.752532e+01 -6.137964e+01 2.137240e-08
    endloop
  endfacet
  facet normal -8.780034e-01 -4.786544e-01 -4.369309e-10
    outer loop
      vertex   4.773037e+01 -6.175576e+01 -2.000000e+00
      vertex   4.752532e+01 -6.137964e+01 2.137240e-08
      vertex   4.752532e+01 -6.137964e+01 -2.000000e+00
    endloop
  endfacet
  facet normal -8.008780e-01 -5.988276e-01 -4.189887e-10
    outer loop
      vertex   4.752532e+01 -6.137964e+01 -2.000000e+00
      vertex   4.752532e+01 -6.137964e+01 2.137240e-08
      vertex   4.726880e+01 -6.103656e+01 2.016669e-08
    endloop
  endfacet
  facet normal -8.008780e-01 -5.988276e-01 -4.189937e-10
    outer loop
      vertex   4.752532e+01 -6.137964e+01 -2.000000e+00
      vertex   4.726880e+01 -6.103656e+01 2.016669e-08
      vertex   4.726880e+01 -6.103656e+01 -2.000000e+00
    endloop
  endfacet
  facet normal -7.074228e-01 -7.067907e-01 -3.925083e-10
    outer loop
      vertex   4.726880e+01 -6.103656e+01 -2.000000e+00
      vertex   4.726880e+01 -6.103656e+01 2.016669e-08
      vertex   4.696602e+01 -6.073352e+01 1.924551e-08
    endloop
  endfacet
  facet normal -7.074228e-01 -7.067907e-01 -3.925058e-10
    outer loop
      vertex   4.726880e+01 -6.103656e+01 -2.000000e+00
      vertex   4.696602e+01 -6.073352e+01 1.924551e-08
      vertex   4.696602e+01 -6.073352e+01 -2.000000e+00
    endloop
  endfacet
  facet normal -5.995433e-01 -8.003424e-01 -3.580176e-10
    outer loop
      vertex   4.696602e+01 -6.073352e+01 -2.000000e+00
      vertex   4.696602e+01 -6.073352e+01 1.924551e-08
      vertex   4.662317e+01 -6.047668e+01 -2.000000e+00
    endloop
  endfacet
  facet normal -5.995433e-01 -8.003424e-01 -3.580247e-10
    outer loop
      vertex   4.662317e+01 -6.047668e+01 -2.000000e+00
      vertex   4.696602e+01 -6.073352e+01 1.924551e-08
      vertex   4.662317e+01 -6.047668e+01 1.862763e-08
    endloop
  endfacet
  facet normal -4.794391e-01 -8.775752e-01 -3.162360e-10
    outer loop
      vertex   4.662317e+01 -6.047668e+01 -2.000000e+00
      vertex   4.662317e+01 -6.047668e+01 1.862763e-08
      vertex   4.624724e+01 -6.027130e+01 -2.000000e+00
    endloop
  endfacet
  facet normal -4.794391e-01 -8.775752e-01 -3.162263e-10
    outer loop
      vertex   4.624724e+01 -6.027130e+01 -2.000000e+00
      vertex   4.662317e+01 -6.047668e+01 1.862763e-08
      vertex   4.624724e+01 -6.027130e+01 1.832566e-08
    endloop
  endfacet
  facet normal -3.495592e-01 -9.369143e-01 -2.679901e-10
    outer loop
      vertex   4.624724e+01 -6.027130e+01 -2.000000e+00
      vertex   4.624724e+01 -6.027130e+01 1.832566e-08
      vertex   4.584588e+01 -6.012156e+01 -2.000000e+00
    endloop
  endfacet
  facet normal -3.495592e-01 -9.369143e-01 -2.679947e-10
    outer loop
      vertex   4.584588e+01 -6.012156e+01 -2.000000e+00
      vertex   4.624724e+01 -6.027130e+01 1.832566e-08
      vertex   4.584588e+01 -6.012156e+01 1.834575e-08
    endloop
  endfacet
  facet normal -2.125519e-01 -9.771498e-01 -2.142938e-10
    outer loop
      vertex   4.584588e+01 -6.012156e+01 -2.000000e+00
      vertex   4.584588e+01 -6.012156e+01 1.834575e-08
      vertex   4.542729e+01 -6.003051e+01 -2.000000e+00
    endloop
  endfacet
  facet normal -2.125519e-01 -9.771498e-01 -2.142946e-10
    outer loop
      vertex   4.542729e+01 -6.003051e+01 -2.000000e+00
      vertex   4.584588e+01 -6.012156e+01 1.834575e-08
      vertex   4.542729e+01 -6.003051e+01 1.868749e-08
    endloop
  endfacet
  facet normal -7.121063e-02 -9.974613e-01 -1.562238e-10
    outer loop
      vertex   4.542729e+01 -6.003051e+01 -2.000000e+00
      vertex   4.542729e+01 -6.003051e+01 1.868749e-08
      vertex   4.500000e+01 -6.000000e+01 5.551115e-16
    endloop
  endfacet
  facet normal -7.121063e-02 -9.974613e-01 -1.562233e-10
    outer loop
      vertex   4.500000e+01 -6.000000e+01 5.551115e-16
      vertex   4.500000e+01 -6.000000e+01 -2.000000e+00
      vertex   4.542729e+01 -6.003051e+01 -2.000000e+00
    endloop
  endfacet
  facet normal -1.000000e+00 -8.361452e-16 -4.289546e-10
    outer loop
      vertex   4.800056e+01 -8.849676e+01 5.997407e-19
      vertex   4.800056e+01 -6.300324e+01 5.551115e-16
      vertex   4.800056e+01 -8.849676e+01 -2.000000e+00
    endloop
  endfacet
  facet normal -1.000000e+00 -8.361452e-16 -4.289546e-10
    outer loop
      vertex   4.800056e+01 -8.849676e+01 -2.000000e+00
      vertex   4.800056e+01 -6.300324e+01 5.551115e-16
      vertex   4.800056e+01 -6.300324e+01 -2.000000e+00
    endloop
  endfacet
  facet normal -7.138817e-02 9.974486e-01 9.505678e-11
    outer loop
      vertex   4.500056e+01 -9.150000e+01 -2.000000e+00
      vertex   4.500056e+01 -9.150000e+01 -5.551115e-16
      vertex   4.542780e+01 -9.146942e+01 -2.000000e+00
    endloop
  endfacet
  facet normal -7.138817e-02 9.974486e-01 9.505019e-11
    outer loop
      vertex   4.542780e+01 -9.146942e+01 -2.000000e+00
      vertex   4.500056e+01 -9.150000e+01 -5.551115e-16
      vertex   4.542780e+01 -9.146942e+01 1.735542e-07
    endloop
  endfacet
  facet normal -2.127092e-01 9.771155e-01 3.186903e-11
    outer loop
      vertex   4.542780e+01 -9.146942e+01 -2.000000e+00
      vertex   4.542780e+01 -9.146942e+01 1.735542e-07
      vertex   4.584632e+01 -9.137831e+01 1.723152e-07
    endloop
  endfacet
  facet normal -2.127092e-01 9.771155e-01 3.186828e-11
    outer loop
      vertex   4.542780e+01 -9.146942e+01 -2.000000e+00
      vertex   4.584632e+01 -9.137831e+01 1.723152e-07
      vertex   4.584632e+01 -9.137831e+01 -2.000000e+00
    endloop
  endfacet
  facet normal -3.496942e-01 9.368639e-01 -3.196302e-11
    outer loop
      vertex   4.584632e+01 -9.137831e+01 -2.000000e+00
      vertex   4.584632e+01 -9.137831e+01 1.723152e-07
      vertex   4.624761e+01 -9.122853e+01 1.708198e-07
    endloop
  endfacet
  facet normal -3.496942e-01 9.368639e-01 -3.195761e-11
    outer loop
      vertex   4.584632e+01 -9.137831e+01 -2.000000e+00
      vertex   4.624761e+01 -9.122853e+01 1.708198e-07
      vertex   4.624761e+01 -9.122853e+01 -2.000000e+00
    endloop
  endfacet
  facet normal -4.795507e-01 8.775142e-01 -9.513822e-11
    outer loop
      vertex   4.624761e+01 -9.122853e+01 -2.000000e+00
      vertex   4.624761e+01 -9.122853e+01 1.708198e-07
      vertex   4.662347e+01 -9.102312e+01 1.690984e-07
    endloop
  endfacet
  facet normal -4.795507e-01 8.775142e-01 -9.513821e-11
    outer loop
      vertex   4.624761e+01 -9.122853e+01 -2.000000e+00
      vertex   4.662347e+01 -9.102312e+01 1.690984e-07
      vertex   4.662347e+01 -9.102312e+01 -2.000000e+00
    endloop
  endfacet
  facet normal -5.996314e-01 8.002763e-01 -1.563794e-10
    outer loop
      vertex   4.662347e+01 -9.102312e+01 -2.000000e+00
      vertex   4.662347e+01 -9.102312e+01 1.690984e-07
      vertex   4.696625e+01 -9.076628e+01 1.671860e-07
    endloop
  endfacet
  facet normal -5.996314e-01 8.002763e-01 -1.563908e-10
    outer loop
      vertex   4.662347e+01 -9.102312e+01 -2.000000e+00
      vertex   4.696625e+01 -9.076628e+01 1.671860e-07
      vertex   4.696625e+01 -9.076628e+01 -2.000000e+00
    endloop
  endfacet
  facet normal -7.074887e-01 7.067247e-01 -2.144429e-10
    outer loop
      vertex   4.696625e+01 -9.076628e+01 -2.000000e+00
      vertex   4.696625e+01 -9.076628e+01 1.671860e-07
      vertex   4.726897e+01 -9.046325e+01 1.651218e-07
    endloop
  endfacet
  facet normal -7.074887e-01 7.067247e-01 -2.144353e-10
    outer loop
      vertex   4.696625e+01 -9.076628e+01 -2.000000e+00
      vertex   4.726897e+01 -9.046325e+01 1.651218e-07
      vertex   4.726897e+01 -9.046325e+01 -2.000000e+00
    endloop
  endfacet
  facet normal -8.009237e-01 5.987665e-01 -2.681164e-10
    outer loop
      vertex   4.726897e+01 -9.046325e+01 -2.000000e+00
      vertex   4.726897e+01 -9.046325e+01 1.651218e-07
      vertex   4.752543e+01 -9.012019e+01 1.629477e-07
    endloop
  endfacet
  facet normal -8.009237e-01 5.987665e-01 -2.681193e-10
    outer loop
      vertex   4.726897e+01 -9.046325e+01 -2.000000e+00
      vertex   4.752543e+01 -9.012019e+01 1.629477e-07
      vertex   4.752543e+01 -9.012019e+01 -2.000000e+00
    endloop
  endfacet
  facet normal -8.780318e-01 4.786023e-01 -3.163350e-10
    outer loop
      vertex   4.752543e+01 -9.012019e+01 -2.000000e+00
      vertex   4.752543e+01 -9.012019e+01 1.629477e-07
      vertex   4.773043e+01 -8.974410e+01 1.607081e-07
    endloop
  endfacet
  facet normal -8.780318e-01 4.786023e-01 -3.163350e-10
    outer loop
      vertex   4.752543e+01 -9.012019e+01 -2.000000e+00
      vertex   4.773043e+01 -8.974410e+01 1.607081e-07
      vertex   4.773043e+01 -8.974410e+01 -2.000000e+00
    endloop
  endfacet
  facet normal -9.372411e-01 3.486818e-01 -3.581023e-10
    outer loop
      vertex   4.773043e+01 -8.974410e+01 -2.000000e+00
      vertex   4.773043e+01 -8.974410e+01 1.607081e-07
      vertex   4.787978e+01 -8.934265e+01 1.584486e-07
    endloop
  endfacet
  facet normal -9.372411e-01 3.486818e-01 -3.580990e-10
    outer loop
      vertex   4.773043e+01 -8.974410e+01 -2.000000e+00
      vertex   4.787978e+01 -8.934265e+01 1.584486e-07
      vertex   4.787978e+01 -8.934265e+01 -2.000000e+00
    endloop
  endfacet
  facet normal -9.773448e-01 2.116535e-01 -3.925661e-10
    outer loop
      vertex   4.787978e+01 -8.934265e+01 -2.000000e+00
      vertex   4.787978e+01 -8.934265e+01 1.584486e-07
      vertex   4.797044e+01 -8.892403e+01 1.562153e-07
    endloop
  endfacet
  facet normal -9.773448e-01 2.116535e-01 -3.925696e-10
    outer loop
      vertex   4.787978e+01 -8.934265e+01 -2.000000e+00
      vertex   4.797044e+01 -8.892403e+01 1.562153e-07
      vertex   4.797044e+01 -8.892403e+01 -2.000000e+00
    endloop
  endfacet
  facet normal -9.975252e-01 7.031048e-02 -4.190344e-10
    outer loop
      vertex   4.797044e+01 -8.892403e+01 -2.000000e+00
      vertex   4.797044e+01 -8.892403e+01 1.562153e-07
      vertex   4.800056e+01 -8.849676e+01 5.997407e-19
    endloop
  endfacet
  facet normal -9.975252e-01 7.031048e-02 -4.190344e-10
    outer loop
      vertex   4.797044e+01 -8.892403e+01 -2.000000e+00
      vertex   4.800056e+01 -8.849676e+01 5.997407e-19
      vertex   4.800056e+01 -8.849676e+01 -2.000000e+00
    endloop
  endfacet
  facet normal 9.988291e-01 4.837747e-02 4.378242e-10
    outer loop
      vertex   5.050056e+01 -6.300000e+01 -6.500000e-01
      vertex   5.047517e+01 -6.247589e+01 -6.502680e-01
      vertex   5.050056e+01 -6.300000e+01 1.924532e-09
    endloop
  endfacet
  facet normal 9.986244e-01 5.233569e-02 3.198287e-03
    outer loop
      vertex   5.050056e+01 -6.300000e+01 1.924532e-09
      vertex   5.047517e+01 -6.247589e+01 -6.502680e-01
      vertex   5.047043e+01 -6.242509e+01 2.096214e-08
    endloop
  endfacet
  facet normal 9.897295e-01 1.428984e-01 -3.940795e-03
    outer loop
      vertex   5.047043e+01 -6.242509e+01 2.096214e-08
      vertex   5.047517e+01 -6.247589e+01 -6.502680e-01
      vertex   5.039860e+01 -6.194592e+01 -6.651302e-01
    endloop
  endfacet
  facet normal 9.876704e-01 1.564316e-01 6.031163e-03
    outer loop
      vertex   5.047043e+01 -6.242509e+01 2.096214e-08
      vertex   5.039860e+01 -6.194592e+01 -6.651302e-01
      vertex   5.038037e+01 -6.185649e+01 1.833121e-08
    endloop
  endfacet
  facet normal 9.766924e-01 2.146337e-01 -2.095701e-03
    outer loop
      vertex   5.038037e+01 -6.185649e+01 1.833121e-08
      vertex   5.039860e+01 -6.194592e+01 -6.651302e-01
      vertex   5.034269e+01 -6.169172e+01 -6.875835e-01
    endloop
  endfacet
  facet normal 9.658860e-01 2.588084e-01 9.082396e-03
    outer loop
      vertex   5.038037e+01 -6.185649e+01 1.833121e-08
      vertex   5.034269e+01 -6.169172e+01 -6.875835e-01
      vertex   5.023137e+01 -6.130041e+01 1.587328e-08
    endloop
  endfacet
  facet normal 9.652548e-01 2.611993e-01 7.619519e-03
    outer loop
      vertex   5.023137e+01 -6.130041e+01 1.587328e-08
      vertex   5.034269e+01 -6.169172e+01 -6.875835e-01
      vertex   5.027764e+01 -6.145014e+01 -7.287545e-01
    endloop
  endfacet
  facet normal 9.534303e-01 3.016100e-01 -1.434383e-03
    outer loop
      vertex   5.023137e+01 -6.130041e+01 1.587328e-08
      vertex   5.027764e+01 -6.145014e+01 -7.287545e-01
      vertex   5.020675e+01 -6.122644e+01 -8.095929e-01
    endloop
  endfacet
  facet normal 9.446284e-01 3.281397e-01 1.257216e-03
    outer loop
      vertex   5.020675e+01 -6.122644e+01 -8.095929e-01
      vertex   5.018847e+01 -6.117368e+01 -8.416648e-01
      vertex   5.023137e+01 -6.130041e+01 1.587328e-08
    endloop
  endfacet
  facet normal 9.407547e-01 3.390737e-01 3.101007e-03
    outer loop
      vertex   5.023137e+01 -6.130041e+01 1.587328e-08
      vertex   5.018847e+01 -6.117368e+01 -8.416648e-01
      vertex   5.017039e+01 -6.112313e+01 -8.840719e-01
    endloop
  endfacet
  facet normal 9.376186e-01 3.476291e-01 5.032837e-03
    outer loop
      vertex   5.023137e+01 -6.130041e+01 1.587328e-08
      vertex   5.017039e+01 -6.112313e+01 -8.840719e-01
      vertex   5.016270e+01 -6.110204e+01 -9.086514e-01
    endloop
  endfacet
  facet normal 9.335529e-01 3.583574e-01 7.682127e-03
    outer loop
      vertex   5.023137e+01 -6.130041e+01 1.587328e-08
      vertex   5.016270e+01 -6.110204e+01 -9.086514e-01
      vertex   5.002506e+01 -6.076295e+01 1.361527e-08
    endloop
  endfacet
  facet normal 9.337890e-01 3.577359e-01 7.949825e-03
    outer loop
      vertex   5.002506e+01 -6.076295e+01 1.361527e-08
      vertex   5.016270e+01 -6.110204e+01 -9.086514e-01
      vertex   5.015651e+01 -6.108529e+01 -9.357402e-01
    endloop
  endfacet
  facet normal 9.318116e-01 3.628944e-01 5.895053e-03
    outer loop
      vertex   5.002506e+01 -6.076295e+01 1.361527e-08
      vertex   5.015651e+01 -6.108529e+01 -9.357402e-01
      vertex   5.015210e+01 -6.107344e+01 -9.672797e-01
    endloop
  endfacet
  facet normal 9.286625e-01 3.709145e-01 2.907068e-03
    outer loop
      vertex   5.015210e+01 -6.107344e+01 -9.672797e-01
      vertex   5.015056e+01 -6.106933e+01 -1.000000e+00
      vertex   5.002506e+01 -6.076295e+01 1.361527e-08
    endloop
  endfacet
  facet normal 9.253738e-01 3.790558e-01 4.447033e-10
    outer loop
      vertex   5.002506e+01 -6.076295e+01 1.361527e-08
      vertex   5.015056e+01 -6.106933e+01 -1.000000e+00
      vertex   5.002506e+01 -6.076295e+01 -2.000000e+00
    endloop
  endfacet
  facet normal 8.910065e-01 4.539905e-01 4.394028e-10
    outer loop
      vertex   5.002506e+01 -6.076295e+01 1.361527e-08
      vertex   5.002506e+01 -6.076295e+01 -2.000000e+00
      vertex   4.976370e+01 -6.025000e+01 1.158192e-08
    endloop
  endfacet
  facet normal 8.910065e-01 4.539905e-01 4.394044e-10
    outer loop
      vertex   4.976370e+01 -6.025000e+01 1.158192e-08
      vertex   5.002506e+01 -6.076295e+01 -2.000000e+00
      vertex   4.976370e+01 -6.025000e+01 -2.000000e+00
    endloop
  endfacet
  facet normal 8.386706e-01 5.446390e-01 4.283756e-10
    outer loop
      vertex   4.976370e+01 -6.025000e+01 1.158192e-08
      vertex   4.976370e+01 -6.025000e+01 -2.000000e+00
      vertex   4.945015e+01 -5.976718e+01 9.795511e-09
    endloop
  endfacet
  facet normal 8.386706e-01 5.446390e-01 4.283775e-10
    outer loop
      vertex   4.945015e+01 -5.976718e+01 9.795511e-09
      vertex   4.976370e+01 -6.025000e+01 -2.000000e+00
      vertex   4.945015e+01 -5.976718e+01 -2.000000e+00
    endloop
  endfacet
  facet normal 7.771460e-01 6.293204e-01 4.126556e-10
    outer loop
      vertex   4.945015e+01 -5.976718e+01 9.795511e-09
      vertex   4.945015e+01 -5.976718e+01 -2.000000e+00
      vertex   4.908786e+01 -5.931978e+01 8.275617e-09
    endloop
  endfacet
  facet normal 7.771460e-01 6.293204e-01 4.126528e-10
    outer loop
      vertex   4.908786e+01 -5.931978e+01 8.275617e-09
      vertex   4.945015e+01 -5.976718e+01 -2.000000e+00
      vertex   4.908786e+01 -5.931978e+01 -2.000000e+00
    endloop
  endfacet
  facet normal 7.071068e-01 7.071068e-01 3.924101e-10
    outer loop
      vertex   4.908786e+01 -5.931978e+01 8.275617e-09
      vertex   4.908786e+01 -5.931978e+01 -2.000000e+00
      vertex   4.868078e+01 -5.891270e+01 7.038888e-09
    endloop
  endfacet
  facet normal 7.071068e-01 7.071068e-01 3.924101e-10
    outer loop
      vertex   4.868078e+01 -5.891270e+01 7.038888e-09
      vertex   4.908786e+01 -5.931978e+01 -2.000000e+00
      vertex   4.868078e+01 -5.891270e+01 -2.000000e+00
    endloop
  endfacet
  facet normal 6.293204e-01 7.771460e-01 3.678680e-10
    outer loop
      vertex   4.868078e+01 -5.891270e+01 7.038888e-09
      vertex   4.868078e+01 -5.891270e+01 -2.000000e+00
      vertex   4.823338e+01 -5.855041e+01 6.098874e-09
    endloop
  endfacet
  facet normal 6.293204e-01 7.771460e-01 3.678707e-10
    outer loop
      vertex   4.823338e+01 -5.855041e+01 6.098874e-09
      vertex   4.868078e+01 -5.891270e+01 -2.000000e+00
      vertex   4.823338e+01 -5.855041e+01 -2.000000e+00
    endloop
  endfacet
  facet normal 5.446390e-01 8.386706e-01 3.392984e-10
    outer loop
      vertex   4.823338e+01 -5.855041e+01 6.098874e-09
      vertex   4.823338e+01 -5.855041e+01 -2.000000e+00
      vertex   4.775056e+01 -5.823686e+01 5.465875e-09
    endloop
  endfacet
  facet normal 5.446390e-01 8.386706e-01 3.392954e-10
    outer loop
      vertex   4.775056e+01 -5.823686e+01 5.465875e-09
      vertex   4.823338e+01 -5.855041e+01 -2.000000e+00
      vertex   4.775056e+01 -5.823686e+01 -2.000000e+00
    endloop
  endfacet
  facet normal 4.539905e-01 8.910065e-01 3.070055e-10
    outer loop
      vertex   4.775056e+01 -5.823686e+01 5.465875e-09
      vertex   4.775056e+01 -5.823686e+01 -2.000000e+00
      vertex   4.723761e+01 -5.797550e+01 5.146825e-09
    endloop
  endfacet
  facet normal 4.539905e-01 8.910065e-01 3.070086e-10
    outer loop
      vertex   4.723761e+01 -5.797550e+01 5.146825e-09
      vertex   4.775056e+01 -5.823686e+01 -2.000000e+00
      vertex   4.723761e+01 -5.797550e+01 -2.000000e+00
    endloop
  endfacet
  facet normal 3.790558e-01 9.253738e-01 2.791954e-10
    outer loop
      vertex   4.723761e+01 -5.797550e+01 5.146825e-09
      vertex   4.723761e+01 -5.797550e+01 -2.000000e+00
      vertex   4.693123e+01 -5.785000e+01 -1.000000e+00
    endloop
  endfacet
  facet normal 3.711611e-01 9.285642e-01 -2.819169e-03
    outer loop
      vertex   4.693123e+01 -5.785000e+01 -1.000000e+00
      vertex   4.723761e+01 -5.797550e+01 -2.000000e+00
      vertex   4.692741e+01 -5.784857e+01 -1.031295e+00
    endloop
  endfacet
  facet normal 3.583577e-01 9.335537e-01 -7.572872e-03
    outer loop
      vertex   4.692741e+01 -5.784857e+01 -1.031295e+00
      vertex   4.723761e+01 -5.797550e+01 -2.000000e+00
      vertex   4.670015e+01 -5.776919e+01 -2.000000e+00
    endloop
  endfacet
  facet normal 3.851884e-01 9.227200e-01 -1.475511e-02
    outer loop
      vertex   4.692741e+01 -5.784857e+01 -1.031295e+00
      vertex   4.670015e+01 -5.776919e+01 -2.000000e+00
      vertex   4.691654e+01 -5.784451e+01 -1.061732e+00
    endloop
  endfacet
  facet normal 3.578261e-01 9.337577e-01 -7.558708e-03
    outer loop
      vertex   4.691654e+01 -5.784451e+01 -1.061732e+00
      vertex   4.670015e+01 -5.776919e+01 -2.000000e+00
      vertex   4.689991e+01 -5.783837e+01 -1.089471e+00
    endloop
  endfacet
  facet normal 3.494068e-01 9.369552e-01 -5.468717e-03
    outer loop
      vertex   4.689991e+01 -5.783837e+01 -1.089471e+00
      vertex   4.670015e+01 -5.776919e+01 -2.000000e+00
      vertex   4.688012e+01 -5.783113e+01 -1.113385e+00
    endloop
  endfacet
  facet normal 3.383692e-01 9.410088e-01 -2.945107e-03
    outer loop
      vertex   4.688012e+01 -5.783113e+01 -1.113385e+00
      vertex   4.670015e+01 -5.776919e+01 -2.000000e+00
      vertex   4.683397e+01 -5.781466e+01 -1.153739e+00
    endloop
  endfacet
  facet normal 3.277853e-01 9.447516e-01 -1.070387e-03
    outer loop
      vertex   4.683397e+01 -5.781466e+01 -1.153739e+00
      vertex   4.670015e+01 -5.776919e+01 -2.000000e+00
      vertex   4.678036e+01 -5.779610e+01 -1.187302e+00
    endloop
  endfacet
  facet normal 3.024446e-01 9.531654e-01 1.709283e-03
    outer loop
      vertex   4.678036e+01 -5.779610e+01 -1.187302e+00
      vertex   4.670015e+01 -5.776919e+01 -2.000000e+00
      vertex   4.654804e+01 -5.772223e+01 -1.270810e+00
    endloop
  endfacet
  facet normal 2.598920e-01 9.656048e-01 -7.968281e-03
    outer loop
      vertex   4.654804e+01 -5.772223e+01 -1.270810e+00
      vertex   4.670015e+01 -5.776919e+01 -2.000000e+00
      vertex   4.630515e+01 -5.765722e+01 -1.314469e+00
    endloop
  endfacet
  facet normal 2.588094e-01 9.658898e-01 -8.638642e-03
    outer loop
      vertex   4.630515e+01 -5.765722e+01 -1.314469e+00
      vertex   4.670015e+01 -5.776919e+01 -2.000000e+00
      vertex   4.614407e+01 -5.762019e+01 -2.000000e+00
    endloop
  endfacet
  facet normal 2.141359e-01 9.768008e-01 2.447756e-03
    outer loop
      vertex   4.630515e+01 -5.765722e+01 -1.314469e+00
      vertex   4.614407e+01 -5.762019e+01 -2.000000e+00
      vertex   4.604899e+01 -5.760101e+01 -1.335957e+00
    endloop
  endfacet
  facet normal 1.564315e-01 9.876698e-01 -6.128429e-03
    outer loop
      vertex   4.604899e+01 -5.760101e+01 -1.335957e+00
      vertex   4.614407e+01 -5.762019e+01 -2.000000e+00
      vertex   4.557547e+01 -5.753013e+01 -2.000000e+00
    endloop
  endfacet
  facet normal 1.423309e-01 9.898104e-01 4.155226e-03
    outer loop
      vertex   4.604899e+01 -5.760101e+01 -1.335957e+00
      vertex   4.557547e+01 -5.753013e+01 -2.000000e+00
      vertex   4.551847e+01 -5.752466e+01 -1.349511e+00
    endloop
  endfacet
  facet normal 5.233558e-02 9.986223e-01 -3.804665e-03
    outer loop
      vertex   4.551847e+01 -5.752466e+01 -1.349511e+00
      vertex   4.557547e+01 -5.753013e+01 -2.000000e+00
      vertex   4.500056e+01 -5.750000e+01 -2.000000e+00
    endloop
  endfacet
  facet normal 4.756864e-02 9.988680e-01 1.462684e-10
    outer loop
      vertex   4.551847e+01 -5.752466e+01 -1.349511e+00
      vertex   4.500056e+01 -5.750000e+01 -2.000000e+00
      vertex   4.500056e+01 -5.750000e+01 -1.350000e+00
    endloop
  endfacet
  facet normal 9.286625e-01 3.709145e-01 -2.907067e-03
    outer loop
      vertex   5.015056e+01 -6.106933e+01 -1.000000e+00
      vertex   5.015210e+01 -6.107344e+01 -1.032720e+00
      vertex   5.002506e+01 -6.076295e+01 -2.000000e+00
    endloop
  endfacet
  facet normal 9.318116e-01 3.628944e-01 -5.895053e-03
    outer loop
      vertex   5.002506e+01 -6.076295e+01 -2.000000e+00
      vertex   5.015210e+01 -6.107344e+01 -1.032720e+00
      vertex   5.015651e+01 -6.108529e+01 -1.064260e+00
    endloop
  endfacet
  facet normal 9.337890e-01 3.577359e-01 -7.949824e-03
    outer loop
      vertex   5.002506e+01 -6.076295e+01 -2.000000e+00
      vertex   5.015651e+01 -6.108529e+01 -1.064260e+00
      vertex   5.016270e+01 -6.110204e+01 -1.091349e+00
    endloop
  endfacet
  facet normal 9.335529e-01 3.583574e-01 -7.682126e-03
    outer loop
      vertex   5.002506e+01 -6.076295e+01 -2.000000e+00
      vertex   5.016270e+01 -6.110204e+01 -1.091349e+00
      vertex   5.023137e+01 -6.130041e+01 -2.000000e+00
    endloop
  endfacet
  facet normal 9.376186e-01 3.476291e-01 -5.032836e-03
    outer loop
      vertex   5.023137e+01 -6.130041e+01 -2.000000e+00
      vertex   5.016270e+01 -6.110204e+01 -1.091349e+00
      vertex   5.017039e+01 -6.112313e+01 -1.115928e+00
    endloop
  endfacet
  facet normal 9.407547e-01 3.390737e-01 -3.101006e-03
    outer loop
      vertex   5.023137e+01 -6.130041e+01 -2.000000e+00
      vertex   5.017039e+01 -6.112313e+01 -1.115928e+00
      vertex   5.018847e+01 -6.117368e+01 -1.158335e+00
    endloop
  endfacet
  facet normal 9.446284e-01 3.281397e-01 -1.257215e-03
    outer loop
      vertex   5.018847e+01 -6.117368e+01 -1.158335e+00
      vertex   5.020675e+01 -6.122644e+01 -1.190407e+00
      vertex   5.023137e+01 -6.130041e+01 -2.000000e+00
    endloop
  endfacet
  facet normal 9.534303e-01 3.016100e-01 1.434384e-03
    outer loop
      vertex   5.023137e+01 -6.130041e+01 -2.000000e+00
      vertex   5.020675e+01 -6.122644e+01 -1.190407e+00
      vertex   5.027764e+01 -6.145014e+01 -1.271246e+00
    endloop
  endfacet
  facet normal 9.652548e-01 2.611993e-01 -7.619518e-03
    outer loop
      vertex   5.023137e+01 -6.130041e+01 -2.000000e+00
      vertex   5.027764e+01 -6.145014e+01 -1.271246e+00
      vertex   5.034269e+01 -6.169172e+01 -1.312417e+00
    endloop
  endfacet
  facet normal 9.658860e-01 2.588084e-01 -9.082396e-03
    outer loop
      vertex   5.023137e+01 -6.130041e+01 -2.000000e+00
      vertex   5.034269e+01 -6.169172e+01 -1.312417e+00
      vertex   5.038037e+01 -6.185649e+01 -2.000000e+00
    endloop
  endfacet
  facet normal 9.766924e-01 2.146337e-01 2.095702e-03
    outer loop
      vertex   5.038037e+01 -6.185649e+01 -2.000000e+00
      vertex   5.034269e+01 -6.169172e+01 -1.312417e+00
      vertex   5.039860e+01 -6.194592e+01 -1.334870e+00
    endloop
  endfacet
  facet normal 9.876704e-01 1.564316e-01 -6.031162e-03
    outer loop
      vertex   5.038037e+01 -6.185649e+01 -2.000000e+00
      vertex   5.039860e+01 -6.194592e+01 -1.334870e+00
      vertex   5.047043e+01 -6.242509e+01 -2.000000e+00
    endloop
  endfacet
  facet normal 9.897295e-01 1.428984e-01 3.940796e-03
    outer loop
      vertex   5.047043e+01 -6.242509e+01 -2.000000e+00
      vertex   5.039860e+01 -6.194592e+01 -1.334870e+00
      vertex   5.047517e+01 -6.247589e+01 -1.349732e+00
    endloop
  endfacet
  facet normal 9.986244e-01 5.233569e-02 -3.198286e-03
    outer loop
      vertex   5.047043e+01 -6.242509e+01 -2.000000e+00
      vertex   5.047517e+01 -6.247589e+01 -1.349732e+00
      vertex   5.050056e+01 -6.300000e+01 -2.000000e+00
    endloop
  endfacet
  facet normal 9.988291e-01 4.837752e-02 -3.627801e-08
    outer loop
      vertex   5.050056e+01 -6.300000e+01 -2.000000e+00
      vertex   5.047517e+01 -6.247589e+01 -1.349732e+00
      vertex   5.050056e+01 -6.300000e+01 -1.350000e+00
    endloop
  endfacet
  facet normal 3.711611e-01 9.285642e-01 2.819170e-03
    outer loop
      vertex   4.693123e+01 -5.785000e+01 -1.000000e+00
      vertex   4.692741e+01 -5.784857e+01 -9.687050e-01
      vertex   4.723761e+01 -5.797550e+01 5.146825e-09
    endloop
  endfacet
  facet normal 3.583577e-01 9.335537e-01 7.572872e-03
    outer loop
      vertex   4.723761e+01 -5.797550e+01 5.146825e-09
      vertex   4.692741e+01 -5.784857e+01 -9.687050e-01
      vertex   4.670015e+01 -5.776919e+01 5.145221e-09
    endloop
  endfacet
  facet normal 3.851884e-01 9.227200e-01 1.475511e-02
    outer loop
      vertex   4.670015e+01 -5.776919e+01 5.145221e-09
      vertex   4.692741e+01 -5.784857e+01 -9.687050e-01
      vertex   4.691654e+01 -5.784451e+01 -9.382678e-01
    endloop
  endfacet
  facet normal 3.578261e-01 9.337577e-01 7.558709e-03
    outer loop
      vertex   4.670015e+01 -5.776919e+01 5.145221e-09
      vertex   4.691654e+01 -5.784451e+01 -9.382678e-01
      vertex   4.689991e+01 -5.783837e+01 -9.105291e-01
    endloop
  endfacet
  facet normal 3.494068e-01 9.369552e-01 5.468718e-03
    outer loop
      vertex   4.689991e+01 -5.783837e+01 -9.105291e-01
      vertex   4.688012e+01 -5.783113e+01 -8.866154e-01
      vertex   4.670015e+01 -5.776919e+01 5.145221e-09
    endloop
  endfacet
  facet normal 3.383692e-01 9.410088e-01 2.945108e-03
    outer loop
      vertex   4.670015e+01 -5.776919e+01 5.145221e-09
      vertex   4.688012e+01 -5.783113e+01 -8.866154e-01
      vertex   4.683397e+01 -5.781466e+01 -8.462614e-01
    endloop
  endfacet
  facet normal 3.277853e-01 9.447516e-01 1.070388e-03
    outer loop
      vertex   4.670015e+01 -5.776919e+01 5.145221e-09
      vertex   4.683397e+01 -5.781466e+01 -8.462614e-01
      vertex   4.678036e+01 -5.779610e+01 -8.126983e-01
    endloop
  endfacet
  facet normal 3.024446e-01 9.531654e-01 -1.709283e-03
    outer loop
      vertex   4.678036e+01 -5.779610e+01 -8.126983e-01
      vertex   4.654804e+01 -5.772223e+01 -7.291904e-01
      vertex   4.670015e+01 -5.776919e+01 5.145221e-09
    endloop
  endfacet
  facet normal 2.598920e-01 9.656048e-01 7.968282e-03
    outer loop
      vertex   4.670015e+01 -5.776919e+01 5.145221e-09
      vertex   4.654804e+01 -5.772223e+01 -7.291904e-01
      vertex   4.630515e+01 -5.765722e+01 -6.855307e-01
    endloop
  endfacet
  facet normal 2.588094e-01 9.658898e-01 8.638642e-03
    outer loop
      vertex   4.670015e+01 -5.776919e+01 5.145221e-09
      vertex   4.630515e+01 -5.765722e+01 -6.855307e-01
      vertex   4.614407e+01 -5.762019e+01 5.461079e-09
    endloop
  endfacet
  facet normal 2.141359e-01 9.768008e-01 -2.447756e-03
    outer loop
      vertex   4.614407e+01 -5.762019e+01 5.461079e-09
      vertex   4.630515e+01 -5.765722e+01 -6.855307e-01
      vertex   4.604899e+01 -5.760101e+01 -6.640426e-01
    endloop
  endfacet
  facet normal 1.564315e-01 9.876698e-01 6.128429e-03
    outer loop
      vertex   4.614407e+01 -5.762019e+01 5.461079e-09
      vertex   4.604899e+01 -5.760101e+01 -6.640426e-01
      vertex   4.557547e+01 -5.753013e+01 6.090939e-09
    endloop
  endfacet
  facet normal 1.423309e-01 9.898104e-01 -4.155226e-03
    outer loop
      vertex   4.557547e+01 -5.753013e+01 6.090939e-09
      vertex   4.604899e+01 -5.760101e+01 -6.640426e-01
      vertex   4.551847e+01 -5.752466e+01 -6.504885e-01
    endloop
  endfacet
  facet normal 5.233558e-02 9.986223e-01 3.804665e-03
    outer loop
      vertex   4.557547e+01 -5.753013e+01 6.090939e-09
      vertex   4.551847e+01 -5.752466e+01 -6.504885e-01
      vertex   4.500056e+01 -5.750000e+01 1.795779e-09
    endloop
  endfacet
  facet normal 4.756864e-02 9.988680e-01 1.462575e-10
    outer loop
      vertex   4.500056e+01 -5.750000e+01 1.795779e-09
      vertex   4.551847e+01 -5.752466e+01 -6.504885e-01
      vertex   4.500056e+01 -5.750000e+01 -6.500000e-01
    endloop
  endfacet
  facet normal -1.206673e-10 1.685986e-09 -1.000000e+00
    outer loop
      vertex   4.542780e+01 -9.146942e+01 -2.000000e+00
      vertex   4.557547e+01 -9.396987e+01 -2.000000e+00
      vertex   4.500056e+01 -9.150000e+01 -2.000000e+00
    endloop
  endfacet
  facet normal 2.703208e-10 1.776995e-09 -1.000000e+00
    outer loop
      vertex   4.500056e+01 -9.150000e+01 -2.000000e+00
      vertex   4.557547e+01 -9.396987e+01 -2.000000e+00
      vertex   4.500056e+01 -9.400000e+01 -2.000000e+00
    endloop
  endfacet
  facet normal 4.289534e-10 1.776995e-09 -1.000000e+00
    outer loop
      vertex   4.500056e+01 -9.150000e+01 -2.000000e+00
      vertex   4.500056e+01 -9.400000e+01 -2.000000e+00
      vertex   2.200056e+01 -9.400000e+01 -2.000000e+00
    endloop
  endfacet
  facet normal 1.176756e-10 1.700061e-09 -1.000000e+00
    outer loop
      vertex   4.557547e+01 -9.396987e+01 -2.000000e+00
      vertex   4.542780e+01 -9.146942e+01 -2.000000e+00
      vertex   4.614407e+01 -9.387981e+01 -2.000000e+00
    endloop
  endfacet
  facet normal -3.404519e-10 1.563923e-09 -1.000000e+00
    outer loop
      vertex   4.614407e+01 -9.387981e+01 -2.000000e+00
      vertex   4.542780e+01 -9.146942e+01 -2.000000e+00
      vertex   4.584632e+01 -9.137831e+01 -2.000000e+00
    endloop
  endfacet
  facet normal -1.810709e-11 1.602291e-09 -1.000000e+00
    outer loop
      vertex   4.614407e+01 -9.387981e+01 -2.000000e+00
      vertex   4.584632e+01 -9.137831e+01 -2.000000e+00
      vertex   4.670015e+01 -9.373081e+01 -2.000000e+00
    endloop
  endfacet
  facet normal -5.288763e-10 1.416910e-09 -1.000000e+00
    outer loop
      vertex   4.670015e+01 -9.373081e+01 -2.000000e+00
      vertex   4.584632e+01 -9.137831e+01 -2.000000e+00
      vertex   4.624761e+01 -9.122853e+01 -2.000000e+00
    endloop
  endfacet
  facet normal -1.343689e-10 1.488257e-09 -1.000000e+00
    outer loop
      vertex   4.670015e+01 -9.373081e+01 -2.000000e+00
      vertex   4.624761e+01 -9.122853e+01 -2.000000e+00
      vertex   4.723761e+01 -9.352450e+01 -2.000000e+00
    endloop
  endfacet
  facet normal -6.838372e-10 1.251332e-09 -1.000000e+00
    outer loop
      vertex   4.723761e+01 -9.352450e+01 -2.000000e+00
      vertex   4.624761e+01 -9.122853e+01 -2.000000e+00
      vertex   4.662347e+01 -9.102312e+01 -2.000000e+00
    endloop
  endfacet
  facet normal -2.296321e-10 1.362848e-09 -1.000000e+00
    outer loop
      vertex   4.723761e+01 -9.352450e+01 -2.000000e+00
      vertex   4.662347e+01 -9.102312e+01 -2.000000e+00
      vertex   4.775056e+01 -9.326314e+01 -2.000000e+00
    endloop
  endfacet
  facet normal -3.499498e-10 1.302309e-09 -1.000000e+00
    outer loop
      vertex   4.775056e+01 -9.326314e+01 -2.000000e+00
      vertex   4.662347e+01 -9.102312e+01 -2.000000e+00
      vertex   4.823338e+01 -9.294959e+01 -2.000000e+00
    endloop
  endfacet
  facet normal -7.348114e-10 9.806894e-10 -1.000000e+00
    outer loop
      vertex   4.823338e+01 -9.294959e+01 -2.000000e+00
      vertex   4.662347e+01 -9.102312e+01 -2.000000e+00
      vertex   4.696625e+01 -9.076628e+01 -2.000000e+00
    endloop
  endfacet
  facet normal -4.137215e-10 1.167040e-09 -1.000000e+00
    outer loop
      vertex   4.823338e+01 -9.294959e+01 -2.000000e+00
      vertex   4.696625e+01 -9.076628e+01 -2.000000e+00
      vertex   4.868078e+01 -9.258730e+01 -2.000000e+00
    endloop
  endfacet
  facet normal -8.021710e-10 8.013062e-10 -1.000000e+00
    outer loop
      vertex   4.868078e+01 -9.258730e+01 -2.000000e+00
      vertex   4.696625e+01 -9.076628e+01 -2.000000e+00
      vertex   4.726897e+01 -9.046325e+01 -2.000000e+00
    endloop
  endfacet
  facet normal -4.571463e-10 1.030637e-09 -1.000000e+00
    outer loop
      vertex   4.868078e+01 -9.258730e+01 -2.000000e+00
      vertex   4.726897e+01 -9.046325e+01 -2.000000e+00
      vertex   4.908786e+01 -9.218022e+01 -2.000000e+00
    endloop
  endfacet
  facet normal -8.383827e-10 6.267707e-10 -1.000000e+00
    outer loop
      vertex   4.908786e+01 -9.218022e+01 -2.000000e+00
      vertex   4.726897e+01 -9.046325e+01 -2.000000e+00
      vertex   4.752543e+01 -9.012019e+01 -2.000000e+00
    endloop
  endfacet
  facet normal -4.821176e-10 8.969783e-10 -1.000000e+00
    outer loop
      vertex   4.908786e+01 -9.218022e+01 -2.000000e+00
      vertex   4.752543e+01 -9.012019e+01 -2.000000e+00
      vertex   4.945015e+01 -9.173282e+01 -2.000000e+00
    endloop
  endfacet
  facet normal -5.546899e-10 8.103614e-10 -1.000000e+00
    outer loop
      vertex   4.945015e+01 -9.173282e+01 -2.000000e+00
      vertex   4.752543e+01 -9.012019e+01 -2.000000e+00
      vertex   4.976370e+01 -9.125000e+01 -2.000000e+00
    endloop
  endfacet
  facet normal -7.557874e-10 4.119687e-10 -1.000000e+00
    outer loop
      vertex   4.976370e+01 -9.125000e+01 -2.000000e+00
      vertex   4.752543e+01 -9.012019e+01 -2.000000e+00
      vertex   4.773043e+01 -8.974410e+01 -2.000000e+00
    endloop
  endfacet
  facet normal -5.546551e-10 6.835374e-10 -1.000000e+00
    outer loop
      vertex   4.976370e+01 -9.125000e+01 -2.000000e+00
      vertex   4.773043e+01 -8.974410e+01 -2.000000e+00
      vertex   5.002506e+01 -9.073705e+01 -2.000000e+00
    endloop
  endfacet
  facet normal -7.325153e-10 2.725177e-10 -1.000000e+00
    outer loop
      vertex   5.002506e+01 -9.073705e+01 -2.000000e+00
      vertex   4.773043e+01 -8.974410e+01 -2.000000e+00
      vertex   4.787978e+01 -8.934265e+01 -2.000000e+00
    endloop
  endfacet
  facet normal -5.424451e-10 5.649397e-10 -1.000000e+00
    outer loop
      vertex   5.002506e+01 -9.073705e+01 -2.000000e+00
      vertex   4.787978e+01 -8.934265e+01 -2.000000e+00
      vertex   5.023137e+01 -9.019959e+01 -2.000000e+00
    endloop
  endfacet
  facet normal -5.768595e-10 4.705008e-10 -1.000000e+00
    outer loop
      vertex   5.023137e+01 -9.019959e+01 -2.000000e+00
      vertex   4.787978e+01 -8.934265e+01 -2.000000e+00
      vertex   5.038037e+01 -8.964351e+01 -2.000000e+00
    endloop
  endfacet
  facet normal -6.173821e-10 1.337011e-10 -1.000000e+00
    outer loop
      vertex   5.038037e+01 -8.964351e+01 -2.000000e+00
      vertex   4.787978e+01 -8.934265e+01 -2.000000e+00
      vertex   4.797044e+01 -8.892403e+01 -2.000000e+00
    endloop
  endfacet
  facet normal -5.485469e-10 3.642654e-10 -1.000000e+00
    outer loop
      vertex   5.038037e+01 -8.964351e+01 -2.000000e+00
      vertex   4.797044e+01 -8.892403e+01 -2.000000e+00
      vertex   5.047043e+01 -8.907491e+01 -2.000000e+00
    endloop
  endfacet
  facet normal -5.681143e-10 4.004350e-11 -1.000000e+00
    outer loop
      vertex   5.047043e+01 -8.907491e+01 -2.000000e+00
      vertex   4.797044e+01 -8.892403e+01 -2.000000e+00
      vertex   4.800056e+01 -8.849676e+01 -2.000000e+00
    endloop
  endfacet
  facet normal -5.149682e-10 2.670858e-10 -1.000000e+00
    outer loop
      vertex   5.047043e+01 -8.907491e+01 -2.000000e+00
      vertex   4.800056e+01 -8.849676e+01 -2.000000e+00
      vertex   5.050056e+01 -8.850000e+01 -2.000000e+00
    endloop
  endfacet
  facet normal -5.151512e-10 1.259929e-10 -1.000000e+00
    outer loop
      vertex   5.050056e+01 -8.850000e+01 -2.000000e+00
      vertex   4.800056e+01 -8.849676e+01 -2.000000e+00
      vertex   5.050056e+01 -6.300000e+01 -2.000000e+00
    endloop
  endfacet
  facet normal 7.698119e-10 1.741969e-17 -1.000000e+00
    outer loop
      vertex   5.050056e+01 -6.300000e+01 -2.000000e+00
      vertex   4.800056e+01 -8.849676e+01 -2.000000e+00
      vertex   4.800056e+01 -6.300324e+01 -2.000000e+00
    endloop
  endfacet
  facet normal 7.698269e-10 -1.155360e-11 -1.000000e+00
    outer loop
      vertex   5.050056e+01 -6.300000e+01 -2.000000e+00
      vertex   4.800056e+01 -6.300324e+01 -2.000000e+00
      vertex   5.047043e+01 -6.242509e+01 -2.000000e+00
    endloop
  endfacet
  facet normal 7.546696e-10 5.319926e-11 -1.000000e+00
    outer loop
      vertex   5.047043e+01 -6.242509e+01 -2.000000e+00
      vertex   4.800056e+01 -6.300324e+01 -2.000000e+00
      vertex   4.797043e+01 -6.257592e+01 -2.000000e+00
    endloop
  endfacet
  facet normal 7.536168e-10 7.064910e-11 -1.000000e+00
    outer loop
      vertex   5.047043e+01 -6.242509e+01 -2.000000e+00
      vertex   4.797043e+01 -6.257592e+01 -2.000000e+00
      vertex   5.038037e+01 -6.185649e+01 -2.000000e+00
    endloop
  endfacet
  facet normal 7.276591e-10 1.576010e-10 -1.000000e+00
    outer loop
      vertex   5.038037e+01 -6.185649e+01 -2.000000e+00
      vertex   4.797043e+01 -6.257592e+01 -2.000000e+00
      vertex   4.787976e+01 -6.215725e+01 -2.000000e+00
    endloop
  endfacet
  facet normal 7.285964e-10 1.498080e-10 -1.000000e+00
    outer loop
      vertex   5.038037e+01 -6.185649e+01 -2.000000e+00
      vertex   4.787976e+01 -6.215725e+01 -2.000000e+00
      vertex   5.023137e+01 -6.130041e+01 -2.000000e+00
    endloop
  endfacet
  facet normal 7.004857e-10 2.269581e-10 -1.000000e+00
    outer loop
      vertex   5.023137e+01 -6.130041e+01 -2.000000e+00
      vertex   4.787976e+01 -6.215725e+01 -2.000000e+00
      vertex   5.002506e+01 -6.076295e+01 -2.000000e+00
    endloop
  endfacet
  facet normal 6.828601e-10 2.540774e-10 -1.000000e+00
    outer loop
      vertex   5.002506e+01 -6.076295e+01 -2.000000e+00
      vertex   4.787976e+01 -6.215725e+01 -2.000000e+00
      vertex   4.773037e+01 -6.175576e+01 -2.000000e+00
    endloop
  endfacet
  facet normal 6.631136e-10 2.997175e-10 -1.000000e+00
    outer loop
      vertex   5.002506e+01 -6.076295e+01 -2.000000e+00
      vertex   4.773037e+01 -6.175576e+01 -2.000000e+00
      vertex   4.976370e+01 -6.025000e+01 -2.000000e+00
    endloop
  endfacet
  facet normal 6.305174e-10 3.437343e-10 -1.000000e+00
    outer loop
      vertex   4.976370e+01 -6.025000e+01 -2.000000e+00
      vertex   4.773037e+01 -6.175576e+01 -2.000000e+00
      vertex   4.752532e+01 -6.137964e+01 -2.000000e+00
    endloop
  endfacet
  facet normal 6.184383e-10 3.676688e-10 -1.000000e+00
    outer loop
      vertex   4.976370e+01 -6.025000e+01 -2.000000e+00
      vertex   4.752532e+01 -6.137964e+01 -2.000000e+00
      vertex   4.945015e+01 -5.976718e+01 -2.000000e+00
    endloop
  endfacet
  facet normal 5.665272e-10 4.296363e-10 -1.000000e+00
    outer loop
      vertex   4.945015e+01 -5.976718e+01 -2.000000e+00
      vertex   4.752532e+01 -6.137964e+01 -2.000000e+00
      vertex   4.908786e+01 -5.931978e+01 -2.000000e+00
    endloop
  endfacet
  facet normal 5.705345e-10 4.265965e-10 -1.000000e+00
    outer loop
      vertex   4.908786e+01 -5.931978e+01 -2.000000e+00
      vertex   4.752532e+01 -6.137964e+01 -2.000000e+00
      vertex   4.726880e+01 -6.103656e+01 -2.000000e+00
    endloop
  endfacet
  facet normal 5.120131e-10 4.886042e-10 -1.000000e+00
    outer loop
      vertex   4.908786e+01 -5.931978e+01 -2.000000e+00
      vertex   4.726880e+01 -6.103656e+01 -2.000000e+00
      vertex   4.868078e+01 -5.891270e+01 -2.000000e+00
    endloop
  endfacet
  facet normal 4.982196e-10 4.977744e-10 -1.000000e+00
    outer loop
      vertex   4.868078e+01 -5.891270e+01 -2.000000e+00
      vertex   4.726880e+01 -6.103656e+01 -2.000000e+00
      vertex   4.696602e+01 -6.073352e+01 -2.000000e+00
    endloop
  endfacet
  facet normal 4.517594e-10 5.415284e-10 -1.000000e+00
    outer loop
      vertex   4.868078e+01 -5.891270e+01 -2.000000e+00
      vertex   4.696602e+01 -6.073352e+01 -2.000000e+00
      vertex   4.823338e+01 -5.855041e+01 -2.000000e+00
    endloop
  endfacet
  facet normal 4.196341e-10 5.601780e-10 -1.000000e+00
    outer loop
      vertex   4.823338e+01 -5.855041e+01 -2.000000e+00
      vertex   4.696602e+01 -6.073352e+01 -2.000000e+00
      vertex   4.662317e+01 -6.047668e+01 -2.000000e+00
    endloop
  endfacet
  facet normal 3.864566e-10 5.879115e-10 -1.000000e+00
    outer loop
      vertex   4.823338e+01 -5.855041e+01 -2.000000e+00
      vertex   4.662317e+01 -6.047668e+01 -2.000000e+00
      vertex   4.775056e+01 -5.823686e+01 -2.000000e+00
    endloop
  endfacet
  facet normal 3.150508e-10 6.238527e-10 -1.000000e+00
    outer loop
      vertex   4.775056e+01 -5.823686e+01 -2.000000e+00
      vertex   4.662317e+01 -6.047668e+01 -2.000000e+00
      vertex   4.723761e+01 -5.797550e+01 -2.000000e+00
    endloop
  endfacet
  facet normal 3.377750e-10 6.182703e-10 -1.000000e+00
    outer loop
      vertex   4.723761e+01 -5.797550e+01 -2.000000e+00
      vertex   4.662317e+01 -6.047668e+01 -2.000000e+00
      vertex   4.624724e+01 -6.027130e+01 -2.000000e+00
    endloop
  endfacet
  facet normal 2.434187e-10 6.589741e-10 -1.000000e+00
    outer loop
      vertex   4.723761e+01 -5.797550e+01 -2.000000e+00
      vertex   4.624724e+01 -6.027130e+01 -2.000000e+00
      vertex   4.670015e+01 -5.776919e+01 -2.000000e+00
    endloop
  endfacet
  facet normal 2.457063e-10 6.585600e-10 -1.000000e+00
    outer loop
      vertex   4.670015e+01 -5.776919e+01 -2.000000e+00
      vertex   4.624724e+01 -6.027130e+01 -2.000000e+00
      vertex   4.584588e+01 -6.012156e+01 -2.000000e+00
    endloop
  endfacet
  facet normal 1.682601e-10 6.866848e-10 -1.000000e+00
    outer loop
      vertex   4.670015e+01 -5.776919e+01 -2.000000e+00
      vertex   4.584588e+01 -6.012156e+01 -2.000000e+00
      vertex   4.614407e+01 -5.762019e+01 -2.000000e+00
    endloop
  endfacet
  facet normal 1.498468e-10 6.888799e-10 -1.000000e+00
    outer loop
      vertex   4.614407e+01 -5.762019e+01 -2.000000e+00
      vertex   4.584588e+01 -6.012156e+01 -2.000000e+00
      vertex   4.542729e+01 -6.003051e+01 -2.000000e+00
    endloop
  endfacet
  facet normal 9.031678e-11 7.065830e-10 -1.000000e+00
    outer loop
      vertex   4.614407e+01 -5.762019e+01 -2.000000e+00
      vertex   4.542729e+01 -6.003051e+01 -2.000000e+00
      vertex   4.557547e+01 -5.753013e+01 -2.000000e+00
    endloop
  endfacet
  facet normal 5.061226e-11 7.089359e-10 -1.000000e+00
    outer loop
      vertex   4.557547e+01 -5.753013e+01 -2.000000e+00
      vertex   4.542729e+01 -6.003051e+01 -2.000000e+00
      vertex   4.500000e+01 -6.000000e+01 -2.000000e+00
    endloop
  endfacet
  facet normal 1.038275e-11 7.183091e-10 -1.000000e+00
    outer loop
      vertex   4.557547e+01 -5.753013e+01 -2.000000e+00
      vertex   4.500000e+01 -6.000000e+01 -2.000000e+00
      vertex   4.500056e+01 -5.750000e+01 -2.000000e+00
    endloop
  endfacet
  facet normal 5.792750e-17 7.183114e-10 -1.000000e+00
    outer loop
      vertex   4.500056e+01 -5.750000e+01 -2.000000e+00
      vertex   4.500000e+01 -6.000000e+01 -2.000000e+00
      vertex   2.200112e+01 -6.000000e+01 -2.000000e+00
    endloop
  endfacet
  facet normal -1.357667e-10 1.967335e-09 -1.000000e+00
    outer loop
      vertex   4.500056e+01 -5.750000e+01 -2.000000e+00
      vertex   2.200112e+01 -6.000000e+01 -2.000000e+00
      vertex   2.200056e+01 -5.750000e+01 -2.000000e+00
    endloop
  endfacet
  facet normal -1.308275e-08 1.964435e-09 -1.000000e+00
    outer loop
      vertex   2.200056e+01 -5.750000e+01 -2.000000e+00
      vertex   2.200112e+01 -6.000000e+01 -2.000000e+00
      vertex   2.142565e+01 -5.753013e+01 -2.000000e+00
    endloop
  endfacet
  facet normal -3.517675e-10 4.930685e-09 -1.000000e+00
    outer loop
      vertex   2.142565e+01 -5.753013e+01 -2.000000e+00
      vertex   2.200112e+01 -6.000000e+01 -2.000000e+00
      vertex   2.157412e+01 -6.003046e+01 -2.000000e+00
    endloop
  endfacet
  facet normal -1.399080e-08 4.120820e-09 -1.000000e+00
    outer loop
      vertex   2.142565e+01 -5.753013e+01 -2.000000e+00
      vertex   2.157412e+01 -6.003046e+01 -2.000000e+00
      vertex   2.085704e+01 -5.762019e+01 -2.000000e+00
    endloop
  endfacet
  facet normal -1.691136e-09 7.780056e-09 -1.000000e+00
    outer loop
      vertex   2.085704e+01 -5.762019e+01 -2.000000e+00
      vertex   2.157412e+01 -6.003046e+01 -2.000000e+00
      vertex   2.115580e+01 -6.012139e+01 -2.000000e+00
    endloop
  endfacet
  facet normal -1.535590e-08 6.147868e-09 -1.000000e+00
    outer loop
      vertex   2.085704e+01 -5.762019e+01 -2.000000e+00
      vertex   2.115580e+01 -6.012139e+01 -2.000000e+00
      vertex   2.030097e+01 -5.776919e+01 -2.000000e+00
    endloop
  endfacet
  facet normal -3.850834e-09 1.032903e-08 -1.000000e+00
    outer loop
      vertex   2.030097e+01 -5.776919e+01 -2.000000e+00
      vertex   2.115580e+01 -6.012139e+01 -2.000000e+00
      vertex   2.075468e+01 -6.027094e+01 -2.000000e+00
    endloop
  endfacet
  facet normal -1.714028e-08 7.918843e-09 -1.000000e+00
    outer loop
      vertex   2.030097e+01 -5.776919e+01 -2.000000e+00
      vertex   2.075468e+01 -6.027094e+01 -2.000000e+00
      vertex   1.976351e+01 -5.797550e+01 -2.000000e+00
    endloop
  endfacet
  facet normal -6.767654e-09 1.239778e-08 -1.000000e+00
    outer loop
      vertex   1.976351e+01 -5.797550e+01 -2.000000e+00
      vertex   2.075468e+01 -6.027094e+01 -2.000000e+00
      vertex   2.037894e+01 -6.047605e+01 -2.000000e+00
    endloop
  endfacet
  facet normal -1.927405e-08 9.319734e-09 -1.000000e+00
    outer loop
      vertex   1.976351e+01 -5.797550e+01 -2.000000e+00
      vertex   2.037894e+01 -6.047605e+01 -2.000000e+00
      vertex   1.925056e+01 -5.823686e+01 -2.000000e+00
    endloop
  endfacet
  facet normal -2.061263e-08 8.645192e-09 -1.000000e+00
    outer loop
      vertex   1.925056e+01 -5.823686e+01 -2.000000e+00
      vertex   2.037894e+01 -6.047605e+01 -2.000000e+00
      vertex   1.876774e+01 -5.855041e+01 -2.000000e+00
    endloop
  endfacet
  facet normal -1.191607e-08 1.592166e-08 -1.000000e+00
    outer loop
      vertex   1.876774e+01 -5.855041e+01 -2.000000e+00
      vertex   2.037894e+01 -6.047605e+01 -2.000000e+00
      vertex   2.003621e+01 -6.073255e+01 -2.000000e+00
    endloop
  endfacet
  facet normal -2.314707e-08 9.393151e-09 -1.000000e+00
    outer loop
      vertex   1.876774e+01 -5.855041e+01 -2.000000e+00
      vertex   2.003621e+01 -6.073255e+01 -2.000000e+00
      vertex   1.832034e+01 -5.891270e+01 -2.000000e+00
    endloop
  endfacet
  facet normal -1.606632e-08 1.606932e-08 -1.000000e+00
    outer loop
      vertex   1.832034e+01 -5.891270e+01 -2.000000e+00
      vertex   2.003621e+01 -6.073255e+01 -2.000000e+00
      vertex   1.973348e+01 -6.103523e+01 -2.000000e+00
    endloop
  endfacet
  facet normal -2.578356e-08 9.599760e-09 -1.000000e+00
    outer loop
      vertex   1.832034e+01 -5.891270e+01 -2.000000e+00
      vertex   1.973348e+01 -6.103523e+01 -2.000000e+00
      vertex   1.791326e+01 -5.931978e+01 -2.000000e+00
    endloop
  endfacet
  facet normal -2.042124e-08 1.528958e-08 -1.000000e+00
    outer loop
      vertex   1.791326e+01 -5.931978e+01 -2.000000e+00
      vertex   1.973348e+01 -6.103523e+01 -2.000000e+00
      vertex   1.947691e+01 -6.137791e+01 -2.000000e+00
    endloop
  endfacet
  facet normal -2.838627e-08 9.238205e-09 -1.000000e+00
    outer loop
      vertex   1.791326e+01 -5.931978e+01 -2.000000e+00
      vertex   1.947691e+01 -6.137791e+01 -2.000000e+00
      vertex   1.755097e+01 -5.976718e+01 -2.000000e+00
    endloop
  endfacet
  facet normal -2.974080e-08 7.618594e-09 -1.000000e+00
    outer loop
      vertex   1.755097e+01 -5.976718e+01 -2.000000e+00
      vertex   1.947691e+01 -6.137791e+01 -2.000000e+00
      vertex   1.723742e+01 -6.025000e+01 -2.000000e+00
    endloop
  endfacet
  facet normal -2.633456e-08 1.438178e-08 -1.000000e+00
    outer loop
      vertex   1.723742e+01 -6.025000e+01 -2.000000e+00
      vertex   1.947691e+01 -6.137791e+01 -2.000000e+00
      vertex   1.927173e+01 -6.175362e+01 -2.000000e+00
    endloop
  endfacet
  facet normal -3.216988e-08 6.486920e-09 -1.000000e+00
    outer loop
      vertex   1.723742e+01 -6.025000e+01 -2.000000e+00
      vertex   1.927173e+01 -6.175362e+01 -2.000000e+00
      vertex   1.697606e+01 -6.076295e+01 -2.000000e+00
    endloop
  endfacet
  facet normal -3.012055e-08 1.123583e-08 -1.000000e+00
    outer loop
      vertex   1.697606e+01 -6.076295e+01 -2.000000e+00
      vertex   1.927173e+01 -6.175362e+01 -2.000000e+00
      vertex   1.912211e+01 -6.215470e+01 -2.000000e+00
    endloop
  endfacet
  facet normal -3.425864e-08 4.855000e-09 -1.000000e+00
    outer loop
      vertex   1.697606e+01 -6.076295e+01 -2.000000e+00
      vertex   1.912211e+01 -6.215470e+01 -2.000000e+00
      vertex   1.676975e+01 -6.130041e+01 -2.000000e+00
    endloop
  endfacet
  facet normal -3.508177e-08 2.588481e-09 -1.000000e+00
    outer loop
      vertex   1.676975e+01 -6.130041e+01 -2.000000e+00
      vertex   1.912211e+01 -6.215470e+01 -2.000000e+00
      vertex   1.662075e+01 -6.185649e+01 -2.000000e+00
    endloop
  endfacet
  facet normal -3.449561e-08 7.504977e-09 -1.000000e+00
    outer loop
      vertex   1.662075e+01 -6.185649e+01 -2.000000e+00
      vertex   1.912211e+01 -6.215470e+01 -2.000000e+00
      vertex   1.903110e+01 -6.257301e+01 -2.000000e+00
    endloop
  endfacet
  facet normal -3.661077e-08 3.896384e-10 -1.000000e+00
    outer loop
      vertex   1.662075e+01 -6.185649e+01 -2.000000e+00
      vertex   1.903110e+01 -6.257301e+01 -2.000000e+00
      vertex   1.653069e+01 -6.242509e+01 -2.000000e+00
    endloop
  endfacet
  facet normal -3.647946e-08 2.609370e-09 -1.000000e+00
    outer loop
      vertex   1.653069e+01 -6.242509e+01 -2.000000e+00
      vertex   1.903110e+01 -6.257301e+01 -2.000000e+00
      vertex   1.900056e+01 -6.300000e+01 -2.000000e+00
    endloop
  endfacet
  facet normal -3.757172e-08 -2.083111e-09 -1.000000e+00
    outer loop
      vertex   1.653069e+01 -6.242509e+01 -2.000000e+00
      vertex   1.900056e+01 -6.300000e+01 -2.000000e+00
      vertex   1.650056e+01 -6.300000e+01 -2.000000e+00
    endloop
  endfacet
  facet normal -3.757172e-08 5.040734e-09 -1.000000e+00
    outer loop
      vertex   1.650056e+01 -6.300000e+01 -2.000000e+00
      vertex   1.900056e+01 -6.300000e+01 -2.000000e+00
      vertex   1.650056e+01 -8.850000e+01 -2.000000e+00
    endloop
  endfacet
  facet normal 1.384374e-08 -6.966106e-17 -1.000000e+00
    outer loop
      vertex   1.650056e+01 -8.850000e+01 -2.000000e+00
      vertex   1.900056e+01 -6.300000e+01 -2.000000e+00
      vertex   1.900056e+01 -8.850000e+01 -2.000000e+00
    endloop
  endfacet
  facet normal 1.384374e-08 1.291973e-09 -1.000000e+00
    outer loop
      vertex   1.650056e+01 -8.850000e+01 -2.000000e+00
      vertex   1.900056e+01 -8.850000e+01 -2.000000e+00
      vertex   1.653069e+01 -8.907491e+01 -2.000000e+00
    endloop
  endfacet
  facet normal 1.391285e-08 9.950667e-10 -1.000000e+00
    outer loop
      vertex   1.653069e+01 -8.907491e+01 -2.000000e+00
      vertex   1.900056e+01 -8.850000e+01 -2.000000e+00
      vertex   1.903110e+01 -8.892694e+01 -2.000000e+00
    endloop
  endfacet
  facet normal 1.383671e-08 2.281818e-09 -1.000000e+00
    outer loop
      vertex   1.653069e+01 -8.907491e+01 -2.000000e+00
      vertex   1.903110e+01 -8.892694e+01 -2.000000e+00
      vertex   1.662075e+01 -8.964351e+01 -2.000000e+00
    endloop
  endfacet
  facet normal 1.363338e-08 2.965760e-09 -1.000000e+00
    outer loop
      vertex   1.662075e+01 -8.964351e+01 -2.000000e+00
      vertex   1.903110e+01 -8.892694e+01 -2.000000e+00
      vertex   1.912208e+01 -8.934520e+01 -2.000000e+00
    endloop
  endfacet
  facet normal 1.360040e-08 3.242242e-09 -1.000000e+00
    outer loop
      vertex   1.662075e+01 -8.964351e+01 -2.000000e+00
      vertex   1.912208e+01 -8.934520e+01 -2.000000e+00
      vertex   1.676975e+01 -9.019959e+01 -2.000000e+00
    endloop
  endfacet
  facet normal 1.326389e-08 4.168748e-09 -1.000000e+00
    outer loop
      vertex   1.676975e+01 -9.019959e+01 -2.000000e+00
      vertex   1.912208e+01 -8.934520e+01 -2.000000e+00
      vertex   1.697606e+01 -9.073705e+01 -2.000000e+00
    endloop
  endfacet
  facet normal 1.285736e-08 4.795547e-09 -1.000000e+00
    outer loop
      vertex   1.697606e+01 -9.073705e+01 -2.000000e+00
      vertex   1.912208e+01 -8.934520e+01 -2.000000e+00
      vertex   1.927166e+01 -8.974625e+01 -2.000000e+00
    endloop
  endfacet
  facet normal 1.276246e-08 5.015421e-09 -1.000000e+00
    outer loop
      vertex   1.697606e+01 -9.073705e+01 -2.000000e+00
      vertex   1.927166e+01 -8.974625e+01 -2.000000e+00
      vertex   1.723742e+01 -9.125000e+01 -2.000000e+00
    endloop
  endfacet
  facet normal 1.173371e-08 6.407090e-09 -1.000000e+00
    outer loop
      vertex   1.723742e+01 -9.125000e+01 -2.000000e+00
      vertex   1.927166e+01 -8.974625e+01 -2.000000e+00
      vertex   1.947680e+01 -9.012192e+01 -2.000000e+00
    endloop
  endfacet
  facet normal 1.207646e-08 5.726679e-09 -1.000000e+00
    outer loop
      vertex   1.723742e+01 -9.125000e+01 -2.000000e+00
      vertex   1.947680e+01 -9.012192e+01 -2.000000e+00
      vertex   1.755096e+01 -9.173282e+01 -2.000000e+00
    endloop
  endfacet
  facet normal 1.146996e-08 6.451754e-09 -1.000000e+00
    outer loop
      vertex   1.755096e+01 -9.173282e+01 -2.000000e+00
      vertex   1.947680e+01 -9.012192e+01 -2.000000e+00
      vertex   1.791326e+01 -9.218022e+01 -2.000000e+00
    endloop
  endfacet
  facet normal 1.005468e-08 7.526840e-09 -1.000000e+00
    outer loop
      vertex   1.791326e+01 -9.218022e+01 -2.000000e+00
      vertex   1.947680e+01 -9.012192e+01 -2.000000e+00
      vertex   1.973331e+01 -9.046458e+01 -2.000000e+00
    endloop
  endfacet
  facet normal 1.061912e-08 6.928044e-09 -1.000000e+00
    outer loop
      vertex   1.791326e+01 -9.218022e+01 -2.000000e+00
      vertex   1.973331e+01 -9.046458e+01 -2.000000e+00
      vertex   1.832034e+01 -9.258730e+01 -2.000000e+00
    endloop
  endfacet
  facet normal 8.403115e-09 8.403115e-09 -1.000000e+00
    outer loop
      vertex   1.832034e+01 -9.258730e+01 -2.000000e+00
      vertex   1.973331e+01 -9.046458e+01 -2.000000e+00
      vertex   2.003598e+01 -9.076725e+01 -2.000000e+00
    endloop
  endfacet
  facet normal 9.676395e-09 7.202880e-09 -1.000000e+00
    outer loop
      vertex   1.832034e+01 -9.258730e+01 -2.000000e+00
      vertex   2.003598e+01 -9.076725e+01 -2.000000e+00
      vertex   1.876774e+01 -9.294959e+01 -2.000000e+00
    endloop
  endfacet
  facet normal 6.690827e-09 8.937898e-09 -1.000000e+00
    outer loop
      vertex   1.876774e+01 -9.294959e+01 -2.000000e+00
      vertex   2.003598e+01 -9.076725e+01 -2.000000e+00
      vertex   2.037864e+01 -9.102376e+01 -2.000000e+00
    endloop
  endfacet
  facet normal 8.690389e-09 7.265330e-09 -1.000000e+00
    outer loop
      vertex   1.876774e+01 -9.294959e+01 -2.000000e+00
      vertex   2.037864e+01 -9.102376e+01 -2.000000e+00
      vertex   1.925056e+01 -9.326314e+01 -2.000000e+00
    endloop
  endfacet
  facet normal 7.970935e-09 7.627751e-09 -1.000000e+00
    outer loop
      vertex   1.925056e+01 -9.326314e+01 -2.000000e+00
      vertex   2.037864e+01 -9.102376e+01 -2.000000e+00
      vertex   1.976351e+01 -9.352450e+01 -2.000000e+00
    endloop
  endfacet
  facet normal 4.615722e-09 8.453063e-09 -1.000000e+00
    outer loop
      vertex   1.976351e+01 -9.352450e+01 -2.000000e+00
      vertex   2.037864e+01 -9.102376e+01 -2.000000e+00
      vertex   2.075431e+01 -9.122890e+01 -2.000000e+00
    endloop
  endfacet
  facet normal 7.030002e-09 7.411035e-09 -1.000000e+00
    outer loop
      vertex   1.976351e+01 -9.352450e+01 -2.000000e+00
      vertex   2.075431e+01 -9.122890e+01 -2.000000e+00
      vertex   2.030097e+01 -9.373081e+01 -2.000000e+00
    endloop
  endfacet
  facet normal 3.034225e-09 8.135072e-09 -1.000000e+00
    outer loop
      vertex   2.030097e+01 -9.373081e+01 -2.000000e+00
      vertex   2.075431e+01 -9.122890e+01 -2.000000e+00
      vertex   2.115536e+01 -9.137848e+01 -2.000000e+00
    endloop
  endfacet
  facet normal 6.154263e-09 7.001836e-09 -1.000000e+00
    outer loop
      vertex   2.030097e+01 -9.373081e+01 -2.000000e+00
      vertex   2.115536e+01 -9.137848e+01 -2.000000e+00
      vertex   2.085705e+01 -9.387981e+01 -2.000000e+00
    endloop
  endfacet
  facet normal 1.640268e-09 7.540189e-09 -1.000000e+00
    outer loop
      vertex   2.085705e+01 -9.387981e+01 -2.000000e+00
      vertex   2.115536e+01 -9.137848e+01 -2.000000e+00
      vertex   2.157361e+01 -9.146946e+01 -2.000000e+00
    endloop
  endfacet
  facet normal 5.383963e-09 6.427230e-09 -1.000000e+00
    outer loop
      vertex   2.085705e+01 -9.387981e+01 -2.000000e+00
      vertex   2.157361e+01 -9.146946e+01 -2.000000e+00
      vertex   2.142565e+01 -9.396987e+01 -2.000000e+00
    endloop
  endfacet
  facet normal 4.804375e-10 6.717396e-09 -1.000000e+00
    outer loop
      vertex   2.142565e+01 -9.396987e+01 -2.000000e+00
      vertex   2.157361e+01 -9.146946e+01 -2.000000e+00
      vertex   2.200056e+01 -9.150000e+01 -2.000000e+00
    endloop
  endfacet
  facet normal 4.750922e-09 5.723366e-09 -1.000000e+00
    outer loop
      vertex   2.142565e+01 -9.396987e+01 -2.000000e+00
      vertex   2.200056e+01 -9.150000e+01 -2.000000e+00
      vertex   2.200056e+01 -9.400000e+01 -2.000000e+00
    endloop
  endfacet
  facet normal -7.723291e-17 5.723365e-09 -1.000000e+00
    outer loop
      vertex   2.200056e+01 -9.400000e+01 -2.000000e+00
      vertex   2.200056e+01 -9.150000e+01 -2.000000e+00
      vertex   4.500056e+01 -9.150000e+01 -2.000000e+00
    endloop
  endfacet
  facet normal -4.066196e-09 -2.415729e-11 -1.000000e+00
    outer loop
      vertex   5.146926e+01 -8.913711e+01 -5.211823e-09
      vertex   5.050056e+01 -8.850000e+01 -1.288287e-09
      vertex   5.150056e+01 -8.850000e+01 -5.354483e-09
    endloop
  endfacet
  facet normal -4.066196e-09 1.259929e-10 -1.000000e+00
    outer loop
      vertex   5.150056e+01 -8.850000e+01 -5.354483e-09
      vertex   5.050056e+01 -8.850000e+01 -1.288287e-09
      vertex   5.050056e+01 -6.300000e+01 1.924532e-09
    endloop
  endfacet
  facet normal 2.962536e-10 2.970694e-10 -1.000000e+00
    outer loop
      vertex   5.150056e+01 -8.850000e+01 -5.354483e-09
      vertex   5.050056e+01 -6.300000e+01 1.924532e-09
      vertex   5.150056e+01 -6.300000e+01 2.220785e-09
    endloop
  endfacet
  facet normal 2.962536e-10 1.541525e-11 -1.000000e+00
    outer loop
      vertex   5.150056e+01 -6.300000e+01 2.220785e-09
      vertex   5.050056e+01 -6.300000e+01 1.924532e-09
      vertex   5.146926e+01 -6.236289e+01 2.221334e-09
    endloop
  endfacet
  facet normal -2.075729e-08 3.202643e-08 -1.000000e+00
    outer loop
      vertex   5.146926e+01 -6.236289e+01 2.221334e-09
      vertex   5.050056e+01 -6.300000e+01 1.924532e-09
      vertex   5.047043e+01 -6.242509e+01 2.096214e-08
    endloop
  endfacet
  facet normal -1.859094e-08 -2.758842e-09 -1.000000e+00
    outer loop
      vertex   5.146926e+01 -6.236289e+01 2.221334e-09
      vertex   5.047043e+01 -6.242509e+01 2.096214e-08
      vertex   5.137566e+01 -6.173191e+01 2.220617e-09
    endloop
  endfacet
  facet normal -1.530429e-08 -7.050928e-09 -1.000000e+00
    outer loop
      vertex   5.137566e+01 -6.173191e+01 2.220617e-09
      vertex   5.047043e+01 -6.242509e+01 2.096214e-08
      vertex   5.038037e+01 -6.185649e+01 1.833121e-08
    endloop
  endfacet
  facet normal -1.569436e-08 -3.934425e-09 -1.000000e+00
    outer loop
      vertex   5.137566e+01 -6.173191e+01 2.220617e-09
      vertex   5.038037e+01 -6.185649e+01 1.833121e-08
      vertex   5.122067e+01 -6.111315e+01 2.218641e-09
    endloop
  endfacet
  facet normal -1.233981e-08 -7.726558e-09 -1.000000e+00
    outer loop
      vertex   5.122067e+01 -6.111315e+01 2.218641e-09
      vertex   5.038037e+01 -6.185649e+01 1.833121e-08
      vertex   5.023137e+01 -6.130041e+01 1.587328e-08
    endloop
  endfacet
  facet normal -1.292587e-08 -4.630305e-09 -1.000000e+00
    outer loop
      vertex   5.122067e+01 -6.111315e+01 2.218641e-09
      vertex   5.023137e+01 -6.130041e+01 1.587328e-08
      vertex   5.100578e+01 -6.051256e+01 2.215424e-09
    endloop
  endfacet
  facet normal -9.609551e-09 -7.890040e-09 -1.000000e+00
    outer loop
      vertex   5.100578e+01 -6.051256e+01 2.215424e-09
      vertex   5.023137e+01 -6.130041e+01 1.587328e-08
      vertex   5.002506e+01 -6.076295e+01 1.361527e-08
    endloop
  endfacet
  facet normal -1.036983e-08 -4.912236e-09 -1.000000e+00
    outer loop
      vertex   5.100578e+01 -6.051256e+01 2.215424e-09
      vertex   5.002506e+01 -6.076295e+01 1.361527e-08
      vertex   5.073305e+01 -5.993592e+01 2.210999e-09
    endloop
  endfacet
  facet normal -7.195010e-09 -7.630081e-09 -1.000000e+00
    outer loop
      vertex   5.073305e+01 -5.993592e+01 2.210999e-09
      vertex   5.002506e+01 -6.076295e+01 1.361527e-08
      vertex   4.976370e+01 -6.025000e+01 1.158192e-08
    endloop
  endfacet
  facet normal -8.092354e-09 -4.860590e-09 -1.000000e+00
    outer loop
      vertex   5.073305e+01 -5.993592e+01 2.210999e-09
      vertex   4.976370e+01 -6.025000e+01 1.158192e-08
      vertex   5.040511e+01 -5.938879e+01 2.205408e-09
    endloop
  endfacet
  facet normal -5.155455e-09 -7.047945e-09 -1.000000e+00
    outer loop
      vertex   5.040511e+01 -5.938879e+01 2.205408e-09
      vertex   4.976370e+01 -6.025000e+01 1.158192e-08
      vertex   4.945015e+01 -5.976718e+01 9.795511e-09
    endloop
  endfacet
  facet normal -6.138889e-09 -4.565995e-09 -1.000000e+00
    outer loop
      vertex   5.040511e+01 -5.938879e+01 2.205408e-09
      vertex   4.945015e+01 -5.976718e+01 9.795511e-09
      vertex   5.002513e+01 -5.887644e+01 2.198704e-09
    endloop
  endfacet
  facet normal -3.526104e-09 -6.252558e-09 -1.000000e+00
    outer loop
      vertex   5.002513e+01 -5.887644e+01 2.198704e-09
      vertex   4.945015e+01 -5.976718e+01 9.795511e-09
      vertex   4.908786e+01 -5.931978e+01 8.275617e-09
    endloop
  endfacet
  facet normal -4.532663e-09 -4.124568e-09 -1.000000e+00
    outer loop
      vertex   5.002513e+01 -5.887644e+01 2.198704e-09
      vertex   4.908786e+01 -5.931978e+01 8.275617e-09
      vertex   4.959675e+01 -5.840381e+01 2.190952e-09
    endloop
  endfacet
  facet normal -2.317311e-09 -5.355373e-09 -1.000000e+00
    outer loop
      vertex   4.959675e+01 -5.840381e+01 2.190952e-09
      vertex   4.908786e+01 -5.931978e+01 8.275617e-09
      vertex   4.868078e+01 -5.891270e+01 7.038888e-09
    endloop
  endfacet
  facet normal -3.274253e-09 -3.632951e-09 -1.000000e+00
    outer loop
      vertex   4.959675e+01 -5.840381e+01 2.190952e-09
      vertex   4.868078e+01 -5.891270e+01 7.038888e-09
      vertex   4.912412e+01 -5.797543e+01 2.182226e-09
    endloop
  endfacet
  facet normal -1.514783e-09 -4.465196e-09 -1.000000e+00
    outer loop
      vertex   4.912412e+01 -5.797543e+01 2.182226e-09
      vertex   4.868078e+01 -5.891270e+01 7.038888e-09
      vertex   4.823338e+01 -5.855041e+01 6.098874e-09
    endloop
  endfacet
  facet normal -2.342196e-09 -3.183388e-09 -1.000000e+00
    outer loop
      vertex   4.912412e+01 -5.797543e+01 2.182226e-09
      vertex   4.823338e+01 -5.855041e+01 6.098874e-09
      vertex   4.861177e+01 -5.759545e+01 2.172612e-09
    endloop
  endfacet
  facet normal -1.080837e-09 -3.683182e-09 -1.000000e+00
    outer loop
      vertex   4.861177e+01 -5.759545e+01 2.172612e-09
      vertex   4.823338e+01 -5.855041e+01 6.098874e-09
      vertex   4.775056e+01 -5.823686e+01 5.465875e-09
    endloop
  endfacet
  facet normal -1.694627e-09 -2.859063e-09 -1.000000e+00
    outer loop
      vertex   4.861177e+01 -5.759545e+01 2.172612e-09
      vertex   4.775056e+01 -5.823686e+01 5.465875e-09
      vertex   4.806464e+01 -5.726751e+01 2.162200e-09
    endloop
  endfacet
  facet normal -9.566133e-10 -3.098187e-09 -1.000000e+00
    outer loop
      vertex   4.806464e+01 -5.726751e+01 2.162200e-09
      vertex   4.775056e+01 -5.823686e+01 5.465875e-09
      vertex   4.723761e+01 -5.797550e+01 5.146825e-09
    endloop
  endfacet
  facet normal -1.271886e-09 -2.729905e-09 -1.000000e+00
    outer loop
      vertex   4.806464e+01 -5.726751e+01 2.162200e-09
      vertex   4.723761e+01 -5.797550e+01 5.146825e-09
      vertex   4.748800e+01 -5.699478e+01 2.151092e-09
    endloop
  endfacet
  facet normal -1.065185e-09 -2.782679e-09 -1.000000e+00
    outer loop
      vertex   4.748800e+01 -5.699478e+01 2.151092e-09
      vertex   4.723761e+01 -5.797550e+01 5.146825e-09
      vertex   4.670015e+01 -5.776919e+01 5.145221e-09
    endloop
  endfacet
  facet normal -9.999345e-10 -2.849062e-09 -1.000000e+00
    outer loop
      vertex   4.748800e+01 -5.699478e+01 2.151092e-09
      vertex   4.670015e+01 -5.776919e+01 5.145221e-09
      vertex   4.688741e+01 -5.677989e+01 2.139395e-09
    endloop
  endfacet
  facet normal -1.315413e-09 -2.789347e-09 -1.000000e+00
    outer loop
      vertex   4.688741e+01 -5.677989e+01 2.139395e-09
      vertex   4.670015e+01 -5.776919e+01 5.145221e-09
      vertex   4.614407e+01 -5.762019e+01 5.461079e-09
    endloop
  endfacet
  facet normal -7.944555e-10 -3.250190e-09 -1.000000e+00
    outer loop
      vertex   4.688741e+01 -5.677989e+01 2.139395e-09
      vertex   4.614407e+01 -5.762019e+01 5.461079e-09
      vertex   4.626865e+01 -5.662490e+01 2.127221e-09
    endloop
  endfacet
  facet normal -1.606407e-09 -3.148565e-09 -1.000000e+00
    outer loop
      vertex   4.626865e+01 -5.662490e+01 2.127221e-09
      vertex   4.614407e+01 -5.762019e+01 5.461079e-09
      vertex   4.557547e+01 -5.753013e+01 6.090939e-09
    endloop
  endfacet
  facet normal -5.654247e-10 -3.945694e-09 -1.000000e+00
    outer loop
      vertex   4.626865e+01 -5.662490e+01 2.127221e-09
      vertex   4.557547e+01 -5.753013e+01 6.090939e-09
      vertex   4.563767e+01 -5.653130e+01 2.114688e-09
    endloop
  endfacet
  facet normal 7.238800e-09 -4.431723e-09 -1.000000e+00
    outer loop
      vertex   4.563767e+01 -5.653130e+01 2.114688e-09
      vertex   4.557547e+01 -5.753013e+01 6.090939e-09
      vertex   4.500056e+01 -5.750000e+01 1.795779e-09
    endloop
  endfacet
  facet normal 3.508684e-11 3.061362e-10 -1.000000e+00
    outer loop
      vertex   4.563767e+01 -5.653130e+01 2.114688e-09
      vertex   4.500056e+01 -5.750000e+01 1.795779e-09
      vertex   4.500056e+01 -5.650000e+01 2.101915e-09
    endloop
  endfacet
  facet normal -1.357667e-10 3.061362e-10 -1.000000e+00
    outer loop
      vertex   4.500056e+01 -5.650000e+01 2.101915e-09
      vertex   4.500056e+01 -5.750000e+01 1.795779e-09
      vertex   2.200056e+01 -5.750000e+01 4.918413e-09
    endloop
  endfacet
  facet normal -1.887923e-09 4.060573e-08 -1.000000e+00
    outer loop
      vertex   4.500056e+01 -5.650000e+01 2.101915e-09
      vertex   2.200056e+01 -5.750000e+01 4.918413e-09
      vertex   2.200056e+01 -5.650000e+01 4.552414e-08
    endloop
  endfacet
  facet normal 1.230019e-08 4.060573e-08 -1.000000e+00
    outer loop
      vertex   2.200056e+01 -5.650000e+01 4.552414e-08
      vertex   2.200056e+01 -5.750000e+01 4.918413e-09
      vertex   2.136345e+01 -5.653130e+01 3.641662e-08
    endloop
  endfacet
  facet normal -8.028145e-08 -2.028492e-08 -1.000000e+00
    outer loop
      vertex   2.136345e+01 -5.653130e+01 3.641662e-08
      vertex   2.200056e+01 -5.750000e+01 4.918413e-09
      vertex   2.142565e+01 -5.753013e+01 5.168392e-08
    endloop
  endfacet
  facet normal 1.674361e-08 -1.424243e-08 -1.000000e+00
    outer loop
      vertex   2.136345e+01 -5.653130e+01 3.641662e-08
      vertex   2.142565e+01 -5.753013e+01 5.168392e-08
      vertex   2.073247e+01 -5.662490e+01 2.718485e-08
    endloop
  endfacet
  facet normal 1.443314e-09 -2.595859e-08 -1.000000e+00
    outer loop
      vertex   2.073247e+01 -5.662490e+01 2.718485e-08
      vertex   2.142565e+01 -5.753013e+01 5.168392e-08
      vertex   2.085704e+01 -5.762019e+01 5.320104e-08
    endloop
  endfacet
  facet normal 2.087006e-08 -2.352710e-08 -1.000000e+00
    outer loop
      vertex   2.073247e+01 -5.662490e+01 2.718485e-08
      vertex   2.085704e+01 -5.762019e+01 5.320104e-08
      vertex   2.011371e+01 -5.677989e+01 1.791774e-08
    endloop
  endfacet
  facet normal 6.501910e-09 -3.623727e-08 -1.000000e+00
    outer loop
      vertex   2.011371e+01 -5.677989e+01 1.791774e-08
      vertex   2.085704e+01 -5.762019e+01 5.320104e-08
      vertex   2.030097e+01 -5.776919e+01 5.498485e-08
    endloop
  endfacet
  facet normal 2.692306e-08 -3.237191e-08 -1.000000e+00
    outer loop
      vertex   2.011371e+01 -5.677989e+01 1.791774e-08
      vertex   2.030097e+01 -5.776919e+01 5.498485e-08
      vertex   1.951312e+01 -5.699478e+01 8.704537e-09
    endloop
  endfacet
  facet normal 1.378022e-08 -4.574290e-08 -1.000000e+00
    outer loop
      vertex   1.951312e+01 -5.699478e+01 8.704537e-09
      vertex   2.030097e+01 -5.776919e+01 5.498485e-08
      vertex   1.976351e+01 -5.797550e+01 5.701581e-08
    endloop
  endfacet
  facet normal 3.482381e-08 -4.037018e-08 -1.000000e+00
    outer loop
      vertex   1.951312e+01 -5.699478e+01 8.704537e-09
      vertex   1.976351e+01 -5.797550e+01 5.701581e-08
      vertex   1.893648e+01 -5.726751e+01 -3.660353e-10
    endloop
  endfacet
  facet normal 2.313119e-08 -5.402876e-08 -1.000000e+00
    outer loop
      vertex   1.893648e+01 -5.726751e+01 -3.660353e-10
      vertex   1.976351e+01 -5.797550e+01 5.701581e-08
      vertex   1.925056e+01 -5.823686e+01 5.927168e-08
    endloop
  endfacet
  facet normal 4.440944e-08 -4.713439e-08 -1.000000e+00
    outer loop
      vertex   1.893648e+01 -5.726751e+01 -3.660353e-10
      vertex   1.925056e+01 -5.823686e+01 5.927168e-08
      vertex   1.838935e+01 -5.759545e+01 -9.206620e-09
    endloop
  endfacet
  facet normal 3.431996e-08 -6.068124e-08 -1.000000e+00
    outer loop
      vertex   1.838935e+01 -5.759545e+01 -9.206620e-09
      vertex   1.925056e+01 -5.823686e+01 5.927168e-08
      vertex   1.876774e+01 -5.855041e+01 6.172772e-08
    endloop
  endfacet
  facet normal 5.543822e-08 -5.231346e-08 -1.000000e+00
    outer loop
      vertex   1.838935e+01 -5.759545e+01 -9.206620e-09
      vertex   1.876774e+01 -5.855041e+01 6.172772e-08
      vertex   1.787700e+01 -5.797543e+01 -1.773208e-08
    endloop
  endfacet
  facet normal 4.703169e-08 -6.533667e-08 -1.000000e+00
    outer loop
      vertex   1.787700e+01 -5.797543e+01 -1.773208e-08
      vertex   1.876774e+01 -5.855041e+01 6.172772e-08
      vertex   1.832034e+01 -5.891270e+01 6.435705e-08
    endloop
  endfacet
  facet normal 6.759820e-08 -5.560852e-08 -1.000000e+00
    outer loop
      vertex   1.787700e+01 -5.797543e+01 -1.773208e-08
      vertex   1.832034e+01 -5.891270e+01 6.435705e-08
      vertex   1.740436e+01 -5.840381e+01 -2.586030e-08
    endloop
  endfacet
  facet normal 6.088245e-08 -6.769635e-08 -1.000000e+00
    outer loop
      vertex   1.740436e+01 -5.840381e+01 -2.586030e-08
      vertex   1.832034e+01 -5.891270e+01 6.435705e-08
      vertex   1.791326e+01 -5.931978e+01 6.713084e-08
    endloop
  endfacet
  facet normal 8.051901e-08 -5.678668e-08 -1.000000e+00
    outer loop
      vertex   1.740436e+01 -5.840381e+01 -2.586030e-08
      vertex   1.791326e+01 -5.931978e+01 6.713084e-08
      vertex   1.697599e+01 -5.887644e+01 -3.351301e-08
    endloop
  endfacet
  facet normal 7.543296e-08 -6.753920e-08 -1.000000e+00
    outer loop
      vertex   1.697599e+01 -5.887644e+01 -3.351301e-08
      vertex   1.791326e+01 -5.931978e+01 6.713084e-08
      vertex   1.755097e+01 -5.976718e+01 7.001871e-08
    endloop
  endfacet
  facet normal 9.378626e-08 -5.569208e-08 -1.000000e+00
    outer loop
      vertex   1.697599e+01 -5.887644e+01 -3.351301e-08
      vertex   1.755097e+01 -5.976718e+01 7.001871e-08
      vertex   1.659601e+01 -5.938879e+01 -4.061652e-08
    endloop
  endfacet
  facet normal 9.020453e-08 -6.473152e-08 -1.000000e+00
    outer loop
      vertex   1.659601e+01 -5.938879e+01 -4.061652e-08
      vertex   1.755097e+01 -5.976718e+01 7.001871e-08
      vertex   1.723742e+01 -6.025000e+01 7.298902e-08
    endloop
  endfacet
  facet normal 1.069580e-07 -5.225377e-08 -1.000000e+00
    outer loop
      vertex   1.659601e+01 -5.938879e+01 -4.061652e-08
      vertex   1.723742e+01 -6.025000e+01 7.298902e-08
      vertex   1.626807e+01 -5.993592e+01 -4.710240e-08
    endloop
  endfacet
  facet normal 1.046965e-07 -5.923348e-08 -1.000000e+00
    outer loop
      vertex   1.626807e+01 -5.993592e+01 -4.710240e-08
      vertex   1.723742e+01 -6.025000e+01 7.298902e-08
      vertex   1.697606e+01 -6.076295e+01 7.600923e-08
    endloop
  endfacet
  facet normal 1.195827e-07 -4.649001e-08 -1.000000e+00
    outer loop
      vertex   1.626807e+01 -5.993592e+01 -4.710240e-08
      vertex   1.697606e+01 -6.076295e+01 7.600923e-08
      vertex   1.599534e+01 -6.051256e+01 -5.290819e-08
    endloop
  endfacet
  facet normal 1.184051e-07 -5.110216e-08 -1.000000e+00
    outer loop
      vertex   1.599534e+01 -6.051256e+01 -5.290819e-08
      vertex   1.697606e+01 -6.076295e+01 7.600923e-08
      vertex   1.676975e+01 -6.130041e+01 7.904624e-08
    endloop
  endfacet
  facet normal 1.312170e-07 -3.850887e-08 -1.000000e+00
    outer loop
      vertex   1.599534e+01 -6.051256e+01 -5.290819e-08
      vertex   1.676975e+01 -6.130041e+01 7.904624e-08
      vertex   1.578045e+01 -6.111315e+01 -5.797799e-08
    endloop
  endfacet
  facet normal 1.308419e-07 -4.049082e-08 -1.000000e+00
    outer loop
      vertex   1.578045e+01 -6.111315e+01 -5.797799e-08
      vertex   1.676975e+01 -6.130041e+01 7.904624e-08
      vertex   1.662075e+01 -6.185649e+01 8.206678e-08
    endloop
  endfacet
  facet normal 1.414446e-07 -2.850498e-08 -1.000000e+00
    outer loop
      vertex   1.578045e+01 -6.111315e+01 -5.797799e-08
      vertex   1.662075e+01 -6.185649e+01 8.206678e-08
      vertex   1.562545e+01 -6.173191e+01 -6.226296e-08
    endloop
  endfacet
  facet normal 1.415523e-07 -2.764468e-08 -1.000000e+00
    outer loop
      vertex   1.562545e+01 -6.173191e+01 -6.226296e-08
      vertex   1.662075e+01 -6.185649e+01 8.206678e-08
      vertex   1.653069e+01 -6.242509e+01 8.503775e-08
    endloop
  endfacet
  facet normal 1.498928e-07 -1.675270e-08 -1.000000e+00
    outer loop
      vertex   1.562545e+01 -6.173191e+01 -6.226296e-08
      vertex   1.653069e+01 -6.242509e+01 8.503775e-08
      vertex   1.553186e+01 -6.236289e+01 -6.572185e-08
    endloop
  endfacet
  facet normal 1.494851e-07 -2.330028e-08 -1.000000e+00
    outer loop
      vertex   1.553186e+01 -6.236289e+01 -6.572185e-08
      vertex   1.653069e+01 -6.242509e+01 8.503775e-08
      vertex   1.650056e+01 -6.300000e+01 9.392932e-08
    endloop
  endfacet
  facet normal 1.622507e-07 -3.890753e-09 -1.000000e+00
    outer loop
      vertex   1.553186e+01 -6.236289e+01 -6.572185e-08
      vertex   1.650056e+01 -6.300000e+01 9.392932e-08
      vertex   1.550056e+01 -6.300000e+01 -6.832134e-08
    endloop
  endfacet
  facet normal 1.622507e-07 -4.925977e-09 -1.000000e+00
    outer loop
      vertex   1.550056e+01 -6.300000e+01 -6.832134e-08
      vertex   1.650056e+01 -6.300000e+01 9.392932e-08
      vertex   1.550056e+01 -8.850000e+01 5.729127e-08
    endloop
  endfacet
  facet normal -9.190084e-08 5.040736e-09 -1.000000e+00
    outer loop
      vertex   1.550056e+01 -8.850000e+01 5.729127e-08
      vertex   1.650056e+01 -6.300000e+01 9.392932e-08
      vertex   1.650056e+01 -8.850000e+01 -3.460937e-08
    endloop
  endfacet
  facet normal -9.190085e-08 -5.316529e-09 -1.000000e+00
    outer loop
      vertex   1.550056e+01 -8.850000e+01 5.729127e-08
      vertex   1.650056e+01 -8.850000e+01 -3.460937e-08
      vertex   1.553186e+01 -8.913711e+01 5.780206e-08
    endloop
  endfacet
  facet normal 1.852750e-07 -4.267500e-07 -1.000000e+00
    outer loop
      vertex   1.553186e+01 -8.913711e+01 5.780206e-08
      vertex   1.650056e+01 -8.850000e+01 -3.460937e-08
      vertex   1.653069e+01 -8.907491e+01 2.163143e-07
    endloop
  endfacet
  facet normal 1.572318e-07 2.354691e-08 -1.000000e+00
    outer loop
      vertex   1.553186e+01 -8.913711e+01 5.780206e-08
      vertex   1.653069e+01 -8.907491e+01 2.163143e-07
      vertex   1.562546e+01 -8.976809e+01 5.766086e-08
    endloop
  endfacet
  facet normal 1.594655e-07 2.062990e-08 -1.000000e+00
    outer loop
      vertex   1.562546e+01 -8.976809e+01 5.766086e-08
      vertex   1.653069e+01 -8.907491e+01 2.163143e-07
      vertex   1.662075e+01 -8.964351e+01 2.189453e-07
    endloop
  endfacet
  facet normal 1.569663e-07 4.059770e-08 -1.000000e+00
    outer loop
      vertex   1.562546e+01 -8.976809e+01 5.766086e-08
      vertex   1.662075e+01 -8.964351e+01 2.189453e-07
      vertex   1.578045e+01 -9.038685e+01 5.686904e-08
    endloop
  endfacet
  facet normal 1.590822e-07 3.820584e-08 -1.000000e+00
    outer loop
      vertex   1.578045e+01 -9.038685e+01 5.686904e-08
      vertex   1.662075e+01 -8.964351e+01 2.189453e-07
      vertex   1.676975e+01 -9.019959e+01 2.214032e-07
    endloop
  endfacet
  facet normal 1.553410e-07 5.797092e-08 -1.000000e+00
    outer loop
      vertex   1.578045e+01 -9.038685e+01 5.686904e-08
      vertex   1.676975e+01 -9.019959e+01 2.214032e-07
      vertex   1.599534e+01 -9.098744e+01 5.543421e-08
    endloop
  endfacet
  facet normal 1.572011e-07 5.614258e-08 -1.000000e+00
    outer loop
      vertex   1.599534e+01 -9.098744e+01 5.543421e-08
      vertex   1.676975e+01 -9.019959e+01 2.214032e-07
      vertex   1.697606e+01 -9.073705e+01 2.236612e-07
    endloop
  endfacet
  facet normal 1.522378e-07 7.558252e-08 -1.000000e+00
    outer loop
      vertex   1.599534e+01 -9.098744e+01 5.543421e-08
      vertex   1.697606e+01 -9.073705e+01 2.236612e-07
      vertex   1.626807e+01 -9.156408e+01 5.337021e-08
    endloop
  endfacet
  facet normal 1.536859e-07 7.434286e-08 -1.000000e+00
    outer loop
      vertex   1.626807e+01 -9.156408e+01 5.337021e-08
      vertex   1.697606e+01 -9.073705e+01 2.236612e-07
      vertex   1.723742e+01 -9.125000e+01 2.256946e-07
    endloop
  endfacet
  facet normal 1.475381e-07 9.331703e-08 -1.000000e+00
    outer loop
      vertex   1.626807e+01 -9.156408e+01 5.337021e-08
      vertex   1.723742e+01 -9.125000e+01 2.256946e-07
      vertex   1.659601e+01 -9.211121e+01 5.069689e-08
    endloop
  endfacet
  facet normal 1.484021e-07 9.267352e-08 -1.000000e+00
    outer loop
      vertex   1.659601e+01 -9.211121e+01 5.069689e-08
      vertex   1.723742e+01 -9.125000e+01 2.256946e-07
      vertex   1.755096e+01 -9.173282e+01 2.274810e-07
    endloop
  endfacet
  facet normal 1.411302e-07 1.110261e-07 -1.000000e+00
    outer loop
      vertex   1.659601e+01 -9.211121e+01 5.069689e-08
      vertex   1.755096e+01 -9.173282e+01 2.274810e-07
      vertex   1.697599e+01 -9.262356e+01 4.744002e-08
    endloop
  endfacet
  facet normal 1.412252e-07 1.109648e-07 -1.000000e+00
    outer loop
      vertex   1.697599e+01 -9.262356e+01 4.744002e-08
      vertex   1.755096e+01 -9.173282e+01 2.274810e-07
      vertex   1.791326e+01 -9.218022e+01 2.290009e-07
    endloop
  endfacet
  facet normal 1.329174e-07 1.285285e-07 -1.000000e+00
    outer loop
      vertex   1.697599e+01 -9.262356e+01 4.744002e-08
      vertex   1.791326e+01 -9.218022e+01 2.290009e-07
      vertex   1.740437e+01 -9.309619e+01 4.363094e-08
    endloop
  endfacet
  facet normal 1.320490e-07 1.290110e-07 -1.000000e+00
    outer loop
      vertex   1.740437e+01 -9.309619e+01 4.363094e-08
      vertex   1.791326e+01 -9.218022e+01 2.290009e-07
      vertex   1.832034e+01 -9.258730e+01 2.302376e-07
    endloop
  endfacet
  facet normal 1.228256e-07 1.456125e-07 -1.000000e+00
    outer loop
      vertex   1.740437e+01 -9.309619e+01 4.363094e-08
      vertex   1.832034e+01 -9.258730e+01 2.302376e-07
      vertex   1.787700e+01 -9.352457e+01 3.930636e-08
    endloop
  endfacet
  facet normal 1.207939e-07 1.465735e-07 -1.000000e+00
    outer loop
      vertex   1.787700e+01 -9.352457e+01 3.930636e-08
      vertex   1.832034e+01 -9.258730e+01 2.302376e-07
      vertex   1.876774e+01 -9.294959e+01 2.311776e-07
    endloop
  endfacet
  facet normal 1.108108e-07 1.620391e-07 -1.000000e+00
    outer loop
      vertex   1.787700e+01 -9.352457e+01 3.930636e-08
      vertex   1.876774e+01 -9.294959e+01 2.311776e-07
      vertex   1.838935e+01 -9.390455e+01 3.450792e-08
    endloop
  endfacet
  facet normal 1.074144e-07 1.633849e-07 -1.000000e+00
    outer loop
      vertex   1.838935e+01 -9.390455e+01 3.450792e-08
      vertex   1.876774e+01 -9.294959e+01 2.311776e-07
      vertex   1.925056e+01 -9.326314e+01 2.318106e-07
    endloop
  endfacet
  facet normal 9.686614e-08 1.775477e-07 -1.000000e+00
    outer loop
      vertex   1.838935e+01 -9.390455e+01 3.450792e-08
      vertex   1.925056e+01 -9.326314e+01 2.318106e-07
      vertex   1.893648e+01 -9.423249e+01 2.928182e-08
    endloop
  endfacet
  facet normal 9.190596e-08 1.791549e-07 -1.000000e+00
    outer loop
      vertex   1.893648e+01 -9.423249e+01 2.928182e-08
      vertex   1.925056e+01 -9.326314e+01 2.318106e-07
      vertex   1.976351e+01 -9.352450e+01 2.321297e-07
    endloop
  endfacet
  facet normal 8.102702e-08 1.918630e-07 -1.000000e+00
    outer loop
      vertex   1.893648e+01 -9.423249e+01 2.928182e-08
      vertex   1.976351e+01 -9.352450e+01 2.321297e-07
      vertex   1.951312e+01 -9.450522e+01 2.367840e-08
    endloop
  endfacet
  facet normal 7.431054e-08 1.935778e-07 -1.000000e+00
    outer loop
      vertex   1.951312e+01 -9.450522e+01 2.367840e-08
      vertex   1.976351e+01 -9.352450e+01 2.321297e-07
      vertex   2.030097e+01 -9.373081e+01 2.321313e-07
    endloop
  endfacet
  facet normal 6.337555e-08 2.047026e-07 -1.000000e+00
    outer loop
      vertex   1.951312e+01 -9.450522e+01 2.367840e-08
      vertex   2.030097e+01 -9.373081e+01 2.321313e-07
      vertex   2.011371e+01 -9.472011e+01 1.775162e-08
    endloop
  endfacet
  facet normal 5.472084e-08 2.063408e-07 -1.000000e+00
    outer loop
      vertex   2.011371e+01 -9.472011e+01 1.775162e-08
      vertex   2.030097e+01 -9.373081e+01 2.321313e-07
      vertex   2.085705e+01 -9.387981e+01 2.318154e-07
    endloop
  endfacet
  facet normal 4.404296e-08 2.157866e-07 -1.000000e+00
    outer loop
      vertex   2.011371e+01 -9.472011e+01 1.775162e-08
      vertex   2.085705e+01 -9.387981e+01 2.318154e-07
      vertex   2.073247e+01 -9.487510e+01 1.155857e-08
    endloop
  endfacet
  facet normal 3.328282e-08 2.171333e-07 -1.000000e+00
    outer loop
      vertex   2.073247e+01 -9.487510e+01 1.155857e-08
      vertex   2.085705e+01 -9.387981e+01 2.318154e-07
      vertex   2.142565e+01 -9.396987e+01 2.311855e-07
    endloop
  endfacet
  facet normal 2.321027e-08 2.248464e-07 -1.000000e+00
    outer loop
      vertex   2.073247e+01 -9.487510e+01 1.155857e-08
      vertex   2.142565e+01 -9.396987e+01 2.311855e-07
      vertex   2.136345e+01 -9.496870e+01 5.158873e-09
    endloop
  endfacet
  facet normal -4.138052e-07 2.520627e-07 -1.000000e+00
    outer loop
      vertex   2.136345e+01 -9.496870e+01 5.158873e-09
      vertex   2.142565e+01 -9.396987e+01 2.311855e-07
      vertex   2.200056e+01 -9.400000e+01 -1.430842e-08
    endloop
  endfacet
  facet normal -1.090730e-08 -1.292262e-08 -1.000000e+00
    outer loop
      vertex   2.136345e+01 -9.496870e+01 5.158873e-09
      vertex   2.200056e+01 -9.400000e+01 -1.430842e-08
      vertex   2.200056e+01 -9.500000e+01 -1.385825e-09
    endloop
  endfacet
  facet normal 4.289542e-10 -1.292262e-08 -1.000000e+00
    outer loop
      vertex   2.200056e+01 -9.500000e+01 -1.385825e-09
      vertex   2.200056e+01 -9.400000e+01 -1.430842e-08
      vertex   4.500056e+01 -9.400000e+01 -4.442489e-09
    endloop
  endfacet
  facet normal -2.116434e-11 -2.569887e-09 -1.000000e+00
    outer loop
      vertex   2.200056e+01 -9.500000e+01 -1.385825e-09
      vertex   4.500056e+01 -9.400000e+01 -4.442489e-09
      vertex   4.500056e+01 -9.500000e+01 -1.872602e-09
    endloop
  endfacet
  facet normal -2.118229e-10 -2.569887e-09 -1.000000e+00
    outer loop
      vertex   4.500056e+01 -9.500000e+01 -1.872602e-09
      vertex   4.500056e+01 -9.400000e+01 -4.442489e-09
      vertex   4.563767e+01 -9.496870e+01 -2.087992e-09
    endloop
  endfacet
  facet normal 3.196587e-07 2.078080e-07 -1.000000e+00
    outer loop
      vertex   4.563767e+01 -9.496870e+01 -2.087992e-09
      vertex   4.500056e+01 -9.400000e+01 -4.442489e-09
      vertex   4.557547e+01 -9.396987e+01 1.855925e-07
    endloop
  endfacet
  facet normal -2.797266e-08 1.861583e-07 -1.000000e+00
    outer loop
      vertex   4.563767e+01 -9.496870e+01 -2.087992e-09
      vertex   4.557547e+01 -9.396987e+01 1.855925e-07
      vertex   4.626865e+01 -9.487510e+01 -2.314317e-09
    endloop
  endfacet
  facet normal -3.170056e-08 1.833036e-07 -1.000000e+00
    outer loop
      vertex   4.626865e+01 -9.487510e+01 -2.314317e-09
      vertex   4.557547e+01 -9.396987e+01 1.855925e-07
      vertex   4.614407e+01 -9.387981e+01 1.840754e-07
    endloop
  endfacet
  facet normal -4.585143e-08 1.815325e-07 -1.000000e+00
    outer loop
      vertex   4.626865e+01 -9.487510e+01 -2.314317e-09
      vertex   4.614407e+01 -9.387981e+01 1.840754e-07
      vertex   4.688741e+01 -9.472011e+01 -2.549396e-09
    endloop
  endfacet
  facet normal -5.070005e-08 1.772434e-07 -1.000000e+00
    outer loop
      vertex   4.688741e+01 -9.472011e+01 -2.549396e-09
      vertex   4.614407e+01 -9.387981e+01 1.840754e-07
      vertex   4.670015e+01 -9.373081e+01 1.822916e-07
    endloop
  endfacet
  facet normal -6.298864e-08 1.749173e-07 -1.000000e+00
    outer loop
      vertex   4.688741e+01 -9.472011e+01 -2.549396e-09
      vertex   4.670015e+01 -9.373081e+01 1.822916e-07
      vertex   4.748800e+01 -9.450522e+01 -2.790966e-09
    endloop
  endfacet
  facet normal -6.869487e-08 1.691121e-07 -1.000000e+00
    outer loop
      vertex   4.748800e+01 -9.450522e+01 -2.790966e-09
      vertex   4.670015e+01 -9.373081e+01 1.822916e-07
      vertex   4.723761e+01 -9.352450e+01 1.802607e-07
    endloop
  endfacet
  facet normal -7.914794e-08 1.664432e-07 -1.000000e+00
    outer loop
      vertex   4.748800e+01 -9.450522e+01 -2.790966e-09
      vertex   4.723761e+01 -9.352450e+01 1.802607e-07
      vertex   4.806464e+01 -9.423249e+01 -3.036700e-09
    endloop
  endfacet
  facet normal -8.545247e-08 1.590787e-07 -1.000000e+00
    outer loop
      vertex   4.806464e+01 -9.423249e+01 -3.036700e-09
      vertex   4.723761e+01 -9.352450e+01 1.802607e-07
      vertex   4.775056e+01 -9.326314e+01 1.780048e-07
    endloop
  endfacet
  facet normal -9.411769e-08 1.562711e-07 -1.000000e+00
    outer loop
      vertex   4.806464e+01 -9.423249e+01 -3.036700e-09
      vertex   4.775056e+01 -9.326314e+01 1.780048e-07
      vertex   4.861177e+01 -9.390455e+01 -3.284232e-09
    endloop
  endfacet
  facet normal -1.007700e-07 1.473391e-07 -1.000000e+00
    outer loop
      vertex   4.861177e+01 -9.390455e+01 -3.284232e-09
      vertex   4.775056e+01 -9.326314e+01 1.780048e-07
      vertex   4.823338e+01 -9.294959e+01 1.755487e-07
    endloop
  endfacet
  facet normal -1.077152e-07 1.445872e-07 -1.000000e+00
    outer loop
      vertex   4.861177e+01 -9.390455e+01 -3.284232e-09
      vertex   4.823338e+01 -9.294959e+01 1.755487e-07
      vertex   4.912412e+01 -9.352457e+01 -3.531178e-09
    endloop
  endfacet
  facet normal -1.144777e-07 1.341109e-07 -1.000000e+00
    outer loop
      vertex   4.912412e+01 -9.352457e+01 -3.531178e-09
      vertex   4.823338e+01 -9.294959e+01 1.755487e-07
      vertex   4.868078e+01 -9.258730e+01 1.729194e-07
    endloop
  endfacet
  facet normal -1.197898e-07 1.315982e-07 -1.000000e+00
    outer loop
      vertex   4.912412e+01 -9.352457e+01 -3.531178e-09
      vertex   4.868078e+01 -9.258730e+01 1.729194e-07
      vertex   4.959675e+01 -9.309619e+01 -3.775159e-09
    endloop
  endfacet
  facet normal -1.264408e-07 1.196269e-07 -1.000000e+00
    outer loop
      vertex   4.959675e+01 -9.309619e+01 -3.775159e-09
      vertex   4.868078e+01 -9.258730e+01 1.729194e-07
      vertex   4.908786e+01 -9.218022e+01 1.701456e-07
    endloop
  endfacet
  facet normal -1.302253e-07 1.175244e-07 -1.000000e+00
    outer loop
      vertex   4.959675e+01 -9.309619e+01 -3.775159e-09
      vertex   4.908786e+01 -9.218022e+01 1.701456e-07
      vertex   5.002513e+01 -9.262356e+01 -4.013827e-09
    endloop
  endfacet
  facet normal -1.365609e-07 1.041301e-07 -1.000000e+00
    outer loop
      vertex   5.002513e+01 -9.262356e+01 -4.013827e-09
      vertex   4.908786e+01 -9.218022e+01 1.701456e-07
      vertex   4.945015e+01 -9.173282e+01 1.672578e-07
    endloop
  endfacet
  facet normal -1.389403e-07 1.025942e-07 -1.000000e+00
    outer loop
      vertex   5.002513e+01 -9.262356e+01 -4.013827e-09
      vertex   4.945015e+01 -9.173282e+01 1.672578e-07
      vertex   5.040511e+01 -9.211121e+01 -4.244881e-09
    endloop
  endfacet
  facet normal -1.447759e-07 8.786655e-08 -1.000000e+00
    outer loop
      vertex   5.040511e+01 -9.211121e+01 -4.244881e-09
      vertex   4.945015e+01 -9.173282e+01 1.672578e-07
      vertex   4.976370e+01 -9.125000e+01 1.642874e-07
    endloop
  endfacet
  facet normal -1.458885e-07 8.703788e-08 -1.000000e+00
    outer loop
      vertex   5.040511e+01 -9.211121e+01 -4.244881e-09
      vertex   4.976370e+01 -9.125000e+01 1.642874e-07
      vertex   5.073305e+01 -9.156408e+01 -4.466098e-09
    endloop
  endfacet
  facet normal -1.510589e-07 7.108042e-08 -1.000000e+00
    outer loop
      vertex   5.073305e+01 -9.156408e+01 -4.466098e-09
      vertex   4.976370e+01 -9.125000e+01 1.642874e-07
      vertex   5.002506e+01 -9.073705e+01 1.612672e-07
    endloop
  endfacet
  facet normal -1.510572e-07 7.108186e-08 -1.000000e+00
    outer loop
      vertex   5.073305e+01 -9.156408e+01 -4.466098e-09
      vertex   5.002506e+01 -9.073705e+01 1.612672e-07
      vertex   5.100578e+01 -9.098744e+01 -4.675347e-09
    endloop
  endfacet
  facet normal -1.554164e-07 5.400807e-08 -1.000000e+00
    outer loop
      vertex   5.100578e+01 -9.098744e+01 -4.675347e-09
      vertex   5.002506e+01 -9.073705e+01 1.612672e-07
      vertex   5.023137e+01 -9.019959e+01 1.582302e-07
    endloop
  endfacet
  facet normal -1.544649e-07 5.494330e-08 -1.000000e+00
    outer loop
      vertex   5.100578e+01 -9.098744e+01 -4.675347e-09
      vertex   5.023137e+01 -9.019959e+01 1.582302e-07
      vertex   5.122067e+01 -9.038685e+01 -4.870612e-09
    endloop
  endfacet
  facet normal -1.578852e-07 3.687337e-08 -1.000000e+00
    outer loop
      vertex   5.122067e+01 -9.038685e+01 -4.870612e-09
      vertex   5.023137e+01 -9.019959e+01 1.582302e-07
      vertex   5.038037e+01 -8.964351e+01 1.552097e-07
    endloop
  endfacet
  facet normal -1.561582e-07 3.882566e-08 -1.000000e+00
    outer loop
      vertex   5.122067e+01 -9.038685e+01 -4.870612e-09
      vertex   5.038037e+01 -8.964351e+01 1.552097e-07
      vertex   5.137566e+01 -8.976809e+01 -5.050014e-09
    endloop
  endfacet
  facet normal -1.585290e-07 1.988354e-08 -1.000000e+00
    outer loop
      vertex   5.137566e+01 -8.976809e+01 -5.050014e-09
      vertex   5.038037e+01 -8.964351e+01 1.552097e-07
      vertex   5.047043e+01 -8.907491e+01 1.522387e-07
    endloop
  endfacet
  facet normal -1.562079e-07 2.291480e-08 -1.000000e+00
    outer loop
      vertex   5.137566e+01 -8.976809e+01 -5.050014e-09
      vertex   5.047043e+01 -8.907491e+01 1.522387e-07
      vertex   5.146926e+01 -8.913711e+01 -5.211823e-09
    endloop
  endfacet
  facet normal -1.736990e-07 -2.579437e-07 -1.000000e+00
    outer loop
      vertex   5.146926e+01 -8.913711e+01 -5.211823e-09
      vertex   5.047043e+01 -8.907491e+01 1.522387e-07
      vertex   5.050056e+01 -8.850000e+01 -1.288287e-09
    endloop
  endfacet
  facet normal 5.211256e-01 3.431422e-01 -7.814612e-01
    outer loop
      vertex   3.516720e+01 -8.570931e+01 -1.000000e+00
      vertex   3.619770e+01 -8.499694e+01 1.590965e-07
      vertex   3.527488e+01 -8.587283e+01 -1.000000e+00
    endloop
  endfacet
  facet normal 5.317441e-01 3.301675e-01 -7.798959e-01
    outer loop
      vertex   3.527488e+01 -8.587283e+01 -1.000000e+00
      vertex   3.619770e+01 -8.499694e+01 1.590965e-07
      vertex   3.638684e+01 -8.530155e+01 1.602400e-07
    endloop
  endfacet
  facet normal 5.827066e-01 2.301338e-01 -7.794174e-01
    outer loop
      vertex   3.527488e+01 -8.587283e+01 -1.000000e+00
      vertex   3.638684e+01 -8.530155e+01 1.602400e-07
      vertex   3.651855e+01 -8.563504e+01 1.616341e-07
    endloop
  endfacet
  facet normal 4.651280e-01 4.206066e-01 -7.789391e-01
    outer loop
      vertex   3.619770e+01 -8.499694e+01 1.590965e-07
      vertex   3.516720e+01 -8.570931e+01 -1.000000e+00
      vertex   3.595721e+01 -8.473099e+01 1.582405e-07
    endloop
  endfacet
  facet normal 4.138271e-01 4.655062e-01 -7.823370e-01
    outer loop
      vertex   3.595721e+01 -8.473099e+01 1.582405e-07
      vertex   3.516720e+01 -8.570931e+01 -1.000000e+00
      vertex   3.502088e+01 -8.557922e+01 -1.000000e+00
    endloop
  endfacet
  facet normal 3.823302e-01 4.966122e-01 -7.792304e-01
    outer loop
      vertex   3.595721e+01 -8.473099e+01 1.582405e-07
      vertex   3.502088e+01 -8.557922e+01 -1.000000e+00
      vertex   3.567310e+01 -8.451226e+01 1.576994e-07
    endloop
  endfacet
  facet normal 2.869572e-01 5.558236e-01 -7.802024e-01
    outer loop
      vertex   3.567310e+01 -8.451226e+01 1.576994e-07
      vertex   3.502088e+01 -8.557922e+01 -1.000000e+00
      vertex   3.535449e+01 -8.434778e+01 1.574907e-07
    endloop
  endfacet
  facet normal 2.800249e-01 5.583069e-01 -7.809478e-01
    outer loop
      vertex   3.535449e+01 -8.434778e+01 1.574907e-07
      vertex   3.502088e+01 -8.557922e+01 -1.000000e+00
      vertex   3.484587e+01 -8.549145e+01 -1.000000e+00
    endloop
  endfacet
  facet normal 1.835302e-01 5.995363e-01 -7.790205e-01
    outer loop
      vertex   3.535449e+01 -8.434778e+01 1.574907e-07
      vertex   3.484587e+01 -8.549145e+01 -1.000000e+00
      vertex   3.501164e+01 -8.424282e+01 0.000000e+00
    endloop
  endfacet
  facet normal 1.256103e-01 6.099498e-01 -7.824214e-01
    outer loop
      vertex   3.501164e+01 -8.424282e+01 0.000000e+00
      vertex   3.484587e+01 -8.549145e+01 -1.000000e+00
      vertex   3.465410e+01 -8.545196e+01 -1.000000e+00
    endloop
  endfacet
  facet normal 7.352010e-02 6.225931e-01 -7.790845e-01
    outer loop
      vertex   3.501164e+01 -8.424282e+01 0.000000e+00
      vertex   3.465410e+01 -8.545196e+01 -1.000000e+00
      vertex   3.465556e+01 -8.420077e+01 1.580861e-07
    endloop
  endfacet
  facet normal -3.666948e-02 6.239412e-01 -7.806105e-01
    outer loop
      vertex   3.465556e+01 -8.420077e+01 1.580861e-07
      vertex   3.465410e+01 -8.545196e+01 -1.000000e+00
      vertex   3.445865e+01 -8.546344e+01 -1.000000e+00
    endloop
  endfacet
  facet normal -3.872881e-02 6.240896e-01 -7.803924e-01
    outer loop
      vertex   3.465556e+01 -8.420077e+01 1.580861e-07
      vertex   3.445865e+01 -8.546344e+01 -1.000000e+00
      vertex   3.429769e+01 -8.422298e+01 1.588711e-07
    endloop
  endfacet
  facet normal -1.499140e-01 6.086555e-01 -7.791433e-01
    outer loop
      vertex   3.429769e+01 -8.422298e+01 1.588711e-07
      vertex   3.445865e+01 -8.546344e+01 -1.000000e+00
      vertex   3.394954e+01 -8.430873e+01 1.599508e-07
    endloop
  endfacet
  facet normal -1.962025e-01 5.910654e-01 -7.823978e-01
    outer loop
      vertex   3.394954e+01 -8.430873e+01 1.599508e-07
      vertex   3.445865e+01 -8.546344e+01 -1.000000e+00
      vertex   3.427283e+01 -8.552512e+01 -1.000000e+00
    endloop
  endfacet
  facet normal -2.562675e-01 5.722914e-01 -7.789798e-01
    outer loop
      vertex   3.394954e+01 -8.430873e+01 1.599508e-07
      vertex   3.427283e+01 -8.552512e+01 -1.000000e+00
      vertex   3.362229e+01 -8.445527e+01 1.612904e-07
    endloop
  endfacet
  facet normal -3.433316e-01 5.214132e-01 -7.811861e-01
    outer loop
      vertex   3.362229e+01 -8.445527e+01 1.612904e-07
      vertex   3.427283e+01 -8.552512e+01 -1.000000e+00
      vertex   3.410931e+01 -8.563280e+01 -1.000000e+00
    endloop
  endfacet
  facet normal -3.535738e-01 5.162237e-01 -7.800633e-01
    outer loop
      vertex   3.362229e+01 -8.445527e+01 1.612904e-07
      vertex   3.410931e+01 -8.563280e+01 -1.000000e+00
      vertex   3.332647e+01 -8.465789e+01 1.628470e-07
    endloop
  endfacet
  facet normal -4.407292e-01 4.454640e-01 -7.793072e-01
    outer loop
      vertex   3.332647e+01 -8.465789e+01 1.628470e-07
      vertex   3.410931e+01 -8.563280e+01 -1.000000e+00
      vertex   3.307158e+01 -8.491007e+01 1.645705e-07
    endloop
  endfacet
  facet normal -4.655728e-01 4.138864e-01 -7.822659e-01
    outer loop
      vertex   3.307158e+01 -8.491007e+01 1.645705e-07
      vertex   3.410931e+01 -8.563280e+01 -1.000000e+00
      vertex   3.397922e+01 -8.577913e+01 -1.000000e+00
    endloop
  endfacet
  facet normal -5.135848e-01 3.598887e-01 -7.789164e-01
    outer loop
      vertex   3.307158e+01 -8.491007e+01 1.645705e-07
      vertex   3.397922e+01 -8.577913e+01 -1.000000e+00
      vertex   3.286582e+01 -8.520371e+01 1.664054e-07
    endloop
  endfacet
  facet normal -5.575197e-01 2.796301e-01 -7.816513e-01
    outer loop
      vertex   3.286582e+01 -8.520371e+01 1.664054e-07
      vertex   3.397922e+01 -8.577913e+01 -1.000000e+00
      vertex   3.389145e+01 -8.595414e+01 -1.000000e+00
    endloop
  endfacet
  facet normal -5.686226e-01 2.619544e-01 -7.797745e-01
    outer loop
      vertex   3.286582e+01 -8.520371e+01 1.664054e-07
      vertex   3.389145e+01 -8.595414e+01 -1.000000e+00
      vertex   3.271579e+01 -8.552937e+01 1.682928e-07
    endloop
  endfacet
  facet normal -6.065747e-01 1.562947e-01 -7.795121e-01
    outer loop
      vertex   3.271579e+01 -8.552937e+01 1.682928e-07
      vertex   3.389145e+01 -8.595414e+01 -1.000000e+00
      vertex   3.262632e+01 -8.587658e+01 1.701721e-07
    endloop
  endfacet
  facet normal -6.104364e-01 1.257105e-01 -7.820257e-01
    outer loop
      vertex   3.262632e+01 -8.587658e+01 1.701721e-07
      vertex   3.389145e+01 -8.595414e+01 -1.000000e+00
      vertex   3.385195e+01 -8.614590e+01 -1.000000e+00
    endloop
  endfacet
  facet normal -6.255002e-01 4.553067e-02 -7.788944e-01
    outer loop
      vertex   3.262632e+01 -8.587658e+01 1.701721e-07
      vertex   3.385195e+01 -8.614590e+01 -1.000000e+00
      vertex   3.260029e+01 -8.623419e+01 1.719828e-07
    endloop
  endfacet
  facet normal -6.221958e-01 -3.656690e-02 -7.820072e-01
    outer loop
      vertex   3.260029e+01 -8.623419e+01 1.719828e-07
      vertex   3.385195e+01 -8.614590e+01 -1.000000e+00
      vertex   3.386344e+01 -8.634135e+01 -1.000000e+00
    endloop
  endfacet
  facet normal -6.227970e-01 -6.680462e-02 -7.795262e-01
    outer loop
      vertex   3.260029e+01 -8.623419e+01 1.719828e-07
      vertex   3.386344e+01 -8.634135e+01 -1.000000e+00
      vertex   3.263853e+01 -8.659071e+01 1.736668e-07
    endloop
  endfacet
  facet normal -6.005833e-01 -1.768543e-01 -7.797578e-01
    outer loop
      vertex   3.263853e+01 -8.659071e+01 1.736668e-07
      vertex   3.386344e+01 -8.634135e+01 -1.000000e+00
      vertex   3.273982e+01 -8.693466e+01 1.751699e-07
    endloop
  endfacet
  facet normal -5.919241e-01 -1.964876e-01 -7.816767e-01
    outer loop
      vertex   3.273982e+01 -8.693466e+01 1.751699e-07
      vertex   3.386344e+01 -8.634135e+01 -1.000000e+00
      vertex   3.392512e+01 -8.652717e+01 -1.000000e+00
    endloop
  endfacet
  facet normal -5.602910e-01 -2.817220e-01 -7.789138e-01
    outer loop
      vertex   3.273982e+01 -8.693466e+01 1.751699e-07
      vertex   3.392512e+01 -8.652717e+01 -1.000000e+00
      vertex   3.290089e+01 -8.725500e+01 1.764438e-07
    endloop
  endfacet
  facet normal -5.202950e-01 -3.425953e-01 -7.822541e-01
    outer loop
      vertex   3.290089e+01 -8.725500e+01 1.764438e-07
      vertex   3.392512e+01 -8.652717e+01 -1.000000e+00
      vertex   3.403280e+01 -8.669070e+01 -1.000000e+00
    endloop
  endfacet
  facet normal -5.005814e-01 -3.769357e-01 -7.793187e-01
    outer loop
      vertex   3.290089e+01 -8.725500e+01 1.764438e-07
      vertex   3.403280e+01 -8.669070e+01 -1.000000e+00
      vertex   3.311657e+01 -8.754144e+01 1.774476e-07
    endloop
  endfacet
  facet normal -4.246195e-01 -4.595971e-01 -7.800441e-01
    outer loop
      vertex   3.311657e+01 -8.754144e+01 1.774476e-07
      vertex   3.403280e+01 -8.669070e+01 -1.000000e+00
      vertex   3.337994e+01 -8.778475e+01 1.781490e-07
    endloop
  endfacet
  facet normal -4.147590e-01 -4.665544e-01 -7.812183e-01
    outer loop
      vertex   3.337994e+01 -8.778475e+01 1.781490e-07
      vertex   3.403280e+01 -8.669070e+01 -1.000000e+00
      vertex   3.417912e+01 -8.682078e+01 -1.000000e+00
    endloop
  endfacet
  facet normal -3.364456e-01 -5.291530e-01 -7.789746e-01
    outer loop
      vertex   3.337994e+01 -8.778475e+01 1.781490e-07
      vertex   3.417912e+01 -8.682078e+01 -1.000000e+00
      vertex   3.368251e+01 -8.797714e+01 1.785254e-07
    endloop
  endfacet
  facet normal -2.792130e-01 -5.566882e-01 -7.823927e-01
    outer loop
      vertex   3.368251e+01 -8.797714e+01 1.785254e-07
      vertex   3.417912e+01 -8.682078e+01 -1.000000e+00
      vertex   3.435413e+01 -8.690856e+01 -1.000000e+00
    endloop
  endfacet
  facet normal -2.364716e-01 -5.805195e-01 -7.791523e-01
    outer loop
      vertex   3.368251e+01 -8.797714e+01 1.785254e-07
      vertex   3.435413e+01 -8.690856e+01 -1.000000e+00
      vertex   3.401458e+01 -8.811240e+01 1.785648e-07
    endloop
  endfacet
  facet normal -1.287033e-01 -6.119290e-01 -7.803707e-01
    outer loop
      vertex   3.401458e+01 -8.811240e+01 1.785648e-07
      vertex   3.435413e+01 -8.690856e+01 -1.000000e+00
      vertex   3.436546e+01 -8.818620e+01 1.782659e-07
    endloop
  endfacet
  facet normal -1.260580e-01 -6.121238e-01 -7.806496e-01
    outer loop
      vertex   3.436546e+01 -8.818620e+01 1.782659e-07
      vertex   3.435413e+01 -8.690856e+01 -1.000000e+00
      vertex   3.454590e+01 -8.694805e+01 -1.000000e+00
    endloop
  endfacet
  facet normal -1.741558e-02 -6.266866e-01 -7.790767e-01
    outer loop
      vertex   3.436546e+01 -8.818620e+01 1.782659e-07
      vertex   3.454590e+01 -8.694805e+01 -1.000000e+00
      vertex   3.472388e+01 -8.819616e+01 1.776383e-07
    endloop
  endfacet
  facet normal 3.653626e-02 -6.216745e-01 -7.824231e-01
    outer loop
      vertex   3.472388e+01 -8.819616e+01 1.776383e-07
      vertex   3.454590e+01 -8.694805e+01 -1.000000e+00
      vertex   3.474135e+01 -8.693656e+01 -1.000000e+00
    endloop
  endfacet
  facet normal 9.477286e-02 -6.197863e-01 -7.790270e-01
    outer loop
      vertex   3.472388e+01 -8.819616e+01 1.776383e-07
      vertex   3.474135e+01 -8.693656e+01 -1.000000e+00
      vertex   3.507831e+01 -8.814196e+01 1.767022e-07
    endloop
  endfacet
  facet normal 1.967891e-01 -5.928325e-01 -7.809121e-01
    outer loop
      vertex   3.507831e+01 -8.814196e+01 1.767022e-07
      vertex   3.474135e+01 -8.693656e+01 -1.000000e+00
      vertex   3.492717e+01 -8.687488e+01 -1.000000e+00
    endloop
  endfacet
  facet normal 2.034328e-01 -5.914960e-01 -7.802228e-01
    outer loop
      vertex   3.507831e+01 -8.814196e+01 1.767022e-07
      vertex   3.492717e+01 -8.687488e+01 -1.000000e+00
      vertex   3.541738e+01 -8.802535e+01 1.754876e-07
    endloop
  endfacet
  facet normal 3.063896e-01 -5.467554e-01 -7.792201e-01
    outer loop
      vertex   3.541738e+01 -8.802535e+01 1.754876e-07
      vertex   3.492717e+01 -8.687488e+01 -1.000000e+00
      vertex   3.573017e+01 -8.785007e+01 1.740337e-07
    endloop
  endfacet
  facet normal 3.425323e-01 -5.201993e-01 -7.823454e-01
    outer loop
      vertex   3.573017e+01 -8.785007e+01 1.740337e-07
      vertex   3.492717e+01 -8.687488e+01 -1.000000e+00
      vertex   3.509069e+01 -8.676720e+01 -1.000000e+00
    endloop
  endfacet
  facet normal 3.993121e-01 -4.835264e-01 -7.789429e-01
    outer loop
      vertex   3.573017e+01 -8.785007e+01 1.740337e-07
      vertex   3.509069e+01 -8.676720e+01 -1.000000e+00
      vertex   3.600664e+01 -8.762175e+01 1.723870e-07
    endloop
  endfacet
  facet normal 4.663540e-01 -4.145809e-01 -7.814324e-01
    outer loop
      vertex   3.600664e+01 -8.762175e+01 1.723870e-07
      vertex   3.509069e+01 -8.676720e+01 -1.000000e+00
      vertex   3.522078e+01 -8.662088e+01 -1.000000e+00
    endloop
  endfacet
  facet normal 4.783089e-01 -4.036769e-01 -7.799138e-01
    outer loop
      vertex   3.600664e+01 -8.762175e+01 1.723870e-07
      vertex   3.522078e+01 -8.662088e+01 -1.000000e+00
      vertex   3.623790e+01 -8.734774e+01 1.706006e-07
    endloop
  endfacet
  facet normal 5.432514e-01 -3.121002e-01 -7.794045e-01
    outer loop
      vertex   3.623790e+01 -8.734774e+01 1.706006e-07
      vertex   3.522078e+01 -8.662088e+01 -1.000000e+00
      vertex   3.641651e+01 -8.703684e+01 1.687319e-07
    endloop
  endfacet
  facet normal 5.569501e-01 -2.793444e-01 -7.821594e-01
    outer loop
      vertex   3.641651e+01 -8.703684e+01 1.687319e-07
      vertex   3.522078e+01 -8.662088e+01 -1.000000e+00
      vertex   3.530856e+01 -8.644587e+01 -1.000000e+00
    endloop
  endfacet
  facet normal 5.908393e-01 -2.102936e-01 -7.789002e-01
    outer loop
      vertex   3.641651e+01 -8.703684e+01 1.687319e-07
      vertex   3.530856e+01 -8.644587e+01 -1.000000e+00
      vertex   3.653674e+01 -8.669904e+01 1.668409e-07
    endloop
  endfacet
  facet normal 6.106611e-01 -1.257568e-01 -7.818429e-01
    outer loop
      vertex   3.653674e+01 -8.669904e+01 1.668409e-07
      vertex   3.530856e+01 -8.644587e+01 -1.000000e+00
      vertex   3.534805e+01 -8.625410e+01 -1.000000e+00
    endloop
  endfacet
  facet normal 6.179794e-01 -1.012658e-01 -7.796452e-01
    outer loop
      vertex   3.653674e+01 -8.669904e+01 1.668409e-07
      vertex   3.534805e+01 -8.625410e+01 -1.000000e+00
      vertex   3.659472e+01 -8.634520e+01 1.649885e-07
    endloop
  endfacet
  facet normal 6.261491e-01 1.070638e-02 -7.796299e-01
    outer loop
      vertex   3.659472e+01 -8.634520e+01 1.649885e-07
      vertex   3.534805e+01 -8.625410e+01 -1.000000e+00
      vertex   3.658859e+01 -8.598669e+01 1.632341e-07
    endloop
  endfacet
  facet normal 6.223740e-01 3.657737e-02 -7.818649e-01
    outer loop
      vertex   3.658859e+01 -8.598669e+01 1.632341e-07
      vertex   3.534805e+01 -8.625410e+01 -1.000000e+00
      vertex   3.533656e+01 -8.605865e+01 -1.000000e+00
    endloop
  endfacet
  facet normal 6.150662e-01 1.225151e-01 -7.788989e-01
    outer loop
      vertex   3.658859e+01 -8.598669e+01 1.632341e-07
      vertex   3.533656e+01 -8.605865e+01 -1.000000e+00
      vertex   3.651855e+01 -8.563504e+01 1.616341e-07
    endloop
  endfacet
  facet normal 5.913676e-01 1.963029e-01 -7.821442e-01
    outer loop
      vertex   3.651855e+01 -8.563504e+01 1.616341e-07
      vertex   3.533656e+01 -8.605865e+01 -1.000000e+00
      vertex   3.527488e+01 -8.587283e+01 -1.000000e+00
    endloop
  endfacet
  facet normal 0.000000e+00 0.000000e+00 -1.000000e+00
    outer loop
      vertex   3.533656e+01 -8.605865e+01 -1.000000e+00
      vertex   3.389145e+01 -8.595414e+01 -1.000000e+00
      vertex   3.527488e+01 -8.587283e+01 -1.000000e+00
    endloop
  endfacet
  facet normal -0.000000e+00 0.000000e+00 -1.000000e+00
    outer loop
      vertex   3.527488e+01 -8.587283e+01 -1.000000e+00
      vertex   3.389145e+01 -8.595414e+01 -1.000000e+00
      vertex   3.397922e+01 -8.577913e+01 -1.000000e+00
    endloop
  endfacet
  facet normal 0.000000e+00 0.000000e+00 -1.000000e+00
    outer loop
      vertex   3.527488e+01 -8.587283e+01 -1.000000e+00
      vertex   3.397922e+01 -8.577913e+01 -1.000000e+00
      vertex   3.516720e+01 -8.570931e+01 -1.000000e+00
    endloop
  endfacet
  facet normal -0.000000e+00 0.000000e+00 -1.000000e+00
    outer loop
      vertex   3.516720e+01 -8.570931e+01 -1.000000e+00
      vertex   3.397922e+01 -8.577913e+01 -1.000000e+00
      vertex   3.410931e+01 -8.563280e+01 -1.000000e+00
    endloop
  endfacet
  facet normal 0.000000e+00 0.000000e+00 -1.000000e+00
    outer loop
      vertex   3.516720e+01 -8.570931e+01 -1.000000e+00
      vertex   3.410931e+01 -8.563280e+01 -1.000000e+00
      vertex   3.502088e+01 -8.557922e+01 -1.000000e+00
    endloop
  endfacet
  facet normal -0.000000e+00 0.000000e+00 -1.000000e+00
    outer loop
      vertex   3.502088e+01 -8.557922e+01 -1.000000e+00
      vertex   3.410931e+01 -8.563280e+01 -1.000000e+00
      vertex   3.427283e+01 -8.552512e+01 -1.000000e+00
    endloop
  endfacet
  facet normal 0.000000e+00 0.000000e+00 -1.000000e+00
    outer loop
      vertex   3.502088e+01 -8.557922e+01 -1.000000e+00
      vertex   3.427283e+01 -8.552512e+01 -1.000000e+00
      vertex   3.484587e+01 -8.549145e+01 -1.000000e+00
    endloop
  endfacet
  facet normal -0.000000e+00 0.000000e+00 -1.000000e+00
    outer loop
      vertex   3.484587e+01 -8.549145e+01 -1.000000e+00
      vertex   3.427283e+01 -8.552512e+01 -1.000000e+00
      vertex   3.445865e+01 -8.546344e+01 -1.000000e+00
    endloop
  endfacet
  facet normal 0.000000e+00 0.000000e+00 -1.000000e+00
    outer loop
      vertex   3.484587e+01 -8.549145e+01 -1.000000e+00
      vertex   3.445865e+01 -8.546344e+01 -1.000000e+00
      vertex   3.465410e+01 -8.545196e+01 -1.000000e+00
    endloop
  endfacet
  facet normal 0.000000e+00 -0.000000e+00 -1.000000e+00
    outer loop
      vertex   3.389145e+01 -8.595414e+01 -1.000000e+00
      vertex   3.533656e+01 -8.605865e+01 -1.000000e+00
      vertex   3.385195e+01 -8.614590e+01 -1.000000e+00
    endloop
  endfacet
  facet normal 0.000000e+00 0.000000e+00 -1.000000e+00
    outer loop
      vertex   3.385195e+01 -8.614590e+01 -1.000000e+00
      vertex   3.533656e+01 -8.605865e+01 -1.000000e+00
      vertex   3.534805e+01 -8.625410e+01 -1.000000e+00
    endloop
  endfacet
  facet normal 0.000000e+00 0.000000e+00 -1.000000e+00
    outer loop
      vertex   3.385195e+01 -8.614590e+01 -1.000000e+00
      vertex   3.534805e+01 -8.625410e+01 -1.000000e+00
      vertex   3.386344e+01 -8.634135e+01 -1.000000e+00
    endloop
  endfacet
  facet normal 0.000000e+00 0.000000e+00 -1.000000e+00
    outer loop
      vertex   3.386344e+01 -8.634135e+01 -1.000000e+00
      vertex   3.534805e+01 -8.625410e+01 -1.000000e+00
      vertex   3.530856e+01 -8.644587e+01 -1.000000e+00
    endloop
  endfacet
  facet normal 0.000000e+00 0.000000e+00 -1.000000e+00
    outer loop
      vertex   3.386344e+01 -8.634135e+01 -1.000000e+00
      vertex   3.530856e+01 -8.644587e+01 -1.000000e+00
      vertex   3.392512e+01 -8.652717e+01 -1.000000e+00
    endloop
  endfacet
  facet normal 0.000000e+00 0.000000e+00 -1.000000e+00
    outer loop
      vertex   3.392512e+01 -8.652717e+01 -1.000000e+00
      vertex   3.530856e+01 -8.644587e+01 -1.000000e+00
      vertex   3.522078e+01 -8.662088e+01 -1.000000e+00
    endloop
  endfacet
  facet normal 0.000000e+00 0.000000e+00 -1.000000e+00
    outer loop
      vertex   3.392512e+01 -8.652717e+01 -1.000000e+00
      vertex   3.522078e+01 -8.662088e+01 -1.000000e+00
      vertex   3.403280e+01 -8.669070e+01 -1.000000e+00
    endloop
  endfacet
  facet normal 0.000000e+00 0.000000e+00 -1.000000e+00
    outer loop
      vertex   3.403280e+01 -8.669070e+01 -1.000000e+00
      vertex   3.522078e+01 -8.662088e+01 -1.000000e+00
      vertex   3.509069e+01 -8.676720e+01 -1.000000e+00
    endloop
  endfacet
  facet normal 0.000000e+00 0.000000e+00 -1.000000e+00
    outer loop
      vertex   3.403280e+01 -8.669070e+01 -1.000000e+00
      vertex   3.509069e+01 -8.676720e+01 -1.000000e+00
      vertex   3.417912e+01 -8.682078e+01 -1.000000e+00
    endloop
  endfacet
  facet normal 0.000000e+00 0.000000e+00 -1.000000e+00
    outer loop
      vertex   3.417912e+01 -8.682078e+01 -1.000000e+00
      vertex   3.509069e+01 -8.676720e+01 -1.000000e+00
      vertex   3.492717e+01 -8.687488e+01 -1.000000e+00
    endloop
  endfacet
  facet normal 0.000000e+00 0.000000e+00 -1.000000e+00
    outer loop
      vertex   3.417912e+01 -8.682078e+01 -1.000000e+00
      vertex   3.492717e+01 -8.687488e+01 -1.000000e+00
      vertex   3.435413e+01 -8.690856e+01 -1.000000e+00
    endloop
  endfacet
  facet normal 0.000000e+00 0.000000e+00 -1.000000e+00
    outer loop
      vertex   3.435413e+01 -8.690856e+01 -1.000000e+00
      vertex   3.492717e+01 -8.687488e+01 -1.000000e+00
      vertex   3.474135e+01 -8.693656e+01 -1.000000e+00
    endloop
  endfacet
  facet normal 0.000000e+00 0.000000e+00 -1.000000e+00
    outer loop
      vertex   3.435413e+01 -8.690856e+01 -1.000000e+00
      vertex   3.474135e+01 -8.693656e+01 -1.000000e+00
      vertex   3.454590e+01 -8.694805e+01 -1.000000e+00
    endloop
  endfacet
  facet normal 9.927089e-01 1.205367e-01 0.000000e+00
    outer loop
      vertex   2.093196e+01 -8.476325e+01 1.000000e+00
      vertex   2.093196e+01 -8.476325e+01 1.867659e-07
      vertex   2.090000e+01 -8.450000e+01 1.000000e+00
    endloop
  endfacet
  facet normal 9.927089e-01 1.205367e-01 0.000000e+00
    outer loop
      vertex   2.090000e+01 -8.450000e+01 1.000000e+00
      vertex   2.093196e+01 -8.476325e+01 1.867659e-07
      vertex   2.090000e+01 -8.450000e+01 0.000000e+00
    endloop
  endfacet
  facet normal 9.927089e-01 -1.205367e-01 0.000000e+00
    outer loop
      vertex   2.090000e+01 -8.450000e+01 1.000000e+00
      vertex   2.090000e+01 -8.450000e+01 0.000000e+00
      vertex   2.093196e+01 -8.423675e+01 1.841724e-07
    endloop
  endfacet
  facet normal 9.350162e-01 3.546049e-01 -0.000000e+00
    outer loop
      vertex   2.093196e+01 -8.476325e+01 1.867659e-07
      vertex   2.093196e+01 -8.476325e+01 1.000000e+00
      vertex   2.102600e+01 -8.501120e+01 1.878098e-07
    endloop
  endfacet
  facet normal 9.350162e-01 3.546049e-01 -0.000000e+00
    outer loop
      vertex   2.102600e+01 -8.501120e+01 1.878098e-07
      vertex   2.093196e+01 -8.476325e+01 1.000000e+00
      vertex   2.102600e+01 -8.501120e+01 1.000000e+00
    endloop
  endfacet
  facet normal 8.229839e-01 5.680647e-01 -0.000000e+00
    outer loop
      vertex   2.102600e+01 -8.501120e+01 1.878098e-07
      vertex   2.102600e+01 -8.501120e+01 1.000000e+00
      vertex   2.117664e+01 -8.522944e+01 1.886004e-07
    endloop
  endfacet
  facet normal 8.229839e-01 5.680647e-01 -0.000000e+00
    outer loop
      vertex   2.117664e+01 -8.522944e+01 1.886004e-07
      vertex   2.102600e+01 -8.501120e+01 1.000000e+00
      vertex   2.117664e+01 -8.522944e+01 1.000000e+00
    endloop
  endfacet
  facet normal 6.631227e-01 7.485107e-01 -0.000000e+00
    outer loop
      vertex   2.117664e+01 -8.522944e+01 1.886004e-07
      vertex   2.117664e+01 -8.522944e+01 1.000000e+00
      vertex   2.137513e+01 -8.540528e+01 1.890919e-07
    endloop
  endfacet
  facet normal 6.631227e-01 7.485107e-01 -0.000000e+00
    outer loop
      vertex   2.137513e+01 -8.540528e+01 1.890919e-07
      vertex   2.117664e+01 -8.522944e+01 1.000000e+00
      vertex   2.137513e+01 -8.540528e+01 1.000000e+00
    endloop
  endfacet
  facet normal 4.647232e-01 8.854560e-01 -0.000000e+00
    outer loop
      vertex   2.137513e+01 -8.540528e+01 1.890919e-07
      vertex   2.137513e+01 -8.540528e+01 1.000000e+00
      vertex   2.160993e+01 -8.552852e+01 1.892557e-07
    endloop
  endfacet
  facet normal 4.647232e-01 8.854560e-01 -0.000000e+00
    outer loop
      vertex   2.160993e+01 -8.552852e+01 1.892557e-07
      vertex   2.137513e+01 -8.540528e+01 1.000000e+00
      vertex   2.160993e+01 -8.552852e+01 1.000000e+00
    endloop
  endfacet
  facet normal 2.393157e-01 9.709418e-01 -0.000000e+00
    outer loop
      vertex   2.160993e+01 -8.552852e+01 1.892557e-07
      vertex   2.160993e+01 -8.552852e+01 1.000000e+00
      vertex   2.186741e+01 -8.559198e+01 1.000000e+00
    endloop
  endfacet
  facet normal 2.393157e-01 9.709418e-01 -8.488876e-16
    outer loop
      vertex   2.160993e+01 -8.552852e+01 1.892557e-07
      vertex   2.186741e+01 -8.559198e+01 1.000000e+00
      vertex   2.186741e+01 -8.559198e+01 1.890822e-07
    endloop
  endfacet
  facet normal 0.000000e+00 1.000000e+00 0.000000e+00
    outer loop
      vertex   2.186741e+01 -8.559198e+01 1.890822e-07
      vertex   2.186741e+01 -8.559198e+01 1.000000e+00
      vertex   2.213259e+01 -8.559198e+01 1.000000e+00
    endloop
  endfacet
  facet normal -0.000000e+00 1.000000e+00 0.000000e+00
    outer loop
      vertex   2.186741e+01 -8.559198e+01 1.890822e-07
      vertex   2.213259e+01 -8.559198e+01 1.000000e+00
      vertex   2.213259e+01 -8.559198e+01 1.885815e-07
    endloop
  endfacet
  facet normal -2.393157e-01 9.709418e-01 8.502200e-16
    outer loop
      vertex   2.213259e+01 -8.559198e+01 1.885815e-07
      vertex   2.213259e+01 -8.559198e+01 1.000000e+00
      vertex   2.239007e+01 -8.552852e+01 1.000000e+00
    endloop
  endfacet
  facet normal -2.393157e-01 9.709418e-01 8.488876e-16
    outer loop
      vertex   2.213259e+01 -8.559198e+01 1.885815e-07
      vertex   2.239007e+01 -8.552852e+01 1.000000e+00
      vertex   2.239007e+01 -8.552852e+01 1.877828e-07
    endloop
  endfacet
  facet normal -4.647232e-01 8.854560e-01 1.651028e-15
    outer loop
      vertex   2.239007e+01 -8.552852e+01 1.877828e-07
      vertex   2.239007e+01 -8.552852e+01 1.000000e+00
      vertex   2.262487e+01 -8.540528e+01 1.000000e+00
    endloop
  endfacet
  facet normal -4.647232e-01 8.854560e-01 -9.227859e-19
    outer loop
      vertex   2.239007e+01 -8.552852e+01 1.877828e-07
      vertex   2.262487e+01 -8.540528e+01 1.000000e+00
      vertex   2.262487e+01 -8.540528e+01 1.867325e-07
    endloop
  endfacet
  facet normal -6.631227e-01 7.485107e-01 0.000000e+00
    outer loop
      vertex   2.262487e+01 -8.540528e+01 1.867325e-07
      vertex   2.262487e+01 -8.540528e+01 1.000000e+00
      vertex   2.282336e+01 -8.522944e+01 1.000000e+00
    endloop
  endfacet
  facet normal -6.631227e-01 7.485107e-01 -7.143915e-18
    outer loop
      vertex   2.262487e+01 -8.540528e+01 1.867325e-07
      vertex   2.282336e+01 -8.522944e+01 1.000000e+00
      vertex   2.282336e+01 -8.522944e+01 1.854915e-07
    endloop
  endfacet
  facet normal -8.229839e-01 5.680647e-01 0.000000e+00
    outer loop
      vertex   2.282336e+01 -8.522944e+01 1.854915e-07
      vertex   2.282336e+01 -8.522944e+01 1.000000e+00
      vertex   2.297400e+01 -8.501120e+01 1.000000e+00
    endloop
  endfacet
  facet normal -8.229839e-01 5.680647e-01 -1.093270e-17
    outer loop
      vertex   2.282336e+01 -8.522944e+01 1.854915e-07
      vertex   2.297400e+01 -8.501120e+01 1.000000e+00
      vertex   2.297400e+01 -8.501120e+01 1.841321e-07
    endloop
  endfacet
  facet normal -9.350162e-01 3.546049e-01 0.000000e+00
    outer loop
      vertex   2.297400e+01 -8.501120e+01 1.841321e-07
      vertex   2.297400e+01 -8.501120e+01 1.000000e+00
      vertex   2.306804e+01 -8.476325e+01 1.000000e+00
    endloop
  endfacet
  facet normal -9.350162e-01 3.546049e-01 3.012648e-18
    outer loop
      vertex   2.297400e+01 -8.501120e+01 1.841321e-07
      vertex   2.306804e+01 -8.476325e+01 1.000000e+00
      vertex   2.306804e+01 -8.476325e+01 1.827332e-07
    endloop
  endfacet
  facet normal -9.927089e-01 1.205367e-01 0.000000e+00
    outer loop
      vertex   2.306804e+01 -8.476325e+01 1.827332e-07
      vertex   2.306804e+01 -8.476325e+01 1.000000e+00
      vertex   2.310000e+01 -8.450000e+01 1.000000e+00
    endloop
  endfacet
  facet normal -9.927089e-01 1.205367e-01 -1.503480e-18
    outer loop
      vertex   2.306804e+01 -8.476325e+01 1.827332e-07
      vertex   2.310000e+01 -8.450000e+01 1.000000e+00
      vertex   2.310000e+01 -8.450000e+01 1.813761e-07
    endloop
  endfacet
  facet normal -9.927089e-01 -1.205367e-01 0.000000e+00
    outer loop
      vertex   2.310000e+01 -8.450000e+01 1.813761e-07
      vertex   2.310000e+01 -8.450000e+01 1.000000e+00
      vertex   2.306804e+01 -8.423675e+01 1.000000e+00
    endloop
  endfacet
  facet normal -9.927089e-01 -1.205367e-01 1.503480e-18
    outer loop
      vertex   2.310000e+01 -8.450000e+01 1.813761e-07
      vertex   2.306804e+01 -8.423675e+01 1.000000e+00
      vertex   2.306804e+01 -8.423675e+01 1.801397e-07
    endloop
  endfacet
  facet normal -9.350162e-01 -3.546049e-01 0.000000e+00
    outer loop
      vertex   2.306804e+01 -8.423675e+01 1.801397e-07
      vertex   2.306804e+01 -8.423675e+01 1.000000e+00
      vertex   2.297400e+01 -8.398881e+01 1.000000e+00
    endloop
  endfacet
  facet normal -9.350162e-01 -3.546049e-01 -3.012648e-18
    outer loop
      vertex   2.306804e+01 -8.423675e+01 1.801397e-07
      vertex   2.297400e+01 -8.398881e+01 1.000000e+00
      vertex   2.297400e+01 -8.398881e+01 1.790958e-07
    endloop
  endfacet
  facet normal -8.229839e-01 -5.680647e-01 0.000000e+00
    outer loop
      vertex   2.297400e+01 -8.398881e+01 1.790958e-07
      vertex   2.297400e+01 -8.398881e+01 1.000000e+00
      vertex   2.282336e+01 -8.377057e+01 1.000000e+00
    endloop
  endfacet
  facet normal -8.229839e-01 -5.680647e-01 1.093270e-17
    outer loop
      vertex   2.297400e+01 -8.398881e+01 1.790958e-07
      vertex   2.282336e+01 -8.377057e+01 1.000000e+00
      vertex   2.282336e+01 -8.377057e+01 1.783051e-07
    endloop
  endfacet
  facet normal -6.631227e-01 -7.485107e-01 0.000000e+00
    outer loop
      vertex   2.282336e+01 -8.377057e+01 1.783051e-07
      vertex   2.282336e+01 -8.377057e+01 1.000000e+00
      vertex   2.262487e+01 -8.359472e+01 1.000000e+00
    endloop
  endfacet
  facet normal -6.631227e-01 -7.485107e-01 7.143915e-18
    outer loop
      vertex   2.282336e+01 -8.377057e+01 1.783051e-07
      vertex   2.262487e+01 -8.359472e+01 1.000000e+00
      vertex   2.262487e+01 -8.359472e+01 1.778137e-07
    endloop
  endfacet
  facet normal -4.647232e-01 -8.854560e-01 0.000000e+00
    outer loop
      vertex   2.262487e+01 -8.359472e+01 1.778137e-07
      vertex   2.262487e+01 -8.359472e+01 1.000000e+00
      vertex   2.239007e+01 -8.347148e+01 1.000000e+00
    endloop
  endfacet
  facet normal -4.647232e-01 -8.854560e-01 -1.647576e-15
    outer loop
      vertex   2.262487e+01 -8.359472e+01 1.778137e-07
      vertex   2.239007e+01 -8.347148e+01 1.000000e+00
      vertex   2.239007e+01 -8.347148e+01 1.776499e-07
    endloop
  endfacet
  facet normal -2.393157e-01 -9.709418e-01 -8.502200e-16
    outer loop
      vertex   2.239007e+01 -8.347148e+01 1.776499e-07
      vertex   2.239007e+01 -8.347148e+01 1.000000e+00
      vertex   2.213259e+01 -8.340802e+01 1.778234e-07
    endloop
  endfacet
  facet normal -2.393157e-01 -9.709418e-01 -8.502200e-16
    outer loop
      vertex   2.213259e+01 -8.340802e+01 1.778234e-07
      vertex   2.239007e+01 -8.347148e+01 1.000000e+00
      vertex   2.213259e+01 -8.340802e+01 1.000000e+00
    endloop
  endfacet
  facet normal 0.000000e+00 -1.000000e+00 0.000000e+00
    outer loop
      vertex   2.213259e+01 -8.340802e+01 1.778234e-07
      vertex   2.213259e+01 -8.340802e+01 1.000000e+00
      vertex   2.186741e+01 -8.340802e+01 1.783240e-07
    endloop
  endfacet
  facet normal 0.000000e+00 -1.000000e+00 0.000000e+00
    outer loop
      vertex   2.186741e+01 -8.340802e+01 1.783240e-07
      vertex   2.213259e+01 -8.340802e+01 1.000000e+00
      vertex   2.186741e+01 -8.340802e+01 1.000000e+00
    endloop
  endfacet
  facet normal 2.393157e-01 -9.709418e-01 8.502200e-16
    outer loop
      vertex   2.186741e+01 -8.340802e+01 1.783240e-07
      vertex   2.186741e+01 -8.340802e+01 1.000000e+00
      vertex   2.160993e+01 -8.347148e+01 1.791227e-07
    endloop
  endfacet
  facet normal 2.393157e-01 -9.709418e-01 8.502200e-16
    outer loop
      vertex   2.160993e+01 -8.347148e+01 1.791227e-07
      vertex   2.186741e+01 -8.340802e+01 1.000000e+00
      vertex   2.160993e+01 -8.347148e+01 1.000000e+00
    endloop
  endfacet
  facet normal 4.647232e-01 -8.854560e-01 1.651028e-15
    outer loop
      vertex   2.160993e+01 -8.347148e+01 1.791227e-07
      vertex   2.160993e+01 -8.347148e+01 1.000000e+00
      vertex   2.137513e+01 -8.359472e+01 1.801731e-07
    endloop
  endfacet
  facet normal 4.647232e-01 -8.854560e-01 0.000000e+00
    outer loop
      vertex   2.137513e+01 -8.359472e+01 1.801731e-07
      vertex   2.160993e+01 -8.347148e+01 1.000000e+00
      vertex   2.137513e+01 -8.359472e+01 1.000000e+00
    endloop
  endfacet
  facet normal 6.631227e-01 -7.485107e-01 0.000000e+00
    outer loop
      vertex   2.137513e+01 -8.359472e+01 1.801731e-07
      vertex   2.137513e+01 -8.359472e+01 1.000000e+00
      vertex   2.117664e+01 -8.377057e+01 1.814140e-07
    endloop
  endfacet
  facet normal 6.631227e-01 -7.485107e-01 0.000000e+00
    outer loop
      vertex   2.117664e+01 -8.377057e+01 1.814140e-07
      vertex   2.137513e+01 -8.359472e+01 1.000000e+00
      vertex   2.117664e+01 -8.377057e+01 1.000000e+00
    endloop
  endfacet
  facet normal 8.229839e-01 -5.680647e-01 0.000000e+00
    outer loop
      vertex   2.117664e+01 -8.377057e+01 1.814140e-07
      vertex   2.117664e+01 -8.377057e+01 1.000000e+00
      vertex   2.102600e+01 -8.398881e+01 1.827735e-07
    endloop
  endfacet
  facet normal 8.229839e-01 -5.680647e-01 0.000000e+00
    outer loop
      vertex   2.102600e+01 -8.398881e+01 1.827735e-07
      vertex   2.117664e+01 -8.377057e+01 1.000000e+00
      vertex   2.102600e+01 -8.398881e+01 1.000000e+00
    endloop
  endfacet
  facet normal 9.350162e-01 -3.546049e-01 0.000000e+00
    outer loop
      vertex   2.102600e+01 -8.398881e+01 1.827735e-07
      vertex   2.102600e+01 -8.398881e+01 1.000000e+00
      vertex   2.093196e+01 -8.423675e+01 1.841724e-07
    endloop
  endfacet
  facet normal 9.350162e-01 -3.546049e-01 0.000000e+00
    outer loop
      vertex   2.093196e+01 -8.423675e+01 1.841724e-07
      vertex   2.102600e+01 -8.398881e+01 1.000000e+00
      vertex   2.093196e+01 -8.423675e+01 1.000000e+00
    endloop
  endfacet
  facet normal 9.927089e-01 -1.205367e-01 0.000000e+00
    outer loop
      vertex   2.093196e+01 -8.423675e+01 1.841724e-07
      vertex   2.093196e+01 -8.423675e+01 1.000000e+00
      vertex   2.090000e+01 -8.450000e+01 1.000000e+00
    endloop
  endfacet
  facet normal -5.349810e-01 8.448641e-01 0.000000e+00
    outer loop
      vertex   3.859758e+01 -8.633921e+01 1.000000e+00
      vertex   4.085826e+01 -8.490771e+01 1.000000e+00
      vertex   3.859758e+01 -8.633921e+01 0.000000e+00
    endloop
  endfacet
  facet normal -5.349810e-01 8.448641e-01 2.557659e-17
    outer loop
      vertex   3.859758e+01 -8.633921e+01 0.000000e+00
      vertex   4.085826e+01 -8.490771e+01 1.000000e+00
      vertex   4.085826e+01 -8.490771e+01 0.000000e+00
    endloop
  endfacet
  facet normal -3.367462e-01 -9.415955e-01 0.000000e+00
    outer loop
      vertex   3.618349e+01 -8.252678e+01 0.000000e+00
      vertex   3.618349e+01 -8.252678e+01 1.000000e+00
      vertex   3.570504e+01 -8.235567e+01 1.470158e-07
    endloop
  endfacet
  facet normal -3.367462e-01 -9.415955e-01 0.000000e+00
    outer loop
      vertex   3.570504e+01 -8.235567e+01 1.470158e-07
      vertex   3.618349e+01 -8.252678e+01 1.000000e+00
      vertex   3.570504e+01 -8.235567e+01 1.000000e+00
    endloop
  endfacet
  facet normal -2.146605e-01 -9.766887e-01 0.000000e+00
    outer loop
      vertex   3.570504e+01 -8.235567e+01 1.470158e-07
      vertex   3.570504e+01 -8.235567e+01 1.000000e+00
      vertex   3.520877e+01 -8.224660e+01 1.474154e-07
    endloop
  endfacet
  facet normal -2.146605e-01 -9.766887e-01 0.000000e+00
    outer loop
      vertex   3.520877e+01 -8.224660e+01 1.474154e-07
      vertex   3.570504e+01 -8.235567e+01 1.000000e+00
      vertex   3.520877e+01 -8.224660e+01 1.000000e+00
    endloop
  endfacet
  facet normal -8.911092e-02 -9.960217e-01 0.000000e+00
    outer loop
      vertex   3.520877e+01 -8.224660e+01 1.474154e-07
      vertex   3.520877e+01 -8.224660e+01 1.000000e+00
      vertex   3.470268e+01 -8.220132e+01 1.481478e-07
    endloop
  endfacet
  facet normal -8.911092e-02 -9.960217e-01 -2.894181e-14
    outer loop
      vertex   3.470268e+01 -8.220132e+01 1.481478e-07
      vertex   3.520877e+01 -8.224660e+01 1.000000e+00
      vertex   3.470268e+01 -8.220132e+01 1.000000e+00
    endloop
  endfacet
  facet normal 3.787657e-02 -9.992824e-01 -2.813219e-14
    outer loop
      vertex   3.470268e+01 -8.220132e+01 1.481478e-07
      vertex   3.470268e+01 -8.220132e+01 1.000000e+00
      vertex   3.419492e+01 -8.222057e+01 1.492012e-07
    endloop
  endfacet
  facet normal 3.787657e-02 -9.992824e-01 0.000000e+00
    outer loop
      vertex   3.419492e+01 -8.222057e+01 1.492012e-07
      vertex   3.470268e+01 -8.220132e+01 1.000000e+00
      vertex   3.419492e+01 -8.222057e+01 1.000000e+00
    endloop
  endfacet
  facet normal 1.642529e-01 -9.864183e-01 0.000000e+00
    outer loop
      vertex   3.419492e+01 -8.222057e+01 1.492012e-07
      vertex   3.419492e+01 -8.222057e+01 1.000000e+00
      vertex   3.369371e+01 -8.230402e+01 1.505586e-07
    endloop
  endfacet
  facet normal 1.642529e-01 -9.864183e-01 0.000000e+00
    outer loop
      vertex   3.369371e+01 -8.230402e+01 1.505586e-07
      vertex   3.419492e+01 -8.222057e+01 1.000000e+00
      vertex   3.369371e+01 -8.230402e+01 1.000000e+00
    endloop
  endfacet
  facet normal 2.879787e-01 -9.576368e-01 0.000000e+00
    outer loop
      vertex   3.369371e+01 -8.230402e+01 1.505586e-07
      vertex   3.369371e+01 -8.230402e+01 1.000000e+00
      vertex   3.320712e+01 -8.245035e+01 1.521981e-07
    endloop
  endfacet
  facet normal 2.879787e-01 -9.576368e-01 0.000000e+00
    outer loop
      vertex   3.320712e+01 -8.245035e+01 1.521981e-07
      vertex   3.369371e+01 -8.230402e+01 1.000000e+00
      vertex   3.320712e+01 -8.245035e+01 1.000000e+00
    endloop
  endfacet
  facet normal 4.070576e-01 -9.134025e-01 0.000000e+00
    outer loop
      vertex   3.320712e+01 -8.245035e+01 1.521981e-07
      vertex   3.320712e+01 -8.245035e+01 1.000000e+00
      vertex   3.274300e+01 -8.265718e+01 1.540931e-07
    endloop
  endfacet
  facet normal 4.070576e-01 -9.134025e-01 0.000000e+00
    outer loop
      vertex   3.274300e+01 -8.265718e+01 1.540931e-07
      vertex   3.320712e+01 -8.245035e+01 1.000000e+00
      vertex   3.274300e+01 -8.265718e+01 1.000000e+00
    endloop
  endfacet
  facet normal 5.195680e-01 -8.544291e-01 0.000000e+00
    outer loop
      vertex   3.274300e+01 -8.265718e+01 1.540931e-07
      vertex   3.274300e+01 -8.265718e+01 1.000000e+00
      vertex   3.230885e+01 -8.292119e+01 1.562132e-07
    endloop
  endfacet
  facet normal 5.195680e-01 -8.544291e-01 3.691753e-15
    outer loop
      vertex   3.230885e+01 -8.292119e+01 1.562132e-07
      vertex   3.274300e+01 -8.265718e+01 1.000000e+00
      vertex   3.230885e+01 -8.292119e+01 1.000000e+00
    endloop
  endfacet
  facet normal 6.236944e-01 -7.816683e-01 4.431615e-15
    outer loop
      vertex   3.230885e+01 -8.292119e+01 1.562132e-07
      vertex   3.230885e+01 -8.292119e+01 1.000000e+00
      vertex   3.191167e+01 -8.323810e+01 1.585242e-07
    endloop
  endfacet
  facet normal 6.236944e-01 -7.816683e-01 0.000000e+00
    outer loop
      vertex   3.191167e+01 -8.323810e+01 1.585242e-07
      vertex   3.230885e+01 -8.292119e+01 1.000000e+00
      vertex   3.191167e+01 -8.323810e+01 1.000000e+00
    endloop
  endfacet
  facet normal 7.177566e-01 -6.962941e-01 0.000000e+00
    outer loop
      vertex   3.191167e+01 -8.323810e+01 1.585242e-07
      vertex   3.191167e+01 -8.323810e+01 1.000000e+00
      vertex   3.155787e+01 -8.360280e+01 1.609887e-07
    endloop
  endfacet
  facet normal 7.177566e-01 -6.962941e-01 -2.549984e-15
    outer loop
      vertex   3.155787e+01 -8.360280e+01 1.609887e-07
      vertex   3.191167e+01 -8.323810e+01 1.000000e+00
      vertex   3.155787e+01 -8.360280e+01 1.000000e+00
    endloop
  endfacet
  facet normal 8.002368e-01 -5.996841e-01 -2.843012e-15
    outer loop
      vertex   3.155787e+01 -8.360280e+01 1.609887e-07
      vertex   3.155787e+01 -8.360280e+01 1.000000e+00
      vertex   3.125316e+01 -8.400942e+01 1.635669e-07
    endloop
  endfacet
  facet normal 8.002368e-01 -5.996841e-01 0.000000e+00
    outer loop
      vertex   3.125316e+01 -8.400942e+01 1.635669e-07
      vertex   3.155787e+01 -8.360280e+01 1.000000e+00
      vertex   3.125316e+01 -8.400942e+01 1.000000e+00
    endloop
  endfacet
  facet normal 8.698040e-01 -4.933974e-01 0.000000e+00
    outer loop
      vertex   3.125316e+01 -8.400942e+01 1.635669e-07
      vertex   3.125316e+01 -8.400942e+01 1.000000e+00
      vertex   3.100246e+01 -8.445138e+01 1.662173e-07
    endloop
  endfacet
  facet normal 8.698040e-01 -4.933974e-01 0.000000e+00
    outer loop
      vertex   3.100246e+01 -8.445138e+01 1.662173e-07
      vertex   3.125316e+01 -8.400942e+01 1.000000e+00
      vertex   3.100246e+01 -8.445138e+01 1.000000e+00
    endloop
  endfacet
  facet normal 9.253356e-01 -3.791491e-01 0.000000e+00
    outer loop
      vertex   3.100246e+01 -8.445138e+01 1.662173e-07
      vertex   3.100246e+01 -8.445138e+01 1.000000e+00
      vertex   3.080981e+01 -8.492156e+01 1.688971e-07
    endloop
  endfacet
  facet normal 9.253356e-01 -3.791491e-01 0.000000e+00
    outer loop
      vertex   3.080981e+01 -8.492156e+01 1.688971e-07
      vertex   3.100246e+01 -8.445138e+01 1.000000e+00
      vertex   3.080981e+01 -8.492156e+01 1.000000e+00
    endloop
  endfacet
  facet normal 9.659356e-01 -2.587825e-01 0.000000e+00
    outer loop
      vertex   3.080981e+01 -8.492156e+01 1.688971e-07
      vertex   3.080981e+01 -8.492156e+01 1.000000e+00
      vertex   3.067831e+01 -8.541237e+01 1.715631e-07
    endloop
  endfacet
  facet normal 9.659356e-01 -2.587825e-01 0.000000e+00
    outer loop
      vertex   3.067831e+01 -8.541237e+01 1.715631e-07
      vertex   3.080981e+01 -8.492156e+01 1.000000e+00
      vertex   3.067831e+01 -8.541237e+01 1.000000e+00
    endloop
  endfacet
  facet normal 9.909488e-01 -1.342402e-01 0.000000e+00
    outer loop
      vertex   3.067831e+01 -8.541237e+01 1.715631e-07
      vertex   3.067831e+01 -8.541237e+01 1.000000e+00
      vertex   3.061010e+01 -8.591588e+01 1.741722e-07
    endloop
  endfacet
  facet normal 9.909488e-01 -1.342402e-01 0.000000e+00
    outer loop
      vertex   3.061010e+01 -8.591588e+01 1.741722e-07
      vertex   3.067831e+01 -8.541237e+01 1.000000e+00
      vertex   3.061010e+01 -8.591588e+01 1.000000e+00
    endloop
  endfacet
  facet normal 9.999716e-01 -7.531713e-03 0.000000e+00
    outer loop
      vertex   3.061010e+01 -8.591588e+01 1.741722e-07
      vertex   3.061010e+01 -8.591588e+01 1.000000e+00
      vertex   3.060628e+01 -8.642399e+01 1.766823e-07
    endloop
  endfacet
  facet normal 9.999716e-01 -7.531713e-03 0.000000e+00
    outer loop
      vertex   3.060628e+01 -8.642399e+01 1.766823e-07
      vertex   3.061010e+01 -8.591588e+01 1.000000e+00
      vertex   3.060628e+01 -8.642399e+01 1.000000e+00
    endloop
  endfacet
  facet normal 9.928585e-01 1.192983e-01 -0.000000e+00
    outer loop
      vertex   3.060628e+01 -8.642399e+01 1.766823e-07
      vertex   3.060628e+01 -8.642399e+01 1.000000e+00
      vertex   3.066689e+01 -8.692848e+01 1.790530e-07
    endloop
  endfacet
  facet normal 9.928585e-01 1.192983e-01 -0.000000e+00
    outer loop
      vertex   3.066689e+01 -8.692848e+01 1.790530e-07
      vertex   3.060628e+01 -8.642399e+01 1.000000e+00
      vertex   3.066689e+01 -8.692848e+01 1.000000e+00
    endloop
  endfacet
  facet normal 9.697241e-01 2.442033e-01 -0.000000e+00
    outer loop
      vertex   3.066689e+01 -8.692848e+01 1.790530e-07
      vertex   3.066689e+01 -8.692848e+01 1.000000e+00
      vertex   3.079098e+01 -8.742121e+01 1.812459e-07
    endloop
  endfacet
  facet normal 9.697241e-01 2.442033e-01 -0.000000e+00
    outer loop
      vertex   3.079098e+01 -8.742121e+01 1.812459e-07
      vertex   3.066689e+01 -8.692848e+01 1.000000e+00
      vertex   3.079098e+01 -8.742121e+01 1.000000e+00
    endloop
  endfacet
  facet normal 9.309418e-01 3.651677e-01 -0.000000e+00
    outer loop
      vertex   3.079098e+01 -8.742121e+01 1.812459e-07
      vertex   3.079098e+01 -8.742121e+01 1.000000e+00
      vertex   3.097653e+01 -8.789424e+01 1.832257e-07
    endloop
  endfacet
  facet normal 9.309418e-01 3.651677e-01 -0.000000e+00
    outer loop
      vertex   3.097653e+01 -8.789424e+01 1.832257e-07
      vertex   3.079098e+01 -8.742121e+01 1.000000e+00
      vertex   3.097653e+01 -8.789424e+01 1.000000e+00
    endloop
  endfacet
  facet normal 8.771373e-01 4.802396e-01 -0.000000e+00
    outer loop
      vertex   3.097653e+01 -8.789424e+01 1.832257e-07
      vertex   3.097653e+01 -8.789424e+01 1.000000e+00
      vertex   3.122054e+01 -8.833993e+01 1.849605e-07
    endloop
  endfacet
  facet normal 8.771373e-01 4.802396e-01 -0.000000e+00
    outer loop
      vertex   3.122054e+01 -8.833993e+01 1.849605e-07
      vertex   3.097653e+01 -8.789424e+01 1.000000e+00
      vertex   3.122054e+01 -8.833993e+01 1.000000e+00
    endloop
  endfacet
  facet normal 8.091791e-01 5.875621e-01 -0.000000e+00
    outer loop
      vertex   3.122054e+01 -8.833993e+01 1.849605e-07
      vertex   3.122054e+01 -8.833993e+01 1.000000e+00
      vertex   3.151909e+01 -8.875108e+01 1.864222e-07
    endloop
  endfacet
  facet normal 8.091791e-01 5.875621e-01 -2.874782e-15
    outer loop
      vertex   3.151909e+01 -8.875108e+01 1.864222e-07
      vertex   3.122054e+01 -8.833993e+01 1.000000e+00
      vertex   3.151909e+01 -8.875108e+01 1.000000e+00
    endloop
  endfacet
  facet normal 7.281635e-01 6.854035e-01 -2.586956e-15
    outer loop
      vertex   3.151909e+01 -8.875108e+01 1.864222e-07
      vertex   3.151909e+01 -8.875108e+01 1.000000e+00
      vertex   3.186736e+01 -8.912108e+01 1.875873e-07
    endloop
  endfacet
  facet normal 7.281635e-01 6.854035e-01 -0.000000e+00
    outer loop
      vertex   3.186736e+01 -8.912108e+01 1.875873e-07
      vertex   3.151909e+01 -8.875108e+01 1.000000e+00
      vertex   3.186736e+01 -8.912108e+01 1.000000e+00
    endloop
  endfacet
  facet normal 6.353979e-01 7.721849e-01 -0.000000e+00
    outer loop
      vertex   3.186736e+01 -8.912108e+01 1.875873e-07
      vertex   3.186736e+01 -8.912108e+01 1.000000e+00
      vertex   3.225972e+01 -8.944393e+01 1.884369e-07
    endloop
  endfacet
  facet normal 6.353979e-01 7.721849e-01 -0.000000e+00
    outer loop
      vertex   3.225972e+01 -8.944393e+01 1.884369e-07
      vertex   3.186736e+01 -8.912108e+01 1.000000e+00
      vertex   3.225972e+01 -8.944393e+01 1.000000e+00
    endloop
  endfacet
  facet normal 5.323793e-01 8.465059e-01 -0.000000e+00
    outer loop
      vertex   3.225972e+01 -8.944393e+01 1.884369e-07
      vertex   3.225972e+01 -8.944393e+01 1.000000e+00
      vertex   3.268984e+01 -8.971444e+01 1.889574e-07
    endloop
  endfacet
  facet normal 5.323793e-01 8.465059e-01 -0.000000e+00
    outer loop
      vertex   3.268984e+01 -8.971444e+01 1.889574e-07
      vertex   3.225972e+01 -8.944393e+01 1.000000e+00
      vertex   3.268984e+01 -8.971444e+01 1.000000e+00
    endloop
  endfacet
  facet normal 4.207700e-01 9.071674e-01 -0.000000e+00
    outer loop
      vertex   3.268984e+01 -8.971444e+01 1.889574e-07
      vertex   3.268984e+01 -8.971444e+01 1.000000e+00
      vertex   3.315079e+01 -8.992824e+01 1.891404e-07
    endloop
  endfacet
  facet normal 4.207700e-01 9.071674e-01 2.279350e-14
    outer loop
      vertex   3.315079e+01 -8.992824e+01 1.891404e-07
      vertex   3.268984e+01 -8.971444e+01 1.000000e+00
      vertex   3.315079e+01 -8.992824e+01 1.000000e+00
    endloop
  endfacet
  facet normal 3.023709e-01 9.531903e-01 2.494282e-14
    outer loop
      vertex   3.315079e+01 -8.992824e+01 1.891404e-07
      vertex   3.315079e+01 -8.992824e+01 1.000000e+00
      vertex   3.363513e+01 -9.008188e+01 1.000000e+00
    endloop
  endfacet
  facet normal 3.023709e-01 9.531903e-01 2.979067e-18
    outer loop
      vertex   3.315079e+01 -8.992824e+01 1.891404e-07
      vertex   3.363513e+01 -9.008188e+01 1.000000e+00
      vertex   3.363513e+01 -9.008188e+01 1.889828e-07
    endloop
  endfacet
  facet normal 1.790926e-01 9.838322e-01 -0.000000e+00
    outer loop
      vertex   3.363513e+01 -9.008188e+01 1.889828e-07
      vertex   3.363513e+01 -9.008188e+01 1.000000e+00
      vertex   3.413503e+01 -9.017288e+01 1.000000e+00
    endloop
  endfacet
  facet normal 1.790926e-01 9.838322e-01 -6.007839e-19
    outer loop
      vertex   3.363513e+01 -9.008188e+01 1.889828e-07
      vertex   3.413503e+01 -9.017288e+01 1.000000e+00
      vertex   3.413503e+01 -9.017288e+01 1.884873e-07
    endloop
  endfacet
  facet normal 5.292446e-02 9.985985e-01 -0.000000e+00
    outer loop
      vertex   3.413503e+01 -9.017288e+01 1.884873e-07
      vertex   3.413503e+01 -9.017288e+01 1.000000e+00
      vertex   3.464243e+01 -9.019978e+01 1.000000e+00
    endloop
  endfacet
  facet normal 5.292446e-02 9.985985e-01 3.844303e-19
    outer loop
      vertex   3.413503e+01 -9.017288e+01 1.884873e-07
      vertex   3.464243e+01 -9.019978e+01 1.000000e+00
      vertex   3.464243e+01 -9.019978e+01 1.876618e-07
    endloop
  endfacet
  facet normal -7.409774e-02 9.972510e-01 0.000000e+00
    outer loop
      vertex   3.464243e+01 -9.019978e+01 1.876618e-07
      vertex   3.464243e+01 -9.019978e+01 1.000000e+00
      vertex   3.514915e+01 -9.016213e+01 1.000000e+00
    endloop
  endfacet
  facet normal -7.409774e-02 9.972510e-01 5.291894e-16
    outer loop
      vertex   3.464243e+01 -9.019978e+01 1.876618e-07
      vertex   3.514915e+01 -9.016213e+01 1.000000e+00
      vertex   3.514915e+01 -9.016213e+01 1.865197e-07
    endloop
  endfacet
  facet normal -1.999243e-01 9.798114e-01 1.420547e-15
    outer loop
      vertex   3.514915e+01 -9.016213e+01 1.865197e-07
      vertex   3.514915e+01 -9.016213e+01 1.000000e+00
      vertex   3.564701e+01 -9.006054e+01 1.000000e+00
    endloop
  endfacet
  facet normal -1.999243e-01 9.798114e-01 -1.657714e-18
    outer loop
      vertex   3.514915e+01 -9.016213e+01 1.865197e-07
      vertex   3.564701e+01 -9.006054e+01 1.000000e+00
      vertex   3.564701e+01 -9.006054e+01 1.850794e-07
    endloop
  endfacet
  facet normal -3.225247e-01 9.465610e-01 0.000000e+00
    outer loop
      vertex   3.564701e+01 -9.006054e+01 1.850794e-07
      vertex   3.564701e+01 -9.006054e+01 1.000000e+00
      vertex   3.612798e+01 -8.989666e+01 1.000000e+00
    endloop
  endfacet
  facet normal -3.225247e-01 9.465610e-01 1.097125e-17
    outer loop
      vertex   3.564701e+01 -9.006054e+01 1.850794e-07
      vertex   3.612798e+01 -8.989666e+01 1.000000e+00
      vertex   3.612798e+01 -8.989666e+01 1.833641e-07
    endloop
  endfacet
  facet normal -4.399208e-01 8.980366e-01 0.000000e+00
    outer loop
      vertex   3.612798e+01 -8.989666e+01 1.833641e-07
      vertex   3.612798e+01 -8.989666e+01 1.000000e+00
      vertex   3.658428e+01 -8.967313e+01 1.000000e+00
    endloop
  endfacet
  facet normal -4.399208e-01 8.980366e-01 -7.592766e-18
    outer loop
      vertex   3.612798e+01 -8.989666e+01 1.833641e-07
      vertex   3.658428e+01 -8.967313e+01 1.000000e+00
      vertex   3.658428e+01 -8.967313e+01 1.814015e-07
    endloop
  endfacet
  facet normal -5.502181e-01 8.350210e-01 0.000000e+00
    outer loop
      vertex   3.658428e+01 -8.967313e+01 1.814015e-07
      vertex   3.658428e+01 -8.967313e+01 1.000000e+00
      vertex   3.700857e+01 -8.939355e+01 1.000000e+00
    endloop
  endfacet
  facet normal -5.502181e-01 8.350210e-01 9.825072e-18
    outer loop
      vertex   3.658428e+01 -8.967313e+01 1.814015e-07
      vertex   3.700857e+01 -8.939355e+01 1.000000e+00
      vertex   3.700857e+01 -8.939355e+01 1.792233e-07
    endloop
  endfacet
  facet normal -6.516368e-01 7.585312e-01 0.000000e+00
    outer loop
      vertex   3.700857e+01 -8.939355e+01 1.792233e-07
      vertex   3.700857e+01 -8.939355e+01 1.000000e+00
      vertex   3.739400e+01 -8.906245e+01 1.000000e+00
    endloop
  endfacet
  facet normal -6.516368e-01 7.585312e-01 8.073231e-18
    outer loop
      vertex   3.700857e+01 -8.939355e+01 1.792233e-07
      vertex   3.739400e+01 -8.906245e+01 1.000000e+00
      vertex   3.739400e+01 -8.906245e+01 1.768646e-07
    endloop
  endfacet
  facet normal -7.425404e-01 6.698013e-01 0.000000e+00
    outer loop
      vertex   3.739400e+01 -8.906245e+01 1.768646e-07
      vertex   3.739400e+01 -8.906245e+01 1.000000e+00
      vertex   3.773433e+01 -8.868515e+01 1.000000e+00
    endloop
  endfacet
  facet normal -7.425404e-01 6.698013e-01 6.285356e-18
    outer loop
      vertex   3.739400e+01 -8.906245e+01 1.768646e-07
      vertex   3.773433e+01 -8.868515e+01 1.000000e+00
      vertex   3.773433e+01 -8.868515e+01 1.743635e-07
    endloop
  endfacet
  facet normal -8.214620e-01 5.702632e-01 0.000000e+00
    outer loop
      vertex   3.773433e+01 -8.868515e+01 1.743635e-07
      vertex   3.773433e+01 -8.868515e+01 1.000000e+00
      vertex   3.802409e+01 -8.826775e+01 1.000000e+00
    endloop
  endfacet
  facet normal -8.214620e-01 5.702632e-01 -4.470197e-18
    outer loop
      vertex   3.773433e+01 -8.868515e+01 1.743635e-07
      vertex   3.802409e+01 -8.826775e+01 1.000000e+00
      vertex   3.802409e+01 -8.826775e+01 1.717604e-07
    endloop
  endfacet
  facet normal -8.871282e-01 4.615231e-01 0.000000e+00
    outer loop
      vertex   3.802409e+01 -8.826775e+01 1.717604e-07
      vertex   3.802409e+01 -8.826775e+01 1.000000e+00
      vertex   3.825860e+01 -8.781698e+01 1.000000e+00
    endloop
  endfacet
  facet normal -8.871282e-01 4.615231e-01 2.745679e-18
    outer loop
      vertex   3.802409e+01 -8.826775e+01 1.717604e-07
      vertex   3.825860e+01 -8.781698e+01 1.000000e+00
      vertex   3.825860e+01 -8.781698e+01 1.690972e-07
    endloop
  endfacet
  facet normal -9.384792e-01 3.453357e-01 0.000000e+00
    outer loop
      vertex   3.825860e+01 -8.781698e+01 1.690972e-07
      vertex   3.825860e+01 -8.781698e+01 1.000000e+00
      vertex   3.843407e+01 -8.734013e+01 1.000000e+00
    endloop
  endfacet
  facet normal -9.384792e-01 3.453357e-01 -1.610362e-18
    outer loop
      vertex   3.825860e+01 -8.781698e+01 1.690972e-07
      vertex   3.843407e+01 -8.734013e+01 1.000000e+00
      vertex   3.843407e+01 -8.734013e+01 1.664169e-07
    endloop
  endfacet
  facet normal -9.746866e-01 2.235757e-01 0.000000e+00
    outer loop
      vertex   3.843407e+01 -8.734013e+01 1.664169e-07
      vertex   3.843407e+01 -8.734013e+01 1.000000e+00
      vertex   3.854768e+01 -8.684487e+01 1.000000e+00
    endloop
  endfacet
  facet normal -9.746866e-01 2.235757e-01 5.581507e-18
    outer loop
      vertex   3.843407e+01 -8.734013e+01 1.664169e-07
      vertex   3.854768e+01 -8.684487e+01 1.000000e+00
      vertex   3.854768e+01 -8.684487e+01 1.637628e-07
    endloop
  endfacet
  facet normal -9.951659e-01 9.820806e-02 0.000000e+00
    outer loop
      vertex   3.854768e+01 -8.684487e+01 1.637628e-07
      vertex   3.854768e+01 -8.684487e+01 1.000000e+00
      vertex   3.859758e+01 -8.633921e+01 1.000000e+00
    endloop
  endfacet
  facet normal -9.951659e-01 9.820806e-02 -3.195223e-18
    outer loop
      vertex   3.854768e+01 -8.684487e+01 1.637628e-07
      vertex   3.859758e+01 -8.633921e+01 1.000000e+00
      vertex   3.859758e+01 -8.633921e+01 0.000000e+00
    endloop
  endfacet
  facet normal 5.349810e-01 -8.448641e-01 0.000000e+00
    outer loop
      vertex   3.618349e+01 -8.252678e+01 1.000000e+00
      vertex   3.618349e+01 -8.252678e+01 0.000000e+00
      vertex   3.844417e+01 -8.109528e+01 1.000000e+00
    endloop
  endfacet
  facet normal 5.349810e-01 -8.448641e-01 0.000000e+00
    outer loop
      vertex   3.844417e+01 -8.109528e+01 1.000000e+00
      vertex   3.618349e+01 -8.252678e+01 0.000000e+00
      vertex   3.844417e+01 -8.109528e+01 0.000000e+00
    endloop
  endfacet
  facet normal -6.406811e-01 7.678071e-01 0.000000e+00
    outer loop
      vertex   3.883628e+01 -8.171450e+01 0.000000e+00
      vertex   3.883628e+01 -8.171450e+01 1.000000e+00
      vertex   3.890973e+01 -8.165321e+01 1.375053e-07
    endloop
  endfacet
  facet normal -6.406811e-01 7.678071e-01 1.091120e-14
    outer loop
      vertex   3.890973e+01 -8.165321e+01 1.375053e-07
      vertex   3.883628e+01 -8.171450e+01 1.000000e+00
      vertex   3.890973e+01 -8.165321e+01 1.000000e+00
    endloop
  endfacet
  facet normal -8.175735e-01 5.758242e-01 8.182955e-15
    outer loop
      vertex   3.890973e+01 -8.165321e+01 1.375053e-07
      vertex   3.890973e+01 -8.165321e+01 1.000000e+00
      vertex   3.896482e+01 -8.157500e+01 1.000000e+00
    endloop
  endfacet
  facet normal -8.175735e-01 5.758242e-01 1.866022e-18
    outer loop
      vertex   3.890973e+01 -8.165321e+01 1.375053e-07
      vertex   3.896482e+01 -8.157500e+01 1.000000e+00
      vertex   3.896482e+01 -8.157500e+01 1.370160e-07
    endloop
  endfacet
  facet normal -9.387497e-01 3.445999e-01 0.000000e+00
    outer loop
      vertex   3.896482e+01 -8.157500e+01 1.370160e-07
      vertex   3.896482e+01 -8.157500e+01 1.000000e+00
      vertex   3.899778e+01 -8.148519e+01 1.000000e+00
    endloop
  endfacet
  facet normal -9.387497e-01 3.445999e-01 -5.535504e-19
    outer loop
      vertex   3.896482e+01 -8.157500e+01 1.370160e-07
      vertex   3.899778e+01 -8.148519e+01 1.000000e+00
      vertex   3.899778e+01 -8.148519e+01 1.365114e-07
    endloop
  endfacet
  facet normal -9.959515e-01 8.989166e-02 0.000000e+00
    outer loop
      vertex   3.899778e+01 -8.148519e+01 1.365114e-07
      vertex   3.899778e+01 -8.148519e+01 1.000000e+00
      vertex   3.900638e+01 -8.138991e+01 1.000000e+00
    endloop
  endfacet
  facet normal -9.959515e-01 8.989166e-02 8.213116e-20
    outer loop
      vertex   3.899778e+01 -8.148519e+01 1.365114e-07
      vertex   3.900638e+01 -8.138991e+01 1.000000e+00
      vertex   3.900638e+01 -8.138991e+01 1.360258e-07
    endloop
  endfacet
  facet normal -9.852810e-01 -1.709426e-01 0.000000e+00
    outer loop
      vertex   3.900638e+01 -8.138991e+01 1.360258e-07
      vertex   3.900638e+01 -8.138991e+01 1.000000e+00
      vertex   3.899003e+01 -8.129565e+01 1.000000e+00
    endloop
  endfacet
  facet normal -9.852810e-01 -1.709426e-01 1.107602e-18
    outer loop
      vertex   3.900638e+01 -8.138991e+01 1.360258e-07
      vertex   3.899003e+01 -8.129565e+01 1.000000e+00
      vertex   3.899003e+01 -8.129565e+01 1.355923e-07
    endloop
  endfacet
  facet normal -9.074652e-01 -4.201273e-01 0.000000e+00
    outer loop
      vertex   3.899003e+01 -8.129565e+01 1.355923e-07
      vertex   3.899003e+01 -8.129565e+01 1.000000e+00
      vertex   3.894984e+01 -8.120884e+01 1.000000e+00
    endloop
  endfacet
  facet normal -9.074652e-01 -4.201273e-01 -1.776984e-18
    outer loop
      vertex   3.899003e+01 -8.129565e+01 1.355923e-07
      vertex   3.894984e+01 -8.120884e+01 1.000000e+00
      vertex   3.894984e+01 -8.120884e+01 1.352406e-07
    endloop
  endfacet
  facet normal -7.678071e-01 -6.406811e-01 0.000000e+00
    outer loop
      vertex   3.894984e+01 -8.120884e+01 1.352406e-07
      vertex   3.894984e+01 -8.120884e+01 1.000000e+00
      vertex   3.888855e+01 -8.113538e+01 1.000000e+00
    endloop
  endfacet
  facet normal -7.678071e-01 -6.406811e-01 2.796419e-18
    outer loop
      vertex   3.894984e+01 -8.120884e+01 1.352406e-07
      vertex   3.888855e+01 -8.113538e+01 1.000000e+00
      vertex   3.888855e+01 -8.113538e+01 1.349945e-07
    endloop
  endfacet
  facet normal -5.758242e-01 -8.175735e-01 0.000000e+00
    outer loop
      vertex   3.888855e+01 -8.113538e+01 1.349945e-07
      vertex   3.888855e+01 -8.113538e+01 1.000000e+00
      vertex   3.881033e+01 -8.108030e+01 1.000000e+00
    endloop
  endfacet
  facet normal -5.758242e-01 -8.175735e-01 -4.095696e-15
    outer loop
      vertex   3.888855e+01 -8.113538e+01 1.349945e-07
      vertex   3.881033e+01 -8.108030e+01 1.000000e+00
      vertex   3.881033e+01 -8.108030e+01 1.348708e-07
    endloop
  endfacet
  facet normal -3.445999e-01 -9.387497e-01 -2.448530e-15
    outer loop
      vertex   3.881033e+01 -8.108030e+01 1.348708e-07
      vertex   3.881033e+01 -8.108030e+01 1.000000e+00
      vertex   3.872052e+01 -8.104733e+01 1.348779e-07
    endloop
  endfacet
  facet normal -3.445999e-01 -9.387497e-01 0.000000e+00
    outer loop
      vertex   3.872052e+01 -8.104733e+01 1.348779e-07
      vertex   3.881033e+01 -8.108030e+01 1.000000e+00
      vertex   3.872052e+01 -8.104733e+01 1.000000e+00
    endloop
  endfacet
  facet normal -8.989166e-02 -9.959515e-01 0.000000e+00
    outer loop
      vertex   3.872052e+01 -8.104733e+01 1.348779e-07
      vertex   3.872052e+01 -8.104733e+01 1.000000e+00
      vertex   3.862524e+01 -8.103873e+01 1.350154e-07
    endloop
  endfacet
  facet normal -8.989166e-02 -9.959515e-01 0.000000e+00
    outer loop
      vertex   3.862524e+01 -8.103873e+01 1.350154e-07
      vertex   3.872052e+01 -8.104733e+01 1.000000e+00
      vertex   3.862524e+01 -8.103873e+01 1.000000e+00
    endloop
  endfacet
  facet normal 1.709426e-01 -9.852810e-01 0.000000e+00
    outer loop
      vertex   3.862524e+01 -8.103873e+01 1.350154e-07
      vertex   3.862524e+01 -8.103873e+01 1.000000e+00
      vertex   3.853099e+01 -8.105508e+01 1.352739e-07
    endloop
  endfacet
  facet normal 1.709426e-01 -9.852810e-01 0.000000e+00
    outer loop
      vertex   3.853099e+01 -8.105508e+01 1.352739e-07
      vertex   3.862524e+01 -8.103873e+01 1.000000e+00
      vertex   3.853099e+01 -8.105508e+01 1.000000e+00
    endloop
  endfacet
  facet normal 4.201273e-01 -9.074652e-01 0.000000e+00
    outer loop
      vertex   3.853099e+01 -8.105508e+01 1.352739e-07
      vertex   3.853099e+01 -8.105508e+01 1.000000e+00
      vertex   3.844417e+01 -8.109528e+01 1.000000e+00
    endloop
  endfacet
  facet normal 4.201273e-01 -9.074652e-01 0.000000e+00
    outer loop
      vertex   3.844417e+01 -8.109528e+01 1.000000e+00
      vertex   3.844417e+01 -8.109528e+01 0.000000e+00
      vertex   3.853099e+01 -8.105508e+01 1.352739e-07
    endloop
  endfacet
  facet normal -5.349810e-01 8.448641e-01 0.000000e+00
    outer loop
      vertex   3.621057e+01 -8.337714e+01 1.000000e+00
      vertex   3.883628e+01 -8.171450e+01 1.000000e+00
      vertex   3.621057e+01 -8.337714e+01 0.000000e+00
    endloop
  endfacet
  facet normal -5.349810e-01 8.448641e-01 1.274865e-16
    outer loop
      vertex   3.621057e+01 -8.337714e+01 0.000000e+00
      vertex   3.883628e+01 -8.171450e+01 1.000000e+00
      vertex   3.883628e+01 -8.171450e+01 0.000000e+00
    endloop
  endfacet
  facet normal 9.999878e-01 4.931392e-03 -0.000000e+00
    outer loop
      vertex   3.784046e+01 -8.595112e+01 0.000000e+00
      vertex   3.784046e+01 -8.595112e+01 1.000000e+00
      vertex   3.784275e+01 -8.641691e+01 1.629856e-07
    endloop
  endfacet
  facet normal 9.999878e-01 4.931392e-03 -0.000000e+00
    outer loop
      vertex   3.784275e+01 -8.641691e+01 1.629856e-07
      vertex   3.784046e+01 -8.595112e+01 1.000000e+00
      vertex   3.784275e+01 -8.641691e+01 1.000000e+00
    endloop
  endfacet
  facet normal 9.904221e-01 -1.380727e-01 0.000000e+00
    outer loop
      vertex   3.784275e+01 -8.641691e+01 1.629856e-07
      vertex   3.784275e+01 -8.641691e+01 1.000000e+00
      vertex   3.777844e+01 -8.687825e+01 1.653795e-07
    endloop
  endfacet
  facet normal 9.904221e-01 -1.380727e-01 0.000000e+00
    outer loop
      vertex   3.777844e+01 -8.687825e+01 1.653795e-07
      vertex   3.784275e+01 -8.641691e+01 1.000000e+00
      vertex   3.777844e+01 -8.687825e+01 1.000000e+00
    endloop
  endfacet
  facet normal 9.605114e-01 -2.782405e-01 0.000000e+00
    outer loop
      vertex   3.777844e+01 -8.687825e+01 1.653795e-07
      vertex   3.777844e+01 -8.687825e+01 1.000000e+00
      vertex   3.764883e+01 -8.732566e+01 1.678281e-07
    endloop
  endfacet
  facet normal 9.605114e-01 -2.782405e-01 0.000000e+00
    outer loop
      vertex   3.764883e+01 -8.732566e+01 1.678281e-07
      vertex   3.777844e+01 -8.687825e+01 1.000000e+00
      vertex   3.764883e+01 -8.732566e+01 1.000000e+00
    endloop
  endfacet
  facet normal 9.108703e-01 -4.126928e-01 0.000000e+00
    outer loop
      vertex   3.764883e+01 -8.732566e+01 1.678281e-07
      vertex   3.764883e+01 -8.732566e+01 1.000000e+00
      vertex   3.745660e+01 -8.774995e+01 1.702811e-07
    endloop
  endfacet
  facet normal 9.108703e-01 -4.126928e-01 0.000000e+00
    outer loop
      vertex   3.745660e+01 -8.774995e+01 1.702811e-07
      vertex   3.764883e+01 -8.732566e+01 1.000000e+00
      vertex   3.745660e+01 -8.774995e+01 1.000000e+00
    endloop
  endfacet
  facet normal 8.425183e-01 -5.386677e-01 0.000000e+00
    outer loop
      vertex   3.745660e+01 -8.774995e+01 1.702811e-07
      vertex   3.745660e+01 -8.774995e+01 1.000000e+00
      vertex   3.720569e+01 -8.814239e+01 1.726880e-07
    endloop
  endfacet
  facet normal 8.425183e-01 -5.386677e-01 0.000000e+00
    outer loop
      vertex   3.720569e+01 -8.814239e+01 1.726880e-07
      vertex   3.745660e+01 -8.774995e+01 1.000000e+00
      vertex   3.720569e+01 -8.814239e+01 1.000000e+00
    endloop
  endfacet
  facet normal 7.568596e-01 -6.535775e-01 0.000000e+00
    outer loop
      vertex   3.720569e+01 -8.814239e+01 1.726880e-07
      vertex   3.720569e+01 -8.814239e+01 1.000000e+00
      vertex   3.690125e+01 -8.849494e+01 1.749994e-07
    endloop
  endfacet
  facet normal 7.568596e-01 -6.535775e-01 5.377811e-15
    outer loop
      vertex   3.690125e+01 -8.849494e+01 1.749994e-07
      vertex   3.720569e+01 -8.814239e+01 1.000000e+00
      vertex   3.690125e+01 -8.849494e+01 1.000000e+00
    endloop
  endfacet
  facet normal 6.556538e-01 -7.550617e-01 4.658700e-15
    outer loop
      vertex   3.690125e+01 -8.849494e+01 1.749994e-07
      vertex   3.690125e+01 -8.849494e+01 1.000000e+00
      vertex   3.654954e+01 -8.880034e+01 1.771678e-07
    endloop
  endfacet
  facet normal 6.556538e-01 -7.550617e-01 0.000000e+00
    outer loop
      vertex   3.654954e+01 -8.880034e+01 1.771678e-07
      vertex   3.690125e+01 -8.849494e+01 1.000000e+00
      vertex   3.654954e+01 -8.880034e+01 1.000000e+00
    endloop
  endfacet
  facet normal 5.409797e-01 -8.410356e-01 0.000000e+00
    outer loop
      vertex   3.654954e+01 -8.880034e+01 1.771678e-07
      vertex   3.654954e+01 -8.880034e+01 1.000000e+00
      vertex   3.615779e+01 -8.905233e+01 1.791487e-07
    endloop
  endfacet
  facet normal 5.409797e-01 -8.410356e-01 0.000000e+00
    outer loop
      vertex   3.615779e+01 -8.905233e+01 1.791487e-07
      vertex   3.654954e+01 -8.880034e+01 1.000000e+00
      vertex   3.615779e+01 -8.905233e+01 1.000000e+00
    endloop
  endfacet
  facet normal 4.151930e-01 -9.097333e-01 0.000000e+00
    outer loop
      vertex   3.615779e+01 -8.905233e+01 1.791487e-07
      vertex   3.615779e+01 -8.905233e+01 1.000000e+00
      vertex   3.573403e+01 -8.924573e+01 1.809014e-07
    endloop
  endfacet
  facet normal 4.151930e-01 -9.097333e-01 0.000000e+00
    outer loop
      vertex   3.573403e+01 -8.924573e+01 1.809014e-07
      vertex   3.615779e+01 -8.905233e+01 1.000000e+00
      vertex   3.573403e+01 -8.924573e+01 1.000000e+00
    endloop
  endfacet
  facet normal 2.808776e-01 -9.597436e-01 0.000000e+00
    outer loop
      vertex   3.573403e+01 -8.924573e+01 1.809014e-07
      vertex   3.573403e+01 -8.924573e+01 1.000000e+00
      vertex   3.528698e+01 -8.937657e+01 1.823899e-07
    endloop
  endfacet
  facet normal 2.808776e-01 -9.597436e-01 0.000000e+00
    outer loop
      vertex   3.528698e+01 -8.937657e+01 1.823899e-07
      vertex   3.573403e+01 -8.924573e+01 1.000000e+00
      vertex   3.528698e+01 -8.937657e+01 1.000000e+00
    endloop
  endfacet
  facet normal 1.407924e-01 -9.900391e-01 0.000000e+00
    outer loop
      vertex   3.528698e+01 -8.937657e+01 1.823899e-07
      vertex   3.528698e+01 -8.937657e+01 1.000000e+00
      vertex   3.482582e+01 -8.944215e+01 1.835836e-07
    endloop
  endfacet
  facet normal 1.407924e-01 -9.900391e-01 0.000000e+00
    outer loop
      vertex   3.482582e+01 -8.944215e+01 1.835836e-07
      vertex   3.528698e+01 -8.937657e+01 1.000000e+00
      vertex   3.482582e+01 -8.944215e+01 1.000000e+00
    endloop
  endfacet
  facet normal -2.184834e-03 -9.999976e-01 0.000000e+00
    outer loop
      vertex   3.482582e+01 -8.944215e+01 1.835836e-07
      vertex   3.482582e+01 -8.944215e+01 1.000000e+00
      vertex   3.436002e+01 -8.944113e+01 1.844579e-07
    endloop
  endfacet
  facet normal -2.184834e-03 -9.999976e-01 0.000000e+00
    outer loop
      vertex   3.436002e+01 -8.944113e+01 1.844579e-07
      vertex   3.482582e+01 -8.944215e+01 1.000000e+00
      vertex   3.436002e+01 -8.944113e+01 1.000000e+00
    endloop
  endfacet
  facet normal -1.451172e-01 -9.894145e-01 0.000000e+00
    outer loop
      vertex   3.436002e+01 -8.944113e+01 1.844579e-07
      vertex   3.436002e+01 -8.944113e+01 1.000000e+00
      vertex   3.389915e+01 -8.937353e+01 1.849951e-07
    endloop
  endfacet
  facet normal -1.451172e-01 -9.894145e-01 0.000000e+00
    outer loop
      vertex   3.389915e+01 -8.937353e+01 1.849951e-07
      vertex   3.436002e+01 -8.944113e+01 1.000000e+00
      vertex   3.389915e+01 -8.937353e+01 1.000000e+00
    endloop
  endfacet
  facet normal -2.850686e-01 -9.585071e-01 0.000000e+00
    outer loop
      vertex   3.389915e+01 -8.937353e+01 1.849951e-07
      vertex   3.389915e+01 -8.937353e+01 1.000000e+00
      vertex   3.345267e+01 -8.924075e+01 1.851839e-07
    endloop
  endfacet
  facet normal -2.850686e-01 -9.585071e-01 0.000000e+00
    outer loop
      vertex   3.345267e+01 -8.924075e+01 1.851839e-07
      vertex   3.389915e+01 -8.937353e+01 1.000000e+00
      vertex   3.345267e+01 -8.924075e+01 1.000000e+00
    endloop
  endfacet
  facet normal -4.191643e-01 -9.079104e-01 0.000000e+00
    outer loop
      vertex   3.345267e+01 -8.924075e+01 1.851839e-07
      vertex   3.345267e+01 -8.924075e+01 1.000000e+00
      vertex   3.302977e+01 -8.904550e+01 1.000000e+00
    endloop
  endfacet
  facet normal -4.191643e-01 -9.079104e-01 -9.911383e-15
    outer loop
      vertex   3.345267e+01 -8.924075e+01 1.851839e-07
      vertex   3.302977e+01 -8.904550e+01 1.000000e+00
      vertex   3.302977e+01 -8.904550e+01 1.850205e-07
    endloop
  endfacet
  facet normal -5.446496e-01 -8.386637e-01 -8.048160e-15
    outer loop
      vertex   3.302977e+01 -8.904550e+01 1.850205e-07
      vertex   3.302977e+01 -8.904550e+01 1.000000e+00
      vertex   3.263911e+01 -8.879180e+01 1.000000e+00
    endloop
  endfacet
  facet normal -5.446496e-01 -8.386637e-01 -4.651022e-18
    outer loop
      vertex   3.302977e+01 -8.904550e+01 1.850205e-07
      vertex   3.263911e+01 -8.879180e+01 1.000000e+00
      vertex   3.263911e+01 -8.879180e+01 1.845083e-07
    endloop
  endfacet
  facet normal -6.589469e-01 -7.521895e-01 0.000000e+00
    outer loop
      vertex   3.263911e+01 -8.879180e+01 1.845083e-07
      vertex   3.263911e+01 -8.879180e+01 1.000000e+00
      vertex   3.228874e+01 -8.848486e+01 1.000000e+00
    endloop
  endfacet
  facet normal -6.589469e-01 -7.521895e-01 2.137527e-14
    outer loop
      vertex   3.263911e+01 -8.879180e+01 1.845083e-07
      vertex   3.228874e+01 -8.848486e+01 1.000000e+00
      vertex   3.228874e+01 -8.848486e+01 1.836578e-07
    endloop
  endfacet
  facet normal -7.597083e-01 -6.502640e-01 1.848161e-14
    outer loop
      vertex   3.228874e+01 -8.848486e+01 1.836578e-07
      vertex   3.228874e+01 -8.848486e+01 1.000000e+00
      vertex   3.198585e+01 -8.813099e+01 1.000000e+00
    endloop
  endfacet
  facet normal -7.597083e-01 -6.502640e-01 -2.701970e-15
    outer loop
      vertex   3.228874e+01 -8.848486e+01 1.836578e-07
      vertex   3.198585e+01 -8.813099e+01 1.000000e+00
      vertex   3.198585e+01 -8.813099e+01 1.824865e-07
    endloop
  endfacet
  facet normal -8.448641e-01 -5.349810e-01 -3.001560e-15
    outer loop
      vertex   3.198585e+01 -8.813099e+01 1.824865e-07
      vertex   3.198585e+01 -8.813099e+01 1.000000e+00
      vertex   3.173665e+01 -8.773745e+01 1.000000e+00
    endloop
  endfacet
  facet normal -8.448641e-01 -5.349810e-01 2.987878e-15
    outer loop
      vertex   3.198585e+01 -8.813099e+01 1.824865e-07
      vertex   3.173665e+01 -8.773745e+01 1.000000e+00
      vertex   3.173665e+01 -8.773745e+01 1.810183e-07
    endloop
  endfacet
  facet normal -9.126649e-01 -4.087087e-01 3.242437e-15
    outer loop
      vertex   3.173665e+01 -8.773745e+01 1.810183e-07
      vertex   3.173665e+01 -8.773745e+01 1.000000e+00
      vertex   3.154628e+01 -8.731233e+01 1.000000e+00
    endloop
  endfacet
  facet normal -9.126649e-01 -4.087087e-01 -3.247820e-15
    outer loop
      vertex   3.173665e+01 -8.773745e+01 1.810183e-07
      vertex   3.154628e+01 -8.731233e+01 1.000000e+00
      vertex   3.154628e+01 -8.731233e+01 1.792836e-07
    endloop
  endfacet
  facet normal -9.617181e-01 -2.740407e-01 -3.416709e-15
    outer loop
      vertex   3.154628e+01 -8.731233e+01 1.792836e-07
      vertex   3.154628e+01 -8.731233e+01 1.000000e+00
      vertex   3.141863e+01 -8.686436e+01 1.000000e+00
    endloop
  endfacet
  facet normal -9.617181e-01 -2.740407e-01 2.134582e-18
    outer loop
      vertex   3.154628e+01 -8.731233e+01 1.792836e-07
      vertex   3.141863e+01 -8.686436e+01 1.000000e+00
      vertex   3.141863e+01 -8.686436e+01 1.773179e-07
    endloop
  endfacet
  facet normal -9.910160e-01 -1.337436e-01 0.000000e+00
    outer loop
      vertex   3.141863e+01 -8.686436e+01 1.773179e-07
      vertex   3.141863e+01 -8.686436e+01 1.000000e+00
      vertex   3.135633e+01 -8.640274e+01 1.000000e+00
    endloop
  endfacet
  facet normal -9.910160e-01 -1.337436e-01 -3.673194e-18
    outer loop
      vertex   3.141863e+01 -8.686436e+01 1.773179e-07
      vertex   3.135633e+01 -8.640274e+01 1.000000e+00
      vertex   3.135633e+01 -8.640274e+01 1.751616e-07
    endloop
  endfacet
  facet normal -9.999567e-01 9.300948e-03 0.000000e+00
    outer loop
      vertex   3.135633e+01 -8.640274e+01 1.751616e-07
      vertex   3.135633e+01 -8.640274e+01 1.000000e+00
      vertex   3.136066e+01 -8.593696e+01 1.000000e+00
    endloop
  endfacet
  facet normal -9.999567e-01 9.300948e-03 -4.148263e-20
    outer loop
      vertex   3.135633e+01 -8.640274e+01 1.751616e-07
      vertex   3.136066e+01 -8.593696e+01 1.000000e+00
      vertex   3.136066e+01 -8.593696e+01 1.728590e-07
    endloop
  endfacet
  facet normal -9.883567e-01 1.521544e-01 0.000000e+00
    outer loop
      vertex   3.136066e+01 -8.593696e+01 1.728590e-07
      vertex   3.136066e+01 -8.593696e+01 1.000000e+00
      vertex   3.143154e+01 -8.547658e+01 1.000000e+00
    endloop
  endfacet
  facet normal -9.883567e-01 1.521544e-01 6.020901e-18
    outer loop
      vertex   3.136066e+01 -8.593696e+01 1.728590e-07
      vertex   3.143154e+01 -8.547658e+01 1.000000e+00
      vertex   3.143154e+01 -8.547658e+01 1.704574e-07
    endloop
  endfacet
  facet normal -9.564542e-01 2.918823e-01 0.000000e+00
    outer loop
      vertex   3.143154e+01 -8.547658e+01 1.704574e-07
      vertex   3.143154e+01 -8.547658e+01 1.000000e+00
      vertex   3.156750e+01 -8.503106e+01 1.000000e+00
    endloop
  endfacet
  facet normal -9.564542e-01 2.918823e-01 -5.145583e-18
    outer loop
      vertex   3.143154e+01 -8.547658e+01 1.704574e-07
      vertex   3.156750e+01 -8.503106e+01 1.000000e+00
      vertex   3.156750e+01 -8.503106e+01 1.680061e-07
    endloop
  endfacet
  facet normal -9.049046e-01 4.256145e-01 0.000000e+00
    outer loop
      vertex   3.156750e+01 -8.503106e+01 1.680061e-07
      vertex   3.156750e+01 -8.503106e+01 1.000000e+00
      vertex   3.176575e+01 -8.460956e+01 1.000000e+00
    endloop
  endfacet
  facet normal -9.049046e-01 4.256145e-01 1.297855e-17
    outer loop
      vertex   3.156750e+01 -8.503106e+01 1.680061e-07
      vertex   3.176575e+01 -8.460956e+01 1.000000e+00
      vertex   3.176575e+01 -8.460956e+01 1.655555e-07
    endloop
  endfacet
  facet normal -8.347667e-01 5.506039e-01 0.000000e+00
    outer loop
      vertex   3.176575e+01 -8.460956e+01 1.655555e-07
      vertex   3.176575e+01 -8.460956e+01 1.000000e+00
      vertex   3.202222e+01 -8.422072e+01 1.000000e+00
    endloop
  endfacet
  facet normal -8.347667e-01 5.506039e-01 -9.574195e-18
    outer loop
      vertex   3.176575e+01 -8.460956e+01 1.655555e-07
      vertex   3.202222e+01 -8.422072e+01 1.000000e+00
      vertex   3.202222e+01 -8.422072e+01 1.631559e-07
    endloop
  endfacet
  facet normal -7.474812e-01 6.642829e-01 0.000000e+00
    outer loop
      vertex   3.202222e+01 -8.422072e+01 1.631559e-07
      vertex   3.202222e+01 -8.422072e+01 1.000000e+00
      vertex   3.233164e+01 -8.387254e+01 1.000000e+00
    endloop
  endfacet
  facet normal -7.474812e-01 6.642829e-01 -4.288755e-18
    outer loop
      vertex   3.202222e+01 -8.422072e+01 1.631559e-07
      vertex   3.233164e+01 -8.387254e+01 1.000000e+00
      vertex   3.233164e+01 -8.387254e+01 1.608566e-07
    endloop
  endfacet
  facet normal -6.448413e-01 7.643165e-01 0.000000e+00
    outer loop
      vertex   3.233164e+01 -8.387254e+01 1.608566e-07
      vertex   3.233164e+01 -8.387254e+01 1.000000e+00
      vertex   3.268766e+01 -8.357218e+01 1.000000e+00
    endloop
  endfacet
  facet normal -6.448413e-01 7.643165e-01 4.590058e-15
    outer loop
      vertex   3.233164e+01 -8.387254e+01 1.608566e-07
      vertex   3.268766e+01 -8.357218e+01 1.000000e+00
      vertex   3.268766e+01 -8.357218e+01 1.587048e-07
    endloop
  endfacet
  facet normal -5.289553e-01 8.486497e-01 3.758453e-15
    outer loop
      vertex   3.268766e+01 -8.357218e+01 1.587048e-07
      vertex   3.268766e+01 -8.357218e+01 1.000000e+00
      vertex   3.308297e+01 -8.332579e+01 1.000000e+00
    endloop
  endfacet
  facet normal -5.289553e-01 8.486497e-01 -1.270242e-17
    outer loop
      vertex   3.268766e+01 -8.357218e+01 1.587048e-07
      vertex   3.308297e+01 -8.332579e+01 1.000000e+00
      vertex   3.308297e+01 -8.332579e+01 1.567448e-07
    endloop
  endfacet
  facet normal -4.022036e-01 9.155502e-01 0.000000e+00
    outer loop
      vertex   3.308297e+01 -8.332579e+01 1.567448e-07
      vertex   3.308297e+01 -8.332579e+01 1.000000e+00
      vertex   3.350943e+01 -8.313844e+01 1.000000e+00
    endloop
  endfacet
  facet normal -4.022036e-01 9.155502e-01 2.848834e-15
    outer loop
      vertex   3.308297e+01 -8.332579e+01 1.567448e-07
      vertex   3.350943e+01 -8.313844e+01 1.000000e+00
      vertex   3.350943e+01 -8.313844e+01 1.550168e-07
    endloop
  endfacet
  facet normal -2.671900e-01 9.636439e-01 1.898499e-15
    outer loop
      vertex   3.350943e+01 -8.313844e+01 1.550168e-07
      vertex   3.350943e+01 -8.313844e+01 1.000000e+00
      vertex   3.395830e+01 -8.301398e+01 1.000000e+00
    endloop
  endfacet
  facet normal -2.671900e-01 9.636439e-01 1.713208e-18
    outer loop
      vertex   3.350943e+01 -8.313844e+01 1.550168e-07
      vertex   3.395830e+01 -8.301398e+01 1.000000e+00
      vertex   3.395830e+01 -8.301398e+01 1.535563e-07
    endloop
  endfacet
  facet normal -1.266879e-01 9.919426e-01 0.000000e+00
    outer loop
      vertex   3.395830e+01 -8.301398e+01 1.535563e-07
      vertex   3.395830e+01 -8.301398e+01 1.000000e+00
      vertex   3.442035e+01 -8.295497e+01 1.000000e+00
    endloop
  endfacet
  facet normal -1.266879e-01 9.919426e-01 -3.252432e-18
    outer loop
      vertex   3.395830e+01 -8.301398e+01 1.535563e-07
      vertex   3.442035e+01 -8.295497e+01 1.000000e+00
      vertex   3.442035e+01 -8.295497e+01 1.523933e-07
    endloop
  endfacet
  facet normal 1.641659e-02 9.998652e-01 -0.000000e+00
    outer loop
      vertex   3.442035e+01 -8.295497e+01 1.523933e-07
      vertex   3.442035e+01 -8.295497e+01 1.000000e+00
      vertex   3.488609e+01 -8.296262e+01 1.000000e+00
    endloop
  endfacet
  facet normal 1.641659e-02 9.998652e-01 -9.526940e-20
    outer loop
      vertex   3.442035e+01 -8.295497e+01 1.523933e-07
      vertex   3.488609e+01 -8.296262e+01 1.000000e+00
      vertex   3.488609e+01 -8.296262e+01 1.515517e-07
    endloop
  endfacet
  facet normal 1.591839e-01 9.872490e-01 -0.000000e+00
    outer loop
      vertex   3.488609e+01 -8.296262e+01 1.515517e-07
      vertex   3.488609e+01 -8.296262e+01 1.000000e+00
      vertex   3.534595e+01 -8.303677e+01 1.000000e+00
    endloop
  endfacet
  facet normal 1.591839e-01 9.872490e-01 2.274104e-18
    outer loop
      vertex   3.488609e+01 -8.296262e+01 1.515517e-07
      vertex   3.534595e+01 -8.303677e+01 1.000000e+00
      vertex   3.534595e+01 -8.303677e+01 1.510488e-07
    endloop
  endfacet
  facet normal 2.986812e-01 9.543529e-01 -0.000000e+00
    outer loop
      vertex   3.534595e+01 -8.303677e+01 1.510488e-07
      vertex   3.534595e+01 -8.303677e+01 1.000000e+00
      vertex   3.579049e+01 -8.317589e+01 1.000000e+00
    endloop
  endfacet
  facet normal 2.986812e-01 9.543529e-01 -4.697269e-18
    outer loop
      vertex   3.534595e+01 -8.303677e+01 1.510488e-07
      vertex   3.579049e+01 -8.317589e+01 1.000000e+00
      vertex   3.579049e+01 -8.317589e+01 1.508949e-07
    endloop
  endfacet
  facet normal 4.320432e-01 9.018529e-01 -0.000000e+00
    outer loop
      vertex   3.579049e+01 -8.317589e+01 1.508949e-07
      vertex   3.579049e+01 -8.317589e+01 1.000000e+00
      vertex   3.621057e+01 -8.337714e+01 1.000000e+00
    endloop
  endfacet
  facet normal 4.320432e-01 9.018529e-01 -1.486899e-17
    outer loop
      vertex   3.579049e+01 -8.317589e+01 1.508949e-07
      vertex   3.621057e+01 -8.337714e+01 1.000000e+00
      vertex   3.621057e+01 -8.337714e+01 0.000000e+00
    endloop
  endfacet
  facet normal 5.349810e-01 -8.448641e-01 0.000000e+00
    outer loop
      vertex   3.784046e+01 -8.595112e+01 1.000000e+00
      vertex   3.784046e+01 -8.595112e+01 0.000000e+00
      vertex   4.046616e+01 -8.428848e+01 1.000000e+00
    endloop
  endfacet
  facet normal 5.349810e-01 -8.448641e-01 0.000000e+00
    outer loop
      vertex   4.046616e+01 -8.428848e+01 1.000000e+00
      vertex   3.784046e+01 -8.595112e+01 0.000000e+00
      vertex   4.046616e+01 -8.428848e+01 0.000000e+00
    endloop
  endfacet
  facet normal -6.406811e-01 7.678071e-01 0.000000e+00
    outer loop
      vertex   4.085826e+01 -8.490771e+01 0.000000e+00
      vertex   4.085826e+01 -8.490771e+01 1.000000e+00
      vertex   4.093172e+01 -8.484642e+01 1.494176e-07
    endloop
  endfacet
  facet normal -6.406811e-01 7.678071e-01 0.000000e+00
    outer loop
      vertex   4.093172e+01 -8.484642e+01 1.494176e-07
      vertex   4.085826e+01 -8.490771e+01 1.000000e+00
      vertex   4.093172e+01 -8.484642e+01 1.000000e+00
    endloop
  endfacet
  facet normal -8.175735e-01 5.758242e-01 0.000000e+00
    outer loop
      vertex   4.093172e+01 -8.484642e+01 1.494176e-07
      vertex   4.093172e+01 -8.484642e+01 1.000000e+00
      vertex   4.098680e+01 -8.476820e+01 1.000000e+00
    endloop
  endfacet
  facet normal -8.175735e-01 5.758242e-01 -2.231216e-18
    outer loop
      vertex   4.093172e+01 -8.484642e+01 1.494176e-07
      vertex   4.098680e+01 -8.476820e+01 1.000000e+00
      vertex   4.098680e+01 -8.476820e+01 1.489283e-07
    endloop
  endfacet
  facet normal -9.387497e-01 3.445999e-01 0.000000e+00
    outer loop
      vertex   4.098680e+01 -8.476820e+01 1.489283e-07
      vertex   4.098680e+01 -8.476820e+01 1.000000e+00
      vertex   4.101977e+01 -8.467840e+01 1.000000e+00
    endloop
  endfacet
  facet normal -9.387497e-01 3.445999e-01 -5.535504e-19
    outer loop
      vertex   4.098680e+01 -8.476820e+01 1.489283e-07
      vertex   4.101977e+01 -8.467840e+01 1.000000e+00
      vertex   4.101977e+01 -8.467840e+01 1.484237e-07
    endloop
  endfacet
  facet normal -9.959515e-01 8.989166e-02 0.000000e+00
    outer loop
      vertex   4.101977e+01 -8.467840e+01 1.484237e-07
      vertex   4.101977e+01 -8.467840e+01 1.000000e+00
      vertex   4.102837e+01 -8.458312e+01 1.000000e+00
    endloop
  endfacet
  facet normal -9.959515e-01 8.989166e-02 8.213116e-20
    outer loop
      vertex   4.101977e+01 -8.467840e+01 1.484237e-07
      vertex   4.102837e+01 -8.458312e+01 1.000000e+00
      vertex   4.102837e+01 -8.458312e+01 1.479381e-07
    endloop
  endfacet
  facet normal -9.852810e-01 -1.709426e-01 0.000000e+00
    outer loop
      vertex   4.102837e+01 -8.458312e+01 1.479381e-07
      vertex   4.102837e+01 -8.458312e+01 1.000000e+00
      vertex   4.101202e+01 -8.448886e+01 1.000000e+00
    endloop
  endfacet
  facet normal -9.852810e-01 -1.709426e-01 3.435877e-19
    outer loop
      vertex   4.102837e+01 -8.458312e+01 1.479381e-07
      vertex   4.101202e+01 -8.448886e+01 1.000000e+00
      vertex   4.101202e+01 -8.448886e+01 1.475047e-07
    endloop
  endfacet
  facet normal -9.074652e-01 -4.201273e-01 0.000000e+00
    outer loop
      vertex   4.101202e+01 -8.448886e+01 1.475047e-07
      vertex   4.101202e+01 -8.448886e+01 1.000000e+00
      vertex   4.097182e+01 -8.440204e+01 1.000000e+00
    endloop
  endfacet
  facet normal -9.074652e-01 -4.201273e-01 -1.700636e-18
    outer loop
      vertex   4.101202e+01 -8.448886e+01 1.475047e-07
      vertex   4.097182e+01 -8.440204e+01 1.000000e+00
      vertex   4.097182e+01 -8.440204e+01 1.471529e-07
    endloop
  endfacet
  facet normal -7.678071e-01 -6.406811e-01 0.000000e+00
    outer loop
      vertex   4.097182e+01 -8.440204e+01 1.471529e-07
      vertex   4.097182e+01 -8.440204e+01 1.000000e+00
      vertex   4.091053e+01 -8.432859e+01 1.000000e+00
    endloop
  endfacet
  facet normal -7.678071e-01 -6.406811e-01 9.389916e-19
    outer loop
      vertex   4.097182e+01 -8.440204e+01 1.471529e-07
      vertex   4.091053e+01 -8.432859e+01 1.000000e+00
      vertex   4.091053e+01 -8.432859e+01 1.469068e-07
    endloop
  endfacet
  facet normal -5.758242e-01 -8.175735e-01 0.000000e+00
    outer loop
      vertex   4.091053e+01 -8.432859e+01 1.469068e-07
      vertex   4.091053e+01 -8.432859e+01 1.000000e+00
      vertex   4.083232e+01 -8.427350e+01 1.000000e+00
    endloop
  endfacet
  facet normal -5.758242e-01 -8.175735e-01 -4.095696e-15
    outer loop
      vertex   4.091053e+01 -8.432859e+01 1.469068e-07
      vertex   4.083232e+01 -8.427350e+01 1.000000e+00
      vertex   4.083232e+01 -8.427350e+01 1.467831e-07
    endloop
  endfacet
  facet normal -3.445999e-01 -9.387497e-01 -2.448530e-15
    outer loop
      vertex   4.083232e+01 -8.427350e+01 1.467831e-07
      vertex   4.083232e+01 -8.427350e+01 1.000000e+00
      vertex   4.074251e+01 -8.424054e+01 1.467902e-07
    endloop
  endfacet
  facet normal -3.445999e-01 -9.387497e-01 0.000000e+00
    outer loop
      vertex   4.074251e+01 -8.424054e+01 1.467902e-07
      vertex   4.083232e+01 -8.427350e+01 1.000000e+00
      vertex   4.074251e+01 -8.424054e+01 1.000000e+00
    endloop
  endfacet
  facet normal -8.989166e-02 -9.959515e-01 0.000000e+00
    outer loop
      vertex   4.074251e+01 -8.424054e+01 1.467902e-07
      vertex   4.074251e+01 -8.424054e+01 1.000000e+00
      vertex   4.064723e+01 -8.423194e+01 1.469278e-07
    endloop
  endfacet
  facet normal -8.989166e-02 -9.959515e-01 0.000000e+00
    outer loop
      vertex   4.064723e+01 -8.423194e+01 1.469278e-07
      vertex   4.074251e+01 -8.424054e+01 1.000000e+00
      vertex   4.064723e+01 -8.423194e+01 1.000000e+00
    endloop
  endfacet
  facet normal 1.709426e-01 -9.852810e-01 0.000000e+00
    outer loop
      vertex   4.064723e+01 -8.423194e+01 1.469278e-07
      vertex   4.064723e+01 -8.423194e+01 1.000000e+00
      vertex   4.055297e+01 -8.424829e+01 1.471863e-07
    endloop
  endfacet
  facet normal 1.709426e-01 -9.852810e-01 0.000000e+00
    outer loop
      vertex   4.055297e+01 -8.424829e+01 1.471863e-07
      vertex   4.064723e+01 -8.423194e+01 1.000000e+00
      vertex   4.055297e+01 -8.424829e+01 1.000000e+00
    endloop
  endfacet
  facet normal 4.201273e-01 -9.074652e-01 0.000000e+00
    outer loop
      vertex   4.055297e+01 -8.424829e+01 1.471863e-07
      vertex   4.055297e+01 -8.424829e+01 1.000000e+00
      vertex   4.046616e+01 -8.428848e+01 1.000000e+00
    endloop
  endfacet
  facet normal 4.201273e-01 -9.074652e-01 0.000000e+00
    outer loop
      vertex   4.046616e+01 -8.428848e+01 1.000000e+00
      vertex   4.046616e+01 -8.428848e+01 0.000000e+00
      vertex   4.055297e+01 -8.424829e+01 1.471863e-07
    endloop
  endfacet
  facet normal -4.159992e-08 -1.000000e+00 4.925980e-09
    outer loop
      vertex   2.200056e+01 -9.500000e+01 -1.385825e-09
      vertex   4.500056e+01 -9.500000e+01 -1.872602e-09
      vertex   2.200056e+01 -9.500000e+01 1.000000e+00
    endloop
  endfacet
  facet normal -4.159992e-08 -1.000000e+00 4.925980e-09
    outer loop
      vertex   2.200056e+01 -9.500000e+01 1.000000e+00
      vertex   4.500056e+01 -9.500000e+01 -1.872602e-09
      vertex   4.500056e+01 -9.500000e+01 1.000000e+00
    endloop
  endfacet
  facet normal -9.987955e-01 -4.906768e-02 2.127351e-09
    outer loop
      vertex   1.550056e+01 -8.850000e+01 1.000000e+00
      vertex   1.550056e+01 -8.850000e+01 5.729127e-08
      vertex   1.553186e+01 -8.913711e+01 1.000000e+00
    endloop
  endfacet
  facet normal -9.987955e-01 -4.906768e-02 2.127353e-09
    outer loop
      vertex   1.553186e+01 -8.913711e+01 1.000000e+00
      vertex   1.550056e+01 -8.850000e+01 5.729127e-08
      vertex   1.553186e+01 -8.913711e+01 5.780206e-08
    endloop
  endfacet
  facet normal -9.891765e-01 -1.467305e-01 2.590278e-09
    outer loop
      vertex   1.553186e+01 -8.913711e+01 1.000000e+00
      vertex   1.553186e+01 -8.913711e+01 5.780206e-08
      vertex   1.562546e+01 -8.976809e+01 1.000000e+00
    endloop
  endfacet
  facet normal -9.891765e-01 -1.467305e-01 2.590278e-09
    outer loop
      vertex   1.562546e+01 -8.976809e+01 1.000000e+00
      vertex   1.553186e+01 -8.913711e+01 5.780206e-08
      vertex   1.562546e+01 -8.976809e+01 5.766086e-08
    endloop
  endfacet
  facet normal -9.700313e-01 -2.429802e-01 3.028258e-09
    outer loop
      vertex   1.562546e+01 -8.976809e+01 1.000000e+00
      vertex   1.562546e+01 -8.976809e+01 5.766086e-08
      vertex   1.578045e+01 -9.038685e+01 1.000000e+00
    endloop
  endfacet
  facet normal -9.700313e-01 -2.429802e-01 3.028258e-09
    outer loop
      vertex   1.578045e+01 -9.038685e+01 1.000000e+00
      vertex   1.562546e+01 -8.976809e+01 5.766086e-08
      vertex   1.578045e+01 -9.038685e+01 5.686904e-08
    endloop
  endfacet
  facet normal -9.415441e-01 -3.368899e-01 3.437073e-09
    outer loop
      vertex   1.578045e+01 -9.038685e+01 1.000000e+00
      vertex   1.578045e+01 -9.038685e+01 5.686904e-08
      vertex   1.599534e+01 -9.098744e+01 1.000000e+00
    endloop
  endfacet
  facet normal -9.415441e-01 -3.368899e-01 3.437073e-09
    outer loop
      vertex   1.599534e+01 -9.098744e+01 1.000000e+00
      vertex   1.578045e+01 -9.038685e+01 5.686904e-08
      vertex   1.599534e+01 -9.098744e+01 5.543421e-08
    endloop
  endfacet
  facet normal -9.039893e-01 -4.275551e-01 3.812788e-09
    outer loop
      vertex   1.599534e+01 -9.098744e+01 1.000000e+00
      vertex   1.599534e+01 -9.098744e+01 5.543421e-08
      vertex   1.626807e+01 -9.156408e+01 1.000000e+00
    endloop
  endfacet
  facet normal -9.039893e-01 -4.275551e-01 3.812786e-09
    outer loop
      vertex   1.626807e+01 -9.156408e+01 1.000000e+00
      vertex   1.599534e+01 -9.098744e+01 5.543421e-08
      vertex   1.626807e+01 -9.156408e+01 5.337021e-08
    endloop
  endfacet
  facet normal -8.577286e-01 -5.141028e-01 4.151782e-09
    outer loop
      vertex   1.626807e+01 -9.156408e+01 1.000000e+00
      vertex   1.626807e+01 -9.156408e+01 5.337021e-08
      vertex   1.659601e+01 -9.211121e+01 1.000000e+00
    endloop
  endfacet
  facet normal -8.577286e-01 -5.141028e-01 4.151785e-09
    outer loop
      vertex   1.659601e+01 -9.211121e+01 1.000000e+00
      vertex   1.626807e+01 -9.156408e+01 5.337021e-08
      vertex   1.659601e+01 -9.211121e+01 5.069689e-08
    endloop
  endfacet
  facet normal -8.032075e-01 -5.956993e-01 4.450796e-09
    outer loop
      vertex   1.659601e+01 -9.211121e+01 1.000000e+00
      vertex   1.659601e+01 -9.211121e+01 5.069689e-08
      vertex   1.697599e+01 -9.262356e+01 1.000000e+00
    endloop
  endfacet
  facet normal -8.032075e-01 -5.956993e-01 4.450796e-09
    outer loop
      vertex   1.697599e+01 -9.262356e+01 1.000000e+00
      vertex   1.659601e+01 -9.211121e+01 5.069689e-08
      vertex   1.697599e+01 -9.262356e+01 4.744002e-08
    endloop
  endfacet
  facet normal -7.409511e-01 -6.715590e-01 4.706944e-09
    outer loop
      vertex   1.697599e+01 -9.262356e+01 1.000000e+00
      vertex   1.697599e+01 -9.262356e+01 4.744002e-08
      vertex   1.740437e+01 -9.309619e+01 1.000000e+00
    endloop
  endfacet
  facet normal -7.409511e-01 -6.715590e-01 4.706954e-09
    outer loop
      vertex   1.740437e+01 -9.309619e+01 1.000000e+00
      vertex   1.697599e+01 -9.262356e+01 4.744002e-08
      vertex   1.740437e+01 -9.309619e+01 4.363094e-08
    endloop
  endfacet
  facet normal -6.715589e-01 -7.409511e-01 4.917772e-09
    outer loop
      vertex   1.740437e+01 -9.309619e+01 1.000000e+00
      vertex   1.740437e+01 -9.309619e+01 4.363094e-08
      vertex   1.787700e+01 -9.352457e+01 1.000000e+00
    endloop
  endfacet
  facet normal -6.715589e-01 -7.409511e-01 4.917762e-09
    outer loop
      vertex   1.787700e+01 -9.352457e+01 1.000000e+00
      vertex   1.740437e+01 -9.309619e+01 4.363094e-08
      vertex   1.787700e+01 -9.352457e+01 3.930636e-08
    endloop
  endfacet
  facet normal -5.956993e-01 -8.032075e-01 5.081218e-09
    outer loop
      vertex   1.787700e+01 -9.352457e+01 1.000000e+00
      vertex   1.787700e+01 -9.352457e+01 3.930636e-08
      vertex   1.838935e+01 -9.390455e+01 1.000000e+00
    endloop
  endfacet
  facet normal -5.956993e-01 -8.032075e-01 5.081218e-09
    outer loop
      vertex   1.838935e+01 -9.390455e+01 1.000000e+00
      vertex   1.787700e+01 -9.352457e+01 3.930636e-08
      vertex   1.838935e+01 -9.390455e+01 3.450792e-08
    endloop
  endfacet
  facet normal -5.141027e-01 -8.577286e-01 5.195740e-09
    outer loop
      vertex   1.838935e+01 -9.390455e+01 1.000000e+00
      vertex   1.838935e+01 -9.390455e+01 3.450792e-08
      vertex   1.893648e+01 -9.423249e+01 1.000000e+00
    endloop
  endfacet
  facet normal -5.141027e-01 -8.577286e-01 5.195738e-09
    outer loop
      vertex   1.893648e+01 -9.423249e+01 1.000000e+00
      vertex   1.838935e+01 -9.390455e+01 3.450792e-08
      vertex   1.893648e+01 -9.423249e+01 2.928182e-08
    endloop
  endfacet
  facet normal -4.275551e-01 -9.039893e-01 5.260222e-09
    outer loop
      vertex   1.893648e+01 -9.423249e+01 1.000000e+00
      vertex   1.893648e+01 -9.423249e+01 2.928182e-08
      vertex   1.951312e+01 -9.450522e+01 1.000000e+00
    endloop
  endfacet
  facet normal -4.275551e-01 -9.039893e-01 5.260211e-09
    outer loop
      vertex   1.951312e+01 -9.450522e+01 1.000000e+00
      vertex   1.893648e+01 -9.423249e+01 2.928182e-08
      vertex   1.951312e+01 -9.450522e+01 2.367840e-08
    endloop
  endfacet
  facet normal -3.368898e-01 -9.415441e-01 5.274036e-09
    outer loop
      vertex   1.951312e+01 -9.450522e+01 1.000000e+00
      vertex   1.951312e+01 -9.450522e+01 2.367840e-08
      vertex   2.011371e+01 -9.472011e+01 1.000000e+00
    endloop
  endfacet
  facet normal -3.368898e-01 -9.415441e-01 5.274048e-09
    outer loop
      vertex   2.011371e+01 -9.472011e+01 1.000000e+00
      vertex   1.951312e+01 -9.450522e+01 2.367840e-08
      vertex   2.011371e+01 -9.472011e+01 1.775162e-08
    endloop
  endfacet
  facet normal -2.429802e-01 -9.700313e-01 5.237081e-09
    outer loop
      vertex   2.011371e+01 -9.472011e+01 1.000000e+00
      vertex   2.011371e+01 -9.472011e+01 1.775162e-08
      vertex   2.073247e+01 -9.487510e+01 1.000000e+00
    endloop
  endfacet
  facet normal -2.429802e-01 -9.700313e-01 5.237081e-09
    outer loop
      vertex   2.073247e+01 -9.487510e+01 1.000000e+00
      vertex   2.011371e+01 -9.472011e+01 1.775162e-08
      vertex   2.073247e+01 -9.487510e+01 1.155857e-08
    endloop
  endfacet
  facet normal -1.467305e-01 -9.891765e-01 5.149679e-09
    outer loop
      vertex   2.073247e+01 -9.487510e+01 1.000000e+00
      vertex   2.073247e+01 -9.487510e+01 1.155857e-08
      vertex   2.136345e+01 -9.496870e+01 1.000000e+00
    endloop
  endfacet
  facet normal -1.467305e-01 -9.891765e-01 5.149679e-09
    outer loop
      vertex   2.136345e+01 -9.496870e+01 1.000000e+00
      vertex   2.073247e+01 -9.487510e+01 1.155857e-08
      vertex   2.136345e+01 -9.496870e+01 5.158873e-09
    endloop
  endfacet
  facet normal -4.906767e-02 -9.987955e-01 5.012682e-09
    outer loop
      vertex   2.136345e+01 -9.496870e+01 1.000000e+00
      vertex   2.136345e+01 -9.496870e+01 5.158873e-09
      vertex   2.200056e+01 -9.500000e+01 1.000000e+00
    endloop
  endfacet
  facet normal -4.906767e-02 -9.987955e-01 5.012682e-09
    outer loop
      vertex   2.200056e+01 -9.500000e+01 1.000000e+00
      vertex   2.136345e+01 -9.496870e+01 5.158873e-09
      vertex   2.200056e+01 -9.500000e+01 -1.385825e-09
    endloop
  endfacet
  facet normal -1.000000e+00 -4.837987e-08 1.887921e-09
    outer loop
      vertex   1.550056e+01 -6.300000e+01 -6.832134e-08
      vertex   1.550056e+01 -8.850000e+01 5.729127e-08
      vertex   1.550056e+01 -6.300000e+01 9.999999e-01
    endloop
  endfacet
  facet normal -1.000000e+00 -4.837987e-08 1.887919e-09
    outer loop
      vertex   1.550056e+01 -6.300000e+01 9.999999e-01
      vertex   1.550056e+01 -8.850000e+01 5.729127e-08
      vertex   1.550056e+01 -8.850000e+01 1.000000e+00
    endloop
  endfacet
  facet normal -4.906766e-02 9.987955e-01 -4.827410e-09
    outer loop
      vertex   2.200056e+01 -5.650000e+01 1.000000e+00
      vertex   2.200056e+01 -5.650000e+01 4.552414e-08
      vertex   2.136345e+01 -5.653130e+01 1.000000e+00
    endloop
  endfacet
  facet normal -4.906766e-02 9.987955e-01 -4.827410e-09
    outer loop
      vertex   2.136345e+01 -5.653130e+01 1.000000e+00
      vertex   2.200056e+01 -5.650000e+01 4.552414e-08
      vertex   2.136345e+01 -5.653130e+01 3.641662e-08
    endloop
  endfacet
  facet normal -1.467305e-01 9.891765e-01 -4.595648e-09
    outer loop
      vertex   2.136345e+01 -5.653130e+01 1.000000e+00
      vertex   2.136345e+01 -5.653130e+01 3.641662e-08
      vertex   2.073247e+01 -5.662490e+01 1.000000e+00
    endloop
  endfacet
  facet normal -1.467305e-01 9.891765e-01 -4.595648e-09
    outer loop
      vertex   2.073247e+01 -5.662490e+01 1.000000e+00
      vertex   2.136345e+01 -5.653130e+01 3.641662e-08
      vertex   2.073247e+01 -5.662490e+01 2.718485e-08
    endloop
  endfacet
  facet normal -2.429802e-01 9.700313e-01 -4.319627e-09
    outer loop
      vertex   2.073247e+01 -5.662490e+01 1.000000e+00
      vertex   2.073247e+01 -5.662490e+01 2.718485e-08
      vertex   2.011371e+01 -5.677989e+01 1.000000e+00
    endloop
  endfacet
  facet normal -2.429802e-01 9.700313e-01 -4.319627e-09
    outer loop
      vertex   2.011371e+01 -5.677989e+01 1.000000e+00
      vertex   2.073247e+01 -5.662490e+01 2.718485e-08
      vertex   2.011371e+01 -5.677989e+01 1.791774e-08
    endloop
  endfacet
  facet normal -3.368898e-01 9.415441e-01 -4.002006e-09
    outer loop
      vertex   2.011371e+01 -5.677989e+01 1.000000e+00
      vertex   2.011371e+01 -5.677989e+01 1.791774e-08
      vertex   1.951312e+01 -5.699478e+01 1.000000e+00
    endloop
  endfacet
  facet normal -3.368898e-01 9.415441e-01 -4.002006e-09
    outer loop
      vertex   1.951312e+01 -5.699478e+01 1.000000e+00
      vertex   2.011371e+01 -5.677989e+01 1.791774e-08
      vertex   1.951312e+01 -5.699478e+01 8.704537e-09
    endloop
  endfacet
  facet normal -4.275551e-01 9.039893e-01 -3.645843e-09
    outer loop
      vertex   1.951312e+01 -5.699478e+01 1.000000e+00
      vertex   1.951312e+01 -5.699478e+01 8.704537e-09
      vertex   1.893648e+01 -5.726751e+01 1.000000e+00
    endloop
  endfacet
  facet normal -4.275551e-01 9.039893e-01 -3.645842e-09
    outer loop
      vertex   1.893648e+01 -5.726751e+01 1.000000e+00
      vertex   1.951312e+01 -5.699478e+01 8.704537e-09
      vertex   1.893648e+01 -5.726751e+01 -3.660353e-10
    endloop
  endfacet
  facet normal -5.141027e-01 8.577286e-01 -3.254567e-09
    outer loop
      vertex   1.893648e+01 -5.726751e+01 1.000000e+00
      vertex   1.893648e+01 -5.726751e+01 -3.660353e-10
      vertex   1.838935e+01 -5.759545e+01 1.000000e+00
    endloop
  endfacet
  facet normal -5.141027e-01 8.577286e-01 -3.254567e-09
    outer loop
      vertex   1.838935e+01 -5.759545e+01 1.000000e+00
      vertex   1.893648e+01 -5.726751e+01 -3.660353e-10
      vertex   1.838935e+01 -5.759545e+01 -9.206620e-09
    endloop
  endfacet
  facet normal -5.956993e-01 8.032075e-01 -2.831950e-09
    outer loop
      vertex   1.838935e+01 -5.759545e+01 1.000000e+00
      vertex   1.838935e+01 -5.759545e+01 -9.206620e-09
      vertex   1.787700e+01 -5.797543e+01 1.000000e+00
    endloop
  endfacet
  facet normal -5.956993e-01 8.032075e-01 -2.831952e-09
    outer loop
      vertex   1.787700e+01 -5.797543e+01 1.000000e+00
      vertex   1.838935e+01 -5.759545e+01 -9.206620e-09
      vertex   1.787700e+01 -5.797543e+01 -1.773208e-08
    endloop
  endfacet
  facet normal -6.715589e-01 7.409511e-01 -2.382061e-09
    outer loop
      vertex   1.787700e+01 -5.797543e+01 1.000000e+00
      vertex   1.787700e+01 -5.797543e+01 -1.773208e-08
      vertex   1.740436e+01 -5.840381e+01 1.000000e+00
    endloop
  endfacet
  facet normal -6.715589e-01 7.409511e-01 -2.382061e-09
    outer loop
      vertex   1.740436e+01 -5.840381e+01 1.000000e+00
      vertex   1.787700e+01 -5.797543e+01 -1.773208e-08
      vertex   1.740436e+01 -5.840381e+01 -2.586030e-08
    endloop
  endfacet
  facet normal -7.409511e-01 6.715590e-01 -1.909230e-09
    outer loop
      vertex   1.740436e+01 -5.840381e+01 1.000000e+00
      vertex   1.740436e+01 -5.840381e+01 -2.586030e-08
      vertex   1.697599e+01 -5.887644e+01 1.000000e+00
    endloop
  endfacet
  facet normal -7.409511e-01 6.715590e-01 -1.909230e-09
    outer loop
      vertex   1.697599e+01 -5.887644e+01 1.000000e+00
      vertex   1.740436e+01 -5.840381e+01 -2.586030e-08
      vertex   1.697599e+01 -5.887644e+01 -3.351301e-08
    endloop
  endfacet
  facet normal -8.032075e-01 5.956993e-01 -1.418012e-09
    outer loop
      vertex   1.697599e+01 -5.887644e+01 1.000000e+00
      vertex   1.697599e+01 -5.887644e+01 -3.351301e-08
      vertex   1.659601e+01 -5.938879e+01 1.000000e+00
    endloop
  endfacet
  facet normal -8.032075e-01 5.956993e-01 -1.418009e-09
    outer loop
      vertex   1.659601e+01 -5.938879e+01 1.000000e+00
      vertex   1.697599e+01 -5.887644e+01 -3.351301e-08
      vertex   1.659601e+01 -5.938879e+01 -4.061652e-08
    endloop
  endfacet
  facet normal -8.577286e-01 5.141028e-01 -9.131344e-10
    outer loop
      vertex   1.659601e+01 -5.938879e+01 1.000000e+00
      vertex   1.659601e+01 -5.938879e+01 -4.061652e-08
      vertex   1.626807e+01 -5.993592e+01 1.000000e+00
    endloop
  endfacet
  facet normal -8.577286e-01 5.141028e-01 -9.131374e-10
    outer loop
      vertex   1.626807e+01 -5.993592e+01 1.000000e+00
      vertex   1.659601e+01 -5.938879e+01 -4.061652e-08
      vertex   1.626807e+01 -5.993592e+01 -4.710240e-08
    endloop
  endfacet
  facet normal -9.039893e-01 4.275551e-01 -3.994690e-10
    outer loop
      vertex   1.626807e+01 -5.993592e+01 1.000000e+00
      vertex   1.626807e+01 -5.993592e+01 -4.710240e-08
      vertex   1.599534e+01 -6.051256e+01 9.999999e-01
    endloop
  endfacet
  facet normal -9.039893e-01 4.275551e-01 -3.994674e-10
    outer loop
      vertex   1.599534e+01 -6.051256e+01 9.999999e-01
      vertex   1.626807e+01 -5.993592e+01 -4.710240e-08
      vertex   1.599534e+01 -6.051256e+01 -5.290819e-08
    endloop
  endfacet
  facet normal -9.415441e-01 3.368899e-01 1.180481e-10
    outer loop
      vertex   1.599534e+01 -6.051256e+01 9.999999e-01
      vertex   1.599534e+01 -6.051256e+01 -5.290819e-08
      vertex   1.578045e+01 -6.111315e+01 9.999999e-01
    endloop
  endfacet
  facet normal -9.415441e-01 3.368899e-01 1.180481e-10
    outer loop
      vertex   1.578045e+01 -6.111315e+01 9.999999e-01
      vertex   1.599534e+01 -6.051256e+01 -5.290819e-08
      vertex   1.578045e+01 -6.111315e+01 -5.797799e-08
    endloop
  endfacet
  facet normal -9.700313e-01 2.429802e-01 6.344268e-10
    outer loop
      vertex   1.578045e+01 -6.111315e+01 9.999999e-01
      vertex   1.578045e+01 -6.111315e+01 -5.797799e-08
      vertex   1.562545e+01 -6.173191e+01 9.999999e-01
    endloop
  endfacet
  facet normal -9.700313e-01 2.429802e-01 6.344286e-10
    outer loop
      vertex   1.562545e+01 -6.173191e+01 9.999999e-01
      vertex   1.578045e+01 -6.111315e+01 -5.797799e-08
      vertex   1.562545e+01 -6.173191e+01 -6.226296e-08
    endloop
  endfacet
  facet normal -9.891765e-01 1.467305e-01 1.144697e-09
    outer loop
      vertex   1.562545e+01 -6.173191e+01 9.999999e-01
      vertex   1.562545e+01 -6.173191e+01 -6.226296e-08
      vertex   1.553186e+01 -6.236289e+01 9.999999e-01
    endloop
  endfacet
  facet normal -9.891765e-01 1.467305e-01 1.144694e-09
    outer loop
      vertex   1.553186e+01 -6.236289e+01 9.999999e-01
      vertex   1.562545e+01 -6.173191e+01 -6.226296e-08
      vertex   1.553186e+01 -6.236289e+01 -6.572185e-08
    endloop
  endfacet
  facet normal -9.987955e-01 4.906768e-02 1.643939e-09
    outer loop
      vertex   1.553186e+01 -6.236289e+01 9.999999e-01
      vertex   1.553186e+01 -6.236289e+01 -6.572185e-08
      vertex   1.550056e+01 -6.300000e+01 9.999999e-01
    endloop
  endfacet
  facet normal -9.987955e-01 4.906768e-02 1.643940e-09
    outer loop
      vertex   1.550056e+01 -6.300000e+01 9.999999e-01
      vertex   1.553186e+01 -6.236289e+01 -6.572185e-08
      vertex   1.550056e+01 -6.300000e+01 -6.832134e-08
    endloop
  endfacet
  facet normal -6.585325e-10 1.000000e+00 -4.925980e-09
    outer loop
      vertex   4.500056e+01 -5.650000e+01 2.101915e-09
      vertex   2.200056e+01 -5.650000e+01 4.552414e-08
      vertex   4.500056e+01 -5.650000e+01 1.000000e+00
    endloop
  endfacet
  facet normal -6.585325e-10 1.000000e+00 -4.925980e-09
    outer loop
      vertex   4.500056e+01 -5.650000e+01 1.000000e+00
      vertex   2.200056e+01 -5.650000e+01 4.552414e-08
      vertex   2.200056e+01 -5.650000e+01 1.000000e+00
    endloop
  endfacet
  facet normal 9.987955e-01 4.906767e-02 -2.127351e-09
    outer loop
      vertex   5.150056e+01 -6.300000e+01 2.220785e-09
      vertex   5.146926e+01 -6.236289e+01 2.221334e-09
      vertex   5.150056e+01 -6.300000e+01 1.000000e+00
    endloop
  endfacet
  facet normal 9.987955e-01 4.906767e-02 -2.127351e-09
    outer loop
      vertex   5.150056e+01 -6.300000e+01 1.000000e+00
      vertex   5.146926e+01 -6.236289e+01 2.221334e-09
      vertex   5.146926e+01 -6.236289e+01 1.000000e+00
    endloop
  endfacet
  facet normal 9.891765e-01 1.467305e-01 -2.590277e-09
    outer loop
      vertex   5.146926e+01 -6.236289e+01 1.000000e+00
      vertex   5.146926e+01 -6.236289e+01 2.221334e-09
      vertex   5.137566e+01 -6.173191e+01 2.220617e-09
    endloop
  endfacet
  facet normal 9.891765e-01 1.467305e-01 -2.590284e-09
    outer loop
      vertex   5.146926e+01 -6.236289e+01 1.000000e+00
      vertex   5.137566e+01 -6.173191e+01 2.220617e-09
      vertex   5.137566e+01 -6.173191e+01 1.000000e+00
    endloop
  endfacet
  facet normal 9.700313e-01 2.429802e-01 -3.028263e-09
    outer loop
      vertex   5.137566e+01 -6.173191e+01 1.000000e+00
      vertex   5.137566e+01 -6.173191e+01 2.220617e-09
      vertex   5.122067e+01 -6.111315e+01 2.218641e-09
    endloop
  endfacet
  facet normal 9.700313e-01 2.429802e-01 -3.028263e-09
    outer loop
      vertex   5.137566e+01 -6.173191e+01 1.000000e+00
      vertex   5.122067e+01 -6.111315e+01 2.218641e-09
      vertex   5.122067e+01 -6.111315e+01 1.000000e+00
    endloop
  endfacet
  facet normal 9.415441e-01 3.368899e-01 -3.437078e-09
    outer loop
      vertex   5.122067e+01 -6.111315e+01 1.000000e+00
      vertex   5.122067e+01 -6.111315e+01 2.218641e-09
      vertex   5.100578e+01 -6.051256e+01 2.215424e-09
    endloop
  endfacet
  facet normal 9.415441e-01 3.368899e-01 -3.437078e-09
    outer loop
      vertex   5.122067e+01 -6.111315e+01 1.000000e+00
      vertex   5.100578e+01 -6.051256e+01 2.215424e-09
      vertex   5.100578e+01 -6.051256e+01 1.000000e+00
    endloop
  endfacet
  facet normal 9.039893e-01 4.275551e-01 -3.812793e-09
    outer loop
      vertex   5.100578e+01 -6.051256e+01 1.000000e+00
      vertex   5.100578e+01 -6.051256e+01 2.215424e-09
      vertex   5.073305e+01 -5.993592e+01 2.210999e-09
    endloop
  endfacet
  facet normal 9.039893e-01 4.275551e-01 -3.812793e-09
    outer loop
      vertex   5.100578e+01 -6.051256e+01 1.000000e+00
      vertex   5.073305e+01 -5.993592e+01 2.210999e-09
      vertex   5.073305e+01 -5.993592e+01 1.000000e+00
    endloop
  endfacet
  facet normal 8.577286e-01 5.141027e-01 -4.151788e-09
    outer loop
      vertex   5.073305e+01 -5.993592e+01 1.000000e+00
      vertex   5.073305e+01 -5.993592e+01 2.210999e-09
      vertex   5.040511e+01 -5.938879e+01 2.205408e-09
    endloop
  endfacet
  facet normal 8.577286e-01 5.141027e-01 -4.151788e-09
    outer loop
      vertex   5.073305e+01 -5.993592e+01 1.000000e+00
      vertex   5.040511e+01 -5.938879e+01 2.205408e-09
      vertex   5.040511e+01 -5.938879e+01 1.000000e+00
    endloop
  endfacet
  facet normal 8.032075e-01 5.956993e-01 -4.450799e-09
    outer loop
      vertex   5.040511e+01 -5.938879e+01 1.000000e+00
      vertex   5.040511e+01 -5.938879e+01 2.205408e-09
      vertex   5.002513e+01 -5.887644e+01 2.198704e-09
    endloop
  endfacet
  facet normal 8.032075e-01 5.956993e-01 -4.450794e-09
    outer loop
      vertex   5.040511e+01 -5.938879e+01 1.000000e+00
      vertex   5.002513e+01 -5.887644e+01 2.198704e-09
      vertex   5.002513e+01 -5.887644e+01 1.000000e+00
    endloop
  endfacet
  facet normal 7.409511e-01 6.715590e-01 -4.706942e-09
    outer loop
      vertex   5.002513e+01 -5.887644e+01 1.000000e+00
      vertex   5.002513e+01 -5.887644e+01 2.198704e-09
      vertex   4.959675e+01 -5.840381e+01 2.190952e-09
    endloop
  endfacet
  facet normal 7.409511e-01 6.715590e-01 -4.706942e-09
    outer loop
      vertex   5.002513e+01 -5.887644e+01 1.000000e+00
      vertex   4.959675e+01 -5.840381e+01 2.190952e-09
      vertex   4.959675e+01 -5.840381e+01 1.000000e+00
    endloop
  endfacet
  facet normal 6.715590e-01 7.409511e-01 -4.917759e-09
    outer loop
      vertex   4.959675e+01 -5.840381e+01 1.000000e+00
      vertex   4.959675e+01 -5.840381e+01 2.190952e-09
      vertex   4.912412e+01 -5.797543e+01 2.182226e-09
    endloop
  endfacet
  facet normal 6.715590e-01 7.409511e-01 -4.917759e-09
    outer loop
      vertex   4.959675e+01 -5.840381e+01 1.000000e+00
      vertex   4.912412e+01 -5.797543e+01 2.182226e-09
      vertex   4.912412e+01 -5.797543e+01 1.000000e+00
    endloop
  endfacet
  facet normal 5.956993e-01 8.032075e-01 -5.081216e-09
    outer loop
      vertex   4.912412e+01 -5.797543e+01 1.000000e+00
      vertex   4.912412e+01 -5.797543e+01 2.182226e-09
      vertex   4.861177e+01 -5.759545e+01 2.172612e-09
    endloop
  endfacet
  facet normal 5.956993e-01 8.032075e-01 -5.081216e-09
    outer loop
      vertex   4.912412e+01 -5.797543e+01 1.000000e+00
      vertex   4.861177e+01 -5.759545e+01 2.172612e-09
      vertex   4.861177e+01 -5.759545e+01 1.000000e+00
    endloop
  endfacet
  facet normal 5.141027e-01 8.577286e-01 -5.195738e-09
    outer loop
      vertex   4.861177e+01 -5.759545e+01 1.000000e+00
      vertex   4.861177e+01 -5.759545e+01 2.172612e-09
      vertex   4.806464e+01 -5.726751e+01 2.162200e-09
    endloop
  endfacet
  facet normal 5.141027e-01 8.577286e-01 -5.195738e-09
    outer loop
      vertex   4.861177e+01 -5.759545e+01 1.000000e+00
      vertex   4.806464e+01 -5.726751e+01 2.162200e-09
      vertex   4.806464e+01 -5.726751e+01 1.000000e+00
    endloop
  endfacet
  facet normal 4.275551e-01 9.039893e-01 -5.260222e-09
    outer loop
      vertex   4.806464e+01 -5.726751e+01 1.000000e+00
      vertex   4.806464e+01 -5.726751e+01 2.162200e-09
      vertex   4.748800e+01 -5.699478e+01 2.151092e-09
    endloop
  endfacet
  facet normal 4.275551e-01 9.039893e-01 -5.260225e-09
    outer loop
      vertex   4.806464e+01 -5.726751e+01 1.000000e+00
      vertex   4.748800e+01 -5.699478e+01 2.151092e-09
      vertex   4.748800e+01 -5.699478e+01 1.000000e+00
    endloop
  endfacet
  facet normal 3.368899e-01 9.415441e-01 -5.274050e-09
    outer loop
      vertex   4.748800e+01 -5.699478e+01 1.000000e+00
      vertex   4.748800e+01 -5.699478e+01 2.151092e-09
      vertex   4.688741e+01 -5.677989e+01 1.000000e+00
    endloop
  endfacet
  facet normal 3.368899e-01 9.415441e-01 -5.274050e-09
    outer loop
      vertex   4.688741e+01 -5.677989e+01 1.000000e+00
      vertex   4.748800e+01 -5.699478e+01 2.151092e-09
      vertex   4.688741e+01 -5.677989e+01 2.139395e-09
    endloop
  endfacet
  facet normal 2.429802e-01 9.700313e-01 -5.237083e-09
    outer loop
      vertex   4.688741e+01 -5.677989e+01 1.000000e+00
      vertex   4.688741e+01 -5.677989e+01 2.139395e-09
      vertex   4.626865e+01 -5.662490e+01 1.000000e+00
    endloop
  endfacet
  facet normal 2.429802e-01 9.700313e-01 -5.237081e-09
    outer loop
      vertex   4.626865e+01 -5.662490e+01 1.000000e+00
      vertex   4.688741e+01 -5.677989e+01 2.139395e-09
      vertex   4.626865e+01 -5.662490e+01 2.127221e-09
    endloop
  endfacet
  facet normal 1.467305e-01 9.891765e-01 -5.149679e-09
    outer loop
      vertex   4.626865e+01 -5.662490e+01 1.000000e+00
      vertex   4.626865e+01 -5.662490e+01 2.127221e-09
      vertex   4.563767e+01 -5.653130e+01 1.000000e+00
    endloop
  endfacet
  facet normal 1.467305e-01 9.891765e-01 -5.149679e-09
    outer loop
      vertex   4.563767e+01 -5.653130e+01 1.000000e+00
      vertex   4.626865e+01 -5.662490e+01 2.127221e-09
      vertex   4.563767e+01 -5.653130e+01 2.114688e-09
    endloop
  endfacet
  facet normal 4.906767e-02 9.987955e-01 -5.012682e-09
    outer loop
      vertex   4.563767e+01 -5.653130e+01 1.000000e+00
      vertex   4.563767e+01 -5.653130e+01 2.114688e-09
      vertex   4.500056e+01 -5.650000e+01 1.000000e+00
    endloop
  endfacet
  facet normal 4.906767e-02 9.987955e-01 -5.012682e-09
    outer loop
      vertex   4.500056e+01 -5.650000e+01 1.000000e+00
      vertex   4.563767e+01 -5.653130e+01 2.114688e-09
      vertex   4.500056e+01 -5.650000e+01 2.101915e-09
    endloop
  endfacet
  facet normal 1.000000e+00 -3.884495e-10 -1.887919e-09
    outer loop
      vertex   5.150056e+01 -8.850000e+01 -5.354483e-09
      vertex   5.150056e+01 -6.300000e+01 2.220785e-09
      vertex   5.150056e+01 -8.850000e+01 1.000000e+00
    endloop
  endfacet
  facet normal 1.000000e+00 -3.884495e-10 -1.887919e-09
    outer loop
      vertex   5.150056e+01 -8.850000e+01 1.000000e+00
      vertex   5.150056e+01 -6.300000e+01 2.220785e-09
      vertex   5.150056e+01 -6.300000e+01 1.000000e+00
    endloop
  endfacet
  facet normal 4.906767e-02 -9.987955e-01 4.827410e-09
    outer loop
      vertex   4.500056e+01 -9.500000e+01 -1.872602e-09
      vertex   4.563767e+01 -9.496870e+01 -2.087992e-09
      vertex   4.500056e+01 -9.500000e+01 1.000000e+00
    endloop
  endfacet
  facet normal 4.906767e-02 -9.987955e-01 4.827410e-09
    outer loop
      vertex   4.500056e+01 -9.500000e+01 1.000000e+00
      vertex   4.563767e+01 -9.496870e+01 -2.087992e-09
      vertex   4.563767e+01 -9.496870e+01 1.000000e+00
    endloop
  endfacet
  facet normal 1.467305e-01 -9.891765e-01 4.595647e-09
    outer loop
      vertex   4.563767e+01 -9.496870e+01 1.000000e+00
      vertex   4.563767e+01 -9.496870e+01 -2.087992e-09
      vertex   4.626865e+01 -9.487510e+01 -2.314317e-09
    endloop
  endfacet
  facet normal 1.467305e-01 -9.891765e-01 4.595647e-09
    outer loop
      vertex   4.563767e+01 -9.496870e+01 1.000000e+00
      vertex   4.626865e+01 -9.487510e+01 -2.314317e-09
      vertex   4.626865e+01 -9.487510e+01 1.000000e+00
    endloop
  endfacet
  facet normal 2.429802e-01 -9.700313e-01 4.319626e-09
    outer loop
      vertex   4.626865e+01 -9.487510e+01 1.000000e+00
      vertex   4.626865e+01 -9.487510e+01 -2.314317e-09
      vertex   4.688741e+01 -9.472011e+01 -2.549396e-09
    endloop
  endfacet
  facet normal 2.429802e-01 -9.700313e-01 4.319627e-09
    outer loop
      vertex   4.626865e+01 -9.487510e+01 1.000000e+00
      vertex   4.688741e+01 -9.472011e+01 -2.549396e-09
      vertex   4.688741e+01 -9.472011e+01 1.000000e+00
    endloop
  endfacet
  facet normal 3.368899e-01 -9.415441e-01 4.002006e-09
    outer loop
      vertex   4.688741e+01 -9.472011e+01 1.000000e+00
      vertex   4.688741e+01 -9.472011e+01 -2.549396e-09
      vertex   4.748800e+01 -9.450522e+01 -2.790966e-09
    endloop
  endfacet
  facet normal 3.368899e-01 -9.415441e-01 4.001993e-09
    outer loop
      vertex   4.688741e+01 -9.472011e+01 1.000000e+00
      vertex   4.748800e+01 -9.450522e+01 -2.790966e-09
      vertex   4.748800e+01 -9.450522e+01 1.000000e+00
    endloop
  endfacet
  facet normal 4.275551e-01 -9.039893e-01 3.645831e-09
    outer loop
      vertex   4.748800e+01 -9.450522e+01 1.000000e+00
      vertex   4.748800e+01 -9.450522e+01 -2.790966e-09
      vertex   4.806464e+01 -9.423249e+01 -3.036700e-09
    endloop
  endfacet
  facet normal 4.275551e-01 -9.039893e-01 3.645853e-09
    outer loop
      vertex   4.748800e+01 -9.450522e+01 1.000000e+00
      vertex   4.806464e+01 -9.423249e+01 -3.036700e-09
      vertex   4.806464e+01 -9.423249e+01 1.000000e+00
    endloop
  endfacet
  facet normal 5.141027e-01 -8.577286e-01 3.254578e-09
    outer loop
      vertex   4.806464e+01 -9.423249e+01 1.000000e+00
      vertex   4.806464e+01 -9.423249e+01 -3.036700e-09
      vertex   4.861177e+01 -9.390455e+01 -3.284232e-09
    endloop
  endfacet
  facet normal 5.141027e-01 -8.577286e-01 3.254569e-09
    outer loop
      vertex   4.806464e+01 -9.423249e+01 1.000000e+00
      vertex   4.861177e+01 -9.390455e+01 -3.284232e-09
      vertex   4.861177e+01 -9.390455e+01 1.000000e+00
    endloop
  endfacet
  facet normal 5.956993e-01 -8.032075e-01 2.831952e-09
    outer loop
      vertex   4.861177e+01 -9.390455e+01 1.000000e+00
      vertex   4.861177e+01 -9.390455e+01 -3.284232e-09
      vertex   4.912412e+01 -9.352457e+01 -3.531178e-09
    endloop
  endfacet
  facet normal 5.956993e-01 -8.032075e-01 2.831952e-09
    outer loop
      vertex   4.861177e+01 -9.390455e+01 1.000000e+00
      vertex   4.912412e+01 -9.352457e+01 -3.531178e-09
      vertex   4.912412e+01 -9.352457e+01 1.000000e+00
    endloop
  endfacet
  facet normal 6.715590e-01 -7.409511e-01 2.382061e-09
    outer loop
      vertex   4.912412e+01 -9.352457e+01 1.000000e+00
      vertex   4.912412e+01 -9.352457e+01 -3.531178e-09
      vertex   4.959675e+01 -9.309619e+01 -3.775159e-09
    endloop
  endfacet
  facet normal 6.715590e-01 -7.409511e-01 2.382061e-09
    outer loop
      vertex   4.912412e+01 -9.352457e+01 1.000000e+00
      vertex   4.959675e+01 -9.309619e+01 -3.775159e-09
      vertex   4.959675e+01 -9.309619e+01 1.000000e+00
    endloop
  endfacet
  facet normal 7.409511e-01 -6.715590e-01 1.909230e-09
    outer loop
      vertex   4.959675e+01 -9.309619e+01 1.000000e+00
      vertex   4.959675e+01 -9.309619e+01 -3.775159e-09
      vertex   5.002513e+01 -9.262356e+01 -4.013827e-09
    endloop
  endfacet
  facet normal 7.409511e-01 -6.715590e-01 1.909230e-09
    outer loop
      vertex   4.959675e+01 -9.309619e+01 1.000000e+00
      vertex   5.002513e+01 -9.262356e+01 -4.013827e-09
      vertex   5.002513e+01 -9.262356e+01 1.000000e+00
    endloop
  endfacet
  facet normal 8.032075e-01 -5.956993e-01 1.418012e-09
    outer loop
      vertex   5.002513e+01 -9.262356e+01 1.000000e+00
      vertex   5.002513e+01 -9.262356e+01 -4.013827e-09
      vertex   5.040511e+01 -9.211121e+01 -4.244881e-09
    endloop
  endfacet
  facet normal 8.032075e-01 -5.956993e-01 1.417992e-09
    outer loop
      vertex   5.002513e+01 -9.262356e+01 1.000000e+00
      vertex   5.040511e+01 -9.211121e+01 -4.244881e-09
      vertex   5.040511e+01 -9.211121e+01 1.000000e+00
    endloop
  endfacet
  facet normal 8.577286e-01 -5.141027e-01 9.131179e-10
    outer loop
      vertex   5.040511e+01 -9.211121e+01 1.000000e+00
      vertex   5.040511e+01 -9.211121e+01 -4.244881e-09
      vertex   5.073305e+01 -9.156408e+01 -4.466098e-09
    endloop
  endfacet
  facet normal 8.577286e-01 -5.141027e-01 9.131374e-10
    outer loop
      vertex   5.040511e+01 -9.211121e+01 1.000000e+00
      vertex   5.073305e+01 -9.156408e+01 -4.466098e-09
      vertex   5.073305e+01 -9.156408e+01 1.000000e+00
    endloop
  endfacet
  facet normal 9.039893e-01 -4.275551e-01 3.994690e-10
    outer loop
      vertex   5.073305e+01 -9.156408e+01 1.000000e+00
      vertex   5.073305e+01 -9.156408e+01 -4.466098e-09
      vertex   5.100578e+01 -9.098744e+01 -4.675347e-09
    endloop
  endfacet
  facet normal 9.039893e-01 -4.275551e-01 3.994750e-10
    outer loop
      vertex   5.073305e+01 -9.156408e+01 1.000000e+00
      vertex   5.100578e+01 -9.098744e+01 -4.675347e-09
      vertex   5.100578e+01 -9.098744e+01 1.000000e+00
    endloop
  endfacet
  facet normal 9.415441e-01 -3.368899e-01 -1.180417e-10
    outer loop
      vertex   5.100578e+01 -9.098744e+01 1.000000e+00
      vertex   5.100578e+01 -9.098744e+01 -4.675347e-09
      vertex   5.122067e+01 -9.038685e+01 -4.870612e-09
    endloop
  endfacet
  facet normal 9.415441e-01 -3.368899e-01 -1.180465e-10
    outer loop
      vertex   5.100578e+01 -9.098744e+01 1.000000e+00
      vertex   5.122067e+01 -9.038685e+01 -4.870612e-09
      vertex   5.122067e+01 -9.038685e+01 1.000000e+00
    endloop
  endfacet
  facet normal 9.700313e-01 -2.429802e-01 -6.344252e-10
    outer loop
      vertex   5.122067e+01 -9.038685e+01 1.000000e+00
      vertex   5.122067e+01 -9.038685e+01 -4.870612e-09
      vertex   5.137566e+01 -8.976809e+01 -5.050014e-09
    endloop
  endfacet
  facet normal 9.700313e-01 -2.429802e-01 -6.344286e-10
    outer loop
      vertex   5.122067e+01 -9.038685e+01 1.000000e+00
      vertex   5.137566e+01 -8.976809e+01 -5.050014e-09
      vertex   5.137566e+01 -8.976809e+01 1.000000e+00
    endloop
  endfacet
  facet normal 9.891765e-01 -1.467305e-01 -1.144699e-09
    outer loop
      vertex   5.137566e+01 -8.976809e+01 1.000000e+00
      vertex   5.137566e+01 -8.976809e+01 -5.050014e-09
      vertex   5.146926e+01 -8.913711e+01 -5.211823e-09
    endloop
  endfacet
  facet normal 9.891765e-01 -1.467305e-01 -1.144694e-09
    outer loop
      vertex   5.137566e+01 -8.976809e+01 1.000000e+00
      vertex   5.146926e+01 -8.913711e+01 -5.211823e-09
      vertex   5.146926e+01 -8.913711e+01 1.000000e+00
    endloop
  endfacet
  facet normal 9.987955e-01 -4.906767e-02 -1.643939e-09
    outer loop
      vertex   5.146926e+01 -8.913711e+01 1.000000e+00
      vertex   5.146926e+01 -8.913711e+01 -5.211823e-09
      vertex   5.150056e+01 -8.850000e+01 -5.354483e-09
    endloop
  endfacet
  facet normal 9.987955e-01 -4.906767e-02 -1.643939e-09
    outer loop
      vertex   5.146926e+01 -8.913711e+01 1.000000e+00
      vertex   5.150056e+01 -8.850000e+01 -5.354483e-09
      vertex   5.150056e+01 -8.850000e+01 1.000000e+00
    endloop
  endfacet
  facet normal -2.498250e-08 1.663324e-09 1.000000e+00
    outer loop
      vertex   2.093196e+01 -8.476325e+01 1.000000e+00
      vertex   2.090000e+01 -8.450000e+01 1.000000e+00
      vertex   1.550056e+01 -8.850000e+01 1.000000e+00
    endloop
  endfacet
  facet normal -3.029439e-08 8.833625e-09 1.000000e+00
    outer loop
      vertex   1.550056e+01 -8.850000e+01 1.000000e+00
      vertex   2.090000e+01 -8.450000e+01 1.000000e+00
      vertex   2.093196e+01 -8.423675e+01 1.000000e+00
    endloop
  endfacet
  facet normal -3.956785e-08 2.064809e-08 1.000000e+00
    outer loop
      vertex   1.550056e+01 -8.850000e+01 1.000000e+00
      vertex   2.093196e+01 -8.423675e+01 1.000000e+00
      vertex   2.102600e+01 -8.398881e+01 1.000000e+00
    endloop
  endfacet
  facet normal -6.368548e-08 5.018803e-08 1.000000e+00
    outer loop
      vertex   2.102600e+01 -8.398881e+01 1.000000e+00
      vertex   2.117664e+01 -8.377057e+01 1.000000e+00
      vertex   1.550056e+01 -8.850000e+01 1.000000e+00
    endloop
  endfacet
  facet normal -4.664529e-07 5.335735e-07 1.000000e+00
    outer loop
      vertex   1.550056e+01 -8.850000e+01 1.000000e+00
      vertex   2.117664e+01 -8.377057e+01 1.000000e+00
      vertex   2.137513e+01 -8.359472e+01 1.000000e+00
    endloop
  endfacet
  facet normal -2.503080e-08 4.925983e-09 1.000000e+00
    outer loop
      vertex   1.550056e+01 -8.850000e+01 1.000000e+00
      vertex   2.137513e+01 -8.359472e+01 1.000000e+00
      vertex   1.550056e+01 -6.300000e+01 9.999999e-01
    endloop
  endfacet
  facet normal -1.959503e-09 1.150699e-08 1.000000e+00
    outer loop
      vertex   1.550056e+01 -6.300000e+01 9.999999e-01
      vertex   2.137513e+01 -8.359472e+01 1.000000e+00
      vertex   5.150056e+01 -6.300000e+01 1.000000e+00
    endloop
  endfacet
  facet normal -1.959503e-09 -1.555519e-08 1.000000e+00
    outer loop
      vertex   1.550056e+01 -6.300000e+01 9.999999e-01
      vertex   5.150056e+01 -6.300000e+01 1.000000e+00
      vertex   2.200056e+01 -5.650000e+01 1.000000e+00
    endloop
  endfacet
  facet normal 1.887923e-09 1.906210e-09 1.000000e+00
    outer loop
      vertex   2.200056e+01 -5.650000e+01 1.000000e+00
      vertex   5.150056e+01 -6.300000e+01 1.000000e+00
      vertex   4.500056e+01 -5.650000e+01 1.000000e+00
    endloop
  endfacet
  facet normal -2.013835e-11 -1.850656e-12 1.000000e+00
    outer loop
      vertex   4.500056e+01 -5.650000e+01 1.000000e+00
      vertex   5.150056e+01 -6.300000e+01 1.000000e+00
      vertex   4.563767e+01 -5.653130e+01 1.000000e+00
    endloop
  endfacet
  facet normal -2.013823e-11 -1.850547e-12 1.000000e+00
    outer loop
      vertex   4.563767e+01 -5.653130e+01 1.000000e+00
      vertex   5.150056e+01 -6.300000e+01 1.000000e+00
      vertex   4.626865e+01 -5.662490e+01 1.000000e+00
    endloop
  endfacet
  facet normal -2.013836e-11 -1.850648e-12 1.000000e+00
    outer loop
      vertex   4.626865e+01 -5.662490e+01 1.000000e+00
      vertex   5.150056e+01 -6.300000e+01 1.000000e+00
      vertex   4.688741e+01 -5.677989e+01 1.000000e+00
    endloop
  endfacet
  facet normal -2.013802e-11 -1.850396e-12 1.000000e+00
    outer loop
      vertex   4.688741e+01 -5.677989e+01 1.000000e+00
      vertex   5.150056e+01 -6.300000e+01 1.000000e+00
      vertex   4.748800e+01 -5.699478e+01 1.000000e+00
    endloop
  endfacet
  facet normal -2.013889e-11 -1.850981e-12 1.000000e+00
    outer loop
      vertex   4.748800e+01 -5.699478e+01 1.000000e+00
      vertex   5.150056e+01 -6.300000e+01 1.000000e+00
      vertex   4.806464e+01 -5.726751e+01 1.000000e+00
    endloop
  endfacet
  facet normal -2.013799e-11 -1.850442e-12 1.000000e+00
    outer loop
      vertex   4.806464e+01 -5.726751e+01 1.000000e+00
      vertex   5.150056e+01 -6.300000e+01 1.000000e+00
      vertex   4.861177e+01 -5.759545e+01 1.000000e+00
    endloop
  endfacet
  facet normal -2.013791e-11 -1.850397e-12 1.000000e+00
    outer loop
      vertex   4.861177e+01 -5.759545e+01 1.000000e+00
      vertex   5.150056e+01 -6.300000e+01 1.000000e+00
      vertex   4.912412e+01 -5.797543e+01 1.000000e+00
    endloop
  endfacet
  facet normal -2.013780e-11 -1.850344e-12 1.000000e+00
    outer loop
      vertex   4.912412e+01 -5.797543e+01 1.000000e+00
      vertex   5.150056e+01 -6.300000e+01 1.000000e+00
      vertex   4.959675e+01 -5.840381e+01 1.000000e+00
    endloop
  endfacet
  facet normal -2.013900e-11 -1.850844e-12 1.000000e+00
    outer loop
      vertex   4.959675e+01 -5.840381e+01 1.000000e+00
      vertex   5.150056e+01 -6.300000e+01 1.000000e+00
      vertex   5.002513e+01 -5.887644e+01 1.000000e+00
    endloop
  endfacet
  facet normal -2.013769e-11 -1.850373e-12 1.000000e+00
    outer loop
      vertex   5.002513e+01 -5.887644e+01 1.000000e+00
      vertex   5.150056e+01 -6.300000e+01 1.000000e+00
      vertex   5.040511e+01 -5.938879e+01 1.000000e+00
    endloop
  endfacet
  facet normal -2.013800e-11 -1.850468e-12 1.000000e+00
    outer loop
      vertex   5.040511e+01 -5.938879e+01 1.000000e+00
      vertex   5.150056e+01 -6.300000e+01 1.000000e+00
      vertex   5.073305e+01 -5.993592e+01 1.000000e+00
    endloop
  endfacet
  facet normal -2.013944e-11 -1.850829e-12 1.000000e+00
    outer loop
      vertex   5.073305e+01 -5.993592e+01 1.000000e+00
      vertex   5.150056e+01 -6.300000e+01 1.000000e+00
      vertex   5.100578e+01 -6.051256e+01 1.000000e+00
    endloop
  endfacet
  facet normal -2.013753e-11 -1.850449e-12 1.000000e+00
    outer loop
      vertex   5.100578e+01 -6.051256e+01 1.000000e+00
      vertex   5.150056e+01 -6.300000e+01 1.000000e+00
      vertex   5.122067e+01 -6.111315e+01 1.000000e+00
    endloop
  endfacet
  facet normal -2.013797e-11 -1.850515e-12 1.000000e+00
    outer loop
      vertex   5.122067e+01 -6.111315e+01 1.000000e+00
      vertex   5.150056e+01 -6.300000e+01 1.000000e+00
      vertex   5.137566e+01 -6.173191e+01 1.000000e+00
    endloop
  endfacet
  facet normal -2.013772e-11 -1.850490e-12 1.000000e+00
    outer loop
      vertex   5.137566e+01 -6.173191e+01 1.000000e+00
      vertex   5.150056e+01 -6.300000e+01 1.000000e+00
      vertex   5.146926e+01 -6.236289e+01 1.000000e+00
    endloop
  endfacet
  facet normal -2.656154e-10 9.029212e-09 1.000000e+00
    outer loop
      vertex   2.137513e+01 -8.359472e+01 1.000000e+00
      vertex   2.160993e+01 -8.347148e+01 1.000000e+00
      vertex   5.150056e+01 -6.300000e+01 1.000000e+00
    endloop
  endfacet
  facet normal 1.518725e-09 6.423878e-09 1.000000e+00
    outer loop
      vertex   5.150056e+01 -6.300000e+01 1.000000e+00
      vertex   2.160993e+01 -8.347148e+01 1.000000e+00
      vertex   2.186741e+01 -8.340802e+01 1.000000e+00
    endloop
  endfacet
  facet normal 1.716811e-09 6.136251e-09 1.000000e+00
    outer loop
      vertex   5.150056e+01 -6.300000e+01 1.000000e+00
      vertex   2.186741e+01 -8.340802e+01 1.000000e+00
      vertex   3.862524e+01 -8.103873e+01 1.000000e+00
    endloop
  endfacet
  facet normal 1.887923e-09 4.925986e-09 1.000000e+00
    outer loop
      vertex   3.862524e+01 -8.103873e+01 1.000000e+00
      vertex   2.186741e+01 -8.340802e+01 1.000000e+00
      vertex   3.853099e+01 -8.105508e+01 1.000000e+00
    endloop
  endfacet
  facet normal 1.887923e-09 4.925982e-09 1.000000e+00
    outer loop
      vertex   3.853099e+01 -8.105508e+01 1.000000e+00
      vertex   2.186741e+01 -8.340802e+01 1.000000e+00
      vertex   3.844417e+01 -8.109528e+01 1.000000e+00
    endloop
  endfacet
  facet normal 1.887923e-09 4.925985e-09 1.000000e+00
    outer loop
      vertex   3.844417e+01 -8.109528e+01 1.000000e+00
      vertex   2.186741e+01 -8.340802e+01 1.000000e+00
      vertex   3.419492e+01 -8.222057e+01 1.000000e+00
    endloop
  endfacet
  facet normal 1.887923e-09 4.925985e-09 1.000000e+00
    outer loop
      vertex   3.844417e+01 -8.109528e+01 1.000000e+00
      vertex   3.419492e+01 -8.222057e+01 1.000000e+00
      vertex   3.470268e+01 -8.220132e+01 1.000000e+00
    endloop
  endfacet
  facet normal 1.887922e-09 4.926024e-09 1.000000e+00
    outer loop
      vertex   2.213259e+01 -8.340802e+01 1.000000e+00
      vertex   3.191167e+01 -8.323810e+01 1.000000e+00
      vertex   2.186741e+01 -8.340802e+01 1.000000e+00
    endloop
  endfacet
  facet normal 1.887923e-09 4.925985e-09 1.000000e+00
    outer loop
      vertex   2.186741e+01 -8.340802e+01 1.000000e+00
      vertex   3.191167e+01 -8.323810e+01 1.000000e+00
      vertex   3.230885e+01 -8.292119e+01 1.000000e+00
    endloop
  endfacet
  facet normal 1.887923e-09 4.925985e-09 1.000000e+00
    outer loop
      vertex   2.186741e+01 -8.340802e+01 1.000000e+00
      vertex   3.230885e+01 -8.292119e+01 1.000000e+00
      vertex   3.274300e+01 -8.265718e+01 1.000000e+00
    endloop
  endfacet
  facet normal 1.887923e-09 4.925981e-09 1.000000e+00
    outer loop
      vertex   2.213259e+01 -8.340802e+01 1.000000e+00
      vertex   2.239007e+01 -8.347148e+01 1.000000e+00
      vertex   3.191167e+01 -8.323810e+01 1.000000e+00
    endloop
  endfacet
  facet normal 1.887923e-09 4.925985e-09 1.000000e+00
    outer loop
      vertex   3.191167e+01 -8.323810e+01 1.000000e+00
      vertex   2.239007e+01 -8.347148e+01 1.000000e+00
      vertex   2.262487e+01 -8.359472e+01 1.000000e+00
    endloop
  endfacet
  facet normal 1.887923e-09 4.925984e-09 1.000000e+00
    outer loop
      vertex   3.191167e+01 -8.323810e+01 1.000000e+00
      vertex   2.262487e+01 -8.359472e+01 1.000000e+00
      vertex   2.282336e+01 -8.377057e+01 1.000000e+00
    endloop
  endfacet
  facet normal 1.887923e-09 4.925985e-09 1.000000e+00
    outer loop
      vertex   2.297400e+01 -8.398881e+01 1.000000e+00
      vertex   3.125316e+01 -8.400942e+01 1.000000e+00
      vertex   2.282336e+01 -8.377057e+01 1.000000e+00
    endloop
  endfacet
  facet normal 1.887923e-09 4.925985e-09 1.000000e+00
    outer loop
      vertex   2.282336e+01 -8.377057e+01 1.000000e+00
      vertex   3.125316e+01 -8.400942e+01 1.000000e+00
      vertex   3.155787e+01 -8.360280e+01 1.000000e+00
    endloop
  endfacet
  facet normal 1.887923e-09 4.925984e-09 1.000000e+00
    outer loop
      vertex   2.282336e+01 -8.377057e+01 1.000000e+00
      vertex   3.155787e+01 -8.360280e+01 1.000000e+00
      vertex   3.191167e+01 -8.323810e+01 1.000000e+00
    endloop
  endfacet
  facet normal 1.887923e-09 4.925985e-09 1.000000e+00
    outer loop
      vertex   3.125316e+01 -8.400942e+01 1.000000e+00
      vertex   2.297400e+01 -8.398881e+01 1.000000e+00
      vertex   3.100246e+01 -8.445138e+01 1.000000e+00
    endloop
  endfacet
  facet normal 1.887923e-09 4.925985e-09 1.000000e+00
    outer loop
      vertex   3.100246e+01 -8.445138e+01 1.000000e+00
      vertex   2.297400e+01 -8.398881e+01 1.000000e+00
      vertex   2.306804e+01 -8.423675e+01 1.000000e+00
    endloop
  endfacet
  facet normal 1.887923e-09 4.925985e-09 1.000000e+00
    outer loop
      vertex   3.100246e+01 -8.445138e+01 1.000000e+00
      vertex   2.306804e+01 -8.423675e+01 1.000000e+00
      vertex   3.080981e+01 -8.492156e+01 1.000000e+00
    endloop
  endfacet
  facet normal 1.887923e-09 4.925985e-09 1.000000e+00
    outer loop
      vertex   3.080981e+01 -8.492156e+01 1.000000e+00
      vertex   2.306804e+01 -8.423675e+01 1.000000e+00
      vertex   2.310000e+01 -8.450000e+01 1.000000e+00
    endloop
  endfacet
  facet normal 1.887923e-09 4.925985e-09 1.000000e+00
    outer loop
      vertex   3.080981e+01 -8.492156e+01 1.000000e+00
      vertex   2.310000e+01 -8.450000e+01 1.000000e+00
      vertex   3.067831e+01 -8.541237e+01 1.000000e+00
    endloop
  endfacet
  facet normal 1.887923e-09 4.925985e-09 1.000000e+00
    outer loop
      vertex   3.067831e+01 -8.541237e+01 1.000000e+00
      vertex   2.310000e+01 -8.450000e+01 1.000000e+00
      vertex   3.061010e+01 -8.591588e+01 1.000000e+00
    endloop
  endfacet
  facet normal 1.887923e-09 4.925985e-09 1.000000e+00
    outer loop
      vertex   3.061010e+01 -8.591588e+01 1.000000e+00
      vertex   2.310000e+01 -8.450000e+01 1.000000e+00
      vertex   2.306804e+01 -8.476325e+01 1.000000e+00
    endloop
  endfacet
  facet normal 1.887923e-09 4.925984e-09 1.000000e+00
    outer loop
      vertex   3.061010e+01 -8.591588e+01 1.000000e+00
      vertex   2.306804e+01 -8.476325e+01 1.000000e+00
      vertex   2.297400e+01 -8.501120e+01 1.000000e+00
    endloop
  endfacet
  facet normal 1.887923e-09 4.925985e-09 1.000000e+00
    outer loop
      vertex   2.297400e+01 -8.501120e+01 1.000000e+00
      vertex   2.282336e+01 -8.522944e+01 1.000000e+00
      vertex   3.061010e+01 -8.591588e+01 1.000000e+00
    endloop
  endfacet
  facet normal 1.887923e-09 4.925985e-09 1.000000e+00
    outer loop
      vertex   3.061010e+01 -8.591588e+01 1.000000e+00
      vertex   2.282336e+01 -8.522944e+01 1.000000e+00
      vertex   2.262487e+01 -8.540528e+01 1.000000e+00
    endloop
  endfacet
  facet normal 1.887923e-09 4.925985e-09 1.000000e+00
    outer loop
      vertex   3.061010e+01 -8.591588e+01 1.000000e+00
      vertex   2.262487e+01 -8.540528e+01 1.000000e+00
      vertex   2.239007e+01 -8.552852e+01 1.000000e+00
    endloop
  endfacet
  facet normal 1.887923e-09 4.925983e-09 1.000000e+00
    outer loop
      vertex   2.239007e+01 -8.552852e+01 1.000000e+00
      vertex   2.213259e+01 -8.559198e+01 1.000000e+00
      vertex   3.061010e+01 -8.591588e+01 1.000000e+00
    endloop
  endfacet
  facet normal 1.887922e-09 4.925968e-09 1.000000e+00
    outer loop
      vertex   3.061010e+01 -8.591588e+01 1.000000e+00
      vertex   2.213259e+01 -8.559198e+01 1.000000e+00
      vertex   2.186741e+01 -8.559198e+01 1.000000e+00
    endloop
  endfacet
  facet normal 2.441892e-11 -4.537331e-08 1.000000e+00
    outer loop
      vertex   3.061010e+01 -8.591588e+01 1.000000e+00
      vertex   2.186741e+01 -8.559198e+01 1.000000e+00
      vertex   1.550056e+01 -8.850000e+01 1.000000e+00
    endloop
  endfacet
  facet normal -6.817535e-09 -3.039345e-08 1.000000e+00
    outer loop
      vertex   1.550056e+01 -8.850000e+01 1.000000e+00
      vertex   2.186741e+01 -8.559198e+01 1.000000e+00
      vertex   2.160993e+01 -8.552852e+01 1.000000e+00
    endloop
  endfacet
  facet normal -1.154638e-08 -2.067093e-08 1.000000e+00
    outer loop
      vertex   1.550056e+01 -8.850000e+01 1.000000e+00
      vertex   2.160993e+01 -8.552852e+01 1.000000e+00
      vertex   2.137513e+01 -8.540528e+01 1.000000e+00
    endloop
  endfacet
  facet normal -1.499290e-08 -1.412853e-08 1.000000e+00
    outer loop
      vertex   2.137513e+01 -8.540528e+01 1.000000e+00
      vertex   2.117664e+01 -8.522944e+01 1.000000e+00
      vertex   1.550056e+01 -8.850000e+01 1.000000e+00
    endloop
  endfacet
  facet normal -1.804454e-08 -8.832401e-09 1.000000e+00
    outer loop
      vertex   1.550056e+01 -8.850000e+01 1.000000e+00
      vertex   2.117664e+01 -8.522944e+01 1.000000e+00
      vertex   2.102600e+01 -8.501120e+01 1.000000e+00
    endloop
  endfacet
  facet normal -2.120244e-08 -3.831035e-09 1.000000e+00
    outer loop
      vertex   1.550056e+01 -8.850000e+01 1.000000e+00
      vertex   2.102600e+01 -8.501120e+01 1.000000e+00
      vertex   2.093196e+01 -8.476325e+01 1.000000e+00
    endloop
  endfacet
  facet normal 1.887923e-09 4.925985e-09 1.000000e+00
    outer loop
      vertex   3.890973e+01 -8.165321e+01 1.000000e+00
      vertex   3.883628e+01 -8.171450e+01 1.000000e+00
      vertex   4.064723e+01 -8.423194e+01 1.000000e+00
    endloop
  endfacet
  facet normal 1.887923e-09 4.925985e-09 1.000000e+00
    outer loop
      vertex   4.064723e+01 -8.423194e+01 1.000000e+00
      vertex   3.883628e+01 -8.171450e+01 1.000000e+00
      vertex   3.621057e+01 -8.337714e+01 1.000000e+00
    endloop
  endfacet
  facet normal 1.887923e-09 4.925985e-09 1.000000e+00
    outer loop
      vertex   4.064723e+01 -8.423194e+01 1.000000e+00
      vertex   3.621057e+01 -8.337714e+01 1.000000e+00
      vertex   3.202222e+01 -8.422072e+01 1.000000e+00
    endloop
  endfacet
  facet normal 1.887923e-09 4.925985e-09 1.000000e+00
    outer loop
      vertex   3.202222e+01 -8.422072e+01 1.000000e+00
      vertex   3.621057e+01 -8.337714e+01 1.000000e+00
      vertex   3.233164e+01 -8.387254e+01 1.000000e+00
    endloop
  endfacet
  facet normal 1.887923e-09 4.925985e-09 1.000000e+00
    outer loop
      vertex   3.233164e+01 -8.387254e+01 1.000000e+00
      vertex   3.621057e+01 -8.337714e+01 1.000000e+00
      vertex   3.268766e+01 -8.357218e+01 1.000000e+00
    endloop
  endfacet
  facet normal 1.887923e-09 4.925985e-09 1.000000e+00
    outer loop
      vertex   3.268766e+01 -8.357218e+01 1.000000e+00
      vertex   3.621057e+01 -8.337714e+01 1.000000e+00
      vertex   3.308297e+01 -8.332579e+01 1.000000e+00
    endloop
  endfacet
  facet normal 1.887923e-09 4.925984e-09 1.000000e+00
    outer loop
      vertex   3.308297e+01 -8.332579e+01 1.000000e+00
      vertex   3.621057e+01 -8.337714e+01 1.000000e+00
      vertex   3.350943e+01 -8.313844e+01 1.000000e+00
    endloop
  endfacet
  facet normal 1.887923e-09 4.925986e-09 1.000000e+00
    outer loop
      vertex   3.350943e+01 -8.313844e+01 1.000000e+00
      vertex   3.621057e+01 -8.337714e+01 1.000000e+00
      vertex   3.395830e+01 -8.301398e+01 1.000000e+00
    endloop
  endfacet
  facet normal 1.887923e-09 4.925985e-09 1.000000e+00
    outer loop
      vertex   3.395830e+01 -8.301398e+01 1.000000e+00
      vertex   3.621057e+01 -8.337714e+01 1.000000e+00
      vertex   3.442035e+01 -8.295497e+01 1.000000e+00
    endloop
  endfacet
  facet normal 1.887923e-09 4.925985e-09 1.000000e+00
    outer loop
      vertex   3.442035e+01 -8.295497e+01 1.000000e+00
      vertex   3.621057e+01 -8.337714e+01 1.000000e+00
      vertex   3.488609e+01 -8.296262e+01 1.000000e+00
    endloop
  endfacet
  facet normal 1.887922e-09 4.925983e-09 1.000000e+00
    outer loop
      vertex   3.488609e+01 -8.296262e+01 1.000000e+00
      vertex   3.621057e+01 -8.337714e+01 1.000000e+00
      vertex   3.534595e+01 -8.303677e+01 1.000000e+00
    endloop
  endfacet
  facet normal 1.887922e-09 4.925982e-09 1.000000e+00
    outer loop
      vertex   3.534595e+01 -8.303677e+01 1.000000e+00
      vertex   3.621057e+01 -8.337714e+01 1.000000e+00
      vertex   3.579049e+01 -8.317589e+01 1.000000e+00
    endloop
  endfacet
  facet normal 1.887922e-09 4.925985e-09 1.000000e+00
    outer loop
      vertex   3.176575e+01 -8.460956e+01 1.000000e+00
      vertex   3.198585e+01 -8.813099e+01 1.000000e+00
      vertex   3.202222e+01 -8.422072e+01 1.000000e+00
    endloop
  endfacet
  facet normal 1.887923e-09 4.925985e-09 1.000000e+00
    outer loop
      vertex   3.202222e+01 -8.422072e+01 1.000000e+00
      vertex   3.198585e+01 -8.813099e+01 1.000000e+00
      vertex   3.228874e+01 -8.848486e+01 1.000000e+00
    endloop
  endfacet
  facet normal 1.887922e-09 4.925985e-09 1.000000e+00
    outer loop
      vertex   3.202222e+01 -8.422072e+01 1.000000e+00
      vertex   3.228874e+01 -8.848486e+01 1.000000e+00
      vertex   3.263911e+01 -8.879180e+01 1.000000e+00
    endloop
  endfacet
  facet normal 1.887923e-09 4.925985e-09 1.000000e+00
    outer loop
      vertex   3.198585e+01 -8.813099e+01 1.000000e+00
      vertex   3.176575e+01 -8.460956e+01 1.000000e+00
      vertex   3.173665e+01 -8.773745e+01 1.000000e+00
    endloop
  endfacet
  facet normal 1.887923e-09 4.925985e-09 1.000000e+00
    outer loop
      vertex   3.173665e+01 -8.773745e+01 1.000000e+00
      vertex   3.176575e+01 -8.460956e+01 1.000000e+00
      vertex   3.156750e+01 -8.503106e+01 1.000000e+00
    endloop
  endfacet
  facet normal 1.887922e-09 4.925985e-09 1.000000e+00
    outer loop
      vertex   3.173665e+01 -8.773745e+01 1.000000e+00
      vertex   3.156750e+01 -8.503106e+01 1.000000e+00
      vertex   3.154628e+01 -8.731233e+01 1.000000e+00
    endloop
  endfacet
  facet normal 1.887924e-09 4.925985e-09 1.000000e+00
    outer loop
      vertex   3.154628e+01 -8.731233e+01 1.000000e+00
      vertex   3.156750e+01 -8.503106e+01 1.000000e+00
      vertex   3.143154e+01 -8.547658e+01 1.000000e+00
    endloop
  endfacet
  facet normal 1.887923e-09 4.925985e-09 1.000000e+00
    outer loop
      vertex   3.154628e+01 -8.731233e+01 1.000000e+00
      vertex   3.143154e+01 -8.547658e+01 1.000000e+00
      vertex   3.141863e+01 -8.686436e+01 1.000000e+00
    endloop
  endfacet
  facet normal 1.887923e-09 4.925985e-09 1.000000e+00
    outer loop
      vertex   3.141863e+01 -8.686436e+01 1.000000e+00
      vertex   3.143154e+01 -8.547658e+01 1.000000e+00
      vertex   3.136066e+01 -8.593696e+01 1.000000e+00
    endloop
  endfacet
  facet normal 1.887918e-09 4.925984e-09 1.000000e+00
    outer loop
      vertex   3.141863e+01 -8.686436e+01 1.000000e+00
      vertex   3.136066e+01 -8.593696e+01 1.000000e+00
      vertex   3.135633e+01 -8.640274e+01 1.000000e+00
    endloop
  endfacet
  facet normal 1.887923e-09 4.925985e-09 1.000000e+00
    outer loop
      vertex   3.263911e+01 -8.879180e+01 1.000000e+00
      vertex   3.302977e+01 -8.904550e+01 1.000000e+00
      vertex   3.202222e+01 -8.422072e+01 1.000000e+00
    endloop
  endfacet
  facet normal 1.887922e-09 4.925985e-09 1.000000e+00
    outer loop
      vertex   3.202222e+01 -8.422072e+01 1.000000e+00
      vertex   3.302977e+01 -8.904550e+01 1.000000e+00
      vertex   3.345267e+01 -8.924075e+01 1.000000e+00
    endloop
  endfacet
  facet normal 1.887923e-09 4.925985e-09 1.000000e+00
    outer loop
      vertex   3.202222e+01 -8.422072e+01 1.000000e+00
      vertex   3.345267e+01 -8.924075e+01 1.000000e+00
      vertex   3.389915e+01 -8.937353e+01 1.000000e+00
    endloop
  endfacet
  facet normal 1.887923e-09 4.925985e-09 1.000000e+00
    outer loop
      vertex   3.389915e+01 -8.937353e+01 1.000000e+00
      vertex   3.436002e+01 -8.944113e+01 1.000000e+00
      vertex   3.202222e+01 -8.422072e+01 1.000000e+00
    endloop
  endfacet
  facet normal 1.887923e-09 4.925985e-09 1.000000e+00
    outer loop
      vertex   3.202222e+01 -8.422072e+01 1.000000e+00
      vertex   3.436002e+01 -8.944113e+01 1.000000e+00
      vertex   3.482582e+01 -8.944215e+01 1.000000e+00
    endloop
  endfacet
  facet normal 1.887923e-09 4.925985e-09 1.000000e+00
    outer loop
      vertex   3.202222e+01 -8.422072e+01 1.000000e+00
      vertex   3.482582e+01 -8.944215e+01 1.000000e+00
      vertex   3.528698e+01 -8.937657e+01 1.000000e+00
    endloop
  endfacet
  facet normal 1.887923e-09 4.925985e-09 1.000000e+00
    outer loop
      vertex   3.528698e+01 -8.937657e+01 1.000000e+00
      vertex   3.573403e+01 -8.924573e+01 1.000000e+00
      vertex   3.202222e+01 -8.422072e+01 1.000000e+00
    endloop
  endfacet
  facet normal 1.887923e-09 4.925985e-09 1.000000e+00
    outer loop
      vertex   3.202222e+01 -8.422072e+01 1.000000e+00
      vertex   3.573403e+01 -8.924573e+01 1.000000e+00
      vertex   3.615779e+01 -8.905233e+01 1.000000e+00
    endloop
  endfacet
  facet normal 1.887923e-09 4.925985e-09 1.000000e+00
    outer loop
      vertex   3.202222e+01 -8.422072e+01 1.000000e+00
      vertex   3.615779e+01 -8.905233e+01 1.000000e+00
      vertex   3.654954e+01 -8.880034e+01 1.000000e+00
    endloop
  endfacet
  facet normal 1.887923e-09 4.925985e-09 1.000000e+00
    outer loop
      vertex   3.654954e+01 -8.880034e+01 1.000000e+00
      vertex   3.690125e+01 -8.849494e+01 1.000000e+00
      vertex   3.202222e+01 -8.422072e+01 1.000000e+00
    endloop
  endfacet
  facet normal 1.887923e-09 4.925985e-09 1.000000e+00
    outer loop
      vertex   3.202222e+01 -8.422072e+01 1.000000e+00
      vertex   3.690125e+01 -8.849494e+01 1.000000e+00
      vertex   3.720569e+01 -8.814239e+01 1.000000e+00
    endloop
  endfacet
  facet normal 1.887923e-09 4.925985e-09 1.000000e+00
    outer loop
      vertex   3.202222e+01 -8.422072e+01 1.000000e+00
      vertex   3.720569e+01 -8.814239e+01 1.000000e+00
      vertex   3.745660e+01 -8.774995e+01 1.000000e+00
    endloop
  endfacet
  facet normal 1.887923e-09 4.925985e-09 1.000000e+00
    outer loop
      vertex   3.745660e+01 -8.774995e+01 1.000000e+00
      vertex   3.764883e+01 -8.732566e+01 1.000000e+00
      vertex   3.202222e+01 -8.422072e+01 1.000000e+00
    endloop
  endfacet
  facet normal 1.887923e-09 4.925985e-09 1.000000e+00
    outer loop
      vertex   3.202222e+01 -8.422072e+01 1.000000e+00
      vertex   3.764883e+01 -8.732566e+01 1.000000e+00
      vertex   3.777844e+01 -8.687825e+01 1.000000e+00
    endloop
  endfacet
  facet normal 1.887923e-09 4.925985e-09 1.000000e+00
    outer loop
      vertex   3.202222e+01 -8.422072e+01 1.000000e+00
      vertex   3.777844e+01 -8.687825e+01 1.000000e+00
      vertex   3.784275e+01 -8.641691e+01 1.000000e+00
    endloop
  endfacet
  facet normal 1.887923e-09 4.925985e-09 1.000000e+00
    outer loop
      vertex   3.784275e+01 -8.641691e+01 1.000000e+00
      vertex   3.784046e+01 -8.595112e+01 1.000000e+00
      vertex   3.202222e+01 -8.422072e+01 1.000000e+00
    endloop
  endfacet
  facet normal 1.887923e-09 4.925985e-09 1.000000e+00
    outer loop
      vertex   3.202222e+01 -8.422072e+01 1.000000e+00
      vertex   3.784046e+01 -8.595112e+01 1.000000e+00
      vertex   4.046616e+01 -8.428848e+01 1.000000e+00
    endloop
  endfacet
  facet normal 1.887923e-09 4.925983e-09 1.000000e+00
    outer loop
      vertex   3.202222e+01 -8.422072e+01 1.000000e+00
      vertex   4.046616e+01 -8.428848e+01 1.000000e+00
      vertex   4.055297e+01 -8.424829e+01 1.000000e+00
    endloop
  endfacet
  facet normal 1.887923e-09 4.925985e-09 1.000000e+00
    outer loop
      vertex   4.055297e+01 -8.424829e+01 1.000000e+00
      vertex   4.064723e+01 -8.423194e+01 1.000000e+00
      vertex   3.202222e+01 -8.422072e+01 1.000000e+00
    endloop
  endfacet
  facet normal 1.887924e-09 4.925985e-09 1.000000e+00
    outer loop
      vertex   4.074251e+01 -8.424054e+01 1.000000e+00
      vertex   3.899778e+01 -8.148519e+01 1.000000e+00
      vertex   4.064723e+01 -8.423194e+01 1.000000e+00
    endloop
  endfacet
  facet normal 1.887922e-09 4.925985e-09 1.000000e+00
    outer loop
      vertex   4.064723e+01 -8.423194e+01 1.000000e+00
      vertex   3.899778e+01 -8.148519e+01 1.000000e+00
      vertex   3.896482e+01 -8.157500e+01 1.000000e+00
    endloop
  endfacet
  facet normal 1.887925e-09 4.925986e-09 1.000000e+00
    outer loop
      vertex   4.064723e+01 -8.423194e+01 1.000000e+00
      vertex   3.896482e+01 -8.157500e+01 1.000000e+00
      vertex   3.890973e+01 -8.165321e+01 1.000000e+00
    endloop
  endfacet
  facet normal 1.887920e-09 4.925983e-09 1.000000e+00
    outer loop
      vertex   3.899778e+01 -8.148519e+01 1.000000e+00
      vertex   4.074251e+01 -8.424054e+01 1.000000e+00
      vertex   3.900638e+01 -8.138991e+01 1.000000e+00
    endloop
  endfacet
  facet normal 1.887922e-09 4.925985e-09 1.000000e+00
    outer loop
      vertex   3.900638e+01 -8.138991e+01 1.000000e+00
      vertex   4.074251e+01 -8.424054e+01 1.000000e+00
      vertex   4.083232e+01 -8.427350e+01 1.000000e+00
    endloop
  endfacet
  facet normal 1.887925e-09 4.925986e-09 1.000000e+00
    outer loop
      vertex   3.900638e+01 -8.138991e+01 1.000000e+00
      vertex   4.083232e+01 -8.427350e+01 1.000000e+00
      vertex   3.899003e+01 -8.129565e+01 1.000000e+00
    endloop
  endfacet
  facet normal 1.887925e-09 4.925986e-09 1.000000e+00
    outer loop
      vertex   3.899003e+01 -8.129565e+01 1.000000e+00
      vertex   4.083232e+01 -8.427350e+01 1.000000e+00
      vertex   4.091053e+01 -8.432859e+01 1.000000e+00
    endloop
  endfacet
  facet normal 2.702533e-09 5.441808e-09 1.000000e+00
    outer loop
      vertex   3.899003e+01 -8.129565e+01 1.000000e+00
      vertex   4.091053e+01 -8.432859e+01 1.000000e+00
      vertex   5.150056e+01 -6.300000e+01 1.000000e+00
    endloop
  endfacet
  facet normal 1.426078e-08 -2.970694e-10 1.000000e+00
    outer loop
      vertex   5.150056e+01 -6.300000e+01 1.000000e+00
      vertex   4.091053e+01 -8.432859e+01 1.000000e+00
      vertex   5.150056e+01 -8.850000e+01 1.000000e+00
    endloop
  endfacet
  facet normal 2.338327e-08 2.286235e-08 1.000000e+00
    outer loop
      vertex   5.150056e+01 -8.850000e+01 1.000000e+00
      vertex   4.091053e+01 -8.432859e+01 1.000000e+00
      vertex   4.097182e+01 -8.440204e+01 1.000000e+00
    endloop
  endfacet
  facet normal 1.959240e-08 1.312259e-08 1.000000e+00
    outer loop
      vertex   5.150056e+01 -8.850000e+01 1.000000e+00
      vertex   4.097182e+01 -8.440204e+01 1.000000e+00
      vertex   4.101202e+01 -8.448886e+01 1.000000e+00
    endloop
  endfacet
  facet normal 1.749318e-08 7.633439e-09 1.000000e+00
    outer loop
      vertex   4.101202e+01 -8.448886e+01 1.000000e+00
      vertex   4.102837e+01 -8.458312e+01 1.000000e+00
      vertex   5.150056e+01 -8.850000e+01 1.000000e+00
    endloop
  endfacet
  facet normal 1.600398e-08 3.651909e-09 1.000000e+00
    outer loop
      vertex   5.150056e+01 -8.850000e+01 1.000000e+00
      vertex   4.102837e+01 -8.458312e+01 1.000000e+00
      vertex   4.101977e+01 -8.467840e+01 1.000000e+00
    endloop
  endfacet
  facet normal 1.474732e-08 2.055069e-10 1.000000e+00
    outer loop
      vertex   5.150056e+01 -8.850000e+01 1.000000e+00
      vertex   4.101977e+01 -8.467840e+01 1.000000e+00
      vertex   4.098680e+01 -8.476820e+01 1.000000e+00
    endloop
  endfacet
  facet normal 1.414816e-08 -3.709004e-09 1.000000e+00
    outer loop
      vertex   4.093172e+01 -8.484642e+01 1.000000e+00
      vertex   4.959675e+01 -9.309619e+01 1.000000e+00
      vertex   4.098680e+01 -8.476820e+01 1.000000e+00
    endloop
  endfacet
  facet normal 9.710907e-09 -8.296484e-09 1.000000e+00
    outer loop
      vertex   4.098680e+01 -8.476820e+01 1.000000e+00
      vertex   4.959675e+01 -9.309619e+01 1.000000e+00
      vertex   5.002513e+01 -9.262356e+01 1.000000e+00
    endloop
  endfacet
  facet normal 1.052758e-08 -7.356819e-09 1.000000e+00
    outer loop
      vertex   4.098680e+01 -8.476820e+01 1.000000e+00
      vertex   5.002513e+01 -9.262356e+01 1.000000e+00
      vertex   5.040511e+01 -9.211121e+01 1.000000e+00
    endloop
  endfacet
  facet normal 1.381275e-08 -9.364999e-09 1.000000e+00
    outer loop
      vertex   4.085826e+01 -8.490771e+01 1.000000e+00
      vertex   4.500056e+01 -9.500000e+01 1.000000e+00
      vertex   4.093172e+01 -8.484642e+01 1.000000e+00
    endloop
  endfacet
  facet normal 1.049413e-09 -1.447965e-08 1.000000e+00
    outer loop
      vertex   4.093172e+01 -8.484642e+01 1.000000e+00
      vertex   4.500056e+01 -9.500000e+01 1.000000e+00
      vertex   4.563767e+01 -9.496870e+01 1.000000e+00
    endloop
  endfacet
  facet normal 2.412538e-09 -1.384592e-08 1.000000e+00
    outer loop
      vertex   4.093172e+01 -8.484642e+01 1.000000e+00
      vertex   4.563767e+01 -9.496870e+01 1.000000e+00
      vertex   4.626865e+01 -9.487510e+01 1.000000e+00
    endloop
  endfacet
  facet normal 1.887923e-09 4.925985e-09 1.000000e+00
    outer loop
      vertex   3.859758e+01 -8.633921e+01 1.000000e+00
      vertex   3.854768e+01 -8.684487e+01 1.000000e+00
      vertex   4.085826e+01 -8.490771e+01 1.000000e+00
    endloop
  endfacet
  facet normal 1.887923e-09 4.925985e-09 1.000000e+00
    outer loop
      vertex   4.085826e+01 -8.490771e+01 1.000000e+00
      vertex   3.854768e+01 -8.684487e+01 1.000000e+00
      vertex   3.843407e+01 -8.734013e+01 1.000000e+00
    endloop
  endfacet
  facet normal 1.887923e-09 4.925985e-09 1.000000e+00
    outer loop
      vertex   4.085826e+01 -8.490771e+01 1.000000e+00
      vertex   3.843407e+01 -8.734013e+01 1.000000e+00
      vertex   3.825860e+01 -8.781698e+01 1.000000e+00
    endloop
  endfacet
  facet normal 1.660047e-08 -8.220803e-09 1.000000e+00
    outer loop
      vertex   4.085826e+01 -8.490771e+01 1.000000e+00
      vertex   3.825860e+01 -8.781698e+01 1.000000e+00
      vertex   4.500056e+01 -9.500000e+01 1.000000e+00
    endloop
  endfacet
  facet normal 2.036556e-08 -4.686896e-09 1.000000e+00
    outer loop
      vertex   4.500056e+01 -9.500000e+01 1.000000e+00
      vertex   3.825860e+01 -8.781698e+01 1.000000e+00
      vertex   3.802409e+01 -8.826775e+01 1.000000e+00
    endloop
  endfacet
  facet normal 1.850805e-08 -6.611793e-09 1.000000e+00
    outer loop
      vertex   4.500056e+01 -9.500000e+01 1.000000e+00
      vertex   3.802409e+01 -8.826775e+01 1.000000e+00
      vertex   3.773433e+01 -8.868515e+01 1.000000e+00
    endloop
  endfacet
  facet normal 1.682526e-08 -8.548098e-09 1.000000e+00
    outer loop
      vertex   3.773433e+01 -8.868515e+01 1.000000e+00
      vertex   3.739400e+01 -8.906245e+01 1.000000e+00
      vertex   4.500056e+01 -9.500000e+01 1.000000e+00
    endloop
  endfacet
  facet normal 1.522471e-08 -1.059856e-08 1.000000e+00
    outer loop
      vertex   4.500056e+01 -9.500000e+01 1.000000e+00
      vertex   3.739400e+01 -8.906245e+01 1.000000e+00
      vertex   3.700857e+01 -8.939355e+01 1.000000e+00
    endloop
  endfacet
  facet normal 1.362246e-08 -1.288256e-08 1.000000e+00
    outer loop
      vertex   4.500056e+01 -9.500000e+01 1.000000e+00
      vertex   3.700857e+01 -8.939355e+01 1.000000e+00
      vertex   3.658428e+01 -8.967313e+01 1.000000e+00
    endloop
  endfacet
  facet normal 1.192533e-08 -1.556397e-08 1.000000e+00
    outer loop
      vertex   3.658428e+01 -8.967313e+01 1.000000e+00
      vertex   3.612798e+01 -8.989666e+01 1.000000e+00
      vertex   4.500056e+01 -9.500000e+01 1.000000e+00
    endloop
  endfacet
  facet normal 1.000633e-08 -1.890031e-08 1.000000e+00
    outer loop
      vertex   4.500056e+01 -9.500000e+01 1.000000e+00
      vertex   3.612798e+01 -8.989666e+01 1.000000e+00
      vertex   3.564701e+01 -9.006054e+01 1.000000e+00
    endloop
  endfacet
  facet normal 7.657197e-09 -2.334872e-08 1.000000e+00
    outer loop
      vertex   4.500056e+01 -9.500000e+01 1.000000e+00
      vertex   3.564701e+01 -9.006054e+01 1.000000e+00
      vertex   3.514915e+01 -9.016213e+01 1.000000e+00
    endloop
  endfacet
  facet normal 4.470884e-09 -2.983704e-08 1.000000e+00
    outer loop
      vertex   3.514915e+01 -9.016213e+01 1.000000e+00
      vertex   3.464243e+01 -9.019978e+01 1.000000e+00
      vertex   4.500056e+01 -9.500000e+01 1.000000e+00
    endloop
  endfacet
  facet normal 2.116260e-11 -3.943884e-08 1.000000e+00
    outer loop
      vertex   4.500056e+01 -9.500000e+01 1.000000e+00
      vertex   3.464243e+01 -9.019978e+01 1.000000e+00
      vertex   2.200056e+01 -9.500000e+01 1.000000e+00
    endloop
  endfacet
  facet normal -6.719103e-09 -2.168766e-08 1.000000e+00
    outer loop
      vertex   2.200056e+01 -9.500000e+01 1.000000e+00
      vertex   3.464243e+01 -9.019978e+01 1.000000e+00
      vertex   1.578045e+01 -9.038685e+01 1.000000e+00
    endloop
  endfacet
  facet normal 1.033679e-08 1.309543e-09 1.000000e+00
    outer loop
      vertex   2.200056e+01 -9.500000e+01 1.000000e+00
      vertex   1.578045e+01 -9.038685e+01 1.000000e+00
      vertex   2.136345e+01 -9.496870e+01 1.000000e+00
    endloop
  endfacet
  facet normal 1.033679e-08 1.309543e-09 1.000000e+00
    outer loop
      vertex   2.136345e+01 -9.496870e+01 1.000000e+00
      vertex   1.578045e+01 -9.038685e+01 1.000000e+00
      vertex   2.073247e+01 -9.487510e+01 1.000000e+00
    endloop
  endfacet
  facet normal 1.033679e-08 1.309543e-09 1.000000e+00
    outer loop
      vertex   2.073247e+01 -9.487510e+01 1.000000e+00
      vertex   1.578045e+01 -9.038685e+01 1.000000e+00
      vertex   2.011371e+01 -9.472011e+01 1.000000e+00
    endloop
  endfacet
  facet normal 1.033679e-08 1.309543e-09 1.000000e+00
    outer loop
      vertex   2.011371e+01 -9.472011e+01 1.000000e+00
      vertex   1.578045e+01 -9.038685e+01 1.000000e+00
      vertex   1.951312e+01 -9.450522e+01 1.000000e+00
    endloop
  endfacet
  facet normal 1.033679e-08 1.309544e-09 1.000000e+00
    outer loop
      vertex   1.951312e+01 -9.450522e+01 1.000000e+00
      vertex   1.578045e+01 -9.038685e+01 1.000000e+00
      vertex   1.893648e+01 -9.423249e+01 1.000000e+00
    endloop
  endfacet
  facet normal 1.033679e-08 1.309543e-09 1.000000e+00
    outer loop
      vertex   1.893648e+01 -9.423249e+01 1.000000e+00
      vertex   1.578045e+01 -9.038685e+01 1.000000e+00
      vertex   1.838935e+01 -9.390455e+01 1.000000e+00
    endloop
  endfacet
  facet normal 1.033679e-08 1.309543e-09 1.000000e+00
    outer loop
      vertex   1.838935e+01 -9.390455e+01 1.000000e+00
      vertex   1.578045e+01 -9.038685e+01 1.000000e+00
      vertex   1.787700e+01 -9.352457e+01 1.000000e+00
    endloop
  endfacet
  facet normal 1.033679e-08 1.309543e-09 1.000000e+00
    outer loop
      vertex   1.787700e+01 -9.352457e+01 1.000000e+00
      vertex   1.578045e+01 -9.038685e+01 1.000000e+00
      vertex   1.740437e+01 -9.309619e+01 1.000000e+00
    endloop
  endfacet
  facet normal 1.033679e-08 1.309544e-09 1.000000e+00
    outer loop
      vertex   1.740437e+01 -9.309619e+01 1.000000e+00
      vertex   1.578045e+01 -9.038685e+01 1.000000e+00
      vertex   1.697599e+01 -9.262356e+01 1.000000e+00
    endloop
  endfacet
  facet normal 1.033679e-08 1.309543e-09 1.000000e+00
    outer loop
      vertex   1.697599e+01 -9.262356e+01 1.000000e+00
      vertex   1.578045e+01 -9.038685e+01 1.000000e+00
      vertex   1.659601e+01 -9.211121e+01 1.000000e+00
    endloop
  endfacet
  facet normal 1.033679e-08 1.309543e-09 1.000000e+00
    outer loop
      vertex   1.659601e+01 -9.211121e+01 1.000000e+00
      vertex   1.578045e+01 -9.038685e+01 1.000000e+00
      vertex   1.626807e+01 -9.156408e+01 1.000000e+00
    endloop
  endfacet
  facet normal 1.033679e-08 1.309544e-09 1.000000e+00
    outer loop
      vertex   1.626807e+01 -9.156408e+01 1.000000e+00
      vertex   1.578045e+01 -9.038685e+01 1.000000e+00
      vertex   1.599534e+01 -9.098744e+01 1.000000e+00
    endloop
  endfacet
  facet normal -5.584663e-09 -1.360696e-07 1.000000e+00
    outer loop
      vertex   3.464243e+01 -9.019978e+01 1.000000e+00
      vertex   3.413503e+01 -9.017288e+01 1.000000e+00
      vertex   1.578045e+01 -9.038685e+01 1.000000e+00
    endloop
  endfacet
  facet normal -6.679638e-09 -4.213927e-08 1.000000e+00
    outer loop
      vertex   1.578045e+01 -9.038685e+01 1.000000e+00
      vertex   3.413503e+01 -9.017288e+01 1.000000e+00
      vertex   3.363513e+01 -9.008188e+01 1.000000e+00
    endloop
  endfacet
  facet normal -7.004716e-09 -2.310706e-08 1.000000e+00
    outer loop
      vertex   1.578045e+01 -9.038685e+01 1.000000e+00
      vertex   3.363513e+01 -9.008188e+01 1.000000e+00
      vertex   3.315079e+01 -8.992824e+01 1.000000e+00
    endloop
  endfacet
  facet normal -7.531188e-09 -3.166152e-09 1.000000e+00
    outer loop
      vertex   1.578045e+01 -9.038685e+01 1.000000e+00
      vertex   3.315079e+01 -8.992824e+01 1.000000e+00
      vertex   1.562546e+01 -8.976809e+01 1.000000e+00
    endloop
  endfacet
  facet normal -7.645062e-09 -1.562684e-08 1.000000e+00
    outer loop
      vertex   1.562546e+01 -8.976809e+01 1.000000e+00
      vertex   3.315079e+01 -8.992824e+01 1.000000e+00
      vertex   3.268984e+01 -8.971444e+01 1.000000e+00
    endloop
  endfacet
  facet normal -7.661937e-09 -1.025870e-08 1.000000e+00
    outer loop
      vertex   1.562546e+01 -8.976809e+01 1.000000e+00
      vertex   3.268984e+01 -8.971444e+01 1.000000e+00
      vertex   3.225972e+01 -8.944393e+01 1.000000e+00
    endloop
  endfacet
  facet normal -7.834841e-09 -1.385963e-09 1.000000e+00
    outer loop
      vertex   1.562546e+01 -8.976809e+01 1.000000e+00
      vertex   3.225972e+01 -8.944393e+01 1.000000e+00
      vertex   1.553186e+01 -8.913711e+01 1.000000e+00
    endloop
  endfacet
  facet normal -7.938095e-09 -7.015354e-09 1.000000e+00
    outer loop
      vertex   1.553186e+01 -8.913711e+01 1.000000e+00
      vertex   3.225972e+01 -8.944393e+01 1.000000e+00
      vertex   3.186736e+01 -8.912108e+01 1.000000e+00
    endloop
  endfacet
  facet normal -7.940735e-09 -4.325504e-09 1.000000e+00
    outer loop
      vertex   1.553186e+01 -8.913711e+01 1.000000e+00
      vertex   3.186736e+01 -8.912108e+01 1.000000e+00
      vertex   3.151909e+01 -8.875108e+01 1.000000e+00
    endloop
  endfacet
  facet normal -8.054982e-09 4.060131e-10 1.000000e+00
    outer loop
      vertex   1.553186e+01 -8.913711e+01 1.000000e+00
      vertex   3.151909e+01 -8.875108e+01 1.000000e+00
      vertex   1.550056e+01 -8.850000e+01 1.000000e+00
    endloop
  endfacet
  facet normal -8.097788e-09 -2.324852e-09 1.000000e+00
    outer loop
      vertex   1.550056e+01 -8.850000e+01 1.000000e+00
      vertex   3.151909e+01 -8.875108e+01 1.000000e+00
      vertex   3.122054e+01 -8.833993e+01 1.000000e+00
    endloop
  endfacet
  facet normal -8.115849e-09 -5.511590e-10 1.000000e+00
    outer loop
      vertex   1.550056e+01 -8.850000e+01 1.000000e+00
      vertex   3.122054e+01 -8.833993e+01 1.000000e+00
      vertex   3.097653e+01 -8.789424e+01 1.000000e+00
    endloop
  endfacet
  facet normal -8.175721e-09 9.784576e-10 1.000000e+00
    outer loop
      vertex   3.097653e+01 -8.789424e+01 1.000000e+00
      vertex   3.079098e+01 -8.742121e+01 1.000000e+00
      vertex   1.550056e+01 -8.850000e+01 1.000000e+00
    endloop
  endfacet
  facet normal -8.273688e-09 2.367011e-09 1.000000e+00
    outer loop
      vertex   1.550056e+01 -8.850000e+01 1.000000e+00
      vertex   3.079098e+01 -8.742121e+01 1.000000e+00
      vertex   3.066689e+01 -8.692848e+01 1.000000e+00
    endloop
  endfacet
  facet normal -8.410625e-09 3.688548e-09 1.000000e+00
    outer loop
      vertex   1.550056e+01 -8.850000e+01 1.000000e+00
      vertex   3.066689e+01 -8.692848e+01 1.000000e+00
      vertex   3.060628e+01 -8.642399e+01 1.000000e+00
    endloop
  endfacet
  facet normal -8.591536e-09 5.004915e-09 1.000000e+00
    outer loop
      vertex   3.060628e+01 -8.642399e+01 1.000000e+00
      vertex   3.061010e+01 -8.591588e+01 1.000000e+00
      vertex   1.550056e+01 -8.850000e+01 1.000000e+00
    endloop
  endfacet
  facet normal 1.887923e-09 4.925984e-09 1.000000e+00
    outer loop
      vertex   3.274300e+01 -8.265718e+01 1.000000e+00
      vertex   3.320712e+01 -8.245035e+01 1.000000e+00
      vertex   2.186741e+01 -8.340802e+01 1.000000e+00
    endloop
  endfacet
  facet normal 1.887923e-09 4.925986e-09 1.000000e+00
    outer loop
      vertex   2.186741e+01 -8.340802e+01 1.000000e+00
      vertex   3.320712e+01 -8.245035e+01 1.000000e+00
      vertex   3.369371e+01 -8.230402e+01 1.000000e+00
    endloop
  endfacet
  facet normal 1.887923e-09 4.925982e-09 1.000000e+00
    outer loop
      vertex   2.186741e+01 -8.340802e+01 1.000000e+00
      vertex   3.369371e+01 -8.230402e+01 1.000000e+00
      vertex   3.419492e+01 -8.222057e+01 1.000000e+00
    endloop
  endfacet
  facet normal 1.887923e-09 4.925984e-09 1.000000e+00
    outer loop
      vertex   3.470268e+01 -8.220132e+01 1.000000e+00
      vertex   3.520877e+01 -8.224660e+01 1.000000e+00
      vertex   3.844417e+01 -8.109528e+01 1.000000e+00
    endloop
  endfacet
  facet normal 1.887923e-09 4.925985e-09 1.000000e+00
    outer loop
      vertex   3.844417e+01 -8.109528e+01 1.000000e+00
      vertex   3.520877e+01 -8.224660e+01 1.000000e+00
      vertex   3.570504e+01 -8.235567e+01 1.000000e+00
    endloop
  endfacet
  facet normal 1.887923e-09 4.925985e-09 1.000000e+00
    outer loop
      vertex   3.844417e+01 -8.109528e+01 1.000000e+00
      vertex   3.570504e+01 -8.235567e+01 1.000000e+00
      vertex   3.618349e+01 -8.252678e+01 1.000000e+00
    endloop
  endfacet
  facet normal 1.980191e-09 5.948260e-09 1.000000e+00
    outer loop
      vertex   3.862524e+01 -8.103873e+01 1.000000e+00
      vertex   3.872052e+01 -8.104733e+01 1.000000e+00
      vertex   5.150056e+01 -6.300000e+01 1.000000e+00
    endloop
  endfacet
  facet normal 2.204798e-09 5.789207e-09 1.000000e+00
    outer loop
      vertex   5.150056e+01 -6.300000e+01 1.000000e+00
      vertex   3.872052e+01 -8.104733e+01 1.000000e+00
      vertex   3.881033e+01 -8.108030e+01 1.000000e+00
    endloop
  endfacet
  facet normal 2.399600e-09 5.652479e-09 1.000000e+00
    outer loop
      vertex   5.150056e+01 -6.300000e+01 1.000000e+00
      vertex   3.881033e+01 -8.108030e+01 1.000000e+00
      vertex   3.888855e+01 -8.113538e+01 1.000000e+00
    endloop
  endfacet
  facet normal 2.595390e-09 5.516319e-09 1.000000e+00
    outer loop
      vertex   3.888855e+01 -8.113538e+01 1.000000e+00
      vertex   3.894984e+01 -8.120884e+01 1.000000e+00
      vertex   5.150056e+01 -6.300000e+01 1.000000e+00
    endloop
  endfacet
  facet normal 2.823470e-09 5.359112e-09 1.000000e+00
    outer loop
      vertex   5.150056e+01 -6.300000e+01 1.000000e+00
      vertex   3.894984e+01 -8.120884e+01 1.000000e+00
      vertex   3.899003e+01 -8.129565e+01 1.000000e+00
    endloop
  endfacet
  facet normal 3.679282e-09 -1.317180e-08 1.000000e+00
    outer loop
      vertex   4.626865e+01 -9.487510e+01 1.000000e+00
      vertex   4.688741e+01 -9.472011e+01 1.000000e+00
      vertex   4.093172e+01 -8.484642e+01 1.000000e+00
    endloop
  endfacet
  facet normal 4.860277e-09 -1.245944e-08 1.000000e+00
    outer loop
      vertex   4.093172e+01 -8.484642e+01 1.000000e+00
      vertex   4.688741e+01 -9.472011e+01 1.000000e+00
      vertex   4.748800e+01 -9.450522e+01 1.000000e+00
    endloop
  endfacet
  facet normal 5.964516e-09 -1.170989e-08 1.000000e+00
    outer loop
      vertex   4.093172e+01 -8.484642e+01 1.000000e+00
      vertex   4.748800e+01 -9.450522e+01 1.000000e+00
      vertex   4.806464e+01 -9.423249e+01 1.000000e+00
    endloop
  endfacet
  facet normal 6.999589e-09 -1.092329e-08 1.000000e+00
    outer loop
      vertex   4.806464e+01 -9.423249e+01 1.000000e+00
      vertex   4.861177e+01 -9.390455e+01 1.000000e+00
      vertex   4.093172e+01 -8.484642e+01 1.000000e+00
    endloop
  endfacet
  facet normal 7.971865e-09 -1.009893e-08 1.000000e+00
    outer loop
      vertex   4.093172e+01 -8.484642e+01 1.000000e+00
      vertex   4.861177e+01 -9.390455e+01 1.000000e+00
      vertex   4.912412e+01 -9.352457e+01 1.000000e+00
    endloop
  endfacet
  facet normal 8.886649e-09 -9.235354e-09 1.000000e+00
    outer loop
      vertex   4.093172e+01 -8.484642e+01 1.000000e+00
      vertex   4.912412e+01 -9.352457e+01 1.000000e+00
      vertex   4.959675e+01 -9.309619e+01 1.000000e+00
    endloop
  endfacet
  facet normal 1.129865e-08 -6.367829e-09 1.000000e+00
    outer loop
      vertex   5.040511e+01 -9.211121e+01 1.000000e+00
      vertex   5.073305e+01 -9.156408e+01 1.000000e+00
      vertex   4.098680e+01 -8.476820e+01 1.000000e+00
    endloop
  endfacet
  facet normal 1.202585e-08 -5.324925e-09 1.000000e+00
    outer loop
      vertex   4.098680e+01 -8.476820e+01 1.000000e+00
      vertex   5.073305e+01 -9.156408e+01 1.000000e+00
      vertex   5.100578e+01 -9.098744e+01 1.000000e+00
    endloop
  endfacet
  facet normal 1.271010e-08 -4.222625e-09 1.000000e+00
    outer loop
      vertex   4.098680e+01 -8.476820e+01 1.000000e+00
      vertex   5.100578e+01 -9.098744e+01 1.000000e+00
      vertex   5.122067e+01 -9.038685e+01 1.000000e+00
    endloop
  endfacet
  facet normal 1.335147e-08 -3.054433e-09 1.000000e+00
    outer loop
      vertex   5.122067e+01 -9.038685e+01 1.000000e+00
      vertex   5.137566e+01 -8.976809e+01 1.000000e+00
      vertex   4.098680e+01 -8.476820e+01 1.000000e+00
    endloop
  endfacet
  facet normal 1.394908e-08 -1.812706e-09 1.000000e+00
    outer loop
      vertex   4.098680e+01 -8.476820e+01 1.000000e+00
      vertex   5.137566e+01 -8.976809e+01 1.000000e+00
      vertex   5.146926e+01 -8.913711e+01 1.000000e+00
    endloop
  endfacet
  facet normal 1.450099e-08 -4.884715e-10 1.000000e+00
    outer loop
      vertex   4.098680e+01 -8.476820e+01 1.000000e+00
      vertex   5.146926e+01 -8.913711e+01 1.000000e+00
      vertex   5.150056e+01 -8.850000e+01 1.000000e+00
    endloop
  endfacet
  facet normal -1.412867e-08 -3.386015e-09 1.000000e+00
    outer loop
      vertex   2.200056e+01 -5.650000e+01 1.000000e+00
      vertex   2.136345e+01 -5.653130e+01 1.000000e+00
      vertex   1.550056e+01 -6.300000e+01 9.999999e-01
    endloop
  endfacet
  facet normal -1.412867e-08 -3.386015e-09 1.000000e+00
    outer loop
      vertex   1.550056e+01 -6.300000e+01 9.999999e-01
      vertex   2.136345e+01 -5.653130e+01 1.000000e+00
      vertex   2.073247e+01 -5.662490e+01 1.000000e+00
    endloop
  endfacet
  facet normal -1.412867e-08 -3.386015e-09 1.000000e+00
    outer loop
      vertex   1.550056e+01 -6.300000e+01 9.999999e-01
      vertex   2.073247e+01 -5.662490e+01 1.000000e+00
      vertex   2.011371e+01 -5.677989e+01 1.000000e+00
    endloop
  endfacet
  facet normal -1.412867e-08 -3.386015e-09 1.000000e+00
    outer loop
      vertex   2.011371e+01 -5.677989e+01 1.000000e+00
      vertex   1.951312e+01 -5.699478e+01 1.000000e+00
      vertex   1.550056e+01 -6.300000e+01 9.999999e-01
    endloop
  endfacet
  facet normal -1.412867e-08 -3.386015e-09 1.000000e+00
    outer loop
      vertex   1.550056e+01 -6.300000e+01 9.999999e-01
      vertex   1.951312e+01 -5.699478e+01 1.000000e+00
      vertex   1.893648e+01 -5.726751e+01 1.000000e+00
    endloop
  endfacet
  facet normal -1.412867e-08 -3.386015e-09 1.000000e+00
    outer loop
      vertex   1.550056e+01 -6.300000e+01 9.999999e-01
      vertex   1.893648e+01 -5.726751e+01 1.000000e+00
      vertex   1.838935e+01 -5.759545e+01 1.000000e+00
    endloop
  endfacet
  facet normal -1.412867e-08 -3.386015e-09 1.000000e+00
    outer loop
      vertex   1.838935e+01 -5.759545e+01 1.000000e+00
      vertex   1.787700e+01 -5.797543e+01 1.000000e+00
      vertex   1.550056e+01 -6.300000e+01 9.999999e-01
    endloop
  endfacet
  facet normal -1.412867e-08 -3.386015e-09 1.000000e+00
    outer loop
      vertex   1.550056e+01 -6.300000e+01 9.999999e-01
      vertex   1.787700e+01 -5.797543e+01 1.000000e+00
      vertex   1.740436e+01 -5.840381e+01 1.000000e+00
    endloop
  endfacet
  facet normal -1.412867e-08 -3.386015e-09 1.000000e+00
    outer loop
      vertex   1.550056e+01 -6.300000e+01 9.999999e-01
      vertex   1.740436e+01 -5.840381e+01 1.000000e+00
      vertex   1.697599e+01 -5.887644e+01 1.000000e+00
    endloop
  endfacet
  facet normal -1.412867e-08 -3.386015e-09 1.000000e+00
    outer loop
      vertex   1.697599e+01 -5.887644e+01 1.000000e+00
      vertex   1.659601e+01 -5.938879e+01 1.000000e+00
      vertex   1.550056e+01 -6.300000e+01 9.999999e-01
    endloop
  endfacet
  facet normal -1.412867e-08 -3.386015e-09 1.000000e+00
    outer loop
      vertex   1.550056e+01 -6.300000e+01 9.999999e-01
      vertex   1.659601e+01 -5.938879e+01 1.000000e+00
      vertex   1.626807e+01 -5.993592e+01 1.000000e+00
    endloop
  endfacet
  facet normal -1.412867e-08 -3.386015e-09 1.000000e+00
    outer loop
      vertex   1.550056e+01 -6.300000e+01 9.999999e-01
      vertex   1.626807e+01 -5.993592e+01 1.000000e+00
      vertex   1.599534e+01 -6.051256e+01 9.999999e-01
    endloop
  endfacet
  facet normal -1.412867e-08 -3.386015e-09 1.000000e+00
    outer loop
      vertex   1.599534e+01 -6.051256e+01 9.999999e-01
      vertex   1.578045e+01 -6.111315e+01 9.999999e-01
      vertex   1.550056e+01 -6.300000e+01 9.999999e-01
    endloop
  endfacet
  facet normal -1.412867e-08 -3.386015e-09 1.000000e+00
    outer loop
      vertex   1.550056e+01 -6.300000e+01 9.999999e-01
      vertex   1.578045e+01 -6.111315e+01 9.999999e-01
      vertex   1.562545e+01 -6.173191e+01 9.999999e-01
    endloop
  endfacet
  facet normal -1.412867e-08 -3.386015e-09 1.000000e+00
    outer loop
      vertex   1.550056e+01 -6.300000e+01 9.999999e-01
      vertex   1.562545e+01 -6.173191e+01 9.999999e-01
      vertex   1.553186e+01 -6.236289e+01 9.999999e-01
    endloop
  endfacet
  facet normal -7.240594e-17 1.443304e-07 -1.000000e+00
    outer loop
      vertex   2.200056e+01 -9.150000e+01 1.110223e-15
      vertex   3.464243e+01 -9.019978e+01 1.876618e-07
      vertex   4.500056e+01 -9.150000e+01 -5.551115e-16
    endloop
  endfacet
  facet normal -8.152398e-09 7.938501e-08 -1.000000e+00
    outer loop
      vertex   4.500056e+01 -9.150000e+01 -5.551115e-16
      vertex   3.464243e+01 -9.019978e+01 1.876618e-07
      vertex   3.514915e+01 -9.016213e+01 1.865197e-07
    endloop
  endfacet
  facet normal -1.252354e-08 4.719823e-08 -1.000000e+00
    outer loop
      vertex   4.500056e+01 -9.150000e+01 -5.551115e-16
      vertex   3.514915e+01 -9.016213e+01 1.865197e-07
      vertex   3.564701e+01 -9.006054e+01 1.850794e-07
    endloop
  endfacet
  facet normal -5.105190e-07 2.049872e-08 -1.000000e+00
    outer loop
      vertex   2.157361e+01 -9.146946e+01 2.185892e-07
      vertex   2.186741e+01 -8.559198e+01 1.890822e-07
      vertex   2.200056e+01 -9.150000e+01 1.110223e-15
    endloop
  endfacet
  facet normal -1.887923e-09 3.196178e-08 -1.000000e+00
    outer loop
      vertex   2.200056e+01 -9.150000e+01 1.110223e-15
      vertex   2.186741e+01 -8.559198e+01 1.890822e-07
      vertex   2.213259e+01 -8.559198e+01 1.885815e-07
    endloop
  endfacet
  facet normal -1.103030e-08 3.216610e-08 -1.000000e+00
    outer loop
      vertex   2.200056e+01 -9.150000e+01 1.110223e-15
      vertex   2.213259e+01 -8.559198e+01 1.885815e-07
      vertex   2.239007e+01 -8.552852e+01 1.877828e-07
    endloop
  endfacet
  facet normal -1.887923e-09 -4.925985e-09 -1.000000e+00
    outer loop
      vertex   2.157361e+01 -9.146946e+01 2.185892e-07
      vertex   2.115536e+01 -9.137848e+01 2.189307e-07
      vertex   2.186741e+01 -8.559198e+01 1.890822e-07
    endloop
  endfacet
  facet normal -1.887923e-09 -4.925985e-09 -1.000000e+00
    outer loop
      vertex   2.186741e+01 -8.559198e+01 1.890822e-07
      vertex   2.115536e+01 -9.137848e+01 2.189307e-07
      vertex   2.075431e+01 -9.122890e+01 2.189510e-07
    endloop
  endfacet
  facet normal -1.887923e-09 -4.925985e-09 -1.000000e+00
    outer loop
      vertex   2.186741e+01 -8.559198e+01 1.890822e-07
      vertex   2.075431e+01 -9.122890e+01 2.189510e-07
      vertex   2.037864e+01 -9.102376e+01 2.186497e-07
    endloop
  endfacet
  facet normal -1.887923e-09 -4.925985e-09 -1.000000e+00
    outer loop
      vertex   2.037864e+01 -9.102376e+01 2.186497e-07
      vertex   2.003598e+01 -9.076725e+01 2.180331e-07
      vertex   2.186741e+01 -8.559198e+01 1.890822e-07
    endloop
  endfacet
  facet normal -1.887923e-09 -4.925985e-09 -1.000000e+00
    outer loop
      vertex   2.186741e+01 -8.559198e+01 1.890822e-07
      vertex   2.003598e+01 -9.076725e+01 2.180331e-07
      vertex   1.973331e+01 -9.046458e+01 2.171135e-07
    endloop
  endfacet
  facet normal -1.887923e-09 -4.925985e-09 -1.000000e+00
    outer loop
      vertex   2.186741e+01 -8.559198e+01 1.890822e-07
      vertex   1.973331e+01 -9.046458e+01 2.171135e-07
      vertex   1.947680e+01 -9.012192e+01 2.159099e-07
    endloop
  endfacet
  facet normal -1.887923e-09 -4.925985e-09 -1.000000e+00
    outer loop
      vertex   1.947680e+01 -9.012192e+01 2.159099e-07
      vertex   1.927166e+01 -8.974625e+01 2.144466e-07
      vertex   2.186741e+01 -8.559198e+01 1.890822e-07
    endloop
  endfacet
  facet normal -1.887923e-09 -4.925985e-09 -1.000000e+00
    outer loop
      vertex   2.186741e+01 -8.559198e+01 1.890822e-07
      vertex   1.927166e+01 -8.974625e+01 2.144466e-07
      vertex   1.912208e+01 -8.934520e+01 2.127534e-07
    endloop
  endfacet
  facet normal -1.887923e-09 -4.925985e-09 -1.000000e+00
    outer loop
      vertex   2.186741e+01 -8.559198e+01 1.890822e-07
      vertex   1.912208e+01 -8.934520e+01 2.127534e-07
      vertex   1.903110e+01 -8.892694e+01 2.108649e-07
    endloop
  endfacet
  facet normal 5.285914e-07 -4.560874e-07 -1.000000e+00
    outer loop
      vertex   1.903110e+01 -8.892694e+01 2.108649e-07
      vertex   1.900056e+01 -8.850000e+01 1.110223e-15
      vertex   2.186741e+01 -8.559198e+01 1.890822e-07
    endloop
  endfacet
  facet normal 1.235124e-08 5.284458e-08 -1.000000e+00
    outer loop
      vertex   2.186741e+01 -8.559198e+01 1.890822e-07
      vertex   1.900056e+01 -8.850000e+01 1.110223e-15
      vertex   2.160993e+01 -8.552852e+01 1.892557e-07
    endloop
  endfacet
  facet normal 2.335908e-08 4.317816e-08 -1.000000e+00
    outer loop
      vertex   2.160993e+01 -8.552852e+01 1.892557e-07
      vertex   1.900056e+01 -8.850000e+01 1.110223e-15
      vertex   2.137513e+01 -8.540528e+01 1.890919e-07
    endloop
  endfacet
  facet normal 3.369954e-08 3.524395e-08 -1.000000e+00
    outer loop
      vertex   2.137513e+01 -8.540528e+01 1.890919e-07
      vertex   1.900056e+01 -8.850000e+01 1.110223e-15
      vertex   2.117664e+01 -8.522944e+01 1.886004e-07
    endloop
  endfacet
  facet normal 4.521153e-08 2.758442e-08 -1.000000e+00
    outer loop
      vertex   2.117664e+01 -8.522944e+01 1.886004e-07
      vertex   1.900056e+01 -8.850000e+01 1.110223e-15
      vertex   2.102600e+01 -8.501120e+01 1.878098e-07
    endloop
  endfacet
  facet normal 6.047291e-08 1.872436e-08 -1.000000e+00
    outer loop
      vertex   2.102600e+01 -8.501120e+01 1.878098e-07
      vertex   1.900056e+01 -8.850000e+01 1.110223e-15
      vertex   2.093196e+01 -8.476325e+01 1.867659e-07
    endloop
  endfacet
  facet normal 1.189821e-06 -5.649986e-07 -1.000000e+00
    outer loop
      vertex   2.093196e+01 -8.476325e+01 1.867659e-07
      vertex   1.900056e+01 -8.850000e+01 1.110223e-15
      vertex   2.090000e+01 -8.450000e+01 0.000000e+00
    endloop
  endfacet
  facet normal -1.979461e-06 9.399671e-07 -1.000000e+00
    outer loop
      vertex   2.090000e+01 -8.450000e+01 0.000000e+00
      vertex   1.900056e+01 -8.850000e+01 1.110223e-15
      vertex   2.093196e+01 -8.423675e+01 1.841724e-07
    endloop
  endfacet
  facet normal 9.535673e-08 -6.530730e-17 -1.000000e+00
    outer loop
      vertex   2.093196e+01 -8.423675e+01 1.841724e-07
      vertex   1.900056e+01 -8.850000e+01 1.110223e-15
      vertex   1.900056e+01 -6.300000e+01 -5.551115e-16
    endloop
  endfacet
  facet normal 6.444889e-09 -8.086203e-09 -1.000000e+00
    outer loop
      vertex   2.093196e+01 -8.423675e+01 1.841724e-07
      vertex   1.900056e+01 -6.300000e+01 -5.551115e-16
      vertex   2.102600e+01 -8.398881e+01 1.827735e-07
    endloop
  endfacet
  facet normal 3.150955e-09 -8.404071e-09 -1.000000e+00
    outer loop
      vertex   2.102600e+01 -8.398881e+01 1.827735e-07
      vertex   1.900056e+01 -6.300000e+01 -5.551115e-16
      vertex   2.117664e+01 -8.377057e+01 1.814140e-07
    endloop
  endfacet
  facet normal 1.359654e-09 -8.591741e-09 -1.000000e+00
    outer loop
      vertex   2.117664e+01 -8.377057e+01 1.814140e-07
      vertex   1.900056e+01 -6.300000e+01 -5.551115e-16
      vertex   2.137513e+01 -8.359472e+01 1.801731e-07
    endloop
  endfacet
  facet normal 1.115427e-10 -8.735648e-09 -1.000000e+00
    outer loop
      vertex   2.137513e+01 -8.359472e+01 1.801731e-07
      vertex   1.900056e+01 -6.300000e+01 -5.551115e-16
      vertex   2.160993e+01 -8.347148e+01 1.791227e-07
    endloop
  endfacet
  facet normal -9.166232e-10 -8.866702e-09 -1.000000e+00
    outer loop
      vertex   2.160993e+01 -8.347148e+01 1.791227e-07
      vertex   1.900056e+01 -6.300000e+01 -5.551115e-16
      vertex   2.186741e+01 -8.340802e+01 1.783240e-07
    endloop
  endfacet
  facet normal -1.887923e-09 -9.003147e-09 -1.000000e+00
    outer loop
      vertex   2.186741e+01 -8.340802e+01 1.783240e-07
      vertex   1.900056e+01 -6.300000e+01 -5.551115e-16
      vertex   2.213259e+01 -8.340802e+01 1.778234e-07
    endloop
  endfacet
  facet normal -2.932361e-09 -9.163438e-09 -1.000000e+00
    outer loop
      vertex   2.213259e+01 -8.340802e+01 1.778234e-07
      vertex   1.900056e+01 -6.300000e+01 -5.551115e-16
      vertex   2.239007e+01 -8.347148e+01 1.776499e-07
    endloop
  endfacet
  facet normal -1.664475e-09 -8.953511e-09 -1.000000e+00
    outer loop
      vertex   2.239007e+01 -8.347148e+01 1.776499e-07
      vertex   1.900056e+01 -6.300000e+01 -5.551115e-16
      vertex   3.230885e+01 -8.292119e+01 1.562132e-07
    endloop
  endfacet
  facet normal -1.887923e-09 -4.925985e-09 -1.000000e+00
    outer loop
      vertex   2.239007e+01 -8.347148e+01 1.776499e-07
      vertex   3.230885e+01 -8.292119e+01 1.562132e-07
      vertex   2.262487e+01 -8.359472e+01 1.778137e-07
    endloop
  endfacet
  facet normal -1.887923e-09 -4.925985e-09 -1.000000e+00
    outer loop
      vertex   2.262487e+01 -8.359472e+01 1.778137e-07
      vertex   3.230885e+01 -8.292119e+01 1.562132e-07
      vertex   3.191167e+01 -8.323810e+01 1.585242e-07
    endloop
  endfacet
  facet normal -1.887923e-09 -4.925985e-09 -1.000000e+00
    outer loop
      vertex   2.262487e+01 -8.359472e+01 1.778137e-07
      vertex   3.191167e+01 -8.323810e+01 1.585242e-07
      vertex   2.282336e+01 -8.377057e+01 1.783051e-07
    endloop
  endfacet
  facet normal -1.887923e-09 -4.925985e-09 -1.000000e+00
    outer loop
      vertex   2.282336e+01 -8.377057e+01 1.783051e-07
      vertex   3.191167e+01 -8.323810e+01 1.585242e-07
      vertex   3.155787e+01 -8.360280e+01 1.609887e-07
    endloop
  endfacet
  facet normal -1.887923e-09 -4.925985e-09 -1.000000e+00
    outer loop
      vertex   2.282336e+01 -8.377057e+01 1.783051e-07
      vertex   3.155787e+01 -8.360280e+01 1.609887e-07
      vertex   3.125316e+01 -8.400942e+01 1.635669e-07
    endloop
  endfacet
  facet normal -1.336282e-06 2.853891e-07 -1.000000e+00
    outer loop
      vertex   1.903110e+01 -6.257301e+01 8.104578e-08
      vertex   1.912211e+01 -6.215470e+01 7.881342e-08
      vertex   1.900056e+01 -6.300000e+01 -5.551115e-16
    endloop
  endfacet
  facet normal -4.312983e-07 1.552565e-07 -1.000000e+00
    outer loop
      vertex   1.900056e+01 -6.300000e+01 -5.551115e-16
      vertex   1.912211e+01 -6.215470e+01 7.881342e-08
      vertex   1.927173e+01 -6.175362e+01 7.655520e-08
    endloop
  endfacet
  facet normal -2.050763e-07 1.060389e-07 -1.000000e+00
    outer loop
      vertex   1.900056e+01 -6.300000e+01 -5.551115e-16
      vertex   1.927173e+01 -6.175362e+01 7.655520e-08
      vertex   1.947691e+01 -6.137791e+01 7.431709e-08
    endloop
  endfacet
  facet normal -1.146148e-07 7.947368e-08 -1.000000e+00
    outer loop
      vertex   1.947691e+01 -6.137791e+01 7.431709e-08
      vertex   1.973348e+01 -6.103523e+01 7.214467e-08
      vertex   1.900056e+01 -6.300000e+01 -5.551115e-16
    endloop
  endfacet
  facet normal -6.941369e-08 6.261237e-08 -1.000000e+00
    outer loop
      vertex   1.900056e+01 -6.300000e+01 -5.551115e-16
      vertex   1.973348e+01 -6.103523e+01 7.214467e-08
      vertex   2.003621e+01 -6.073255e+01 7.008217e-08
    endloop
  endfacet
  facet normal -4.361643e-08 5.082957e-08 -1.000000e+00
    outer loop
      vertex   1.900056e+01 -6.300000e+01 -5.551115e-16
      vertex   2.003621e+01 -6.073255e+01 7.008217e-08
      vertex   2.037894e+01 -6.047605e+01 6.817159e-08
    endloop
  endfacet
  facet normal -2.752713e-08 4.204292e-08 -1.000000e+00
    outer loop
      vertex   2.037894e+01 -6.047605e+01 6.817159e-08
      vertex   2.075468e+01 -6.027094e+01 6.645182e-08
      vertex   1.900056e+01 -6.300000e+01 -5.551115e-16
    endloop
  endfacet
  facet normal -1.683704e-08 3.517178e-08 -1.000000e+00
    outer loop
      vertex   1.900056e+01 -6.300000e+01 -5.551115e-16
      vertex   2.075468e+01 -6.027094e+01 6.645182e-08
      vertex   2.115580e+01 -6.012139e+01 6.495790e-08
    endloop
  endfacet
  facet normal -9.392298e-09 2.959784e-08 -1.000000e+00
    outer loop
      vertex   1.900056e+01 -6.300000e+01 -5.551115e-16
      vertex   2.115580e+01 -6.012139e+01 6.495790e-08
      vertex   2.157412e+01 -6.003046e+01 6.372024e-08
    endloop
  endfacet
  facet normal -1.606940e-07 1.607239e-07 -1.000000e+00
    outer loop
      vertex   2.157412e+01 -6.003046e+01 6.372024e-08
      vertex   2.200112e+01 -6.000000e+01 -5.551115e-16
      vertex   1.900056e+01 -6.300000e+01 -5.551115e-16
    endloop
  endfacet
  facet normal 4.613113e-09 -4.613973e-09 -1.000000e+00
    outer loop
      vertex   1.900056e+01 -6.300000e+01 -5.551115e-16
      vertex   2.200112e+01 -6.000000e+01 -5.551115e-16
      vertex   3.274300e+01 -8.265718e+01 1.540931e-07
    endloop
  endfacet
  facet normal -8.177507e-11 -7.896193e-09 -1.000000e+00
    outer loop
      vertex   1.900056e+01 -6.300000e+01 -5.551115e-16
      vertex   3.274300e+01 -8.265718e+01 1.540931e-07
      vertex   3.230885e+01 -8.292119e+01 1.562132e-07
    endloop
  endfacet
  facet normal 4.827292e-17 -6.424764e-09 -1.000000e+00
    outer loop
      vertex   4.500000e+01 -6.000000e+01 5.551115e-16
      vertex   3.853099e+01 -8.105508e+01 1.352739e-07
      vertex   2.200112e+01 -6.000000e+01 -5.551115e-16
    endloop
  endfacet
  facet normal 1.145006e-06 8.924934e-07 -1.000000e+00
    outer loop
      vertex   2.200112e+01 -6.000000e+01 -5.551115e-16
      vertex   3.853099e+01 -8.105508e+01 1.352739e-07
      vertex   3.844417e+01 -8.109528e+01 0.000000e+00
    endloop
  endfacet
  facet normal -2.910464e-08 -2.268608e-08 -1.000000e+00
    outer loop
      vertex   2.200112e+01 -6.000000e+01 -5.551115e-16
      vertex   3.844417e+01 -8.109528e+01 0.000000e+00
      vertex   3.419492e+01 -8.222057e+01 1.492012e-07
    endloop
  endfacet
  facet normal 3.443924e-09 -1.455940e-07 -1.000000e+00
    outer loop
      vertex   3.419492e+01 -8.222057e+01 1.492012e-07
      vertex   3.844417e+01 -8.109528e+01 0.000000e+00
      vertex   3.470268e+01 -8.220132e+01 1.481478e-07
    endloop
  endfacet
  facet normal -1.031036e-08 -9.906633e-08 -1.000000e+00
    outer loop
      vertex   3.470268e+01 -8.220132e+01 1.481478e-07
      vertex   3.844417e+01 -8.109528e+01 0.000000e+00
      vertex   3.520877e+01 -8.224660e+01 1.474154e-07
    endloop
  endfacet
  facet normal -1.789436e-08 -7.775407e-08 -1.000000e+00
    outer loop
      vertex   3.520877e+01 -8.224660e+01 1.474154e-07
      vertex   3.844417e+01 -8.109528e+01 0.000000e+00
      vertex   3.570504e+01 -8.235567e+01 1.470158e-07
    endloop
  endfacet
  facet normal -1.963720e-07 3.101187e-07 -1.000000e+00
    outer loop
      vertex   3.570504e+01 -8.235567e+01 1.470158e-07
      vertex   3.844417e+01 -8.109528e+01 0.000000e+00
      vertex   3.618349e+01 -8.252678e+01 0.000000e+00
    endloop
  endfacet
  facet normal 4.709380e-08 4.705172e-08 -1.000000e+00
    outer loop
      vertex   4.542729e+01 -6.003051e+01 1.868749e-08
      vertex   4.800056e+01 -6.300324e+01 5.551115e-16
      vertex   4.500000e+01 -6.000000e+01 5.551115e-16
    endloop
  endfacet
  facet normal -4.928526e-09 -4.924122e-09 -1.000000e+00
    outer loop
      vertex   4.500000e+01 -6.000000e+01 5.551115e-16
      vertex   4.800056e+01 -6.300324e+01 5.551115e-16
      vertex   3.862524e+01 -8.103873e+01 1.350154e-07
    endloop
  endfacet
  facet normal -1.719552e-09 -5.896445e-09 -1.000000e+00
    outer loop
      vertex   4.500000e+01 -6.000000e+01 5.551115e-16
      vertex   3.862524e+01 -8.103873e+01 1.350154e-07
      vertex   3.853099e+01 -8.105508e+01 1.352739e-07
    endloop
  endfacet
  facet normal 6.788133e-10 6.873889e-09 -1.000000e+00
    outer loop
      vertex   4.542729e+01 -6.003051e+01 1.868749e-08
      vertex   4.584588e+01 -6.012156e+01 1.834575e-08
      vertex   4.800056e+01 -6.300324e+01 5.551115e-16
    endloop
  endfacet
  facet normal 3.224826e-09 8.777578e-09 -1.000000e+00
    outer loop
      vertex   4.800056e+01 -6.300324e+01 5.551115e-16
      vertex   4.584588e+01 -6.012156e+01 1.834575e-08
      vertex   4.624724e+01 -6.027130e+01 1.832566e-08
    endloop
  endfacet
  facet normal 6.880350e-09 1.112364e-08 -1.000000e+00
    outer loop
      vertex   4.800056e+01 -6.300324e+01 5.551115e-16
      vertex   4.624724e+01 -6.027130e+01 1.832566e-08
      vertex   4.662317e+01 -6.047668e+01 1.862763e-08
    endloop
  endfacet
  facet normal 1.238163e-08 1.412273e-08 -1.000000e+00
    outer loop
      vertex   4.662317e+01 -6.047668e+01 1.862763e-08
      vertex   4.696602e+01 -6.073352e+01 1.924551e-08
      vertex   4.800056e+01 -6.300324e+01 5.551115e-16
    endloop
  endfacet
  facet normal 2.120149e-08 1.814280e-08 -1.000000e+00
    outer loop
      vertex   4.800056e+01 -6.300324e+01 5.551115e-16
      vertex   4.696602e+01 -6.073352e+01 1.924551e-08
      vertex   4.726880e+01 -6.103656e+01 2.016669e-08
    endloop
  endfacet
  facet normal 3.665399e-08 2.389234e-08 -1.000000e+00
    outer loop
      vertex   4.800056e+01 -6.300324e+01 5.551115e-16
      vertex   4.726880e+01 -6.103656e+01 2.016669e-08
      vertex   4.752532e+01 -6.137964e+01 2.137240e-08
    endloop
  endfacet
  facet normal 6.757671e-08 3.294352e-08 -1.000000e+00
    outer loop
      vertex   4.752532e+01 -6.137964e+01 2.137240e-08
      vertex   4.773037e+01 -6.175576e+01 2.283804e-08
      vertex   4.800056e+01 -6.300324e+01 5.551115e-16
    endloop
  endfacet
  facet normal 1.449005e-07 4.969079e-08 -1.000000e+00
    outer loop
      vertex   4.800056e+01 -6.300324e+01 5.551115e-16
      vertex   4.773037e+01 -6.175576e+01 2.283804e-08
      vertex   4.787976e+01 -6.215725e+01 2.453374e-08
    endloop
  endfacet
  facet normal 4.542037e-07 9.385719e-08 -1.000000e+00
    outer loop
      vertex   4.800056e+01 -6.300324e+01 5.551115e-16
      vertex   4.787976e+01 -6.215725e+01 2.453374e-08
      vertex   4.797043e+01 -6.257592e+01 2.642492e-08
    endloop
  endfacet
  facet normal -2.093591e-08 2.175107e-17 -1.000000e+00
    outer loop
      vertex   4.800056e+01 -8.849676e+01 5.997407e-19
      vertex   4.097182e+01 -8.440204e+01 1.471529e-07
      vertex   4.800056e+01 -6.300324e+01 5.551115e-16
    endloop
  endfacet
  facet normal -3.032128e-09 -5.880744e-09 -1.000000e+00
    outer loop
      vertex   4.800056e+01 -6.300324e+01 5.551115e-16
      vertex   4.097182e+01 -8.440204e+01 1.471529e-07
      vertex   4.091053e+01 -8.432859e+01 1.469068e-07
    endloop
  endfacet
  facet normal -3.270540e-09 -5.801479e-09 -1.000000e+00
    outer loop
      vertex   4.800056e+01 -6.300324e+01 5.551115e-16
      vertex   4.091053e+01 -8.432859e+01 1.469068e-07
      vertex   3.899003e+01 -8.129565e+01 1.355923e-07
    endloop
  endfacet
  facet normal -1.887923e-09 -4.925985e-09 -1.000000e+00
    outer loop
      vertex   3.899003e+01 -8.129565e+01 1.355923e-07
      vertex   4.091053e+01 -8.432859e+01 1.469068e-07
      vertex   4.083232e+01 -8.427350e+01 1.467831e-07
    endloop
  endfacet
  facet normal -1.887923e-09 -4.925985e-09 -1.000000e+00
    outer loop
      vertex   3.899003e+01 -8.129565e+01 1.355923e-07
      vertex   4.083232e+01 -8.427350e+01 1.467831e-07
      vertex   3.900638e+01 -8.138991e+01 1.360258e-07
    endloop
  endfacet
  facet normal -1.887923e-09 -4.925985e-09 -1.000000e+00
    outer loop
      vertex   3.900638e+01 -8.138991e+01 1.360258e-07
      vertex   4.083232e+01 -8.427350e+01 1.467831e-07
      vertex   4.074251e+01 -8.424054e+01 1.467902e-07
    endloop
  endfacet
  facet normal -1.887923e-09 -4.925985e-09 -1.000000e+00
    outer loop
      vertex   3.900638e+01 -8.138991e+01 1.360258e-07
      vertex   4.074251e+01 -8.424054e+01 1.467902e-07
      vertex   3.899778e+01 -8.148519e+01 1.365114e-07
    endloop
  endfacet
  facet normal -1.887923e-09 -4.925985e-09 -1.000000e+00
    outer loop
      vertex   3.899778e+01 -8.148519e+01 1.365114e-07
      vertex   4.074251e+01 -8.424054e+01 1.467902e-07
      vertex   4.064723e+01 -8.423194e+01 1.469278e-07
    endloop
  endfacet
  facet normal -1.887923e-09 -4.925985e-09 -1.000000e+00
    outer loop
      vertex   3.899778e+01 -8.148519e+01 1.365114e-07
      vertex   4.064723e+01 -8.423194e+01 1.469278e-07
      vertex   3.896482e+01 -8.157500e+01 1.370160e-07
    endloop
  endfacet
  facet normal -1.887923e-09 -4.925985e-09 -1.000000e+00
    outer loop
      vertex   3.896482e+01 -8.157500e+01 1.370160e-07
      vertex   4.064723e+01 -8.423194e+01 1.469278e-07
      vertex   4.055297e+01 -8.424829e+01 1.471863e-07
    endloop
  endfacet
  facet normal -1.887923e-09 -4.925985e-09 -1.000000e+00
    outer loop
      vertex   3.896482e+01 -8.157500e+01 1.370160e-07
      vertex   4.055297e+01 -8.424829e+01 1.471863e-07
      vertex   3.890973e+01 -8.165321e+01 1.375053e-07
    endloop
  endfacet
  facet normal 1.312403e-06 8.273036e-07 -1.000000e+00
    outer loop
      vertex   3.890973e+01 -8.165321e+01 1.375053e-07
      vertex   4.055297e+01 -8.424829e+01 1.471863e-07
      vertex   4.046616e+01 -8.428848e+01 0.000000e+00
    endloop
  endfacet
  facet normal 1.224834e-06 7.755837e-07 -1.000000e+00
    outer loop
      vertex   3.890973e+01 -8.165321e+01 1.375053e-07
      vertex   4.046616e+01 -8.428848e+01 0.000000e+00
      vertex   3.883628e+01 -8.171450e+01 0.000000e+00
    endloop
  endfacet
  facet normal 0.000000e+00 -0.000000e+00 -1.000000e+00
    outer loop
      vertex   3.883628e+01 -8.171450e+01 0.000000e+00
      vertex   4.046616e+01 -8.428848e+01 0.000000e+00
      vertex   3.784046e+01 -8.595112e+01 0.000000e+00
    endloop
  endfacet
  facet normal 0.000000e+00 0.000000e+00 -1.000000e+00
    outer loop
      vertex   3.883628e+01 -8.171450e+01 0.000000e+00
      vertex   3.784046e+01 -8.595112e+01 0.000000e+00
      vertex   3.621057e+01 -8.337714e+01 0.000000e+00
    endloop
  endfacet
  facet normal -1.537363e-07 -9.734824e-08 -1.000000e+00
    outer loop
      vertex   3.621057e+01 -8.337714e+01 0.000000e+00
      vertex   3.784046e+01 -8.595112e+01 0.000000e+00
      vertex   3.638684e+01 -8.530155e+01 1.602400e-07
    endloop
  endfacet
  facet normal -1.502175e-07 -9.702593e-08 -1.000000e+00
    outer loop
      vertex   3.621057e+01 -8.337714e+01 0.000000e+00
      vertex   3.638684e+01 -8.530155e+01 1.602400e-07
      vertex   3.619770e+01 -8.499694e+01 1.590965e-07
    endloop
  endfacet
  facet normal 2.466399e-06 -5.394574e-07 -1.000000e+00
    outer loop
      vertex   4.797044e+01 -8.892403e+01 1.562153e-07
      vertex   4.787978e+01 -8.934265e+01 1.584486e-07
      vertex   4.800056e+01 -8.849676e+01 5.997407e-19
    endloop
  endfacet
  facet normal 7.925118e-07 -3.004665e-07 -1.000000e+00
    outer loop
      vertex   4.800056e+01 -8.849676e+01 5.997407e-19
      vertex   4.787978e+01 -8.934265e+01 1.584486e-07
      vertex   4.773043e+01 -8.974410e+01 1.607081e-07
    endloop
  endfacet
  facet normal 3.740510e-07 -2.098448e-07 -1.000000e+00
    outer loop
      vertex   4.800056e+01 -8.849676e+01 5.997407e-19
      vertex   4.773043e+01 -8.974410e+01 1.607081e-07
      vertex   4.752543e+01 -9.012019e+01 1.629477e-07
    endloop
  endfacet
  facet normal 2.067033e-07 -1.608677e-07 -1.000000e+00
    outer loop
      vertex   4.752543e+01 -9.012019e+01 1.629477e-07
      vertex   4.726897e+01 -9.046325e+01 1.651218e-07
      vertex   4.800056e+01 -8.849676e+01 5.997407e-19
    endloop
  endfacet
  facet normal 1.230774e-07 -1.297564e-07 -1.000000e+00
    outer loop
      vertex   4.800056e+01 -8.849676e+01 5.997407e-19
      vertex   4.726897e+01 -9.046325e+01 1.651218e-07
      vertex   4.696625e+01 -9.076628e+01 1.671860e-07
    endloop
  endfacet
  facet normal 7.534607e-08 -1.080035e-07 -1.000000e+00
    outer loop
      vertex   4.800056e+01 -8.849676e+01 5.997407e-19
      vertex   4.696625e+01 -9.076628e+01 1.671860e-07
      vertex   4.662347e+01 -9.102312e+01 1.690984e-07
    endloop
  endfacet
  facet normal 4.557415e-08 -9.177528e-08 -1.000000e+00
    outer loop
      vertex   4.662347e+01 -9.102312e+01 1.690984e-07
      vertex   4.624761e+01 -9.122853e+01 1.708198e-07
      vertex   4.800056e+01 -8.849676e+01 5.997407e-19
    endloop
  endfacet
  facet normal 2.579110e-08 -7.908070e-08 -1.000000e+00
    outer loop
      vertex   4.800056e+01 -8.849676e+01 5.997407e-19
      vertex   4.624761e+01 -9.122853e+01 1.708198e-07
      vertex   4.584632e+01 -9.137831e+01 1.723152e-07
    endloop
  endfacet
  facet normal 1.201250e-08 -6.877989e-08 -1.000000e+00
    outer loop
      vertex   4.800056e+01 -8.849676e+01 5.997407e-19
      vertex   4.584632e+01 -9.137831e+01 1.723152e-07
      vertex   4.542780e+01 -9.146942e+01 1.735542e-07
    endloop
  endfacet
  facet normal 4.375041e-07 -4.370316e-07 -1.000000e+00
    outer loop
      vertex   4.542780e+01 -9.146942e+01 1.735542e-07
      vertex   4.500056e+01 -9.150000e+01 -5.551115e-16
      vertex   4.800056e+01 -8.849676e+01 5.997407e-19
    endloop
  endfacet
  facet normal -1.386891e-08 1.385394e-08 -1.000000e+00
    outer loop
      vertex   4.800056e+01 -8.849676e+01 5.997407e-19
      vertex   4.500056e+01 -9.150000e+01 -5.551115e-16
      vertex   4.098680e+01 -8.476820e+01 1.489283e-07
    endloop
  endfacet
  facet normal -2.026605e-08 1.820331e-09 -1.000000e+00
    outer loop
      vertex   4.800056e+01 -8.849676e+01 5.997407e-19
      vertex   4.098680e+01 -8.476820e+01 1.489283e-07
      vertex   4.101977e+01 -8.467840e+01 1.484237e-07
    endloop
  endfacet
  facet normal -4.350171e-07 7.571683e-08 -1.000000e+00
    outer loop
      vertex   3.465556e+01 -8.420077e+01 1.580861e-07
      vertex   3.488609e+01 -8.296262e+01 1.515517e-07
      vertex   3.501164e+01 -8.424282e+01 0.000000e+00
    endloop
  endfacet
  facet normal 1.828317e-08 1.201740e-07 -1.000000e+00
    outer loop
      vertex   3.501164e+01 -8.424282e+01 0.000000e+00
      vertex   3.488609e+01 -8.296262e+01 1.515517e-07
      vertex   3.534595e+01 -8.303677e+01 1.510488e-07
    endloop
  endfacet
  facet normal 4.587649e-07 -1.923300e-09 -1.000000e+00
    outer loop
      vertex   3.501164e+01 -8.424282e+01 0.000000e+00
      vertex   3.534595e+01 -8.303677e+01 1.510488e-07
      vertex   3.535449e+01 -8.434778e+01 1.574907e-07
    endloop
  endfacet
  facet normal -1.887923e-09 -4.925985e-09 -1.000000e+00
    outer loop
      vertex   3.535449e+01 -8.434778e+01 1.574907e-07
      vertex   3.534595e+01 -8.303677e+01 1.510488e-07
      vertex   3.579049e+01 -8.317589e+01 1.508949e-07
    endloop
  endfacet
  facet normal -3.071527e-07 1.086463e-07 -1.000000e+00
    outer loop
      vertex   3.535449e+01 -8.434778e+01 1.574907e-07
      vertex   3.579049e+01 -8.317589e+01 1.508949e-07
      vertex   3.621057e+01 -8.337714e+01 0.000000e+00
    endloop
  endfacet
  facet normal -1.887923e-09 -4.925985e-09 -1.000000e+00
    outer loop
      vertex   3.488609e+01 -8.296262e+01 1.515517e-07
      vertex   3.465556e+01 -8.420077e+01 1.580861e-07
      vertex   3.442035e+01 -8.295497e+01 1.523933e-07
    endloop
  endfacet
  facet normal -1.887923e-09 -4.925985e-09 -1.000000e+00
    outer loop
      vertex   3.442035e+01 -8.295497e+01 1.523933e-07
      vertex   3.465556e+01 -8.420077e+01 1.580861e-07
      vertex   3.429769e+01 -8.422298e+01 1.588711e-07
    endloop
  endfacet
  facet normal -1.887923e-09 -4.925985e-09 -1.000000e+00
    outer loop
      vertex   3.442035e+01 -8.295497e+01 1.523933e-07
      vertex   3.429769e+01 -8.422298e+01 1.588711e-07
      vertex   3.395830e+01 -8.301398e+01 1.535563e-07
    endloop
  endfacet
  facet normal -1.887923e-09 -4.925985e-09 -1.000000e+00
    outer loop
      vertex   3.395830e+01 -8.301398e+01 1.535563e-07
      vertex   3.429769e+01 -8.422298e+01 1.588711e-07
      vertex   3.394954e+01 -8.430873e+01 1.599508e-07
    endloop
  endfacet
  facet normal -1.887923e-09 -4.925985e-09 -1.000000e+00
    outer loop
      vertex   3.395830e+01 -8.301398e+01 1.535563e-07
      vertex   3.394954e+01 -8.430873e+01 1.599508e-07
      vertex   3.350943e+01 -8.313844e+01 1.550168e-07
    endloop
  endfacet
  facet normal -1.887923e-09 -4.925985e-09 -1.000000e+00
    outer loop
      vertex   3.350943e+01 -8.313844e+01 1.550168e-07
      vertex   3.394954e+01 -8.430873e+01 1.599508e-07
      vertex   3.362229e+01 -8.445527e+01 1.612904e-07
    endloop
  endfacet
  facet normal -1.887923e-09 -4.925985e-09 -1.000000e+00
    outer loop
      vertex   3.350943e+01 -8.313844e+01 1.550168e-07
      vertex   3.362229e+01 -8.445527e+01 1.612904e-07
      vertex   3.308297e+01 -8.332579e+01 1.567448e-07
    endloop
  endfacet
  facet normal -1.887923e-09 -4.925985e-09 -1.000000e+00
    outer loop
      vertex   3.308297e+01 -8.332579e+01 1.567448e-07
      vertex   3.362229e+01 -8.445527e+01 1.612904e-07
      vertex   3.268766e+01 -8.357218e+01 1.587048e-07
    endloop
  endfacet
  facet normal -1.887923e-09 -4.925985e-09 -1.000000e+00
    outer loop
      vertex   3.268766e+01 -8.357218e+01 1.587048e-07
      vertex   3.362229e+01 -8.445527e+01 1.612904e-07
      vertex   3.332647e+01 -8.465789e+01 1.628470e-07
    endloop
  endfacet
  facet normal -1.887923e-09 -4.925985e-09 -1.000000e+00
    outer loop
      vertex   3.268766e+01 -8.357218e+01 1.587048e-07
      vertex   3.332647e+01 -8.465789e+01 1.628470e-07
      vertex   3.233164e+01 -8.387254e+01 1.608566e-07
    endloop
  endfacet
  facet normal -1.887923e-09 -4.925985e-09 -1.000000e+00
    outer loop
      vertex   3.233164e+01 -8.387254e+01 1.608566e-07
      vertex   3.332647e+01 -8.465789e+01 1.628470e-07
      vertex   3.307158e+01 -8.491007e+01 1.645705e-07
    endloop
  endfacet
  facet normal -1.887923e-09 -4.925985e-09 -1.000000e+00
    outer loop
      vertex   3.233164e+01 -8.387254e+01 1.608566e-07
      vertex   3.307158e+01 -8.491007e+01 1.645705e-07
      vertex   3.202222e+01 -8.422072e+01 1.631559e-07
    endloop
  endfacet
  facet normal -1.887923e-09 -4.925985e-09 -1.000000e+00
    outer loop
      vertex   3.202222e+01 -8.422072e+01 1.631559e-07
      vertex   3.307158e+01 -8.491007e+01 1.645705e-07
      vertex   3.286582e+01 -8.520371e+01 1.664054e-07
    endloop
  endfacet
  facet normal -1.887923e-09 -4.925985e-09 -1.000000e+00
    outer loop
      vertex   3.202222e+01 -8.422072e+01 1.631559e-07
      vertex   3.286582e+01 -8.520371e+01 1.664054e-07
      vertex   3.176575e+01 -8.460956e+01 1.655555e-07
    endloop
  endfacet
  facet normal -1.887923e-09 -4.925985e-09 -1.000000e+00
    outer loop
      vertex   3.176575e+01 -8.460956e+01 1.655555e-07
      vertex   3.286582e+01 -8.520371e+01 1.664054e-07
      vertex   3.271579e+01 -8.552937e+01 1.682928e-07
    endloop
  endfacet
  facet normal -1.887923e-09 -4.925985e-09 -1.000000e+00
    outer loop
      vertex   3.176575e+01 -8.460956e+01 1.655555e-07
      vertex   3.271579e+01 -8.552937e+01 1.682928e-07
      vertex   3.156750e+01 -8.503106e+01 1.680061e-07
    endloop
  endfacet
  facet normal -1.887923e-09 -4.925985e-09 -1.000000e+00
    outer loop
      vertex   3.156750e+01 -8.503106e+01 1.680061e-07
      vertex   3.271579e+01 -8.552937e+01 1.682928e-07
      vertex   3.143154e+01 -8.547658e+01 1.704574e-07
    endloop
  endfacet
  facet normal -1.887923e-09 -4.925985e-09 -1.000000e+00
    outer loop
      vertex   3.143154e+01 -8.547658e+01 1.704574e-07
      vertex   3.271579e+01 -8.552937e+01 1.682928e-07
      vertex   3.262632e+01 -8.587658e+01 1.701721e-07
    endloop
  endfacet
  facet normal -1.887923e-09 -4.925985e-09 -1.000000e+00
    outer loop
      vertex   3.143154e+01 -8.547658e+01 1.704574e-07
      vertex   3.262632e+01 -8.587658e+01 1.701721e-07
      vertex   3.136066e+01 -8.593696e+01 1.728590e-07
    endloop
  endfacet
  facet normal -1.887923e-09 -4.925985e-09 -1.000000e+00
    outer loop
      vertex   3.136066e+01 -8.593696e+01 1.728590e-07
      vertex   3.262632e+01 -8.587658e+01 1.701721e-07
      vertex   3.260029e+01 -8.623419e+01 1.719828e-07
    endloop
  endfacet
  facet normal -1.887923e-09 -4.925985e-09 -1.000000e+00
    outer loop
      vertex   3.136066e+01 -8.593696e+01 1.728590e-07
      vertex   3.260029e+01 -8.623419e+01 1.719828e-07
      vertex   3.135633e+01 -8.640274e+01 1.751616e-07
    endloop
  endfacet
  facet normal -1.887923e-09 -4.925985e-09 -1.000000e+00
    outer loop
      vertex   3.135633e+01 -8.640274e+01 1.751616e-07
      vertex   3.260029e+01 -8.623419e+01 1.719828e-07
      vertex   3.263853e+01 -8.659071e+01 1.736668e-07
    endloop
  endfacet
  facet normal -1.887923e-09 -4.925985e-09 -1.000000e+00
    outer loop
      vertex   3.135633e+01 -8.640274e+01 1.751616e-07
      vertex   3.263853e+01 -8.659071e+01 1.736668e-07
      vertex   3.141863e+01 -8.686436e+01 1.773179e-07
    endloop
  endfacet
  facet normal -1.887923e-09 -4.925985e-09 -1.000000e+00
    outer loop
      vertex   3.141863e+01 -8.686436e+01 1.773179e-07
      vertex   3.263853e+01 -8.659071e+01 1.736668e-07
      vertex   3.154628e+01 -8.731233e+01 1.792836e-07
    endloop
  endfacet
  facet normal -1.887923e-09 -4.925985e-09 -1.000000e+00
    outer loop
      vertex   3.154628e+01 -8.731233e+01 1.792836e-07
      vertex   3.263853e+01 -8.659071e+01 1.736668e-07
      vertex   3.273982e+01 -8.693466e+01 1.751699e-07
    endloop
  endfacet
  facet normal -1.887923e-09 -4.925985e-09 -1.000000e+00
    outer loop
      vertex   3.154628e+01 -8.731233e+01 1.792836e-07
      vertex   3.273982e+01 -8.693466e+01 1.751699e-07
      vertex   3.173665e+01 -8.773745e+01 1.810183e-07
    endloop
  endfacet
  facet normal -1.887923e-09 -4.925985e-09 -1.000000e+00
    outer loop
      vertex   3.173665e+01 -8.773745e+01 1.810183e-07
      vertex   3.273982e+01 -8.693466e+01 1.751699e-07
      vertex   3.290089e+01 -8.725500e+01 1.764438e-07
    endloop
  endfacet
  facet normal -1.887923e-09 -4.925985e-09 -1.000000e+00
    outer loop
      vertex   3.173665e+01 -8.773745e+01 1.810183e-07
      vertex   3.290089e+01 -8.725500e+01 1.764438e-07
      vertex   3.198585e+01 -8.813099e+01 1.824865e-07
    endloop
  endfacet
  facet normal -1.887923e-09 -4.925985e-09 -1.000000e+00
    outer loop
      vertex   3.198585e+01 -8.813099e+01 1.824865e-07
      vertex   3.290089e+01 -8.725500e+01 1.764438e-07
      vertex   3.311657e+01 -8.754144e+01 1.774476e-07
    endloop
  endfacet
  facet normal -1.887923e-09 -4.925985e-09 -1.000000e+00
    outer loop
      vertex   3.198585e+01 -8.813099e+01 1.824865e-07
      vertex   3.311657e+01 -8.754144e+01 1.774476e-07
      vertex   3.228874e+01 -8.848486e+01 1.836578e-07
    endloop
  endfacet
  facet normal -1.887923e-09 -4.925985e-09 -1.000000e+00
    outer loop
      vertex   3.228874e+01 -8.848486e+01 1.836578e-07
      vertex   3.311657e+01 -8.754144e+01 1.774476e-07
      vertex   3.263911e+01 -8.879180e+01 1.845083e-07
    endloop
  endfacet
  facet normal -1.887923e-09 -4.925985e-09 -1.000000e+00
    outer loop
      vertex   3.263911e+01 -8.879180e+01 1.845083e-07
      vertex   3.311657e+01 -8.754144e+01 1.774476e-07
      vertex   3.337994e+01 -8.778475e+01 1.781490e-07
    endloop
  endfacet
  facet normal -1.887923e-09 -4.925985e-09 -1.000000e+00
    outer loop
      vertex   3.263911e+01 -8.879180e+01 1.845083e-07
      vertex   3.337994e+01 -8.778475e+01 1.781490e-07
      vertex   3.302977e+01 -8.904550e+01 1.850205e-07
    endloop
  endfacet
  facet normal -1.887923e-09 -4.925985e-09 -1.000000e+00
    outer loop
      vertex   3.302977e+01 -8.904550e+01 1.850205e-07
      vertex   3.337994e+01 -8.778475e+01 1.781490e-07
      vertex   3.368251e+01 -8.797714e+01 1.785254e-07
    endloop
  endfacet
  facet normal -1.887923e-09 -4.925985e-09 -1.000000e+00
    outer loop
      vertex   3.302977e+01 -8.904550e+01 1.850205e-07
      vertex   3.368251e+01 -8.797714e+01 1.785254e-07
      vertex   3.345267e+01 -8.924075e+01 1.851839e-07
    endloop
  endfacet
  facet normal -1.887923e-09 -4.925985e-09 -1.000000e+00
    outer loop
      vertex   3.345267e+01 -8.924075e+01 1.851839e-07
      vertex   3.368251e+01 -8.797714e+01 1.785254e-07
      vertex   3.401458e+01 -8.811240e+01 1.785648e-07
    endloop
  endfacet
  facet normal -1.887923e-09 -4.925985e-09 -1.000000e+00
    outer loop
      vertex   3.345267e+01 -8.924075e+01 1.851839e-07
      vertex   3.401458e+01 -8.811240e+01 1.785648e-07
      vertex   3.389915e+01 -8.937353e+01 1.849951e-07
    endloop
  endfacet
  facet normal -1.887923e-09 -4.925985e-09 -1.000000e+00
    outer loop
      vertex   3.389915e+01 -8.937353e+01 1.849951e-07
      vertex   3.401458e+01 -8.811240e+01 1.785648e-07
      vertex   3.436546e+01 -8.818620e+01 1.782659e-07
    endloop
  endfacet
  facet normal -1.887923e-09 -4.925985e-09 -1.000000e+00
    outer loop
      vertex   3.389915e+01 -8.937353e+01 1.849951e-07
      vertex   3.436546e+01 -8.818620e+01 1.782659e-07
      vertex   3.436002e+01 -8.944113e+01 1.844579e-07
    endloop
  endfacet
  facet normal -1.887923e-09 -4.925985e-09 -1.000000e+00
    outer loop
      vertex   3.436002e+01 -8.944113e+01 1.844579e-07
      vertex   3.436546e+01 -8.818620e+01 1.782659e-07
      vertex   3.472388e+01 -8.819616e+01 1.776383e-07
    endloop
  endfacet
  facet normal -1.887923e-09 -4.925985e-09 -1.000000e+00
    outer loop
      vertex   3.436002e+01 -8.944113e+01 1.844579e-07
      vertex   3.472388e+01 -8.819616e+01 1.776383e-07
      vertex   3.482582e+01 -8.944215e+01 1.835836e-07
    endloop
  endfacet
  facet normal -1.887923e-09 -4.925985e-09 -1.000000e+00
    outer loop
      vertex   3.482582e+01 -8.944215e+01 1.835836e-07
      vertex   3.472388e+01 -8.819616e+01 1.776383e-07
      vertex   3.528698e+01 -8.937657e+01 1.823899e-07
    endloop
  endfacet
  facet normal -1.887923e-09 -4.925985e-09 -1.000000e+00
    outer loop
      vertex   3.528698e+01 -8.937657e+01 1.823899e-07
      vertex   3.472388e+01 -8.819616e+01 1.776383e-07
      vertex   3.507831e+01 -8.814196e+01 1.767022e-07
    endloop
  endfacet
  facet normal -1.887923e-09 -4.925985e-09 -1.000000e+00
    outer loop
      vertex   3.528698e+01 -8.937657e+01 1.823899e-07
      vertex   3.507831e+01 -8.814196e+01 1.767022e-07
      vertex   3.573403e+01 -8.924573e+01 1.809014e-07
    endloop
  endfacet
  facet normal -1.887923e-09 -4.925985e-09 -1.000000e+00
    outer loop
      vertex   3.573403e+01 -8.924573e+01 1.809014e-07
      vertex   3.507831e+01 -8.814196e+01 1.767022e-07
      vertex   3.541738e+01 -8.802535e+01 1.754876e-07
    endloop
  endfacet
  facet normal -1.887923e-09 -4.925985e-09 -1.000000e+00
    outer loop
      vertex   3.573403e+01 -8.924573e+01 1.809014e-07
      vertex   3.541738e+01 -8.802535e+01 1.754876e-07
      vertex   3.615779e+01 -8.905233e+01 1.791487e-07
    endloop
  endfacet
  facet normal -1.887923e-09 -4.925985e-09 -1.000000e+00
    outer loop
      vertex   3.615779e+01 -8.905233e+01 1.791487e-07
      vertex   3.541738e+01 -8.802535e+01 1.754876e-07
      vertex   3.573017e+01 -8.785007e+01 1.740337e-07
    endloop
  endfacet
  facet normal -1.887923e-09 -4.925985e-09 -1.000000e+00
    outer loop
      vertex   3.615779e+01 -8.905233e+01 1.791487e-07
      vertex   3.573017e+01 -8.785007e+01 1.740337e-07
      vertex   3.654954e+01 -8.880034e+01 1.771678e-07
    endloop
  endfacet
  facet normal -1.887923e-09 -4.925985e-09 -1.000000e+00
    outer loop
      vertex   3.654954e+01 -8.880034e+01 1.771678e-07
      vertex   3.573017e+01 -8.785007e+01 1.740337e-07
      vertex   3.600664e+01 -8.762175e+01 1.723870e-07
    endloop
  endfacet
  facet normal -1.887923e-09 -4.925985e-09 -1.000000e+00
    outer loop
      vertex   3.654954e+01 -8.880034e+01 1.771678e-07
      vertex   3.600664e+01 -8.762175e+01 1.723870e-07
      vertex   3.690125e+01 -8.849494e+01 1.749994e-07
    endloop
  endfacet
  facet normal -1.887923e-09 -4.925985e-09 -1.000000e+00
    outer loop
      vertex   3.690125e+01 -8.849494e+01 1.749994e-07
      vertex   3.600664e+01 -8.762175e+01 1.723870e-07
      vertex   3.623790e+01 -8.734774e+01 1.706006e-07
    endloop
  endfacet
  facet normal -1.887923e-09 -4.925985e-09 -1.000000e+00
    outer loop
      vertex   3.690125e+01 -8.849494e+01 1.749994e-07
      vertex   3.623790e+01 -8.734774e+01 1.706006e-07
      vertex   3.720569e+01 -8.814239e+01 1.726880e-07
    endloop
  endfacet
  facet normal -1.887923e-09 -4.925985e-09 -1.000000e+00
    outer loop
      vertex   3.720569e+01 -8.814239e+01 1.726880e-07
      vertex   3.623790e+01 -8.734774e+01 1.706006e-07
      vertex   3.745660e+01 -8.774995e+01 1.702811e-07
    endloop
  endfacet
  facet normal -1.887923e-09 -4.925985e-09 -1.000000e+00
    outer loop
      vertex   3.745660e+01 -8.774995e+01 1.702811e-07
      vertex   3.623790e+01 -8.734774e+01 1.706006e-07
      vertex   3.641651e+01 -8.703684e+01 1.687319e-07
    endloop
  endfacet
  facet normal -1.887923e-09 -4.925985e-09 -1.000000e+00
    outer loop
      vertex   3.745660e+01 -8.774995e+01 1.702811e-07
      vertex   3.641651e+01 -8.703684e+01 1.687319e-07
      vertex   3.764883e+01 -8.732566e+01 1.678281e-07
    endloop
  endfacet
  facet normal -1.887923e-09 -4.925985e-09 -1.000000e+00
    outer loop
      vertex   3.764883e+01 -8.732566e+01 1.678281e-07
      vertex   3.641651e+01 -8.703684e+01 1.687319e-07
      vertex   3.653674e+01 -8.669904e+01 1.668409e-07
    endloop
  endfacet
  facet normal -1.887923e-09 -4.925985e-09 -1.000000e+00
    outer loop
      vertex   3.764883e+01 -8.732566e+01 1.678281e-07
      vertex   3.653674e+01 -8.669904e+01 1.668409e-07
      vertex   3.777844e+01 -8.687825e+01 1.653795e-07
    endloop
  endfacet
  facet normal -1.887923e-09 -4.925985e-09 -1.000000e+00
    outer loop
      vertex   3.777844e+01 -8.687825e+01 1.653795e-07
      vertex   3.653674e+01 -8.669904e+01 1.668409e-07
      vertex   3.659472e+01 -8.634520e+01 1.649885e-07
    endloop
  endfacet
  facet normal -1.887923e-09 -4.925985e-09 -1.000000e+00
    outer loop
      vertex   3.777844e+01 -8.687825e+01 1.653795e-07
      vertex   3.659472e+01 -8.634520e+01 1.649885e-07
      vertex   3.784275e+01 -8.641691e+01 1.629856e-07
    endloop
  endfacet
  facet normal -2.171751e-08 -3.500146e-07 -1.000000e+00
    outer loop
      vertex   3.784275e+01 -8.641691e+01 1.629856e-07
      vertex   3.659472e+01 -8.634520e+01 1.649885e-07
      vertex   3.784046e+01 -8.595112e+01 0.000000e+00
    endloop
  endfacet
  facet normal -1.301905e-07 -7.119802e-09 -1.000000e+00
    outer loop
      vertex   3.784046e+01 -8.595112e+01 0.000000e+00
      vertex   3.659472e+01 -8.634520e+01 1.649885e-07
      vertex   3.658859e+01 -8.598669e+01 1.632341e-07
    endloop
  endfacet
  facet normal -1.295303e-07 -3.035108e-08 -1.000000e+00
    outer loop
      vertex   3.784046e+01 -8.595112e+01 0.000000e+00
      vertex   3.658859e+01 -8.598669e+01 1.632341e-07
      vertex   3.651855e+01 -8.563504e+01 1.616341e-07
    endloop
  endfacet
  facet normal -1.361275e-07 -5.794250e-08 -1.000000e+00
    outer loop
      vertex   3.651855e+01 -8.563504e+01 1.616341e-07
      vertex   3.638684e+01 -8.530155e+01 1.602400e-07
      vertex   3.784046e+01 -8.595112e+01 0.000000e+00
    endloop
  endfacet
  facet normal -1.041416e-07 -9.739211e-08 -1.000000e+00
    outer loop
      vertex   3.619770e+01 -8.499694e+01 1.590965e-07
      vertex   3.595721e+01 -8.473099e+01 1.582405e-07
      vertex   3.621057e+01 -8.337714e+01 0.000000e+00
    endloop
  endfacet
  facet normal -7.698769e-08 -1.024738e-07 -1.000000e+00
    outer loop
      vertex   3.621057e+01 -8.337714e+01 0.000000e+00
      vertex   3.595721e+01 -8.473099e+01 1.582405e-07
      vertex   3.567310e+01 -8.451226e+01 1.576994e-07
    endloop
  endfacet
  facet normal -5.710876e-08 -1.118863e-07 -1.000000e+00
    outer loop
      vertex   3.621057e+01 -8.337714e+01 0.000000e+00
      vertex   3.567310e+01 -8.451226e+01 1.576994e-07
      vertex   3.535449e+01 -8.434778e+01 1.574907e-07
    endloop
  endfacet
  facet normal -2.172135e-08 3.286345e-08 -1.000000e+00
    outer loop
      vertex   2.239007e+01 -8.552852e+01 1.877828e-07
      vertex   2.262487e+01 -8.540528e+01 1.867325e-07
      vertex   2.200056e+01 -9.150000e+01 1.110223e-15
    endloop
  endfacet
  facet normal -3.672832e-08 3.440069e-08 -1.000000e+00
    outer loop
      vertex   2.200056e+01 -9.150000e+01 1.110223e-15
      vertex   2.262487e+01 -8.540528e+01 1.867325e-07
      vertex   2.282336e+01 -8.522944e+01 1.854915e-07
    endloop
  endfacet
  facet normal 7.339594e-09 2.861824e-08 -1.000000e+00
    outer loop
      vertex   2.200056e+01 -9.150000e+01 1.110223e-15
      vertex   2.282336e+01 -8.522944e+01 1.854915e-07
      vertex   3.079098e+01 -8.742121e+01 1.812459e-07
    endloop
  endfacet
  facet normal -1.887923e-09 -4.925985e-09 -1.000000e+00
    outer loop
      vertex   3.079098e+01 -8.742121e+01 1.812459e-07
      vertex   2.282336e+01 -8.522944e+01 1.854915e-07
      vertex   3.066689e+01 -8.692848e+01 1.790530e-07
    endloop
  endfacet
  facet normal -1.887923e-09 -4.925985e-09 -1.000000e+00
    outer loop
      vertex   3.066689e+01 -8.692848e+01 1.790530e-07
      vertex   2.282336e+01 -8.522944e+01 1.854915e-07
      vertex   2.297400e+01 -8.501120e+01 1.841321e-07
    endloop
  endfacet
  facet normal -1.887923e-09 -4.925985e-09 -1.000000e+00
    outer loop
      vertex   3.066689e+01 -8.692848e+01 1.790530e-07
      vertex   2.297400e+01 -8.501120e+01 1.841321e-07
      vertex   3.060628e+01 -8.642399e+01 1.766823e-07
    endloop
  endfacet
  facet normal -1.887923e-09 -4.925985e-09 -1.000000e+00
    outer loop
      vertex   3.060628e+01 -8.642399e+01 1.766823e-07
      vertex   2.297400e+01 -8.501120e+01 1.841321e-07
      vertex   2.306804e+01 -8.476325e+01 1.827332e-07
    endloop
  endfacet
  facet normal -1.887923e-09 -4.925985e-09 -1.000000e+00
    outer loop
      vertex   3.060628e+01 -8.642399e+01 1.766823e-07
      vertex   2.306804e+01 -8.476325e+01 1.827332e-07
      vertex   3.061010e+01 -8.591588e+01 1.741722e-07
    endloop
  endfacet
  facet normal -1.887923e-09 -4.925985e-09 -1.000000e+00
    outer loop
      vertex   3.061010e+01 -8.591588e+01 1.741722e-07
      vertex   2.306804e+01 -8.476325e+01 1.827332e-07
      vertex   2.310000e+01 -8.450000e+01 1.813761e-07
    endloop
  endfacet
  facet normal -1.887923e-09 -4.925985e-09 -1.000000e+00
    outer loop
      vertex   3.061010e+01 -8.591588e+01 1.741722e-07
      vertex   2.310000e+01 -8.450000e+01 1.813761e-07
      vertex   3.067831e+01 -8.541237e+01 1.715631e-07
    endloop
  endfacet
  facet normal -1.887923e-09 -4.925985e-09 -1.000000e+00
    outer loop
      vertex   3.067831e+01 -8.541237e+01 1.715631e-07
      vertex   2.310000e+01 -8.450000e+01 1.813761e-07
      vertex   3.080981e+01 -8.492156e+01 1.688971e-07
    endloop
  endfacet
  facet normal -1.887923e-09 -4.925985e-09 -1.000000e+00
    outer loop
      vertex   3.080981e+01 -8.492156e+01 1.688971e-07
      vertex   2.310000e+01 -8.450000e+01 1.813761e-07
      vertex   2.306804e+01 -8.423675e+01 1.801397e-07
    endloop
  endfacet
  facet normal -1.887923e-09 -4.925985e-09 -1.000000e+00
    outer loop
      vertex   3.080981e+01 -8.492156e+01 1.688971e-07
      vertex   2.306804e+01 -8.423675e+01 1.801397e-07
      vertex   3.100246e+01 -8.445138e+01 1.662173e-07
    endloop
  endfacet
  facet normal -1.887923e-09 -4.925985e-09 -1.000000e+00
    outer loop
      vertex   3.100246e+01 -8.445138e+01 1.662173e-07
      vertex   2.306804e+01 -8.423675e+01 1.801397e-07
      vertex   2.297400e+01 -8.398881e+01 1.790958e-07
    endloop
  endfacet
  facet normal -1.887923e-09 -4.925985e-09 -1.000000e+00
    outer loop
      vertex   3.100246e+01 -8.445138e+01 1.662173e-07
      vertex   2.297400e+01 -8.398881e+01 1.790958e-07
      vertex   3.125316e+01 -8.400942e+01 1.635669e-07
    endloop
  endfacet
  facet normal -1.887923e-09 -4.925985e-09 -1.000000e+00
    outer loop
      vertex   3.125316e+01 -8.400942e+01 1.635669e-07
      vertex   2.297400e+01 -8.398881e+01 1.790958e-07
      vertex   2.282336e+01 -8.377057e+01 1.783051e-07
    endloop
  endfacet
  facet normal -3.516876e-09 -5.680138e-09 -1.000000e+00
    outer loop
      vertex   3.899003e+01 -8.129565e+01 1.355923e-07
      vertex   3.894984e+01 -8.120884e+01 1.352406e-07
      vertex   4.800056e+01 -6.300324e+01 5.551115e-16
    endloop
  endfacet
  facet normal -3.062455e-09 -5.906049e-09 -1.000000e+00
    outer loop
      vertex   4.800056e+01 -6.300324e+01 5.551115e-16
      vertex   3.894984e+01 -8.120884e+01 1.352406e-07
      vertex   3.888855e+01 -8.113538e+01 1.349945e-07
    endloop
  endfacet
  facet normal -2.704784e-09 -6.085791e-09 -1.000000e+00
    outer loop
      vertex   4.800056e+01 -6.300324e+01 5.551115e-16
      vertex   3.888855e+01 -8.113538e+01 1.349945e-07
      vertex   3.881033e+01 -8.108030e+01 1.348708e-07
    endloop
  endfacet
  facet normal -2.375180e-09 -6.253359e-09 -1.000000e+00
    outer loop
      vertex   3.881033e+01 -8.108030e+01 1.348708e-07
      vertex   3.872052e+01 -8.104733e+01 1.348779e-07
      vertex   4.800056e+01 -6.300324e+01 5.551115e-16
    endloop
  endfacet
  facet normal -2.024028e-09 -6.433956e-09 -1.000000e+00
    outer loop
      vertex   4.800056e+01 -6.300324e+01 5.551115e-16
      vertex   3.872052e+01 -8.104733e+01 1.348779e-07
      vertex   3.862524e+01 -8.103873e+01 1.350154e-07
    endloop
  endfacet
  facet normal -1.456967e-09 -7.514085e-09 -1.000000e+00
    outer loop
      vertex   3.419492e+01 -8.222057e+01 1.492012e-07
      vertex   3.369371e+01 -8.230402e+01 1.505586e-07
      vertex   2.200112e+01 -6.000000e+01 -5.551115e-16
    endloop
  endfacet
  facet normal -1.156934e-09 -7.356796e-09 -1.000000e+00
    outer loop
      vertex   2.200112e+01 -6.000000e+01 -5.551115e-16
      vertex   3.369371e+01 -8.230402e+01 1.505586e-07
      vertex   3.320712e+01 -8.245035e+01 1.521981e-07
    endloop
  endfacet
  facet normal -8.687395e-10 -7.212945e-09 -1.000000e+00
    outer loop
      vertex   2.200112e+01 -6.000000e+01 -5.551115e-16
      vertex   3.320712e+01 -8.245035e+01 1.521981e-07
      vertex   3.274300e+01 -8.265718e+01 1.540931e-07
    endloop
  endfacet
  facet normal 1.908669e-08 3.301440e-09 -1.000000e+00
    outer loop
      vertex   3.079098e+01 -8.742121e+01 1.812459e-07
      vertex   3.097653e+01 -8.789424e+01 1.832257e-07
      vertex   2.200056e+01 -9.150000e+01 1.110223e-15
    endloop
  endfacet
  facet normal 1.801442e-08 5.970703e-09 -1.000000e+00
    outer loop
      vertex   2.200056e+01 -9.150000e+01 1.110223e-15
      vertex   3.097653e+01 -8.789424e+01 1.832257e-07
      vertex   3.122054e+01 -8.833993e+01 1.849605e-07
    endloop
  endfacet
  facet normal 1.703883e-08 8.817131e-09 -1.000000e+00
    outer loop
      vertex   2.200056e+01 -9.150000e+01 1.110223e-15
      vertex   3.122054e+01 -8.833993e+01 1.849605e-07
      vertex   3.151909e+01 -8.875108e+01 1.864222e-07
    endloop
  endfacet
  facet normal 1.611415e-08 1.201895e-08 -1.000000e+00
    outer loop
      vertex   3.151909e+01 -8.875108e+01 1.864222e-07
      vertex   3.186736e+01 -8.912108e+01 1.875873e-07
      vertex   2.200056e+01 -9.150000e+01 1.110223e-15
    endloop
  endfacet
  facet normal 1.519439e-08 1.583376e-08 -1.000000e+00
    outer loop
      vertex   2.200056e+01 -9.150000e+01 1.110223e-15
      vertex   3.186736e+01 -8.912108e+01 1.875873e-07
      vertex   3.225972e+01 -8.944393e+01 1.884369e-07
    endloop
  endfacet
  facet normal 1.422142e-08 2.068856e-08 -1.000000e+00
    outer loop
      vertex   2.200056e+01 -9.150000e+01 1.110223e-15
      vertex   3.225972e+01 -8.944393e+01 1.884369e-07
      vertex   3.268984e+01 -8.971444e+01 1.889574e-07
    endloop
  endfacet
  facet normal 1.310178e-08 2.739136e-08 -1.000000e+00
    outer loop
      vertex   3.268984e+01 -8.971444e+01 1.889574e-07
      vertex   3.315079e+01 -8.992824e+01 1.891404e-07
      vertex   2.200056e+01 -9.150000e+01 1.110223e-15
    endloop
  endfacet
  facet normal 1.164411e-08 3.773223e-08 -1.000000e+00
    outer loop
      vertex   2.200056e+01 -9.150000e+01 1.110223e-15
      vertex   3.315079e+01 -8.992824e+01 1.891404e-07
      vertex   3.363513e+01 -9.008188e+01 1.889828e-07
    endloop
  endfacet
  facet normal 9.331380e-09 5.670643e-08 -1.000000e+00
    outer loop
      vertex   2.200056e+01 -9.150000e+01 1.110223e-15
      vertex   3.363513e+01 -9.008188e+01 1.889828e-07
      vertex   3.413503e+01 -9.017288e+01 1.884873e-07
    endloop
  endfacet
  facet normal 3.974450e-09 1.056875e-07 -1.000000e+00
    outer loop
      vertex   3.413503e+01 -9.017288e+01 1.884873e-07
      vertex   3.464243e+01 -9.019978e+01 1.876618e-07
      vertex   2.200056e+01 -9.150000e+01 1.110223e-15
    endloop
  endfacet
  facet normal -1.474030e-08 3.279379e-08 -1.000000e+00
    outer loop
      vertex   3.564701e+01 -9.006054e+01 1.850794e-07
      vertex   3.612798e+01 -8.989666e+01 1.833641e-07
      vertex   4.500056e+01 -9.150000e+01 -5.551115e-16
    endloop
  endfacet
  facet normal -1.625623e-08 2.440490e-08 -1.000000e+00
    outer loop
      vertex   4.500056e+01 -9.150000e+01 -5.551115e-16
      vertex   3.612798e+01 -8.989666e+01 1.833641e-07
      vertex   3.658428e+01 -8.967313e+01 1.814015e-07
    endloop
  endfacet
  facet normal -1.748494e-08 1.874433e-08 -1.000000e+00
    outer loop
      vertex   4.500056e+01 -9.150000e+01 -5.551115e-16
      vertex   3.658428e+01 -8.967313e+01 1.814015e-07
      vertex   3.700857e+01 -8.939355e+01 1.792233e-07
    endloop
  endfacet
  facet normal -1.859721e-08 1.452429e-08 -1.000000e+00
    outer loop
      vertex   3.700857e+01 -8.939355e+01 1.792233e-07
      vertex   3.739400e+01 -8.906245e+01 1.768646e-07
      vertex   4.500056e+01 -9.150000e+01 -5.551115e-16
    endloop
  endfacet
  facet normal -1.968552e-08 1.112816e-08 -1.000000e+00
    outer loop
      vertex   4.500056e+01 -9.150000e+01 -5.551115e-16
      vertex   3.739400e+01 -8.906245e+01 1.768646e-07
      vertex   3.773433e+01 -8.868515e+01 1.743635e-07
    endloop
  endfacet
  facet normal -2.081477e-08 8.213129e-09 -1.000000e+00
    outer loop
      vertex   4.500056e+01 -9.150000e+01 -5.551115e-16
      vertex   3.773433e+01 -8.868515e+01 1.743635e-07
      vertex   3.802409e+01 -8.826775e+01 1.717604e-07
    endloop
  endfacet
  facet normal -2.204395e-08 5.560068e-09 -1.000000e+00
    outer loop
      vertex   3.802409e+01 -8.826775e+01 1.717604e-07
      vertex   3.825860e+01 -8.781698e+01 1.690972e-07
      vertex   4.500056e+01 -9.150000e+01 -5.551115e-16
    endloop
  endfacet
  facet normal -2.343996e-08 3.004598e-09 -1.000000e+00
    outer loop
      vertex   4.500056e+01 -9.150000e+01 -5.551115e-16
      vertex   3.825860e+01 -8.781698e+01 1.690972e-07
      vertex   3.843407e+01 -8.734013e+01 1.664169e-07
    endloop
  endfacet
  facet normal -4.210304e-08 -2.645564e-08 -1.000000e+00
    outer loop
      vertex   4.500056e+01 -9.150000e+01 -5.551115e-16
      vertex   3.843407e+01 -8.734013e+01 1.664169e-07
      vertex   4.085826e+01 -8.490771e+01 0.000000e+00
    endloop
  endfacet
  facet normal -8.218760e-08 1.349333e-08 -1.000000e+00
    outer loop
      vertex   4.085826e+01 -8.490771e+01 0.000000e+00
      vertex   3.843407e+01 -8.734013e+01 1.664169e-07
      vertex   3.854768e+01 -8.684487e+01 1.637628e-07
    endloop
  endfacet
  facet normal 2.187414e-07 -3.454454e-07 -1.000000e+00
    outer loop
      vertex   4.085826e+01 -8.490771e+01 0.000000e+00
      vertex   3.854768e+01 -8.684487e+01 1.637628e-07
      vertex   3.859758e+01 -8.633921e+01 0.000000e+00
    endloop
  endfacet
  facet normal 1.334485e-06 8.385296e-07 -1.000000e+00
    outer loop
      vertex   4.085826e+01 -8.490771e+01 0.000000e+00
      vertex   4.093172e+01 -8.484642e+01 1.494176e-07
      vertex   4.500056e+01 -9.150000e+01 -5.551115e-16
    endloop
  endfacet
  facet normal -2.182065e-08 9.112807e-09 -1.000000e+00
    outer loop
      vertex   4.500056e+01 -9.150000e+01 -5.551115e-16
      vertex   4.093172e+01 -8.484642e+01 1.494176e-07
      vertex   4.098680e+01 -8.476820e+01 1.489283e-07
    endloop
  endfacet
  facet normal -2.291793e-08 -3.027878e-09 -1.000000e+00
    outer loop
      vertex   4.101977e+01 -8.467840e+01 1.484237e-07
      vertex   4.102837e+01 -8.458312e+01 1.479381e-07
      vertex   4.800056e+01 -8.849676e+01 5.997407e-19
    endloop
  endfacet
  facet normal -2.636737e-08 -9.173077e-09 -1.000000e+00
    outer loop
      vertex   4.800056e+01 -8.849676e+01 5.997407e-19
      vertex   4.102837e+01 -8.458312e+01 1.479381e-07
      vertex   4.101202e+01 -8.448886e+01 1.475047e-07
    endloop
  endfacet
  facet normal -3.190027e-08 -1.882074e-08 -1.000000e+00
    outer loop
      vertex   4.800056e+01 -8.849676e+01 5.997407e-19
      vertex   4.101202e+01 -8.448886e+01 1.475047e-07
      vertex   4.097182e+01 -8.440204e+01 1.471529e-07
    endloop
  endfacet
endsolid
