solid ASCII
  facet normal 2.985017e-14 -9.914449e-01 -1.305262e-01
    outer loop
      vertex   4.496271e+01 5.700008e+01 5.000000e-01
      vertex   4.449071e+01 5.700008e+01 5.000000e-01
      vertex   4.496271e+01 5.701712e+01 3.705905e-01
    endloop
  endfacet
  facet normal -1.535097e-17 -9.914449e-01 -1.305262e-01
    outer loop
      vertex   4.496271e+01 5.701712e+01 3.705905e-01
      vertex   4.449071e+01 5.700008e+01 5.000000e-01
      vertex   4.449071e+01 5.701712e+01 3.705905e-01
    endloop
  endfacet
  facet normal -4.500678e-17 -9.238795e-01 -3.826834e-01
    outer loop
      vertex   4.496271e+01 5.701712e+01 3.705905e-01
      vertex   4.449071e+01 5.701712e+01 3.705905e-01
      vertex   4.496271e+01 5.706707e+01 2.500000e-01
    endloop
  endfacet
  facet normal -9.001355e-17 -9.238795e-01 -3.826834e-01
    outer loop
      vertex   4.496271e+01 5.706707e+01 2.500000e-01
      vertex   4.449071e+01 5.701712e+01 3.705905e-01
      vertex   4.449071e+01 5.706707e+01 2.500000e-01
    endloop
  endfacet
  facet normal -1.431909e-16 -7.933533e-01 -6.087614e-01
    outer loop
      vertex   4.496271e+01 5.706707e+01 2.500000e-01
      vertex   4.449071e+01 5.706707e+01 2.500000e-01
      vertex   4.496271e+01 5.714653e+01 1.464466e-01
    endloop
  endfacet
  facet normal -0.000000e+00 -7.933533e-01 -6.087614e-01
    outer loop
      vertex   4.496271e+01 5.714653e+01 1.464466e-01
      vertex   4.449071e+01 5.706707e+01 2.500000e-01
      vertex   4.449071e+01 5.714653e+01 1.464466e-01
    endloop
  endfacet
  facet normal -0.000000e+00 -6.087614e-01 -7.933533e-01
    outer loop
      vertex   4.496271e+01 5.714653e+01 1.464466e-01
      vertex   4.449071e+01 5.714653e+01 1.464466e-01
      vertex   4.496271e+01 5.725008e+01 6.698730e-02
    endloop
  endfacet
  facet normal -9.330499e-17 -6.087614e-01 -7.933533e-01
    outer loop
      vertex   4.496271e+01 5.725008e+01 6.698730e-02
      vertex   4.449071e+01 5.714653e+01 1.464466e-01
      vertex   4.449071e+01 5.725008e+01 6.698730e-02
    endloop
  endfacet
  facet normal -1.086560e-16 -3.826834e-01 -9.238795e-01
    outer loop
      vertex   4.496271e+01 5.725008e+01 6.698730e-02
      vertex   4.449071e+01 5.725008e+01 6.698730e-02
      vertex   4.496271e+01 5.737067e+01 1.703709e-02
    endloop
  endfacet
  facet normal -1.358200e-16 -3.826834e-01 -9.238795e-01
    outer loop
      vertex   4.496271e+01 5.737067e+01 1.703709e-02
      vertex   4.449071e+01 5.725008e+01 6.698730e-02
      vertex   4.449071e+01 5.737067e+01 1.703709e-02
    endloop
  endfacet
  facet normal -1.457528e-16 -1.305262e-01 -9.914449e-01
    outer loop
      vertex   4.496271e+01 5.737067e+01 1.703709e-02
      vertex   4.449071e+01 5.737067e+01 1.703709e-02
      vertex   4.496271e+01 5.750008e+01 0.000000e+00
    endloop
  endfacet
  facet normal -2.378157e-15 -1.305262e-01 -9.914449e-01
    outer loop
      vertex   4.496271e+01 5.750008e+01 0.000000e+00
      vertex   4.449071e+01 5.737067e+01 1.703709e-02
      vertex   4.449071e+01 5.750008e+01 1.132176e-15
    endloop
  endfacet
  facet normal -1.000000e+00 0.000000e+00 0.000000e+00
    outer loop
      vertex   4.449071e+01 5.737067e+01 1.703709e-02
      vertex   4.449071e+01 5.700008e+01 5.000000e-01
      vertex   4.449071e+01 5.750008e+01 1.132176e-15
    endloop
  endfacet
  facet normal -1.000000e+00 0.000000e+00 0.000000e+00
    outer loop
      vertex   4.449071e+01 5.750008e+01 1.132176e-15
      vertex   4.449071e+01 5.700008e+01 5.000000e-01
      vertex   4.449071e+01 5.828647e+01 2.837167e+00
    endloop
  endfacet
  facet normal -1.000000e+00 0.000000e+00 0.000000e+00
    outer loop
      vertex   4.449071e+01 5.750008e+01 1.132176e-15
      vertex   4.449071e+01 5.828647e+01 2.837167e+00
      vertex   4.449071e+01 5.860758e+01 2.643741e+00
    endloop
  endfacet
  facet normal -1.000000e+00 0.000000e+00 0.000000e+00
    outer loop
      vertex   4.449071e+01 5.737067e+01 1.703709e-02
      vertex   4.449071e+01 5.725008e+01 6.698730e-02
      vertex   4.449071e+01 5.700008e+01 5.000000e-01
    endloop
  endfacet
  facet normal -1.000000e+00 0.000000e+00 0.000000e+00
    outer loop
      vertex   4.449071e+01 5.700008e+01 5.000000e-01
      vertex   4.449071e+01 5.725008e+01 6.698730e-02
      vertex   4.449071e+01 5.714653e+01 1.464466e-01
    endloop
  endfacet
  facet normal -1.000000e+00 0.000000e+00 0.000000e+00
    outer loop
      vertex   4.449071e+01 5.700008e+01 5.000000e-01
      vertex   4.449071e+01 5.714653e+01 1.464466e-01
      vertex   4.449071e+01 5.706707e+01 2.500000e-01
    endloop
  endfacet
  facet normal -1.000000e+00 0.000000e+00 0.000000e+00
    outer loop
      vertex   4.449071e+01 5.706707e+01 2.500000e-01
      vertex   4.449071e+01 5.701712e+01 3.705905e-01
      vertex   4.449071e+01 5.700008e+01 5.000000e-01
    endloop
  endfacet
  facet normal -1.000000e+00 0.000000e+00 0.000000e+00
    outer loop
      vertex   4.449071e+01 5.700008e+01 3.000012e+00
      vertex   4.449071e+01 5.755906e+01 3.000008e+00
      vertex   4.449071e+01 5.700008e+01 5.000000e-01
    endloop
  endfacet
  facet normal -1.000000e+00 0.000000e+00 0.000000e+00
    outer loop
      vertex   4.449071e+01 5.700008e+01 5.000000e-01
      vertex   4.449071e+01 5.755906e+01 3.000008e+00
      vertex   4.449071e+01 5.793154e+01 2.957767e+00
    endloop
  endfacet
  facet normal -1.000000e+00 0.000000e+00 0.000000e+00
    outer loop
      vertex   4.449071e+01 5.700008e+01 5.000000e-01
      vertex   4.449071e+01 5.793154e+01 2.957767e+00
      vertex   4.449071e+01 5.828647e+01 2.837167e+00
    endloop
  endfacet
  facet normal -1.000000e+00 0.000000e+00 -0.000000e+00
    outer loop
      vertex   4.449071e+01 5.860758e+01 2.643741e+00
      vertex   4.449071e+01 5.888012e+01 2.386365e+00
      vertex   4.449071e+01 5.750008e+01 1.132176e-15
    endloop
  endfacet
  facet normal -1.000000e+00 0.000000e+00 0.000000e+00
    outer loop
      vertex   4.449071e+01 5.750008e+01 1.132176e-15
      vertex   4.449071e+01 5.888012e+01 2.386365e+00
      vertex   4.449071e+01 5.909160e+01 2.076848e+00
    endloop
  endfacet
  facet normal -1.000000e+00 0.000000e+00 0.000000e+00
    outer loop
      vertex   4.449071e+01 5.750008e+01 1.132176e-15
      vertex   4.449071e+01 5.909160e+01 2.076848e+00
      vertex   4.449071e+01 5.923230e+01 1.729394e+00
    endloop
  endfacet
  facet normal -1.000000e+00 0.000000e+00 -0.000000e+00
    outer loop
      vertex   4.449071e+01 5.923230e+01 1.729394e+00
      vertex   4.449071e+01 5.929578e+01 1.359944e+00
      vertex   4.449071e+01 5.750008e+01 1.132176e-15
    endloop
  endfacet
  facet normal -1.000000e+00 0.000000e+00 0.000000e+00
    outer loop
      vertex   4.449071e+01 5.750008e+01 1.132176e-15
      vertex   4.449071e+01 5.929578e+01 1.359944e+00
      vertex   4.449071e+01 5.927912e+01 9.854505e-01
    endloop
  endfacet
  facet normal -1.000000e+00 0.000000e+00 0.000000e+00
    outer loop
      vertex   4.449071e+01 5.750008e+01 1.132176e-15
      vertex   4.449071e+01 5.927912e+01 9.854505e-01
      vertex   4.449071e+01 5.918308e+01 6.230978e-01
    endloop
  endfacet
  facet normal -1.000000e+00 0.000000e+00 0.000000e+00
    outer loop
      vertex   4.449071e+01 5.918308e+01 6.230978e-01
      vertex   4.449071e+01 5.901207e+01 2.895121e-01
      vertex   4.449071e+01 5.750008e+01 1.132176e-15
    endloop
  endfacet
  facet normal -1.000000e+00 0.000000e+00 0.000000e+00
    outer loop
      vertex   4.449071e+01 5.750008e+01 1.132176e-15
      vertex   4.449071e+01 5.901207e+01 2.895121e-01
      vertex   4.449071e+01 5.877394e+01 0.000000e+00
    endloop
  endfacet
  facet normal 3.010774e-14 -1.000000e+00 -5.684314e-15
    outer loop
      vertex   4.496271e+01 5.700008e+01 5.000000e-01
      vertex   4.496271e+01 5.700008e+01 3.000012e+00
      vertex   4.449071e+01 5.700008e+01 5.000000e-01
    endloop
  endfacet
  facet normal 0.000000e+00 -1.000000e+00 0.000000e+00
    outer loop
      vertex   4.449071e+01 5.700008e+01 5.000000e-01
      vertex   4.496271e+01 5.700008e+01 3.000012e+00
      vertex   4.449071e+01 5.700008e+01 3.000012e+00
    endloop
  endfacet
  facet normal -0.000000e+00 7.848623e-06 1.000000e+00
    outer loop
      vertex   4.449071e+01 5.700008e+01 3.000012e+00
      vertex   4.496271e+01 5.700008e+01 3.000012e+00
      vertex   4.449071e+01 5.755906e+01 3.000008e+00
    endloop
  endfacet
  facet normal -0.000000e+00 7.848623e-06 1.000000e+00
    outer loop
      vertex   4.449071e+01 5.755906e+01 3.000008e+00
      vertex   4.496271e+01 5.700008e+01 3.000012e+00
      vertex   4.596271e+01 5.755906e+01 3.000008e+00
    endloop
  endfacet
  facet normal 1.587646e-06 5.008348e-06 1.000000e+00
    outer loop
      vertex   4.596271e+01 5.755906e+01 3.000008e+00
      vertex   4.496271e+01 5.700008e+01 3.000012e+00
      vertex   4.596271e+01 5.645203e+01 3.000013e+00
    endloop
  endfacet
  facet normal 0.000000e+00 2.111445e-06 1.000000e+00
    outer loop
      vertex   4.596271e+01 5.645203e+01 3.000013e+00
      vertex   4.496271e+01 5.700008e+01 3.000012e+00
      vertex   4.496271e+01 5.645203e+01 3.000013e+00
    endloop
  endfacet
  facet normal -0.000000e+00 1.126836e-01 9.936309e-01
    outer loop
      vertex   4.449071e+01 5.755906e+01 3.000008e+00
      vertex   4.596271e+01 5.755906e+01 3.000008e+00
      vertex   4.449071e+01 5.793154e+01 2.957767e+00
    endloop
  endfacet
  facet normal -1.087861e-15 1.126836e-01 9.936309e-01
    outer loop
      vertex   4.449071e+01 5.793154e+01 2.957767e+00
      vertex   4.596271e+01 5.755906e+01 3.000008e+00
      vertex   4.596271e+01 5.793154e+01 2.957767e+00
    endloop
  endfacet
  facet normal -3.105898e-15 3.217176e-01 9.468357e-01
    outer loop
      vertex   4.449071e+01 5.793154e+01 2.957767e+00
      vertex   4.596271e+01 5.793154e+01 2.957767e+00
      vertex   4.449071e+01 5.828647e+01 2.837167e+00
    endloop
  endfacet
  facet normal 1.552949e-15 3.217176e-01 9.468357e-01
    outer loop
      vertex   4.449071e+01 5.828647e+01 2.837167e+00
      vertex   4.596271e+01 5.793154e+01 2.957767e+00
      vertex   4.596271e+01 5.828647e+01 2.837167e+00
    endloop
  endfacet
  facet normal 2.490711e-15 5.159896e-01 8.565949e-01
    outer loop
      vertex   4.449071e+01 5.828647e+01 2.837167e+00
      vertex   4.596271e+01 5.828647e+01 2.837167e+00
      vertex   4.449071e+01 5.860758e+01 2.643741e+00
    endloop
  endfacet
  facet normal -0.000000e+00 5.159896e-01 8.565949e-01
    outer loop
      vertex   4.449071e+01 5.860758e+01 2.643741e+00
      vertex   4.596271e+01 5.828647e+01 2.837167e+00
      vertex   4.596271e+01 5.860758e+01 2.643741e+00
    endloop
  endfacet
  facet normal -0.000000e+00 6.865853e-01 7.270492e-01
    outer loop
      vertex   4.449071e+01 5.860758e+01 2.643741e+00
      vertex   4.596271e+01 5.860758e+01 2.643741e+00
      vertex   4.449071e+01 5.888012e+01 2.386365e+00
    endloop
  endfacet
  facet normal -0.000000e+00 6.865853e-01 7.270492e-01
    outer loop
      vertex   4.449071e+01 5.888012e+01 2.386365e+00
      vertex   4.596271e+01 5.860758e+01 2.643741e+00
      vertex   4.596271e+01 5.888012e+01 2.386365e+00
    endloop
  endfacet
  facet normal -0.000000e+00 8.256771e-01 5.641429e-01
    outer loop
      vertex   4.449071e+01 5.888012e+01 2.386365e+00
      vertex   4.596271e+01 5.888012e+01 2.386365e+00
      vertex   4.449071e+01 5.909160e+01 2.076848e+00
    endloop
  endfacet
  facet normal -3.985590e-15 8.256771e-01 5.641429e-01
    outer loop
      vertex   4.449071e+01 5.909160e+01 2.076848e+00
      vertex   4.596271e+01 5.888012e+01 2.386365e+00
      vertex   4.596271e+01 5.909160e+01 2.076848e+00
    endloop
  endfacet
  facet normal -4.474116e-15 9.268828e-01 3.753510e-01
    outer loop
      vertex   4.449071e+01 5.909160e+01 2.076848e+00
      vertex   4.596271e+01 5.909160e+01 2.076848e+00
      vertex   4.449071e+01 5.923230e+01 1.729394e+00
    endloop
  endfacet
  facet normal -0.000000e+00 9.268828e-01 3.753510e-01
    outer loop
      vertex   4.449071e+01 5.923230e+01 1.729394e+00
      vertex   4.596271e+01 5.909160e+01 2.076848e+00
      vertex   4.596271e+01 5.923230e+01 1.729394e+00
    endloop
  endfacet
  facet normal -0.000000e+00 9.855584e-01 1.693360e-01
    outer loop
      vertex   4.449071e+01 5.923230e+01 1.729394e+00
      vertex   4.596271e+01 5.923230e+01 1.729394e+00
      vertex   4.449071e+01 5.929578e+01 1.359944e+00
    endloop
  endfacet
  facet normal 2.554358e-17 9.855584e-01 1.693360e-01
    outer loop
      vertex   4.449071e+01 5.929578e+01 1.359944e+00
      vertex   4.596271e+01 5.923230e+01 1.729394e+00
      vertex   4.596271e+01 5.929578e+01 1.359944e+00
    endloop
  endfacet
  facet normal -6.704924e-18 9.990117e-01 -4.444894e-02
    outer loop
      vertex   4.449071e+01 5.929578e+01 1.359944e+00
      vertex   4.596271e+01 5.929578e+01 1.359944e+00
      vertex   4.449071e+01 5.927912e+01 9.854505e-01
    endloop
  endfacet
  facet normal -1.005739e-17 9.990117e-01 -4.444894e-02
    outer loop
      vertex   4.449071e+01 5.927912e+01 9.854505e-01
      vertex   4.596271e+01 5.929578e+01 1.359944e+00
      vertex   4.596271e+01 5.927912e+01 9.854505e-01
    endloop
  endfacet
  facet normal -5.796865e-17 9.666253e-01 -2.561943e-01
    outer loop
      vertex   4.449071e+01 5.927912e+01 9.854505e-01
      vertex   4.596271e+01 5.927912e+01 9.854505e-01
      vertex   4.449071e+01 5.918308e+01 6.230978e-01
    endloop
  endfacet
  facet normal 0.000000e+00 9.666253e-01 -2.561943e-01
    outer loop
      vertex   4.449071e+01 5.918308e+01 6.230978e-01
      vertex   4.596271e+01 5.927912e+01 9.854505e-01
      vertex   4.596271e+01 5.918308e+01 6.230978e-01
    endloop
  endfacet
  facet normal 0.000000e+00 8.898853e-01 -4.561843e-01
    outer loop
      vertex   4.449071e+01 5.918308e+01 6.230978e-01
      vertex   4.596271e+01 5.918308e+01 6.230978e-01
      vertex   4.449071e+01 5.901207e+01 2.895121e-01
    endloop
  endfacet
  facet normal -8.591054e-15 8.898853e-01 -4.561843e-01
    outer loop
      vertex   4.449071e+01 5.901207e+01 2.895121e-01
      vertex   4.596271e+01 5.918308e+01 6.230978e-01
      vertex   4.596271e+01 5.901207e+01 2.895121e-01
    endloop
  endfacet
  facet normal -7.455997e-15 7.723130e-01 -6.352422e-01
    outer loop
      vertex   4.449071e+01 5.901207e+01 2.895121e-01
      vertex   4.596271e+01 5.901207e+01 2.895121e-01
      vertex   4.449071e+01 5.877394e+01 0.000000e+00
    endloop
  endfacet
  facet normal 0.000000e+00 7.723130e-01 -6.352422e-01
    outer loop
      vertex   4.449071e+01 5.877394e+01 0.000000e+00
      vertex   4.596271e+01 5.901207e+01 2.895121e-01
      vertex   4.596271e+01 5.877394e+01 0.000000e+00
    endloop
  endfacet
  facet normal 0.000000e+00 -1.000000e+00 5.008334e-06
    outer loop
      vertex   4.596271e+01 5.645203e+01 3.000003e+00
      vertex   4.596271e+01 5.645203e+01 3.000013e+00
      vertex   4.496271e+01 5.645203e+01 3.000003e+00
    endloop
  endfacet
  facet normal 0.000000e+00 -1.000000e+00 5.008334e-06
    outer loop
      vertex   4.496271e+01 5.645203e+01 3.000003e+00
      vertex   4.596271e+01 5.645203e+01 3.000013e+00
      vertex   4.496271e+01 5.645203e+01 3.000013e+00
    endloop
  endfacet
  facet normal -2.909399e-09 1.000000e+00 -1.460687e-08
    outer loop
      vertex   4.449087e+01 9.255720e+01 2.900000e+00
      vertex   4.449087e+01 9.255720e+01 2.993981e+00
      vertex   4.496271e+01 9.255720e+01 2.900000e+00
    endloop
  endfacet
  facet normal -2.734282e-09 1.000000e+00 -1.372769e-08
    outer loop
      vertex   4.496271e+01 9.255720e+01 2.900000e+00
      vertex   4.449087e+01 9.255720e+01 2.993981e+00
      vertex   4.496271e+01 9.255720e+01 3.000000e+00
    endloop
  endfacet
  facet normal -2.909399e-09 1.000000e+00 1.450615e-23
    outer loop
      vertex   4.496271e+01 9.255720e+01 3.000000e+00
      vertex   4.449087e+01 9.255720e+01 2.993981e+00
      vertex   4.449087e+01 9.255720e+01 3.000000e+00
    endloop
  endfacet
  facet normal -6.428311e-12 1.359348e-15 1.000000e+00
    outer loop
      vertex   4.449087e+01 9.255720e+01 3.000000e+00
      vertex   4.449087e+01 9.190381e+01 3.000000e+00
      vertex   4.496271e+01 9.255720e+01 3.000000e+00
    endloop
  endfacet
  facet normal -1.049979e-28 -4.640814e-12 1.000000e+00
    outer loop
      vertex   4.496271e+01 9.255720e+01 3.000000e+00
      vertex   4.449087e+01 9.190381e+01 3.000000e+00
      vertex   4.596271e+01 9.190381e+01 3.000000e+00
    endloop
  endfacet
  facet normal -1.238225e-08 -1.895554e-08 1.000000e+00
    outer loop
      vertex   4.496271e+01 9.255720e+01 3.000000e+00
      vertex   4.596271e+01 9.190381e+01 3.000000e+00
      vertex   4.596271e+01 9.272288e+01 3.000000e+00
    endloop
  endfacet
  facet normal 0.000000e+00 -9.369149e-08 1.000000e+00
    outer loop
      vertex   4.596271e+01 9.272288e+01 3.000000e+00
      vertex   4.496271e+01 9.272288e+01 3.000000e+00
      vertex   4.496271e+01 9.255720e+01 3.000000e+00
    endloop
  endfacet
  facet normal 1.000000e+00 0.000000e+00 -0.000000e+00
    outer loop
      vertex   4.449087e+01 9.255720e+01 3.000000e+00
      vertex   4.449087e+01 9.255742e+01 3.200000e+00
      vertex   4.449087e+01 9.190381e+01 3.000000e+00
    endloop
  endfacet
  facet normal 1.000000e+00 0.000000e+00 0.000000e+00
    outer loop
      vertex   4.449087e+01 9.190381e+01 3.000000e+00
      vertex   4.449087e+01 9.255742e+01 3.200000e+00
      vertex   4.449087e+01 9.252335e+01 3.458819e+00
    endloop
  endfacet
  facet normal 1.000000e+00 0.000000e+00 0.000000e+00
    outer loop
      vertex   4.449087e+01 9.190381e+01 3.000000e+00
      vertex   4.449087e+01 9.252335e+01 3.458819e+00
      vertex   4.449087e+01 9.242345e+01 3.700000e+00
    endloop
  endfacet
  facet normal 1.000000e+00 3.215963e-11 -0.000000e+00
    outer loop
      vertex   4.449087e+01 9.255720e+01 2.993981e+00
      vertex   4.449087e+01 9.255742e+01 2.993999e+00
      vertex   4.449087e+01 9.255720e+01 3.000000e+00
    endloop
  endfacet
  facet normal 1.000000e+00 3.215962e-11 -4.415854e-19
    outer loop
      vertex   4.449087e+01 9.255720e+01 3.000000e+00
      vertex   4.449087e+01 9.255742e+01 2.993999e+00
      vertex   4.449087e+01 9.255742e+01 3.000000e+00
    endloop
  endfacet
  facet normal 1.000000e+00 3.215962e-11 -3.552714e-14
    outer loop
      vertex   4.449087e+01 9.255720e+01 3.000000e+00
      vertex   4.449087e+01 9.255742e+01 3.000000e+00
      vertex   4.449087e+01 9.255742e+01 3.200000e+00
    endloop
  endfacet
  facet normal 1.000000e+00 0.000000e+00 0.000000e+00
    outer loop
      vertex   4.449087e+01 9.242345e+01 3.700000e+00
      vertex   4.449087e+01 9.226453e+01 3.907107e+00
      vertex   4.449087e+01 9.190381e+01 3.000000e+00
    endloop
  endfacet
  facet normal 1.000000e+00 0.000000e+00 0.000000e+00
    outer loop
      vertex   4.449087e+01 9.190381e+01 3.000000e+00
      vertex   4.449087e+01 9.226453e+01 3.907107e+00
      vertex   4.449087e+01 9.205742e+01 4.066025e+00
    endloop
  endfacet
  facet normal 1.000000e+00 0.000000e+00 -0.000000e+00
    outer loop
      vertex   4.449087e+01 9.190381e+01 3.000000e+00
      vertex   4.449087e+01 9.205742e+01 4.066025e+00
      vertex   4.449087e+01 9.181624e+01 4.165926e+00
    endloop
  endfacet
  facet normal 1.000000e+00 0.000000e+00 0.000000e+00
    outer loop
      vertex   4.449087e+01 9.190381e+01 3.000000e+00
      vertex   4.449087e+01 9.181624e+01 4.165926e+00
      vertex   4.449087e+01 9.157486e+01 2.968804e+00
    endloop
  endfacet
  facet normal 1.000000e+00 0.000000e+00 -0.000000e+00
    outer loop
      vertex   4.449087e+01 9.157486e+01 2.968804e+00
      vertex   4.449087e+01 9.181624e+01 4.165926e+00
      vertex   4.449087e+01 9.155742e+01 4.200000e+00
    endloop
  endfacet
  facet normal 1.000000e+00 0.000000e+00 0.000000e+00
    outer loop
      vertex   4.449087e+01 9.157486e+01 2.968804e+00
      vertex   4.449087e+01 9.155742e+01 4.200000e+00
      vertex   4.449087e+01 9.125763e+01 2.876328e+00
    endloop
  endfacet
  facet normal 1.000000e+00 0.000000e+00 -0.000000e+00
    outer loop
      vertex   4.449087e+01 9.125763e+01 2.876328e+00
      vertex   4.449087e+01 9.155742e+01 4.200000e+00
      vertex   4.449087e+01 9.065676e+01 4.200000e+00
    endloop
  endfacet
  facet normal 1.000000e+00 0.000000e+00 0.000000e+00
    outer loop
      vertex   4.449087e+01 9.125763e+01 2.876328e+00
      vertex   4.449087e+01 9.065676e+01 4.200000e+00
      vertex   4.449087e+01 9.096344e+01 2.725870e+00
    endloop
  endfacet
  facet normal 1.000000e+00 0.000000e+00 0.000000e+00
    outer loop
      vertex   4.449087e+01 9.096344e+01 2.725870e+00
      vertex   4.449087e+01 9.065676e+01 4.200000e+00
      vertex   4.449087e+01 9.015676e+01 3.700000e+00
    endloop
  endfacet
  facet normal 1.000000e+00 0.000000e+00 0.000000e+00
    outer loop
      vertex   4.449087e+01 9.096344e+01 2.725870e+00
      vertex   4.449087e+01 9.015676e+01 3.700000e+00
      vertex   4.449087e+01 9.070277e+01 2.522793e+00
    endloop
  endfacet
  facet normal 1.000000e+00 0.000000e+00 0.000000e+00
    outer loop
      vertex   4.449087e+01 9.070277e+01 2.522793e+00
      vertex   4.449087e+01 9.015676e+01 3.700000e+00
      vertex   4.449087e+01 9.048493e+01 2.274337e+00
    endloop
  endfacet
  facet normal 1.000000e+00 0.000000e+00 0.000000e+00
    outer loop
      vertex   4.449087e+01 9.048493e+01 2.274337e+00
      vertex   4.449087e+01 9.015676e+01 3.700000e+00
      vertex   4.449087e+01 9.031767e+01 1.989362e+00
    endloop
  endfacet
  facet normal 1.000000e+00 0.000000e+00 0.000000e+00
    outer loop
      vertex   4.449087e+01 9.031767e+01 1.989362e+00
      vertex   4.449087e+01 9.015676e+01 3.700000e+00
      vertex   4.449087e+01 9.020697e+01 1.678026e+00
    endloop
  endfacet
  facet normal 1.000000e+00 0.000000e+00 0.000000e+00
    outer loop
      vertex   4.449087e+01 9.020697e+01 1.678026e+00
      vertex   4.449087e+01 9.015676e+01 3.700000e+00
      vertex   4.449087e+01 9.015676e+01 1.351430e+00
    endloop
  endfacet
  facet normal 1.000000e+00 0.000000e+00 0.000000e+00
    outer loop
      vertex   4.449087e+01 9.065676e+01 4.200000e+00
      vertex   4.449087e+01 9.052735e+01 4.182963e+00
      vertex   4.449087e+01 9.015676e+01 3.700000e+00
    endloop
  endfacet
  facet normal 1.000000e+00 0.000000e+00 0.000000e+00
    outer loop
      vertex   4.449087e+01 9.015676e+01 3.700000e+00
      vertex   4.449087e+01 9.052735e+01 4.182963e+00
      vertex   4.449087e+01 9.040676e+01 4.133013e+00
    endloop
  endfacet
  facet normal 1.000000e+00 0.000000e+00 0.000000e+00
    outer loop
      vertex   4.449087e+01 9.015676e+01 3.700000e+00
      vertex   4.449087e+01 9.040676e+01 4.133013e+00
      vertex   4.449087e+01 9.030320e+01 4.053553e+00
    endloop
  endfacet
  facet normal 1.000000e+00 0.000000e+00 0.000000e+00
    outer loop
      vertex   4.449087e+01 9.030320e+01 4.053553e+00
      vertex   4.449087e+01 9.022374e+01 3.950000e+00
      vertex   4.449087e+01 9.015676e+01 3.700000e+00
    endloop
  endfacet
  facet normal 1.000000e+00 0.000000e+00 0.000000e+00
    outer loop
      vertex   4.449087e+01 9.015676e+01 3.700000e+00
      vertex   4.449087e+01 9.022374e+01 3.950000e+00
      vertex   4.449087e+01 9.017379e+01 3.829409e+00
    endloop
  endfacet
  facet normal 0.000000e+00 7.723828e-01 -6.351573e-01
    outer loop
      vertex   6.962804e+00 5.292729e+01 0.000000e+00
      vertex   2.196277e+01 5.316562e+01 2.898146e-01
      vertex   4.496271e+01 5.292729e+01 0.000000e+00
    endloop
  endfacet
  facet normal 2.472123e-06 7.724791e-01 -6.350402e-01
    outer loop
      vertex   4.496271e+01 5.292729e+01 0.000000e+00
      vertex   2.196277e+01 5.316562e+01 2.898146e-01
      vertex   2.996275e+01 5.316572e+01 2.899690e-01
    endloop
  endfacet
  facet normal 2.474542e-06 7.724792e-01 -6.350401e-01
    outer loop
      vertex   4.496271e+01 5.292729e+01 0.000000e+00
      vertex   2.996275e+01 5.316572e+01 2.899690e-01
      vertex   3.796273e+01 5.316582e+01 2.901234e-01
    endloop
  endfacet
  facet normal -2.474389e-06 8.901014e-01 -4.557625e-01
    outer loop
      vertex   3.796273e+01 5.316582e+01 2.901234e-01
      vertex   2.996275e+01 5.316572e+01 2.899690e-01
      vertex   2.996275e+01 5.333681e+01 6.241176e-01
    endloop
  endfacet
  facet normal 4.948779e-06 8.901735e-01 -4.556217e-01
    outer loop
      vertex   3.796273e+01 5.316582e+01 2.901234e-01
      vertex   2.996275e+01 5.333681e+01 6.241176e-01
      vertex   3.796273e+01 5.333694e+01 6.244624e-01
    endloop
  endfacet
  facet normal -4.946358e-06 9.668261e-01 -2.554355e-01
    outer loop
      vertex   3.796273e+01 5.333694e+01 6.244624e-01
      vertex   2.996275e+01 5.333681e+01 6.241176e-01
      vertex   2.996275e+01 5.343270e+01 9.870690e-01
    endloop
  endfacet
  facet normal 7.419537e-06 9.668935e-01 -2.551804e-01
    outer loop
      vertex   3.796273e+01 5.333694e+01 6.244624e-01
      vertex   2.996275e+01 5.343270e+01 9.870690e-01
      vertex   3.796273e+01 5.343279e+01 9.876166e-01
    endloop
  endfacet
  facet normal -7.415905e-06 9.990598e-01 -4.335386e-02
    outer loop
      vertex   3.796273e+01 5.343279e+01 9.876166e-01
      vertex   2.996275e+01 5.343270e+01 9.870690e-01
      vertex   2.996275e+01 5.344898e+01 1.362121e+00
    endloop
  endfacet
  facet normal 9.887873e-06 9.990757e-01 -4.298492e-02
    outer loop
      vertex   3.796273e+01 5.343279e+01 9.876166e-01
      vertex   2.996275e+01 5.344898e+01 1.362121e+00
      vertex   3.796273e+01 5.344893e+01 1.362858e+00
    endloop
  endfacet
  facet normal -9.928493e-06 9.852344e-01 1.712108e-01
    outer loop
      vertex   3.796273e+01 5.344893e+01 1.362858e+00
      vertex   2.996275e+01 5.344898e+01 1.362121e+00
      vertex   2.996275e+01 5.338441e+01 1.733681e+00
    endloop
  endfacet
  facet normal -1.778404e-08 9.851983e-01 1.714183e-01
    outer loop
      vertex   3.796273e+01 5.344893e+01 1.362858e+00
      vertex   2.996275e+01 5.338441e+01 1.733681e+00
      vertex   3.796273e+01 5.338441e+01 1.733680e+00
    endloop
  endfacet
  facet normal 1.775351e-08 9.258254e-01 3.779514e-01
    outer loop
      vertex   3.796273e+01 5.338441e+01 1.733680e+00
      vertex   2.996275e+01 5.338441e+01 1.733681e+00
      vertex   3.796273e+01 5.324240e+01 2.081558e+00
    endloop
  endfacet
  facet normal -2.130421e-08 9.258254e-01 3.779514e-01
    outer loop
      vertex   3.796273e+01 5.338441e+01 1.733680e+00
      vertex   3.796273e+01 5.324240e+01 2.081558e+00
      vertex   4.496271e+01 5.324240e+01 2.081557e+00
    endloop
  endfacet
  facet normal 2.130420e-08 8.238022e-01 5.668773e-01
    outer loop
      vertex   4.496271e+01 5.324240e+01 2.081557e+00
      vertex   3.796273e+01 5.324240e+01 2.081558e+00
      vertex   4.496271e+01 5.302939e+01 2.391100e+00
    endloop
  endfacet
  facet normal -2.485490e-08 8.238017e-01 5.668781e-01
    outer loop
      vertex   4.496271e+01 5.302939e+01 2.391100e+00
      vertex   3.796273e+01 5.324240e+01 2.081558e+00
      vertex   3.796273e+01 5.302939e+01 2.391101e+00
    endloop
  endfacet
  facet normal 2.485488e-08 6.837998e-01 7.296697e-01
    outer loop
      vertex   4.496271e+01 5.302939e+01 2.391100e+00
      vertex   3.796273e+01 5.302939e+01 2.391101e+00
      vertex   4.496271e+01 5.275522e+01 2.648037e+00
    endloop
  endfacet
  facet normal -2.840558e-08 6.837990e-01 7.296704e-01
    outer loop
      vertex   4.496271e+01 5.275522e+01 2.648037e+00
      vertex   3.796273e+01 5.302939e+01 2.391101e+00
      vertex   3.796273e+01 5.275522e+01 2.648038e+00
    endloop
  endfacet
  facet normal 2.840556e-08 5.122727e-01 8.588228e-01
    outer loop
      vertex   4.496271e+01 5.275522e+01 2.648037e+00
      vertex   3.796273e+01 5.275522e+01 2.648038e+00
      vertex   4.496271e+01 5.243252e+01 2.840523e+00
    endloop
  endfacet
  facet normal -3.195626e-08 5.122718e-01 8.588234e-01
    outer loop
      vertex   4.496271e+01 5.243252e+01 2.840523e+00
      vertex   3.796273e+01 5.275522e+01 2.648038e+00
      vertex   3.796273e+01 5.243252e+01 2.840524e+00
    endloop
  endfacet
  facet normal 3.195624e-08 3.171289e-01 9.483824e-01
    outer loop
      vertex   4.496271e+01 5.243252e+01 2.840523e+00
      vertex   3.796273e+01 5.243252e+01 2.840524e+00
      vertex   4.496271e+01 5.207616e+01 2.959684e+00
    endloop
  endfacet
  facet normal -3.550693e-08 3.171277e-01 9.483828e-01
    outer loop
      vertex   4.496271e+01 5.207616e+01 2.959684e+00
      vertex   3.796273e+01 5.243252e+01 2.840524e+00
      vertex   3.796273e+01 5.207616e+01 2.959685e+00
    endloop
  endfacet
  facet normal 3.550691e-08 1.073648e-01 9.942197e-01
    outer loop
      vertex   4.496271e+01 5.207616e+01 2.959684e+00
      vertex   3.796273e+01 5.207616e+01 2.959685e+00
      vertex   4.496271e+01 5.170259e+01 3.000027e+00
    endloop
  endfacet
  facet normal -5.762717e-03 5.801997e-06 9.999834e-01
    outer loop
      vertex   4.496271e+01 5.170259e+01 3.000027e+00
      vertex   3.796273e+01 5.207616e+01 2.959685e+00
      vertex   3.796273e+01 5.132900e+01 2.959689e+00
    endloop
  endfacet
  facet normal -3.373219e-08 -1.073499e-01 9.942213e-01
    outer loop
      vertex   4.496271e+01 5.170259e+01 3.000027e+00
      vertex   3.796273e+01 5.132900e+01 2.959689e+00
      vertex   4.596271e+01 5.132901e+01 2.959690e+00
    endloop
  endfacet
  facet normal 3.373176e-08 -3.171160e-01 9.483868e-01
    outer loop
      vertex   4.596271e+01 5.132901e+01 2.959690e+00
      vertex   3.796273e+01 5.132900e+01 2.959689e+00
      vertex   4.596271e+01 5.097265e+01 2.840533e+00
    endloop
  endfacet
  facet normal -3.035859e-08 -3.171173e-01 9.483863e-01
    outer loop
      vertex   4.596271e+01 5.097265e+01 2.840533e+00
      vertex   3.796273e+01 5.132900e+01 2.959689e+00
      vertex   3.796273e+01 5.097265e+01 2.840532e+00
    endloop
  endfacet
  facet normal 3.035861e-08 -5.122623e-01 8.588291e-01
    outer loop
      vertex   4.596271e+01 5.097265e+01 2.840533e+00
      vertex   3.796273e+01 5.097265e+01 2.840532e+00
      vertex   4.596271e+01 5.064994e+01 2.648049e+00
    endloop
  endfacet
  facet normal -2.698543e-08 -5.122633e-01 8.588284e-01
    outer loop
      vertex   4.596271e+01 5.064994e+01 2.648049e+00
      vertex   3.796273e+01 5.097265e+01 2.840532e+00
      vertex   3.796273e+01 5.064994e+01 2.648048e+00
    endloop
  endfacet
  facet normal 2.698545e-08 -6.837919e-01 7.296771e-01
    outer loop
      vertex   4.596271e+01 5.064994e+01 2.648049e+00
      vertex   3.796273e+01 5.064994e+01 2.648048e+00
      vertex   4.596271e+01 5.037576e+01 2.391113e+00
    endloop
  endfacet
  facet normal -2.361227e-08 -6.837927e-01 7.296763e-01
    outer loop
      vertex   4.596271e+01 5.037576e+01 2.391113e+00
      vertex   3.796273e+01 5.064994e+01 2.648048e+00
      vertex   3.796273e+01 5.037576e+01 2.391112e+00
    endloop
  endfacet
  facet normal 2.361228e-08 -8.237969e-01 5.668850e-01
    outer loop
      vertex   4.596271e+01 5.037576e+01 2.391113e+00
      vertex   3.796273e+01 5.037576e+01 2.391112e+00
      vertex   4.596271e+01 5.016276e+01 2.081570e+00
    endloop
  endfacet
  facet normal -2.023910e-08 -8.237974e-01 5.668843e-01
    outer loop
      vertex   4.596271e+01 5.016276e+01 2.081570e+00
      vertex   3.796273e+01 5.037576e+01 2.391112e+00
      vertex   3.796273e+01 5.016276e+01 2.081569e+00
    endloop
  endfacet
  facet normal 2.023911e-08 -9.258227e-01 3.779581e-01
    outer loop
      vertex   4.596271e+01 5.016276e+01 2.081570e+00
      vertex   3.796273e+01 5.016276e+01 2.081569e+00
      vertex   4.596271e+01 5.002074e+01 1.733691e+00
    endloop
  endfacet
  facet normal -1.686593e-08 -9.258230e-01 3.779574e-01
    outer loop
      vertex   4.596271e+01 5.002074e+01 1.733691e+00
      vertex   3.796273e+01 5.016276e+01 2.081569e+00
      vertex   3.796273e+01 5.002074e+01 1.733690e+00
    endloop
  endfacet
  facet normal 1.686594e-08 -9.851656e-01 1.716063e-01
    outer loop
      vertex   4.596271e+01 5.002074e+01 1.733691e+00
      vertex   3.796273e+01 5.002074e+01 1.733690e+00
      vertex   4.596271e+01 4.995626e+01 1.363513e+00
    endloop
  endfacet
  facet normal -9.442922e-06 -9.852002e-01 1.714078e-01
    outer loop
      vertex   4.596271e+01 4.995626e+01 1.363513e+00
      vertex   3.796273e+01 5.002074e+01 1.733690e+00
      vertex   3.796273e+01 4.995621e+01 1.362811e+00
    endloop
  endfacet
  facet normal 9.425371e-06 -9.990898e-01 -4.265706e-02
    outer loop
      vertex   4.596271e+01 4.995626e+01 1.363513e+00
      vertex   3.796273e+01 4.995621e+01 1.362811e+00
      vertex   4.596271e+01 4.997229e+01 9.881033e-01
    endloop
  endfacet
  facet normal -7.069029e-06 -9.990747e-01 -4.300857e-02
    outer loop
      vertex   4.596271e+01 4.997229e+01 9.881033e-01
      vertex   3.796273e+01 4.995621e+01 1.362811e+00
      vertex   3.796273e+01 4.997236e+01 9.875815e-01
    endloop
  endfacet
  facet normal 7.072325e-06 -9.669532e-01 -2.549538e-01
    outer loop
      vertex   4.596271e+01 4.997229e+01 9.881033e-01
      vertex   3.796273e+01 4.997236e+01 9.875815e-01
      vertex   4.596271e+01 5.006808e+01 6.247689e-01
    endloop
  endfacet
  facet normal -4.714883e-06 -9.668891e-01 -2.551968e-01
    outer loop
      vertex   4.596271e+01 5.006808e+01 6.247689e-01
      vertex   3.796273e+01 4.997236e+01 9.875815e-01
      vertex   3.796273e+01 5.006821e+01 6.244403e-01
    endloop
  endfacet
  facet normal 4.717081e-06 -8.902376e-01 -4.554965e-01
    outer loop
      vertex   4.596271e+01 5.006808e+01 6.247689e-01
      vertex   3.796273e+01 5.006821e+01 6.244403e-01
      vertex   4.596271e+01 5.023924e+01 2.902606e-01
    endloop
  endfacet
  facet normal -2.358541e-06 -8.901689e-01 -4.556307e-01
    outer loop
      vertex   4.596271e+01 5.023924e+01 2.902606e-01
      vertex   3.796273e+01 5.006821e+01 6.244403e-01
      vertex   3.796273e+01 5.023933e+01 2.901135e-01
    endloop
  endfacet
  facet normal 2.359639e-06 -7.724796e-01 -6.350395e-01
    outer loop
      vertex   4.596271e+01 5.023924e+01 2.902606e-01
      vertex   3.796273e+01 5.023933e+01 2.901135e-01
      vertex   4.596271e+01 5.047786e+01 0.000000e+00
    endloop
  endfacet
  facet normal 2.357443e-06 -7.724796e-01 -6.350396e-01
    outer loop
      vertex   4.596271e+01 5.047786e+01 0.000000e+00
      vertex   3.796273e+01 5.023933e+01 2.901135e-01
      vertex   2.996275e+01 5.023943e+01 2.899664e-01
    endloop
  endfacet
  facet normal 2.355247e-06 -7.724795e-01 -6.350396e-01
    outer loop
      vertex   4.596271e+01 5.047786e+01 0.000000e+00
      vertex   2.996275e+01 5.023943e+01 2.899664e-01
      vertex   2.196277e+01 5.023953e+01 2.898193e-01
    endloop
  endfacet
  facet normal -2.356343e-06 -8.900315e-01 -4.558991e-01
    outer loop
      vertex   2.196277e+01 5.023953e+01 2.898193e-01
      vertex   2.996275e+01 5.023943e+01 2.899664e-01
      vertex   2.196277e+01 5.006846e+01 6.237832e-01
    endloop
  endfacet
  facet normal 4.710488e-06 -8.900315e-01 -4.558991e-01
    outer loop
      vertex   2.196277e+01 5.023953e+01 2.898193e-01
      vertex   2.196277e+01 5.006846e+01 6.237832e-01
      vertex   1.396278e+01 5.006859e+01 6.234547e-01
    endloop
  endfacet
  facet normal -4.708290e-06 -9.666965e-01 -2.559257e-01
    outer loop
      vertex   1.396278e+01 5.006859e+01 6.234547e-01
      vertex   2.196277e+01 5.006846e+01 6.237832e-01
      vertex   1.396278e+01 4.997260e+01 9.860163e-01
    endloop
  endfacet
  facet normal 7.059139e-06 -9.666965e-01 -2.559257e-01
    outer loop
      vertex   1.396278e+01 5.006859e+01 6.234547e-01
      vertex   1.396278e+01 4.997260e+01 9.860163e-01
      vertex   5.962804e+00 4.997268e+01 9.854946e-01
    endloop
  endfacet
  facet normal -7.055842e-06 -9.990132e-01 -4.441455e-02
    outer loop
      vertex   5.962804e+00 4.997268e+01 9.854946e-01
      vertex   1.396278e+01 4.997260e+01 9.860163e-01
      vertex   5.962804e+00 4.995603e+01 1.360002e+00
    endloop
  endfacet
  facet normal 9.407789e-06 -9.990288e-01 -4.406306e-02
    outer loop
      vertex   5.962804e+00 4.995603e+01 1.360002e+00
      vertex   1.396278e+01 4.997260e+01 9.860163e-01
      vertex   1.396278e+01 4.995608e+01 1.360704e+00
    endloop
  endfacet
  facet normal -9.403394e-06 -9.855512e-01 1.693776e-01
    outer loop
      vertex   5.962804e+00 4.995603e+01 1.360002e+00
      vertex   1.396278e+01 4.995608e+01 1.360704e+00
      vertex   5.962804e+00 5.001953e+01 1.729463e+00
    endloop
  endfacet
  facet normal 5.870401e-05 -9.853035e-01 1.708125e-01
    outer loop
      vertex   5.962804e+00 5.001953e+01 1.729463e+00
      vertex   1.396278e+01 4.995608e+01 1.360704e+00
      vertex   1.396278e+01 5.002074e+01 1.733686e+00
    endloop
  endfacet
  facet normal -5.812851e-05 -9.268640e-01 3.753973e-01
    outer loop
      vertex   5.962804e+00 5.001953e+01 1.729463e+00
      vertex   1.396278e+01 5.002074e+01 1.733686e+00
      vertex   5.962804e+00 5.016026e+01 2.076923e+00
    endloop
  endfacet
  facet normal 6.975420e-05 -9.258239e-01 3.779552e-01
    outer loop
      vertex   5.962804e+00 5.016026e+01 2.076923e+00
      vertex   1.396278e+01 5.002074e+01 1.733686e+00
      vertex   1.396278e+01 5.016275e+01 2.081565e+00
    endloop
  endfacet
  facet normal -6.958972e-05 -8.256445e-01 5.641907e-01
    outer loop
      vertex   5.962804e+00 5.016026e+01 2.076923e+00
      vertex   1.396278e+01 5.016275e+01 2.081565e+00
      vertex   5.962804e+00 5.037176e+01 2.386438e+00
    endloop
  endfacet
  facet normal 8.118800e-05 -8.237990e-01 5.668820e-01
    outer loop
      vertex   5.962804e+00 5.037176e+01 2.386438e+00
      vertex   1.396278e+01 5.016275e+01 2.081565e+00
      vertex   1.396278e+01 5.037576e+01 2.391108e+00
    endloop
  endfacet
  facet normal -8.099611e-05 -6.865376e-01 7.270943e-01
    outer loop
      vertex   5.962804e+00 5.037176e+01 2.386438e+00
      vertex   1.396278e+01 5.037576e+01 2.391108e+00
      vertex   5.962804e+00 5.064433e+01 2.643806e+00
    endloop
  endfacet
  facet normal 9.256696e-05 -6.837950e-01 7.296741e-01
    outer loop
      vertex   5.962804e+00 5.064433e+01 2.643806e+00
      vertex   1.396278e+01 5.037576e+01 2.391108e+00
      vertex   1.396278e+01 5.064994e+01 2.648045e+00
    endloop
  endfacet
  facet normal -9.234765e-05 -5.159267e-01 8.566327e-01
    outer loop
      vertex   5.962804e+00 5.064433e+01 2.643806e+00
      vertex   1.396278e+01 5.064994e+01 2.648045e+00
      vertex   5.962804e+00 5.096546e+01 2.837215e+00
    endloop
  endfacet
  facet normal 1.038911e-04 -5.122664e-01 8.588266e-01
    outer loop
      vertex   5.962804e+00 5.096546e+01 2.837215e+00
      vertex   1.396278e+01 5.064994e+01 2.648045e+00
      vertex   1.396278e+01 5.097264e+01 2.840529e+00
    endloop
  endfacet
  facet normal -1.036443e-04 -3.216407e-01 9.468618e-01
    outer loop
      vertex   5.962804e+00 5.096546e+01 2.837215e+00
      vertex   1.396278e+01 5.097264e+01 2.840529e+00
      vertex   5.962804e+00 5.132042e+01 2.957791e+00
    endloop
  endfacet
  facet normal 1.151604e-04 -3.171211e-01 9.483850e-01
    outer loop
      vertex   5.962804e+00 5.132042e+01 2.957791e+00
      vertex   1.396278e+01 5.097264e+01 2.840529e+00
      vertex   1.396278e+01 5.132900e+01 2.959688e+00
    endloop
  endfacet
  facet normal -1.148862e-04 -1.125952e-01 9.936409e-01
    outer loop
      vertex   5.962804e+00 5.132042e+01 2.957791e+00
      vertex   1.396278e+01 5.132900e+01 2.959688e+00
      vertex   5.962804e+00 5.169291e+01 3.000000e+00
    endloop
  endfacet
  facet normal 0.000000e+00 -1.101006e-01 9.939204e-01
    outer loop
      vertex   5.962804e+00 5.169291e+01 3.000000e+00
      vertex   1.396278e+01 5.132900e+01 2.959688e+00
      vertex   6.962804e+00 5.169291e+01 3.000000e+00
    endloop
  endfacet
  facet normal 5.567452e-03 -3.680514e-03 9.999777e-01
    outer loop
      vertex   6.962804e+00 5.169291e+01 3.000000e+00
      vertex   1.396278e+01 5.132900e+01 2.959688e+00
      vertex   6.962804e+00 5.169935e+01 3.000024e+00
    endloop
  endfacet
  facet normal 5.762214e-03 -6.894599e-14 9.999834e-01
    outer loop
      vertex   6.962804e+00 5.169935e+01 3.000024e+00
      vertex   1.396278e+01 5.132900e+01 2.959688e+00
      vertex   6.962804e+00 5.170579e+01 3.000024e+00
    endloop
  endfacet
  facet normal 5.762288e-03 1.379628e-06 9.999834e-01
    outer loop
      vertex   6.962804e+00 5.170579e+01 3.000024e+00
      vertex   1.396278e+01 5.132900e+01 2.959688e+00
      vertex   1.396278e+01 5.207615e+01 2.959687e+00
    endloop
  endfacet
  facet normal 5.567597e-03 3.680514e-03 9.999777e-01
    outer loop
      vertex   6.962804e+00 5.170579e+01 3.000024e+00
      vertex   1.396278e+01 5.207615e+01 2.959687e+00
      vertex   6.962804e+00 5.171223e+01 3.000000e+00
    endloop
  endfacet
  facet normal -1.312281e-04 1.125952e-01 9.936409e-01
    outer loop
      vertex   6.962804e+00 5.171223e+01 3.000000e+00
      vertex   1.396278e+01 5.207615e+01 2.959687e+00
      vertex   6.962804e+00 5.208473e+01 2.957791e+00
    endloop
  endfacet
  facet normal 1.315411e-04 3.171236e-01 9.483842e-01
    outer loop
      vertex   6.962804e+00 5.208473e+01 2.957791e+00
      vertex   1.396278e+01 5.207615e+01 2.959687e+00
      vertex   1.396278e+01 5.243251e+01 2.840527e+00
    endloop
  endfacet
  facet normal -1.183870e-04 3.216407e-01 9.468618e-01
    outer loop
      vertex   6.962804e+00 5.208473e+01 2.957791e+00
      vertex   1.396278e+01 5.243251e+01 2.840527e+00
      vertex   6.962804e+00 5.243969e+01 2.837215e+00
    endloop
  endfacet
  facet normal 1.186687e-04 5.122685e-01 8.588254e-01
    outer loop
      vertex   6.962804e+00 5.243969e+01 2.837215e+00
      vertex   1.396278e+01 5.243251e+01 2.840527e+00
      vertex   1.396278e+01 5.275521e+01 2.648042e+00
    endloop
  endfacet
  facet normal -1.054833e-04 5.159267e-01 8.566327e-01
    outer loop
      vertex   6.962804e+00 5.243969e+01 2.837215e+00
      vertex   1.396278e+01 5.275521e+01 2.648042e+00
      vertex   6.962804e+00 5.276082e+01 2.643806e+00
    endloop
  endfacet
  facet normal 1.057337e-04 6.837965e-01 7.296727e-01
    outer loop
      vertex   6.962804e+00 5.276082e+01 2.643806e+00
      vertex   1.396278e+01 5.275521e+01 2.648042e+00
      vertex   1.396278e+01 5.302939e+01 2.391105e+00
    endloop
  endfacet
  facet normal -9.251698e-05 6.865376e-01 7.270943e-01
    outer loop
      vertex   6.962804e+00 5.276082e+01 2.643806e+00
      vertex   1.396278e+01 5.302939e+01 2.391105e+00
      vertex   6.962804e+00 5.303339e+01 2.386438e+00
    endloop
  endfacet
  facet normal 9.273604e-05 8.238000e-01 5.668805e-01
    outer loop
      vertex   6.962804e+00 5.303339e+01 2.386438e+00
      vertex   1.396278e+01 5.302939e+01 2.391105e+00
      vertex   1.396278e+01 5.324239e+01 2.081562e+00
    endloop
  endfacet
  facet normal -7.948805e-05 8.256445e-01 5.641907e-01
    outer loop
      vertex   6.962804e+00 5.303339e+01 2.386438e+00
      vertex   1.396278e+01 5.324239e+01 2.081562e+00
      vertex   6.962804e+00 5.324489e+01 2.076923e+00
    endloop
  endfacet
  facet normal 7.967582e-05 9.258245e-01 3.779538e-01
    outer loop
      vertex   6.962804e+00 5.324489e+01 2.076923e+00
      vertex   1.396278e+01 5.324239e+01 2.081562e+00
      vertex   1.396278e+01 5.338441e+01 1.733684e+00
    endloop
  endfacet
  facet normal -6.639652e-05 9.268640e-01 3.753973e-01
    outer loop
      vertex   6.962804e+00 5.324489e+01 2.076923e+00
      vertex   1.396278e+01 5.338441e+01 1.733684e+00
      vertex   6.962804e+00 5.338562e+01 1.729463e+00
    endloop
  endfacet
  facet normal 6.706368e-05 9.853065e-01 1.707957e-01
    outer loop
      vertex   6.962804e+00 5.338562e+01 1.729463e+00
      vertex   1.396278e+01 5.338441e+01 1.733684e+00
      vertex   1.396278e+01 5.344907e+01 1.360647e+00
    endloop
  endfacet
  facet normal -9.871529e-06 9.855512e-01 1.693776e-01
    outer loop
      vertex   6.962804e+00 5.338562e+01 1.729463e+00
      vertex   1.396278e+01 5.344907e+01 1.360647e+00
      vertex   6.962804e+00 5.344911e+01 1.360002e+00
    endloop
  endfacet
  facet normal 9.875766e-06 9.990275e-01 -4.409174e-02
    outer loop
      vertex   6.962804e+00 5.344911e+01 1.360002e+00
      vertex   1.396278e+01 5.344907e+01 1.360647e+00
      vertex   1.396278e+01 5.343254e+01 9.859737e-01
    endloop
  endfacet
  facet normal -7.406825e-06 9.990132e-01 -4.441455e-02
    outer loop
      vertex   6.962804e+00 5.344911e+01 1.360002e+00
      vertex   1.396278e+01 5.343254e+01 9.859737e-01
      vertex   6.962804e+00 5.343246e+01 9.854946e-01
    endloop
  endfacet
  facet normal 7.410003e-06 9.666912e-01 -2.559455e-01
    outer loop
      vertex   6.962804e+00 5.343246e+01 9.854946e-01
      vertex   1.396278e+01 5.343254e+01 9.859737e-01
      vertex   1.396278e+01 5.333655e+01 6.234279e-01
    endloop
  endfacet
  facet normal -4.940002e-06 9.666321e-01 -2.561686e-01
    outer loop
      vertex   6.962804e+00 5.343246e+01 9.854946e-01
      vertex   1.396278e+01 5.333655e+01 6.234279e-01
      vertex   6.962804e+00 5.333643e+01 6.231262e-01
    endloop
  endfacet
  facet normal 4.942121e-06 8.899571e-01 -4.560443e-01
    outer loop
      vertex   6.962804e+00 5.333643e+01 6.231262e-01
      vertex   1.396278e+01 5.333655e+01 6.234279e-01
      vertex   1.396278e+01 5.316551e+01 2.896603e-01
    endloop
  endfacet
  facet normal -2.471060e-06 8.898939e-01 -4.561675e-01
    outer loop
      vertex   6.962804e+00 5.333643e+01 6.231262e-01
      vertex   1.396278e+01 5.316551e+01 2.896603e-01
      vertex   6.962804e+00 5.316543e+01 2.895252e-01
    endloop
  endfacet
  facet normal 2.473179e-06 7.723200e-01 -6.352336e-01
    outer loop
      vertex   6.962804e+00 5.316543e+01 2.895252e-01
      vertex   1.396278e+01 5.316551e+01 2.896603e-01
      vertex   6.962804e+00 5.292729e+01 0.000000e+00
    endloop
  endfacet
  facet normal 2.475450e-06 7.723200e-01 -6.352337e-01
    outer loop
      vertex   6.962804e+00 5.292729e+01 0.000000e+00
      vertex   1.396278e+01 5.316551e+01 2.896603e-01
      vertex   2.196277e+01 5.316562e+01 2.898146e-01
    endloop
  endfacet
  facet normal -4.706092e-06 -9.666321e-01 -2.561686e-01
    outer loop
      vertex   5.962804e+00 4.997268e+01 9.854946e-01
      vertex   5.962804e+00 5.006871e+01 6.231262e-01
      vertex   1.396278e+01 5.006859e+01 6.234547e-01
    endloop
  endfacet
  facet normal 4.708290e-06 -8.899627e-01 -4.560333e-01
    outer loop
      vertex   1.396278e+01 5.006859e+01 6.234547e-01
      vertex   5.962804e+00 5.006871e+01 6.231262e-01
      vertex   1.396278e+01 5.023962e+01 2.896723e-01
    endloop
  endfacet
  facet normal -2.355244e-06 -8.899627e-01 -4.560333e-01
    outer loop
      vertex   1.396278e+01 5.006859e+01 6.234547e-01
      vertex   1.396278e+01 5.023962e+01 2.896723e-01
      vertex   2.196277e+01 5.023953e+01 2.898193e-01
    endloop
  endfacet
  facet normal 2.353052e-06 -7.724795e-01 -6.350398e-01
    outer loop
      vertex   2.196277e+01 5.023953e+01 2.898193e-01
      vertex   1.396278e+01 5.023962e+01 2.896723e-01
      vertex   4.596271e+01 5.047786e+01 0.000000e+00
    endloop
  endfacet
  facet normal -2.354145e-06 -8.898939e-01 -4.561675e-01
    outer loop
      vertex   5.962804e+00 5.006871e+01 6.231262e-01
      vertex   5.962804e+00 5.023972e+01 2.895252e-01
      vertex   1.396278e+01 5.023962e+01 2.896723e-01
    endloop
  endfacet
  facet normal 2.350859e-06 -7.724793e-01 -6.350399e-01
    outer loop
      vertex   1.396278e+01 5.023962e+01 2.896723e-01
      vertex   5.962804e+00 5.023972e+01 2.895252e-01
      vertex   4.596271e+01 5.047786e+01 0.000000e+00
    endloop
  endfacet
  facet normal -2.338927e-20 -7.723200e-01 -6.352336e-01
    outer loop
      vertex   5.962804e+00 5.023972e+01 2.895252e-01
      vertex   5.962804e+00 5.047786e+01 0.000000e+00
      vertex   4.596271e+01 5.047786e+01 0.000000e+00
    endloop
  endfacet
  facet normal 4.545037e-19 -1.073498e-01 9.942213e-01
    outer loop
      vertex   4.596271e+01 5.132901e+01 2.959690e+00
      vertex   4.596271e+01 5.170259e+01 3.000027e+00
      vertex   4.496271e+01 5.170259e+01 3.000027e+00
    endloop
  endfacet
  facet normal 1.775351e-08 9.258257e-01 3.779508e-01
    outer loop
      vertex   4.496271e+01 5.324240e+01 2.081557e+00
      vertex   4.496271e+01 5.338441e+01 1.733679e+00
      vertex   3.796273e+01 5.338441e+01 1.733680e+00
    endloop
  endfacet
  facet normal -1.775362e-08 9.851667e-01 1.715999e-01
    outer loop
      vertex   3.796273e+01 5.338441e+01 1.733680e+00
      vertex   4.496271e+01 5.338441e+01 1.733679e+00
      vertex   4.496271e+01 5.344889e+01 1.363503e+00
    endloop
  endfacet
  facet normal -9.911510e-06 9.851983e-01 1.714183e-01
    outer loop
      vertex   3.796273e+01 5.338441e+01 1.733680e+00
      vertex   4.496271e+01 5.344889e+01 1.363503e+00
      vertex   3.796273e+01 5.344893e+01 1.362858e+00
    endloop
  endfacet
  facet normal 9.894531e-06 9.990896e-01 -4.266208e-02
    outer loop
      vertex   3.796273e+01 5.344893e+01 1.362858e+00
      vertex   4.496271e+01 5.344889e+01 1.363503e+00
      vertex   4.496271e+01 5.343286e+01 9.880958e-01
    endloop
  endfacet
  facet normal -7.420899e-06 9.990757e-01 -4.298492e-02
    outer loop
      vertex   3.796273e+01 5.344893e+01 1.362858e+00
      vertex   4.496271e+01 5.343286e+01 9.880958e-01
      vertex   3.796273e+01 5.343279e+01 9.876166e-01
    endloop
  endfacet
  facet normal 7.424076e-06 9.669523e-01 -2.549573e-01
    outer loop
      vertex   3.796273e+01 5.343279e+01 9.876166e-01
      vertex   4.496271e+01 5.343286e+01 9.880958e-01
      vertex   4.496271e+01 5.333706e+01 6.247642e-01
    endloop
  endfacet
  facet normal -4.949384e-06 9.668935e-01 -2.551804e-01
    outer loop
      vertex   3.796273e+01 5.343279e+01 9.876166e-01
      vertex   4.496271e+01 5.333706e+01 6.247642e-01
      vertex   3.796273e+01 5.333694e+01 6.244624e-01
    endloop
  endfacet
  facet normal 4.951503e-06 8.902366e-01 -4.554984e-01
    outer loop
      vertex   3.796273e+01 5.333694e+01 6.244624e-01
      vertex   4.496271e+01 5.333706e+01 6.247642e-01
      vertex   4.496271e+01 5.316591e+01 2.902585e-01
    endloop
  endfacet
  facet normal -2.475751e-06 8.901735e-01 -4.556217e-01
    outer loop
      vertex   3.796273e+01 5.333694e+01 6.244624e-01
      vertex   4.496271e+01 5.316591e+01 2.902585e-01
      vertex   3.796273e+01 5.316582e+01 2.901234e-01
    endloop
  endfacet
  facet normal 2.476811e-06 7.724792e-01 -6.350401e-01
    outer loop
      vertex   3.796273e+01 5.316582e+01 2.901234e-01
      vertex   4.496271e+01 5.316591e+01 2.902585e-01
      vertex   4.496271e+01 5.292729e+01 0.000000e+00
    endloop
  endfacet
  facet normal -2.471968e-06 8.899571e-01 -4.560443e-01
    outer loop
      vertex   2.196277e+01 5.316562e+01 2.898146e-01
      vertex   1.396278e+01 5.316551e+01 2.896603e-01
      vertex   1.396278e+01 5.333655e+01 6.234279e-01
    endloop
  endfacet
  facet normal -2.473179e-06 8.900293e-01 -4.559034e-01
    outer loop
      vertex   2.996275e+01 5.316572e+01 2.899690e-01
      vertex   2.196277e+01 5.316562e+01 2.898146e-01
      vertex   2.196277e+01 5.333668e+01 6.237727e-01
    endloop
  endfacet
  facet normal 4.943936e-06 8.900293e-01 -4.559034e-01
    outer loop
      vertex   2.196277e+01 5.333668e+01 6.237727e-01
      vertex   2.196277e+01 5.316562e+01 2.898146e-01
      vertex   1.396278e+01 5.333655e+01 6.234279e-01
    endloop
  endfacet
  facet normal -4.941515e-06 9.666912e-01 -2.559455e-01
    outer loop
      vertex   2.196277e+01 5.333668e+01 6.237727e-01
      vertex   1.396278e+01 5.333655e+01 6.234279e-01
      vertex   1.396278e+01 5.343254e+01 9.859737e-01
    endloop
  endfacet
  facet normal 4.946358e-06 8.901014e-01 -4.557625e-01
    outer loop
      vertex   2.996275e+01 5.316572e+01 2.899690e-01
      vertex   2.196277e+01 5.333668e+01 6.237727e-01
      vertex   2.996275e+01 5.333681e+01 6.241176e-01
    endloop
  endfacet
  facet normal -4.943936e-06 9.667587e-01 -2.556905e-01
    outer loop
      vertex   2.996275e+01 5.333681e+01 6.241176e-01
      vertex   2.196277e+01 5.333668e+01 6.237727e-01
      vertex   2.196277e+01 5.343262e+01 9.865213e-01
    endloop
  endfacet
  facet normal 7.415905e-06 9.668261e-01 -2.554355e-01
    outer loop
      vertex   2.996275e+01 5.333681e+01 6.241176e-01
      vertex   2.196277e+01 5.343262e+01 9.865213e-01
      vertex   2.996275e+01 5.343270e+01 9.870690e-01
    endloop
  endfacet
  facet normal -7.412273e-06 9.990437e-01 -4.372280e-02
    outer loop
      vertex   2.996275e+01 5.343270e+01 9.870690e-01
      vertex   2.196277e+01 5.343262e+01 9.865213e-01
      vertex   2.196277e+01 5.344903e+01 1.361384e+00
    endloop
  endfacet
  facet normal 9.883030e-06 9.990598e-01 -4.335386e-02
    outer loop
      vertex   2.996275e+01 5.343270e+01 9.870690e-01
      vertex   2.196277e+01 5.344903e+01 1.361384e+00
      vertex   2.996275e+01 5.344898e+01 1.362121e+00
    endloop
  endfacet
  facet normal -9.947897e-06 9.852705e-01 1.710032e-01
    outer loop
      vertex   2.996275e+01 5.344898e+01 1.362121e+00
      vertex   2.196277e+01 5.344903e+01 1.361384e+00
      vertex   2.196277e+01 5.338441e+01 1.733682e+00
    endloop
  endfacet
  facet normal -1.781879e-08 9.852344e-01 1.712108e-01
    outer loop
      vertex   2.996275e+01 5.344898e+01 1.362121e+00
      vertex   2.196277e+01 5.338441e+01 1.733682e+00
      vertex   2.996275e+01 5.338441e+01 1.733681e+00
    endloop
  endfacet
  facet normal 1.775352e-08 9.258251e-01 3.779522e-01
    outer loop
      vertex   2.996275e+01 5.338441e+01 1.733681e+00
      vertex   2.196277e+01 5.338441e+01 1.733682e+00
      vertex   2.996275e+01 5.324240e+01 2.081560e+00
    endloop
  endfacet
  facet normal -2.130421e-08 9.258251e-01 3.779522e-01
    outer loop
      vertex   2.996275e+01 5.338441e+01 1.733681e+00
      vertex   2.996275e+01 5.324240e+01 2.081560e+00
      vertex   3.796273e+01 5.324240e+01 2.081558e+00
    endloop
  endfacet
  facet normal 2.130420e-08 8.238017e-01 5.668781e-01
    outer loop
      vertex   3.796273e+01 5.324240e+01 2.081558e+00
      vertex   2.996275e+01 5.324240e+01 2.081560e+00
      vertex   3.796273e+01 5.302939e+01 2.391101e+00
    endloop
  endfacet
  facet normal 7.412273e-06 9.667587e-01 -2.556905e-01
    outer loop
      vertex   2.196277e+01 5.343262e+01 9.865213e-01
      vertex   2.196277e+01 5.333668e+01 6.237727e-01
      vertex   1.396278e+01 5.343254e+01 9.859737e-01
    endloop
  endfacet
  facet normal 9.878188e-06 9.990437e-01 -4.372280e-02
    outer loop
      vertex   2.196277e+01 5.344903e+01 1.361384e+00
      vertex   2.196277e+01 5.343262e+01 9.865213e-01
      vertex   1.396278e+01 5.344907e+01 1.360647e+00
    endloop
  endfacet
  facet normal -7.408641e-06 9.990275e-01 -4.409174e-02
    outer loop
      vertex   1.396278e+01 5.344907e+01 1.360647e+00
      vertex   2.196277e+01 5.343262e+01 9.865213e-01
      vertex   1.396278e+01 5.343254e+01 9.859737e-01
    endloop
  endfacet
  facet normal -1.785355e-08 9.852705e-01 1.710032e-01
    outer loop
      vertex   2.196277e+01 5.338441e+01 1.733682e+00
      vertex   2.196277e+01 5.344903e+01 1.361384e+00
      vertex   1.396278e+01 5.338441e+01 1.733684e+00
    endloop
  endfacet
  facet normal -9.967300e-06 9.853065e-01 1.707957e-01
    outer loop
      vertex   1.396278e+01 5.338441e+01 1.733684e+00
      vertex   2.196277e+01 5.344903e+01 1.361384e+00
      vertex   1.396278e+01 5.344907e+01 1.360647e+00
    endloop
  endfacet
  facet normal 1.775354e-08 9.258248e-01 3.779530e-01
    outer loop
      vertex   2.196277e+01 5.338441e+01 1.733682e+00
      vertex   1.396278e+01 5.338441e+01 1.733684e+00
      vertex   2.196277e+01 5.324239e+01 2.081561e+00
    endloop
  endfacet
  facet normal -2.130424e-08 9.258245e-01 3.779538e-01
    outer loop
      vertex   2.196277e+01 5.324239e+01 2.081561e+00
      vertex   1.396278e+01 5.338441e+01 1.733684e+00
      vertex   1.396278e+01 5.324239e+01 2.081562e+00
    endloop
  endfacet
  facet normal 2.130423e-08 8.238006e-01 5.668797e-01
    outer loop
      vertex   2.196277e+01 5.324239e+01 2.081561e+00
      vertex   1.396278e+01 5.324239e+01 2.081562e+00
      vertex   2.196277e+01 5.302939e+01 2.391104e+00
    endloop
  endfacet
  facet normal -2.485493e-08 8.238000e-01 5.668805e-01
    outer loop
      vertex   2.196277e+01 5.302939e+01 2.391104e+00
      vertex   1.396278e+01 5.324239e+01 2.081562e+00
      vertex   1.396278e+01 5.302939e+01 2.391105e+00
    endloop
  endfacet
  facet normal 2.485492e-08 6.837974e-01 7.296719e-01
    outer loop
      vertex   2.196277e+01 5.302939e+01 2.391104e+00
      vertex   1.396278e+01 5.302939e+01 2.391105e+00
      vertex   2.196277e+01 5.275522e+01 2.648041e+00
    endloop
  endfacet
  facet normal -2.840562e-08 6.837966e-01 7.296727e-01
    outer loop
      vertex   2.196277e+01 5.275522e+01 2.648041e+00
      vertex   1.396278e+01 5.302939e+01 2.391105e+00
      vertex   1.396278e+01 5.275521e+01 2.648042e+00
    endloop
  endfacet
  facet normal 2.840560e-08 5.122696e-01 8.588247e-01
    outer loop
      vertex   2.196277e+01 5.275522e+01 2.648041e+00
      vertex   1.396278e+01 5.275521e+01 2.648042e+00
      vertex   2.196277e+01 5.243251e+01 2.840526e+00
    endloop
  endfacet
  facet normal -3.195630e-08 5.122685e-01 8.588254e-01
    outer loop
      vertex   2.196277e+01 5.243251e+01 2.840526e+00
      vertex   1.396278e+01 5.275521e+01 2.648042e+00
      vertex   1.396278e+01 5.243251e+01 2.840527e+00
    endloop
  endfacet
  facet normal 3.195628e-08 3.171250e-01 9.483838e-01
    outer loop
      vertex   2.196277e+01 5.243251e+01 2.840526e+00
      vertex   1.396278e+01 5.243251e+01 2.840527e+00
      vertex   2.196277e+01 5.207616e+01 2.959686e+00
    endloop
  endfacet
  facet normal -3.550697e-08 3.171236e-01 9.483842e-01
    outer loop
      vertex   2.196277e+01 5.207616e+01 2.959686e+00
      vertex   1.396278e+01 5.243251e+01 2.840527e+00
      vertex   1.396278e+01 5.207615e+01 2.959687e+00
    endloop
  endfacet
  facet normal 7.060381e-08 2.853798e-06 1.000000e+00
    outer loop
      vertex   2.196277e+01 5.207616e+01 2.959686e+00
      vertex   1.396278e+01 5.207615e+01 2.959687e+00
      vertex   2.196277e+01 5.132900e+01 2.959688e+00
    endloop
  endfacet
  facet normal -6.707361e-08 1.379651e-06 1.000000e+00
    outer loop
      vertex   2.196277e+01 5.132900e+01 2.959688e+00
      vertex   1.396278e+01 5.207615e+01 2.959687e+00
      vertex   1.396278e+01 5.132900e+01 2.959688e+00
    endloop
  endfacet
  facet normal 3.373170e-08 -3.171198e-01 9.483855e-01
    outer loop
      vertex   2.196277e+01 5.132900e+01 2.959688e+00
      vertex   1.396278e+01 5.132900e+01 2.959688e+00
      vertex   2.196277e+01 5.097264e+01 2.840530e+00
    endloop
  endfacet
  facet normal -3.035853e-08 -3.171211e-01 9.483850e-01
    outer loop
      vertex   2.196277e+01 5.097264e+01 2.840530e+00
      vertex   1.396278e+01 5.132900e+01 2.959688e+00
      vertex   1.396278e+01 5.097264e+01 2.840529e+00
    endloop
  endfacet
  facet normal 3.035855e-08 -5.122654e-01 8.588272e-01
    outer loop
      vertex   2.196277e+01 5.097264e+01 2.840530e+00
      vertex   1.396278e+01 5.097264e+01 2.840529e+00
      vertex   2.196277e+01 5.064994e+01 2.648046e+00
    endloop
  endfacet
  facet normal -2.698538e-08 -5.122665e-01 8.588266e-01
    outer loop
      vertex   2.196277e+01 5.064994e+01 2.648046e+00
      vertex   1.396278e+01 5.097264e+01 2.840529e+00
      vertex   1.396278e+01 5.064994e+01 2.648045e+00
    endloop
  endfacet
  facet normal 2.698539e-08 -6.837943e-01 7.296749e-01
    outer loop
      vertex   2.196277e+01 5.064994e+01 2.648046e+00
      vertex   1.396278e+01 5.064994e+01 2.648045e+00
      vertex   2.196277e+01 5.037576e+01 2.391109e+00
    endloop
  endfacet
  facet normal -2.361222e-08 -6.837950e-01 7.296741e-01
    outer loop
      vertex   2.196277e+01 5.037576e+01 2.391109e+00
      vertex   1.396278e+01 5.064994e+01 2.648045e+00
      vertex   1.396278e+01 5.037576e+01 2.391108e+00
    endloop
  endfacet
  facet normal 2.361224e-08 -8.237985e-01 5.668827e-01
    outer loop
      vertex   2.196277e+01 5.037576e+01 2.391109e+00
      vertex   1.396278e+01 5.037576e+01 2.391108e+00
      vertex   2.196277e+01 5.016275e+01 2.081566e+00
    endloop
  endfacet
  facet normal -2.023906e-08 -8.237990e-01 5.668820e-01
    outer loop
      vertex   2.196277e+01 5.016275e+01 2.081566e+00
      vertex   1.396278e+01 5.037576e+01 2.391108e+00
      vertex   1.396278e+01 5.016275e+01 2.081565e+00
    endloop
  endfacet
  facet normal 2.023907e-08 -9.258236e-01 3.779559e-01
    outer loop
      vertex   2.196277e+01 5.016275e+01 2.081566e+00
      vertex   1.396278e+01 5.016275e+01 2.081565e+00
      vertex   2.196277e+01 5.002074e+01 1.733687e+00
    endloop
  endfacet
  facet normal -1.686589e-08 -9.258239e-01 3.779552e-01
    outer loop
      vertex   2.196277e+01 5.002074e+01 1.733687e+00
      vertex   1.396278e+01 5.016275e+01 2.081565e+00
      vertex   1.396278e+01 5.002074e+01 1.733686e+00
    endloop
  endfacet
  facet normal 1.695997e-08 -9.852691e-01 1.710110e-01
    outer loop
      vertex   2.196277e+01 5.002074e+01 1.733687e+00
      vertex   1.396278e+01 5.002074e+01 1.733686e+00
      vertex   2.196277e+01 4.995612e+01 1.361406e+00
    endloop
  endfacet
  facet normal -9.495570e-06 -9.853035e-01 1.708125e-01
    outer loop
      vertex   2.196277e+01 4.995612e+01 1.361406e+00
      vertex   1.396278e+01 5.002074e+01 1.733686e+00
      vertex   1.396278e+01 4.995608e+01 1.360704e+00
    endloop
  endfacet
  facet normal 9.412185e-06 -9.990442e-01 -4.371157e-02
    outer loop
      vertex   2.196277e+01 4.995612e+01 1.361406e+00
      vertex   1.396278e+01 4.995608e+01 1.360704e+00
      vertex   2.196277e+01 4.997252e+01 9.865380e-01
    endloop
  endfacet
  facet normal -7.059139e-06 -9.990288e-01 -4.406306e-02
    outer loop
      vertex   2.196277e+01 4.997252e+01 9.865380e-01
      vertex   1.396278e+01 4.995608e+01 1.360704e+00
      vertex   1.396278e+01 4.997260e+01 9.860163e-01
    endloop
  endfacet
  facet normal 7.062435e-06 -9.667607e-01 -2.556827e-01
    outer loop
      vertex   2.196277e+01 4.997252e+01 9.865380e-01
      vertex   1.396278e+01 4.997260e+01 9.860163e-01
      vertex   2.196277e+01 5.006846e+01 6.237832e-01
    endloop
  endfacet
  facet normal -2.130423e-08 9.258248e-01 3.779530e-01
    outer loop
      vertex   2.196277e+01 5.338441e+01 1.733682e+00
      vertex   2.196277e+01 5.324239e+01 2.081561e+00
      vertex   2.996275e+01 5.324240e+01 2.081560e+00
    endloop
  endfacet
  facet normal 2.130421e-08 8.238012e-01 5.668789e-01
    outer loop
      vertex   2.996275e+01 5.324240e+01 2.081560e+00
      vertex   2.196277e+01 5.324239e+01 2.081561e+00
      vertex   2.996275e+01 5.302939e+01 2.391103e+00
    endloop
  endfacet
  facet normal -2.485490e-08 8.238012e-01 5.668789e-01
    outer loop
      vertex   2.996275e+01 5.324240e+01 2.081560e+00
      vertex   2.996275e+01 5.302939e+01 2.391103e+00
      vertex   3.796273e+01 5.302939e+01 2.391101e+00
    endloop
  endfacet
  facet normal 2.485488e-08 6.837990e-01 7.296704e-01
    outer loop
      vertex   3.796273e+01 5.302939e+01 2.391101e+00
      vertex   2.996275e+01 5.302939e+01 2.391103e+00
      vertex   3.796273e+01 5.275522e+01 2.648038e+00
    endloop
  endfacet
  facet normal -2.485492e-08 8.238006e-01 5.668797e-01
    outer loop
      vertex   2.996275e+01 5.302939e+01 2.391103e+00
      vertex   2.196277e+01 5.324239e+01 2.081561e+00
      vertex   2.196277e+01 5.302939e+01 2.391104e+00
    endloop
  endfacet
  facet normal 2.485490e-08 6.837982e-01 7.296712e-01
    outer loop
      vertex   2.996275e+01 5.302939e+01 2.391103e+00
      vertex   2.196277e+01 5.302939e+01 2.391104e+00
      vertex   2.996275e+01 5.275522e+01 2.648040e+00
    endloop
  endfacet
  facet normal -2.840560e-08 6.837974e-01 7.296719e-01
    outer loop
      vertex   2.996275e+01 5.275522e+01 2.648040e+00
      vertex   2.196277e+01 5.302939e+01 2.391104e+00
      vertex   2.196277e+01 5.275522e+01 2.648041e+00
    endloop
  endfacet
  facet normal 2.840558e-08 5.122707e-01 8.588241e-01
    outer loop
      vertex   2.996275e+01 5.275522e+01 2.648040e+00
      vertex   2.196277e+01 5.275522e+01 2.648041e+00
      vertex   2.996275e+01 5.243251e+01 2.840525e+00
    endloop
  endfacet
  facet normal -3.195628e-08 5.122696e-01 8.588247e-01
    outer loop
      vertex   2.996275e+01 5.243251e+01 2.840525e+00
      vertex   2.196277e+01 5.275522e+01 2.648041e+00
      vertex   2.196277e+01 5.243251e+01 2.840526e+00
    endloop
  endfacet
  facet normal 3.195625e-08 3.171264e-01 9.483833e-01
    outer loop
      vertex   2.996275e+01 5.243251e+01 2.840525e+00
      vertex   2.196277e+01 5.243251e+01 2.840526e+00
      vertex   2.996275e+01 5.207616e+01 2.959685e+00
    endloop
  endfacet
  facet normal -3.550695e-08 3.171250e-01 9.483838e-01
    outer loop
      vertex   2.996275e+01 5.207616e+01 2.959685e+00
      vertex   2.196277e+01 5.243251e+01 2.840526e+00
      vertex   2.196277e+01 5.207616e+01 2.959686e+00
    endloop
  endfacet
  facet normal 7.060382e-08 4.327945e-06 1.000000e+00
    outer loop
      vertex   2.996275e+01 5.207616e+01 2.959685e+00
      vertex   2.196277e+01 5.207616e+01 2.959686e+00
      vertex   2.996275e+01 5.132900e+01 2.959689e+00
    endloop
  endfacet
  facet normal -6.707362e-08 2.853798e-06 1.000000e+00
    outer loop
      vertex   2.996275e+01 5.132900e+01 2.959689e+00
      vertex   2.196277e+01 5.207616e+01 2.959686e+00
      vertex   2.196277e+01 5.132900e+01 2.959688e+00
    endloop
  endfacet
  facet normal 3.373172e-08 -3.171186e-01 9.483859e-01
    outer loop
      vertex   2.996275e+01 5.132900e+01 2.959689e+00
      vertex   2.196277e+01 5.132900e+01 2.959688e+00
      vertex   2.996275e+01 5.097264e+01 2.840531e+00
    endloop
  endfacet
  facet normal -3.035855e-08 -3.171198e-01 9.483855e-01
    outer loop
      vertex   2.996275e+01 5.097264e+01 2.840531e+00
      vertex   2.196277e+01 5.132900e+01 2.959688e+00
      vertex   2.196277e+01 5.097264e+01 2.840530e+00
    endloop
  endfacet
  facet normal 3.035857e-08 -5.122644e-01 8.588278e-01
    outer loop
      vertex   2.996275e+01 5.097264e+01 2.840531e+00
      vertex   2.196277e+01 5.097264e+01 2.840530e+00
      vertex   2.996275e+01 5.064994e+01 2.648047e+00
    endloop
  endfacet
  facet normal -2.698539e-08 -5.122654e-01 8.588272e-01
    outer loop
      vertex   2.996275e+01 5.064994e+01 2.648047e+00
      vertex   2.196277e+01 5.097264e+01 2.840530e+00
      vertex   2.196277e+01 5.064994e+01 2.648046e+00
    endloop
  endfacet
  facet normal 2.698541e-08 -6.837935e-01 7.296756e-01
    outer loop
      vertex   2.996275e+01 5.064994e+01 2.648047e+00
      vertex   2.196277e+01 5.064994e+01 2.648046e+00
      vertex   2.996275e+01 5.037576e+01 2.391111e+00
    endloop
  endfacet
  facet normal -2.361224e-08 -6.837943e-01 7.296749e-01
    outer loop
      vertex   2.996275e+01 5.037576e+01 2.391111e+00
      vertex   2.196277e+01 5.064994e+01 2.648046e+00
      vertex   2.196277e+01 5.037576e+01 2.391109e+00
    endloop
  endfacet
  facet normal 2.361225e-08 -8.237980e-01 5.668835e-01
    outer loop
      vertex   2.996275e+01 5.037576e+01 2.391111e+00
      vertex   2.196277e+01 5.037576e+01 2.391109e+00
      vertex   2.996275e+01 5.016276e+01 2.081568e+00
    endloop
  endfacet
  facet normal -2.023907e-08 -8.237985e-01 5.668827e-01
    outer loop
      vertex   2.996275e+01 5.016276e+01 2.081568e+00
      vertex   2.196277e+01 5.037576e+01 2.391109e+00
      vertex   2.196277e+01 5.016275e+01 2.081566e+00
    endloop
  endfacet
  facet normal 2.023909e-08 -9.258233e-01 3.779566e-01
    outer loop
      vertex   2.996275e+01 5.016276e+01 2.081568e+00
      vertex   2.196277e+01 5.016275e+01 2.081566e+00
      vertex   2.996275e+01 5.002074e+01 1.733688e+00
    endloop
  endfacet
  facet normal -1.686591e-08 -9.258236e-01 3.779559e-01
    outer loop
      vertex   2.996275e+01 5.002074e+01 1.733688e+00
      vertex   2.196277e+01 5.016275e+01 2.081566e+00
      vertex   2.196277e+01 5.002074e+01 1.733687e+00
    endloop
  endfacet
  facet normal 1.692863e-08 -9.852347e-01 1.712094e-01
    outer loop
      vertex   2.996275e+01 5.002074e+01 1.733688e+00
      vertex   2.196277e+01 5.002074e+01 1.733687e+00
      vertex   2.996275e+01 4.995617e+01 1.362109e+00
    endloop
  endfacet
  facet normal -9.478021e-06 -9.852691e-01 1.710110e-01
    outer loop
      vertex   2.996275e+01 4.995617e+01 1.362109e+00
      vertex   2.196277e+01 5.002074e+01 1.733687e+00
      vertex   2.196277e+01 4.995612e+01 1.361406e+00
    endloop
  endfacet
  facet normal 9.416580e-06 -9.990595e-01 -4.336007e-02
    outer loop
      vertex   2.996275e+01 4.995617e+01 1.362109e+00
      vertex   2.196277e+01 4.995612e+01 1.361406e+00
      vertex   2.996275e+01 4.997244e+01 9.870597e-01
    endloop
  endfacet
  facet normal -7.062435e-06 -9.990442e-01 -4.371157e-02
    outer loop
      vertex   2.996275e+01 4.997244e+01 9.870597e-01
      vertex   2.196277e+01 4.995612e+01 1.361406e+00
      vertex   2.196277e+01 4.997252e+01 9.865380e-01
    endloop
  endfacet
  facet normal 7.065732e-06 -9.668250e-01 -2.554398e-01
    outer loop
      vertex   2.996275e+01 4.997244e+01 9.870597e-01
      vertex   2.196277e+01 4.997252e+01 9.865380e-01
      vertex   2.996275e+01 5.006834e+01 6.241118e-01
    endloop
  endfacet
  facet normal -4.710488e-06 -9.667607e-01 -2.556827e-01
    outer loop
      vertex   2.996275e+01 5.006834e+01 6.241118e-01
      vertex   2.196277e+01 4.997252e+01 9.865380e-01
      vertex   2.196277e+01 5.006846e+01 6.237832e-01
    endloop
  endfacet
  facet normal 4.712686e-06 -8.901002e-01 -4.557649e-01
    outer loop
      vertex   2.996275e+01 5.006834e+01 6.241118e-01
      vertex   2.196277e+01 5.006846e+01 6.237832e-01
      vertex   2.996275e+01 5.023943e+01 2.899664e-01
    endloop
  endfacet
  facet normal 2.840556e-08 5.122718e-01 8.588234e-01
    outer loop
      vertex   3.796273e+01 5.243252e+01 2.840524e+00
      vertex   3.796273e+01 5.275522e+01 2.648038e+00
      vertex   2.996275e+01 5.275522e+01 2.648040e+00
    endloop
  endfacet
  facet normal -2.840558e-08 6.837982e-01 7.296712e-01
    outer loop
      vertex   2.996275e+01 5.275522e+01 2.648040e+00
      vertex   3.796273e+01 5.275522e+01 2.648038e+00
      vertex   2.996275e+01 5.302939e+01 2.391103e+00
    endloop
  endfacet
  facet normal -3.195625e-08 5.122707e-01 8.588241e-01
    outer loop
      vertex   3.796273e+01 5.243252e+01 2.840524e+00
      vertex   2.996275e+01 5.275522e+01 2.648040e+00
      vertex   2.996275e+01 5.243251e+01 2.840525e+00
    endloop
  endfacet
  facet normal 3.195623e-08 3.171277e-01 9.483828e-01
    outer loop
      vertex   3.796273e+01 5.207616e+01 2.959685e+00
      vertex   3.796273e+01 5.243252e+01 2.840524e+00
      vertex   2.996275e+01 5.243251e+01 2.840525e+00
    endloop
  endfacet
  facet normal -3.550692e-08 3.171264e-01 9.483833e-01
    outer loop
      vertex   3.796273e+01 5.207616e+01 2.959685e+00
      vertex   2.996275e+01 5.243251e+01 2.840525e+00
      vertex   2.996275e+01 5.207616e+01 2.959685e+00
    endloop
  endfacet
  facet normal 7.060383e-08 5.802093e-06 1.000000e+00
    outer loop
      vertex   3.796273e+01 5.132900e+01 2.959689e+00
      vertex   3.796273e+01 5.207616e+01 2.959685e+00
      vertex   2.996275e+01 5.207616e+01 2.959685e+00
    endloop
  endfacet
  facet normal -6.707363e-08 4.327945e-06 1.000000e+00
    outer loop
      vertex   3.796273e+01 5.132900e+01 2.959689e+00
      vertex   2.996275e+01 5.207616e+01 2.959685e+00
      vertex   2.996275e+01 5.132900e+01 2.959689e+00
    endloop
  endfacet
  facet normal 3.373174e-08 -3.171173e-01 9.483863e-01
    outer loop
      vertex   3.796273e+01 5.097265e+01 2.840532e+00
      vertex   3.796273e+01 5.132900e+01 2.959689e+00
      vertex   2.996275e+01 5.132900e+01 2.959689e+00
    endloop
  endfacet
  facet normal -3.035857e-08 -3.171186e-01 9.483859e-01
    outer loop
      vertex   3.796273e+01 5.097265e+01 2.840532e+00
      vertex   2.996275e+01 5.132900e+01 2.959689e+00
      vertex   2.996275e+01 5.097264e+01 2.840531e+00
    endloop
  endfacet
  facet normal 3.035859e-08 -5.122633e-01 8.588284e-01
    outer loop
      vertex   3.796273e+01 5.064994e+01 2.648048e+00
      vertex   3.796273e+01 5.097265e+01 2.840532e+00
      vertex   2.996275e+01 5.097264e+01 2.840531e+00
    endloop
  endfacet
  facet normal -2.698541e-08 -5.122644e-01 8.588278e-01
    outer loop
      vertex   3.796273e+01 5.064994e+01 2.648048e+00
      vertex   2.996275e+01 5.097264e+01 2.840531e+00
      vertex   2.996275e+01 5.064994e+01 2.648047e+00
    endloop
  endfacet
  facet normal 2.698543e-08 -6.837927e-01 7.296763e-01
    outer loop
      vertex   3.796273e+01 5.037576e+01 2.391112e+00
      vertex   3.796273e+01 5.064994e+01 2.648048e+00
      vertex   2.996275e+01 5.064994e+01 2.648047e+00
    endloop
  endfacet
  facet normal -2.361225e-08 -6.837935e-01 7.296756e-01
    outer loop
      vertex   3.796273e+01 5.037576e+01 2.391112e+00
      vertex   2.996275e+01 5.064994e+01 2.648047e+00
      vertex   2.996275e+01 5.037576e+01 2.391111e+00
    endloop
  endfacet
  facet normal 2.361227e-08 -8.237974e-01 5.668843e-01
    outer loop
      vertex   3.796273e+01 5.016276e+01 2.081569e+00
      vertex   3.796273e+01 5.037576e+01 2.391112e+00
      vertex   2.996275e+01 5.037576e+01 2.391111e+00
    endloop
  endfacet
  facet normal -2.023909e-08 -8.237980e-01 5.668835e-01
    outer loop
      vertex   3.796273e+01 5.016276e+01 2.081569e+00
      vertex   2.996275e+01 5.037576e+01 2.391111e+00
      vertex   2.996275e+01 5.016276e+01 2.081568e+00
    endloop
  endfacet
  facet normal 2.023910e-08 -9.258230e-01 3.779574e-01
    outer loop
      vertex   3.796273e+01 5.002074e+01 1.733690e+00
      vertex   3.796273e+01 5.016276e+01 2.081569e+00
      vertex   2.996275e+01 5.016276e+01 2.081568e+00
    endloop
  endfacet
  facet normal -1.686592e-08 -9.258233e-01 3.779566e-01
    outer loop
      vertex   3.796273e+01 5.002074e+01 1.733690e+00
      vertex   2.996275e+01 5.016276e+01 2.081568e+00
      vertex   2.996275e+01 5.002074e+01 1.733688e+00
    endloop
  endfacet
  facet normal 1.689728e-08 -9.852002e-01 1.714078e-01
    outer loop
      vertex   3.796273e+01 4.995621e+01 1.362811e+00
      vertex   3.796273e+01 5.002074e+01 1.733690e+00
      vertex   2.996275e+01 5.002074e+01 1.733688e+00
    endloop
  endfacet
  facet normal -9.460471e-06 -9.852347e-01 1.712094e-01
    outer loop
      vertex   3.796273e+01 4.995621e+01 1.362811e+00
      vertex   2.996275e+01 5.002074e+01 1.733688e+00
      vertex   2.996275e+01 4.995617e+01 1.362109e+00
    endloop
  endfacet
  facet normal 9.420976e-06 -9.990747e-01 -4.300857e-02
    outer loop
      vertex   3.796273e+01 4.997236e+01 9.875815e-01
      vertex   3.796273e+01 4.995621e+01 1.362811e+00
      vertex   2.996275e+01 4.995617e+01 1.362109e+00
    endloop
  endfacet
  facet normal -7.065732e-06 -9.990595e-01 -4.336007e-02
    outer loop
      vertex   3.796273e+01 4.997236e+01 9.875815e-01
      vertex   2.996275e+01 4.995617e+01 1.362109e+00
      vertex   2.996275e+01 4.997244e+01 9.870597e-01
    endloop
  endfacet
  facet normal 7.069029e-06 -9.668891e-01 -2.551968e-01
    outer loop
      vertex   3.796273e+01 5.006821e+01 6.244403e-01
      vertex   3.796273e+01 4.997236e+01 9.875815e-01
      vertex   2.996275e+01 4.997244e+01 9.870597e-01
    endloop
  endfacet
  facet normal -4.712686e-06 -9.668250e-01 -2.554398e-01
    outer loop
      vertex   3.796273e+01 5.006821e+01 6.244403e-01
      vertex   2.996275e+01 4.997244e+01 9.870597e-01
      vertex   2.996275e+01 5.006834e+01 6.241118e-01
    endloop
  endfacet
  facet normal 4.714883e-06 -8.901689e-01 -4.556307e-01
    outer loop
      vertex   3.796273e+01 5.023933e+01 2.901135e-01
      vertex   3.796273e+01 5.006821e+01 6.244403e-01
      vertex   2.996275e+01 5.006834e+01 6.241118e-01
    endloop
  endfacet
  facet normal -2.357442e-06 -8.901002e-01 -4.557649e-01
    outer loop
      vertex   3.796273e+01 5.023933e+01 2.901135e-01
      vertex   2.996275e+01 5.006834e+01 6.241118e-01
      vertex   2.996275e+01 5.023943e+01 2.899664e-01
    endloop
  endfacet
  facet normal -1.000000e+00 0.000000e+00 0.000000e+00
    outer loop
      vertex   6.962804e+00 5.171223e+01 3.000000e+00
      vertex   6.962804e+00 5.169291e+01 3.000000e+00
      vertex   6.962804e+00 5.170579e+01 3.000024e+00
    endloop
  endfacet
  facet normal -1.000000e+00 0.000000e+00 0.000000e+00
    outer loop
      vertex   6.962804e+00 5.170579e+01 3.000024e+00
      vertex   6.962804e+00 5.169291e+01 3.000000e+00
      vertex   6.962804e+00 5.169935e+01 3.000024e+00
    endloop
  endfacet
  facet normal 0.000000e+00 -0.000000e+00 1.000000e+00
    outer loop
      vertex   6.962804e+00 5.169291e+01 3.000000e+00
      vertex   6.962804e+00 5.171223e+01 3.000000e+00
      vertex   5.962804e+00 5.169291e+01 3.000000e+00
    endloop
  endfacet
  facet normal 0.000000e+00 0.000000e+00 1.000000e+00
    outer loop
      vertex   5.962804e+00 5.169291e+01 3.000000e+00
      vertex   6.962804e+00 5.171223e+01 3.000000e+00
      vertex   5.962804e+00 5.699034e+01 3.000000e+00
    endloop
  endfacet
  facet normal -0.000000e+00 0.000000e+00 1.000000e+00
    outer loop
      vertex   5.962804e+00 5.699034e+01 3.000000e+00
      vertex   6.962804e+00 5.171223e+01 3.000000e+00
      vertex   6.962804e+00 5.699034e+01 3.000000e+00
    endloop
  endfacet
  facet normal -1.000000e+00 0.000000e+00 0.000000e+00
    outer loop
      vertex   5.962804e+00 5.047786e+01 0.000000e+00
      vertex   5.962804e+00 5.023972e+01 2.895252e-01
      vertex   5.962804e+00 5.822472e+01 0.000000e+00
    endloop
  endfacet
  facet normal -1.000000e+00 0.000000e+00 0.000000e+00
    outer loop
      vertex   5.962804e+00 5.822472e+01 0.000000e+00
      vertex   5.962804e+00 5.023972e+01 2.895252e-01
      vertex   5.962804e+00 5.844635e+01 2.648467e-01
    endloop
  endfacet
  facet normal -1.000000e+00 0.000000e+00 0.000000e+00
    outer loop
      vertex   5.962804e+00 5.844635e+01 2.648467e-01
      vertex   5.962804e+00 5.023972e+01 2.895252e-01
      vertex   5.962804e+00 5.861165e+01 5.680593e-01
    endloop
  endfacet
  facet normal -1.000000e+00 -0.000000e+00 0.000000e+00
    outer loop
      vertex   5.962804e+00 5.861165e+01 5.680593e-01
      vertex   5.962804e+00 5.023972e+01 2.895252e-01
      vertex   5.962804e+00 5.006871e+01 6.231262e-01
    endloop
  endfacet
  facet normal -1.000000e+00 0.000000e+00 0.000000e+00
    outer loop
      vertex   5.962804e+00 5.861165e+01 5.680593e-01
      vertex   5.962804e+00 5.006871e+01 6.231262e-01
      vertex   5.962804e+00 5.871419e+01 8.978299e-01
    endloop
  endfacet
  facet normal -1.000000e+00 -0.000000e+00 0.000000e+00
    outer loop
      vertex   5.962804e+00 5.871419e+01 8.978299e-01
      vertex   5.962804e+00 5.006871e+01 6.231262e-01
      vertex   5.962804e+00 4.997268e+01 9.854946e-01
    endloop
  endfacet
  facet normal -1.000000e+00 0.000000e+00 0.000000e+00
    outer loop
      vertex   5.962804e+00 5.871419e+01 8.978299e-01
      vertex   5.962804e+00 4.997268e+01 9.854946e-01
      vertex   5.962804e+00 5.874998e+01 1.241316e+00
    endloop
  endfacet
  facet normal -1.000000e+00 -0.000000e+00 0.000000e+00
    outer loop
      vertex   5.962804e+00 5.874998e+01 1.241316e+00
      vertex   5.962804e+00 4.997268e+01 9.854946e-01
      vertex   5.962804e+00 4.995603e+01 1.360002e+00
    endloop
  endfacet
  facet normal -1.000000e+00 0.000000e+00 0.000000e+00
    outer loop
      vertex   5.962804e+00 5.874998e+01 1.241316e+00
      vertex   5.962804e+00 4.995603e+01 1.360002e+00
      vertex   5.962804e+00 5.871761e+01 1.585142e+00
    endloop
  endfacet
  facet normal -1.000000e+00 -0.000000e+00 0.000000e+00
    outer loop
      vertex   5.962804e+00 5.871761e+01 1.585142e+00
      vertex   5.962804e+00 4.995603e+01 1.360002e+00
      vertex   5.962804e+00 5.001953e+01 1.729463e+00
    endloop
  endfacet
  facet normal -1.000000e+00 0.000000e+00 0.000000e+00
    outer loop
      vertex   5.962804e+00 5.871761e+01 1.585142e+00
      vertex   5.962804e+00 5.001953e+01 1.729463e+00
      vertex   5.962804e+00 5.861836e+01 1.915917e+00
    endloop
  endfacet
  facet normal -1.000000e+00 -0.000000e+00 0.000000e+00
    outer loop
      vertex   5.962804e+00 5.861836e+01 1.915917e+00
      vertex   5.962804e+00 5.001953e+01 1.729463e+00
      vertex   5.962804e+00 5.016026e+01 2.076923e+00
    endloop
  endfacet
  facet normal -1.000000e+00 0.000000e+00 0.000000e+00
    outer loop
      vertex   5.962804e+00 5.861836e+01 1.915917e+00
      vertex   5.962804e+00 5.016026e+01 2.076923e+00
      vertex   5.962804e+00 5.845608e+01 2.220760e+00
    endloop
  endfacet
  facet normal -1.000000e+00 -0.000000e+00 0.000000e+00
    outer loop
      vertex   5.962804e+00 5.845608e+01 2.220760e+00
      vertex   5.962804e+00 5.016026e+01 2.076923e+00
      vertex   5.962804e+00 5.037176e+01 2.386438e+00
    endloop
  endfacet
  facet normal -1.000000e+00 0.000000e+00 0.000000e+00
    outer loop
      vertex   5.962804e+00 5.845608e+01 2.220760e+00
      vertex   5.962804e+00 5.037176e+01 2.386438e+00
      vertex   5.962804e+00 5.169291e+01 3.000000e+00
    endloop
  endfacet
  facet normal -1.000000e+00 0.000000e+00 0.000000e+00
    outer loop
      vertex   5.962804e+00 5.169291e+01 3.000000e+00
      vertex   5.962804e+00 5.037176e+01 2.386438e+00
      vertex   5.962804e+00 5.064433e+01 2.643806e+00
    endloop
  endfacet
  facet normal -1.000000e+00 0.000000e+00 0.000000e+00
    outer loop
      vertex   5.962804e+00 5.169291e+01 3.000000e+00
      vertex   5.962804e+00 5.064433e+01 2.643806e+00
      vertex   5.962804e+00 5.096546e+01 2.837215e+00
    endloop
  endfacet
  facet normal -1.000000e+00 0.000000e+00 0.000000e+00
    outer loop
      vertex   5.962804e+00 5.096546e+01 2.837215e+00
      vertex   5.962804e+00 5.132042e+01 2.957791e+00
      vertex   5.962804e+00 5.169291e+01 3.000000e+00
    endloop
  endfacet
  facet normal -1.000000e+00 0.000000e+00 0.000000e+00
    outer loop
      vertex   5.962804e+00 5.169291e+01 3.000000e+00
      vertex   5.962804e+00 5.699034e+01 3.000000e+00
      vertex   5.962804e+00 5.845608e+01 2.220760e+00
    endloop
  endfacet
  facet normal -1.000000e+00 0.000000e+00 0.000000e+00
    outer loop
      vertex   5.962804e+00 5.845608e+01 2.220760e+00
      vertex   5.962804e+00 5.699034e+01 3.000000e+00
      vertex   5.962804e+00 5.823710e+01 2.487800e+00
    endloop
  endfacet
  facet normal -1.000000e+00 0.000000e+00 0.000000e+00
    outer loop
      vertex   5.962804e+00 5.823710e+01 2.487800e+00
      vertex   5.962804e+00 5.699034e+01 3.000000e+00
      vertex   5.962804e+00 5.796994e+01 2.706637e+00
    endloop
  endfacet
  facet normal -1.000000e+00 0.000000e+00 0.000000e+00
    outer loop
      vertex   5.962804e+00 5.796994e+01 2.706637e+00
      vertex   5.962804e+00 5.699034e+01 3.000000e+00
      vertex   5.962804e+00 5.766501e+01 2.868749e+00
    endloop
  endfacet
  facet normal -1.000000e+00 0.000000e+00 0.000000e+00
    outer loop
      vertex   5.962804e+00 5.766501e+01 2.868749e+00
      vertex   5.962804e+00 5.699034e+01 3.000000e+00
      vertex   5.962804e+00 5.733418e+01 2.967822e+00
    endloop
  endfacet
  facet normal 0.000000e+00 7.637272e-01 -6.455391e-01
    outer loop
      vertex   7.283804e+00 5.822472e+01 0.000000e+00
      vertex   5.962804e+00 5.822472e+01 0.000000e+00
      vertex   7.283804e+00 5.843655e+01 2.506188e-01
    endloop
  endfacet
  facet normal -1.225963e-03 7.669032e-01 -6.417616e-01
    outer loop
      vertex   7.283804e+00 5.843655e+01 2.506188e-01
      vertex   5.962804e+00 5.822472e+01 0.000000e+00
      vertex   5.962804e+00 5.844635e+01 2.648467e-01
    endloop
  endfacet
  facet normal 1.161700e-03 8.708149e-01 -4.916096e-01
    outer loop
      vertex   7.283804e+00 5.843655e+01 2.506188e-01
      vertex   5.962804e+00 5.844635e+01 2.648467e-01
      vertex   7.283804e+00 5.859788e+01 5.363788e-01
    endloop
  endfacet
  facet normal -2.323367e-03 8.779960e-01 -4.786623e-01
    outer loop
      vertex   7.283804e+00 5.859788e+01 5.363788e-01
      vertex   5.962804e+00 5.844635e+01 2.648467e-01
      vertex   5.962804e+00 5.861165e+01 5.680593e-01
    endloop
  endfacet
  facet normal 2.194788e-03 9.472818e-01 -3.203940e-01
    outer loop
      vertex   7.283804e+00 5.859788e+01 5.363788e-01
      vertex   5.962804e+00 5.861165e+01 5.680593e-01
      vertex   7.283804e+00 5.870301e+01 8.472322e-01
    endloop
  endfacet
  facet normal -3.292105e-03 9.548958e-01 -2.969227e-01
    outer loop
      vertex   7.283804e+00 5.870301e+01 8.472322e-01
      vertex   5.962804e+00 5.861165e+01 5.680593e-01
      vertex   5.962804e+00 5.871419e+01 8.978299e-01
    endloop
  endfacet
  facet normal 3.099161e-03 9.904395e-01 -1.379132e-01
    outer loop
      vertex   7.283804e+00 5.870301e+01 8.472322e-01
      vertex   5.962804e+00 5.871419e+01 8.978299e-01
      vertex   7.283804e+00 5.874827e+01 1.172249e+00
    endloop
  endfacet
  facet normal -4.132081e-03 9.946083e-01 -1.036211e-01
    outer loop
      vertex   7.283804e+00 5.874827e+01 1.172249e+00
      vertex   5.962804e+00 5.871419e+01 8.978299e-01
      vertex   5.962804e+00 5.874998e+01 1.241316e+00
    endloop
  endfacet
  facet normal 3.874732e-03 9.987708e-01 4.941603e-02
    outer loop
      vertex   7.283804e+00 5.874827e+01 1.172249e+00
      vertex   5.962804e+00 5.874998e+01 1.241316e+00
      vertex   7.283804e+00 5.873206e+01 1.500000e+00
    endloop
  endfacet
  facet normal -4.843217e-03 9.955873e-01 9.371472e-02
    outer loop
      vertex   7.283804e+00 5.873206e+01 1.500000e+00
      vertex   5.962804e+00 5.874998e+01 1.241316e+00
      vertex   5.962804e+00 5.871761e+01 1.585142e+00
    endloop
  endfacet
  facet normal -5.640326e-04 9.873257e-01 1.587064e-01
    outer loop
      vertex   7.283804e+00 5.873206e+01 1.500000e+00
      vertex   5.962804e+00 5.871761e+01 1.585142e+00
      vertex   7.283804e+00 5.872314e+01 1.555454e+00
    endloop
  endfacet
  facet normal 1.696189e-04 9.817243e-01 1.903086e-01
    outer loop
      vertex   7.283804e+00 5.872314e+01 1.555454e+00
      vertex   5.962804e+00 5.871761e+01 1.585142e+00
      vertex   7.283804e+00 5.871245e+01 1.610593e+00
    endloop
  endfacet
  facet normal -4.613244e-04 9.751115e-01 2.217147e-01
    outer loop
      vertex   7.283804e+00 5.871245e+01 1.610593e+00
      vertex   5.962804e+00 5.871761e+01 1.585142e+00
      vertex   7.283804e+00 5.870000e+01 1.665361e+00
    endloop
  endfacet
  facet normal -4.681066e-03 9.577990e-01 2.874008e-01
    outer loop
      vertex   7.283804e+00 5.870000e+01 1.665361e+00
      vertex   5.962804e+00 5.871761e+01 1.585142e+00
      vertex   5.962804e+00 5.861836e+01 1.915917e+00
    endloop
  endfacet
  facet normal 3.855153e-03 9.446298e-01 3.281153e-01
    outer loop
      vertex   7.283804e+00 5.870000e+01 1.665361e+00
      vertex   5.962804e+00 5.861836e+01 1.915917e+00
      vertex   7.283804e+00 5.859142e+01 1.977959e+00
    endloop
  endfacet
  facet normal -4.066560e-03 8.827125e-01 4.698958e-01
    outer loop
      vertex   7.283804e+00 5.859142e+01 1.977959e+00
      vertex   5.962804e+00 5.861836e+01 1.915917e+00
      vertex   5.962804e+00 5.845608e+01 2.220760e+00
    endloop
  endfacet
  facet normal 3.195279e-03 8.659756e-01 5.000761e-01
    outer loop
      vertex   7.283804e+00 5.859142e+01 1.977959e+00
      vertex   5.962804e+00 5.845608e+01 2.220760e+00
      vertex   7.283804e+00 5.842593e+01 2.264528e+00
    endloop
  endfacet
  facet normal -3.361337e-03 7.732499e-01 6.340925e-01
    outer loop
      vertex   7.283804e+00 5.842593e+01 2.264528e+00
      vertex   5.962804e+00 5.845608e+01 2.220760e+00
      vertex   5.962804e+00 5.823710e+01 2.487800e+00
    endloop
  endfacet
  facet normal 2.444711e-03 7.563557e-01 6.541560e-01
    outer loop
      vertex   7.283804e+00 5.842593e+01 2.264528e+00
      vertex   5.962804e+00 5.823710e+01 2.487800e+00
      vertex   7.283804e+00 5.820946e+01 2.514821e+00
    endloop
  endfacet
  facet normal -2.565444e-03 6.336737e-01 7.735962e-01
    outer loop
      vertex   7.283804e+00 5.820946e+01 2.514821e+00
      vertex   5.962804e+00 5.823710e+01 2.487800e+00
      vertex   5.962804e+00 5.796994e+01 2.706637e+00
    endloop
  endfacet
  facet normal 1.603499e-03 6.196897e-01 7.848453e-01
    outer loop
      vertex   7.283804e+00 5.820946e+01 2.514821e+00
      vertex   5.962804e+00 5.796994e+01 2.706637e+00
      vertex   7.283804e+00 5.794974e+01 2.719888e+00
    endloop
  endfacet
  facet normal -1.678935e-03 4.694192e-01 8.829738e-01
    outer loop
      vertex   7.283804e+00 5.794974e+01 2.719888e+00
      vertex   5.962804e+00 5.796994e+01 2.706637e+00
      vertex   5.962804e+00 5.766501e+01 2.868749e+00
    endloop
  endfacet
  facet normal 6.717023e-04 4.608643e-01 8.874703e-01
    outer loop
      vertex   7.283804e+00 5.794974e+01 2.719888e+00
      vertex   5.962804e+00 5.766501e+01 2.868749e+00
      vertex   7.283804e+00 5.765606e+01 2.872397e+00
    endloop
  endfacet
  facet normal -7.018709e-04 2.868833e-01 9.579653e-01
    outer loop
      vertex   7.283804e+00 5.765606e+01 2.872397e+00
      vertex   5.962804e+00 5.766501e+01 2.868749e+00
      vertex   5.962804e+00 5.733418e+01 2.967822e+00
    endloop
  endfacet
  facet normal -3.506139e-04 2.855591e-01 9.583610e-01
    outer loop
      vertex   7.283804e+00 5.765606e+01 2.872397e+00
      vertex   5.962804e+00 5.733418e+01 2.967822e+00
      vertex   7.283804e+00 5.733892e+01 2.966894e+00
    endloop
  endfacet
  facet normal 3.405738e-04 1.000429e-01 9.949831e-01
    outer loop
      vertex   7.283804e+00 5.733892e+01 2.966894e+00
      vertex   5.962804e+00 5.733418e+01 2.967822e+00
      vertex   7.283804e+00 5.700966e+01 3.000000e+00
    endloop
  endfacet
  facet normal -1.362913e-03 9.317461e-02 9.956489e-01
    outer loop
      vertex   7.283804e+00 5.700966e+01 3.000000e+00
      vertex   5.962804e+00 5.733418e+01 2.967822e+00
      vertex   5.962804e+00 5.699034e+01 3.000000e+00
    endloop
  endfacet
  facet normal -5.383760e-05 3.680571e-03 9.999932e-01
    outer loop
      vertex   7.283804e+00 5.700966e+01 3.000000e+00
      vertex   5.962804e+00 5.699034e+01 3.000000e+00
      vertex   7.283804e+00 5.700322e+01 3.000024e+00
    endloop
  endfacet
  facet normal -1.794595e-05 -2.068414e-13 1.000000e+00
    outer loop
      vertex   7.283804e+00 5.700322e+01 3.000024e+00
      vertex   5.962804e+00 5.699034e+01 3.000000e+00
      vertex   7.283804e+00 5.699678e+01 3.000024e+00
    endloop
  endfacet
  facet normal 1.339074e-21 -3.680571e-03 9.999932e-01
    outer loop
      vertex   7.283804e+00 5.699678e+01 3.000024e+00
      vertex   5.962804e+00 5.699034e+01 3.000000e+00
      vertex   6.962804e+00 5.699034e+01 3.000000e+00
    endloop
  endfacet
  facet normal 9.684127e-15 -3.680571e-03 9.999932e-01
    outer loop
      vertex   7.283804e+00 5.699678e+01 3.000024e+00
      vertex   6.962804e+00 5.699034e+01 3.000000e+00
      vertex   7.283804e+00 5.699034e+01 3.000000e+00
    endloop
  endfacet
  facet normal -1.000000e+00 0.000000e+00 0.000000e+00
    outer loop
      vertex   4.496271e+01 5.750008e+01 0.000000e+00
      vertex   4.496271e+01 5.292729e+01 0.000000e+00
      vertex   4.496271e+01 5.737067e+01 1.703709e-02
    endloop
  endfacet
  facet normal -1.000000e+00 -0.000000e+00 0.000000e+00
    outer loop
      vertex   4.496271e+01 5.737067e+01 1.703709e-02
      vertex   4.496271e+01 5.292729e+01 0.000000e+00
      vertex   4.496271e+01 5.725008e+01 6.698730e-02
    endloop
  endfacet
  facet normal -1.000000e+00 -0.000000e+00 0.000000e+00
    outer loop
      vertex   4.496271e+01 5.725008e+01 6.698730e-02
      vertex   4.496271e+01 5.292729e+01 0.000000e+00
      vertex   4.496271e+01 5.714653e+01 1.464466e-01
    endloop
  endfacet
  facet normal -1.000000e+00 -0.000000e+00 0.000000e+00
    outer loop
      vertex   4.496271e+01 5.714653e+01 1.464466e-01
      vertex   4.496271e+01 5.292729e+01 0.000000e+00
      vertex   4.496271e+01 5.316591e+01 2.902585e-01
    endloop
  endfacet
  facet normal -1.000000e+00 0.000000e+00 0.000000e+00
    outer loop
      vertex   4.496271e+01 5.714653e+01 1.464466e-01
      vertex   4.496271e+01 5.316591e+01 2.902585e-01
      vertex   4.496271e+01 5.706707e+01 2.500000e-01
    endloop
  endfacet
  facet normal -1.000000e+00 0.000000e+00 0.000000e+00
    outer loop
      vertex   4.496271e+01 5.706707e+01 2.500000e-01
      vertex   4.496271e+01 5.316591e+01 2.902585e-01
      vertex   4.496271e+01 5.701712e+01 3.705905e-01
    endloop
  endfacet
  facet normal -1.000000e+00 -0.000000e+00 0.000000e+00
    outer loop
      vertex   4.496271e+01 5.701712e+01 3.705905e-01
      vertex   4.496271e+01 5.316591e+01 2.902585e-01
      vertex   4.496271e+01 5.333706e+01 6.247642e-01
    endloop
  endfacet
  facet normal -1.000000e+00 0.000000e+00 0.000000e+00
    outer loop
      vertex   4.496271e+01 5.701712e+01 3.705905e-01
      vertex   4.496271e+01 5.333706e+01 6.247642e-01
      vertex   4.496271e+01 5.700008e+01 5.000000e-01
    endloop
  endfacet
  facet normal -1.000000e+00 0.000000e+00 0.000000e+00
    outer loop
      vertex   4.496271e+01 5.700008e+01 5.000000e-01
      vertex   4.496271e+01 5.333706e+01 6.247642e-01
      vertex   4.496271e+01 5.343286e+01 9.880958e-01
    endloop
  endfacet
  facet normal -1.000000e+00 0.000000e+00 0.000000e+00
    outer loop
      vertex   4.496271e+01 5.700008e+01 5.000000e-01
      vertex   4.496271e+01 5.343286e+01 9.880958e-01
      vertex   4.496271e+01 5.344889e+01 1.363503e+00
    endloop
  endfacet
  facet normal -1.000000e+00 0.000000e+00 0.000000e+00
    outer loop
      vertex   4.496271e+01 5.344889e+01 1.363503e+00
      vertex   4.496271e+01 5.338441e+01 1.733679e+00
      vertex   4.496271e+01 5.700008e+01 5.000000e-01
    endloop
  endfacet
  facet normal -1.000000e+00 0.000000e+00 0.000000e+00
    outer loop
      vertex   4.496271e+01 5.700008e+01 5.000000e-01
      vertex   4.496271e+01 5.338441e+01 1.733679e+00
      vertex   4.496271e+01 5.645203e+01 3.000003e+00
    endloop
  endfacet
  facet normal -1.000000e+00 0.000000e+00 0.000000e+00
    outer loop
      vertex   4.496271e+01 5.700008e+01 5.000000e-01
      vertex   4.496271e+01 5.645203e+01 3.000003e+00
      vertex   4.496271e+01 5.700008e+01 3.000012e+00
    endloop
  endfacet
  facet normal -1.000000e+00 -0.000000e+00 0.000000e+00
    outer loop
      vertex   4.496271e+01 5.700008e+01 3.000012e+00
      vertex   4.496271e+01 5.645203e+01 3.000003e+00
      vertex   4.496271e+01 5.645203e+01 3.000013e+00
    endloop
  endfacet
  facet normal -1.000000e+00 0.000000e+00 0.000000e+00
    outer loop
      vertex   4.496271e+01 5.338441e+01 1.733679e+00
      vertex   4.496271e+01 5.324240e+01 2.081557e+00
      vertex   4.496271e+01 5.645203e+01 3.000003e+00
    endloop
  endfacet
  facet normal -1.000000e+00 0.000000e+00 0.000000e+00
    outer loop
      vertex   4.496271e+01 5.645203e+01 3.000003e+00
      vertex   4.496271e+01 5.324240e+01 2.081557e+00
      vertex   4.496271e+01 5.302939e+01 2.391100e+00
    endloop
  endfacet
  facet normal -1.000000e+00 0.000000e+00 0.000000e+00
    outer loop
      vertex   4.496271e+01 5.645203e+01 3.000003e+00
      vertex   4.496271e+01 5.302939e+01 2.391100e+00
      vertex   4.496271e+01 5.275522e+01 2.648037e+00
    endloop
  endfacet
  facet normal -1.000000e+00 0.000000e+00 0.000000e+00
    outer loop
      vertex   4.496271e+01 5.275522e+01 2.648037e+00
      vertex   4.496271e+01 5.243252e+01 2.840523e+00
      vertex   4.496271e+01 5.645203e+01 3.000003e+00
    endloop
  endfacet
  facet normal -1.000000e+00 0.000000e+00 0.000000e+00
    outer loop
      vertex   4.496271e+01 5.645203e+01 3.000003e+00
      vertex   4.496271e+01 5.243252e+01 2.840523e+00
      vertex   4.496271e+01 5.207616e+01 2.959684e+00
    endloop
  endfacet
  facet normal -1.000000e+00 -0.000000e+00 0.000000e+00
    outer loop
      vertex   4.496271e+01 5.645203e+01 3.000003e+00
      vertex   4.496271e+01 5.207616e+01 2.959684e+00
      vertex   4.496271e+01 5.170259e+01 3.000027e+00
    endloop
  endfacet
  facet normal 1.000000e+00 -0.000000e+00 0.000000e+00
    outer loop
      vertex   4.596271e+01 5.132901e+01 2.959690e+00
      vertex   4.596271e+01 5.097265e+01 2.840533e+00
      vertex   4.596271e+01 5.170259e+01 3.000027e+00
    endloop
  endfacet
  facet normal 1.000000e+00 0.000000e+00 0.000000e+00
    outer loop
      vertex   4.596271e+01 5.170259e+01 3.000027e+00
      vertex   4.596271e+01 5.097265e+01 2.840533e+00
      vertex   4.596271e+01 5.064994e+01 2.648049e+00
    endloop
  endfacet
  facet normal 1.000000e+00 0.000000e+00 0.000000e+00
    outer loop
      vertex   4.596271e+01 5.170259e+01 3.000027e+00
      vertex   4.596271e+01 5.064994e+01 2.648049e+00
      vertex   4.596271e+01 5.037576e+01 2.391113e+00
    endloop
  endfacet
  facet normal 1.000000e+00 0.000000e+00 0.000000e+00
    outer loop
      vertex   4.596271e+01 5.170259e+01 3.000027e+00
      vertex   4.596271e+01 5.037576e+01 2.391113e+00
      vertex   4.596271e+01 5.645203e+01 3.000003e+00
    endloop
  endfacet
  facet normal 1.000000e+00 0.000000e+00 0.000000e+00
    outer loop
      vertex   4.596271e+01 5.645203e+01 3.000003e+00
      vertex   4.596271e+01 5.037576e+01 2.391113e+00
      vertex   4.596271e+01 5.016276e+01 2.081570e+00
    endloop
  endfacet
  facet normal 1.000000e+00 0.000000e+00 0.000000e+00
    outer loop
      vertex   4.596271e+01 5.645203e+01 3.000003e+00
      vertex   4.596271e+01 5.016276e+01 2.081570e+00
      vertex   4.596271e+01 5.002074e+01 1.733691e+00
    endloop
  endfacet
  facet normal 1.000000e+00 0.000000e+00 0.000000e+00
    outer loop
      vertex   4.596271e+01 5.645203e+01 3.000003e+00
      vertex   4.596271e+01 5.002074e+01 1.733691e+00
      vertex   4.596271e+01 5.923230e+01 1.729394e+00
    endloop
  endfacet
  facet normal 1.000000e+00 0.000000e+00 0.000000e+00
    outer loop
      vertex   4.596271e+01 5.923230e+01 1.729394e+00
      vertex   4.596271e+01 5.002074e+01 1.733691e+00
      vertex   4.596271e+01 4.995626e+01 1.363513e+00
    endloop
  endfacet
  facet normal 1.000000e+00 0.000000e+00 0.000000e+00
    outer loop
      vertex   4.596271e+01 5.923230e+01 1.729394e+00
      vertex   4.596271e+01 4.995626e+01 1.363513e+00
      vertex   4.596271e+01 5.929578e+01 1.359944e+00
    endloop
  endfacet
  facet normal 1.000000e+00 0.000000e+00 0.000000e+00
    outer loop
      vertex   4.596271e+01 5.929578e+01 1.359944e+00
      vertex   4.596271e+01 4.995626e+01 1.363513e+00
      vertex   4.596271e+01 4.997229e+01 9.881033e-01
    endloop
  endfacet
  facet normal 1.000000e+00 0.000000e+00 0.000000e+00
    outer loop
      vertex   4.596271e+01 5.929578e+01 1.359944e+00
      vertex   4.596271e+01 4.997229e+01 9.881033e-01
      vertex   4.596271e+01 5.927912e+01 9.854505e-01
    endloop
  endfacet
  facet normal 1.000000e+00 0.000000e+00 0.000000e+00
    outer loop
      vertex   4.596271e+01 5.927912e+01 9.854505e-01
      vertex   4.596271e+01 4.997229e+01 9.881033e-01
      vertex   4.596271e+01 5.918308e+01 6.230978e-01
    endloop
  endfacet
  facet normal 1.000000e+00 0.000000e+00 0.000000e+00
    outer loop
      vertex   4.596271e+01 5.918308e+01 6.230978e-01
      vertex   4.596271e+01 4.997229e+01 9.881033e-01
      vertex   4.596271e+01 5.006808e+01 6.247689e-01
    endloop
  endfacet
  facet normal 1.000000e+00 0.000000e+00 0.000000e+00
    outer loop
      vertex   4.596271e+01 5.918308e+01 6.230978e-01
      vertex   4.596271e+01 5.006808e+01 6.247689e-01
      vertex   4.596271e+01 5.901207e+01 2.895121e-01
    endloop
  endfacet
  facet normal 1.000000e+00 0.000000e+00 0.000000e+00
    outer loop
      vertex   4.596271e+01 5.901207e+01 2.895121e-01
      vertex   4.596271e+01 5.006808e+01 6.247689e-01
      vertex   4.596271e+01 5.023924e+01 2.902606e-01
    endloop
  endfacet
  facet normal 1.000000e+00 0.000000e+00 0.000000e+00
    outer loop
      vertex   4.596271e+01 5.901207e+01 2.895121e-01
      vertex   4.596271e+01 5.023924e+01 2.902606e-01
      vertex   4.596271e+01 5.877394e+01 0.000000e+00
    endloop
  endfacet
  facet normal 1.000000e+00 0.000000e+00 0.000000e+00
    outer loop
      vertex   4.596271e+01 5.877394e+01 0.000000e+00
      vertex   4.596271e+01 5.023924e+01 2.902606e-01
      vertex   4.596271e+01 5.047786e+01 0.000000e+00
    endloop
  endfacet
  facet normal 1.000000e+00 0.000000e+00 0.000000e+00
    outer loop
      vertex   4.596271e+01 5.923230e+01 1.729394e+00
      vertex   4.596271e+01 5.909160e+01 2.076848e+00
      vertex   4.596271e+01 5.645203e+01 3.000003e+00
    endloop
  endfacet
  facet normal 1.000000e+00 0.000000e+00 0.000000e+00
    outer loop
      vertex   4.596271e+01 5.645203e+01 3.000003e+00
      vertex   4.596271e+01 5.909160e+01 2.076848e+00
      vertex   4.596271e+01 5.888012e+01 2.386365e+00
    endloop
  endfacet
  facet normal 1.000000e+00 0.000000e+00 0.000000e+00
    outer loop
      vertex   4.596271e+01 5.645203e+01 3.000003e+00
      vertex   4.596271e+01 5.888012e+01 2.386365e+00
      vertex   4.596271e+01 5.860758e+01 2.643741e+00
    endloop
  endfacet
  facet normal 1.000000e+00 0.000000e+00 0.000000e+00
    outer loop
      vertex   4.596271e+01 5.860758e+01 2.643741e+00
      vertex   4.596271e+01 5.828647e+01 2.837167e+00
      vertex   4.596271e+01 5.645203e+01 3.000003e+00
    endloop
  endfacet
  facet normal 1.000000e+00 -0.000000e+00 0.000000e+00
    outer loop
      vertex   4.596271e+01 5.645203e+01 3.000003e+00
      vertex   4.596271e+01 5.828647e+01 2.837167e+00
      vertex   4.596271e+01 5.755906e+01 3.000008e+00
    endloop
  endfacet
  facet normal 1.000000e+00 0.000000e+00 0.000000e+00
    outer loop
      vertex   4.596271e+01 5.645203e+01 3.000003e+00
      vertex   4.596271e+01 5.755906e+01 3.000008e+00
      vertex   4.596271e+01 5.645203e+01 3.000013e+00
    endloop
  endfacet
  facet normal 1.000000e+00 0.000000e+00 0.000000e+00
    outer loop
      vertex   4.596271e+01 5.828647e+01 2.837167e+00
      vertex   4.596271e+01 5.793154e+01 2.957767e+00
      vertex   4.596271e+01 5.755906e+01 3.000008e+00
    endloop
  endfacet
  facet normal -0.000000e+00 5.008345e-06 1.000000e+00
    outer loop
      vertex   4.496271e+01 5.645203e+01 3.000003e+00
      vertex   4.496271e+01 5.170259e+01 3.000027e+00
      vertex   4.596271e+01 5.645203e+01 3.000003e+00
    endloop
  endfacet
  facet normal 1.297750e-21 5.008345e-06 1.000000e+00
    outer loop
      vertex   4.596271e+01 5.645203e+01 3.000003e+00
      vertex   4.496271e+01 5.170259e+01 3.000027e+00
      vertex   4.596271e+01 5.170259e+01 3.000027e+00
    endloop
  endfacet
  facet normal 1.000000e+00 -0.000000e+00 0.000000e+00
    outer loop
      vertex   6.962804e+00 5.171223e+01 3.000000e+00
      vertex   6.962804e+00 5.208473e+01 2.957791e+00
      vertex   6.962804e+00 5.699034e+01 3.000000e+00
    endloop
  endfacet
  facet normal 1.000000e+00 0.000000e+00 0.000000e+00
    outer loop
      vertex   6.962804e+00 5.699034e+01 3.000000e+00
      vertex   6.962804e+00 5.208473e+01 2.957791e+00
      vertex   6.962804e+00 5.243969e+01 2.837215e+00
    endloop
  endfacet
  facet normal 1.000000e+00 0.000000e+00 0.000000e+00
    outer loop
      vertex   6.962804e+00 5.699034e+01 3.000000e+00
      vertex   6.962804e+00 5.243969e+01 2.837215e+00
      vertex   6.962804e+00 5.276082e+01 2.643806e+00
    endloop
  endfacet
  facet normal 1.000000e+00 -0.000000e+00 0.000000e+00
    outer loop
      vertex   6.962804e+00 5.276082e+01 2.643806e+00
      vertex   6.962804e+00 5.303339e+01 2.386438e+00
      vertex   6.962804e+00 5.699034e+01 3.000000e+00
    endloop
  endfacet
  facet normal 1.000000e+00 0.000000e+00 0.000000e+00
    outer loop
      vertex   6.962804e+00 5.699034e+01 3.000000e+00
      vertex   6.962804e+00 5.303339e+01 2.386438e+00
      vertex   6.962804e+00 5.324489e+01 2.076923e+00
    endloop
  endfacet
  facet normal 1.000000e+00 0.000000e+00 0.000000e+00
    outer loop
      vertex   6.962804e+00 5.699034e+01 3.000000e+00
      vertex   6.962804e+00 5.324489e+01 2.076923e+00
      vertex   6.962804e+00 5.338562e+01 1.729463e+00
    endloop
  endfacet
  facet normal 1.000000e+00 0.000000e+00 0.000000e+00
    outer loop
      vertex   6.962804e+00 5.699034e+01 3.000000e+00
      vertex   6.962804e+00 5.338562e+01 1.729463e+00
      vertex   6.962804e+00 5.700034e+01 4.990000e-01
    endloop
  endfacet
  facet normal 1.000000e+00 0.000000e+00 0.000000e+00
    outer loop
      vertex   6.962804e+00 5.700034e+01 4.990000e-01
      vertex   6.962804e+00 5.338562e+01 1.729463e+00
      vertex   6.962804e+00 5.344911e+01 1.360002e+00
    endloop
  endfacet
  facet normal 1.000000e+00 0.000000e+00 0.000000e+00
    outer loop
      vertex   6.962804e+00 5.700034e+01 4.990000e-01
      vertex   6.962804e+00 5.344911e+01 1.360002e+00
      vertex   6.962804e+00 5.343246e+01 9.854946e-01
    endloop
  endfacet
  facet normal 1.000000e+00 0.000000e+00 0.000000e+00
    outer loop
      vertex   6.962804e+00 5.343246e+01 9.854946e-01
      vertex   6.962804e+00 5.333643e+01 6.231262e-01
      vertex   6.962804e+00 5.700034e+01 4.990000e-01
    endloop
  endfacet
  facet normal 1.000000e+00 0.000000e+00 0.000000e+00
    outer loop
      vertex   6.962804e+00 5.700034e+01 4.990000e-01
      vertex   6.962804e+00 5.333643e+01 6.231262e-01
      vertex   6.962804e+00 5.701734e+01 3.698493e-01
    endloop
  endfacet
  facet normal 1.000000e+00 0.000000e+00 0.000000e+00
    outer loop
      vertex   6.962804e+00 5.701734e+01 3.698493e-01
      vertex   6.962804e+00 5.333643e+01 6.231262e-01
      vertex   6.962804e+00 5.316543e+01 2.895252e-01
    endloop
  endfacet
  facet normal 1.000000e+00 0.000000e+00 0.000000e+00
    outer loop
      vertex   6.962804e+00 5.701734e+01 3.698493e-01
      vertex   6.962804e+00 5.316543e+01 2.895252e-01
      vertex   6.962804e+00 5.706719e+01 2.495000e-01
    endloop
  endfacet
  facet normal 1.000000e+00 0.000000e+00 0.000000e+00
    outer loop
      vertex   6.962804e+00 5.706719e+01 2.495000e-01
      vertex   6.962804e+00 5.316543e+01 2.895252e-01
      vertex   6.962804e+00 5.714649e+01 1.461537e-01
    endloop
  endfacet
  facet normal 1.000000e+00 0.000000e+00 0.000000e+00
    outer loop
      vertex   6.962804e+00 5.714649e+01 1.461537e-01
      vertex   6.962804e+00 5.316543e+01 2.895252e-01
      vertex   6.962804e+00 5.292729e+01 0.000000e+00
    endloop
  endfacet
  facet normal 1.000000e+00 0.000000e+00 0.000000e+00
    outer loop
      vertex   6.962804e+00 5.714649e+01 1.461537e-01
      vertex   6.962804e+00 5.292729e+01 0.000000e+00
      vertex   6.962804e+00 5.724984e+01 6.685332e-02
    endloop
  endfacet
  facet normal 1.000000e+00 0.000000e+00 0.000000e+00
    outer loop
      vertex   6.962804e+00 5.724984e+01 6.685332e-02
      vertex   6.962804e+00 5.292729e+01 0.000000e+00
      vertex   6.962804e+00 5.737019e+01 1.700301e-02
    endloop
  endfacet
  facet normal 1.000000e+00 0.000000e+00 0.000000e+00
    outer loop
      vertex   6.962804e+00 5.737019e+01 1.700301e-02
      vertex   6.962804e+00 5.292729e+01 0.000000e+00
      vertex   6.962804e+00 5.749934e+01 0.000000e+00
    endloop
  endfacet
  facet normal 1.000000e+00 0.000000e+00 -0.000000e+00
    outer loop
      vertex   6.962804e+00 5.700034e+01 4.990000e-01
      vertex   6.962804e+00 5.700034e+01 3.000000e+00
      vertex   6.962804e+00 5.699034e+01 3.000000e+00
    endloop
  endfacet
  facet normal 5.020453e-14 1.000000e+00 8.593816e-14
    outer loop
      vertex   7.283804e+00 5.870000e+01 1.500000e+00
      vertex   7.283804e+00 5.870000e+01 1.665361e+00
      vertex   7.566863e+00 5.870000e+01 1.500000e+00
    endloop
  endfacet
  facet normal 0.000000e+00 1.000000e+00 -0.000000e+00
    outer loop
      vertex   7.566863e+00 5.870000e+01 1.500000e+00
      vertex   7.283804e+00 5.870000e+01 1.665361e+00
      vertex   7.567000e+00 5.870000e+01 1.500000e+00
    endloop
  endfacet
  facet normal 0.000000e+00 1.000000e+00 -0.000000e+00
    outer loop
      vertex   7.567000e+00 5.870000e+01 1.500000e+00
      vertex   7.283804e+00 5.870000e+01 1.665361e+00
      vertex   2.033000e+01 5.870000e+01 1.500000e+00
    endloop
  endfacet
  facet normal 0.000000e+00 1.000000e+00 0.000000e+00
    outer loop
      vertex   2.033000e+01 5.870000e+01 1.500000e+00
      vertex   7.283804e+00 5.870000e+01 1.665361e+00
      vertex   1.352240e+01 5.870000e+01 3.000000e+00
    endloop
  endfacet
  facet normal 0.000000e+00 1.000000e+00 0.000000e+00
    outer loop
      vertex   2.033000e+01 5.870000e+01 1.500000e+00
      vertex   1.352240e+01 5.870000e+01 3.000000e+00
      vertex   1.985087e+01 5.870000e+01 3.000000e+00
    endloop
  endfacet
  facet normal 0.000000e+00 1.000000e+00 0.000000e+00
    outer loop
      vertex   7.283804e+00 5.870000e+01 1.665361e+00
      vertex   7.283804e+00 5.870000e+01 3.000000e+00
      vertex   1.352240e+01 5.870000e+01 3.000000e+00
    endloop
  endfacet
  facet normal -0.000000e+00 1.000000e+00 0.000000e+00
    outer loop
      vertex   1.985087e+01 5.870000e+01 3.000000e+00
      vertex   2.033000e+01 5.870000e+01 3.000000e+00
      vertex   2.033000e+01 5.870000e+01 1.500000e+00
    endloop
  endfacet
  facet normal 3.446262e-03 -5.958433e-02 9.982173e-01
    outer loop
      vertex   2.834194e+01 9.059537e+01 4.196213e+00
      vertex   3.100389e+01 9.052735e+01 4.182963e+00
      vertex   2.830649e+01 9.065676e+01 4.200000e+00
    endloop
  endfacet
  facet normal 3.614527e-16 -1.305262e-01 9.914449e-01
    outer loop
      vertex   2.830649e+01 9.065676e+01 4.200000e+00
      vertex   3.100389e+01 9.052735e+01 4.182963e+00
      vertex   3.370128e+01 9.052735e+01 4.182963e+00
    endloop
  endfacet
  facet normal 2.114945e-19 -1.305262e-01 9.914449e-01
    outer loop
      vertex   2.830649e+01 9.065676e+01 4.200000e+00
      vertex   3.370128e+01 9.052735e+01 4.182963e+00
      vertex   3.639868e+01 9.052735e+01 4.182963e+00
    endloop
  endfacet
  facet normal 0.000000e+00 -3.826834e-01 9.238795e-01
    outer loop
      vertex   3.639868e+01 9.052735e+01 4.182963e+00
      vertex   3.370128e+01 9.052735e+01 4.182963e+00
      vertex   3.639868e+01 9.040676e+01 4.133013e+00
    endloop
  endfacet
  facet normal -3.283172e-19 -3.826834e-01 9.238795e-01
    outer loop
      vertex   3.639868e+01 9.052735e+01 4.182963e+00
      vertex   3.639868e+01 9.040676e+01 4.133013e+00
      vertex   3.909608e+01 9.040676e+01 4.133013e+00
    endloop
  endfacet
  facet normal 0.000000e+00 -6.087614e-01 7.933533e-01
    outer loop
      vertex   3.909608e+01 9.040676e+01 4.133013e+00
      vertex   3.639868e+01 9.040676e+01 4.133013e+00
      vertex   3.909608e+01 9.030320e+01 4.053553e+00
    endloop
  endfacet
  facet normal -2.311633e-18 -6.087614e-01 7.933533e-01
    outer loop
      vertex   3.909608e+01 9.040676e+01 4.133013e+00
      vertex   3.909608e+01 9.030320e+01 4.053553e+00
      vertex   4.179347e+01 9.030320e+01 4.053553e+00
    endloop
  endfacet
  facet normal 0.000000e+00 -7.933533e-01 6.087614e-01
    outer loop
      vertex   4.179347e+01 9.030320e+01 4.053553e+00
      vertex   3.909608e+01 9.030320e+01 4.053553e+00
      vertex   4.179347e+01 9.022374e+01 3.950000e+00
    endloop
  endfacet
  facet normal -5.481406e-15 -7.933533e-01 6.087614e-01
    outer loop
      vertex   4.179347e+01 9.030320e+01 4.053553e+00
      vertex   4.179347e+01 9.022374e+01 3.950000e+00
      vertex   4.449087e+01 9.022374e+01 3.950000e+00
    endloop
  endfacet
  facet normal -5.686376e-15 -9.238795e-01 3.826834e-01
    outer loop
      vertex   4.449087e+01 9.022374e+01 3.950000e+00
      vertex   4.179347e+01 9.022374e+01 3.950000e+00
      vertex   4.449087e+01 9.017379e+01 3.829409e+00
    endloop
  endfacet
  facet normal 5.182347e-15 -9.238795e-01 3.826834e-01
    outer loop
      vertex   4.449087e+01 9.017379e+01 3.829409e+00
      vertex   4.179347e+01 9.022374e+01 3.950000e+00
      vertex   4.179347e+01 9.017379e+01 3.829409e+00
    endloop
  endfacet
  facet normal 5.330735e-15 -9.914449e-01 1.305262e-01
    outer loop
      vertex   4.449087e+01 9.017379e+01 3.829409e+00
      vertex   4.179347e+01 9.017379e+01 3.829409e+00
      vertex   4.449087e+01 9.015676e+01 3.700000e+00
    endloop
  endfacet
  facet normal -2.146556e-17 -9.914449e-01 1.305262e-01
    outer loop
      vertex   4.449087e+01 9.015676e+01 3.700000e+00
      vertex   4.179347e+01 9.017379e+01 3.829409e+00
      vertex   3.909608e+01 9.017379e+01 3.829409e+00
    endloop
  endfacet
  facet normal -4.350424e-17 -9.914449e-01 1.305262e-01
    outer loop
      vertex   4.449087e+01 9.015676e+01 3.700000e+00
      vertex   3.909608e+01 9.017379e+01 3.829409e+00
      vertex   3.639868e+01 9.017379e+01 3.829409e+00
    endloop
  endfacet
  facet normal -1.260071e-16 -9.238795e-01 3.826834e-01
    outer loop
      vertex   3.639868e+01 9.017379e+01 3.829409e+00
      vertex   3.909608e+01 9.017379e+01 3.829409e+00
      vertex   3.639868e+01 9.022374e+01 3.950000e+00
    endloop
  endfacet
  facet normal 1.248588e-16 -9.238795e-01 3.826834e-01
    outer loop
      vertex   3.639868e+01 9.017379e+01 3.829409e+00
      vertex   3.639868e+01 9.022374e+01 3.950000e+00
      vertex   3.370128e+01 9.022374e+01 3.950000e+00
    endloop
  endfacet
  facet normal 2.004484e-16 -7.933533e-01 6.087614e-01
    outer loop
      vertex   3.370128e+01 9.022374e+01 3.950000e+00
      vertex   3.639868e+01 9.022374e+01 3.950000e+00
      vertex   3.370128e+01 9.030320e+01 4.053553e+00
    endloop
  endfacet
  facet normal -7.110542e-19 -7.933533e-01 6.087614e-01
    outer loop
      vertex   3.370128e+01 9.022374e+01 3.950000e+00
      vertex   3.370128e+01 9.030320e+01 4.053553e+00
      vertex   3.100389e+01 9.030320e+01 4.053553e+00
    endloop
  endfacet
  facet normal 0.000000e+00 -6.087614e-01 7.933533e-01
    outer loop
      vertex   3.100389e+01 9.030320e+01 4.053553e+00
      vertex   3.370128e+01 9.030320e+01 4.053553e+00
      vertex   3.100389e+01 9.040676e+01 4.133013e+00
    endloop
  endfacet
  facet normal 1.891545e-03 -6.087603e-01 7.933519e-01
    outer loop
      vertex   3.100389e+01 9.030320e+01 4.053553e+00
      vertex   3.100389e+01 9.040676e+01 4.133013e+00
      vertex   2.870323e+01 9.033997e+01 4.087252e+00
    endloop
  endfacet
  facet normal -8.924479e-04 -5.441327e-01 8.389987e-01
    outer loop
      vertex   2.870323e+01 9.033997e+01 4.087252e+00
      vertex   3.100389e+01 9.040676e+01 4.133013e+00
      vertex   2.851231e+01 9.043102e+01 4.146099e+00
    endloop
  endfacet
  facet normal 9.655000e-04 -3.960751e-01 9.182176e-01
    outer loop
      vertex   2.851231e+01 9.043102e+01 4.146099e+00
      vertex   3.100389e+01 9.040676e+01 4.133013e+00
      vertex   2.844087e+01 9.048470e+01 4.169328e+00
    endloop
  endfacet
  facet normal 1.452966e-03 -3.826830e-01 9.238786e-01
    outer loop
      vertex   2.844087e+01 9.048470e+01 4.169328e+00
      vertex   3.100389e+01 9.040676e+01 4.133013e+00
      vertex   3.100389e+01 9.052735e+01 4.182963e+00
    endloop
  endfacet
  facet normal -2.330311e-04 -2.917840e-01 9.564842e-01
    outer loop
      vertex   2.844087e+01 9.048470e+01 4.169328e+00
      vertex   3.100389e+01 9.052735e+01 4.182963e+00
      vertex   2.838544e+01 9.053955e+01 4.186049e+00
    endloop
  endfacet
  facet normal 3.254030e-04 -1.789208e-01 9.838634e-01
    outer loop
      vertex   2.838544e+01 9.053955e+01 4.186049e+00
      vertex   3.100389e+01 9.052735e+01 4.182963e+00
      vertex   2.834194e+01 9.059537e+01 4.196213e+00
    endloop
  endfacet
  facet normal -8.761882e-04 -7.049078e-01 7.092984e-01
    outer loop
      vertex   2.870323e+01 9.033997e+01 4.087252e+00
      vertex   2.894696e+01 9.027547e+01 4.023448e+00
      vertex   3.100389e+01 9.030320e+01 4.053553e+00
    endloop
  endfacet
  facet normal 1.787846e-03 -7.933521e-01 6.087605e-01
    outer loop
      vertex   3.100389e+01 9.030320e+01 4.053553e+00
      vertex   2.894696e+01 9.027547e+01 4.023448e+00
      vertex   3.100389e+01 9.022374e+01 3.950000e+00
    endloop
  endfacet
  facet normal 2.998396e-16 -7.933533e-01 6.087614e-01
    outer loop
      vertex   3.100389e+01 9.030320e+01 4.053553e+00
      vertex   3.100389e+01 9.022374e+01 3.950000e+00
      vertex   3.370128e+01 9.022374e+01 3.950000e+00
    endloop
  endfacet
  facet normal 1.890107e-16 -9.238795e-01 3.826834e-01
    outer loop
      vertex   3.370128e+01 9.022374e+01 3.950000e+00
      vertex   3.100389e+01 9.022374e+01 3.950000e+00
      vertex   3.370128e+01 9.017379e+01 3.829409e+00
    endloop
  endfacet
  facet normal -7.812356e-19 -9.238795e-01 3.826834e-01
    outer loop
      vertex   3.370128e+01 9.022374e+01 3.950000e+00
      vertex   3.370128e+01 9.017379e+01 3.829409e+00
      vertex   3.639868e+01 9.017379e+01 3.829409e+00
    endloop
  endfacet
  facet normal 0.000000e+00 -9.900595e-01 1.406495e-01
    outer loop
      vertex   3.639868e+01 9.017379e+01 3.829409e+00
      vertex   3.370128e+01 9.017379e+01 3.829409e+00
      vertex   2.987963e+01 9.015686e+01 3.710217e+00
    endloop
  endfacet
  facet normal 8.797242e-05 -9.907182e-01 1.359316e-01
    outer loop
      vertex   3.639868e+01 9.017379e+01 3.829409e+00
      vertex   2.987963e+01 9.015686e+01 3.710217e+00
      vertex   4.449087e+01 9.015676e+01 3.700000e+00
    endloop
  endfacet
  facet normal 0.000000e+00 -9.999478e-01 1.021736e-02
    outer loop
      vertex   4.449087e+01 9.015676e+01 3.700000e+00
      vertex   2.987963e+01 9.015686e+01 3.710217e+00
      vertex   2.988085e+01 9.015676e+01 3.700000e+00
    endloop
  endfacet
  facet normal -3.637959e-03 -8.627234e-01 5.056631e-01
    outer loop
      vertex   2.894696e+01 9.027547e+01 4.023448e+00
      vertex   2.951000e+01 9.019292e+01 3.886660e+00
      vertex   3.100389e+01 9.022374e+01 3.950000e+00
    endloop
  endfacet
  facet normal 2.838215e-03 -9.238758e-01 3.826819e-01
    outer loop
      vertex   3.100389e+01 9.022374e+01 3.950000e+00
      vertex   2.951000e+01 9.019292e+01 3.886660e+00
      vertex   3.100389e+01 9.017379e+01 3.829409e+00
    endloop
  endfacet
  facet normal -6.305058e-17 -9.238795e-01 3.826834e-01
    outer loop
      vertex   3.100389e+01 9.022374e+01 3.950000e+00
      vertex   3.100389e+01 9.017379e+01 3.829409e+00
      vertex   3.370128e+01 9.017379e+01 3.829409e+00
    endloop
  endfacet
  facet normal -2.623847e-17 -9.872185e-01 1.593724e-01
    outer loop
      vertex   3.370128e+01 9.017379e+01 3.829409e+00
      vertex   3.100389e+01 9.017379e+01 3.829409e+00
      vertex   2.987101e+01 9.015761e+01 3.729139e+00
    endloop
  endfacet
  facet normal 2.889784e-03 -9.987027e-01 5.083864e-02
    outer loop
      vertex   3.370128e+01 9.017379e+01 3.829409e+00
      vertex   2.987101e+01 9.015761e+01 3.729139e+00
      vertex   2.987618e+01 9.015716e+01 3.720058e+00
    endloop
  endfacet
  facet normal -9.528586e-04 -9.556867e-01 2.943842e-01
    outer loop
      vertex   2.951000e+01 9.019292e+01 3.886660e+00
      vertex   2.974635e+01 9.016884e+01 3.809273e+00
      vertex   3.100389e+01 9.017379e+01 3.829409e+00
    endloop
  endfacet
  facet normal 1.045555e-03 -9.842806e-01 1.766087e-01
    outer loop
      vertex   3.100389e+01 9.017379e+01 3.829409e+00
      vertex   2.974635e+01 9.016884e+01 3.809273e+00
      vertex   2.983207e+01 9.016102e+01 3.765163e+00
    endloop
  endfacet
  facet normal 4.076756e-03 -9.924061e-01 1.229370e-01
    outer loop
      vertex   3.100389e+01 9.017379e+01 3.829409e+00
      vertex   2.983207e+01 9.016102e+01 3.765163e+00
      vertex   2.984923e+01 9.015951e+01 3.752365e+00
    endloop
  endfacet
  facet normal 5.916279e-03 -9.953716e-01 9.591823e-02
    outer loop
      vertex   2.984923e+01 9.015951e+01 3.752365e+00
      vertex   2.986458e+01 9.015816e+01 3.737495e+00
      vertex   3.100389e+01 9.017379e+01 3.829409e+00
    endloop
  endfacet
  facet normal 7.820847e-03 -9.973273e-01 7.264293e-02
    outer loop
      vertex   3.100389e+01 9.017379e+01 3.829409e+00
      vertex   2.986458e+01 9.015816e+01 3.737495e+00
      vertex   2.987101e+01 9.015761e+01 3.729139e+00
    endloop
  endfacet
  facet normal 3.446482e-03 -9.994982e-01 3.148651e-02
    outer loop
      vertex   2.987618e+01 9.015716e+01 3.720058e+00
      vertex   2.987963e+01 9.015686e+01 3.710217e+00
      vertex   3.370128e+01 9.017379e+01 3.829409e+00
    endloop
  endfacet
  facet normal 2.010177e-16 -7.933533e-01 6.087614e-01
    outer loop
      vertex   4.449087e+01 9.022374e+01 3.950000e+00
      vertex   4.449087e+01 9.030320e+01 4.053553e+00
      vertex   4.179347e+01 9.030320e+01 4.053553e+00
    endloop
  endfacet
  facet normal 2.612294e-16 -6.087614e-01 7.933533e-01
    outer loop
      vertex   4.179347e+01 9.030320e+01 4.053553e+00
      vertex   4.449087e+01 9.030320e+01 4.053553e+00
      vertex   4.179347e+01 9.040676e+01 4.133013e+00
    endloop
  endfacet
  facet normal -2.311633e-18 -6.087614e-01 7.933533e-01
    outer loop
      vertex   4.179347e+01 9.030320e+01 4.053553e+00
      vertex   4.179347e+01 9.040676e+01 4.133013e+00
      vertex   3.909608e+01 9.040676e+01 4.133013e+00
    endloop
  endfacet
  facet normal 0.000000e+00 -3.826834e-01 9.238795e-01
    outer loop
      vertex   3.909608e+01 9.040676e+01 4.133013e+00
      vertex   4.179347e+01 9.040676e+01 4.133013e+00
      vertex   3.909608e+01 9.052735e+01 4.182963e+00
    endloop
  endfacet
  facet normal -3.283172e-19 -3.826834e-01 9.238795e-01
    outer loop
      vertex   3.909608e+01 9.040676e+01 4.133013e+00
      vertex   3.909608e+01 9.052735e+01 4.182963e+00
      vertex   3.639868e+01 9.052735e+01 4.182963e+00
    endloop
  endfacet
  facet normal 0.000000e+00 -1.305262e-01 9.914449e-01
    outer loop
      vertex   3.639868e+01 9.052735e+01 4.182963e+00
      vertex   3.909608e+01 9.052735e+01 4.182963e+00
      vertex   4.449087e+01 9.065676e+01 4.200000e+00
    endloop
  endfacet
  facet normal 1.146451e-16 -1.305262e-01 9.914449e-01
    outer loop
      vertex   3.639868e+01 9.052735e+01 4.182963e+00
      vertex   4.449087e+01 9.065676e+01 4.200000e+00
      vertex   2.830649e+01 9.065676e+01 4.200000e+00
    endloop
  endfacet
  facet normal -2.633505e-16 -6.087614e-01 7.933533e-01
    outer loop
      vertex   4.449087e+01 9.030320e+01 4.053553e+00
      vertex   4.449087e+01 9.040676e+01 4.133013e+00
      vertex   4.179347e+01 9.040676e+01 4.133013e+00
    endloop
  endfacet
  facet normal -3.042081e-16 -3.826834e-01 9.238795e-01
    outer loop
      vertex   4.179347e+01 9.040676e+01 4.133013e+00
      vertex   4.449087e+01 9.040676e+01 4.133013e+00
      vertex   4.179347e+01 9.052735e+01 4.182963e+00
    endloop
  endfacet
  facet normal -3.033425e-16 -3.826834e-01 9.238795e-01
    outer loop
      vertex   4.179347e+01 9.040676e+01 4.133013e+00
      vertex   4.179347e+01 9.052735e+01 4.182963e+00
      vertex   3.909608e+01 9.052735e+01 4.182963e+00
    endloop
  endfacet
  facet normal -3.264555e-16 -1.305262e-01 9.914449e-01
    outer loop
      vertex   3.909608e+01 9.052735e+01 4.182963e+00
      vertex   4.179347e+01 9.052735e+01 4.182963e+00
      vertex   4.449087e+01 9.065676e+01 4.200000e+00
    endloop
  endfacet
  facet normal 6.081635e-16 -3.826834e-01 9.238795e-01
    outer loop
      vertex   4.449087e+01 9.040676e+01 4.133013e+00
      vertex   4.449087e+01 9.052735e+01 4.182963e+00
      vertex   4.179347e+01 9.052735e+01 4.182963e+00
    endloop
  endfacet
  facet normal 6.529110e-16 -1.305262e-01 9.914449e-01
    outer loop
      vertex   4.179347e+01 9.052735e+01 4.182963e+00
      vertex   4.449087e+01 9.052735e+01 4.182963e+00
      vertex   4.449087e+01 9.065676e+01 4.200000e+00
    endloop
  endfacet
  facet normal 1.711906e-15 -3.826834e-01 9.238795e-01
    outer loop
      vertex   3.370128e+01 9.052735e+01 4.182963e+00
      vertex   3.100389e+01 9.052735e+01 4.182963e+00
      vertex   3.370128e+01 9.040676e+01 4.133013e+00
    endloop
  endfacet
  facet normal 3.042081e-16 -3.826834e-01 9.238795e-01
    outer loop
      vertex   3.370128e+01 9.040676e+01 4.133013e+00
      vertex   3.100389e+01 9.052735e+01 4.182963e+00
      vertex   3.100389e+01 9.040676e+01 4.133013e+00
    endloop
  endfacet
  facet normal 2.612294e-16 -6.087614e-01 7.933533e-01
    outer loop
      vertex   3.370128e+01 9.040676e+01 4.133013e+00
      vertex   3.100389e+01 9.040676e+01 4.133013e+00
      vertex   3.370128e+01 9.030320e+01 4.053553e+00
    endloop
  endfacet
  facet normal -3.283172e-19 -3.826834e-01 9.238795e-01
    outer loop
      vertex   3.370128e+01 9.052735e+01 4.182963e+00
      vertex   3.370128e+01 9.040676e+01 4.133013e+00
      vertex   3.639868e+01 9.040676e+01 4.133013e+00
    endloop
  endfacet
  facet normal 0.000000e+00 -6.087614e-01 7.933533e-01
    outer loop
      vertex   3.639868e+01 9.040676e+01 4.133013e+00
      vertex   3.370128e+01 9.040676e+01 4.133013e+00
      vertex   3.639868e+01 9.030320e+01 4.053553e+00
    endloop
  endfacet
  facet normal -2.634458e-16 -6.087614e-01 7.933533e-01
    outer loop
      vertex   3.639868e+01 9.040676e+01 4.133013e+00
      vertex   3.639868e+01 9.030320e+01 4.053553e+00
      vertex   3.909608e+01 9.030320e+01 4.053553e+00
    endloop
  endfacet
  facet normal -2.004484e-16 -7.933533e-01 6.087614e-01
    outer loop
      vertex   3.909608e+01 9.030320e+01 4.053553e+00
      vertex   3.639868e+01 9.030320e+01 4.053553e+00
      vertex   3.909608e+01 9.022374e+01 3.950000e+00
    endloop
  endfacet
  facet normal 3.002054e-16 -7.933533e-01 6.087614e-01
    outer loop
      vertex   3.909608e+01 9.030320e+01 4.053553e+00
      vertex   3.909608e+01 9.022374e+01 3.950000e+00
      vertex   4.179347e+01 9.022374e+01 3.950000e+00
    endloop
  endfacet
  facet normal 1.890107e-16 -9.238795e-01 3.826834e-01
    outer loop
      vertex   4.179347e+01 9.022374e+01 3.950000e+00
      vertex   3.909608e+01 9.022374e+01 3.950000e+00
      vertex   4.179347e+01 9.017379e+01 3.829409e+00
    endloop
  endfacet
  facet normal 0.000000e+00 -6.087614e-01 7.933533e-01
    outer loop
      vertex   3.639868e+01 9.030320e+01 4.053553e+00
      vertex   3.370128e+01 9.040676e+01 4.133013e+00
      vertex   3.370128e+01 9.030320e+01 4.053553e+00
    endloop
  endfacet
  facet normal 2.004484e-16 -7.933533e-01 6.087614e-01
    outer loop
      vertex   3.909608e+01 9.022374e+01 3.950000e+00
      vertex   3.639868e+01 9.030320e+01 4.053553e+00
      vertex   3.639868e+01 9.022374e+01 3.950000e+00
    endloop
  endfacet
  facet normal -2.272107e-18 -7.933533e-01 6.087614e-01
    outer loop
      vertex   3.639868e+01 9.022374e+01 3.950000e+00
      vertex   3.639868e+01 9.030320e+01 4.053553e+00
      vertex   3.370128e+01 9.030320e+01 4.053553e+00
    endloop
  endfacet
  facet normal -6.300356e-17 -9.238795e-01 3.826834e-01
    outer loop
      vertex   4.179347e+01 9.017379e+01 3.829409e+00
      vertex   3.909608e+01 9.022374e+01 3.950000e+00
      vertex   3.909608e+01 9.017379e+01 3.829409e+00
    endloop
  endfacet
  facet normal 1.265881e-16 -9.238795e-01 3.826834e-01
    outer loop
      vertex   3.909608e+01 9.017379e+01 3.829409e+00
      vertex   3.909608e+01 9.022374e+01 3.950000e+00
      vertex   3.639868e+01 9.022374e+01 3.950000e+00
    endloop
  endfacet
  facet normal -8.600258e-02 -9.962949e-01 -2.291129e-05
    outer loop
      vertex   2.987963e+01 9.015686e+01 3.710217e+00
      vertex   2.987618e+01 9.015716e+01 3.720058e+00
      vertex   2.988085e+01 9.015676e+01 3.700000e+00
    endloop
  endfacet
  facet normal -8.634634e-02 -9.962652e-01 -1.035088e-04
    outer loop
      vertex   2.988085e+01 9.015676e+01 3.700000e+00
      vertex   2.987618e+01 9.015716e+01 3.720058e+00
      vertex   2.987101e+01 9.015761e+01 3.729139e+00
    endloop
  endfacet
  facet normal -8.684262e-02 -9.962220e-01 -2.723554e-04
    outer loop
      vertex   2.988085e+01 9.015676e+01 3.700000e+00
      vertex   2.987101e+01 9.015761e+01 3.729139e+00
      vertex   2.986458e+01 9.015816e+01 3.737495e+00
    endloop
  endfacet
  facet normal -8.767207e-02 -9.961492e-01 -6.350077e-04
    outer loop
      vertex   2.986458e+01 9.015816e+01 3.737495e+00
      vertex   2.984923e+01 9.015951e+01 3.752365e+00
      vertex   2.988085e+01 9.015676e+01 3.700000e+00
    endloop
  endfacet
  facet normal -8.662847e-02 -9.962407e-01 -0.000000e+00
    outer loop
      vertex   2.988085e+01 9.015676e+01 3.700000e+00
      vertex   2.984923e+01 9.015951e+01 3.752365e+00
      vertex   2.988085e+01 9.015676e+01 3.000000e+00
    endloop
  endfacet
  facet normal -8.802415e-02 -9.961183e-01 -5.910763e-05
    outer loop
      vertex   2.988085e+01 9.015676e+01 3.000000e+00
      vertex   2.984923e+01 9.015951e+01 3.752365e+00
      vertex   2.983207e+01 9.016102e+01 3.765163e+00
    endloop
  endfacet
  facet normal -9.101609e-02 -9.958494e-01 -2.513223e-04
    outer loop
      vertex   2.988085e+01 9.015676e+01 3.000000e+00
      vertex   2.983207e+01 9.016102e+01 3.765163e+00
      vertex   2.974635e+01 9.016884e+01 3.809273e+00
    endloop
  endfacet
  facet normal -9.791142e-02 -9.951941e-01 -1.407082e-03
    outer loop
      vertex   2.988085e+01 9.015676e+01 3.000000e+00
      vertex   2.974635e+01 9.016884e+01 3.809273e+00
      vertex   2.948409e+01 9.019579e+01 3.000000e+00
    endloop
  endfacet
  facet normal -1.014133e-01 -9.948443e-01 -2.605971e-04
    outer loop
      vertex   2.948409e+01 9.019579e+01 3.000000e+00
      vertex   2.974635e+01 9.016884e+01 3.809273e+00
      vertex   2.951000e+01 9.019292e+01 3.886660e+00
    endloop
  endfacet
  facet normal -1.303301e-01 -9.914705e-01 5.951401e-04
    outer loop
      vertex   2.948409e+01 9.019579e+01 3.000000e+00
      vertex   2.951000e+01 9.019292e+01 3.886660e+00
      vertex   2.914366e+01 9.024054e+01 3.000000e+00
    endloop
  endfacet
  facet normal -1.435919e-01 -9.896177e-01 6.173911e-03
    outer loop
      vertex   2.914366e+01 9.024054e+01 3.000000e+00
      vertex   2.951000e+01 9.019292e+01 3.886660e+00
      vertex   2.894696e+01 9.027547e+01 4.023448e+00
    endloop
  endfacet
  facet normal -1.873602e-01 -9.822881e-01 -2.488452e-03
    outer loop
      vertex   2.914366e+01 9.024054e+01 3.000000e+00
      vertex   2.894696e+01 9.027547e+01 4.023448e+00
      vertex   2.886214e+01 9.029424e+01 3.000000e+00
    endloop
  endfacet
  facet normal -2.550091e-01 -9.669327e-01 3.399695e-03
    outer loop
      vertex   2.886214e+01 9.029424e+01 3.000000e+00
      vertex   2.894696e+01 9.027547e+01 4.023448e+00
      vertex   2.870323e+01 9.033997e+01 4.087252e+00
    endloop
  endfacet
  facet normal -3.008440e-01 -9.536656e-01 -3.857522e-03
    outer loop
      vertex   2.886214e+01 9.029424e+01 3.000000e+00
      vertex   2.870323e+01 9.033997e+01 4.087252e+00
      vertex   2.863890e+01 9.036466e+01 3.000000e+00
    endloop
  endfacet
  facet normal -4.292379e-01 -9.031782e-01 4.885462e-03
    outer loop
      vertex   2.863890e+01 9.036466e+01 3.000000e+00
      vertex   2.870323e+01 9.033997e+01 4.087252e+00
      vertex   2.851231e+01 9.043102e+01 4.146099e+00
    endloop
  endfacet
  facet normal -4.967939e-01 -8.678562e-01 -4.621115e-03
    outer loop
      vertex   2.863890e+01 9.036466e+01 3.000000e+00
      vertex   2.851231e+01 9.043102e+01 4.146099e+00
      vertex   2.846812e+01 9.046242e+01 3.000000e+00
    endloop
  endfacet
  facet normal -6.004120e-01 -7.996899e-01 1.241458e-03
    outer loop
      vertex   2.846812e+01 9.046242e+01 3.000000e+00
      vertex   2.851231e+01 9.043102e+01 4.146099e+00
      vertex   2.844087e+01 9.048470e+01 4.169328e+00
    endloop
  endfacet
  facet normal -6.681475e-01 -7.440275e-01 -1.397993e-03
    outer loop
      vertex   2.846812e+01 9.046242e+01 3.000000e+00
      vertex   2.844087e+01 9.048470e+01 4.169328e+00
      vertex   2.840105e+01 9.052265e+01 3.000000e+00
    endloop
  endfacet
  facet normal -7.033103e-01 -7.108824e-01 8.749343e-04
    outer loop
      vertex   2.840105e+01 9.052265e+01 3.000000e+00
      vertex   2.844087e+01 9.048470e+01 4.169328e+00
      vertex   2.838544e+01 9.053955e+01 4.186049e+00
    endloop
  endfacet
  facet normal -7.709464e-01 -6.368992e-01 -1.069877e-03
    outer loop
      vertex   2.840105e+01 9.052265e+01 3.000000e+00
      vertex   2.838544e+01 9.053955e+01 4.186049e+00
      vertex   2.834688e+01 9.058822e+01 3.000000e+00
    endloop
  endfacet
  facet normal -7.886715e-01 -6.148147e-01 4.126557e-04
    outer loop
      vertex   2.834688e+01 9.058822e+01 3.000000e+00
      vertex   2.838544e+01 9.053955e+01 4.186049e+00
      vertex   2.834194e+01 9.059537e+01 4.196213e+00
    endloop
  endfacet
  facet normal -8.611057e-01 -5.084257e-01 -5.220217e-04
    outer loop
      vertex   2.834688e+01 9.058822e+01 3.000000e+00
      vertex   2.834194e+01 9.059537e+01 4.196213e+00
      vertex   2.830680e+01 9.065611e+01 3.000000e+00
    endloop
  endfacet
  facet normal -8.659899e-01 -5.000615e-01 4.613322e-05
    outer loop
      vertex   2.830680e+01 9.065611e+01 3.000000e+00
      vertex   2.834194e+01 9.059537e+01 4.196213e+00
      vertex   2.830649e+01 9.065676e+01 4.200000e+00
    endloop
  endfacet
  facet normal -9.292646e-01 -3.694147e-01 -4.116653e-05
    outer loop
      vertex   2.830680e+01 9.065611e+01 3.000000e+00
      vertex   2.830649e+01 9.065676e+01 4.200000e+00
      vertex   2.828623e+01 9.070773e+01 4.200000e+00
    endloop
  endfacet
  facet normal -9.370936e-01 -3.490765e-01 -1.050270e-03
    outer loop
      vertex   2.830680e+01 9.065611e+01 3.000000e+00
      vertex   2.828623e+01 9.070773e+01 4.200000e+00
      vertex   2.828143e+01 9.072422e+01 3.000000e+00
    endloop
  endfacet
  facet normal -9.731101e-01 -2.303395e-01 7.255192e-04
    outer loop
      vertex   2.828143e+01 9.072422e+01 3.000000e+00
      vertex   2.828623e+01 9.070773e+01 4.200000e+00
      vertex   2.827425e+01 9.075832e+01 4.200000e+00
    endloop
  endfacet
  facet normal -9.878968e-01 -1.551054e-01 -1.501055e-03
    outer loop
      vertex   2.828143e+01 9.072422e+01 3.000000e+00
      vertex   2.827425e+01 9.075832e+01 4.200000e+00
      vertex   2.827086e+01 9.079151e+01 3.000000e+00
    endloop
  endfacet
  facet normal -9.972318e-01 -7.435196e-02 7.584437e-04
    outer loop
      vertex   2.827086e+01 9.079151e+01 3.000000e+00
      vertex   2.827425e+01 9.075832e+01 4.200000e+00
      vertex   2.827052e+01 9.080830e+01 4.200000e+00
    endloop
  endfacet
  facet normal -9.980608e-01 6.223538e-02 -1.153658e-03
    outer loop
      vertex   2.827086e+01 9.079151e+01 3.000000e+00
      vertex   2.827052e+01 9.080830e+01 4.200000e+00
      vertex   2.827498e+01 9.085758e+01 3.000000e+00
    endloop
  endfacet
  facet normal -9.959296e-01 9.013403e-02 0.000000e+00
    outer loop
      vertex   2.827498e+01 9.085758e+01 3.000000e+00
      vertex   2.827052e+01 9.080830e+01 4.200000e+00
      vertex   2.827498e+01 9.085758e+01 4.200000e+00
    endloop
  endfacet
  facet normal 2.849142e-06 3.018178e-06 -1.000000e+00
    outer loop
      vertex   2.380000e+01 9.135000e+01 3.000000e+00
      vertex   2.409778e+01 9.110000e+01 3.000000e+00
      vertex   2.592447e+01 8.934451e+01 3.000000e+00
    endloop
  endfacet
  facet normal -1.498218e-08 3.788653e-08 -1.000000e+00
    outer loop
      vertex   2.592447e+01 8.934451e+01 3.000000e+00
      vertex   2.409778e+01 9.110000e+01 3.000000e+00
      vertex   2.670178e+01 8.965189e+01 3.000000e+00
    endloop
  endfacet
  facet normal 0.000000e+00 0.000000e+00 -1.000000e+00
    outer loop
      vertex   2.592447e+01 8.934451e+01 3.000000e+00
      vertex   2.670178e+01 8.965189e+01 3.000000e+00
      vertex   2.642398e+01 8.946945e+01 3.000000e+00
    endloop
  endfacet
  facet normal 4.692981e-06 5.214423e-06 -1.000000e+00
    outer loop
      vertex   2.380000e+01 9.135000e+01 3.000000e+00
      vertex   2.382000e+01 9.135000e+01 3.000000e+00
      vertex   2.409778e+01 9.110000e+01 3.000000e+00
    endloop
  endfacet
  facet normal -3.067221e-08 -2.094235e-08 -1.000000e+00
    outer loop
      vertex   2.715844e+01 9.110000e+01 3.000000e+00
      vertex   2.730767e+01 9.088145e+01 3.000000e+00
      vertex   2.409778e+01 9.110000e+01 3.000000e+00
    endloop
  endfacet
  facet normal -2.994178e-08 -1.021437e-08 -1.000000e+00
    outer loop
      vertex   2.409778e+01 9.110000e+01 3.000000e+00
      vertex   2.730767e+01 9.088145e+01 3.000000e+00
      vertex   2.737328e+01 9.068912e+01 3.000000e+00
    endloop
  endfacet
  facet normal -2.788811e-08 6.157224e-09 -1.000000e+00
    outer loop
      vertex   2.409778e+01 9.110000e+01 3.000000e+00
      vertex   2.737328e+01 9.068912e+01 3.000000e+00
      vertex   2.724472e+01 9.010685e+01 3.000000e+00
    endloop
  endfacet
  facet normal 0.000000e+00 0.000000e+00 -1.000000e+00
    outer loop
      vertex   2.724472e+01 9.010685e+01 3.000000e+00
      vertex   2.737328e+01 9.068912e+01 3.000000e+00
      vertex   2.733439e+01 9.023296e+01 3.000000e+00
    endloop
  endfacet
  facet normal 0.000000e+00 0.000000e+00 -1.000000e+00
    outer loop
      vertex   2.733439e+01 9.023296e+01 3.000000e+00
      vertex   2.737328e+01 9.068912e+01 3.000000e+00
      vertex   2.736595e+01 9.029954e+01 3.000000e+00
    endloop
  endfacet
  facet normal 0.000000e+00 0.000000e+00 -1.000000e+00
    outer loop
      vertex   2.736595e+01 9.029954e+01 3.000000e+00
      vertex   2.737328e+01 9.068912e+01 3.000000e+00
      vertex   2.738772e+01 9.036915e+01 3.000000e+00
    endloop
  endfacet
  facet normal -2.975046e-14 -1.342937e-15 -1.000000e+00
    outer loop
      vertex   2.738772e+01 9.036915e+01 3.000000e+00
      vertex   2.737328e+01 9.068912e+01 3.000000e+00
      vertex   2.739934e+01 9.044236e+01 3.000000e+00
    endloop
  endfacet
  facet normal 3.192253e-14 5.171751e-15 -1.000000e+00
    outer loop
      vertex   2.739934e+01 9.044236e+01 3.000000e+00
      vertex   2.737328e+01 9.068912e+01 3.000000e+00
      vertex   2.740072e+01 9.051972e+01 3.000000e+00
    endloop
  endfacet
  facet normal 0.000000e+00 0.000000e+00 -1.000000e+00
    outer loop
      vertex   2.713960e+01 9.122898e+01 3.000000e+00
      vertex   2.717446e+01 9.116345e+01 3.000000e+00
      vertex   2.715844e+01 9.110000e+01 3.000000e+00
    endloop
  endfacet
  facet normal 0.000000e+00 0.000000e+00 -1.000000e+00
    outer loop
      vertex   2.715844e+01 9.110000e+01 3.000000e+00
      vertex   2.717446e+01 9.116345e+01 3.000000e+00
      vertex   2.720705e+01 9.110000e+01 3.000000e+00
    endloop
  endfacet
  facet normal 0.000000e+00 0.000000e+00 -1.000000e+00
    outer loop
      vertex   2.715844e+01 9.110000e+01 3.000000e+00
      vertex   2.720705e+01 9.110000e+01 3.000000e+00
      vertex   2.730767e+01 9.088145e+01 3.000000e+00
    endloop
  endfacet
  facet normal -2.225328e-08 2.401204e-08 -1.000000e+00
    outer loop
      vertex   2.724472e+01 9.010685e+01 3.000000e+00
      vertex   2.699072e+01 8.987146e+01 3.000000e+00
      vertex   2.409778e+01 9.110000e+01 3.000000e+00
    endloop
  endfacet
  facet normal -2.081680e-08 2.739462e-08 -1.000000e+00
    outer loop
      vertex   2.409778e+01 9.110000e+01 3.000000e+00
      vertex   2.699072e+01 8.987146e+01 3.000000e+00
      vertex   2.670178e+01 8.965189e+01 3.000000e+00
    endloop
  endfacet
  facet normal 0.000000e+00 0.000000e+00 -1.000000e+00
    outer loop
      vertex   2.642398e+01 8.946945e+01 3.000000e+00
      vertex   2.629250e+01 8.940391e+01 3.000000e+00
      vertex   2.592447e+01 8.934451e+01 3.000000e+00
    endloop
  endfacet
  facet normal 0.000000e+00 0.000000e+00 -1.000000e+00
    outer loop
      vertex   2.592447e+01 8.934451e+01 3.000000e+00
      vertex   2.629250e+01 8.940391e+01 3.000000e+00
      vertex   2.616558e+01 8.936037e+01 3.000000e+00
    endloop
  endfacet
  facet normal 0.000000e+00 0.000000e+00 -1.000000e+00
    outer loop
      vertex   2.592447e+01 8.934451e+01 3.000000e+00
      vertex   2.616558e+01 8.936037e+01 3.000000e+00
      vertex   2.604295e+01 8.934042e+01 3.000000e+00
    endloop
  endfacet
  facet normal 0.000000e+00 0.000000e+00 1.000000e+00
    outer loop
      vertex   1.350000e+01 5.860000e+01 4.200000e+00
      vertex   1.350000e+01 5.800000e+01 4.200000e+00
      vertex   1.985350e+01 5.805000e+01 4.200000e+00
    endloop
  endfacet
  facet normal 0.000000e+00 0.000000e+00 1.000000e+00
    outer loop
      vertex   1.985350e+01 5.805000e+01 4.200000e+00
      vertex   1.350000e+01 5.800000e+01 4.200000e+00
      vertex   2.703965e+01 5.800000e+01 4.200000e+00
    endloop
  endfacet
  facet normal -0.000000e+00 0.000000e+00 1.000000e+00
    outer loop
      vertex   1.985350e+01 5.805000e+01 4.200000e+00
      vertex   2.703965e+01 5.800000e+01 4.200000e+00
      vertex   2.380000e+01 5.805000e+01 4.200000e+00
    endloop
  endfacet
  facet normal -0.000000e+00 0.000000e+00 1.000000e+00
    outer loop
      vertex   2.380000e+01 5.805000e+01 4.200000e+00
      vertex   2.703965e+01 5.800000e+01 4.200000e+00
      vertex   2.719257e+01 5.824938e+01 4.200000e+00
    endloop
  endfacet
  facet normal 0.000000e+00 0.000000e+00 1.000000e+00
    outer loop
      vertex   2.380000e+01 5.805000e+01 4.200000e+00
      vertex   2.719257e+01 5.824938e+01 4.200000e+00
      vertex   2.730950e+01 5.847341e+01 4.200000e+00
    endloop
  endfacet
  facet normal 0.000000e+00 -0.000000e+00 1.000000e+00
    outer loop
      vertex   2.730950e+01 5.847341e+01 4.200000e+00
      vertex   2.738290e+01 5.867493e+01 4.200000e+00
      vertex   2.380000e+01 5.805000e+01 4.200000e+00
    endloop
  endfacet
  facet normal 0.000000e+00 0.000000e+00 1.000000e+00
    outer loop
      vertex   2.380000e+01 5.805000e+01 4.200000e+00
      vertex   2.738290e+01 5.867493e+01 4.200000e+00
      vertex   2.740808e+01 5.885778e+01 4.200000e+00
    endloop
  endfacet
  facet normal 0.000000e+00 0.000000e+00 1.000000e+00
    outer loop
      vertex   2.380000e+01 5.805000e+01 4.200000e+00
      vertex   2.740808e+01 5.885778e+01 4.200000e+00
      vertex   2.740218e+01 5.894363e+01 4.200000e+00
    endloop
  endfacet
  facet normal 2.521228e-15 -1.016290e-14 1.000000e+00
    outer loop
      vertex   2.740218e+01 5.894363e+01 4.200000e+00
      vertex   2.738420e+01 5.902657e+01 4.200000e+00
      vertex   2.380000e+01 5.805000e+01 4.200000e+00
    endloop
  endfacet
  facet normal -1.577472e-15 4.880149e-15 1.000000e+00
    outer loop
      vertex   2.380000e+01 5.805000e+01 4.200000e+00
      vertex   2.738420e+01 5.902657e+01 4.200000e+00
      vertex   2.731397e+01 5.918587e+01 4.200000e+00
    endloop
  endfacet
  facet normal -1.517758e-15 4.695413e-15 1.000000e+00
    outer loop
      vertex   2.380000e+01 5.805000e+01 4.200000e+00
      vertex   2.731397e+01 5.918587e+01 4.200000e+00
      vertex   2.720308e+01 5.933918e+01 4.200000e+00
    endloop
  endfacet
  facet normal 1.848187e-15 -4.189760e-15 1.000000e+00
    outer loop
      vertex   2.720308e+01 5.933918e+01 4.200000e+00
      vertex   2.705966e+01 5.948790e+01 4.200000e+00
      vertex   2.380000e+01 5.805000e+01 4.200000e+00
    endloop
  endfacet
  facet normal 9.188348e-16 -2.082958e-15 1.000000e+00
    outer loop
      vertex   2.380000e+01 5.805000e+01 4.200000e+00
      vertex   2.705966e+01 5.948790e+01 4.200000e+00
      vertex   2.671663e+01 5.976299e+01 4.200000e+00
    endloop
  endfacet
  facet normal -7.884488e-16 8.239612e-16 1.000000e+00
    outer loop
      vertex   2.380000e+01 5.805000e+01 4.200000e+00
      vertex   2.671663e+01 5.976299e+01 4.200000e+00
      vertex   2.591576e+01 6.007457e+01 4.200000e+00
    endloop
  endfacet
  facet normal -2.709069e-15 -4.112671e-15 1.000000e+00
    outer loop
      vertex   2.591576e+01 6.007457e+01 4.200000e+00
      vertex   2.671663e+01 5.976299e+01 4.200000e+00
      vertex   2.653931e+01 5.987979e+01 4.200000e+00
    endloop
  endfacet
  facet normal 3.280903e-15 1.506318e-14 1.000000e+00
    outer loop
      vertex   2.591576e+01 6.007457e+01 4.200000e+00
      vertex   2.653931e+01 5.987979e+01 4.200000e+00
      vertex   2.637187e+01 5.997522e+01 4.200000e+00
    endloop
  endfacet
  facet normal -5.271033e-15 -2.420020e-14 1.000000e+00
    outer loop
      vertex   2.637187e+01 5.997522e+01 4.200000e+00
      vertex   2.622214e+01 6.004454e+01 4.200000e+00
      vertex   2.591576e+01 6.007457e+01 4.200000e+00
    endloop
  endfacet
  facet normal -1.069898e-15 1.866007e-14 1.000000e+00
    outer loop
      vertex   2.591576e+01 6.007457e+01 4.200000e+00
      vertex   2.622214e+01 6.004454e+01 4.200000e+00
      vertex   2.609496e+01 6.008484e+01 4.200000e+00
    endloop
  endfacet
  facet normal 0.000000e+00 0.000000e+00 1.000000e+00
    outer loop
      vertex   2.591576e+01 6.007457e+01 4.200000e+00
      vertex   2.609496e+01 6.008484e+01 4.200000e+00
      vertex   2.595099e+01 6.008855e+01 4.200000e+00
    endloop
  endfacet
  facet normal -0.000000e+00 0.000000e+00 1.000000e+00
    outer loop
      vertex   2.595099e+01 6.008855e+01 4.200000e+00
      vertex   2.609496e+01 6.008484e+01 4.200000e+00
      vertex   2.604061e+01 6.009369e+01 4.200000e+00
    endloop
  endfacet
  facet normal 0.000000e+00 0.000000e+00 1.000000e+00
    outer loop
      vertex   2.595099e+01 6.008855e+01 4.200000e+00
      vertex   2.604061e+01 6.009369e+01 4.200000e+00
      vertex   2.599261e+01 6.009493e+01 4.200000e+00
    endloop
  endfacet
  facet normal 0.000000e+00 -0.000000e+00 1.000000e+00
    outer loop
      vertex   1.985350e+01 5.805000e+01 4.200000e+00
      vertex   1.985350e+01 5.860410e+01 4.200000e+00
      vertex   1.350000e+01 5.860000e+01 4.200000e+00
    endloop
  endfacet
  facet normal 0.000000e+00 0.000000e+00 1.000000e+00
    outer loop
      vertex   1.350000e+01 5.860000e+01 4.200000e+00
      vertex   1.985350e+01 5.860410e+01 4.200000e+00
      vertex   1.350705e+01 5.865030e+01 4.200000e+00
    endloop
  endfacet
  facet normal -0.000000e+00 0.000000e+00 1.000000e+00
    outer loop
      vertex   1.350705e+01 5.865030e+01 4.200000e+00
      vertex   1.985350e+01 5.860410e+01 4.200000e+00
      vertex   1.352177e+01 5.869844e+01 4.200000e+00
    endloop
  endfacet
  facet normal -0.000000e+00 0.000000e+00 1.000000e+00
    outer loop
      vertex   1.352177e+01 5.869844e+01 4.200000e+00
      vertex   1.985350e+01 5.860410e+01 4.200000e+00
      vertex   1.984956e+01 5.870820e+01 4.200000e+00
    endloop
  endfacet
  facet normal 0.000000e+00 0.000000e+00 1.000000e+00
    outer loop
      vertex   1.352177e+01 5.869844e+01 4.200000e+00
      vertex   1.984956e+01 5.870820e+01 4.200000e+00
      vertex   1.354418e+01 5.874439e+01 4.200000e+00
    endloop
  endfacet
  facet normal -0.000000e+00 0.000000e+00 1.000000e+00
    outer loop
      vertex   1.354418e+01 5.874439e+01 4.200000e+00
      vertex   1.984956e+01 5.870820e+01 4.200000e+00
      vertex   1.983706e+01 5.875938e+01 4.200000e+00
    endloop
  endfacet
  facet normal 0.000000e+00 0.000000e+00 1.000000e+00
    outer loop
      vertex   1.354418e+01 5.874439e+01 4.200000e+00
      vertex   1.983706e+01 5.875938e+01 4.200000e+00
      vertex   1.357426e+01 5.878818e+01 4.200000e+00
    endloop
  endfacet
  facet normal 8.125338e-17 1.766794e-14 1.000000e+00
    outer loop
      vertex   1.357426e+01 5.878818e+01 4.200000e+00
      vertex   1.983706e+01 5.875938e+01 4.200000e+00
      vertex   1.981670e+01 5.880974e+01 4.200000e+00
    endloop
  endfacet
  facet normal 1.427857e-16 -1.462371e-16 1.000000e+00
    outer loop
      vertex   1.357426e+01 5.878818e+01 4.200000e+00
      vertex   1.981670e+01 5.880974e+01 4.200000e+00
      vertex   1.365732e+01 5.886928e+01 4.200000e+00
    endloop
  endfacet
  facet normal -3.010327e-17 -1.803228e-14 1.000000e+00
    outer loop
      vertex   1.365732e+01 5.886928e+01 4.200000e+00
      vertex   1.981670e+01 5.880974e+01 4.200000e+00
      vertex   1.978785e+01 5.885904e+01 4.200000e+00
    endloop
  endfacet
  facet normal -0.000000e+00 0.000000e+00 1.000000e+00
    outer loop
      vertex   1.365732e+01 5.886928e+01 4.200000e+00
      vertex   1.978785e+01 5.885904e+01 4.200000e+00
      vertex   1.377040e+01 5.894192e+01 4.200000e+00
    endloop
  endfacet
  facet normal 0.000000e+00 0.000000e+00 1.000000e+00
    outer loop
      vertex   1.377040e+01 5.894192e+01 4.200000e+00
      vertex   1.978785e+01 5.885904e+01 4.200000e+00
      vertex   1.975007e+01 5.890700e+01 4.200000e+00
    endloop
  endfacet
  facet normal -0.000000e+00 0.000000e+00 1.000000e+00
    outer loop
      vertex   1.377040e+01 5.894192e+01 4.200000e+00
      vertex   1.975007e+01 5.890700e+01 4.200000e+00
      vertex   1.391231e+01 5.900649e+01 4.200000e+00
    endloop
  endfacet
  facet normal -0.000000e+00 0.000000e+00 1.000000e+00
    outer loop
      vertex   1.391231e+01 5.900649e+01 4.200000e+00
      vertex   1.975007e+01 5.890700e+01 4.200000e+00
      vertex   1.408137e+01 5.906357e+01 4.200000e+00
    endloop
  endfacet
  facet normal -0.000000e+00 0.000000e+00 1.000000e+00
    outer loop
      vertex   1.408137e+01 5.906357e+01 4.200000e+00
      vertex   1.975007e+01 5.890700e+01 4.200000e+00
      vertex   1.427595e+01 5.911378e+01 4.200000e+00
    endloop
  endfacet
  facet normal -0.000000e+00 0.000000e+00 1.000000e+00
    outer loop
      vertex   1.427595e+01 5.911378e+01 4.200000e+00
      vertex   1.975007e+01 5.890700e+01 4.200000e+00
      vertex   1.449498e+01 5.915770e+01 4.200000e+00
    endloop
  endfacet
  facet normal -0.000000e+00 0.000000e+00 1.000000e+00
    outer loop
      vertex   1.449498e+01 5.915770e+01 4.200000e+00
      vertex   1.975007e+01 5.890700e+01 4.200000e+00
      vertex   1.473849e+01 5.919572e+01 4.200000e+00
    endloop
  endfacet
  facet normal -0.000000e+00 0.000000e+00 1.000000e+00
    outer loop
      vertex   1.473849e+01 5.919572e+01 4.200000e+00
      vertex   1.975007e+01 5.890700e+01 4.200000e+00
      vertex   1.500754e+01 5.922800e+01 4.200000e+00
    endloop
  endfacet
  facet normal -0.000000e+00 0.000000e+00 1.000000e+00
    outer loop
      vertex   1.500754e+01 5.922800e+01 4.200000e+00
      vertex   1.975007e+01 5.890700e+01 4.200000e+00
      vertex   1.530341e+01 5.925459e+01 4.200000e+00
    endloop
  endfacet
  facet normal -0.000000e+00 0.000000e+00 1.000000e+00
    outer loop
      vertex   1.530341e+01 5.925459e+01 4.200000e+00
      vertex   1.975007e+01 5.890700e+01 4.200000e+00
      vertex   1.562660e+01 5.927549e+01 4.200000e+00
    endloop
  endfacet
  facet normal -0.000000e+00 0.000000e+00 1.000000e+00
    outer loop
      vertex   1.562660e+01 5.927549e+01 4.200000e+00
      vertex   1.975007e+01 5.890700e+01 4.200000e+00
      vertex   1.597575e+01 5.929084e+01 4.200000e+00
    endloop
  endfacet
  facet normal -0.000000e+00 0.000000e+00 1.000000e+00
    outer loop
      vertex   1.597575e+01 5.929084e+01 4.200000e+00
      vertex   1.975007e+01 5.890700e+01 4.200000e+00
      vertex   1.634659e+01 5.930099e+01 4.200000e+00
    endloop
  endfacet
  facet normal 0.000000e+00 0.000000e+00 1.000000e+00
    outer loop
      vertex   1.634659e+01 5.930099e+01 4.200000e+00
      vertex   1.975007e+01 5.890700e+01 4.200000e+00
      vertex   1.964792e+01 5.899753e+01 4.200000e+00
    endloop
  endfacet
  facet normal -0.000000e+00 0.000000e+00 1.000000e+00
    outer loop
      vertex   1.634659e+01 5.930099e+01 4.200000e+00
      vertex   1.964792e+01 5.899753e+01 4.200000e+00
      vertex   1.711669e+01 5.930875e+01 4.200000e+00
    endloop
  endfacet
  facet normal 0.000000e+00 0.000000e+00 1.000000e+00
    outer loop
      vertex   1.711669e+01 5.930875e+01 4.200000e+00
      vertex   1.964792e+01 5.899753e+01 4.200000e+00
      vertex   1.748929e+01 5.930856e+01 4.200000e+00
    endloop
  endfacet
  facet normal 0.000000e+00 0.000000e+00 1.000000e+00
    outer loop
      vertex   1.748929e+01 5.930856e+01 4.200000e+00
      vertex   1.964792e+01 5.899753e+01 4.200000e+00
      vertex   1.951614e+01 5.907863e+01 4.200000e+00
    endloop
  endfacet
  facet normal 0.000000e+00 0.000000e+00 1.000000e+00
    outer loop
      vertex   1.748929e+01 5.930856e+01 4.200000e+00
      vertex   1.951614e+01 5.907863e+01 4.200000e+00
      vertex   1.783432e+01 5.930708e+01 4.200000e+00
    endloop
  endfacet
  facet normal 0.000000e+00 0.000000e+00 1.000000e+00
    outer loop
      vertex   1.783432e+01 5.930708e+01 4.200000e+00
      vertex   1.951614e+01 5.907863e+01 4.200000e+00
      vertex   1.936748e+01 5.914773e+01 4.200000e+00
    endloop
  endfacet
  facet normal 0.000000e+00 0.000000e+00 1.000000e+00
    outer loop
      vertex   1.783432e+01 5.930708e+01 4.200000e+00
      vertex   1.936748e+01 5.914773e+01 4.200000e+00
      vertex   1.813970e+01 5.930490e+01 4.200000e+00
    endloop
  endfacet
  facet normal -3.781274e-15 -2.953905e-14 1.000000e+00
    outer loop
      vertex   1.813970e+01 5.930490e+01 4.200000e+00
      vertex   1.936748e+01 5.914773e+01 4.200000e+00
      vertex   1.839801e+01 5.930190e+01 4.200000e+00
    endloop
  endfacet
  facet normal 1.804085e-15 5.583639e-15 1.000000e+00
    outer loop
      vertex   1.839801e+01 5.930190e+01 4.200000e+00
      vertex   1.936748e+01 5.914773e+01 4.200000e+00
      vertex   1.907023e+01 5.924377e+01 4.200000e+00
    endloop
  endfacet
  facet normal 1.105068e-14 1.125180e-13 1.000000e+00
    outer loop
      vertex   1.839801e+01 5.930190e+01 4.200000e+00
      vertex   1.907023e+01 5.924377e+01 4.200000e+00
      vertex   1.860889e+01 5.929698e+01 4.200000e+00
    endloop
  endfacet
  facet normal -7.951792e-15 -5.225808e-14 1.000000e+00
    outer loop
      vertex   1.860889e+01 5.929698e+01 4.200000e+00
      vertex   1.907023e+01 5.924377e+01 4.200000e+00
      vertex   1.878083e+01 5.928781e+01 4.200000e+00
    endloop
  endfacet
  facet normal -9.131171e-16 9.024008e-15 1.000000e+00
    outer loop
      vertex   2.990000e+01 5.905000e+01 4.200000e+00
      vertex   2.870799e+01 5.883096e+01 4.200000e+00
      vertex   4.449033e+01 5.905000e+01 4.200000e+00
    endloop
  endfacet
  facet normal -3.032072e-16 -3.492129e-14 1.000000e+00
    outer loop
      vertex   4.449033e+01 5.905000e+01 4.200000e+00
      vertex   2.870799e+01 5.883096e+01 4.200000e+00
      vertex   2.862853e+01 5.878078e+01 4.200000e+00
    endloop
  endfacet
  facet normal -9.098126e-16 8.187074e-16 1.000000e+00
    outer loop
      vertex   4.449033e+01 5.905000e+01 4.200000e+00
      vertex   2.862853e+01 5.878078e+01 4.200000e+00
      vertex   2.859720e+01 5.874597e+01 4.200000e+00
    endloop
  endfacet
  facet normal -3.214920e-14 3.528649e-13 1.000000e+00
    outer loop
      vertex   2.952473e+01 5.903343e+01 4.200000e+00
      vertex   2.915557e+01 5.897211e+01 4.200000e+00
      vertex   2.990000e+01 5.905000e+01 4.200000e+00
    endloop
  endfacet
  facet normal 8.916555e-15 -3.960602e-14 1.000000e+00
    outer loop
      vertex   2.990000e+01 5.905000e+01 4.200000e+00
      vertex   2.915557e+01 5.897211e+01 4.200000e+00
      vertex   2.879366e+01 5.886820e+01 4.200000e+00
    endloop
  endfacet
  facet normal 1.647144e-14 -8.558212e-14 1.000000e+00
    outer loop
      vertex   2.990000e+01 5.905000e+01 4.200000e+00
      vertex   2.879366e+01 5.886820e+01 4.200000e+00
      vertex   2.870799e+01 5.883096e+01 4.200000e+00
    endloop
  endfacet
  facet normal -4.772070e-16 -2.179559e-14 1.000000e+00
    outer loop
      vertex   2.859720e+01 5.874597e+01 4.200000e+00
      vertex   2.857296e+01 5.870575e+01 4.200000e+00
      vertex   4.449033e+01 5.905000e+01 4.200000e+00
    endloop
  endfacet
  facet normal -9.572903e-16 4.023468e-16 1.000000e+00
    outer loop
      vertex   4.449033e+01 5.905000e+01 4.200000e+00
      vertex   2.857296e+01 5.870575e+01 4.200000e+00
      vertex   2.853659e+01 5.861921e+01 4.200000e+00
    endloop
  endfacet
  facet normal -9.464260e-16 0.000000e+00 1.000000e+00
    outer loop
      vertex   4.449033e+01 5.905000e+01 4.200000e+00
      vertex   2.853659e+01 5.861921e+01 4.200000e+00
      vertex   4.449033e+01 5.800000e+01 4.200000e+00
    endloop
  endfacet
  facet normal -8.241586e-16 3.150170e-15 1.000000e+00
    outer loop
      vertex   4.449033e+01 5.800000e+01 4.200000e+00
      vertex   2.853659e+01 5.861921e+01 4.200000e+00
      vertex   2.832514e+01 5.800000e+01 4.200000e+00
    endloop
  endfacet
  facet normal -2.736089e-02 9.343075e-03 9.995820e-01
    outer loop
      vertex   2.832514e+01 5.800000e+01 4.200000e+00
      vertex   2.853659e+01 5.861921e+01 4.200000e+00
      vertex   2.830000e+01 5.797109e+01 4.199582e+00
    endloop
  endfacet
  facet normal -8.138020e-02 2.906415e-02 9.962593e-01
    outer loop
      vertex   2.830000e+01 5.797109e+01 4.199582e+00
      vertex   2.853659e+01 5.861921e+01 4.200000e+00
      vertex   2.837482e+01 5.825368e+01 4.197450e+00
    endloop
  endfacet
  facet normal -9.783974e-02 3.340988e-02 9.946412e-01
    outer loop
      vertex   2.830000e+01 5.797109e+01 4.199582e+00
      vertex   2.837482e+01 5.825368e+01 4.197450e+00
      vertex   2.833585e+01 5.813955e+01 4.197450e+00
    endloop
  endfacet
  facet normal -2.014763e-01 6.879924e-02 9.770742e-01
    outer loop
      vertex   2.833585e+01 5.813955e+01 4.197450e+00
      vertex   2.837482e+01 5.825368e+01 4.197450e+00
      vertex   2.834239e+01 5.826476e+01 4.189982e+00
    endloop
  endfacet
  facet normal -2.014763e-01 6.879924e-02 9.770742e-01
    outer loop
      vertex   2.833585e+01 5.813955e+01 4.197450e+00
      vertex   2.834239e+01 5.826476e+01 4.189982e+00
      vertex   2.830341e+01 5.815062e+01 4.189982e+00
    endloop
  endfacet
  facet normal -3.120246e-01 1.065488e-01 9.440805e-01
    outer loop
      vertex   2.830341e+01 5.815062e+01 4.189982e+00
      vertex   2.834239e+01 5.826476e+01 4.189982e+00
      vertex   2.830000e+01 5.823159e+01 4.179716e+00
    endloop
  endfacet
  facet normal -7.668518e-01 4.880483e-02 6.399660e-01
    outer loop
      vertex   2.830341e+01 5.815062e+01 4.189982e+00
      vertex   2.830000e+01 5.823159e+01 4.179716e+00
      vertex   2.830000e+01 5.797109e+01 4.199582e+00
    endloop
  endfacet
  facet normal -6.496936e-02 2.730646e-02 9.975136e-01
    outer loop
      vertex   2.857296e+01 5.870575e+01 4.200000e+00
      vertex   2.853369e+01 5.870548e+01 4.197450e+00
      vertex   2.853659e+01 5.861921e+01 4.200000e+00
    endloop
  endfacet
  facet normal -6.757760e-02 2.721374e-02 9.973428e-01
    outer loop
      vertex   2.853659e+01 5.861921e+01 4.200000e+00
      vertex   2.853369e+01 5.870548e+01 4.197450e+00
      vertex   2.850350e+01 5.863051e+01 4.197450e+00
    endloop
  endfacet
  facet normal -6.884349e-02 2.350837e-02 9.973505e-01
    outer loop
      vertex   2.853659e+01 5.861921e+01 4.200000e+00
      vertex   2.850350e+01 5.863051e+01 4.197450e+00
      vertex   2.845203e+01 5.847978e+01 4.197450e+00
    endloop
  endfacet
  facet normal -2.014763e-01 6.879924e-02 9.770742e-01
    outer loop
      vertex   2.845203e+01 5.847978e+01 4.197450e+00
      vertex   2.850350e+01 5.863051e+01 4.197450e+00
      vertex   2.847107e+01 5.864158e+01 4.189982e+00
    endloop
  endfacet
  facet normal -2.014763e-01 6.879924e-02 9.770742e-01
    outer loop
      vertex   2.845203e+01 5.847978e+01 4.197450e+00
      vertex   2.847107e+01 5.864158e+01 4.189982e+00
      vertex   2.841960e+01 5.849085e+01 4.189982e+00
    endloop
  endfacet
  facet normal -3.265871e-01 1.115215e-01 9.385648e-01
    outer loop
      vertex   2.841960e+01 5.849085e+01 4.189982e+00
      vertex   2.847107e+01 5.864158e+01 4.189982e+00
      vertex   2.843990e+01 5.865223e+01 4.177873e+00
    endloop
  endfacet
  facet normal -3.265871e-01 1.115215e-01 9.385648e-01
    outer loop
      vertex   2.841960e+01 5.849085e+01 4.189982e+00
      vertex   2.843990e+01 5.865223e+01 4.177873e+00
      vertex   2.838843e+01 5.850150e+01 4.177873e+00
    endloop
  endfacet
  facet normal -4.446739e-01 1.518453e-01 8.827276e-01
    outer loop
      vertex   2.838843e+01 5.850150e+01 4.177873e+00
      vertex   2.843990e+01 5.865223e+01 4.177873e+00
      vertex   2.841061e+01 5.866223e+01 4.161397e+00
    endloop
  endfacet
  facet normal -4.446739e-01 1.518453e-01 8.827276e-01
    outer loop
      vertex   2.838843e+01 5.850150e+01 4.177873e+00
      vertex   2.841061e+01 5.866223e+01 4.161397e+00
      vertex   2.835914e+01 5.851150e+01 4.161397e+00
    endloop
  endfacet
  facet normal -5.880104e-01 2.007912e-01 7.835347e-01
    outer loop
      vertex   2.835914e+01 5.851150e+01 4.161397e+00
      vertex   2.841061e+01 5.866223e+01 4.161397e+00
      vertex   2.836929e+01 5.867634e+01 4.126777e+00
    endloop
  endfacet
  facet normal -5.880104e-01 2.007912e-01 7.835347e-01
    outer loop
      vertex   2.835914e+01 5.851150e+01 4.161397e+00
      vertex   2.836929e+01 5.867634e+01 4.126777e+00
      vertex   2.831782e+01 5.852561e+01 4.126777e+00
    endloop
  endfacet
  facet normal -7.159849e-01 2.444913e-01 6.539033e-01
    outer loop
      vertex   2.831782e+01 5.852561e+01 4.126777e+00
      vertex   2.836929e+01 5.867634e+01 4.126777e+00
      vertex   2.834765e+01 5.868373e+01 4.100317e+00
    endloop
  endfacet
  facet normal -7.152415e-01 2.444874e-01 6.547179e-01
    outer loop
      vertex   2.831782e+01 5.852561e+01 4.126777e+00
      vertex   2.834765e+01 5.868373e+01 4.100317e+00
      vertex   2.830000e+01 5.854609e+01 4.099658e+00
    endloop
  endfacet
  facet normal -7.957159e-01 2.728941e-01 5.407078e-01
    outer loop
      vertex   2.830000e+01 5.854609e+01 4.099658e+00
      vertex   2.834765e+01 5.868373e+01 4.100317e+00
      vertex   2.832973e+01 5.868985e+01 4.070849e+00
    endloop
  endfacet
  facet normal -8.094164e-01 2.716979e-01 5.206009e-01
    outer loop
      vertex   2.830000e+01 5.854609e+01 4.099658e+00
      vertex   2.832973e+01 5.868985e+01 4.070849e+00
      vertex   2.830000e+01 5.861707e+01 4.062612e+00
    endloop
  endfacet
  facet normal -8.565730e-01 3.025719e-01 4.180106e-01
    outer loop
      vertex   2.830000e+01 5.861707e+01 4.062612e+00
      vertex   2.832973e+01 5.868985e+01 4.070849e+00
      vertex   2.830000e+01 5.864694e+01 4.040987e+00
    endloop
  endfacet
  facet normal -8.561556e-01 3.008021e-01 4.201377e-01
    outer loop
      vertex   2.830000e+01 5.864694e+01 4.040987e+00
      vertex   2.832973e+01 5.868985e+01 4.070849e+00
      vertex   2.831578e+01 5.869461e+01 4.039017e+00
    endloop
  endfacet
  facet normal -8.966902e-01 3.099194e-01 3.160644e-01
    outer loop
      vertex   2.830000e+01 5.864694e+01 4.040987e+00
      vertex   2.831578e+01 5.869461e+01 4.039017e+00
      vertex   2.830000e+01 5.867315e+01 4.015288e+00
    endloop
  endfacet
  facet normal -8.955877e-01 3.353749e-01 2.923121e-01
    outer loop
      vertex   2.830000e+01 5.867315e+01 4.015288e+00
      vertex   2.831578e+01 5.869461e+01 4.039017e+00
      vertex   2.830607e+01 5.869793e+01 4.005464e+00
    endloop
  endfacet
  facet normal -9.184191e-01 3.182445e-01 2.350036e-01
    outer loop
      vertex   2.830000e+01 5.867315e+01 4.015288e+00
      vertex   2.830607e+01 5.869793e+01 4.005464e+00
      vertex   2.830000e+01 5.868392e+01 4.000714e+00
    endloop
  endfacet
  facet normal -9.232766e-01 3.383707e-01 1.818394e-01
    outer loop
      vertex   2.830000e+01 5.868392e+01 4.000714e+00
      vertex   2.830607e+01 5.869793e+01 4.005464e+00
      vertex   2.830000e+01 5.869247e+01 3.984792e+00
    endloop
  endfacet
  facet normal -8.862230e-01 4.402901e-01 1.440602e-01
    outer loop
      vertex   2.830000e+01 5.869247e+01 3.984792e+00
      vertex   2.830607e+01 5.869793e+01 4.005464e+00
      vertex   2.830000e+01 5.869805e+01 3.967750e+00
    endloop
  endfacet
  facet normal -5.505421e-01 8.298028e-01 9.127211e-02
    outer loop
      vertex   2.830000e+01 5.869805e+01 3.967750e+00
      vertex   2.830607e+01 5.869793e+01 4.005464e+00
      vertex   2.830000e+01 5.870000e+01 3.950000e+00
    endloop
  endfacet
  facet normal -9.217682e-01 3.703779e-01 1.147325e-01
    outer loop
      vertex   2.830000e+01 5.870000e+01 3.950000e+00
      vertex   2.830607e+01 5.869793e+01 4.005464e+00
      vertex   2.834510e+01 5.879505e+01 4.005464e+00
    endloop
  endfacet
  facet normal -9.184175e-01 3.865154e-01 8.435158e-02
    outer loop
      vertex   2.830000e+01 5.870000e+01 3.950000e+00
      vertex   2.834510e+01 5.879505e+01 4.005464e+00
      vertex   2.835070e+01 5.882047e+01 3.950000e+00
    endloop
  endfacet
  facet normal -8.720039e-01 4.723628e-01 1.283845e-01
    outer loop
      vertex   2.835070e+01 5.882047e+01 3.950000e+00
      vertex   2.834510e+01 5.879505e+01 4.005464e+00
      vertex   2.837742e+01 5.885472e+01 4.005464e+00
    endloop
  endfacet
  facet normal -8.480033e-01 5.230448e-01 8.552486e-02
    outer loop
      vertex   2.835070e+01 5.882047e+01 3.950000e+00
      vertex   2.837742e+01 5.885472e+01 4.005464e+00
      vertex   2.839483e+01 5.889201e+01 3.950000e+00
    endloop
  endfacet
  facet normal -7.929710e-01 5.909060e-01 1.484153e-01
    outer loop
      vertex   2.839483e+01 5.889201e+01 3.950000e+00
      vertex   2.837742e+01 5.885472e+01 4.005464e+00
      vertex   2.843155e+01 5.892736e+01 4.005464e+00
    endloop
  endfacet
  facet normal -7.410973e-01 6.682675e-01 6.475704e-02
    outer loop
      vertex   2.839483e+01 5.889201e+01 3.950000e+00
      vertex   2.843155e+01 5.892736e+01 4.005464e+00
      vertex   2.846520e+01 5.897005e+01 3.950000e+00
    endloop
  endfacet
  facet normal -6.563958e-01 7.354989e-01 1.678868e-01
    outer loop
      vertex   2.846520e+01 5.897005e+01 3.950000e+00
      vertex   2.843155e+01 5.892736e+01 4.005464e+00
      vertex   2.850962e+01 5.899704e+01 4.005464e+00
    endloop
  endfacet
  facet normal -5.932933e-01 8.004045e-01 8.576504e-02
    outer loop
      vertex   2.846520e+01 5.897005e+01 3.950000e+00
      vertex   2.850962e+01 5.899704e+01 4.005464e+00
      vertex   2.853611e+01 5.902262e+01 3.950000e+00
    endloop
  endfacet
  facet normal -5.150174e-01 8.450438e-01 1.437291e-01
    outer loop
      vertex   2.853611e+01 5.902262e+01 3.950000e+00
      vertex   2.850962e+01 5.899704e+01 4.005464e+00
      vertex   2.857784e+01 5.903862e+01 4.005464e+00
    endloop
  endfacet
  facet normal -4.705180e-01 8.765734e-01 1.011528e-01
    outer loop
      vertex   2.853611e+01 5.902262e+01 3.950000e+00
      vertex   2.857784e+01 5.903862e+01 4.005464e+00
      vertex   2.859639e+01 5.905497e+01 3.950000e+00
    endloop
  endfacet
  facet normal -4.006873e-01 9.064631e-01 1.333207e-01
    outer loop
      vertex   2.859639e+01 5.905497e+01 3.950000e+00
      vertex   2.857784e+01 5.903862e+01 4.005464e+00
      vertex   2.870979e+01 5.909694e+01 4.005464e+00
    endloop
  endfacet
  facet normal -3.949105e-01 9.111111e-01 1.179924e-01
    outer loop
      vertex   2.859639e+01 5.905497e+01 3.950000e+00
      vertex   2.870979e+01 5.909694e+01 4.005464e+00
      vertex   2.870373e+01 5.910150e+01 3.950000e+00
    endloop
  endfacet
  facet normal -2.937651e-01 9.495165e-01 1.100933e-01
    outer loop
      vertex   2.870373e+01 5.910150e+01 3.950000e+00
      vertex   2.870979e+01 5.909694e+01 4.005464e+00
      vertex   2.898739e+01 5.918283e+01 4.005464e+00
    endloop
  endfacet
  facet normal -2.769770e-01 9.608463e-01 7.618614e-03
    outer loop
      vertex   2.870373e+01 5.910150e+01 3.950000e+00
      vertex   2.898739e+01 5.918283e+01 4.005464e+00
      vertex   2.910194e+01 5.921629e+01 3.950000e+00
    endloop
  endfacet
  facet normal -2.114432e-01 9.663797e-01 1.462944e-01
    outer loop
      vertex   2.910194e+01 5.921629e+01 3.950000e+00
      vertex   2.898739e+01 5.918283e+01 4.005464e+00
      vertex   2.922517e+01 5.923485e+01 4.005464e+00
    endloop
  endfacet
  facet normal -1.636060e-01 9.859585e-01 3.345025e-02
    outer loop
      vertex   2.910194e+01 5.921629e+01 3.950000e+00
      vertex   2.922517e+01 5.923485e+01 4.005464e+00
      vertex   2.949759e+01 5.928194e+01 3.950000e+00
    endloop
  endfacet
  facet normal -1.478340e-01 9.830487e-01 1.084454e-01
    outer loop
      vertex   2.949759e+01 5.928194e+01 3.950000e+00
      vertex   2.922517e+01 5.923485e+01 4.005464e+00
      vertex   2.948970e+01 5.927463e+01 4.005464e+00
    endloop
  endfacet
  facet normal -6.260195e-02 9.906077e-01 1.215626e-01
    outer loop
      vertex   2.949759e+01 5.928194e+01 3.950000e+00
      vertex   2.948970e+01 5.927463e+01 4.005464e+00
      vertex   2.976278e+01 5.929189e+01 4.005464e+00
    endloop
  endfacet
  facet normal -6.031895e-02 9.544817e-01 2.921068e-01
    outer loop
      vertex   2.976278e+01 5.929189e+01 4.005464e+00
      vertex   2.948970e+01 5.927463e+01 4.005464e+00
      vertex   2.949084e+01 5.926444e+01 4.039017e+00
    endloop
  endfacet
  facet normal -6.033633e-02 9.545152e-01 2.919935e-01
    outer loop
      vertex   2.976278e+01 5.929189e+01 4.005464e+00
      vertex   2.949084e+01 5.926444e+01 4.039017e+00
      vertex   2.976294e+01 5.928164e+01 4.039017e+00
    endloop
  endfacet
  facet normal -5.725971e-02 9.058434e-01 4.197250e-01
    outer loop
      vertex   2.976294e+01 5.928164e+01 4.039017e+00
      vertex   2.949084e+01 5.926444e+01 4.039017e+00
      vertex   2.949249e+01 5.924979e+01 4.070849e+00
    endloop
  endfacet
  facet normal -5.728469e-02 9.059095e-01 4.195789e-01
    outer loop
      vertex   2.976294e+01 5.928164e+01 4.039017e+00
      vertex   2.949249e+01 5.924979e+01 4.070849e+00
      vertex   2.976321e+01 5.926691e+01 4.070849e+00
    endloop
  endfacet
  facet normal -5.310660e-02 8.398365e-01 5.402355e-01
    outer loop
      vertex   2.976321e+01 5.926691e+01 4.070849e+00
      vertex   2.949249e+01 5.924979e+01 4.070849e+00
      vertex   2.949462e+01 5.923097e+01 4.100317e+00
    endloop
  endfacet
  facet normal -5.313813e-02 8.399390e-01 5.400730e-01
    outer loop
      vertex   2.976321e+01 5.926691e+01 4.070849e+00
      vertex   2.949462e+01 5.923097e+01 4.100317e+00
      vertex   2.976355e+01 5.924799e+01 4.100317e+00
    endloop
  endfacet
  facet normal -4.779386e-02 7.554636e-01 6.534451e-01
    outer loop
      vertex   2.976355e+01 5.924799e+01 4.100317e+00
      vertex   2.949462e+01 5.923097e+01 4.100317e+00
      vertex   2.949718e+01 5.920825e+01 4.126777e+00
    endloop
  endfacet
  facet normal -4.783018e-02 7.556002e-01 6.532845e-01
    outer loop
      vertex   2.976355e+01 5.924799e+01 4.100317e+00
      vertex   2.949718e+01 5.920825e+01 4.126777e+00
      vertex   2.976396e+01 5.922513e+01 4.126777e+00
    endloop
  endfacet
  facet normal -3.928232e-02 6.205648e-01 7.831706e-01
    outer loop
      vertex   2.976396e+01 5.922513e+01 4.126777e+00
      vertex   2.949718e+01 5.920825e+01 4.126777e+00
      vertex   2.950205e+01 5.916486e+01 4.161397e+00
    endloop
  endfacet
  facet normal -3.933728e-02 6.207279e-01 7.830386e-01
    outer loop
      vertex   2.976396e+01 5.922513e+01 4.126777e+00
      vertex   2.950205e+01 5.916486e+01 4.161397e+00
      vertex   2.976468e+01 5.918151e+01 4.161397e+00
    endloop
  endfacet
  facet normal -2.974585e-02 4.693787e-01 8.824958e-01
    outer loop
      vertex   2.976468e+01 5.918151e+01 4.161397e+00
      vertex   2.950205e+01 5.916486e+01 4.161397e+00
      vertex   2.950549e+01 5.913410e+01 4.177873e+00
    endloop
  endfacet
  facet normal -2.978067e-02 4.695390e-01 8.824093e-01
    outer loop
      vertex   2.976468e+01 5.918151e+01 4.161397e+00
      vertex   2.950549e+01 5.913410e+01 4.177873e+00
      vertex   2.976517e+01 5.915058e+01 4.177873e+00
    endloop
  endfacet
  facet normal -2.186716e-02 3.447700e-01 9.384325e-01
    outer loop
      vertex   2.976517e+01 5.915058e+01 4.177873e+00
      vertex   2.950549e+01 5.913410e+01 4.177873e+00
      vertex   2.950916e+01 5.910138e+01 4.189982e+00
    endloop
  endfacet
  facet normal -2.189546e-02 3.449049e-01 9.383822e-01
    outer loop
      vertex   2.976517e+01 5.915058e+01 4.177873e+00
      vertex   2.950916e+01 5.910138e+01 4.189982e+00
      vertex   2.976569e+01 5.911766e+01 4.189982e+00
    endloop
  endfacet
  facet normal -1.350344e-02 2.127109e-01 9.770219e-01
    outer loop
      vertex   2.976569e+01 5.911766e+01 4.189982e+00
      vertex   2.950916e+01 5.910138e+01 4.189982e+00
      vertex   2.951297e+01 5.906732e+01 4.197450e+00
    endloop
  endfacet
  facet normal -1.352224e-02 2.128023e-01 9.770017e-01
    outer loop
      vertex   2.976569e+01 5.911766e+01 4.189982e+00
      vertex   2.951297e+01 5.906732e+01 4.197450e+00
      vertex   2.976623e+01 5.908341e+01 4.197450e+00
    endloop
  endfacet
  facet normal -4.665793e-03 7.342655e-02 9.972897e-01
    outer loop
      vertex   2.976623e+01 5.908341e+01 4.197450e+00
      vertex   2.951297e+01 5.906732e+01 4.197450e+00
      vertex   2.952473e+01 5.903343e+01 4.200000e+00
    endloop
  endfacet
  facet normal -2.858031e-03 6.472338e-02 9.978992e-01
    outer loop
      vertex   2.976623e+01 5.908341e+01 4.197450e+00
      vertex   2.952473e+01 5.903343e+01 4.200000e+00
      vertex   2.990000e+01 5.905000e+01 4.200000e+00
    endloop
  endfacet
  facet normal -6.500702e-02 3.497821e-02 9.972716e-01
    outer loop
      vertex   2.853369e+01 5.870548e+01 4.197450e+00
      vertex   2.857296e+01 5.870575e+01 4.200000e+00
      vertex   2.855593e+01 5.874682e+01 4.197450e+00
    endloop
  endfacet
  facet normal -6.088730e-02 3.669815e-02 9.974698e-01
    outer loop
      vertex   2.855593e+01 5.874682e+01 4.197450e+00
      vertex   2.857296e+01 5.870575e+01 4.200000e+00
      vertex   2.859720e+01 5.874597e+01 4.200000e+00
    endloop
  endfacet
  facet normal -6.070874e-02 4.443302e-02 9.971661e-01
    outer loop
      vertex   2.855593e+01 5.874682e+01 4.197450e+00
      vertex   2.859720e+01 5.874597e+01 4.200000e+00
      vertex   2.858552e+01 5.878724e+01 4.197450e+00
    endloop
  endfacet
  facet normal -5.210842e-02 4.689048e-02 9.975400e-01
    outer loop
      vertex   2.858552e+01 5.878724e+01 4.197450e+00
      vertex   2.859720e+01 5.874597e+01 4.200000e+00
      vertex   2.862853e+01 5.878078e+01 4.200000e+00
    endloop
  endfacet
  facet normal -5.049732e-02 5.743361e-02 9.970714e-01
    outer loop
      vertex   2.858552e+01 5.878724e+01 4.197450e+00
      vertex   2.862853e+01 5.878078e+01 4.200000e+00
      vertex   2.862921e+01 5.882565e+01 4.197450e+00
    endloop
  endfacet
  facet normal -3.615239e-02 5.725208e-02 9.977050e-01
    outer loop
      vertex   2.862921e+01 5.882565e+01 4.197450e+00
      vertex   2.862853e+01 5.878078e+01 4.200000e+00
      vertex   2.870799e+01 5.883096e+01 4.200000e+00
    endloop
  endfacet
  facet normal -3.632991e-02 5.996819e-02 9.975389e-01
    outer loop
      vertex   2.862921e+01 5.882565e+01 4.197450e+00
      vertex   2.870799e+01 5.883096e+01 4.200000e+00
      vertex   2.867597e+01 5.885398e+01 4.197450e+00
    endloop
  endfacet
  facet normal -3.031278e-02 6.829861e-02 9.972043e-01
    outer loop
      vertex   2.867597e+01 5.885398e+01 4.197450e+00
      vertex   2.870799e+01 5.883096e+01 4.200000e+00
      vertex   2.878435e+01 5.890209e+01 4.197450e+00
    endloop
  endfacet
  facet normal -8.646956e-02 1.948271e-01 9.770186e-01
    outer loop
      vertex   2.867597e+01 5.885398e+01 4.197450e+00
      vertex   2.878435e+01 5.890209e+01 4.197450e+00
      vertex   2.877210e+01 5.893410e+01 4.189982e+00
    endloop
  endfacet
  facet normal -6.292782e-02 2.038267e-01 9.769825e-01
    outer loop
      vertex   2.877210e+01 5.893410e+01 4.189982e+00
      vertex   2.878435e+01 5.890209e+01 4.197450e+00
      vertex   2.903010e+01 5.901375e+01 4.189982e+00
    endloop
  endfacet
  facet normal -1.018949e-01 3.300432e-01 9.384503e-01
    outer loop
      vertex   2.877210e+01 5.893410e+01 4.189982e+00
      vertex   2.903010e+01 5.901375e+01 4.189982e+00
      vertex   2.902203e+01 5.904569e+01 4.177873e+00
    endloop
  endfacet
  facet normal -7.380224e-02 3.371724e-01 9.385457e-01
    outer loop
      vertex   2.902203e+01 5.904569e+01 4.177873e+00
      vertex   2.903010e+01 5.901375e+01 4.189982e+00
      vertex   2.925121e+01 5.909585e+01 4.177873e+00
    endloop
  endfacet
  facet normal -1.005041e-01 4.591622e-01 8.826488e-01
    outer loop
      vertex   2.902203e+01 5.904569e+01 4.177873e+00
      vertex   2.925121e+01 5.909585e+01 4.177873e+00
      vertex   2.924552e+01 5.912628e+01 4.161397e+00
    endloop
  endfacet
  facet normal -6.991735e-02 4.648621e-01 8.826181e-01
    outer loop
      vertex   2.924552e+01 5.912628e+01 4.161397e+00
      vertex   2.925121e+01 5.909585e+01 4.177873e+00
      vertex   2.950205e+01 5.916486e+01 4.161397e+00
    endloop
  endfacet
  facet normal -9.245533e-02 6.147112e-01 7.833148e-01
    outer loop
      vertex   2.924552e+01 5.912628e+01 4.161397e+00
      vertex   2.950205e+01 5.916486e+01 4.161397e+00
      vertex   2.949718e+01 5.920825e+01 4.126777e+00
    endloop
  endfacet
  facet normal -2.915418e-02 6.705901e-02 9.973230e-01
    outer loop
      vertex   2.870799e+01 5.883096e+01 4.200000e+00
      vertex   2.879366e+01 5.886820e+01 4.200000e+00
      vertex   2.878435e+01 5.890209e+01 4.197450e+00
    endloop
  endfacet
  facet normal -2.135552e-02 6.920474e-02 9.973739e-01
    outer loop
      vertex   2.878435e+01 5.890209e+01 4.197450e+00
      vertex   2.879366e+01 5.886820e+01 4.200000e+00
      vertex   2.903849e+01 5.898051e+01 4.197450e+00
    endloop
  endfacet
  facet normal -6.283730e-02 2.036307e-01 9.770292e-01
    outer loop
      vertex   2.878435e+01 5.890209e+01 4.197450e+00
      vertex   2.903849e+01 5.898051e+01 4.197450e+00
      vertex   2.903010e+01 5.901375e+01 4.189982e+00
    endloop
  endfacet
  facet normal -4.553668e-02 2.080073e-01 9.770667e-01
    outer loop
      vertex   2.903010e+01 5.901375e+01 4.189982e+00
      vertex   2.903849e+01 5.898051e+01 4.197450e+00
      vertex   2.925726e+01 5.906348e+01 4.189982e+00
    endloop
  endfacet
  facet normal -7.382733e-02 3.372363e-01 9.385207e-01
    outer loop
      vertex   2.903010e+01 5.901375e+01 4.189982e+00
      vertex   2.925726e+01 5.906348e+01 4.189982e+00
      vertex   2.925121e+01 5.909585e+01 4.177873e+00
    endloop
  endfacet
  facet normal -5.135943e-02 3.414274e-01 9.385039e-01
    outer loop
      vertex   2.925121e+01 5.909585e+01 4.177873e+00
      vertex   2.925726e+01 5.906348e+01 4.189982e+00
      vertex   2.950549e+01 5.913410e+01 4.177873e+00
    endloop
  endfacet
  facet normal -6.993637e-02 4.649232e-01 8.825844e-01
    outer loop
      vertex   2.925121e+01 5.909585e+01 4.177873e+00
      vertex   2.950549e+01 5.913410e+01 4.177873e+00
      vertex   2.950205e+01 5.916486e+01 4.161397e+00
    endloop
  endfacet
  facet normal -1.739125e-02 6.057693e-02 9.980120e-01
    outer loop
      vertex   2.879366e+01 5.886820e+01 4.200000e+00
      vertex   2.915557e+01 5.897211e+01 4.200000e+00
      vertex   2.903849e+01 5.898051e+01 4.197450e+00
    endloop
  endfacet
  facet normal -1.635691e-02 7.470486e-02 9.970715e-01
    outer loop
      vertex   2.903849e+01 5.898051e+01 4.197450e+00
      vertex   2.915557e+01 5.897211e+01 4.200000e+00
      vertex   2.926355e+01 5.902979e+01 4.197450e+00
    endloop
  endfacet
  facet normal -4.555345e-02 2.080506e-01 9.770567e-01
    outer loop
      vertex   2.903849e+01 5.898051e+01 4.197450e+00
      vertex   2.926355e+01 5.902979e+01 4.197450e+00
      vertex   2.925726e+01 5.906348e+01 4.189982e+00
    endloop
  endfacet
  facet normal -3.169083e-02 2.106388e-01 9.770501e-01
    outer loop
      vertex   2.925726e+01 5.906348e+01 4.189982e+00
      vertex   2.926355e+01 5.902979e+01 4.197450e+00
      vertex   2.950916e+01 5.910138e+01 4.189982e+00
    endloop
  endfacet
  facet normal -5.137664e-02 3.414842e-01 9.384823e-01
    outer loop
      vertex   2.925726e+01 5.906348e+01 4.189982e+00
      vertex   2.950916e+01 5.910138e+01 4.189982e+00
      vertex   2.950549e+01 5.913410e+01 4.177873e+00
    endloop
  endfacet
  facet normal -1.063654e-02 6.403276e-02 9.978911e-01
    outer loop
      vertex   2.915557e+01 5.897211e+01 4.200000e+00
      vertex   2.952473e+01 5.903343e+01 4.200000e+00
      vertex   2.926355e+01 5.902979e+01 4.197450e+00
    endloop
  endfacet
  facet normal -1.073342e-02 7.132879e-02 9.973951e-01
    outer loop
      vertex   2.926355e+01 5.902979e+01 4.197450e+00
      vertex   2.952473e+01 5.903343e+01 4.200000e+00
      vertex   2.951297e+01 5.906732e+01 4.197450e+00
    endloop
  endfacet
  facet normal -3.170234e-02 2.106774e-01 9.770414e-01
    outer loop
      vertex   2.926355e+01 5.902979e+01 4.197450e+00
      vertex   2.951297e+01 5.906732e+01 4.197450e+00
      vertex   2.950916e+01 5.910138e+01 4.189982e+00
    endloop
  endfacet
  facet normal 1.370066e-02 1.305139e-01 9.913518e-01
    outer loop
      vertex   2.990000e+01 5.905000e+01 4.200000e+00
      vertex   2.990000e+01 5.911470e+01 4.191481e+00
      vertex   2.976623e+01 5.908341e+01 4.197450e+00
    endloop
  endfacet
  facet normal -6.216184e-03 2.129276e-01 9.770482e-01
    outer loop
      vertex   2.976623e+01 5.908341e+01 4.197450e+00
      vertex   2.990000e+01 5.911470e+01 4.191481e+00
      vertex   2.976569e+01 5.911766e+01 4.189982e+00
    endloop
  endfacet
  facet normal -2.871623e-03 3.452507e-01 9.385061e-01
    outer loop
      vertex   2.976569e+01 5.911766e+01 4.189982e+00
      vertex   2.990000e+01 5.911470e+01 4.191481e+00
      vertex   2.976517e+01 5.915058e+01 4.177873e+00
    endloop
  endfacet
  facet normal 8.563364e-03 3.826694e-01 9.238457e-01
    outer loop
      vertex   2.976517e+01 5.915058e+01 4.177873e+00
      vertex   2.990000e+01 5.911470e+01 4.191481e+00
      vertex   2.990000e+01 5.917500e+01 4.166506e+00
    endloop
  endfacet
  facet normal -1.072500e-02 4.699576e-01 8.826238e-01
    outer loop
      vertex   2.976517e+01 5.915058e+01 4.177873e+00
      vertex   2.990000e+01 5.917500e+01 4.166506e+00
      vertex   2.976468e+01 5.918151e+01 4.161397e+00
    endloop
  endfacet
  facet normal -6.805167e-04 6.087613e-01 7.933532e-01
    outer loop
      vertex   2.976468e+01 5.918151e+01 4.161397e+00
      vertex   2.990000e+01 5.917500e+01 4.166506e+00
      vertex   2.990000e+01 5.922678e+01 4.126777e+00
    endloop
  endfacet
  facet normal -7.502598e-03 6.215156e-01 7.833658e-01
    outer loop
      vertex   2.976468e+01 5.918151e+01 4.161397e+00
      vertex   2.990000e+01 5.922678e+01 4.126777e+00
      vertex   2.976396e+01 5.922513e+01 4.126777e+00
    endloop
  endfacet
  facet normal -9.134795e-03 7.567270e-01 6.536672e-01
    outer loop
      vertex   2.976396e+01 5.922513e+01 4.126777e+00
      vertex   2.990000e+01 5.922678e+01 4.126777e+00
      vertex   2.976355e+01 5.924799e+01 4.100317e+00
    endloop
  endfacet
  facet normal 5.266239e-03 7.933423e-01 6.087530e-01
    outer loop
      vertex   2.990000e+01 5.922678e+01 4.126777e+00
      vertex   2.990000e+01 5.926651e+01 4.075000e+00
      vertex   2.976355e+01 5.924799e+01 4.100317e+00
    endloop
  endfacet
  facet normal -1.390893e-02 8.412552e-01 5.404592e-01
    outer loop
      vertex   2.976355e+01 5.924799e+01 4.100317e+00
      vertex   2.990000e+01 5.926651e+01 4.075000e+00
      vertex   2.976321e+01 5.926691e+01 4.070849e+00
    endloop
  endfacet
  facet normal -1.005545e-02 9.075037e-01 4.199236e-01
    outer loop
      vertex   2.976321e+01 5.926691e+01 4.070849e+00
      vertex   2.990000e+01 5.926651e+01 4.075000e+00
      vertex   2.976294e+01 5.928164e+01 4.039017e+00
    endloop
  endfacet
  facet normal 1.529560e-03 9.238785e-01 3.826830e-01
    outer loop
      vertex   2.976294e+01 5.928164e+01 4.039017e+00
      vertex   2.990000e+01 5.926651e+01 4.075000e+00
      vertex   2.990000e+01 5.929148e+01 4.014705e+00
    endloop
  endfacet
  facet normal -1.682498e-02 9.561814e-01 2.922911e-01
    outer loop
      vertex   2.976294e+01 5.928164e+01 4.039017e+00
      vertex   2.990000e+01 5.929148e+01 4.014705e+00
      vertex   2.976278e+01 5.929189e+01 4.005464e+00
    endloop
  endfacet
  facet normal -5.826035e-03 9.914280e-01 1.305240e-01
    outer loop
      vertex   2.976278e+01 5.929189e+01 4.005464e+00
      vertex   2.990000e+01 5.929148e+01 4.014705e+00
      vertex   2.990000e+01 5.930000e+01 3.950000e+00
    endloop
  endfacet
  facet normal -4.480907e-02 9.983789e-01 3.509521e-02
    outer loop
      vertex   2.976278e+01 5.929189e+01 4.005464e+00
      vertex   2.990000e+01 5.930000e+01 3.950000e+00
      vertex   2.949759e+01 5.928194e+01 3.950000e+00
    endloop
  endfacet
  facet normal -7.209345e-01 2.355793e-01 6.517330e-01
    outer loop
      vertex   2.830000e+01 5.854609e+01 4.099658e+00
      vertex   2.830000e+01 5.845585e+01 4.132274e+00
      vertex   2.831782e+01 5.852561e+01 4.126777e+00
    endloop
  endfacet
  facet normal -5.844554e-01 2.110880e-01 7.834882e-01
    outer loop
      vertex   2.831782e+01 5.852561e+01 4.126777e+00
      vertex   2.830000e+01 5.845585e+01 4.132274e+00
      vertex   2.835914e+01 5.851150e+01 4.161397e+00
    endloop
  endfacet
  facet normal -5.595635e-01 1.701656e-01 8.111303e-01
    outer loop
      vertex   2.835914e+01 5.851150e+01 4.161397e+00
      vertex   2.830000e+01 5.845585e+01 4.132274e+00
      vertex   2.831122e+01 5.827540e+01 4.177873e+00
    endloop
  endfacet
  facet normal -5.433969e-01 1.737410e-01 8.213001e-01
    outer loop
      vertex   2.831122e+01 5.827540e+01 4.177873e+00
      vertex   2.830000e+01 5.845585e+01 4.132274e+00
      vertex   2.830000e+01 5.823159e+01 4.179716e+00
    endloop
  endfacet
  facet normal -3.229191e-01 1.221950e-01 9.385050e-01
    outer loop
      vertex   2.831122e+01 5.827540e+01 4.177873e+00
      vertex   2.830000e+01 5.823159e+01 4.179716e+00
      vertex   2.834239e+01 5.826476e+01 4.189982e+00
    endloop
  endfacet
  facet normal -6.884349e-02 2.350837e-02 9.973505e-01
    outer loop
      vertex   2.837482e+01 5.825368e+01 4.197450e+00
      vertex   2.853659e+01 5.861921e+01 4.200000e+00
      vertex   2.845203e+01 5.847978e+01 4.197450e+00
    endloop
  endfacet
  facet normal -2.057743e-01 5.615413e-02 9.769870e-01
    outer loop
      vertex   2.830000e+01 5.797109e+01 4.199582e+00
      vertex   2.833585e+01 5.813955e+01 4.197450e+00
      vertex   2.830341e+01 5.815062e+01 4.189982e+00
    endloop
  endfacet
  facet normal -1.977828e-01 7.957283e-02 9.770108e-01
    outer loop
      vertex   2.847107e+01 5.864158e+01 4.189982e+00
      vertex   2.850350e+01 5.863051e+01 4.197450e+00
      vertex   2.850267e+01 5.872013e+01 4.189982e+00
    endloop
  endfacet
  facet normal -1.976078e-01 7.957737e-02 9.770459e-01
    outer loop
      vertex   2.850267e+01 5.872013e+01 4.189982e+00
      vertex   2.850350e+01 5.863051e+01 4.197450e+00
      vertex   2.853369e+01 5.870548e+01 4.197450e+00
    endloop
  endfacet
  facet normal -1.874634e-01 1.010505e-01 9.770600e-01
    outer loop
      vertex   2.850267e+01 5.872013e+01 4.189982e+00
      vertex   2.853369e+01 5.870548e+01 4.197450e+00
      vertex   2.852662e+01 5.876456e+01 4.189982e+00
    endloop
  endfacet
  facet normal -1.877316e-01 1.010124e-01 9.770124e-01
    outer loop
      vertex   2.852662e+01 5.876456e+01 4.189982e+00
      vertex   2.853369e+01 5.870548e+01 4.197450e+00
      vertex   2.855593e+01 5.874682e+01 4.197450e+00
    endloop
  endfacet
  facet normal -1.722397e-01 1.265571e-01 9.768914e-01
    outer loop
      vertex   2.852662e+01 5.876456e+01 4.189982e+00
      vertex   2.855593e+01 5.874682e+01 4.197450e+00
      vertex   2.856016e+01 5.881022e+01 4.189982e+00
    endloop
  endfacet
  facet normal -1.729592e-01 1.265897e-01 9.767600e-01
    outer loop
      vertex   2.856016e+01 5.881022e+01 4.189982e+00
      vertex   2.855593e+01 5.874682e+01 4.197450e+00
      vertex   2.858552e+01 5.878724e+01 4.197450e+00
    endloop
  endfacet
  facet normal -1.419186e-01 1.608264e-01 9.767262e-01
    outer loop
      vertex   2.856016e+01 5.881022e+01 4.189982e+00
      vertex   2.858552e+01 5.878724e+01 4.197450e+00
      vertex   2.860966e+01 5.885390e+01 4.189982e+00
    endloop
  endfacet
  facet normal -1.411838e-01 1.605768e-01 9.768737e-01
    outer loop
      vertex   2.860966e+01 5.885390e+01 4.189982e+00
      vertex   2.858552e+01 5.878724e+01 4.197450e+00
      vertex   2.862921e+01 5.882565e+01 4.197450e+00
    endloop
  endfacet
  facet normal -1.103553e-01 1.819693e-01 9.770921e-01
    outer loop
      vertex   2.860966e+01 5.885390e+01 4.189982e+00
      vertex   2.862921e+01 5.882565e+01 4.197450e+00
      vertex   2.865987e+01 5.888435e+01 4.189982e+00
    endloop
  endfacet
  facet normal -1.101912e-01 1.818878e-01 9.771257e-01
    outer loop
      vertex   2.865987e+01 5.888435e+01 4.189982e+00
      vertex   2.862921e+01 5.882565e+01 4.197450e+00
      vertex   2.867597e+01 5.885398e+01 4.197450e+00
    endloop
  endfacet
  facet normal -8.625007e-02 1.945703e-01 9.770892e-01
    outer loop
      vertex   2.865987e+01 5.888435e+01 4.189982e+00
      vertex   2.867597e+01 5.885398e+01 4.197450e+00
      vertex   2.877210e+01 5.893410e+01 4.189982e+00
    endloop
  endfacet
  facet normal -3.205986e-01 1.288786e-01 9.384066e-01
    outer loop
      vertex   2.843990e+01 5.865223e+01 4.177873e+00
      vertex   2.847107e+01 5.864158e+01 4.189982e+00
      vertex   2.847286e+01 5.873422e+01 4.177873e+00
    endloop
  endfacet
  facet normal -3.203505e-01 1.288848e-01 9.384904e-01
    outer loop
      vertex   2.847286e+01 5.873422e+01 4.177873e+00
      vertex   2.847107e+01 5.864158e+01 4.189982e+00
      vertex   2.850267e+01 5.872013e+01 4.189982e+00
    endloop
  endfacet
  facet normal -3.037719e-01 1.639927e-01 9.385249e-01
    outer loop
      vertex   2.847286e+01 5.873422e+01 4.177873e+00
      vertex   2.850267e+01 5.872013e+01 4.189982e+00
      vertex   2.849845e+01 5.878161e+01 4.177873e+00
    endloop
  endfacet
  facet normal -3.041423e-01 1.639453e-01 9.384132e-01
    outer loop
      vertex   2.849845e+01 5.878161e+01 4.177873e+00
      vertex   2.850267e+01 5.872013e+01 4.189982e+00
      vertex   2.852662e+01 5.876456e+01 4.189982e+00
    endloop
  endfacet
  facet normal -2.788486e-01 2.055057e-01 9.380889e-01
    outer loop
      vertex   2.849845e+01 5.878161e+01 4.177873e+00
      vertex   2.852662e+01 5.876456e+01 4.189982e+00
      vertex   2.853580e+01 5.883230e+01 4.177873e+00
    endloop
  endfacet
  facet normal -2.797871e-01 2.055801e-01 9.377932e-01
    outer loop
      vertex   2.853580e+01 5.883230e+01 4.177873e+00
      vertex   2.852662e+01 5.876456e+01 4.189982e+00
      vertex   2.856016e+01 5.881022e+01 4.189982e+00
    endloop
  endfacet
  facet normal -2.302402e-01 2.601939e-01 9.377039e-01
    outer loop
      vertex   2.853580e+01 5.883230e+01 4.177873e+00
      vertex   2.856016e+01 5.881022e+01 4.189982e+00
      vertex   2.859088e+01 5.888104e+01 4.177873e+00
    endloop
  endfacet
  facet normal -2.292903e-01 2.598385e-01 9.380351e-01
    outer loop
      vertex   2.859088e+01 5.888104e+01 4.177873e+00
      vertex   2.856016e+01 5.881022e+01 4.189982e+00
      vertex   2.860966e+01 5.885390e+01 4.189982e+00
    endloop
  endfacet
  facet normal -1.790007e-01 2.949028e-01 9.386113e-01
    outer loop
      vertex   2.859088e+01 5.888104e+01 4.177873e+00
      vertex   2.860966e+01 5.885390e+01 4.189982e+00
      vertex   2.864441e+01 5.891353e+01 4.177873e+00
    endloop
  endfacet
  facet normal -1.787733e-01 2.947865e-01 9.386911e-01
    outer loop
      vertex   2.864441e+01 5.891353e+01 4.177873e+00
      vertex   2.860966e+01 5.885390e+01 4.189982e+00
      vertex   2.865987e+01 5.888435e+01 4.189982e+00
    endloop
  endfacet
  facet normal -1.396893e-01 3.154677e-01 9.385984e-01
    outer loop
      vertex   2.864441e+01 5.891353e+01 4.177873e+00
      vertex   2.865987e+01 5.888435e+01 4.189982e+00
      vertex   2.876033e+01 5.896486e+01 4.177873e+00
    endloop
  endfacet
  facet normal -1.400057e-01 3.158368e-01 9.384272e-01
    outer loop
      vertex   2.876033e+01 5.896486e+01 4.177873e+00
      vertex   2.865987e+01 5.888435e+01 4.189982e+00
      vertex   2.877210e+01 5.893410e+01 4.189982e+00
    endloop
  endfacet
  facet normal -1.020293e-01 3.303316e-01 9.383342e-01
    outer loop
      vertex   2.876033e+01 5.896486e+01 4.177873e+00
      vertex   2.877210e+01 5.893410e+01 4.189982e+00
      vertex   2.902203e+01 5.904569e+01 4.177873e+00
    endloop
  endfacet
  facet normal -4.364907e-01 1.753589e-01 8.824540e-01
    outer loop
      vertex   2.841061e+01 5.866223e+01 4.161397e+00
      vertex   2.843990e+01 5.865223e+01 4.177873e+00
      vertex   2.844486e+01 5.874747e+01 4.161397e+00
    endloop
  endfacet
  facet normal -4.362430e-01 1.753669e-01 8.825749e-01
    outer loop
      vertex   2.844486e+01 5.874747e+01 4.161397e+00
      vertex   2.843990e+01 5.865223e+01 4.177873e+00
      vertex   2.847286e+01 5.873422e+01 4.177873e+00
    endloop
  endfacet
  facet normal -4.135069e-01 2.235002e-01 8.826436e-01
    outer loop
      vertex   2.844486e+01 5.874747e+01 4.161397e+00
      vertex   2.847286e+01 5.873422e+01 4.177873e+00
      vertex   2.847197e+01 5.879764e+01 4.161397e+00
    endloop
  endfacet
  facet normal -4.139063e-01 2.234493e-01 8.824692e-01
    outer loop
      vertex   2.847197e+01 5.879764e+01 4.161397e+00
      vertex   2.847286e+01 5.873422e+01 4.177873e+00
      vertex   2.849845e+01 5.878161e+01 4.177873e+00
    endloop
  endfacet
  facet normal -3.792195e-01 2.801648e-01 8.818732e-01
    outer loop
      vertex   2.847197e+01 5.879764e+01 4.161397e+00
      vertex   2.849845e+01 5.878161e+01 4.177873e+00
      vertex   2.851292e+01 5.885306e+01 4.161397e+00
    endloop
  endfacet
  facet normal -3.802929e-01 2.802680e-01 8.813780e-01
    outer loop
      vertex   2.851292e+01 5.885306e+01 4.161397e+00
      vertex   2.849845e+01 5.878161e+01 4.177873e+00
      vertex   2.853580e+01 5.883230e+01 4.177873e+00
    endloop
  endfacet
  facet normal -3.136160e-01 3.536455e-01 8.812377e-01
    outer loop
      vertex   2.851292e+01 5.885306e+01 4.161397e+00
      vertex   2.853580e+01 5.883230e+01 4.177873e+00
      vertex   2.857320e+01 5.890652e+01 4.161397e+00
    endloop
  endfacet
  facet normal -3.125735e-01 3.532386e-01 8.817711e-01
    outer loop
      vertex   2.857320e+01 5.890652e+01 4.161397e+00
      vertex   2.853580e+01 5.883230e+01 4.177873e+00
      vertex   2.859088e+01 5.888104e+01 4.177873e+00
    endloop
  endfacet
  facet normal -2.439029e-01 4.015131e-01 8.827789e-01
    outer loop
      vertex   2.857320e+01 5.890652e+01 4.161397e+00
      vertex   2.859088e+01 5.888104e+01 4.177873e+00
      vertex   2.862986e+01 5.894094e+01 4.161397e+00
    endloop
  endfacet
  facet normal -2.436251e-01 4.013711e-01 8.829202e-01
    outer loop
      vertex   2.862986e+01 5.894094e+01 4.161397e+00
      vertex   2.859088e+01 5.888104e+01 4.177873e+00
      vertex   2.864441e+01 5.891353e+01 4.177873e+00
    endloop
  endfacet
  facet normal -1.900905e-01 4.296681e-01 8.827519e-01
    outer loop
      vertex   2.862986e+01 5.894094e+01 4.161397e+00
      vertex   2.864441e+01 5.891353e+01 4.177873e+00
      vertex   2.874927e+01 5.899377e+01 4.161397e+00
    endloop
  endfacet
  facet normal -1.904295e-01 4.300572e-01 8.824893e-01
    outer loop
      vertex   2.874927e+01 5.899377e+01 4.161397e+00
      vertex   2.864441e+01 5.891353e+01 4.177873e+00
      vertex   2.876033e+01 5.896486e+01 4.177873e+00
    endloop
  endfacet
  facet normal -1.389433e-01 4.496643e-01 8.823247e-01
    outer loop
      vertex   2.874927e+01 5.899377e+01 4.161397e+00
      vertex   2.876033e+01 5.896486e+01 4.177873e+00
      vertex   2.901445e+01 5.907571e+01 4.161397e+00
    endloop
  endfacet
  facet normal -1.387829e-01 4.493260e-01 8.825222e-01
    outer loop
      vertex   2.901445e+01 5.907571e+01 4.161397e+00
      vertex   2.876033e+01 5.896486e+01 4.177873e+00
      vertex   2.902203e+01 5.904569e+01 4.177873e+00
    endloop
  endfacet
  facet normal -1.004753e-01 4.590906e-01 8.826894e-01
    outer loop
      vertex   2.901445e+01 5.907571e+01 4.161397e+00
      vertex   2.902203e+01 5.904569e+01 4.177873e+00
      vertex   2.924552e+01 5.912628e+01 4.161397e+00
    endloop
  endfacet
  facet normal -5.770823e-01 2.317571e-01 7.831122e-01
    outer loop
      vertex   2.836929e+01 5.867634e+01 4.126777e+00
      vertex   2.841061e+01 5.866223e+01 4.161397e+00
      vertex   2.840539e+01 5.876622e+01 4.126777e+00
    endloop
  endfacet
  facet normal -5.769569e-01 2.317908e-01 7.831946e-01
    outer loop
      vertex   2.840539e+01 5.876622e+01 4.126777e+00
      vertex   2.841061e+01 5.866223e+01 4.161397e+00
      vertex   2.844486e+01 5.874747e+01 4.161397e+00
    endloop
  endfacet
  facet normal -5.466674e-01 2.958351e-01 7.833494e-01
    outer loop
      vertex   2.840539e+01 5.876622e+01 4.126777e+00
      vertex   2.844486e+01 5.874747e+01 4.161397e+00
      vertex   2.843461e+01 5.882022e+01 4.126777e+00
    endloop
  endfacet
  facet normal -5.470516e-01 2.956811e-01 7.831394e-01
    outer loop
      vertex   2.843461e+01 5.882022e+01 4.126777e+00
      vertex   2.844486e+01 5.874747e+01 4.161397e+00
      vertex   2.847197e+01 5.879764e+01 4.161397e+00
    endloop
  endfacet
  facet normal -5.005603e-01 3.710694e-01 7.821425e-01
    outer loop
      vertex   2.843461e+01 5.882022e+01 4.126777e+00
      vertex   2.847197e+01 5.879764e+01 4.161397e+00
      vertex   2.848070e+01 5.888239e+01 4.126777e+00
    endloop
  endfacet
  facet normal -5.020040e-01 3.708772e-01 7.813079e-01
    outer loop
      vertex   2.848070e+01 5.888239e+01 4.126777e+00
      vertex   2.847197e+01 5.879764e+01 4.161397e+00
      vertex   2.851292e+01 5.885306e+01 4.161397e+00
    endloop
  endfacet
  facet normal -4.148334e-01 4.665197e-01 7.811995e-01
    outer loop
      vertex   2.848070e+01 5.888239e+01 4.126777e+00
      vertex   2.851292e+01 5.885306e+01 4.161397e+00
      vertex   2.854817e+01 5.894239e+01 4.126777e+00
    endloop
  endfacet
  facet normal -4.135372e-01 4.663205e-01 7.820052e-01
    outer loop
      vertex   2.854817e+01 5.894239e+01 4.126777e+00
      vertex   2.851292e+01 5.885306e+01 4.161397e+00
      vertex   2.857320e+01 5.890652e+01 4.161397e+00
    endloop
  endfacet
  facet normal -3.229259e-01 5.309591e-01 7.834547e-01
    outer loop
      vertex   2.854817e+01 5.894239e+01 4.126777e+00
      vertex   2.857320e+01 5.890652e+01 4.161397e+00
      vertex   2.860933e+01 5.897958e+01 4.126777e+00
    endloop
  endfacet
  facet normal -3.224740e-01 5.308568e-01 7.837102e-01
    outer loop
      vertex   2.860933e+01 5.897958e+01 4.126777e+00
      vertex   2.857320e+01 5.890652e+01 4.161397e+00
      vertex   2.862986e+01 5.894094e+01 4.161397e+00
    endloop
  endfacet
  facet normal -2.512898e-01 5.684302e-01 7.834159e-01
    outer loop
      vertex   2.860933e+01 5.897958e+01 4.126777e+00
      vertex   2.862986e+01 5.894094e+01 4.161397e+00
      vertex   2.873366e+01 5.903455e+01 4.126777e+00
    endloop
  endfacet
  facet normal -2.515813e-01 5.686577e-01 7.831573e-01
    outer loop
      vertex   2.873366e+01 5.903455e+01 4.126777e+00
      vertex   2.862986e+01 5.894094e+01 4.161397e+00
      vertex   2.874927e+01 5.899377e+01 4.161397e+00
    endloop
  endfacet
  facet normal -1.837604e-01 5.943905e-01 7.828998e-01
    outer loop
      vertex   2.873366e+01 5.903455e+01 4.126777e+00
      vertex   2.874927e+01 5.899377e+01 4.161397e+00
      vertex   2.900376e+01 5.911805e+01 4.126777e+00
    endloop
  endfacet
  facet normal -1.835629e-01 5.940673e-01 7.831914e-01
    outer loop
      vertex   2.900376e+01 5.911805e+01 4.126777e+00
      vertex   2.874927e+01 5.899377e+01 4.161397e+00
      vertex   2.901445e+01 5.907571e+01 4.161397e+00
    endloop
  endfacet
  facet normal -1.328465e-01 6.070884e-01 7.834510e-01
    outer loop
      vertex   2.900376e+01 5.911805e+01 4.126777e+00
      vertex   2.901445e+01 5.907571e+01 4.161397e+00
      vertex   2.923749e+01 5.916919e+01 4.126777e+00
    endloop
  endfacet
  facet normal -1.328781e-01 6.071454e-01 7.834015e-01
    outer loop
      vertex   2.923749e+01 5.916919e+01 4.126777e+00
      vertex   2.901445e+01 5.907571e+01 4.161397e+00
      vertex   2.924552e+01 5.912628e+01 4.161397e+00
    endloop
  endfacet
  facet normal -9.243764e-02 6.146711e-01 7.833484e-01
    outer loop
      vertex   2.923749e+01 5.916919e+01 4.126777e+00
      vertex   2.924552e+01 5.912628e+01 4.161397e+00
      vertex   2.949718e+01 5.920825e+01 4.126777e+00
    endloop
  endfacet
  facet normal -7.024768e-01 2.821734e-01 6.533793e-01
    outer loop
      vertex   2.834765e+01 5.868373e+01 4.100317e+00
      vertex   2.836929e+01 5.867634e+01 4.126777e+00
      vertex   2.838475e+01 5.877609e+01 4.100317e+00
    endloop
  endfacet
  facet normal -7.025882e-01 2.821604e-01 6.532651e-01
    outer loop
      vertex   2.838475e+01 5.877609e+01 4.100317e+00
      vertex   2.836929e+01 5.867634e+01 4.126777e+00
      vertex   2.840539e+01 5.876622e+01 4.126777e+00
    endloop
  endfacet
  facet normal -6.655932e-01 3.603204e-01 6.535709e-01
    outer loop
      vertex   2.838475e+01 5.877609e+01 4.100317e+00
      vertex   2.840539e+01 5.876622e+01 4.126777e+00
      vertex   2.841503e+01 5.883203e+01 4.100317e+00
    endloop
  endfacet
  facet normal -6.657614e-01 3.602842e-01 6.534195e-01
    outer loop
      vertex   2.841503e+01 5.883203e+01 4.100317e+00
      vertex   2.840539e+01 5.876622e+01 4.126777e+00
      vertex   2.843461e+01 5.882022e+01 4.126777e+00
    endloop
  endfacet
  facet normal -6.086052e-01 4.520642e-01 6.521025e-01
    outer loop
      vertex   2.841503e+01 5.883203e+01 4.100317e+00
      vertex   2.843461e+01 5.882022e+01 4.126777e+00
      vertex   2.846388e+01 5.889779e+01 4.100317e+00
    endloop
  endfacet
  facet normal -6.099022e-01 4.521254e-01 6.508471e-01
    outer loop
      vertex   2.846388e+01 5.889779e+01 4.100317e+00
      vertex   2.843461e+01 5.882022e+01 4.126777e+00
      vertex   2.848070e+01 5.888239e+01 4.126777e+00
    endloop
  endfacet
  facet normal -5.048537e-01 5.669752e-01 6.508931e-01
    outer loop
      vertex   2.846388e+01 5.889779e+01 4.100317e+00
      vertex   2.848070e+01 5.888239e+01 4.126777e+00
      vertex   2.853497e+01 5.896109e+01 4.100317e+00
    endloop
  endfacet
  facet normal -5.038682e-01 5.666479e-01 6.519409e-01
    outer loop
      vertex   2.853497e+01 5.896109e+01 4.100317e+00
      vertex   2.848070e+01 5.888239e+01 4.126777e+00
      vertex   2.854817e+01 5.894239e+01 4.126777e+00
    endloop
  endfacet
  facet normal -3.935699e-01 6.466143e-01 6.534467e-01
    outer loop
      vertex   2.853497e+01 5.896109e+01 4.100317e+00
      vertex   2.854817e+01 5.894239e+01 4.126777e+00
      vertex   2.859855e+01 5.899979e+01 4.100317e+00
    endloop
  endfacet
  facet normal -3.931651e-01 6.464474e-01 6.538554e-01
    outer loop
      vertex   2.859855e+01 5.899979e+01 4.100317e+00
      vertex   2.854817e+01 5.894239e+01 4.126777e+00
      vertex   2.860933e+01 5.897958e+01 4.126777e+00
    endloop
  endfacet
  facet normal -3.060665e-01 6.923518e-01 6.534311e-01
    outer loop
      vertex   2.859855e+01 5.899979e+01 4.100317e+00
      vertex   2.860933e+01 5.897958e+01 4.126777e+00
      vertex   2.872549e+01 5.905590e+01 4.100317e+00
    endloop
  endfacet
  facet normal -3.060775e-01 6.923627e-01 6.534144e-01
    outer loop
      vertex   2.872549e+01 5.905590e+01 4.100317e+00
      vertex   2.860933e+01 5.897958e+01 4.126777e+00
      vertex   2.873366e+01 5.903455e+01 4.126777e+00
    endloop
  endfacet
  facet normal -2.237250e-01 7.234759e-01 6.530925e-01
    outer loop
      vertex   2.872549e+01 5.905590e+01 4.100317e+00
      vertex   2.873366e+01 5.903455e+01 4.126777e+00
      vertex   2.899816e+01 5.914022e+01 4.100317e+00
    endloop
  endfacet
  facet normal -2.235880e-01 7.232165e-01 6.534266e-01
    outer loop
      vertex   2.899816e+01 5.914022e+01 4.100317e+00
      vertex   2.873366e+01 5.903455e+01 4.126777e+00
      vertex   2.900376e+01 5.911805e+01 4.126777e+00
    endloop
  endfacet
  facet normal -1.617543e-01 7.392221e-01 6.537478e-01
    outer loop
      vertex   2.899816e+01 5.914022e+01 4.100317e+00
      vertex   2.900376e+01 5.911805e+01 4.126777e+00
      vertex   2.923327e+01 5.919167e+01 4.100317e+00
    endloop
  endfacet
  facet normal -1.617666e-01 7.392487e-01 6.537148e-01
    outer loop
      vertex   2.923327e+01 5.919167e+01 4.100317e+00
      vertex   2.900376e+01 5.911805e+01 4.126777e+00
      vertex   2.923749e+01 5.916919e+01 4.126777e+00
    endloop
  endfacet
  facet normal -1.125470e-01 7.483920e-01 6.536380e-01
    outer loop
      vertex   2.923327e+01 5.919167e+01 4.100317e+00
      vertex   2.923749e+01 5.916919e+01 4.126777e+00
      vertex   2.949462e+01 5.923097e+01 4.100317e+00
    endloop
  endfacet
  facet normal -1.125476e-01 7.483935e-01 6.536362e-01
    outer loop
      vertex   2.949462e+01 5.923097e+01 4.100317e+00
      vertex   2.923749e+01 5.916919e+01 4.126777e+00
      vertex   2.949718e+01 5.920825e+01 4.126777e+00
    endloop
  endfacet
  facet normal -7.808759e-01 3.137655e-01 5.401704e-01
    outer loop
      vertex   2.832973e+01 5.868985e+01 4.070849e+00
      vertex   2.834765e+01 5.868373e+01 4.100317e+00
      vertex   2.836768e+01 5.878429e+01 4.070849e+00
    endloop
  endfacet
  facet normal -7.810450e-01 3.137330e-01 5.399447e-01
    outer loop
      vertex   2.836768e+01 5.878429e+01 4.070849e+00
      vertex   2.834765e+01 5.868373e+01 4.100317e+00
      vertex   2.838475e+01 5.877609e+01 4.100317e+00
    endloop
  endfacet
  facet normal -7.399588e-01 4.006516e-01 5.403141e-01
    outer loop
      vertex   2.836768e+01 5.878429e+01 4.070849e+00
      vertex   2.838475e+01 5.877609e+01 4.100317e+00
      vertex   2.839882e+01 5.884180e+01 4.070849e+00
    endloop
  endfacet
  facet normal -7.400458e-01 4.006254e-01 5.402143e-01
    outer loop
      vertex   2.839882e+01 5.884180e+01 4.070849e+00
      vertex   2.838475e+01 5.877609e+01 4.100317e+00
      vertex   2.841503e+01 5.883203e+01 4.100317e+00
    endloop
  endfacet
  facet normal -6.758663e-01 5.028753e-01 5.388145e-01
    outer loop
      vertex   2.839882e+01 5.884180e+01 4.070849e+00
      vertex   2.841503e+01 5.883203e+01 4.100317e+00
      vertex   2.844997e+01 5.891055e+01 4.070849e+00
    endloop
  endfacet
  facet normal -6.769814e-01 5.028532e-01 5.374336e-01
    outer loop
      vertex   2.844997e+01 5.891055e+01 4.070849e+00
      vertex   2.841503e+01 5.883203e+01 4.100317e+00
      vertex   2.846388e+01 5.889779e+01 4.100317e+00
    endloop
  endfacet
  facet normal -5.610926e-01 6.294337e-01 5.375763e-01
    outer loop
      vertex   2.844997e+01 5.891055e+01 4.070849e+00
      vertex   2.846388e+01 5.889779e+01 4.100317e+00
      vertex   2.852400e+01 5.897655e+01 4.070849e+00
    endloop
  endfacet
  facet normal -5.602812e-01 6.292229e-01 5.386683e-01
    outer loop
      vertex   2.852400e+01 5.897655e+01 4.070849e+00
      vertex   2.846388e+01 5.889779e+01 4.100317e+00
      vertex   2.853497e+01 5.896109e+01 4.100317e+00
    endloop
  endfacet
  facet normal -4.378021e-01 7.187962e-01 5.400568e-01
    outer loop
      vertex   2.852400e+01 5.897655e+01 4.070849e+00
      vertex   2.853497e+01 5.896109e+01 4.100317e+00
      vertex   2.858961e+01 5.901651e+01 4.070849e+00
    endloop
  endfacet
  facet normal -4.374308e-01 7.186754e-01 5.405181e-01
    outer loop
      vertex   2.858961e+01 5.901651e+01 4.070849e+00
      vertex   2.853497e+01 5.896109e+01 4.100317e+00
      vertex   2.859855e+01 5.899979e+01 4.100317e+00
    endloop
  endfacet
  facet normal -3.403275e-01 7.697514e-01 5.400556e-01
    outer loop
      vertex   2.858961e+01 5.901651e+01 4.070849e+00
      vertex   2.859855e+01 5.899979e+01 4.100317e+00
      vertex   2.871872e+01 5.907359e+01 4.070849e+00
    endloop
  endfacet
  facet normal -3.402538e-01 7.696866e-01 5.401942e-01
    outer loop
      vertex   2.871872e+01 5.907359e+01 4.070849e+00
      vertex   2.859855e+01 5.899979e+01 4.100317e+00
      vertex   2.872549e+01 5.905590e+01 4.100317e+00
    endloop
  endfacet
  facet normal -2.487264e-01 8.041637e-01 5.398666e-01
    outer loop
      vertex   2.871872e+01 5.907359e+01 4.070849e+00
      vertex   2.872549e+01 5.905590e+01 4.100317e+00
      vertex   2.899352e+01 5.915859e+01 4.070849e+00
    endloop
  endfacet
  facet normal -2.486190e-01 8.039773e-01 5.401936e-01
    outer loop
      vertex   2.899352e+01 5.915859e+01 4.070849e+00
      vertex   2.872549e+01 5.905590e+01 4.100317e+00
      vertex   2.899816e+01 5.914022e+01 4.100317e+00
    endloop
  endfacet
  facet normal -1.798388e-01 8.218845e-01 5.405218e-01
    outer loop
      vertex   2.899352e+01 5.915859e+01 4.070849e+00
      vertex   2.899816e+01 5.914022e+01 4.100317e+00
      vertex   2.922978e+01 5.921028e+01 4.070849e+00
    endloop
  endfacet
  facet normal -1.798447e-01 8.218957e-01 5.405028e-01
    outer loop
      vertex   2.922978e+01 5.921028e+01 4.070849e+00
      vertex   2.899816e+01 5.914022e+01 4.100317e+00
      vertex   2.923327e+01 5.919167e+01 4.100317e+00
    endloop
  endfacet
  facet normal -1.251294e-01 8.320398e-01 5.404187e-01
    outer loop
      vertex   2.922978e+01 5.921028e+01 4.070849e+00
      vertex   2.923327e+01 5.919167e+01 4.100317e+00
      vertex   2.949249e+01 5.924979e+01 4.070849e+00
    endloop
  endfacet
  facet normal -1.251247e-01 8.320283e-01 5.404375e-01
    outer loop
      vertex   2.949249e+01 5.924979e+01 4.070849e+00
      vertex   2.923327e+01 5.919167e+01 4.100317e+00
      vertex   2.949462e+01 5.923097e+01 4.100317e+00
    endloop
  endfacet
  facet normal -8.422103e-01 3.384731e-01 4.196638e-01
    outer loop
      vertex   2.831578e+01 5.869461e+01 4.039017e+00
      vertex   2.832973e+01 5.868985e+01 4.070849e+00
      vertex   2.835438e+01 5.879066e+01 4.039017e+00
    endloop
  endfacet
  facet normal -8.422983e-01 3.384458e-01 4.195093e-01
    outer loop
      vertex   2.835438e+01 5.879066e+01 4.039017e+00
      vertex   2.832973e+01 5.868985e+01 4.070849e+00
      vertex   2.836768e+01 5.878429e+01 4.070849e+00
    endloop
  endfacet
  facet normal -7.980957e-01 4.322019e-01 4.198151e-01
    outer loop
      vertex   2.835438e+01 5.879066e+01 4.039017e+00
      vertex   2.836768e+01 5.878429e+01 4.070849e+00
      vertex   2.838620e+01 5.884941e+01 4.039017e+00
    endloop
  endfacet
  facet normal -7.981699e-01 4.321701e-01 4.197067e-01
    outer loop
      vertex   2.838620e+01 5.884941e+01 4.039017e+00
      vertex   2.836768e+01 5.878429e+01 4.070849e+00
      vertex   2.839882e+01 5.884180e+01 4.070849e+00
    endloop
  endfacet
  facet normal -7.283775e-01 5.425690e-01 4.184317e-01
    outer loop
      vertex   2.838620e+01 5.884941e+01 4.039017e+00
      vertex   2.839882e+01 5.884180e+01 4.070849e+00
      vertex   2.843914e+01 5.892048e+01 4.039017e+00
    endloop
  endfacet
  facet normal -7.290931e-01 5.424784e-01 4.173013e-01
    outer loop
      vertex   2.843914e+01 5.892048e+01 4.039017e+00
      vertex   2.839882e+01 5.884180e+01 4.070849e+00
      vertex   2.844997e+01 5.891055e+01 4.070849e+00
    endloop
  endfacet
  facet normal -6.049548e-01 6.781094e-01 4.173695e-01
    outer loop
      vertex   2.843914e+01 5.892048e+01 4.039017e+00
      vertex   2.844997e+01 5.891055e+01 4.070849e+00
      vertex   2.851548e+01 5.898859e+01 4.039017e+00
    endloop
  endfacet
  facet normal -6.044105e-01 6.780279e-01 4.182895e-01
    outer loop
      vertex   2.851548e+01 5.898859e+01 4.039017e+00
      vertex   2.844997e+01 5.891055e+01 4.070849e+00
      vertex   2.852400e+01 5.897655e+01 4.070849e+00
    endloop
  endfacet
  facet normal -4.723278e-01 7.751157e-01 4.196453e-01
    outer loop
      vertex   2.851548e+01 5.898859e+01 4.039017e+00
      vertex   2.852400e+01 5.897655e+01 4.070849e+00
      vertex   2.858266e+01 5.902953e+01 4.039017e+00
    endloop
  endfacet
  facet normal -4.720733e-01 7.750636e-01 4.200275e-01
    outer loop
      vertex   2.858266e+01 5.902953e+01 4.039017e+00
      vertex   2.852400e+01 5.897655e+01 4.070849e+00
      vertex   2.858961e+01 5.901651e+01 4.070849e+00
    endloop
  endfacet
  facet normal -3.670573e-01 8.301679e-01 4.196311e-01
    outer loop
      vertex   2.858266e+01 5.902953e+01 4.039017e+00
      vertex   2.858961e+01 5.901651e+01 4.070849e+00
      vertex   2.871346e+01 5.908736e+01 4.039017e+00
    endloop
  endfacet
  facet normal -3.670309e-01 8.301490e-01 4.196915e-01
    outer loop
      vertex   2.871346e+01 5.908736e+01 4.039017e+00
      vertex   2.858961e+01 5.901651e+01 4.070849e+00
      vertex   2.871872e+01 5.907359e+01 4.070849e+00
    endloop
  endfacet
  facet normal -2.682821e-01 8.672546e-01 4.193973e-01
    outer loop
      vertex   2.871346e+01 5.908736e+01 4.039017e+00
      vertex   2.871872e+01 5.907359e+01 4.070849e+00
      vertex   2.898991e+01 5.917288e+01 4.039017e+00
    endloop
  endfacet
  facet normal -2.682032e-01 8.671348e-01 4.196955e-01
    outer loop
      vertex   2.898991e+01 5.917288e+01 4.039017e+00
      vertex   2.871872e+01 5.907359e+01 4.070849e+00
      vertex   2.899352e+01 5.915859e+01 4.070849e+00
    endloop
  endfacet
  facet normal -1.939852e-01 8.865523e-01 4.199937e-01
    outer loop
      vertex   2.898991e+01 5.917288e+01 4.039017e+00
      vertex   2.899352e+01 5.915859e+01 4.070849e+00
      vertex   2.922706e+01 5.922477e+01 4.039017e+00
    endloop
  endfacet
  facet normal -1.939911e-01 8.865619e-01 4.199707e-01
    outer loop
      vertex   2.922706e+01 5.922477e+01 4.039017e+00
      vertex   2.899352e+01 5.915859e+01 4.070849e+00
      vertex   2.922978e+01 5.921028e+01 4.070849e+00
    endloop
  endfacet
  facet normal -1.349720e-01 8.974793e-01 4.198969e-01
    outer loop
      vertex   2.922706e+01 5.922477e+01 4.039017e+00
      vertex   2.922978e+01 5.921028e+01 4.070849e+00
      vertex   2.949084e+01 5.926444e+01 4.039017e+00
    endloop
  endfacet
  facet normal -1.349702e-01 8.974756e-01 4.199054e-01
    outer loop
      vertex   2.949084e+01 5.926444e+01 4.039017e+00
      vertex   2.922978e+01 5.921028e+01 4.070849e+00
      vertex   2.949249e+01 5.924979e+01 4.070849e+00
    endloop
  endfacet
  facet normal -8.874420e-01 3.565852e-01 2.920508e-01
    outer loop
      vertex   2.830607e+01 5.869793e+01 4.005464e+00
      vertex   2.831578e+01 5.869461e+01 4.039017e+00
      vertex   2.834510e+01 5.879505e+01 4.005464e+00
    endloop
  endfacet
  facet normal -8.873700e-01 3.566221e-01 2.922243e-01
    outer loop
      vertex   2.834510e+01 5.879505e+01 4.005464e+00
      vertex   2.831578e+01 5.869461e+01 4.039017e+00
      vertex   2.835438e+01 5.879066e+01 4.039017e+00
    endloop
  endfacet
  facet normal -8.408788e-01 4.555024e-01 2.923019e-01
    outer loop
      vertex   2.834510e+01 5.879505e+01 4.005464e+00
      vertex   2.835438e+01 5.879066e+01 4.039017e+00
      vertex   2.837742e+01 5.885472e+01 4.005464e+00
    endloop
  endfacet
  facet normal -8.409910e-01 4.554315e-01 2.920895e-01
    outer loop
      vertex   2.837742e+01 5.885472e+01 4.005464e+00
      vertex   2.835438e+01 5.879066e+01 4.039017e+00
      vertex   2.838620e+01 5.884941e+01 4.039017e+00
    endloop
  endfacet
  facet normal -7.671113e-01 5.716359e-01 2.911575e-01
    outer loop
      vertex   2.837742e+01 5.885472e+01 4.005464e+00
      vertex   2.838620e+01 5.884941e+01 4.039017e+00
      vertex   2.843155e+01 5.892736e+01 4.005464e+00
    endloop
  endfacet
  facet normal -7.673161e-01 5.715745e-01 2.907379e-01
    outer loop
      vertex   2.843155e+01 5.892736e+01 4.005464e+00
      vertex   2.838620e+01 5.884941e+01 4.039017e+00
      vertex   2.843914e+01 5.892048e+01 4.039017e+00
    endloop
  endfacet
  facet normal -6.371331e-01 7.139149e-01 2.904943e-01
    outer loop
      vertex   2.843155e+01 5.892736e+01 4.005464e+00
      vertex   2.843914e+01 5.892048e+01 4.039017e+00
      vertex   2.850962e+01 5.899704e+01 4.005464e+00
    endloop
  endfacet
  facet normal -6.369014e-01 7.139193e-01 2.909911e-01
    outer loop
      vertex   2.850962e+01 5.899704e+01 4.005464e+00
      vertex   2.843914e+01 5.892048e+01 4.039017e+00
      vertex   2.851548e+01 5.898859e+01 4.039017e+00
    endloop
  endfacet
  facet normal -4.976550e-01 8.165555e-01 2.925349e-01
    outer loop
      vertex   2.850962e+01 5.899704e+01 4.005464e+00
      vertex   2.851548e+01 5.898859e+01 4.039017e+00
      vertex   2.857784e+01 5.903862e+01 4.005464e+00
    endloop
  endfacet
  facet normal -4.975780e-01 8.165526e-01 2.926738e-01
    outer loop
      vertex   2.857784e+01 5.903862e+01 4.005464e+00
      vertex   2.851548e+01 5.898859e+01 4.039017e+00
      vertex   2.858266e+01 5.902953e+01 4.039017e+00
    endloop
  endfacet
  facet normal -3.866189e-01 8.746365e-01 2.924668e-01
    outer loop
      vertex   2.857784e+01 5.903862e+01 4.005464e+00
      vertex   2.858266e+01 5.902953e+01 4.039017e+00
      vertex   2.870979e+01 5.909694e+01 4.005464e+00
    endloop
  endfacet
  facet normal -3.867469e-01 8.746996e-01 2.921085e-01
    outer loop
      vertex   2.870979e+01 5.909694e+01 4.005464e+00
      vertex   2.858266e+01 5.902953e+01 4.039017e+00
      vertex   2.871346e+01 5.908736e+01 4.039017e+00
    endloop
  endfacet
  facet normal -2.826913e-01 9.137234e-01 2.918821e-01
    outer loop
      vertex   2.870979e+01 5.909694e+01 4.005464e+00
      vertex   2.871346e+01 5.908736e+01 4.039017e+00
      vertex   2.898739e+01 5.918283e+01 4.005464e+00
    endloop
  endfacet
  facet normal -2.826367e-01 9.136576e-01 2.921408e-01
    outer loop
      vertex   2.898739e+01 5.918283e+01 4.005464e+00
      vertex   2.871346e+01 5.908736e+01 4.039017e+00
      vertex   2.898991e+01 5.917288e+01 4.039017e+00
    endloop
  endfacet
  facet normal -2.044031e-01 9.342033e-01 2.923756e-01
    outer loop
      vertex   2.898739e+01 5.918283e+01 4.005464e+00
      vertex   2.898991e+01 5.917288e+01 4.039017e+00
      vertex   2.922517e+01 5.923485e+01 4.005464e+00
    endloop
  endfacet
  facet normal -2.044149e-01 9.342181e-01 2.923200e-01
    outer loop
      vertex   2.922517e+01 5.923485e+01 4.005464e+00
      vertex   2.898991e+01 5.917288e+01 4.039017e+00
      vertex   2.922706e+01 5.922477e+01 4.039017e+00
    endloop
  endfacet
  facet normal -1.422173e-01 9.456998e-01 2.922775e-01
    outer loop
      vertex   2.922517e+01 5.923485e+01 4.005464e+00
      vertex   2.922706e+01 5.922477e+01 4.039017e+00
      vertex   2.948970e+01 5.927463e+01 4.005464e+00
    endloop
  endfacet
  facet normal -1.422259e-01 9.457131e-01 2.922303e-01
    outer loop
      vertex   2.948970e+01 5.927463e+01 4.005464e+00
      vertex   2.922706e+01 5.922477e+01 4.039017e+00
      vertex   2.949084e+01 5.926444e+01 4.039017e+00
    endloop
  endfacet
  facet normal -4.446739e-01 1.518453e-01 8.827276e-01
    outer loop
      vertex   2.835914e+01 5.851150e+01 4.161397e+00
      vertex   2.831122e+01 5.827540e+01 4.177873e+00
      vertex   2.838843e+01 5.850150e+01 4.177873e+00
    endloop
  endfacet
  facet normal -3.265871e-01 1.115215e-01 9.385648e-01
    outer loop
      vertex   2.838843e+01 5.850150e+01 4.177873e+00
      vertex   2.831122e+01 5.827540e+01 4.177873e+00
      vertex   2.834239e+01 5.826476e+01 4.189982e+00
    endloop
  endfacet
  facet normal -3.265871e-01 1.115215e-01 9.385648e-01
    outer loop
      vertex   2.838843e+01 5.850150e+01 4.177873e+00
      vertex   2.834239e+01 5.826476e+01 4.189982e+00
      vertex   2.841960e+01 5.849085e+01 4.189982e+00
    endloop
  endfacet
  facet normal -2.014763e-01 6.879924e-02 9.770742e-01
    outer loop
      vertex   2.841960e+01 5.849085e+01 4.189982e+00
      vertex   2.834239e+01 5.826476e+01 4.189982e+00
      vertex   2.837482e+01 5.825368e+01 4.197450e+00
    endloop
  endfacet
  facet normal -2.014763e-01 6.879924e-02 9.770742e-01
    outer loop
      vertex   2.841960e+01 5.849085e+01 4.189982e+00
      vertex   2.837482e+01 5.825368e+01 4.197450e+00
      vertex   2.845203e+01 5.847978e+01 4.197450e+00
    endloop
  endfacet
  facet normal 1.010644e-01 5.689679e-02 9.932516e-01
    outer loop
      vertex   4.408823e+01 6.768703e+01 1.990393e+00
      vertex   4.399069e+01 6.769258e+01 2.000000e+00
      vertex   4.407801e+01 6.759472e+01 1.996721e+00
    endloop
  endfacet
  facet normal 1.078694e-01 6.300544e-02 9.921666e-01
    outer loop
      vertex   4.407801e+01 6.759472e+01 1.996721e+00
      vertex   4.399069e+01 6.769258e+01 2.000000e+00
      vertex   4.399069e+01 6.756609e+01 2.008033e+00
    endloop
  endfacet
  facet normal 9.160202e-02 1.115714e-01 9.895256e-01
    outer loop
      vertex   4.407801e+01 6.759472e+01 1.996721e+00
      vertex   4.399069e+01 6.756609e+01 2.008033e+00
      vertex   4.407757e+01 6.756353e+01 2.000279e+00
    endloop
  endfacet
  facet normal 9.280698e-02 1.882914e-01 9.777184e-01
    outer loop
      vertex   4.407757e+01 6.756353e+01 2.000279e+00
      vertex   4.399069e+01 6.756609e+01 2.008033e+00
      vertex   4.399069e+01 6.744162e+01 2.032002e+00
    endloop
  endfacet
  facet normal 6.353737e-02 2.086826e-01 9.759173e-01
    outer loop
      vertex   4.407757e+01 6.756353e+01 2.000279e+00
      vertex   4.399069e+01 6.744162e+01 2.032002e+00
      vertex   4.407818e+01 6.740156e+01 2.034873e+00
    endloop
  endfacet
  facet normal 1.109151e-01 3.098778e-01 9.442847e-01
    outer loop
      vertex   4.407818e+01 6.740156e+01 2.034873e+00
      vertex   4.399069e+01 6.744162e+01 2.032002e+00
      vertex   4.399069e+01 6.732119e+01 2.071523e+00
    endloop
  endfacet
  facet normal 1.008626e-01 3.198231e-01 9.420934e-01
    outer loop
      vertex   4.407818e+01 6.740156e+01 2.034873e+00
      vertex   4.399069e+01 6.732119e+01 2.071523e+00
      vertex   4.408823e+01 6.732278e+01 2.060542e+00
    endloop
  endfacet
  facet normal 2.660139e-01 3.291410e-01 9.060369e-01
    outer loop
      vertex   4.407818e+01 6.740156e+01 2.034873e+00
      vertex   4.408823e+01 6.732278e+01 2.060542e+00
      vertex   4.416326e+01 6.740191e+01 2.009766e+00
    endloop
  endfacet
  facet normal 2.994036e-01 2.977620e-01 9.064741e-01
    outer loop
      vertex   4.416326e+01 6.740191e+01 2.009766e+00
      vertex   4.408823e+01 6.732278e+01 2.060542e+00
      vertex   4.418203e+01 6.732747e+01 2.028019e+00
    endloop
  endfacet
  facet normal 4.323680e-01 3.160802e-01 8.444828e-01
    outer loop
      vertex   4.416326e+01 6.740191e+01 2.009766e+00
      vertex   4.418203e+01 6.732747e+01 2.028019e+00
      vertex   4.424346e+01 6.740240e+01 1.968523e+00
    endloop
  endfacet
  facet normal 4.859390e-01 2.633390e-01 8.333762e-01
    outer loop
      vertex   4.424346e+01 6.740240e+01 1.968523e+00
      vertex   4.418203e+01 6.732747e+01 2.028019e+00
      vertex   4.426847e+01 6.733510e+01 1.975204e+00
    endloop
  endfacet
  facet normal 5.852646e-01 2.925931e-01 7.562107e-01
    outer loop
      vertex   4.424346e+01 6.740240e+01 1.968523e+00
      vertex   4.426847e+01 6.733510e+01 1.975204e+00
      vertex   4.431626e+01 6.740292e+01 1.911973e+00
    endloop
  endfacet
  facet normal 6.518802e-01 2.178268e-01 7.263633e-01
    outer loop
      vertex   4.431626e+01 6.740292e+01 1.911973e+00
      vertex   4.426847e+01 6.733510e+01 1.975204e+00
      vertex   4.434424e+01 6.734536e+01 1.904128e+00
    endloop
  endfacet
  facet normal 7.243535e-01 2.653195e-01 6.363313e-01
    outer loop
      vertex   4.431626e+01 6.740292e+01 1.911973e+00
      vertex   4.434424e+01 6.734536e+01 1.904128e+00
      vertex   4.438539e+01 6.740341e+01 1.833082e+00
    endloop
  endfacet
  facet normal 7.901484e-01 1.630074e-01 5.908419e-01
    outer loop
      vertex   4.438539e+01 6.740341e+01 1.833082e+00
      vertex   4.434424e+01 6.734536e+01 1.904128e+00
      vertex   4.440642e+01 6.735786e+01 1.817521e+00
    endloop
  endfacet
  facet normal 8.366170e-01 2.140550e-01 5.042345e-01
    outer loop
      vertex   4.438539e+01 6.740341e+01 1.833082e+00
      vertex   4.440642e+01 6.735786e+01 1.817521e+00
      vertex   4.443021e+01 6.740367e+01 1.758613e+00
    endloop
  endfacet
  facet normal 8.970617e-01 9.046835e-02 4.325457e-01
    outer loop
      vertex   4.443021e+01 6.740367e+01 1.758613e+00
      vertex   4.440642e+01 6.735786e+01 1.817521e+00
      vertex   4.445263e+01 6.737213e+01 1.718713e+00
    endloop
  endfacet
  facet normal 9.115773e-01 1.810143e-01 3.691349e-01
    outer loop
      vertex   4.443021e+01 6.740367e+01 1.758613e+00
      vertex   4.445263e+01 6.737213e+01 1.718713e+00
      vertex   4.446335e+01 6.740378e+01 1.676708e+00
    endloop
  endfacet
  facet normal 9.658457e-01 1.596521e-02 2.586254e-01
    outer loop
      vertex   4.446335e+01 6.740378e+01 1.676708e+00
      vertex   4.445263e+01 6.737213e+01 1.718713e+00
      vertex   4.448108e+01 6.738761e+01 1.611499e+00
    endloop
  endfacet
  facet normal 9.631851e-01 1.462135e-01 2.256015e-01
    outer loop
      vertex   4.446335e+01 6.740378e+01 1.676708e+00
      vertex   4.448108e+01 6.738761e+01 1.611499e+00
      vertex   4.448374e+01 6.740378e+01 1.589662e+00
    endloop
  endfacet
  facet normal 9.952385e-01 -5.955950e-02 7.715615e-02
    outer loop
      vertex   4.448374e+01 6.740378e+01 1.589662e+00
      vertex   4.448108e+01 6.738761e+01 1.611499e+00
      vertex   4.449069e+01 6.740371e+01 1.500000e+00
    endloop
  endfacet
  facet normal 9.654536e-01 7.495627e-02 2.495614e-01
    outer loop
      vertex   4.445263e+01 6.751426e+01 1.691342e+00
      vertex   4.446326e+01 6.746620e+01 1.664654e+00
      vertex   4.448108e+01 6.746007e+01 1.597545e+00
    endloop
  endfacet
  facet normal 9.645231e-01 -4.444539e-02 2.602302e-01
    outer loop
      vertex   4.448108e+01 6.746007e+01 1.597545e+00
      vertex   4.446326e+01 6.746620e+01 1.664654e+00
      vertex   4.448371e+01 6.743539e+01 1.583569e+00
    endloop
  endfacet
  facet normal 9.956616e-01 7.542577e-02 5.448708e-02
    outer loop
      vertex   4.448108e+01 6.746007e+01 1.597545e+00
      vertex   4.448371e+01 6.743539e+01 1.583569e+00
      vertex   4.449069e+01 6.740371e+01 1.500000e+00
    endloop
  endfacet
  facet normal 9.129151e-01 -2.433320e-02 4.074236e-01
    outer loop
      vertex   4.446326e+01 6.746620e+01 1.664654e+00
      vertex   4.445263e+01 6.751426e+01 1.691342e+00
      vertex   4.443002e+01 6.749528e+01 1.740870e+00
    endloop
  endfacet
  facet normal 8.964557e-01 7.278281e-02 4.371155e-01
    outer loop
      vertex   4.443002e+01 6.749528e+01 1.740870e+00
      vertex   4.445263e+01 6.751426e+01 1.691342e+00
      vertex   4.440642e+01 6.756420e+01 1.777785e+00
    endloop
  endfacet
  facet normal 8.377578e-01 -5.644353e-03 5.460128e-01
    outer loop
      vertex   4.443002e+01 6.749528e+01 1.740870e+00
      vertex   4.440642e+01 6.756420e+01 1.777785e+00
      vertex   4.438510e+01 6.752184e+01 1.810057e+00
    endloop
  endfacet
  facet normal 7.898859e-01 6.689447e-02 6.095945e-01
    outer loop
      vertex   4.438510e+01 6.752184e+01 1.810057e+00
      vertex   4.440642e+01 6.756420e+01 1.777785e+00
      vertex   4.434424e+01 6.760797e+01 1.853553e+00
    endloop
  endfacet
  facet normal 7.257863e-01 -3.068046e-03 6.879134e-01
    outer loop
      vertex   4.438510e+01 6.752184e+01 1.810057e+00
      vertex   4.434424e+01 6.760797e+01 1.853553e+00
      vertex   4.431590e+01 6.755015e+01 1.883200e+00
    endloop
  endfacet
  facet normal 6.519167e-01 6.767334e-02 7.552648e-01
    outer loop
      vertex   4.431590e+01 6.755015e+01 1.883200e+00
      vertex   4.434424e+01 6.760797e+01 1.853553e+00
      vertex   4.426847e+01 6.764390e+01 1.915735e+00
    endloop
  endfacet
  facet normal 5.862228e-01 1.544557e-02 8.100026e-01
    outer loop
      vertex   4.431590e+01 6.755015e+01 1.883200e+00
      vertex   4.426847e+01 6.764390e+01 1.915735e+00
      vertex   4.424308e+01 6.757058e+01 1.935508e+00
    endloop
  endfacet
  facet normal 4.862650e-01 6.658053e-02 8.712711e-01
    outer loop
      vertex   4.424308e+01 6.757058e+01 1.935508e+00
      vertex   4.426847e+01 6.764390e+01 1.915735e+00
      vertex   4.418203e+01 6.767059e+01 1.961940e+00
    endloop
  endfacet
  facet normal 4.330249e-01 2.622444e-02 9.010004e-01
    outer loop
      vertex   4.424308e+01 6.757058e+01 1.935508e+00
      vertex   4.418203e+01 6.767059e+01 1.961940e+00
      vertex   4.416296e+01 6.758556e+01 1.973581e+00
    endloop
  endfacet
  facet normal 2.998127e-01 6.307120e-02 9.519109e-01
    outer loop
      vertex   4.416296e+01 6.758556e+01 1.973581e+00
      vertex   4.418203e+01 6.767059e+01 1.961940e+00
      vertex   4.408823e+01 6.768703e+01 1.990393e+00
    endloop
  endfacet
  facet normal 2.663193e-01 3.653791e-02 9.631921e-01
    outer loop
      vertex   4.416296e+01 6.758556e+01 1.973581e+00
      vertex   4.408823e+01 6.768703e+01 1.990393e+00
      vertex   4.407801e+01 6.759472e+01 1.996721e+00
    endloop
  endfacet
  facet normal 9.968430e-01 1.846640e-02 7.722055e-02
    outer loop
      vertex   4.448374e+01 6.740378e+01 1.589662e+00
      vertex   4.449069e+01 6.740371e+01 1.500000e+00
      vertex   4.448365e+01 6.743036e+01 1.584526e+00
    endloop
  endfacet
  facet normal 9.966025e-01 2.187596e-03 8.233265e-02
    outer loop
      vertex   4.448365e+01 6.743036e+01 1.584526e+00
      vertex   4.449069e+01 6.740371e+01 1.500000e+00
      vertex   4.448371e+01 6.743539e+01 1.583569e+00
    endloop
  endfacet
  facet normal 2.719207e-01 1.052447e-01 9.565473e-01
    outer loop
      vertex   4.416296e+01 6.758556e+01 1.973581e+00
      vertex   4.407801e+01 6.759472e+01 1.996721e+00
      vertex   4.407757e+01 6.756353e+01 2.000279e+00
    endloop
  endfacet
  facet normal 2.747323e-01 2.018358e-01 9.400981e-01
    outer loop
      vertex   4.407757e+01 6.756353e+01 2.000279e+00
      vertex   4.407818e+01 6.740156e+01 2.034873e+00
      vertex   4.416217e+01 6.755594e+01 1.977184e+00
    endloop
  endfacet
  facet normal 2.765119e-01 2.007589e-01 9.398069e-01
    outer loop
      vertex   4.416217e+01 6.755594e+01 1.977184e+00
      vertex   4.407818e+01 6.740156e+01 2.034873e+00
      vertex   4.416326e+01 6.740191e+01 2.009766e+00
    endloop
  endfacet
  facet normal 4.459956e-01 1.882596e-01 8.750122e-01
    outer loop
      vertex   4.416217e+01 6.755594e+01 1.977184e+00
      vertex   4.416326e+01 6.740191e+01 2.009766e+00
      vertex   4.424211e+01 6.754351e+01 1.939109e+00
    endloop
  endfacet
  facet normal 4.484190e-01 1.864818e-01 8.741538e-01
    outer loop
      vertex   4.424211e+01 6.754351e+01 1.939109e+00
      vertex   4.416326e+01 6.740191e+01 2.009766e+00
      vertex   4.424346e+01 6.740240e+01 1.968523e+00
    endloop
  endfacet
  facet normal 6.015046e-01 1.685020e-01 7.808965e-01
    outer loop
      vertex   4.424211e+01 6.754351e+01 1.939109e+00
      vertex   4.424346e+01 6.740240e+01 1.968523e+00
      vertex   4.431495e+01 6.752652e+01 1.886674e+00
    endloop
  endfacet
  facet normal 6.041715e-01 1.659655e-01 7.793794e-01
    outer loop
      vertex   4.431495e+01 6.752652e+01 1.886674e+00
      vertex   4.424346e+01 6.740240e+01 1.968523e+00
      vertex   4.431626e+01 6.740292e+01 1.911973e+00
    endloop
  endfacet
  facet normal 7.421348e-01 1.419823e-01 6.550397e-01
    outer loop
      vertex   4.431495e+01 6.752652e+01 1.886674e+00
      vertex   4.431626e+01 6.740292e+01 1.911973e+00
      vertex   4.438437e+01 6.750289e+01 1.813148e+00
    endloop
  endfacet
  facet normal 7.444450e-01 1.385423e-01 6.531521e-01
    outer loop
      vertex   4.438437e+01 6.750289e+01 1.813148e+00
      vertex   4.431626e+01 6.740292e+01 1.911973e+00
      vertex   4.438539e+01 6.740341e+01 1.833082e+00
    endloop
  endfacet
  facet normal 8.499262e-01 1.119175e-01 5.148786e-01
    outer loop
      vertex   4.438437e+01 6.750289e+01 1.813148e+00
      vertex   4.438539e+01 6.740341e+01 1.833082e+00
      vertex   4.442953e+01 6.748065e+01 1.743430e+00
    endloop
  endfacet
  facet normal 8.515658e-01 1.086448e-01 5.128664e-01
    outer loop
      vertex   4.442953e+01 6.748065e+01 1.743430e+00
      vertex   4.438539e+01 6.740341e+01 1.833082e+00
      vertex   4.443021e+01 6.740367e+01 1.758613e+00
    endloop
  endfacet
  facet normal 9.231169e-01 8.220545e-02 3.756295e-01
    outer loop
      vertex   4.442953e+01 6.748065e+01 1.743430e+00
      vertex   4.443021e+01 6.740367e+01 1.758613e+00
      vertex   4.446301e+01 6.745625e+01 1.666488e+00
    endloop
  endfacet
  facet normal 9.240544e-01 7.883981e-02 3.740424e-01
    outer loop
      vertex   4.446301e+01 6.745625e+01 1.666488e+00
      vertex   4.443021e+01 6.740367e+01 1.758613e+00
      vertex   4.446335e+01 6.740378e+01 1.676708e+00
    endloop
  endfacet
  facet normal 9.721725e-01 5.083628e-02 2.286837e-01
    outer loop
      vertex   4.446301e+01 6.745625e+01 1.666488e+00
      vertex   4.446335e+01 6.740378e+01 1.676708e+00
      vertex   4.448365e+01 6.743036e+01 1.584526e+00
    endloop
  endfacet
  facet normal 9.725496e-01 4.748159e-02 2.277996e-01
    outer loop
      vertex   4.448365e+01 6.743036e+01 1.584526e+00
      vertex   4.446335e+01 6.740378e+01 1.676708e+00
      vertex   4.448374e+01 6.740378e+01 1.589662e+00
    endloop
  endfacet
  facet normal 4.418613e-01 9.672757e-02 8.918533e-01
    outer loop
      vertex   4.424308e+01 6.757058e+01 1.935508e+00
      vertex   4.416296e+01 6.758556e+01 1.973581e+00
      vertex   4.416217e+01 6.755594e+01 1.977184e+00
    endloop
  endfacet
  facet normal 2.708729e-01 1.091381e-01 9.564083e-01
    outer loop
      vertex   4.416217e+01 6.755594e+01 1.977184e+00
      vertex   4.416296e+01 6.758556e+01 1.973581e+00
      vertex   4.407757e+01 6.756353e+01 2.000279e+00
    endloop
  endfacet
  facet normal 4.406897e-01 1.028922e-01 8.917431e-01
    outer loop
      vertex   4.424308e+01 6.757058e+01 1.935508e+00
      vertex   4.416217e+01 6.755594e+01 1.977184e+00
      vertex   4.424211e+01 6.754351e+01 1.939109e+00
    endloop
  endfacet
  facet normal 5.969192e-01 8.480471e-02 7.978068e-01
    outer loop
      vertex   4.431590e+01 6.755015e+01 1.883200e+00
      vertex   4.424308e+01 6.757058e+01 1.935508e+00
      vertex   4.424211e+01 6.754351e+01 1.939109e+00
    endloop
  endfacet
  facet normal 5.959672e-01 9.334733e-02 7.975646e-01
    outer loop
      vertex   4.431590e+01 6.755015e+01 1.883200e+00
      vertex   4.424211e+01 6.754351e+01 1.939109e+00
      vertex   4.431495e+01 6.752652e+01 1.886674e+00
    endloop
  endfacet
  facet normal 7.378619e-01 6.911798e-02 6.714034e-01
    outer loop
      vertex   4.438510e+01 6.752184e+01 1.810057e+00
      vertex   4.431590e+01 6.755015e+01 1.883200e+00
      vertex   4.431495e+01 6.752652e+01 1.886674e+00
    endloop
  endfacet
  facet normal 7.375714e-01 8.068062e-02 6.704320e-01
    outer loop
      vertex   4.438510e+01 6.752184e+01 1.810057e+00
      vertex   4.431495e+01 6.752652e+01 1.886674e+00
      vertex   4.438437e+01 6.750289e+01 1.813148e+00
    endloop
  endfacet
  facet normal 8.468052e-01 5.340978e-02 5.292148e-01
    outer loop
      vertex   4.443002e+01 6.749528e+01 1.740870e+00
      vertex   4.438510e+01 6.752184e+01 1.810057e+00
      vertex   4.438437e+01 6.750289e+01 1.813148e+00
    endloop
  endfacet
  facet normal 8.467762e-01 6.418622e-02 5.280626e-01
    outer loop
      vertex   4.443002e+01 6.749528e+01 1.740870e+00
      vertex   4.438437e+01 6.750289e+01 1.813148e+00
      vertex   4.442953e+01 6.748065e+01 1.743430e+00
    endloop
  endfacet
  facet normal 9.211034e-01 3.712791e-02 3.875435e-01
    outer loop
      vertex   4.446326e+01 6.746620e+01 1.664654e+00
      vertex   4.443002e+01 6.749528e+01 1.740870e+00
      vertex   4.442953e+01 6.748065e+01 1.743430e+00
    endloop
  endfacet
  facet normal 9.213954e-01 4.840338e-02 3.856004e-01
    outer loop
      vertex   4.446326e+01 6.746620e+01 1.664654e+00
      vertex   4.442953e+01 6.748065e+01 1.743430e+00
      vertex   4.446301e+01 6.745625e+01 1.666488e+00
    endloop
  endfacet
  facet normal 9.711919e-01 1.989548e-02 2.374668e-01
    outer loop
      vertex   4.448371e+01 6.743539e+01 1.583569e+00
      vertex   4.446326e+01 6.746620e+01 1.664654e+00
      vertex   4.446301e+01 6.745625e+01 1.666488e+00
    endloop
  endfacet
  facet normal 9.715702e-01 3.146502e-02 2.346513e-01
    outer loop
      vertex   4.448371e+01 6.743539e+01 1.583569e+00
      vertex   4.446301e+01 6.745625e+01 1.666488e+00
      vertex   4.448365e+01 6.743036e+01 1.584526e+00
    endloop
  endfacet
  facet normal 1.009967e-01 -3.116720e-01 9.448070e-01
    outer loop
      vertex   4.408823e+01 8.133753e+01 2.058689e+00
      vertex   4.399069e+01 8.133911e+01 2.069634e+00
      vertex   4.407796e+01 8.125053e+01 2.031086e+00
    endloop
  endfacet
  facet normal 1.073014e-01 -3.059685e-01 9.459755e-01
    outer loop
      vertex   4.407796e+01 8.125053e+01 2.031086e+00
      vertex   4.399069e+01 8.133911e+01 2.069634e+00
      vertex   4.399069e+01 8.122013e+01 2.031151e+00
    endloop
  endfacet
  facet normal 9.145482e-02 -2.604490e-01 9.611464e-01
    outer loop
      vertex   4.407796e+01 8.125053e+01 2.031086e+00
      vertex   4.399069e+01 8.122013e+01 2.031151e+00
      vertex   4.407753e+01 8.122062e+01 2.023023e+00
    endloop
  endfacet
  facet normal 9.262499e-02 -1.857912e-01 9.782138e-01
    outer loop
      vertex   4.407753e+01 8.122062e+01 2.023023e+00
      vertex   4.399069e+01 8.122013e+01 2.031151e+00
      vertex   4.399069e+01 8.109728e+01 2.007818e+00
    endloop
  endfacet
  facet normal 6.412104e-02 -1.664325e-01 9.839658e-01
    outer loop
      vertex   4.407753e+01 8.122062e+01 2.023023e+00
      vertex   4.399069e+01 8.109728e+01 2.007818e+00
      vertex   4.407813e+01 8.105951e+01 1.995733e+00
    endloop
  endfacet
  facet normal 1.102682e-01 -6.214240e-02 9.919573e-01
    outer loop
      vertex   4.407813e+01 8.105951e+01 1.995733e+00
      vertex   4.399069e+01 8.109728e+01 2.007818e+00
      vertex   4.399069e+01 8.097247e+01 2.000000e+00
    endloop
  endfacet
  facet normal 1.008023e-01 -5.255624e-02 9.935174e-01
    outer loop
      vertex   4.407813e+01 8.105951e+01 1.995733e+00
      vertex   4.399069e+01 8.097247e+01 2.000000e+00
      vertex   4.408823e+01 8.097795e+01 1.990393e+00
    endloop
  endfacet
  facet normal 2.656728e-01 -3.017119e-02 9.635910e-01
    outer loop
      vertex   4.407813e+01 8.105951e+01 1.995733e+00
      vertex   4.408823e+01 8.097795e+01 1.990393e+00
      vertex   4.416315e+01 8.106901e+01 1.972589e+00
    endloop
  endfacet
  facet normal 2.992441e-01 -6.000029e-02 9.522883e-01
    outer loop
      vertex   4.416315e+01 8.106901e+01 1.972589e+00
      vertex   4.408823e+01 8.097795e+01 1.990393e+00
      vertex   4.418203e+01 8.099416e+01 1.961940e+00
    endloop
  endfacet
  facet normal 4.318300e-01 -1.936385e-02 9.017471e-01
    outer loop
      vertex   4.416315e+01 8.106901e+01 1.972589e+00
      vertex   4.418203e+01 8.099416e+01 1.961940e+00
      vertex   4.424328e+01 8.108453e+01 1.934548e+00
    endloop
  endfacet
  facet normal 4.857265e-01 -6.500680e-02 8.716903e-01
    outer loop
      vertex   4.424328e+01 8.108453e+01 1.934548e+00
      vertex   4.418203e+01 8.099416e+01 1.961940e+00
      vertex   4.426847e+01 8.102049e+01 1.915735e+00
    endloop
  endfacet
  facet normal 5.845901e-01 -8.370865e-03 8.112856e-01
    outer loop
      vertex   4.424328e+01 8.108453e+01 1.934548e+00
      vertex   4.426847e+01 8.102049e+01 1.915735e+00
      vertex   4.431603e+01 8.110567e+01 1.882348e+00
    endloop
  endfacet
  facet normal 6.516611e-01 -6.768696e-02 7.554842e-01
    outer loop
      vertex   4.431603e+01 8.110567e+01 1.882348e+00
      vertex   4.426847e+01 8.102049e+01 1.915735e+00
      vertex   4.434424e+01 8.105592e+01 1.853553e+00
    endloop
  endfacet
  facet normal 7.236630e-01 1.100958e-02 6.900657e-01
    outer loop
      vertex   4.431603e+01 8.110567e+01 1.882348e+00
      vertex   4.434424e+01 8.105592e+01 1.853553e+00
      vertex   4.438518e+01 8.113498e+01 1.809354e+00
    endloop
  endfacet
  facet normal 7.899803e-01 -6.849121e-02 6.092947e-01
    outer loop
      vertex   4.438518e+01 8.113498e+01 1.809354e+00
      vertex   4.434424e+01 8.105592e+01 1.853553e+00
      vertex   4.440642e+01 8.109909e+01 1.777785e+00
    endloop
  endfacet
  facet normal 8.361162e-01 1.236247e-02 5.484131e-01
    outer loop
      vertex   4.438518e+01 8.113498e+01 1.809354e+00
      vertex   4.440642e+01 8.109909e+01 1.777785e+00
      vertex   4.443009e+01 8.116251e+01 1.740265e+00
    endloop
  endfacet
  facet normal 8.969050e-01 -7.716309e-02 4.354392e-01
    outer loop
      vertex   4.443009e+01 8.116251e+01 1.740265e+00
      vertex   4.440642e+01 8.109909e+01 1.777785e+00
      vertex   4.445263e+01 8.114834e+01 1.691342e+00
    endloop
  endfacet
  facet normal 9.113013e-01 3.183576e-02 4.105075e-01
    outer loop
      vertex   4.443009e+01 8.116251e+01 1.740265e+00
      vertex   4.445263e+01 8.114834e+01 1.691342e+00
      vertex   4.446330e+01 8.119264e+01 1.664208e+00
    endloop
  endfacet
  facet normal 9.657279e-01 -8.185046e-02 2.463130e-01
    outer loop
      vertex   4.446330e+01 8.119264e+01 1.664208e+00
      vertex   4.445263e+01 8.114834e+01 1.691342e+00
      vertex   4.448108e+01 8.120179e+01 1.597545e+00
    endloop
  endfacet
  facet normal 9.630527e-01 5.284171e-02 2.640780e-01
    outer loop
      vertex   4.446330e+01 8.119264e+01 1.664208e+00
      vertex   4.448108e+01 8.120179e+01 1.597545e+00
      vertex   4.448373e+01 8.122455e+01 1.583332e+00
    endloop
  endfacet
  facet normal 9.951640e-01 -8.469212e-02 4.975862e-02
    outer loop
      vertex   4.448373e+01 8.122455e+01 1.583332e+00
      vertex   4.448108e+01 8.120179e+01 1.597545e+00
      vertex   4.449069e+01 8.125737e+01 1.500000e+00
    endloop
  endfacet
  facet normal 9.653447e-01 -2.136231e-02 2.601024e-01
    outer loop
      vertex   4.445263e+01 8.128865e+01 1.717990e+00
      vertex   4.446321e+01 8.125436e+01 1.675899e+00
      vertex   4.448108e+01 8.127331e+01 1.611130e+00
    endloop
  endfacet
  facet normal 9.643982e-01 -1.376290e-01 2.258192e-01
    outer loop
      vertex   4.448108e+01 8.127331e+01 1.611130e+00
      vertex   4.446321e+01 8.125436e+01 1.675899e+00
      vertex   4.448370e+01 8.125581e+01 1.589264e+00
    endloop
  endfacet
  facet normal 9.955995e-01 5.073095e-02 7.879145e-02
    outer loop
      vertex   4.448108e+01 8.127331e+01 1.611130e+00
      vertex   4.448370e+01 8.125581e+01 1.589264e+00
      vertex   4.449069e+01 8.125737e+01 1.500000e+00
    endloop
  endfacet
  facet normal 9.126444e-01 -1.729725e-01 3.703522e-01
    outer loop
      vertex   4.446321e+01 8.125436e+01 1.675899e+00
      vertex   4.445263e+01 8.128865e+01 1.717990e+00
      vertex   4.442991e+01 8.125311e+01 1.757374e+00
    endloop
  endfacet
  facet normal 8.962955e-01 -9.225956e-02 4.337541e-01
    outer loop
      vertex   4.442991e+01 8.125311e+01 1.757374e+00
      vertex   4.445263e+01 8.128865e+01 1.717990e+00
      vertex   4.440642e+01 8.130278e+01 1.816472e+00
    endloop
  endfacet
  facet normal 8.372626e-01 -2.064991e-01 5.063096e-01
    outer loop
      vertex   4.442991e+01 8.125311e+01 1.757374e+00
      vertex   4.440642e+01 8.130278e+01 1.816472e+00
      vertex   4.438491e+01 8.125212e+01 1.831389e+00
    endloop
  endfacet
  facet normal 7.896963e-01 -1.610735e-01 5.919755e-01
    outer loop
      vertex   4.438491e+01 8.125212e+01 1.831389e+00
      vertex   4.440642e+01 8.130278e+01 1.816472e+00
      vertex   4.434424e+01 8.131516e+01 1.902792e+00
    endloop
  endfacet
  facet normal 7.250985e-01 -2.562240e-01 6.392038e-01
    outer loop
      vertex   4.438491e+01 8.125212e+01 1.831389e+00
      vertex   4.434424e+01 8.131516e+01 1.902792e+00
      vertex   4.431567e+01 8.125127e+01 1.909593e+00
    endloop
  endfacet
  facet normal 6.516708e-01 -2.139678e-01 7.276970e-01
    outer loop
      vertex   4.431567e+01 8.125127e+01 1.909593e+00
      vertex   4.434424e+01 8.131516e+01 1.902792e+00
      vertex   4.426847e+01 8.132533e+01 1.973634e+00
    endloop
  endfacet
  facet normal 5.855444e-01 -2.835502e-01 7.594321e-01
    outer loop
      vertex   4.431567e+01 8.125127e+01 1.909593e+00
      vertex   4.426847e+01 8.132533e+01 1.973634e+00
      vertex   4.424291e+01 8.125083e+01 1.965524e+00
    endloop
  endfacet
  facet normal 4.860246e-01 -2.576460e-01 8.351040e-01
    outer loop
      vertex   4.424291e+01 8.125083e+01 1.965524e+00
      vertex   4.426847e+01 8.132533e+01 1.973634e+00
      vertex   4.418203e+01 8.133288e+01 2.026273e+00
    endloop
  endfacet
  facet normal 4.324820e-01 -3.068050e-01 8.478385e-01
    outer loop
      vertex   4.424291e+01 8.125083e+01 1.965524e+00
      vertex   4.418203e+01 8.133288e+01 2.026273e+00
      vertex   4.416285e+01 8.125061e+01 2.006286e+00
    endloop
  endfacet
  facet normal 2.996327e-01 -2.906238e-01 9.087123e-01
    outer loop
      vertex   4.416285e+01 8.125061e+01 2.006286e+00
      vertex   4.418203e+01 8.133288e+01 2.026273e+00
      vertex   4.408823e+01 8.133753e+01 2.058689e+00
    endloop
  endfacet
  facet normal 2.659747e-01 -3.199023e-01 9.093514e-01
    outer loop
      vertex   4.416285e+01 8.125061e+01 2.006286e+00
      vertex   4.408823e+01 8.133753e+01 2.058689e+00
      vertex   4.407796e+01 8.125053e+01 2.031086e+00
    endloop
  endfacet
  facet normal 9.968287e-01 -1.140637e-02 7.875537e-02
    outer loop
      vertex   4.448373e+01 8.122455e+01 1.583332e+00
      vertex   4.449069e+01 8.125737e+01 1.500000e+00
      vertex   4.448364e+01 8.125084e+01 1.588307e+00
    endloop
  endfacet
  facet normal 9.965934e-01 -2.822156e-02 7.749317e-02
    outer loop
      vertex   4.448364e+01 8.125084e+01 1.588307e+00
      vertex   4.449069e+01 8.125737e+01 1.500000e+00
      vertex   4.448370e+01 8.125581e+01 1.589264e+00
    endloop
  endfacet
  facet normal 2.714421e-01 -2.541834e-01 9.282833e-01
    outer loop
      vertex   4.416285e+01 8.125061e+01 2.006286e+00
      vertex   4.407796e+01 8.125053e+01 2.031086e+00
      vertex   4.407753e+01 8.122062e+01 2.023023e+00
    endloop
  endfacet
  facet normal 2.741733e-01 -1.596175e-01 9.483413e-01
    outer loop
      vertex   4.407753e+01 8.122062e+01 2.023023e+00
      vertex   4.407813e+01 8.105951e+01 1.995733e+00
      vertex   4.416208e+01 8.122213e+01 1.998832e+00
    endloop
  endfacet
  facet normal 2.759024e-01 -1.604977e-01 9.476911e-01
    outer loop
      vertex   4.416208e+01 8.122213e+01 1.998832e+00
      vertex   4.407813e+01 8.105951e+01 1.995733e+00
      vertex   4.416315e+01 8.106901e+01 1.972589e+00
    endloop
  endfacet
  facet normal 4.451595e-01 -1.482491e-01 8.830941e-01
    outer loop
      vertex   4.416208e+01 8.122213e+01 1.998832e+00
      vertex   4.416315e+01 8.106901e+01 1.972589e+00
      vertex   4.424197e+01 8.122469e+01 1.958989e+00
    endloop
  endfacet
  facet normal 4.475172e-01 -1.495664e-01 8.816792e-01
    outer loop
      vertex   4.424197e+01 8.122469e+01 1.958989e+00
      vertex   4.416315e+01 8.106901e+01 1.972589e+00
      vertex   4.424328e+01 8.108453e+01 1.934548e+00
    endloop
  endfacet
  facet normal 6.005276e-01 -1.319161e-01 7.886474e-01
    outer loop
      vertex   4.424197e+01 8.122469e+01 1.958989e+00
      vertex   4.424328e+01 8.108453e+01 1.934548e+00
      vertex   4.431475e+01 8.122831e+01 1.904181e+00
    endloop
  endfacet
  facet normal 6.031257e-01 -1.336900e-01 7.863627e-01
    outer loop
      vertex   4.431475e+01 8.122831e+01 1.904181e+00
      vertex   4.424328e+01 8.108453e+01 1.934548e+00
      vertex   4.431603e+01 8.110567e+01 1.882348e+00
    endloop
  endfacet
  facet normal 7.412280e-01 -1.101363e-01 6.621563e-01
    outer loop
      vertex   4.431475e+01 8.122831e+01 1.904181e+00
      vertex   4.431603e+01 8.110567e+01 1.882348e+00
      vertex   4.438419e+01 8.123358e+01 1.827323e+00
    endloop
  endfacet
  facet normal 7.434829e-01 -1.126068e-01 6.592063e-01
    outer loop
      vertex   4.438419e+01 8.123358e+01 1.827323e+00
      vertex   4.431603e+01 8.110567e+01 1.882348e+00
      vertex   4.438518e+01 8.113498e+01 1.809354e+00
    endloop
  endfacet
  facet normal 8.493021e-01 -8.631555e-02 5.208028e-01
    outer loop
      vertex   4.438419e+01 8.123358e+01 1.827323e+00
      vertex   4.438518e+01 8.113498e+01 1.809354e+00
      vertex   4.442943e+01 8.123874e+01 1.754392e+00
    endloop
  endfacet
  facet normal 8.509050e-01 -8.859217e-02 5.177954e-01
    outer loop
      vertex   4.442943e+01 8.123874e+01 1.754392e+00
      vertex   4.438518e+01 8.113498e+01 1.809354e+00
      vertex   4.443009e+01 8.116251e+01 1.740265e+00
    endloop
  endfacet
  facet normal 9.227839e-01 -6.247222e-02 3.802198e-01
    outer loop
      vertex   4.442943e+01 8.123874e+01 1.754392e+00
      vertex   4.443009e+01 8.116251e+01 1.740265e+00
      vertex   4.446297e+01 8.124455e+01 1.673954e+00
    endloop
  endfacet
  facet normal 9.237010e-01 -6.498802e-02 3.775619e-01
    outer loop
      vertex   4.446297e+01 8.124455e+01 1.673954e+00
      vertex   4.443009e+01 8.116251e+01 1.740265e+00
      vertex   4.446330e+01 8.119264e+01 1.664208e+00
    endloop
  endfacet
  facet normal 9.720479e-01 -3.731323e-02 2.317987e-01
    outer loop
      vertex   4.446297e+01 8.124455e+01 1.673954e+00
      vertex   4.446330e+01 8.119264e+01 1.664208e+00
      vertex   4.448364e+01 8.125084e+01 1.588307e+00
    endloop
  endfacet
  facet normal 9.724170e-01 -4.007422e-02 2.297807e-01
    outer loop
      vertex   4.448364e+01 8.125084e+01 1.588307e+00
      vertex   4.446330e+01 8.119264e+01 1.664208e+00
      vertex   4.448373e+01 8.122455e+01 1.583332e+00
    endloop
  endfacet
  facet normal 4.411404e-01 -2.383299e-01 8.652132e-01
    outer loop
      vertex   4.424291e+01 8.125083e+01 1.965524e+00
      vertex   4.416285e+01 8.125061e+01 2.006286e+00
      vertex   4.416208e+01 8.122213e+01 1.998832e+00
    endloop
  endfacet
  facet normal 2.704237e-01 -2.505724e-01 9.295615e-01
    outer loop
      vertex   4.416208e+01 8.122213e+01 1.998832e+00
      vertex   4.416285e+01 8.125061e+01 2.006286e+00
      vertex   4.407753e+01 8.122062e+01 2.023023e+00
    endloop
  endfacet
  facet normal 4.399993e-01 -2.326499e-01 8.673377e-01
    outer loop
      vertex   4.424291e+01 8.125083e+01 1.965524e+00
      vertex   4.416208e+01 8.122213e+01 1.998832e+00
      vertex   4.424197e+01 8.122469e+01 1.958989e+00
    endloop
  endfacet
  facet normal 5.960645e-01 -2.148544e-01 7.736567e-01
    outer loop
      vertex   4.431567e+01 8.125127e+01 1.909593e+00
      vertex   4.424291e+01 8.125083e+01 1.965524e+00
      vertex   4.424197e+01 8.122469e+01 1.958989e+00
    endloop
  endfacet
  facet normal 5.951341e-01 -2.069504e-01 7.765223e-01
    outer loop
      vertex   4.431567e+01 8.125127e+01 1.909593e+00
      vertex   4.424197e+01 8.122469e+01 1.958989e+00
      vertex   4.431475e+01 8.122831e+01 1.904181e+00
    endloop
  endfacet
  facet normal 7.370620e-01 -1.829649e-01 6.505870e-01
    outer loop
      vertex   4.438491e+01 8.125212e+01 1.831389e+00
      vertex   4.431567e+01 8.125127e+01 1.909593e+00
      vertex   4.431475e+01 8.122831e+01 1.904181e+00
    endloop
  endfacet
  facet normal 7.367750e-01 -1.720176e-01 6.538903e-01
    outer loop
      vertex   4.438491e+01 8.125212e+01 1.831389e+00
      vertex   4.431475e+01 8.122831e+01 1.904181e+00
      vertex   4.438419e+01 8.123358e+01 1.827323e+00
    endloop
  endfacet
  facet normal 8.462537e-01 -1.452554e-01 5.125969e-01
    outer loop
      vertex   4.442991e+01 8.125311e+01 1.757374e+00
      vertex   4.438491e+01 8.125212e+01 1.831389e+00
      vertex   4.438419e+01 8.123358e+01 1.827323e+00
    endloop
  endfacet
  facet normal 8.462241e-01 -1.349426e-01 5.154563e-01
    outer loop
      vertex   4.442991e+01 8.125311e+01 1.757374e+00
      vertex   4.438419e+01 8.123358e+01 1.827323e+00
      vertex   4.442943e+01 8.123874e+01 1.754392e+00
    endloop
  endfacet
  facet normal 9.208155e-01 -1.082034e-01 3.746878e-01
    outer loop
      vertex   4.446321e+01 8.125436e+01 1.675899e+00
      vertex   4.442991e+01 8.125311e+01 1.757374e+00
      vertex   4.442943e+01 8.123874e+01 1.754392e+00
    endloop
  endfacet
  facet normal 9.211000e-01 -9.714474e-02 3.770114e-01
    outer loop
      vertex   4.446321e+01 8.125436e+01 1.675899e+00
      vertex   4.442943e+01 8.123874e+01 1.754392e+00
      vertex   4.446297e+01 8.124455e+01 1.673954e+00
    endloop
  endfacet
  facet normal 9.710885e-01 -6.892789e-02 2.285519e-01
    outer loop
      vertex   4.448370e+01 8.125581e+01 1.589264e+00
      vertex   4.446321e+01 8.125436e+01 1.675899e+00
      vertex   4.446297e+01 8.124455e+01 1.673954e+00
    endloop
  endfacet
  facet normal 9.714582e-01 -5.727978e-02 2.301911e-01
    outer loop
      vertex   4.448370e+01 8.125581e+01 1.589264e+00
      vertex   4.446297e+01 8.124455e+01 1.673954e+00
      vertex   4.448364e+01 8.125084e+01 1.588307e+00
    endloop
  endfacet
  facet normal -2.878663e-15 -3.666325e-01 9.303658e-01
    outer loop
      vertex   4.289840e+01 8.352330e+01 2.930366e+00
      vertex   4.289840e+01 8.133911e+01 2.069634e+00
      vertex   4.399069e+01 8.352330e+01 2.930366e+00
    endloop
  endfacet
  facet normal -6.846148e-15 -3.666325e-01 9.303658e-01
    outer loop
      vertex   4.399069e+01 8.352330e+01 2.930366e+00
      vertex   4.289840e+01 8.133911e+01 2.069634e+00
      vertex   4.399069e+01 8.133911e+01 2.069634e+00
    endloop
  endfacet
  facet normal 0.000000e+00 -6.252367e-02 9.980435e-01
    outer loop
      vertex   4.289840e+01 8.097247e+01 2.000000e+00
      vertex   4.399069e+01 8.097247e+01 2.000000e+00
      vertex   4.289840e+01 8.109728e+01 2.007818e+00
    endloop
  endfacet
  facet normal -2.028859e-15 -6.252367e-02 9.980435e-01
    outer loop
      vertex   4.289840e+01 8.109728e+01 2.007818e+00
      vertex   4.399069e+01 8.097247e+01 2.000000e+00
      vertex   4.399069e+01 8.109728e+01 2.007818e+00
    endloop
  endfacet
  facet normal -1.997134e-15 -1.865934e-01 9.824372e-01
    outer loop
      vertex   4.289840e+01 8.109728e+01 2.007818e+00
      vertex   4.399069e+01 8.109728e+01 2.007818e+00
      vertex   4.399069e+01 8.122013e+01 2.031151e+00
    endloop
  endfacet
  facet normal -6.963047e-15 -3.077453e-01 9.514688e-01
    outer loop
      vertex   4.399069e+01 8.133911e+01 2.069634e+00
      vertex   4.289840e+01 8.133911e+01 2.069634e+00
      vertex   4.399069e+01 8.122013e+01 2.031151e+00
    endloop
  endfacet
  facet normal -2.707852e-15 -3.077453e-01 9.514688e-01
    outer loop
      vertex   4.399069e+01 8.122013e+01 2.031151e+00
      vertex   4.289840e+01 8.133911e+01 2.069634e+00
      vertex   4.289840e+01 8.122013e+01 2.031151e+00
    endloop
  endfacet
  facet normal -2.795987e-15 -1.865934e-01 9.824372e-01
    outer loop
      vertex   4.399069e+01 8.122013e+01 2.031151e+00
      vertex   4.289840e+01 8.122013e+01 2.031151e+00
      vertex   4.289840e+01 8.109728e+01 2.007818e+00
    endloop
  endfacet
  facet normal -0.000000e+00 0.000000e+00 1.000000e+00
    outer loop
      vertex   4.289840e+01 8.097247e+01 2.000000e+00
      vertex   4.289840e+01 6.769258e+01 2.000000e+00
      vertex   4.399069e+01 8.097247e+01 2.000000e+00
    endloop
  endfacet
  facet normal 0.000000e+00 0.000000e+00 1.000000e+00
    outer loop
      vertex   4.399069e+01 8.097247e+01 2.000000e+00
      vertex   4.289840e+01 6.769258e+01 2.000000e+00
      vertex   4.399069e+01 6.769258e+01 2.000000e+00
    endloop
  endfacet
  facet normal 9.652962e-16 3.118017e-01 9.501472e-01
    outer loop
      vertex   4.289840e+01 6.732119e+01 2.071523e+00
      vertex   4.399069e+01 6.732119e+01 2.071523e+00
      vertex   4.289840e+01 6.744162e+01 2.032002e+00
    endloop
  endfacet
  facet normal -5.215482e-15 3.118017e-01 9.501472e-01
    outer loop
      vertex   4.289840e+01 6.744162e+01 2.032002e+00
      vertex   4.399069e+01 6.732119e+01 2.071523e+00
      vertex   4.399069e+01 6.744162e+01 2.032002e+00
    endloop
  endfacet
  facet normal -3.658011e-15 1.891075e-01 9.819564e-01
    outer loop
      vertex   4.289840e+01 6.744162e+01 2.032002e+00
      vertex   4.399069e+01 6.744162e+01 2.032002e+00
      vertex   4.399069e+01 6.756609e+01 2.008033e+00
    endloop
  endfacet
  facet normal -8.245212e-16 6.337523e-02 9.979898e-01
    outer loop
      vertex   4.399069e+01 6.769258e+01 2.000000e+00
      vertex   4.289840e+01 6.769258e+01 2.000000e+00
      vertex   4.399069e+01 6.756609e+01 2.008033e+00
    endloop
  endfacet
  facet normal -1.230271e-15 6.337523e-02 9.979898e-01
    outer loop
      vertex   4.399069e+01 6.756609e+01 2.008033e+00
      vertex   4.289840e+01 6.769258e+01 2.000000e+00
      vertex   4.289840e+01 6.756609e+01 2.008033e+00
    endloop
  endfacet
  facet normal -2.859548e-15 1.891075e-01 9.819564e-01
    outer loop
      vertex   4.399069e+01 6.756609e+01 2.008033e+00
      vertex   4.289840e+01 6.756609e+01 2.008033e+00
      vertex   4.289840e+01 6.744162e+01 2.032002e+00
    endloop
  endfacet
  facet normal 7.549763e-17 3.713907e-01 9.284767e-01
    outer loop
      vertex   4.289840e+01 6.732119e+01 2.071523e+00
      vertex   4.289840e+01 6.517881e+01 2.928477e+00
      vertex   4.399069e+01 6.732119e+01 2.071523e+00
    endloop
  endfacet
  facet normal 4.009232e-16 3.713907e-01 9.284767e-01
    outer loop
      vertex   4.399069e+01 6.732119e+01 2.071523e+00
      vertex   4.289840e+01 6.517881e+01 2.928477e+00
      vertex   4.399069e+01 6.517881e+01 2.928477e+00
    endloop
  endfacet
  facet normal 3.862987e-16 3.118017e-01 9.501472e-01
    outer loop
      vertex   4.399069e+01 6.517881e+01 2.928477e+00
      vertex   4.289840e+01 6.517881e+01 2.928477e+00
      vertex   4.399069e+01 6.505838e+01 2.967998e+00
    endloop
  endfacet
  facet normal 0.000000e+00 3.118017e-01 9.501472e-01
    outer loop
      vertex   4.399069e+01 6.505838e+01 2.967998e+00
      vertex   4.289840e+01 6.517881e+01 2.928477e+00
      vertex   4.289840e+01 6.505838e+01 2.967998e+00
    endloop
  endfacet
  facet normal 0.000000e+00 1.891075e-01 9.819564e-01
    outer loop
      vertex   4.399069e+01 6.505838e+01 2.967998e+00
      vertex   4.289840e+01 6.505838e+01 2.967998e+00
      vertex   4.289840e+01 6.493391e+01 2.991967e+00
    endloop
  endfacet
  facet normal 9.169947e-14 6.337523e-02 9.979898e-01
    outer loop
      vertex   4.289840e+01 6.480742e+01 3.000000e+00
      vertex   4.399069e+01 6.480742e+01 3.000000e+00
      vertex   4.289840e+01 6.493391e+01 2.991967e+00
    endloop
  endfacet
  facet normal -0.000000e+00 6.337523e-02 9.979898e-01
    outer loop
      vertex   4.289840e+01 6.493391e+01 2.991967e+00
      vertex   4.399069e+01 6.480742e+01 3.000000e+00
      vertex   4.399069e+01 6.493391e+01 2.991967e+00
    endloop
  endfacet
  facet normal -0.000000e+00 1.891075e-01 9.819564e-01
    outer loop
      vertex   4.289840e+01 6.493391e+01 2.991967e+00
      vertex   4.399069e+01 6.493391e+01 2.991967e+00
      vertex   4.399069e+01 6.505838e+01 2.967998e+00
    endloop
  endfacet
  facet normal -1.000000e+00 0.000000e+00 0.000000e+00
    outer loop
      vertex   1.350000e+01 5.700000e+01 3.000000e+00
      vertex   1.350000e+01 5.700000e+01 3.200000e+00
      vertex   1.350000e+01 5.860000e+01 3.000000e+00
    endloop
  endfacet
  facet normal -1.000000e+00 0.000000e+00 0.000000e+00
    outer loop
      vertex   1.350000e+01 5.860000e+01 3.000000e+00
      vertex   1.350000e+01 5.700000e+01 3.200000e+00
      vertex   1.350000e+01 5.703407e+01 3.458819e+00
    endloop
  endfacet
  facet normal -1.000000e+00 0.000000e+00 0.000000e+00
    outer loop
      vertex   1.350000e+01 5.860000e+01 3.000000e+00
      vertex   1.350000e+01 5.703407e+01 3.458819e+00
      vertex   1.350000e+01 5.713397e+01 3.700000e+00
    endloop
  endfacet
  facet normal -1.000000e+00 0.000000e+00 0.000000e+00
    outer loop
      vertex   1.350000e+01 5.713397e+01 3.700000e+00
      vertex   1.350000e+01 5.729289e+01 3.907107e+00
      vertex   1.350000e+01 5.860000e+01 3.000000e+00
    endloop
  endfacet
  facet normal -1.000000e+00 0.000000e+00 0.000000e+00
    outer loop
      vertex   1.350000e+01 5.860000e+01 3.000000e+00
      vertex   1.350000e+01 5.729289e+01 3.907107e+00
      vertex   1.350000e+01 5.750000e+01 4.066025e+00
    endloop
  endfacet
  facet normal -1.000000e+00 0.000000e+00 0.000000e+00
    outer loop
      vertex   1.350000e+01 5.860000e+01 3.000000e+00
      vertex   1.350000e+01 5.750000e+01 4.066025e+00
      vertex   1.350000e+01 5.774118e+01 4.165926e+00
    endloop
  endfacet
  facet normal -1.000000e+00 0.000000e+00 0.000000e+00
    outer loop
      vertex   1.350000e+01 5.774118e+01 4.165926e+00
      vertex   1.350000e+01 5.800000e+01 4.200000e+00
      vertex   1.350000e+01 5.860000e+01 3.000000e+00
    endloop
  endfacet
  facet normal -1.000000e+00 0.000000e+00 0.000000e+00
    outer loop
      vertex   1.350000e+01 5.860000e+01 3.000000e+00
      vertex   1.350000e+01 5.800000e+01 4.200000e+00
      vertex   1.350000e+01 5.860000e+01 4.200000e+00
    endloop
  endfacet
  facet normal -1.600105e-03 -9.942632e-01 1.069496e-01
    outer loop
      vertex   2.641389e+01 5.702283e+01 3.412476e+00
      vertex   2.252644e+01 5.703407e+01 3.458819e+00
      vertex   2.640000e+01 5.700000e+01 3.200000e+00
    endloop
  endfacet
  facet normal 2.503694e-17 -9.914449e-01 1.305262e-01
    outer loop
      vertex   2.640000e+01 5.700000e+01 3.200000e+00
      vertex   2.252644e+01 5.703407e+01 3.458819e+00
      vertex   1.801322e+01 5.703407e+01 3.458819e+00
    endloop
  endfacet
  facet normal 0.000000e+00 -9.914449e-01 1.305262e-01
    outer loop
      vertex   2.640000e+01 5.700000e+01 3.200000e+00
      vertex   1.801322e+01 5.703407e+01 3.458819e+00
      vertex   1.350000e+01 5.700000e+01 3.200000e+00
    endloop
  endfacet
  facet normal -1.599233e-15 -9.914449e-01 1.305262e-01
    outer loop
      vertex   1.350000e+01 5.700000e+01 3.200000e+00
      vertex   1.801322e+01 5.703407e+01 3.458819e+00
      vertex   1.350000e+01 5.703407e+01 3.458819e+00
    endloop
  endfacet
  facet normal -1.567484e-15 -9.238795e-01 3.826834e-01
    outer loop
      vertex   1.350000e+01 5.703407e+01 3.458819e+00
      vertex   1.801322e+01 5.703407e+01 3.458819e+00
      vertex   1.350000e+01 5.713397e+01 3.700000e+00
    endloop
  endfacet
  facet normal 7.531016e-17 -9.238795e-01 3.826834e-01
    outer loop
      vertex   1.350000e+01 5.713397e+01 3.700000e+00
      vertex   1.801322e+01 5.703407e+01 3.458819e+00
      vertex   1.801322e+01 5.713397e+01 3.700000e+00
    endloop
  endfacet
  facet normal 1.198012e-16 -7.933533e-01 6.087614e-01
    outer loop
      vertex   1.350000e+01 5.713397e+01 3.700000e+00
      vertex   1.801322e+01 5.713397e+01 3.700000e+00
      vertex   1.350000e+01 5.729289e+01 3.907107e+00
    endloop
  endfacet
  facet normal -2.396023e-16 -7.933533e-01 6.087614e-01
    outer loop
      vertex   1.350000e+01 5.729289e+01 3.907107e+00
      vertex   1.801322e+01 5.713397e+01 3.700000e+00
      vertex   1.801322e+01 5.729289e+01 3.907107e+00
    endloop
  endfacet
  facet normal -3.122558e-16 -6.087614e-01 7.933533e-01
    outer loop
      vertex   1.350000e+01 5.729289e+01 3.907107e+00
      vertex   1.801322e+01 5.729289e+01 3.907107e+00
      vertex   1.350000e+01 5.750000e+01 4.066025e+00
    endloop
  endfacet
  facet normal -4.683838e-16 -6.087614e-01 7.933533e-01
    outer loop
      vertex   1.350000e+01 5.750000e+01 4.066025e+00
      vertex   1.801322e+01 5.729289e+01 3.907107e+00
      vertex   1.801322e+01 5.750000e+01 4.066025e+00
    endloop
  endfacet
  facet normal -5.454445e-16 -3.826834e-01 9.238795e-01
    outer loop
      vertex   1.350000e+01 5.750000e+01 4.066025e+00
      vertex   1.801322e+01 5.750000e+01 4.066025e+00
      vertex   1.350000e+01 5.774118e+01 4.165926e+00
    endloop
  endfacet
  facet normal 0.000000e+00 -3.826834e-01 9.238795e-01
    outer loop
      vertex   1.350000e+01 5.774118e+01 4.165926e+00
      vertex   1.801322e+01 5.750000e+01 4.066025e+00
      vertex   1.801322e+01 5.774118e+01 4.165926e+00
    endloop
  endfacet
  facet normal 0.000000e+00 -1.305262e-01 9.914449e-01
    outer loop
      vertex   1.350000e+01 5.774118e+01 4.165926e+00
      vertex   1.801322e+01 5.774118e+01 4.165926e+00
      vertex   1.350000e+01 5.800000e+01 4.200000e+00
    endloop
  endfacet
  facet normal 1.008551e-17 -1.305262e-01 9.914449e-01
    outer loop
      vertex   1.350000e+01 5.800000e+01 4.200000e+00
      vertex   1.801322e+01 5.774118e+01 4.165926e+00
      vertex   2.252644e+01 5.774118e+01 4.165926e+00
    endloop
  endfacet
  facet normal -1.015001e-03 -1.652413e-01 9.862527e-01
    outer loop
      vertex   1.350000e+01 5.800000e+01 4.200000e+00
      vertex   2.252644e+01 5.774118e+01 4.165926e+00
      vertex   2.692253e+01 5.781931e+01 4.183541e+00
    endloop
  endfacet
  facet normal 9.475776e-04 -2.703678e-01 9.627566e-01
    outer loop
      vertex   2.692253e+01 5.781931e+01 4.183541e+00
      vertex   2.252644e+01 5.774118e+01 4.165926e+00
      vertex   2.680730e+01 5.764336e+01 4.134241e+00
    endloop
  endfacet
  facet normal -1.906708e-03 -3.826827e-01 9.238779e-01
    outer loop
      vertex   2.680730e+01 5.764336e+01 4.134241e+00
      vertex   2.252644e+01 5.774118e+01 4.165926e+00
      vertex   2.252644e+01 5.750000e+01 4.066025e+00
    endloop
  endfacet
  facet normal 5.215287e-04 -4.423325e-01 8.968510e-01
    outer loop
      vertex   2.680730e+01 5.764336e+01 4.134241e+00
      vertex   2.252644e+01 5.750000e+01 4.066025e+00
      vertex   2.669866e+01 5.747622e+01 4.051871e+00
    endloop
  endfacet
  facet normal -7.285823e-04 -6.027834e-01 7.979045e-01
    outer loop
      vertex   2.669866e+01 5.747622e+01 4.051871e+00
      vertex   2.252644e+01 5.750000e+01 4.066025e+00
      vertex   2.660071e+01 5.732328e+01 3.936244e+00
    endloop
  endfacet
  facet normal -1.132844e-03 -6.087610e-01 7.933528e-01
    outer loop
      vertex   2.660071e+01 5.732328e+01 3.936244e+00
      vertex   2.252644e+01 5.750000e+01 4.066025e+00
      vertex   2.252644e+01 5.729289e+01 3.907107e+00
    endloop
  endfacet
  facet normal 8.096230e-04 -7.464923e-01 6.653935e-01
    outer loop
      vertex   2.660071e+01 5.732328e+01 3.936244e+00
      vertex   2.252644e+01 5.729289e+01 3.907107e+00
      vertex   2.651781e+01 5.719147e+01 3.788461e+00
    endloop
  endfacet
  facet normal -2.064607e-03 -7.933516e-01 6.087601e-01
    outer loop
      vertex   2.651781e+01 5.719147e+01 3.788461e+00
      vertex   2.252644e+01 5.729289e+01 3.907107e+00
      vertex   2.252644e+01 5.713397e+01 3.700000e+00
    endloop
  endfacet
  facet normal 1.324738e-03 -8.647359e-01 5.022251e-01
    outer loop
      vertex   2.651781e+01 5.719147e+01 3.788461e+00
      vertex   2.252644e+01 5.713397e+01 3.700000e+00
      vertex   2.645412e+01 5.708859e+01 3.611488e+00
    endloop
  endfacet
  facet normal -2.052637e-03 -9.238776e-01 3.826826e-01
    outer loop
      vertex   2.645412e+01 5.708859e+01 3.611488e+00
      vertex   2.252644e+01 5.713397e+01 3.700000e+00
      vertex   2.252644e+01 5.703407e+01 3.458819e+00
    endloop
  endfacet
  facet normal 9.918504e-04 -9.495765e-01 3.135338e-01
    outer loop
      vertex   2.645412e+01 5.708859e+01 3.611488e+00
      vertex   2.252644e+01 5.703407e+01 3.458819e+00
      vertex   2.641389e+01 5.702283e+01 3.412476e+00
    endloop
  endfacet
  facet normal 4.755110e-17 -9.071731e-02 9.958767e-01
    outer loop
      vertex   2.692253e+01 5.781931e+01 4.183541e+00
      vertex   2.703965e+01 5.800000e+01 4.200000e+00
      vertex   1.350000e+01 5.800000e+01 4.200000e+00
    endloop
  endfacet
  facet normal 7.579641e-17 -9.238795e-01 3.826834e-01
    outer loop
      vertex   1.801322e+01 5.713397e+01 3.700000e+00
      vertex   1.801322e+01 5.703407e+01 3.458819e+00
      vertex   2.252644e+01 5.703407e+01 3.458819e+00
    endloop
  endfacet
  facet normal 2.259005e-15 -7.933533e-01 6.087614e-01
    outer loop
      vertex   1.801322e+01 5.729289e+01 3.907107e+00
      vertex   1.801322e+01 5.713397e+01 3.700000e+00
      vertex   2.252644e+01 5.713397e+01 3.700000e+00
    endloop
  endfacet
  facet normal 2.758417e-15 -9.238795e-01 3.826834e-01
    outer loop
      vertex   2.252644e+01 5.713397e+01 3.700000e+00
      vertex   1.801322e+01 5.713397e+01 3.700000e+00
      vertex   2.252644e+01 5.703407e+01 3.458819e+00
    endloop
  endfacet
  facet normal -7.943321e-17 -6.087614e-01 7.933533e-01
    outer loop
      vertex   1.801322e+01 5.750000e+01 4.066025e+00
      vertex   1.801322e+01 5.729289e+01 3.907107e+00
      vertex   2.252644e+01 5.729289e+01 3.907107e+00
    endloop
  endfacet
  facet normal -5.990058e-17 -7.933533e-01 6.087614e-01
    outer loop
      vertex   2.252644e+01 5.729289e+01 3.907107e+00
      vertex   1.801322e+01 5.729289e+01 3.907107e+00
      vertex   2.252644e+01 5.713397e+01 3.700000e+00
    endloop
  endfacet
  facet normal 2.769996e-19 -3.826834e-01 9.238795e-01
    outer loop
      vertex   1.801322e+01 5.774118e+01 4.165926e+00
      vertex   1.801322e+01 5.750000e+01 4.066025e+00
      vertex   2.252644e+01 5.750000e+01 4.066025e+00
    endloop
  endfacet
  facet normal 0.000000e+00 -6.087614e-01 7.933533e-01
    outer loop
      vertex   2.252644e+01 5.750000e+01 4.066025e+00
      vertex   1.801322e+01 5.750000e+01 4.066025e+00
      vertex   2.252644e+01 5.729289e+01 3.907107e+00
    endloop
  endfacet
  facet normal 4.206665e-16 -3.826834e-01 9.238795e-01
    outer loop
      vertex   2.252644e+01 5.774118e+01 4.165926e+00
      vertex   1.801322e+01 5.774118e+01 4.165926e+00
      vertex   2.252644e+01 5.750000e+01 4.066025e+00
    endloop
  endfacet
  facet normal 8.391229e-01 -5.439419e-01 4.088959e-05
    outer loop
      vertex   2.692253e+01 5.781931e+01 4.183541e+00
      vertex   2.692923e+01 5.782956e+01 3.000000e+00
      vertex   2.703965e+01 5.800000e+01 4.200000e+00
    endloop
  endfacet
  facet normal 8.416929e-01 -5.399559e-01 -7.617421e-04
    outer loop
      vertex   2.703965e+01 5.800000e+01 4.200000e+00
      vertex   2.692923e+01 5.782956e+01 3.000000e+00
      vertex   2.710391e+01 5.810185e+01 3.000000e+00
    endloop
  endfacet
  facet normal 8.524918e-01 -5.227390e-01 1.277780e-03
    outer loop
      vertex   2.703965e+01 5.800000e+01 4.200000e+00
      vertex   2.710391e+01 5.810185e+01 3.000000e+00
      vertex   2.719257e+01 5.824938e+01 4.200000e+00
    endloop
  endfacet
  facet normal 8.582961e-01 -5.131547e-01 -3.293623e-04
    outer loop
      vertex   2.719257e+01 5.824938e+01 4.200000e+00
      vertex   2.710391e+01 5.810185e+01 3.000000e+00
      vertex   2.720332e+01 5.826813e+01 3.000000e+00
    endloop
  endfacet
  facet normal 8.827315e-01 -4.698773e-01 5.658733e-04
    outer loop
      vertex   2.719257e+01 5.824938e+01 4.200000e+00
      vertex   2.720332e+01 5.826813e+01 3.000000e+00
      vertex   2.728556e+01 5.842262e+01 3.000000e+00
    endloop
  endfacet
  facet normal 8.365784e-01 -5.478473e-01 -7.335825e-06
    outer loop
      vertex   2.692253e+01 5.781931e+01 4.183541e+00
      vertex   2.680730e+01 5.764336e+01 4.134241e+00
      vertex   2.692923e+01 5.782956e+01 3.000000e+00
    endloop
  endfacet
  facet normal 8.377245e-01 -5.460929e-01 4.038761e-04
    outer loop
      vertex   2.692923e+01 5.782956e+01 3.000000e+00
      vertex   2.680730e+01 5.764336e+01 4.134241e+00
      vertex   2.667516e+01 5.743982e+01 3.000000e+00
    endloop
  endfacet
  facet normal 8.384179e-01 -5.450279e-01 1.319742e-04
    outer loop
      vertex   2.667516e+01 5.743982e+01 3.000000e+00
      vertex   2.680730e+01 5.764336e+01 4.134241e+00
      vertex   2.669866e+01 5.747622e+01 4.051871e+00
    endloop
  endfacet
  facet normal 8.421453e-01 -5.392506e-01 -1.512454e-04
    outer loop
      vertex   2.667516e+01 5.743982e+01 3.000000e+00
      vertex   2.669866e+01 5.747622e+01 4.051871e+00
      vertex   2.660071e+01 5.732328e+01 3.936244e+00
    endloop
  endfacet
  facet normal 8.460475e-01 -5.331067e-01 9.237927e-04
    outer loop
      vertex   2.660071e+01 5.732328e+01 3.936244e+00
      vertex   2.651781e+01 5.719147e+01 3.788461e+00
      vertex   2.667516e+01 5.743982e+01 3.000000e+00
    endloop
  endfacet
  facet normal 8.477552e-01 -5.303835e-01 2.122360e-03
    outer loop
      vertex   2.667516e+01 5.743982e+01 3.000000e+00
      vertex   2.651781e+01 5.719147e+01 3.788461e+00
      vertex   2.640000e+01 5.700000e+01 3.000000e+00
    endloop
  endfacet
  facet normal 8.492362e-01 -5.280114e-01 1.325053e-03
    outer loop
      vertex   2.640000e+01 5.700000e+01 3.000000e+00
      vertex   2.651781e+01 5.719147e+01 3.788461e+00
      vertex   2.645412e+01 5.708859e+01 3.611488e+00
    endloop
  endfacet
  facet normal 8.533323e-01 -5.213675e-01 0.000000e+00
    outer loop
      vertex   2.640000e+01 5.700000e+01 3.000000e+00
      vertex   2.645412e+01 5.708859e+01 3.611488e+00
      vertex   2.640000e+01 5.700000e+01 3.200000e+00
    endloop
  endfacet
  facet normal 8.522825e-01 -5.230815e-01 5.070738e-04
    outer loop
      vertex   2.640000e+01 5.700000e+01 3.200000e+00
      vertex   2.645412e+01 5.708859e+01 3.611488e+00
      vertex   2.641389e+01 5.702283e+01 3.412476e+00
    endloop
  endfacet
  facet normal 8.865024e-01 -4.627201e-01 1.891388e-03
    outer loop
      vertex   2.719257e+01 5.824938e+01 4.200000e+00
      vertex   2.728556e+01 5.842262e+01 3.000000e+00
      vertex   2.730950e+01 5.847341e+01 4.200000e+00
    endloop
  endfacet
  facet normal 9.167833e-01 -3.993826e-01 -1.393237e-03
    outer loop
      vertex   2.730950e+01 5.847341e+01 4.200000e+00
      vertex   2.728556e+01 5.842262e+01 3.000000e+00
      vertex   2.734811e+01 5.856622e+01 3.000000e+00
    endloop
  endfacet
  facet normal 9.396204e-01 -3.421978e-01 3.764244e-03
    outer loop
      vertex   2.730950e+01 5.847341e+01 4.200000e+00
      vertex   2.734811e+01 5.856622e+01 3.000000e+00
      vertex   2.738290e+01 5.867493e+01 4.200000e+00
    endloop
  endfacet
  facet normal 9.562691e-01 -2.924859e-01 -1.222148e-03
    outer loop
      vertex   2.738290e+01 5.867493e+01 4.200000e+00
      vertex   2.734811e+01 5.856622e+01 3.000000e+00
      vertex   2.738903e+01 5.870000e+01 3.000000e+00
    endloop
  endfacet
  facet normal 9.906474e-01 -1.364291e-01 2.213395e-03
    outer loop
      vertex   2.738290e+01 5.867493e+01 4.200000e+00
      vertex   2.738903e+01 5.870000e+01 3.000000e+00
      vertex   2.740808e+01 5.885778e+01 4.200000e+00
    endloop
  endfacet
  facet normal 9.917719e-01 -1.280129e-01 1.088925e-03
    outer loop
      vertex   2.740808e+01 5.885778e+01 4.200000e+00
      vertex   2.738903e+01 5.870000e+01 3.000000e+00
      vertex   2.740795e+01 5.884656e+01 3.000000e+00
    endloop
  endfacet
  facet normal 9.976460e-01 6.856972e-02 -7.506756e-04
    outer loop
      vertex   2.740808e+01 5.885778e+01 4.200000e+00
      vertex   2.740795e+01 5.884656e+01 3.000000e+00
      vertex   2.740218e+01 5.894363e+01 4.200000e+00
    endloop
  endfacet
  facet normal 9.955922e-01 9.374645e-02 -2.797286e-03
    outer loop
      vertex   2.740218e+01 5.894363e+01 4.200000e+00
      vertex   2.740795e+01 5.884656e+01 3.000000e+00
      vertex   2.739502e+01 5.898382e+01 3.000000e+00
    endloop
  endfacet
  facet normal 9.773002e-01 2.118555e-01 1.266948e-03
    outer loop
      vertex   2.740218e+01 5.894363e+01 4.200000e+00
      vertex   2.739502e+01 5.898382e+01 3.000000e+00
      vertex   2.738420e+01 5.902657e+01 4.200000e+00
    endloop
  endfacet
  facet normal 9.483608e-01 3.171819e-01 -2.746243e-03
    outer loop
      vertex   2.738420e+01 5.902657e+01 4.200000e+00
      vertex   2.739502e+01 5.898382e+01 3.000000e+00
      vertex   2.735141e+01 5.911423e+01 3.000000e+00
    endloop
  endfacet
  facet normal 9.150226e-01 4.033779e-01 4.461653e-03
    outer loop
      vertex   2.738420e+01 5.902657e+01 4.200000e+00
      vertex   2.735141e+01 5.911423e+01 3.000000e+00
      vertex   2.731397e+01 5.918587e+01 4.200000e+00
    endloop
  endfacet
  facet normal 8.680857e-01 4.964078e-01 -2.555979e-03
    outer loop
      vertex   2.731397e+01 5.918587e+01 4.200000e+00
      vertex   2.735141e+01 5.911423e+01 3.000000e+00
      vertex   2.727954e+01 5.923990e+01 3.000000e+00
    endloop
  endfacet
  facet normal 8.102595e-01 5.860628e-01 3.140142e-03
    outer loop
      vertex   2.731397e+01 5.918587e+01 4.200000e+00
      vertex   2.727954e+01 5.923990e+01 3.000000e+00
      vertex   2.720308e+01 5.933918e+01 4.200000e+00
    endloop
  endfacet
  facet normal 7.850423e-01 6.194409e-01 -1.228136e-03
    outer loop
      vertex   2.720308e+01 5.933918e+01 4.200000e+00
      vertex   2.727954e+01 5.923990e+01 3.000000e+00
      vertex   2.718300e+01 5.936225e+01 3.000000e+00
    endloop
  endfacet
  facet normal 7.198302e-01 6.941490e-01 1.299088e-03
    outer loop
      vertex   2.720308e+01 5.933918e+01 4.200000e+00
      vertex   2.718300e+01 5.936225e+01 3.000000e+00
      vertex   2.705966e+01 5.948790e+01 4.200000e+00
    endloop
  endfacet
  facet normal 7.152338e-01 6.988852e-01 3.307157e-04
    outer loop
      vertex   2.705966e+01 5.948790e+01 4.200000e+00
      vertex   2.718300e+01 5.936225e+01 3.000000e+00
      vertex   2.706632e+01 5.948166e+01 3.000000e+00
    endloop
  endfacet
  facet normal 6.379059e-01 7.701142e-01 -4.682885e-04
    outer loop
      vertex   2.705966e+01 5.948790e+01 4.200000e+00
      vertex   2.706632e+01 5.948166e+01 3.000000e+00
      vertex   2.679420e+01 5.970707e+01 3.000000e+00
    endloop
  endfacet
  facet normal 6.255951e-01 7.801372e-01 4.085671e-03
    outer loop
      vertex   2.705966e+01 5.948790e+01 4.200000e+00
      vertex   2.679420e+01 5.970707e+01 3.000000e+00
      vertex   2.671663e+01 5.976299e+01 4.200000e+00
    endloop
  endfacet
  facet normal 5.567514e-01 8.306747e-01 -2.719705e-03
    outer loop
      vertex   2.671663e+01 5.976299e+01 4.200000e+00
      vertex   2.679420e+01 5.970707e+01 3.000000e+00
      vertex   2.650914e+01 5.989813e+01 3.000000e+00
    endloop
  endfacet
  facet normal 5.500929e-01 8.351028e-01 -1.069708e-03
    outer loop
      vertex   2.671663e+01 5.976299e+01 4.200000e+00
      vertex   2.650914e+01 5.989813e+01 3.000000e+00
      vertex   2.653931e+01 5.987979e+01 4.200000e+00
    endloop
  endfacet
  facet normal 4.951753e-01 8.687927e-01 8.257884e-04
    outer loop
      vertex   2.653931e+01 5.987979e+01 4.200000e+00
      vertex   2.650914e+01 5.989813e+01 3.000000e+00
      vertex   2.637187e+01 5.997522e+01 4.200000e+00
    endloop
  endfacet
  facet normal 4.903800e-01 8.715087e-01 1.027456e-04
    outer loop
      vertex   2.637187e+01 5.997522e+01 4.200000e+00
      vertex   2.650914e+01 5.989813e+01 3.000000e+00
      vertex   2.637528e+01 5.997345e+01 3.000000e+00
    endloop
  endfacet
  facet normal 4.307686e-01 9.024624e-01 -1.124041e-04
    outer loop
      vertex   2.637187e+01 5.997522e+01 4.200000e+00
      vertex   2.637528e+01 5.997345e+01 3.000000e+00
      vertex   2.625284e+01 6.003189e+01 3.000000e+00
    endloop
  endfacet
  facet normal 4.200953e-01 9.074792e-01 1.183156e-03
    outer loop
      vertex   2.637187e+01 5.997522e+01 4.200000e+00
      vertex   2.625284e+01 6.003189e+01 3.000000e+00
      vertex   2.622214e+01 6.004454e+01 4.200000e+00
    endloop
  endfacet
  facet normal 3.459877e-01 9.382385e-01 -1.037307e-03
    outer loop
      vertex   2.622214e+01 6.004454e+01 4.200000e+00
      vertex   2.625284e+01 6.003189e+01 3.000000e+00
      vertex   2.614453e+01 6.007183e+01 3.000000e+00
    endloop
  endfacet
  facet normal 3.021193e-01 9.532677e-01 2.141481e-03
    outer loop
      vertex   2.622214e+01 6.004454e+01 4.200000e+00
      vertex   2.614453e+01 6.007183e+01 3.000000e+00
      vertex   2.609496e+01 6.008484e+01 4.200000e+00
    endloop
  endfacet
  facet normal 2.169307e-01 9.761856e-01 -1.626211e-03
    outer loop
      vertex   2.609496e+01 6.008484e+01 4.200000e+00
      vertex   2.614453e+01 6.007183e+01 3.000000e+00
      vertex   2.605187e+01 6.009242e+01 3.000000e+00
    endloop
  endfacet
  facet normal 1.607412e-01 9.869965e-01 4.595808e-04
    outer loop
      vertex   2.609496e+01 6.008484e+01 4.200000e+00
      vertex   2.605187e+01 6.009242e+01 3.000000e+00
      vertex   2.604061e+01 6.009369e+01 4.200000e+00
    endloop
  endfacet
  facet normal 2.578791e-02 9.996671e-01 -8.202325e-04
    outer loop
      vertex   2.604061e+01 6.009369e+01 4.200000e+00
      vertex   2.605187e+01 6.009242e+01 3.000000e+00
      vertex   2.599261e+01 6.009493e+01 4.200000e+00
    endloop
  endfacet
  facet normal 1.209320e-02 9.999258e-01 -1.497131e-03
    outer loop
      vertex   2.599261e+01 6.009493e+01 4.200000e+00
      vertex   2.605187e+01 6.009242e+01 3.000000e+00
      vertex   2.597555e+01 6.009334e+01 3.000000e+00
    endloop
  endfacet
  facet normal -1.515015e-01 9.884567e-01 8.430877e-04
    outer loop
      vertex   2.599261e+01 6.009493e+01 4.200000e+00
      vertex   2.597555e+01 6.009334e+01 3.000000e+00
      vertex   2.595099e+01 6.008855e+01 4.200000e+00
    endloop
  endfacet
  facet normal -2.118183e-01 9.773090e-01 -4.361809e-04
    outer loop
      vertex   2.595099e+01 6.008855e+01 4.200000e+00
      vertex   2.597555e+01 6.009334e+01 3.000000e+00
      vertex   2.594359e+01 6.008641e+01 3.000000e+00
    endloop
  endfacet
  facet normal -3.689544e-01 9.294473e-01 6.179597e-04
    outer loop
      vertex   2.595099e+01 6.008855e+01 4.200000e+00
      vertex   2.594359e+01 6.008641e+01 3.000000e+00
      vertex   2.591576e+01 6.007457e+01 4.200000e+00
    endloop
  endfacet
  facet normal -3.916299e-01 9.201228e-01 0.000000e+00
    outer loop
      vertex   2.591576e+01 6.007457e+01 4.200000e+00
      vertex   2.594359e+01 6.008641e+01 3.000000e+00
      vertex   2.591576e+01 6.007457e+01 3.000000e+00
    endloop
  endfacet
  facet normal -6.913655e-01 7.225052e-01 0.000000e+00
    outer loop
      vertex   2.380000e+01 5.805000e+01 3.000000e+00
      vertex   2.380000e+01 5.805000e+01 4.200000e+00
      vertex   2.392871e+01 5.817316e+01 3.000000e+00
    endloop
  endfacet
  facet normal -6.913655e-01 7.225052e-01 3.505964e-16
    outer loop
      vertex   2.392871e+01 5.817316e+01 3.000000e+00
      vertex   2.380000e+01 5.805000e+01 4.200000e+00
      vertex   2.591576e+01 6.007457e+01 4.200000e+00
    endloop
  endfacet
  facet normal -6.913655e-01 7.225052e-01 1.501994e-17
    outer loop
      vertex   2.392871e+01 5.817316e+01 3.000000e+00
      vertex   2.591576e+01 6.007457e+01 4.200000e+00
      vertex   2.591576e+01 6.007457e+01 3.000000e+00
    endloop
  endfacet
  facet normal -0.000000e+00 1.000000e+00 0.000000e+00
    outer loop
      vertex   1.985350e+01 5.805000e+01 4.200000e+00
      vertex   2.380000e+01 5.805000e+01 4.200000e+00
      vertex   1.985350e+01 5.805000e+01 3.000000e+00
    endloop
  endfacet
  facet normal 0.000000e+00 1.000000e+00 0.000000e+00
    outer loop
      vertex   1.985350e+01 5.805000e+01 3.000000e+00
      vertex   2.380000e+01 5.805000e+01 4.200000e+00
      vertex   2.380000e+01 5.805000e+01 3.000000e+00
    endloop
  endfacet
  facet normal 1.000000e+00 0.000000e+00 0.000000e+00
    outer loop
      vertex   1.985350e+01 5.860410e+01 4.200000e+00
      vertex   1.985350e+01 5.805000e+01 4.200000e+00
      vertex   1.985350e+01 5.860410e+01 3.000000e+00
    endloop
  endfacet
  facet normal 1.000000e+00 0.000000e+00 0.000000e+00
    outer loop
      vertex   1.985350e+01 5.860410e+01 3.000000e+00
      vertex   1.985350e+01 5.805000e+01 4.200000e+00
      vertex   1.985350e+01 5.805000e+01 3.000000e+00
    endloop
  endfacet
  facet normal -9.903260e-01 1.387605e-01 0.000000e+00
    outer loop
      vertex   1.350000e+01 5.860000e+01 4.200000e+00
      vertex   1.350705e+01 5.865030e+01 4.200000e+00
      vertex   1.350000e+01 5.860000e+01 3.000000e+00
    endloop
  endfacet
  facet normal -9.901455e-01 1.400422e-01 -5.478779e-05
    outer loop
      vertex   1.350000e+01 5.860000e+01 3.000000e+00
      vertex   1.350705e+01 5.865030e+01 4.200000e+00
      vertex   1.350723e+01 5.865112e+01 3.000000e+00
    endloop
  endfacet
  facet normal -9.562491e-01 2.925537e-01 5.438267e-05
    outer loop
      vertex   1.350723e+01 5.865112e+01 3.000000e+00
      vertex   1.350705e+01 5.865030e+01 4.200000e+00
      vertex   1.352177e+01 5.869844e+01 4.200000e+00
    endloop
  endfacet
  facet normal -9.550844e-01 2.963338e-01 -1.087727e-04
    outer loop
      vertex   1.350723e+01 5.865112e+01 3.000000e+00
      vertex   1.352177e+01 5.869844e+01 4.200000e+00
      vertex   1.352240e+01 5.870000e+01 3.000000e+00
    endloop
  endfacet
  facet normal -8.988731e-01 4.382090e-01 1.052789e-04
    outer loop
      vertex   1.352240e+01 5.870000e+01 3.000000e+00
      vertex   1.352177e+01 5.869844e+01 4.200000e+00
      vertex   1.354418e+01 5.874439e+01 4.200000e+00
    endloop
  endfacet
  facet normal -8.986705e-01 4.386243e-01 8.623854e-05
    outer loop
      vertex   1.352240e+01 5.870000e+01 3.000000e+00
      vertex   1.354418e+01 5.874439e+01 4.200000e+00
      vertex   1.354347e+01 5.874317e+01 3.000000e+00
    endloop
  endfacet
  facet normal -8.288709e-01 5.594399e-01 -7.845824e-05
    outer loop
      vertex   1.354347e+01 5.874317e+01 3.000000e+00
      vertex   1.354418e+01 5.874439e+01 4.200000e+00
      vertex   1.357131e+01 5.878442e+01 3.000000e+00
    endloop
  endfacet
  facet normal -8.242592e-01 5.662127e-01 2.517272e-04
    outer loop
      vertex   1.357131e+01 5.878442e+01 3.000000e+00
      vertex   1.354418e+01 5.874439e+01 4.200000e+00
      vertex   1.357426e+01 5.878818e+01 4.200000e+00
    endloop
  endfacet
  facet normal -7.111375e-01 7.030528e-01 -4.546348e-04
    outer loop
      vertex   1.357131e+01 5.878442e+01 3.000000e+00
      vertex   1.357426e+01 5.878818e+01 4.200000e+00
      vertex   1.364722e+01 5.886121e+01 3.000000e+00
    endloop
  endfacet
  facet normal -6.986126e-01 7.154994e-01 1.064435e-03
    outer loop
      vertex   1.364722e+01 5.886121e+01 3.000000e+00
      vertex   1.357426e+01 5.878818e+01 4.200000e+00
      vertex   1.365732e+01 5.886928e+01 4.200000e+00
    endloop
  endfacet
  facet normal -5.600895e-01 8.284316e-01 -8.600189e-04
    outer loop
      vertex   1.364722e+01 5.886121e+01 3.000000e+00
      vertex   1.365732e+01 5.886928e+01 4.200000e+00
      vertex   1.374972e+01 5.893050e+01 3.000000e+00
    endloop
  endfacet
  facet normal -5.404635e-01 8.413665e-01 1.311150e-03
    outer loop
      vertex   1.374972e+01 5.893050e+01 3.000000e+00
      vertex   1.365732e+01 5.886928e+01 4.200000e+00
      vertex   1.377040e+01 5.894192e+01 4.200000e+00
    endloop
  endfacet
  facet normal -4.360865e-01 8.999042e-01 -1.044473e-03
    outer loop
      vertex   1.374972e+01 5.893050e+01 3.000000e+00
      vertex   1.377040e+01 5.894192e+01 4.200000e+00
      vertex   1.387787e+01 5.899261e+01 3.000000e+00
    endloop
  endfacet
  facet normal -4.141670e-01 9.101999e-01 1.353518e-03
    outer loop
      vertex   1.387787e+01 5.899261e+01 3.000000e+00
      vertex   1.377040e+01 5.894192e+01 4.200000e+00
      vertex   1.391231e+01 5.900649e+01 4.200000e+00
    endloop
  endfacet
  facet normal -3.413082e-01 9.399508e-01 -1.081444e-03
    outer loop
      vertex   1.387787e+01 5.899261e+01 3.000000e+00
      vertex   1.391231e+01 5.900649e+01 4.200000e+00
      vertex   1.403034e+01 5.904797e+01 3.000000e+00
    endloop
  endfacet
  facet normal -3.198670e-01 9.474616e-01 1.287109e-03
    outer loop
      vertex   1.403034e+01 5.904797e+01 3.000000e+00
      vertex   1.391231e+01 5.900649e+01 4.200000e+00
      vertex   1.408137e+01 5.906357e+01 4.200000e+00
    endloop
  endfacet
  facet normal -2.698521e-01 9.629012e-01 -1.040436e-03
    outer loop
      vertex   1.403034e+01 5.904797e+01 3.000000e+00
      vertex   1.408137e+01 5.906357e+01 4.200000e+00
      vertex   1.420570e+01 5.909712e+01 3.000000e+00
    endloop
  endfacet
  facet normal -2.498721e-01 9.682781e-01 1.180136e-03
    outer loop
      vertex   1.420570e+01 5.909712e+01 3.000000e+00
      vertex   1.408137e+01 5.906357e+01 4.200000e+00
      vertex   1.427595e+01 5.911378e+01 4.200000e+00
    endloop
  endfacet
  facet normal -2.151153e-01 9.765882e-01 -9.697500e-04
    outer loop
      vertex   1.420570e+01 5.909712e+01 3.000000e+00
      vertex   1.427595e+01 5.911378e+01 4.200000e+00
      vertex   1.440289e+01 5.914055e+01 3.000000e+00
    endloop
  endfacet
  facet normal -1.966080e-01 9.804816e-01 1.074883e-03
    outer loop
      vertex   1.440289e+01 5.914055e+01 3.000000e+00
      vertex   1.427595e+01 5.911378e+01 4.200000e+00
      vertex   1.449498e+01 5.915770e+01 4.200000e+00
    endloop
  endfacet
  facet normal -1.717237e-01 9.851447e-01 -9.015598e-04
    outer loop
      vertex   1.440289e+01 5.914055e+01 3.000000e+00
      vertex   1.449498e+01 5.915770e+01 4.200000e+00
      vertex   1.462152e+01 5.917866e+01 3.000000e+00
    endloop
  endfacet
  facet normal -1.542581e-01 9.880301e-01 9.905219e-04
    outer loop
      vertex   1.462152e+01 5.917866e+01 3.000000e+00
      vertex   1.449498e+01 5.915770e+01 4.200000e+00
      vertex   1.473849e+01 5.919572e+01 4.200000e+00
    endloop
  endfacet
  facet normal -1.358684e-01 9.907265e-01 -8.403831e-04
    outer loop
      vertex   1.462152e+01 5.917866e+01 3.000000e+00
      vertex   1.473849e+01 5.919572e+01 4.200000e+00
      vertex   1.486216e+01 5.921166e+01 3.000000e+00
    endloop
  endfacet
  facet normal -1.191376e-01 9.928773e-01 9.124753e-04
    outer loop
      vertex   1.486216e+01 5.921166e+01 3.000000e+00
      vertex   1.473849e+01 5.919572e+01 4.200000e+00
      vertex   1.500754e+01 5.922800e+01 4.200000e+00
    endloop
  endfacet
  facet normal -1.054317e-01 9.944262e-01 -7.690092e-04
    outer loop
      vertex   1.486216e+01 5.921166e+01 3.000000e+00
      vertex   1.500754e+01 5.922800e+01 4.200000e+00
      vertex   1.512592e+01 5.923963e+01 3.000000e+00
    endloop
  endfacet
  facet normal -8.948861e-02 9.959875e-01 8.189470e-04
    outer loop
      vertex   1.512592e+01 5.923963e+01 3.000000e+00
      vertex   1.500754e+01 5.922800e+01 4.200000e+00
      vertex   1.530341e+01 5.925459e+01 4.200000e+00
    endloop
  endfacet
  facet normal -7.945654e-02 9.968381e-01 -6.754990e-04
    outer loop
      vertex   1.512592e+01 5.923963e+01 3.000000e+00
      vertex   1.530341e+01 5.925459e+01 4.200000e+00
      vertex   1.541368e+01 5.926256e+01 3.000000e+00
    endloop
  endfacet
  facet normal -6.454982e-02 9.979142e-01 7.014381e-04
    outer loop
      vertex   1.541368e+01 5.926256e+01 3.000000e+00
      vertex   1.530341e+01 5.925459e+01 4.200000e+00
      vertex   1.562660e+01 5.927549e+01 4.200000e+00
    endloop
  endfacet
  facet normal -5.748040e-02 9.983465e-01 -5.575779e-04
    outer loop
      vertex   1.541368e+01 5.926256e+01 3.000000e+00
      vertex   1.562660e+01 5.927549e+01 4.200000e+00
      vertex   1.572538e+01 5.928051e+01 3.000000e+00
    endloop
  endfacet
  facet normal -4.392502e-02 9.990347e-01 5.611073e-04
    outer loop
      vertex   1.572538e+01 5.928051e+01 3.000000e+00
      vertex   1.562660e+01 5.927549e+01 4.200000e+00
      vertex   1.597575e+01 5.929084e+01 4.200000e+00
    endloop
  endfacet
  facet normal -3.166894e-02 9.994964e-01 -1.999955e-03
    outer loop
      vertex   1.572538e+01 5.928051e+01 3.000000e+00
      vertex   1.597575e+01 5.929084e+01 4.200000e+00
      vertex   1.641094e+01 5.930223e+01 3.000000e+00
    endloop
  endfacet
  facet normal -2.734319e-02 9.996260e-01 -4.299291e-04
    outer loop
      vertex   1.641094e+01 5.930223e+01 3.000000e+00
      vertex   1.597575e+01 5.929084e+01 4.200000e+00
      vertex   1.634659e+01 5.930099e+01 4.200000e+00
    endloop
  endfacet
  facet normal -1.007580e-02 9.999491e-01 4.964078e-04
    outer loop
      vertex   1.641094e+01 5.930223e+01 3.000000e+00
      vertex   1.634659e+01 5.930099e+01 4.200000e+00
      vertex   1.711669e+01 5.930875e+01 4.200000e+00
    endloop
  endfacet
  facet normal -9.046525e-03 9.999591e-01 -1.089834e-04
    outer loop
      vertex   1.641094e+01 5.930223e+01 3.000000e+00
      vertex   1.711669e+01 5.930875e+01 4.200000e+00
      vertex   1.713502e+01 5.930878e+01 3.000000e+00
    endloop
  endfacet
  facet normal 4.934271e-04 9.999999e-01 3.675014e-05
    outer loop
      vertex   1.713502e+01 5.930878e+01 3.000000e+00
      vertex   1.711669e+01 5.930875e+01 4.200000e+00
      vertex   1.748929e+01 5.930856e+01 4.200000e+00
    endloop
  endfacet
  facet normal 5.913344e-04 9.999998e-01 7.845644e-06
    outer loop
      vertex   1.713502e+01 5.930878e+01 3.000000e+00
      vertex   1.748929e+01 5.930856e+01 4.200000e+00
      vertex   1.748478e+01 5.930858e+01 3.000000e+00
    endloop
  endfacet
  facet normal 4.170859e-03 9.999913e-01 -5.585366e-06
    outer loop
      vertex   1.748478e+01 5.930858e+01 3.000000e+00
      vertex   1.748929e+01 5.930856e+01 4.200000e+00
      vertex   1.781035e+01 5.930722e+01 3.000000e+00
    endloop
  endfacet
  facet normal 4.293613e-03 9.999908e-01 2.725864e-05
    outer loop
      vertex   1.781035e+01 5.930722e+01 3.000000e+00
      vertex   1.748929e+01 5.930856e+01 4.200000e+00
      vertex   1.783432e+01 5.930708e+01 4.200000e+00
    endloop
  endfacet
  facet normal 6.837314e-03 9.999766e-01 -2.355298e-05
    outer loop
      vertex   1.781035e+01 5.930722e+01 3.000000e+00
      vertex   1.783432e+01 5.930708e+01 4.200000e+00
      vertex   1.810154e+01 5.930523e+01 3.000000e+00
    endloop
  endfacet
  facet normal 7.147249e-03 9.999745e-01 4.546781e-05
    outer loop
      vertex   1.810154e+01 5.930523e+01 3.000000e+00
      vertex   1.783432e+01 5.930708e+01 4.200000e+00
      vertex   1.813970e+01 5.930490e+01 4.200000e+00
    endloop
  endfacet
  facet normal 1.056997e-02 9.999441e-01 -6.337123e-05
    outer loop
      vertex   1.810154e+01 5.930523e+01 3.000000e+00
      vertex   1.813970e+01 5.930490e+01 4.200000e+00
      vertex   1.835170e+01 5.930258e+01 3.000000e+00
    endloop
  endfacet
  facet normal 1.160723e-02 9.999326e-01 1.198988e-04
    outer loop
      vertex   1.835170e+01 5.930258e+01 3.000000e+00
      vertex   1.813970e+01 5.930490e+01 4.200000e+00
      vertex   1.839801e+01 5.930190e+01 4.200000e+00
    endloop
  endfacet
  facet normal 1.955232e-02 9.998088e-01 -1.868086e-04
    outer loop
      vertex   1.835170e+01 5.930258e+01 3.000000e+00
      vertex   1.839801e+01 5.930190e+01 4.200000e+00
      vertex   1.855939e+01 5.929852e+01 3.000000e+00
    endloop
  endfacet
  facet normal 2.334253e-02 9.997275e-01 3.231239e-04
    outer loop
      vertex   1.855939e+01 5.929852e+01 3.000000e+00
      vertex   1.839801e+01 5.930190e+01 4.200000e+00
      vertex   1.860889e+01 5.929698e+01 4.200000e+00
    endloop
  endfacet
  facet normal 4.203987e-02 9.991158e-01 -4.490277e-04
    outer loop
      vertex   1.855939e+01 5.929852e+01 3.000000e+00
      vertex   1.860889e+01 5.929698e+01 4.200000e+00
      vertex   1.873000e+01 5.929134e+01 3.000000e+00
    endloop
  endfacet
  facet normal 5.323747e-02 9.985816e-01 6.835937e-04
    outer loop
      vertex   1.873000e+01 5.929134e+01 3.000000e+00
      vertex   1.860889e+01 5.929698e+01 4.200000e+00
      vertex   1.878083e+01 5.928781e+01 4.200000e+00
    endloop
  endfacet
  facet normal 1.214509e-01 9.925950e-01 -2.223225e-03
    outer loop
      vertex   1.873000e+01 5.929134e+01 3.000000e+00
      vertex   1.878083e+01 5.928781e+01 4.200000e+00
      vertex   1.900862e+01 5.925725e+01 3.000000e+00
    endloop
  endfacet
  facet normal 1.504314e-01 9.886147e-01 3.379340e-03
    outer loop
      vertex   1.900862e+01 5.925725e+01 3.000000e+00
      vertex   1.878083e+01 5.928781e+01 4.200000e+00
      vertex   1.907023e+01 5.924377e+01 4.200000e+00
    endloop
  endfacet
  facet normal 2.703903e-01 9.627459e-01 -3.070157e-03
    outer loop
      vertex   1.900862e+01 5.925725e+01 3.000000e+00
      vertex   1.907023e+01 5.924377e+01 4.200000e+00
      vertex   1.928259e+01 5.918031e+01 3.000000e+00
    endloop
  endfacet
  facet normal 3.074495e-01 9.515556e-01 4.079961e-03
    outer loop
      vertex   1.928259e+01 5.918031e+01 3.000000e+00
      vertex   1.907023e+01 5.924377e+01 4.200000e+00
      vertex   1.936748e+01 5.914773e+01 4.200000e+00
    endloop
  endfacet
  facet normal 4.137576e-01 9.103757e-01 -4.558338e-03
    outer loop
      vertex   1.928259e+01 5.918031e+01 3.000000e+00
      vertex   1.936748e+01 5.914773e+01 4.200000e+00
      vertex   1.956106e+01 5.905374e+01 3.000000e+00
    endloop
  endfacet
  facet normal 4.215098e-01 9.068188e-01 -3.029145e-03
    outer loop
      vertex   1.956106e+01 5.905374e+01 3.000000e+00
      vertex   1.936748e+01 5.914773e+01 4.200000e+00
      vertex   1.951614e+01 5.907863e+01 4.200000e+00
    endloop
  endfacet
  facet normal 5.241064e-01 8.516506e-01 1.955924e-03
    outer loop
      vertex   1.956106e+01 5.905374e+01 3.000000e+00
      vertex   1.951614e+01 5.907863e+01 4.200000e+00
      vertex   1.964792e+01 5.899753e+01 4.200000e+00
    endloop
  endfacet
  facet normal 5.605503e-01 8.281185e-01 -1.784099e-03
    outer loop
      vertex   1.956106e+01 5.905374e+01 3.000000e+00
      vertex   1.964792e+01 5.899753e+01 4.200000e+00
      vertex   1.967784e+01 5.897469e+01 3.000000e+00
    endloop
  endfacet
  facet normal 6.632990e-01 7.483510e-01 2.296557e-03
    outer loop
      vertex   1.967784e+01 5.897469e+01 3.000000e+00
      vertex   1.964792e+01 5.899753e+01 4.200000e+00
      vertex   1.975007e+01 5.890700e+01 4.200000e+00
    endloop
  endfacet
  facet normal 7.001367e-01 7.140064e-01 -1.858008e-03
    outer loop
      vertex   1.967784e+01 5.897469e+01 3.000000e+00
      vertex   1.975007e+01 5.890700e+01 4.200000e+00
      vertex   1.976631e+01 5.888794e+01 3.000000e+00
    endloop
  endfacet
  facet normal 7.854445e-01 6.189316e-01 8.065410e-04
    outer loop
      vertex   1.976631e+01 5.888794e+01 3.000000e+00
      vertex   1.975007e+01 5.890700e+01 4.200000e+00
      vertex   1.978785e+01 5.885904e+01 4.200000e+00
    endloop
  endfacet
  facet normal 8.153080e-01 5.790271e-01 -6.904380e-04
    outer loop
      vertex   1.976631e+01 5.888794e+01 3.000000e+00
      vertex   1.978785e+01 5.885904e+01 4.200000e+00
      vertex   1.979866e+01 5.884239e+01 3.000000e+00
    endloop
  endfacet
  facet normal 8.631058e-01 5.050225e-01 7.675542e-04
    outer loop
      vertex   1.979866e+01 5.884239e+01 3.000000e+00
      vertex   1.978785e+01 5.885904e+01 4.200000e+00
      vertex   1.981670e+01 5.880974e+01 4.200000e+00
    endloop
  endfacet
  facet normal 8.848327e-01 4.659084e-01 -6.230665e-04
    outer loop
      vertex   1.979866e+01 5.884239e+01 3.000000e+00
      vertex   1.981670e+01 5.880974e+01 4.200000e+00
      vertex   1.982323e+01 5.879573e+01 3.000000e+00
    endloop
  endfacet
  facet normal 9.271256e-01 3.747503e-01 6.715093e-04
    outer loop
      vertex   1.982323e+01 5.879573e+01 3.000000e+00
      vertex   1.981670e+01 5.880974e+01 4.200000e+00
      vertex   1.983706e+01 5.875938e+01 4.200000e+00
    endloop
  endfacet
  facet normal 9.401933e-01 3.406411e-01 -5.123604e-04
    outer loop
      vertex   1.982323e+01 5.879573e+01 3.000000e+00
      vertex   1.983706e+01 5.875938e+01 4.200000e+00
      vertex   1.984045e+01 5.874820e+01 3.000000e+00
    endloop
  endfacet
  facet normal 9.714213e-01 2.373613e-01 5.376992e-04
    outer loop
      vertex   1.984045e+01 5.874820e+01 3.000000e+00
      vertex   1.983706e+01 5.875938e+01 4.200000e+00
      vertex   1.984956e+01 5.870820e+01 4.200000e+00
    endloop
  endfacet
  facet normal 9.774234e-01 2.112898e-01 -3.770045e-04
    outer loop
      vertex   1.984045e+01 5.874820e+01 3.000000e+00
      vertex   1.984956e+01 5.870820e+01 4.200000e+00
      vertex   1.985087e+01 5.870000e+01 3.000000e+00
    endloop
  endfacet
  facet normal 9.992843e-01 3.781873e-02 8.321823e-04
    outer loop
      vertex   1.985087e+01 5.870000e+01 3.000000e+00
      vertex   1.984956e+01 5.870820e+01 4.200000e+00
      vertex   1.985350e+01 5.860410e+01 4.200000e+00
    endloop
  endfacet
  facet normal 9.996241e-01 2.741488e-02 -7.224463e-20
    outer loop
      vertex   1.985087e+01 5.870000e+01 3.000000e+00
      vertex   1.985350e+01 5.860410e+01 4.200000e+00
      vertex   1.985350e+01 5.860410e+01 3.000000e+00
    endloop
  endfacet
  facet normal 0.000000e+00 -3.889744e-07 -1.000000e+00
    outer loop
      vertex   1.352240e+01 5.870000e+01 3.000000e+00
      vertex   1.354347e+01 5.874317e+01 3.000000e+00
      vertex   1.985087e+01 5.870000e+01 3.000000e+00
    endloop
  endfacet
  facet normal 4.654882e-10 -3.209627e-07 -1.000000e+00
    outer loop
      vertex   1.985087e+01 5.870000e+01 3.000000e+00
      vertex   1.354347e+01 5.874317e+01 3.000000e+00
      vertex   1.984045e+01 5.874820e+01 3.000000e+00
    endloop
  endfacet
  facet normal 3.841810e-10 -2.192597e-07 -1.000000e+00
    outer loop
      vertex   1.984045e+01 5.874820e+01 3.000000e+00
      vertex   1.354347e+01 5.874317e+01 3.000000e+00
      vertex   1.357131e+01 5.878442e+01 3.000000e+00
    endloop
  endfacet
  facet normal 4.461560e-10 -2.085323e-07 -1.000000e+00
    outer loop
      vertex   1.984045e+01 5.874820e+01 3.000000e+00
      vertex   1.357131e+01 5.878442e+01 3.000000e+00
      vertex   1.982323e+01 5.879573e+01 3.000000e+00
    endloop
  endfacet
  facet normal 9.257916e-11 -1.306133e-08 -1.000000e+00
    outer loop
      vertex   1.982323e+01 5.879573e+01 3.000000e+00
      vertex   1.357131e+01 5.878442e+01 3.000000e+00
      vertex   1.364722e+01 5.886121e+01 3.000000e+00
    endloop
  endfacet
  facet normal -8.641894e-11 -2.994446e-08 -1.000000e+00
    outer loop
      vertex   1.982323e+01 5.879573e+01 3.000000e+00
      vertex   1.364722e+01 5.886121e+01 3.000000e+00
      vertex   1.979866e+01 5.884239e+01 3.000000e+00
    endloop
  endfacet
  facet normal 3.061863e-12 -7.008635e-10 -1.000000e+00
    outer loop
      vertex   1.979866e+01 5.884239e+01 3.000000e+00
      vertex   1.364722e+01 5.886121e+01 3.000000e+00
      vertex   1.976631e+01 5.888794e+01 3.000000e+00
    endloop
  endfacet
  facet normal -0.000000e+00 0.000000e+00 -1.000000e+00
    outer loop
      vertex   1.976631e+01 5.888794e+01 3.000000e+00
      vertex   1.364722e+01 5.886121e+01 3.000000e+00
      vertex   1.374972e+01 5.893050e+01 3.000000e+00
    endloop
  endfacet
  facet normal 0.000000e+00 0.000000e+00 -1.000000e+00
    outer loop
      vertex   1.976631e+01 5.888794e+01 3.000000e+00
      vertex   1.374972e+01 5.893050e+01 3.000000e+00
      vertex   1.967784e+01 5.897469e+01 3.000000e+00
    endloop
  endfacet
  facet normal -0.000000e+00 0.000000e+00 -1.000000e+00
    outer loop
      vertex   1.967784e+01 5.897469e+01 3.000000e+00
      vertex   1.374972e+01 5.893050e+01 3.000000e+00
      vertex   1.387787e+01 5.899261e+01 3.000000e+00
    endloop
  endfacet
  facet normal 0.000000e+00 0.000000e+00 -1.000000e+00
    outer loop
      vertex   1.967784e+01 5.897469e+01 3.000000e+00
      vertex   1.387787e+01 5.899261e+01 3.000000e+00
      vertex   1.403034e+01 5.904797e+01 3.000000e+00
    endloop
  endfacet
  facet normal 0.000000e+00 0.000000e+00 -1.000000e+00
    outer loop
      vertex   1.967784e+01 5.897469e+01 3.000000e+00
      vertex   1.403034e+01 5.904797e+01 3.000000e+00
      vertex   1.956106e+01 5.905374e+01 3.000000e+00
    endloop
  endfacet
  facet normal -0.000000e+00 0.000000e+00 -1.000000e+00
    outer loop
      vertex   1.956106e+01 5.905374e+01 3.000000e+00
      vertex   1.403034e+01 5.904797e+01 3.000000e+00
      vertex   1.420570e+01 5.909712e+01 3.000000e+00
    endloop
  endfacet
  facet normal 0.000000e+00 0.000000e+00 -1.000000e+00
    outer loop
      vertex   1.956106e+01 5.905374e+01 3.000000e+00
      vertex   1.420570e+01 5.909712e+01 3.000000e+00
      vertex   1.440289e+01 5.914055e+01 3.000000e+00
    endloop
  endfacet
  facet normal 0.000000e+00 0.000000e+00 -1.000000e+00
    outer loop
      vertex   1.440289e+01 5.914055e+01 3.000000e+00
      vertex   1.462152e+01 5.917866e+01 3.000000e+00
      vertex   1.956106e+01 5.905374e+01 3.000000e+00
    endloop
  endfacet
  facet normal 0.000000e+00 0.000000e+00 -1.000000e+00
    outer loop
      vertex   1.956106e+01 5.905374e+01 3.000000e+00
      vertex   1.462152e+01 5.917866e+01 3.000000e+00
      vertex   1.486216e+01 5.921166e+01 3.000000e+00
    endloop
  endfacet
  facet normal 0.000000e+00 0.000000e+00 -1.000000e+00
    outer loop
      vertex   1.956106e+01 5.905374e+01 3.000000e+00
      vertex   1.486216e+01 5.921166e+01 3.000000e+00
      vertex   1.512592e+01 5.923963e+01 3.000000e+00
    endloop
  endfacet
  facet normal 0.000000e+00 0.000000e+00 -1.000000e+00
    outer loop
      vertex   1.512592e+01 5.923963e+01 3.000000e+00
      vertex   1.541368e+01 5.926256e+01 3.000000e+00
      vertex   1.956106e+01 5.905374e+01 3.000000e+00
    endloop
  endfacet
  facet normal 0.000000e+00 0.000000e+00 -1.000000e+00
    outer loop
      vertex   1.956106e+01 5.905374e+01 3.000000e+00
      vertex   1.541368e+01 5.926256e+01 3.000000e+00
      vertex   1.572538e+01 5.928051e+01 3.000000e+00
    endloop
  endfacet
  facet normal 0.000000e+00 0.000000e+00 -1.000000e+00
    outer loop
      vertex   1.956106e+01 5.905374e+01 3.000000e+00
      vertex   1.572538e+01 5.928051e+01 3.000000e+00
      vertex   1.641094e+01 5.930223e+01 3.000000e+00
    endloop
  endfacet
  facet normal 0.000000e+00 0.000000e+00 -1.000000e+00
    outer loop
      vertex   1.641094e+01 5.930223e+01 3.000000e+00
      vertex   1.713502e+01 5.930878e+01 3.000000e+00
      vertex   1.956106e+01 5.905374e+01 3.000000e+00
    endloop
  endfacet
  facet normal 0.000000e+00 0.000000e+00 -1.000000e+00
    outer loop
      vertex   1.956106e+01 5.905374e+01 3.000000e+00
      vertex   1.713502e+01 5.930878e+01 3.000000e+00
      vertex   1.928259e+01 5.918031e+01 3.000000e+00
    endloop
  endfacet
  facet normal 0.000000e+00 0.000000e+00 -1.000000e+00
    outer loop
      vertex   1.928259e+01 5.918031e+01 3.000000e+00
      vertex   1.713502e+01 5.930878e+01 3.000000e+00
      vertex   1.748478e+01 5.930858e+01 3.000000e+00
    endloop
  endfacet
  facet normal 0.000000e+00 0.000000e+00 -1.000000e+00
    outer loop
      vertex   1.928259e+01 5.918031e+01 3.000000e+00
      vertex   1.748478e+01 5.930858e+01 3.000000e+00
      vertex   1.781035e+01 5.930722e+01 3.000000e+00
    endloop
  endfacet
  facet normal 0.000000e+00 0.000000e+00 -1.000000e+00
    outer loop
      vertex   1.781035e+01 5.930722e+01 3.000000e+00
      vertex   1.810154e+01 5.930523e+01 3.000000e+00
      vertex   1.928259e+01 5.918031e+01 3.000000e+00
    endloop
  endfacet
  facet normal 0.000000e+00 0.000000e+00 -1.000000e+00
    outer loop
      vertex   1.928259e+01 5.918031e+01 3.000000e+00
      vertex   1.810154e+01 5.930523e+01 3.000000e+00
      vertex   1.900862e+01 5.925725e+01 3.000000e+00
    endloop
  endfacet
  facet normal 0.000000e+00 0.000000e+00 -1.000000e+00
    outer loop
      vertex   1.900862e+01 5.925725e+01 3.000000e+00
      vertex   1.810154e+01 5.930523e+01 3.000000e+00
      vertex   1.835170e+01 5.930258e+01 3.000000e+00
    endloop
  endfacet
  facet normal 0.000000e+00 0.000000e+00 -1.000000e+00
    outer loop
      vertex   1.900862e+01 5.925725e+01 3.000000e+00
      vertex   1.835170e+01 5.930258e+01 3.000000e+00
      vertex   1.855939e+01 5.929852e+01 3.000000e+00
    endloop
  endfacet
  facet normal 0.000000e+00 0.000000e+00 -1.000000e+00
    outer loop
      vertex   1.855939e+01 5.929852e+01 3.000000e+00
      vertex   1.873000e+01 5.929134e+01 3.000000e+00
      vertex   1.900862e+01 5.925725e+01 3.000000e+00
    endloop
  endfacet
  facet normal -1.000000e+00 0.000000e+00 0.000000e+00
    outer loop
      vertex   2.830000e+01 5.771799e+01 4.159410e+00
      vertex   2.830000e+01 5.797109e+01 4.199582e+00
      vertex   2.830000e+01 5.870000e+01 3.950000e+00
    endloop
  endfacet
  facet normal -1.000000e+00 -5.227053e-11 -1.526571e-10
    outer loop
      vertex   2.830000e+01 5.870000e+01 3.950000e+00
      vertex   2.830000e+01 5.797109e+01 4.199582e+00
      vertex   2.830000e+01 5.823159e+01 4.179716e+00
    endloop
  endfacet
  facet normal -1.000000e+00 -1.033608e-10 -2.568352e-10
    outer loop
      vertex   2.830000e+01 5.870000e+01 3.950000e+00
      vertex   2.830000e+01 5.823159e+01 4.179716e+00
      vertex   2.830000e+01 5.845585e+01 4.132274e+00
    endloop
  endfacet
  facet normal -1.000000e+00 1.403046e-10 6.954166e-11
    outer loop
      vertex   2.830000e+01 5.845585e+01 4.132274e+00
      vertex   2.830000e+01 5.854609e+01 4.099658e+00
      vertex   2.830000e+01 5.870000e+01 3.950000e+00
    endloop
  endfacet
  facet normal -1.000000e+00 2.556659e-10 1.881841e-10
    outer loop
      vertex   2.830000e+01 5.870000e+01 3.950000e+00
      vertex   2.830000e+01 5.854609e+01 4.099658e+00
      vertex   2.830000e+01 5.861707e+01 4.062612e+00
    endloop
  endfacet
  facet normal -1.000000e+00 -1.467137e-13 -2.026887e-13
    outer loop
      vertex   2.830000e+01 5.870000e+01 3.950000e+00
      vertex   2.830000e+01 5.861707e+01 4.062612e+00
      vertex   2.830000e+01 5.864694e+01 4.040987e+00
    endloop
  endfacet
  facet normal -1.000000e+00 9.979511e-13 4.647754e-13
    outer loop
      vertex   2.830000e+01 5.864694e+01 4.040987e+00
      vertex   2.830000e+01 5.867315e+01 4.015288e+00
      vertex   2.830000e+01 5.870000e+01 3.950000e+00
    endloop
  endfacet
  facet normal -1.000000e+00 -5.786734e-13 -1.835355e-13
    outer loop
      vertex   2.830000e+01 5.870000e+01 3.950000e+00
      vertex   2.830000e+01 5.867315e+01 4.015288e+00
      vertex   2.830000e+01 5.868392e+01 4.000714e+00
    endloop
  endfacet
  facet normal -1.000000e+00 0.000000e+00 0.000000e+00
    outer loop
      vertex   2.830000e+01 5.870000e+01 3.950000e+00
      vertex   2.830000e+01 5.868392e+01 4.000714e+00
      vertex   2.830000e+01 5.869247e+01 3.984792e+00
    endloop
  endfacet
  facet normal -1.000000e+00 0.000000e+00 0.000000e+00
    outer loop
      vertex   2.830000e+01 5.869247e+01 3.984792e+00
      vertex   2.830000e+01 5.869805e+01 3.967750e+00
      vertex   2.830000e+01 5.870000e+01 3.950000e+00
    endloop
  endfacet
  facet normal -1.000000e+00 0.000000e+00 0.000000e+00
    outer loop
      vertex   2.830000e+01 5.870000e+01 3.000000e+00
      vertex   2.830000e+01 5.728275e+01 3.896811e+00
      vertex   2.830000e+01 5.870000e+01 3.950000e+00
    endloop
  endfacet
  facet normal -1.000000e+00 -0.000000e+00 0.000000e+00
    outer loop
      vertex   2.830000e+01 5.870000e+01 3.950000e+00
      vertex   2.830000e+01 5.728275e+01 3.896811e+00
      vertex   2.830000e+01 5.748340e+01 4.056227e+00
    endloop
  endfacet
  facet normal -1.000000e+00 0.000000e+00 0.000000e+00
    outer loop
      vertex   2.830000e+01 5.870000e+01 3.950000e+00
      vertex   2.830000e+01 5.748340e+01 4.056227e+00
      vertex   2.830000e+01 5.771799e+01 4.159410e+00
    endloop
  endfacet
  facet normal -1.000000e+00 0.000000e+00 0.000000e+00
    outer loop
      vertex   2.830000e+01 5.700000e+01 3.000000e+00
      vertex   2.830000e+01 5.700000e+01 3.200000e+00
      vertex   2.830000e+01 5.870000e+01 3.000000e+00
    endloop
  endfacet
  facet normal -1.000000e+00 0.000000e+00 0.000000e+00
    outer loop
      vertex   2.830000e+01 5.870000e+01 3.000000e+00
      vertex   2.830000e+01 5.700000e+01 3.200000e+00
      vertex   2.830000e+01 5.703284e+01 3.454161e+00
    endloop
  endfacet
  facet normal -1.000000e+00 0.000000e+00 0.000000e+00
    outer loop
      vertex   2.830000e+01 5.870000e+01 3.000000e+00
      vertex   2.830000e+01 5.703284e+01 3.454161e+00
      vertex   2.830000e+01 5.712920e+01 3.691630e+00
    endloop
  endfacet
  facet normal -1.000000e+00 0.000000e+00 0.000000e+00
    outer loop
      vertex   2.830000e+01 5.712920e+01 3.691630e+00
      vertex   2.830000e+01 5.728275e+01 3.896811e+00
      vertex   2.830000e+01 5.870000e+01 3.000000e+00
    endloop
  endfacet
  facet normal 5.418579e-03 -1.916702e-02 9.998016e-01
    outer loop
      vertex   2.830000e+01 5.797109e+01 4.199582e+00
      vertex   3.369677e+01 5.774118e+01 4.165926e+00
      vertex   2.832514e+01 5.800000e+01 4.200000e+00
    endloop
  endfacet
  facet normal 3.472795e-19 -1.305262e-01 9.914449e-01
    outer loop
      vertex   2.832514e+01 5.800000e+01 4.200000e+00
      vertex   3.369677e+01 5.774118e+01 4.165926e+00
      vertex   3.909355e+01 5.774118e+01 4.165926e+00
    endloop
  endfacet
  facet normal -8.171078e-16 -1.305262e-01 9.914449e-01
    outer loop
      vertex   2.832514e+01 5.800000e+01 4.200000e+00
      vertex   3.909355e+01 5.774118e+01 4.165926e+00
      vertex   4.449033e+01 5.800000e+01 4.200000e+00
    endloop
  endfacet
  facet normal -1.631663e-15 -1.305262e-01 9.914449e-01
    outer loop
      vertex   4.449033e+01 5.800000e+01 4.200000e+00
      vertex   3.909355e+01 5.774118e+01 4.165926e+00
      vertex   4.449033e+01 5.774118e+01 4.165926e+00
    endloop
  endfacet
  facet normal -1.520482e-15 -3.826834e-01 9.238795e-01
    outer loop
      vertex   4.449033e+01 5.774118e+01 4.165926e+00
      vertex   3.909355e+01 5.774118e+01 4.165926e+00
      vertex   4.449033e+01 5.750000e+01 4.066025e+00
    endloop
  endfacet
  facet normal -1.368434e-15 -3.826834e-01 9.238795e-01
    outer loop
      vertex   4.449033e+01 5.750000e+01 4.066025e+00
      vertex   3.909355e+01 5.774118e+01 4.165926e+00
      vertex   3.909355e+01 5.750000e+01 4.066025e+00
    endloop
  endfacet
  facet normal -1.175101e-15 -6.087614e-01 7.933533e-01
    outer loop
      vertex   4.449033e+01 5.750000e+01 4.066025e+00
      vertex   3.909355e+01 5.750000e+01 4.066025e+00
      vertex   4.449033e+01 5.729289e+01 3.907107e+00
    endloop
  endfacet
  facet normal -9.792505e-16 -6.087614e-01 7.933533e-01
    outer loop
      vertex   4.449033e+01 5.729289e+01 3.907107e+00
      vertex   3.909355e+01 5.750000e+01 4.066025e+00
      vertex   3.909355e+01 5.729289e+01 3.907107e+00
    endloop
  endfacet
  facet normal -7.514053e-16 -7.933533e-01 6.087614e-01
    outer loop
      vertex   4.449033e+01 5.729289e+01 3.907107e+00
      vertex   3.909355e+01 5.729289e+01 3.907107e+00
      vertex   4.449033e+01 5.713397e+01 3.700000e+00
    endloop
  endfacet
  facet normal -5.009369e-16 -7.933533e-01 6.087614e-01
    outer loop
      vertex   4.449033e+01 5.713397e+01 3.700000e+00
      vertex   3.909355e+01 5.729289e+01 3.907107e+00
      vertex   3.909355e+01 5.713397e+01 3.700000e+00
    endloop
  endfacet
  facet normal -3.149021e-16 -9.238795e-01 3.826834e-01
    outer loop
      vertex   4.449033e+01 5.713397e+01 3.700000e+00
      vertex   3.909355e+01 5.713397e+01 3.700000e+00
      vertex   4.449033e+01 5.703407e+01 3.458819e+00
    endloop
  endfacet
  facet normal -2.834119e-16 -9.238795e-01 3.826834e-01
    outer loop
      vertex   4.449033e+01 5.703407e+01 3.458819e+00
      vertex   3.909355e+01 5.713397e+01 3.700000e+00
      vertex   3.909355e+01 5.703407e+01 3.458819e+00
    endloop
  endfacet
  facet normal -9.666651e-17 -9.914449e-01 1.305262e-01
    outer loop
      vertex   4.449033e+01 5.703407e+01 3.458819e+00
      vertex   3.909355e+01 5.703407e+01 3.458819e+00
      vertex   4.449033e+01 5.700000e+01 3.200000e+00
    endloop
  endfacet
  facet normal 1.198473e-15 -9.914449e-01 1.305262e-01
    outer loop
      vertex   4.449033e+01 5.700000e+01 3.200000e+00
      vertex   3.909355e+01 5.703407e+01 3.458819e+00
      vertex   3.369677e+01 5.703407e+01 3.458819e+00
    endloop
  endfacet
  facet normal 1.103728e-04 -9.908389e-01 1.350493e-01
    outer loop
      vertex   4.449033e+01 5.700000e+01 3.200000e+00
      vertex   3.369677e+01 5.703407e+01 3.458819e+00
      vertex   2.830000e+01 5.703284e+01 3.454161e+00
    endloop
  endfacet
  facet normal -1.122812e-04 -9.266215e-01 3.759954e-01
    outer loop
      vertex   2.830000e+01 5.703284e+01 3.454161e+00
      vertex   3.369677e+01 5.703407e+01 3.458819e+00
      vertex   2.830000e+01 5.712920e+01 3.691630e+00
    endloop
  endfacet
  facet normal 2.245618e-04 -9.238795e-01 3.826834e-01
    outer loop
      vertex   2.830000e+01 5.712920e+01 3.691630e+00
      vertex   3.369677e+01 5.703407e+01 3.458819e+00
      vertex   3.369677e+01 5.713397e+01 3.700000e+00
    endloop
  endfacet
  facet normal -2.202925e-04 -8.006294e-01 5.991598e-01
    outer loop
      vertex   2.830000e+01 5.712920e+01 3.691630e+00
      vertex   3.369677e+01 5.713397e+01 3.700000e+00
      vertex   2.830000e+01 5.728275e+01 3.896811e+00
    endloop
  endfacet
  facet normal 3.304371e-04 -7.933533e-01 6.087614e-01
    outer loop
      vertex   2.830000e+01 5.728275e+01 3.896811e+00
      vertex   3.369677e+01 5.713397e+01 3.700000e+00
      vertex   3.369677e+01 5.729289e+01 3.907107e+00
    endloop
  endfacet
  facet normal -3.240313e-04 -6.220549e-01 7.829736e-01
    outer loop
      vertex   2.830000e+01 5.728275e+01 3.896811e+00
      vertex   3.369677e+01 5.729289e+01 3.907107e+00
      vertex   2.830000e+01 5.748340e+01 4.056227e+00
    endloop
  endfacet
  facet normal 4.320387e-04 -6.087614e-01 7.933533e-01
    outer loop
      vertex   2.830000e+01 5.748340e+01 4.056227e+00
      vertex   3.369677e+01 5.729289e+01 3.907107e+00
      vertex   3.369677e+01 5.750000e+01 4.066025e+00
    endloop
  endfacet
  facet normal -4.234952e-04 -4.026260e-01 9.153645e-01
    outer loop
      vertex   2.830000e+01 5.748340e+01 4.056227e+00
      vertex   3.369677e+01 5.750000e+01 4.066025e+00
      vertex   2.830000e+01 5.771799e+01 4.159410e+00
    endloop
  endfacet
  facet normal 5.293643e-04 -3.826834e-01 9.238794e-01
    outer loop
      vertex   2.830000e+01 5.771799e+01 4.159410e+00
      vertex   3.369677e+01 5.750000e+01 4.066025e+00
      vertex   3.369677e+01 5.774118e+01 4.165926e+00
    endloop
  endfacet
  facet normal -5.186819e-04 -1.567542e-01 9.876375e-01
    outer loop
      vertex   2.830000e+01 5.771799e+01 4.159410e+00
      vertex   3.369677e+01 5.774118e+01 4.165926e+00
      vertex   2.830000e+01 5.797109e+01 4.199582e+00
    endloop
  endfacet
  facet normal -1.053468e-16 -9.917565e-01 1.281370e-01
    outer loop
      vertex   2.830000e+01 5.703284e+01 3.454161e+00
      vertex   2.830000e+01 5.700000e+01 3.200000e+00
      vertex   4.449033e+01 5.700000e+01 3.200000e+00
    endloop
  endfacet
  facet normal 1.064976e-18 -3.826834e-01 9.238795e-01
    outer loop
      vertex   3.909355e+01 5.750000e+01 4.066025e+00
      vertex   3.909355e+01 5.774118e+01 4.165926e+00
      vertex   3.369677e+01 5.774118e+01 4.165926e+00
    endloop
  endfacet
  facet normal -1.281369e-16 -6.087614e-01 7.933533e-01
    outer loop
      vertex   3.909355e+01 5.729289e+01 3.907107e+00
      vertex   3.909355e+01 5.750000e+01 4.066025e+00
      vertex   3.369677e+01 5.750000e+01 4.066025e+00
    endloop
  endfacet
  facet normal -1.520482e-16 -3.826834e-01 9.238795e-01
    outer loop
      vertex   3.369677e+01 5.750000e+01 4.066025e+00
      vertex   3.909355e+01 5.750000e+01 4.066025e+00
      vertex   3.369677e+01 5.774118e+01 4.165926e+00
    endloop
  endfacet
  facet normal -2.494023e-16 -7.933533e-01 6.087614e-01
    outer loop
      vertex   3.909355e+01 5.713397e+01 3.700000e+00
      vertex   3.909355e+01 5.729289e+01 3.907107e+00
      vertex   3.369677e+01 5.729289e+01 3.907107e+00
    endloop
  endfacet
  facet normal -3.264168e-16 -6.087614e-01 7.933533e-01
    outer loop
      vertex   3.369677e+01 5.729289e+01 3.907107e+00
      vertex   3.909355e+01 5.729289e+01 3.907107e+00
      vertex   3.369677e+01 5.750000e+01 4.066025e+00
    endloop
  endfacet
  facet normal -2.212239e-16 -9.238795e-01 3.826834e-01
    outer loop
      vertex   3.909355e+01 5.703407e+01 3.458819e+00
      vertex   3.909355e+01 5.713397e+01 3.700000e+00
      vertex   3.369677e+01 5.713397e+01 3.700000e+00
    endloop
  endfacet
  facet normal -3.506558e-16 -7.933533e-01 6.087614e-01
    outer loop
      vertex   3.369677e+01 5.713397e+01 3.700000e+00
      vertex   3.909355e+01 5.713397e+01 3.700000e+00
      vertex   3.369677e+01 5.729289e+01 3.907107e+00
    endloop
  endfacet
  facet normal 9.014833e-16 -9.238795e-01 3.826834e-01
    outer loop
      vertex   3.369677e+01 5.703407e+01 3.458819e+00
      vertex   3.909355e+01 5.703407e+01 3.458819e+00
      vertex   3.369677e+01 5.713397e+01 3.700000e+00
    endloop
  endfacet
  facet normal -0.000000e+00 9.914449e-01 1.305262e-01
    outer loop
      vertex   2.990000e+01 5.929148e+01 4.014705e+00
      vertex   3.122639e+01 5.929148e+01 4.014705e+00
      vertex   2.990000e+01 5.930000e+01 3.950000e+00
    endloop
  endfacet
  facet normal -1.749652e-16 9.914449e-01 1.305262e-01
    outer loop
      vertex   2.990000e+01 5.930000e+01 3.950000e+00
      vertex   3.122639e+01 5.929148e+01 4.014705e+00
      vertex   3.255279e+01 5.929148e+01 4.014705e+00
    endloop
  endfacet
  facet normal -8.702105e-17 9.914449e-01 1.305262e-01
    outer loop
      vertex   2.990000e+01 5.930000e+01 3.950000e+00
      vertex   3.255279e+01 5.929148e+01 4.014705e+00
      vertex   3.387918e+01 5.929148e+01 4.014705e+00
    endloop
  endfacet
  facet normal -2.562522e-16 9.238795e-01 3.826834e-01
    outer loop
      vertex   3.387918e+01 5.929148e+01 4.014705e+00
      vertex   3.255279e+01 5.929148e+01 4.014705e+00
      vertex   3.387918e+01 5.926651e+01 4.075000e+00
    endloop
  endfacet
  facet normal -2.551925e-16 9.238795e-01 3.826834e-01
    outer loop
      vertex   3.387918e+01 5.929148e+01 4.014705e+00
      vertex   3.387918e+01 5.926651e+01 4.075000e+00
      vertex   3.520557e+01 5.926651e+01 4.075000e+00
    endloop
  endfacet
  facet normal -4.076383e-16 7.933533e-01 6.087614e-01
    outer loop
      vertex   3.520557e+01 5.926651e+01 4.075000e+00
      vertex   3.387918e+01 5.926651e+01 4.075000e+00
      vertex   3.520557e+01 5.922678e+01 4.126777e+00
    endloop
  endfacet
  facet normal -4.064567e-16 7.933533e-01 6.087614e-01
    outer loop
      vertex   3.520557e+01 5.926651e+01 4.075000e+00
      vertex   3.520557e+01 5.922678e+01 4.126777e+00
      vertex   3.653197e+01 5.922678e+01 4.126777e+00
    endloop
  endfacet
  facet normal -5.312446e-16 6.087614e-01 7.933533e-01
    outer loop
      vertex   3.653197e+01 5.922678e+01 4.126777e+00
      vertex   3.520557e+01 5.922678e+01 4.126777e+00
      vertex   3.653197e+01 5.917500e+01 4.166506e+00
    endloop
  endfacet
  facet normal -1.577329e-18 6.087614e-01 7.933533e-01
    outer loop
      vertex   3.653197e+01 5.922678e+01 4.126777e+00
      vertex   3.653197e+01 5.917500e+01 4.166506e+00
      vertex   3.785836e+01 5.917500e+01 4.166506e+00
    endloop
  endfacet
  facet normal 0.000000e+00 3.826834e-01 9.238795e-01
    outer loop
      vertex   3.785836e+01 5.917500e+01 4.166506e+00
      vertex   3.653197e+01 5.917500e+01 4.166506e+00
      vertex   3.785836e+01 5.911470e+01 4.191481e+00
    endloop
  endfacet
  facet normal -8.051010e-19 3.826834e-01 9.238795e-01
    outer loop
      vertex   3.785836e+01 5.917500e+01 4.166506e+00
      vertex   3.785836e+01 5.911470e+01 4.191481e+00
      vertex   3.918475e+01 5.911470e+01 4.191481e+00
    endloop
  endfacet
  facet normal 0.000000e+00 1.305262e-01 9.914449e-01
    outer loop
      vertex   3.918475e+01 5.911470e+01 4.191481e+00
      vertex   3.785836e+01 5.911470e+01 4.191481e+00
      vertex   4.449033e+01 5.905000e+01 4.200000e+00
    endloop
  endfacet
  facet normal -6.638905e-16 1.305262e-01 9.914449e-01
    outer loop
      vertex   3.918475e+01 5.911470e+01 4.191481e+00
      vertex   4.449033e+01 5.905000e+01 4.200000e+00
      vertex   4.051115e+01 5.911470e+01 4.191481e+00
    endloop
  endfacet
  facet normal -0.000000e+00 1.305262e-01 9.914449e-01
    outer loop
      vertex   4.051115e+01 5.911470e+01 4.191481e+00
      vertex   4.449033e+01 5.905000e+01 4.200000e+00
      vertex   4.183754e+01 5.911470e+01 4.191481e+00
    endloop
  endfacet
  facet normal -0.000000e+00 3.826834e-01 9.238795e-01
    outer loop
      vertex   4.051115e+01 5.911470e+01 4.191481e+00
      vertex   4.183754e+01 5.911470e+01 4.191481e+00
      vertex   4.051115e+01 5.917500e+01 4.166506e+00
    endloop
  endfacet
  facet normal -0.000000e+00 3.826834e-01 9.238795e-01
    outer loop
      vertex   4.051115e+01 5.917500e+01 4.166506e+00
      vertex   4.183754e+01 5.911470e+01 4.191481e+00
      vertex   4.183754e+01 5.917500e+01 4.166506e+00
    endloop
  endfacet
  facet normal -0.000000e+00 6.087614e-01 7.933533e-01
    outer loop
      vertex   4.051115e+01 5.917500e+01 4.166506e+00
      vertex   4.183754e+01 5.917500e+01 4.166506e+00
      vertex   4.051115e+01 5.922678e+01 4.126777e+00
    endloop
  endfacet
  facet normal -5.312446e-16 6.087614e-01 7.933533e-01
    outer loop
      vertex   4.051115e+01 5.922678e+01 4.126777e+00
      vertex   4.183754e+01 5.917500e+01 4.166506e+00
      vertex   4.183754e+01 5.922678e+01 4.126777e+00
    endloop
  endfacet
  facet normal -4.076383e-16 7.933533e-01 6.087614e-01
    outer loop
      vertex   4.051115e+01 5.922678e+01 4.126777e+00
      vertex   4.183754e+01 5.922678e+01 4.126777e+00
      vertex   4.051115e+01 5.926651e+01 4.075000e+00
    endloop
  endfacet
  facet normal 3.842319e-15 7.933533e-01 6.087614e-01
    outer loop
      vertex   4.051115e+01 5.926651e+01 4.075000e+00
      vertex   4.183754e+01 5.922678e+01 4.126777e+00
      vertex   4.183754e+01 5.926651e+01 4.075000e+00
    endloop
  endfacet
  facet normal 4.692928e-15 9.238795e-01 3.826834e-01
    outer loop
      vertex   4.051115e+01 5.926651e+01 4.075000e+00
      vertex   4.183754e+01 5.926651e+01 4.075000e+00
      vertex   4.051115e+01 5.929148e+01 4.014705e+00
    endloop
  endfacet
  facet normal -2.562522e-16 9.238795e-01 3.826834e-01
    outer loop
      vertex   4.051115e+01 5.929148e+01 4.014705e+00
      vertex   4.183754e+01 5.926651e+01 4.075000e+00
      vertex   4.183754e+01 5.929148e+01 4.014705e+00
    endloop
  endfacet
  facet normal -8.740285e-17 9.914449e-01 1.305262e-01
    outer loop
      vertex   4.051115e+01 5.929148e+01 4.014705e+00
      vertex   4.183754e+01 5.929148e+01 4.014705e+00
      vertex   4.449033e+01 5.930000e+01 3.950000e+00
    endloop
  endfacet
  facet normal -8.800774e-17 9.914449e-01 1.305262e-01
    outer loop
      vertex   4.449033e+01 5.930000e+01 3.950000e+00
      vertex   4.183754e+01 5.929148e+01 4.014705e+00
      vertex   4.316393e+01 5.929148e+01 4.014705e+00
    endloop
  endfacet
  facet normal -5.573052e-15 9.914449e-01 1.305262e-01
    outer loop
      vertex   4.449033e+01 5.930000e+01 3.950000e+00
      vertex   4.316393e+01 5.929148e+01 4.014705e+00
      vertex   4.449033e+01 5.929148e+01 4.014705e+00
    endloop
  endfacet
  facet normal -5.717936e-15 9.238795e-01 3.826834e-01
    outer loop
      vertex   4.449033e+01 5.929148e+01 4.014705e+00
      vertex   4.316393e+01 5.929148e+01 4.014705e+00
      vertex   4.449033e+01 5.926651e+01 4.075000e+00
    endloop
  endfacet
  facet normal -6.230441e-15 9.238795e-01 3.826834e-01
    outer loop
      vertex   4.449033e+01 5.926651e+01 4.075000e+00
      vertex   4.316393e+01 5.929148e+01 4.014705e+00
      vertex   4.316393e+01 5.926651e+01 4.075000e+00
    endloop
  endfacet
  facet normal -6.288149e-15 7.933533e-01 6.087614e-01
    outer loop
      vertex   4.449033e+01 5.926651e+01 4.075000e+00
      vertex   4.316393e+01 5.926651e+01 4.075000e+00
      vertex   4.449033e+01 5.922678e+01 4.126777e+00
    endloop
  endfacet
  facet normal -1.257630e-14 7.933533e-01 6.087614e-01
    outer loop
      vertex   4.449033e+01 5.922678e+01 4.126777e+00
      vertex   4.316393e+01 5.926651e+01 4.075000e+00
      vertex   4.316393e+01 5.922678e+01 4.126777e+00
    endloop
  endfacet
  facet normal -1.183466e-14 6.087614e-01 7.933533e-01
    outer loop
      vertex   4.449033e+01 5.922678e+01 4.126777e+00
      vertex   4.316393e+01 5.922678e+01 4.126777e+00
      vertex   4.449033e+01 5.917500e+01 4.166506e+00
    endloop
  endfacet
  facet normal -1.122978e-14 6.087614e-01 7.933533e-01
    outer loop
      vertex   4.449033e+01 5.917500e+01 4.166506e+00
      vertex   4.316393e+01 5.922678e+01 4.126777e+00
      vertex   4.316393e+01 5.917500e+01 4.166506e+00
    endloop
  endfacet
  facet normal -1.132973e-14 3.826834e-01 9.238795e-01
    outer loop
      vertex   4.449033e+01 5.917500e+01 4.166506e+00
      vertex   4.316393e+01 5.917500e+01 4.166506e+00
      vertex   4.449033e+01 5.911470e+01 4.191481e+00
    endloop
  endfacet
  facet normal -1.113565e-14 3.826834e-01 9.238795e-01
    outer loop
      vertex   4.449033e+01 5.911470e+01 4.191481e+00
      vertex   4.316393e+01 5.917500e+01 4.166506e+00
      vertex   4.316393e+01 5.911470e+01 4.191481e+00
    endloop
  endfacet
  facet normal -1.195003e-14 1.305262e-01 9.914449e-01
    outer loop
      vertex   4.449033e+01 5.911470e+01 4.191481e+00
      vertex   4.316393e+01 5.911470e+01 4.191481e+00
      vertex   4.449033e+01 5.905000e+01 4.200000e+00
    endloop
  endfacet
  facet normal 1.170413e-19 1.305262e-01 9.914449e-01
    outer loop
      vertex   4.449033e+01 5.905000e+01 4.200000e+00
      vertex   4.316393e+01 5.911470e+01 4.191481e+00
      vertex   4.183754e+01 5.911470e+01 4.191481e+00
    endloop
  endfacet
  facet normal 0.000000e+00 9.238795e-01 3.826834e-01
    outer loop
      vertex   3.122639e+01 5.929148e+01 4.014705e+00
      vertex   2.990000e+01 5.929148e+01 4.014705e+00
      vertex   3.122639e+01 5.926651e+01 4.075000e+00
    endloop
  endfacet
  facet normal -2.562522e-16 9.238795e-01 3.826834e-01
    outer loop
      vertex   3.122639e+01 5.926651e+01 4.075000e+00
      vertex   2.990000e+01 5.929148e+01 4.014705e+00
      vertex   2.990000e+01 5.926651e+01 4.075000e+00
    endloop
  endfacet
  facet normal -4.076383e-16 7.933533e-01 6.087614e-01
    outer loop
      vertex   3.122639e+01 5.926651e+01 4.075000e+00
      vertex   2.990000e+01 5.926651e+01 4.075000e+00
      vertex   3.122639e+01 5.922678e+01 4.126777e+00
    endloop
  endfacet
  facet normal 4.076383e-16 7.933533e-01 6.087614e-01
    outer loop
      vertex   3.122639e+01 5.922678e+01 4.126777e+00
      vertex   2.990000e+01 5.926651e+01 4.075000e+00
      vertex   2.990000e+01 5.922678e+01 4.126777e+00
    endloop
  endfacet
  facet normal 5.312446e-16 6.087614e-01 7.933533e-01
    outer loop
      vertex   3.122639e+01 5.922678e+01 4.126777e+00
      vertex   2.990000e+01 5.922678e+01 4.126777e+00
      vertex   3.122639e+01 5.917500e+01 4.166506e+00
    endloop
  endfacet
  facet normal 1.593734e-15 6.087614e-01 7.933533e-01
    outer loop
      vertex   3.122639e+01 5.917500e+01 4.166506e+00
      vertex   2.990000e+01 5.922678e+01 4.126777e+00
      vertex   2.990000e+01 5.917500e+01 4.166506e+00
    endloop
  endfacet
  facet normal 1.855942e-15 3.826834e-01 9.238795e-01
    outer loop
      vertex   3.122639e+01 5.917500e+01 4.166506e+00
      vertex   2.990000e+01 5.917500e+01 4.166506e+00
      vertex   3.122639e+01 5.911470e+01 4.191481e+00
    endloop
  endfacet
  facet normal 2.474590e-15 3.826834e-01 9.238795e-01
    outer loop
      vertex   3.122639e+01 5.911470e+01 4.191481e+00
      vertex   2.990000e+01 5.917500e+01 4.166506e+00
      vertex   2.990000e+01 5.911470e+01 4.191481e+00
    endloop
  endfacet
  facet normal 2.655562e-15 1.305262e-01 9.914449e-01
    outer loop
      vertex   3.122639e+01 5.911470e+01 4.191481e+00
      vertex   2.990000e+01 5.911470e+01 4.191481e+00
      vertex   2.990000e+01 5.905000e+01 4.200000e+00
    endloop
  endfacet
  facet normal -9.053053e-16 1.305262e-01 9.914449e-01
    outer loop
      vertex   4.449033e+01 5.905000e+01 4.200000e+00
      vertex   3.653197e+01 5.911470e+01 4.191481e+00
      vertex   2.990000e+01 5.905000e+01 4.200000e+00
    endloop
  endfacet
  facet normal -5.873001e-20 1.305262e-01 9.914449e-01
    outer loop
      vertex   2.990000e+01 5.905000e+01 4.200000e+00
      vertex   3.653197e+01 5.911470e+01 4.191481e+00
      vertex   3.520557e+01 5.911470e+01 4.191481e+00
    endloop
  endfacet
  facet normal -5.873001e-20 1.305262e-01 9.914449e-01
    outer loop
      vertex   2.990000e+01 5.905000e+01 4.200000e+00
      vertex   3.520557e+01 5.911470e+01 4.191481e+00
      vertex   3.387918e+01 5.911470e+01 4.191481e+00
    endloop
  endfacet
  facet normal -0.000000e+00 3.826834e-01 9.238795e-01
    outer loop
      vertex   3.387918e+01 5.911470e+01 4.191481e+00
      vertex   3.520557e+01 5.911470e+01 4.191481e+00
      vertex   3.387918e+01 5.917500e+01 4.166506e+00
    endloop
  endfacet
  facet normal 8.142060e-19 3.826834e-01 9.238795e-01
    outer loop
      vertex   3.387918e+01 5.911470e+01 4.191481e+00
      vertex   3.387918e+01 5.917500e+01 4.166506e+00
      vertex   3.255279e+01 5.917500e+01 4.166506e+00
    endloop
  endfacet
  facet normal -0.000000e+00 6.087614e-01 7.933533e-01
    outer loop
      vertex   3.255279e+01 5.917500e+01 4.166506e+00
      vertex   3.387918e+01 5.917500e+01 4.166506e+00
      vertex   3.255279e+01 5.922678e+01 4.126777e+00
    endloop
  endfacet
  facet normal -5.333630e-16 6.087614e-01 7.933533e-01
    outer loop
      vertex   3.255279e+01 5.917500e+01 4.166506e+00
      vertex   3.255279e+01 5.922678e+01 4.126777e+00
      vertex   3.122639e+01 5.922678e+01 4.126777e+00
    endloop
  endfacet
  facet normal -4.076383e-16 7.933533e-01 6.087614e-01
    outer loop
      vertex   3.122639e+01 5.922678e+01 4.126777e+00
      vertex   3.255279e+01 5.922678e+01 4.126777e+00
      vertex   3.122639e+01 5.926651e+01 4.075000e+00
    endloop
  endfacet
  facet normal -1.191857e-16 9.914449e-01 1.305262e-01
    outer loop
      vertex   2.990000e+01 5.930000e+01 3.950000e+00
      vertex   3.785836e+01 5.929148e+01 4.014705e+00
      vertex   4.449033e+01 5.930000e+01 3.950000e+00
    endloop
  endfacet
  facet normal -8.783786e-17 9.914449e-01 1.305262e-01
    outer loop
      vertex   4.449033e+01 5.930000e+01 3.950000e+00
      vertex   3.785836e+01 5.929148e+01 4.014705e+00
      vertex   3.918475e+01 5.929148e+01 4.014705e+00
    endloop
  endfacet
  facet normal -1.749701e-16 9.914449e-01 1.305262e-01
    outer loop
      vertex   4.449033e+01 5.930000e+01 3.950000e+00
      vertex   3.918475e+01 5.929148e+01 4.014705e+00
      vertex   4.051115e+01 5.929148e+01 4.014705e+00
    endloop
  endfacet
  facet normal -5.125044e-16 9.238795e-01 3.826834e-01
    outer loop
      vertex   4.051115e+01 5.929148e+01 4.014705e+00
      vertex   3.918475e+01 5.929148e+01 4.014705e+00
      vertex   4.051115e+01 5.926651e+01 4.075000e+00
    endloop
  endfacet
  facet normal -5.125044e-16 9.238795e-01 3.826834e-01
    outer loop
      vertex   3.255279e+01 5.929148e+01 4.014705e+00
      vertex   3.122639e+01 5.929148e+01 4.014705e+00
      vertex   3.255279e+01 5.926651e+01 4.075000e+00
    endloop
  endfacet
  facet normal -2.562522e-16 9.238795e-01 3.826834e-01
    outer loop
      vertex   3.255279e+01 5.926651e+01 4.075000e+00
      vertex   3.122639e+01 5.929148e+01 4.014705e+00
      vertex   3.122639e+01 5.926651e+01 4.075000e+00
    endloop
  endfacet
  facet normal -4.076383e-16 7.933533e-01 6.087614e-01
    outer loop
      vertex   3.255279e+01 5.926651e+01 4.075000e+00
      vertex   3.122639e+01 5.926651e+01 4.075000e+00
      vertex   3.255279e+01 5.922678e+01 4.126777e+00
    endloop
  endfacet
  facet normal -1.748057e-16 9.914449e-01 1.305262e-01
    outer loop
      vertex   3.387918e+01 5.929148e+01 4.014705e+00
      vertex   3.520557e+01 5.929148e+01 4.014705e+00
      vertex   2.990000e+01 5.930000e+01 3.950000e+00
    endloop
  endfacet
  facet normal 5.224300e-15 9.914449e-01 1.305262e-01
    outer loop
      vertex   2.990000e+01 5.930000e+01 3.950000e+00
      vertex   3.520557e+01 5.929148e+01 4.014705e+00
      vertex   3.653197e+01 5.929148e+01 4.014705e+00
    endloop
  endfacet
  facet normal -8.780619e-17 9.914449e-01 1.305262e-01
    outer loop
      vertex   2.990000e+01 5.930000e+01 3.950000e+00
      vertex   3.653197e+01 5.929148e+01 4.014705e+00
      vertex   3.785836e+01 5.929148e+01 4.014705e+00
    endloop
  endfacet
  facet normal -2.562522e-16 9.238795e-01 3.826834e-01
    outer loop
      vertex   3.785836e+01 5.929148e+01 4.014705e+00
      vertex   3.653197e+01 5.929148e+01 4.014705e+00
      vertex   3.785836e+01 5.926651e+01 4.075000e+00
    endloop
  endfacet
  facet normal -2.550612e-16 9.238795e-01 3.826834e-01
    outer loop
      vertex   3.785836e+01 5.929148e+01 4.014705e+00
      vertex   3.785836e+01 5.926651e+01 4.075000e+00
      vertex   3.918475e+01 5.926651e+01 4.075000e+00
    endloop
  endfacet
  facet normal -4.076383e-16 7.933533e-01 6.087614e-01
    outer loop
      vertex   3.918475e+01 5.926651e+01 4.075000e+00
      vertex   3.785836e+01 5.926651e+01 4.075000e+00
      vertex   3.918475e+01 5.922678e+01 4.126777e+00
    endloop
  endfacet
  facet normal -1.918235e-18 7.933533e-01 6.087614e-01
    outer loop
      vertex   3.918475e+01 5.926651e+01 4.075000e+00
      vertex   3.918475e+01 5.922678e+01 4.126777e+00
      vertex   4.051115e+01 5.922678e+01 4.126777e+00
    endloop
  endfacet
  facet normal 0.000000e+00 6.087614e-01 7.933533e-01
    outer loop
      vertex   4.051115e+01 5.922678e+01 4.126777e+00
      vertex   3.918475e+01 5.922678e+01 4.126777e+00
      vertex   4.051115e+01 5.917500e+01 4.166506e+00
    endloop
  endfacet
  facet normal -5.125044e-16 9.238795e-01 3.826834e-01
    outer loop
      vertex   3.387918e+01 5.929148e+01 4.014705e+00
      vertex   3.520557e+01 5.926651e+01 4.075000e+00
      vertex   3.520557e+01 5.929148e+01 4.014705e+00
    endloop
  endfacet
  facet normal -2.569509e-16 9.238795e-01 3.826834e-01
    outer loop
      vertex   3.520557e+01 5.929148e+01 4.014705e+00
      vertex   3.520557e+01 5.926651e+01 4.075000e+00
      vertex   3.653197e+01 5.926651e+01 4.075000e+00
    endloop
  endfacet
  facet normal 4.692928e-15 9.238795e-01 3.826834e-01
    outer loop
      vertex   3.520557e+01 5.929148e+01 4.014705e+00
      vertex   3.653197e+01 5.926651e+01 4.075000e+00
      vertex   3.653197e+01 5.929148e+01 4.014705e+00
    endloop
  endfacet
  facet normal -2.550612e-16 9.238795e-01 3.826834e-01
    outer loop
      vertex   3.653197e+01 5.929148e+01 4.014705e+00
      vertex   3.653197e+01 5.926651e+01 4.075000e+00
      vertex   3.785836e+01 5.926651e+01 4.075000e+00
    endloop
  endfacet
  facet normal -2.562522e-16 9.238795e-01 3.826834e-01
    outer loop
      vertex   4.051115e+01 5.926651e+01 4.075000e+00
      vertex   3.918475e+01 5.929148e+01 4.014705e+00
      vertex   3.918475e+01 5.926651e+01 4.075000e+00
    endloop
  endfacet
  facet normal -2.550612e-16 9.238795e-01 3.826834e-01
    outer loop
      vertex   3.918475e+01 5.926651e+01 4.075000e+00
      vertex   3.918475e+01 5.929148e+01 4.014705e+00
      vertex   3.785836e+01 5.929148e+01 4.014705e+00
    endloop
  endfacet
  facet normal -2.562044e-16 9.238795e-01 3.826834e-01
    outer loop
      vertex   4.316393e+01 5.926651e+01 4.075000e+00
      vertex   4.316393e+01 5.929148e+01 4.014705e+00
      vertex   4.183754e+01 5.929148e+01 4.014705e+00
    endloop
  endfacet
  facet normal -2.562522e-16 9.238795e-01 3.826834e-01
    outer loop
      vertex   4.316393e+01 5.926651e+01 4.075000e+00
      vertex   4.183754e+01 5.929148e+01 4.014705e+00
      vertex   4.183754e+01 5.926651e+01 4.075000e+00
    endloop
  endfacet
  facet normal -2.551925e-16 9.238795e-01 3.826834e-01
    outer loop
      vertex   3.255279e+01 5.929148e+01 4.014705e+00
      vertex   3.255279e+01 5.926651e+01 4.075000e+00
      vertex   3.387918e+01 5.926651e+01 4.075000e+00
    endloop
  endfacet
  facet normal -4.076383e-16 7.933533e-01 6.087614e-01
    outer loop
      vertex   3.387918e+01 5.926651e+01 4.075000e+00
      vertex   3.255279e+01 5.926651e+01 4.075000e+00
      vertex   3.387918e+01 5.922678e+01 4.126777e+00
    endloop
  endfacet
  facet normal -6.536494e-19 7.933533e-01 6.087614e-01
    outer loop
      vertex   3.387918e+01 5.926651e+01 4.075000e+00
      vertex   3.387918e+01 5.922678e+01 4.126777e+00
      vertex   3.520557e+01 5.922678e+01 4.126777e+00
    endloop
  endfacet
  facet normal 0.000000e+00 6.087614e-01 7.933533e-01
    outer loop
      vertex   3.520557e+01 5.922678e+01 4.126777e+00
      vertex   3.387918e+01 5.922678e+01 4.126777e+00
      vertex   3.520557e+01 5.917500e+01 4.166506e+00
    endloop
  endfacet
  facet normal 2.728285e-15 6.087614e-01 7.933533e-01
    outer loop
      vertex   3.520557e+01 5.922678e+01 4.126777e+00
      vertex   3.520557e+01 5.917500e+01 4.166506e+00
      vertex   3.653197e+01 5.917500e+01 4.166506e+00
    endloop
  endfacet
  facet normal 1.431370e-15 3.826834e-01 9.238795e-01
    outer loop
      vertex   3.653197e+01 5.917500e+01 4.166506e+00
      vertex   3.520557e+01 5.917500e+01 4.166506e+00
      vertex   3.653197e+01 5.911470e+01 4.191481e+00
    endloop
  endfacet
  facet normal -8.051010e-19 3.826834e-01 9.238795e-01
    outer loop
      vertex   3.653197e+01 5.917500e+01 4.166506e+00
      vertex   3.653197e+01 5.911470e+01 4.191481e+00
      vertex   3.785836e+01 5.911470e+01 4.191481e+00
    endloop
  endfacet
  facet normal 0.000000e+00 1.305262e-01 9.914449e-01
    outer loop
      vertex   3.785836e+01 5.911470e+01 4.191481e+00
      vertex   3.653197e+01 5.911470e+01 4.191481e+00
      vertex   4.449033e+01 5.905000e+01 4.200000e+00
    endloop
  endfacet
  facet normal -4.076383e-16 7.933533e-01 6.087614e-01
    outer loop
      vertex   3.387918e+01 5.922678e+01 4.126777e+00
      vertex   3.255279e+01 5.926651e+01 4.075000e+00
      vertex   3.255279e+01 5.922678e+01 4.126777e+00
    endloop
  endfacet
  facet normal -4.076383e-16 7.933533e-01 6.087614e-01
    outer loop
      vertex   3.520557e+01 5.926651e+01 4.075000e+00
      vertex   3.653197e+01 5.922678e+01 4.126777e+00
      vertex   3.653197e+01 5.926651e+01 4.075000e+00
    endloop
  endfacet
  facet normal 8.090358e-15 7.933533e-01 6.087614e-01
    outer loop
      vertex   3.653197e+01 5.926651e+01 4.075000e+00
      vertex   3.653197e+01 5.922678e+01 4.126777e+00
      vertex   3.785836e+01 5.922678e+01 4.126777e+00
    endloop
  endfacet
  facet normal -4.076383e-16 7.933533e-01 6.087614e-01
    outer loop
      vertex   3.653197e+01 5.926651e+01 4.075000e+00
      vertex   3.785836e+01 5.922678e+01 4.126777e+00
      vertex   3.785836e+01 5.926651e+01 4.075000e+00
    endloop
  endfacet
  facet normal -4.095566e-16 7.933533e-01 6.087614e-01
    outer loop
      vertex   3.785836e+01 5.926651e+01 4.075000e+00
      vertex   3.785836e+01 5.922678e+01 4.126777e+00
      vertex   3.918475e+01 5.922678e+01 4.126777e+00
    endloop
  endfacet
  facet normal -4.077213e-16 7.933533e-01 6.087614e-01
    outer loop
      vertex   4.051115e+01 5.922678e+01 4.126777e+00
      vertex   4.051115e+01 5.926651e+01 4.075000e+00
      vertex   3.918475e+01 5.926651e+01 4.075000e+00
    endloop
  endfacet
  facet normal -4.093459e-16 7.933533e-01 6.087614e-01
    outer loop
      vertex   4.316393e+01 5.922678e+01 4.126777e+00
      vertex   4.316393e+01 5.926651e+01 4.075000e+00
      vertex   4.183754e+01 5.926651e+01 4.075000e+00
    endloop
  endfacet
  facet normal 0.000000e+00 7.933533e-01 6.087614e-01
    outer loop
      vertex   4.316393e+01 5.922678e+01 4.126777e+00
      vertex   4.183754e+01 5.926651e+01 4.075000e+00
      vertex   4.183754e+01 5.922678e+01 4.126777e+00
    endloop
  endfacet
  facet normal 0.000000e+00 6.087614e-01 7.933533e-01
    outer loop
      vertex   3.255279e+01 5.917500e+01 4.166506e+00
      vertex   3.122639e+01 5.922678e+01 4.126777e+00
      vertex   3.122639e+01 5.917500e+01 4.166506e+00
    endloop
  endfacet
  facet normal 0.000000e+00 6.087614e-01 7.933533e-01
    outer loop
      vertex   3.520557e+01 5.917500e+01 4.166506e+00
      vertex   3.387918e+01 5.922678e+01 4.126777e+00
      vertex   3.387918e+01 5.917500e+01 4.166506e+00
    endloop
  endfacet
  facet normal -5.331693e-16 6.087614e-01 7.933533e-01
    outer loop
      vertex   3.387918e+01 5.917500e+01 4.166506e+00
      vertex   3.387918e+01 5.922678e+01 4.126777e+00
      vertex   3.255279e+01 5.922678e+01 4.126777e+00
    endloop
  endfacet
  facet normal 5.990969e-15 6.087614e-01 7.933533e-01
    outer loop
      vertex   3.653197e+01 5.922678e+01 4.126777e+00
      vertex   3.785836e+01 5.917500e+01 4.166506e+00
      vertex   3.785836e+01 5.922678e+01 4.126777e+00
    endloop
  endfacet
  facet normal -5.333228e-16 6.087614e-01 7.933533e-01
    outer loop
      vertex   3.785836e+01 5.922678e+01 4.126777e+00
      vertex   3.785836e+01 5.917500e+01 4.166506e+00
      vertex   3.918475e+01 5.917500e+01 4.166506e+00
    endloop
  endfacet
  facet normal -5.312446e-16 6.087614e-01 7.933533e-01
    outer loop
      vertex   3.785836e+01 5.922678e+01 4.126777e+00
      vertex   3.918475e+01 5.917500e+01 4.166506e+00
      vertex   3.918475e+01 5.922678e+01 4.126777e+00
    endloop
  endfacet
  facet normal -2.078179e-18 6.087614e-01 7.933533e-01
    outer loop
      vertex   3.918475e+01 5.922678e+01 4.126777e+00
      vertex   3.918475e+01 5.917500e+01 4.166506e+00
      vertex   4.051115e+01 5.917500e+01 4.166506e+00
    endloop
  endfacet
  facet normal -2.078179e-18 6.087614e-01 7.933533e-01
    outer loop
      vertex   4.316393e+01 5.917500e+01 4.166506e+00
      vertex   4.316393e+01 5.922678e+01 4.126777e+00
      vertex   4.183754e+01 5.922678e+01 4.126777e+00
    endloop
  endfacet
  facet normal -5.312446e-16 6.087614e-01 7.933533e-01
    outer loop
      vertex   4.316393e+01 5.917500e+01 4.166506e+00
      vertex   4.183754e+01 5.922678e+01 4.126777e+00
      vertex   4.183754e+01 5.917500e+01 4.166506e+00
    endloop
  endfacet
  facet normal 0.000000e+00 3.826834e-01 9.238795e-01
    outer loop
      vertex   3.255279e+01 5.917500e+01 4.166506e+00
      vertex   3.122639e+01 5.917500e+01 4.166506e+00
      vertex   3.255279e+01 5.911470e+01 4.191481e+00
    endloop
  endfacet
  facet normal 0.000000e+00 3.826834e-01 9.238795e-01
    outer loop
      vertex   3.255279e+01 5.911470e+01 4.191481e+00
      vertex   3.122639e+01 5.917500e+01 4.166506e+00
      vertex   3.122639e+01 5.911470e+01 4.191481e+00
    endloop
  endfacet
  facet normal 0.000000e+00 1.305262e-01 9.914449e-01
    outer loop
      vertex   3.255279e+01 5.911470e+01 4.191481e+00
      vertex   3.122639e+01 5.911470e+01 4.191481e+00
      vertex   2.990000e+01 5.905000e+01 4.200000e+00
    endloop
  endfacet
  facet normal 0.000000e+00 3.826834e-01 9.238795e-01
    outer loop
      vertex   3.653197e+01 5.911470e+01 4.191481e+00
      vertex   3.520557e+01 5.917500e+01 4.166506e+00
      vertex   3.520557e+01 5.911470e+01 4.191481e+00
    endloop
  endfacet
  facet normal 8.142060e-19 3.826834e-01 9.238795e-01
    outer loop
      vertex   3.520557e+01 5.911470e+01 4.191481e+00
      vertex   3.520557e+01 5.917500e+01 4.166506e+00
      vertex   3.387918e+01 5.917500e+01 4.166506e+00
    endloop
  endfacet
  facet normal -8.051010e-19 3.826834e-01 9.238795e-01
    outer loop
      vertex   4.051115e+01 5.911470e+01 4.191481e+00
      vertex   4.051115e+01 5.917500e+01 4.166506e+00
      vertex   3.918475e+01 5.917500e+01 4.166506e+00
    endloop
  endfacet
  facet normal -6.186475e-16 3.826834e-01 9.238795e-01
    outer loop
      vertex   4.051115e+01 5.911470e+01 4.191481e+00
      vertex   3.918475e+01 5.917500e+01 4.166506e+00
      vertex   3.918475e+01 5.911470e+01 4.191481e+00
    endloop
  endfacet
  facet normal -6.195295e-16 3.826834e-01 9.238795e-01
    outer loop
      vertex   3.918475e+01 5.911470e+01 4.191481e+00
      vertex   3.918475e+01 5.917500e+01 4.166506e+00
      vertex   3.785836e+01 5.917500e+01 4.166506e+00
    endloop
  endfacet
  facet normal -6.195295e-16 3.826834e-01 9.238795e-01
    outer loop
      vertex   4.316393e+01 5.911470e+01 4.191481e+00
      vertex   4.316393e+01 5.917500e+01 4.166506e+00
      vertex   4.183754e+01 5.917500e+01 4.166506e+00
    endloop
  endfacet
  facet normal 0.000000e+00 3.826834e-01 9.238795e-01
    outer loop
      vertex   4.316393e+01 5.911470e+01 4.191481e+00
      vertex   4.183754e+01 5.917500e+01 4.166506e+00
      vertex   4.183754e+01 5.911470e+01 4.191481e+00
    endloop
  endfacet
  facet normal -5.873001e-20 1.305262e-01 9.914449e-01
    outer loop
      vertex   2.990000e+01 5.905000e+01 4.200000e+00
      vertex   3.387918e+01 5.911470e+01 4.191481e+00
      vertex   3.255279e+01 5.911470e+01 4.191481e+00
    endloop
  endfacet
  facet normal -0.000000e+00 3.826834e-01 9.238795e-01
    outer loop
      vertex   3.255279e+01 5.911470e+01 4.191481e+00
      vertex   3.387918e+01 5.911470e+01 4.191481e+00
      vertex   3.255279e+01 5.917500e+01 4.166506e+00
    endloop
  endfacet
  facet normal -9.223470e-01 3.863624e-01 -5.779516e-15
    outer loop
      vertex   2.830000e+01 5.870000e+01 3.000000e+00
      vertex   2.830000e+01 5.870000e+01 3.950000e+00
      vertex   2.834852e+01 5.881584e+01 3.000000e+00
    endloop
  endfacet
  facet normal -9.217024e-01 3.878978e-01 2.201516e-04
    outer loop
      vertex   2.834852e+01 5.881584e+01 3.000000e+00
      vertex   2.830000e+01 5.870000e+01 3.950000e+00
      vertex   2.835070e+01 5.882047e+01 3.950000e+00
    endloop
  endfacet
  facet normal -8.511217e-01 5.249681e-01 -6.098082e-04
    outer loop
      vertex   2.834852e+01 5.881584e+01 3.000000e+00
      vertex   2.835070e+01 5.882047e+01 3.950000e+00
      vertex   2.839483e+01 5.889201e+01 3.950000e+00
    endloop
  endfacet
  facet normal -8.365302e-01 5.479116e-01 -3.160526e-03
    outer loop
      vertex   2.834852e+01 5.881584e+01 3.000000e+00
      vertex   2.839483e+01 5.889201e+01 3.950000e+00
      vertex   2.841991e+01 5.892482e+01 3.000000e+00
    endloop
  endfacet
  facet normal -7.426514e-01 6.696689e-01 3.523197e-03
    outer loop
      vertex   2.841991e+01 5.892482e+01 3.000000e+00
      vertex   2.839483e+01 5.889201e+01 3.950000e+00
      vertex   2.846520e+01 5.897005e+01 3.950000e+00
    endloop
  endfacet
  facet normal -6.974009e-01 7.166807e-01 -8.724590e-04
    outer loop
      vertex   2.841991e+01 5.892482e+01 3.000000e+00
      vertex   2.846520e+01 5.897005e+01 3.950000e+00
      vertex   2.847399e+01 5.897745e+01 3.000000e+00
    endloop
  endfacet
  facet normal -5.954873e-01 8.033644e-01 7.459949e-04
    outer loop
      vertex   2.847399e+01 5.897745e+01 3.000000e+00
      vertex   2.846520e+01 5.897005e+01 3.950000e+00
      vertex   2.853611e+01 5.902262e+01 3.950000e+00
    endloop
  endfacet
  facet normal -5.660806e-01 8.243471e-01 -2.174330e-03
    outer loop
      vertex   2.847399e+01 5.897745e+01 3.000000e+00
      vertex   2.853611e+01 5.902262e+01 3.950000e+00
      vertex   2.854978e+01 5.902950e+01 3.000000e+00
    endloop
  endfacet
  facet normal -4.729437e-01 8.810925e-01 -4.226102e-04
    outer loop
      vertex   2.854978e+01 5.902950e+01 3.000000e+00
      vertex   2.853611e+01 5.902262e+01 3.950000e+00
      vertex   2.859639e+01 5.905497e+01 3.950000e+00
    endloop
  endfacet
  facet normal -4.446867e-01 8.956835e-01 -2.200101e-03
    outer loop
      vertex   2.854978e+01 5.902950e+01 3.000000e+00
      vertex   2.859639e+01 5.905497e+01 3.950000e+00
      vertex   2.865375e+01 5.908112e+01 3.000000e+00
    endloop
  endfacet
  facet normal -3.976882e-01 9.175198e-01 1.238713e-03
    outer loop
      vertex   2.865375e+01 5.908112e+01 3.000000e+00
      vertex   2.859639e+01 5.905497e+01 3.950000e+00
      vertex   2.870373e+01 5.910150e+01 3.950000e+00
    endloop
  endfacet
  facet normal -3.516942e-01 9.361136e-01 -1.579800e-03
    outer loop
      vertex   2.865375e+01 5.908112e+01 3.000000e+00
      vertex   2.870373e+01 5.910150e+01 3.950000e+00
      vertex   2.878827e+01 5.913165e+01 3.000000e+00
    endloop
  endfacet
  facet normal -2.769803e-01 9.608578e-01 5.854434e-03
    outer loop
      vertex   2.878827e+01 5.913165e+01 3.000000e+00
      vertex   2.870373e+01 5.910150e+01 3.950000e+00
      vertex   2.910194e+01 5.921629e+01 3.950000e+00
    endloop
  endfacet
  facet normal -2.571277e-01 9.663767e-01 -1.192112e-03
    outer loop
      vertex   2.878827e+01 5.913165e+01 3.000000e+00
      vertex   2.910194e+01 5.921629e+01 3.950000e+00
      vertex   2.912555e+01 5.922140e+01 3.000000e+00
    endloop
  endfacet
  facet normal -1.642386e-01 9.864199e-01 1.224145e-03
    outer loop
      vertex   2.912555e+01 5.922140e+01 3.000000e+00
      vertex   2.910194e+01 5.921629e+01 3.950000e+00
      vertex   2.947196e+01 5.927907e+01 3.000000e+00
    endloop
  endfacet
  facet normal -1.636974e-01 9.865095e-01 1.440890e-03
    outer loop
      vertex   2.947196e+01 5.927907e+01 3.000000e+00
      vertex   2.910194e+01 5.921629e+01 3.950000e+00
      vertex   2.949759e+01 5.928194e+01 3.950000e+00
    endloop
  endfacet
  facet normal -9.348215e-02 9.956208e-01 -4.808664e-04
    outer loop
      vertex   2.947196e+01 5.927907e+01 3.000000e+00
      vertex   2.949759e+01 5.928194e+01 3.950000e+00
      vertex   2.961828e+01 5.929281e+01 3.000000e+00
    endloop
  endfacet
  facet normal -4.847156e-02 9.988106e-01 5.273961e-03
    outer loop
      vertex   2.961828e+01 5.929281e+01 3.000000e+00
      vertex   2.949759e+01 5.928194e+01 3.950000e+00
      vertex   2.973848e+01 5.929865e+01 3.000000e+00
    endloop
  endfacet
  facet normal -4.483583e-02 9.989751e-01 6.198765e-03
    outer loop
      vertex   2.973848e+01 5.929865e+01 3.000000e+00
      vertex   2.949759e+01 5.928194e+01 3.950000e+00
      vertex   2.990000e+01 5.930000e+01 3.950000e+00
    endloop
  endfacet
  facet normal -1.443084e-02 9.998953e-01 1.027976e-03
    outer loop
      vertex   2.973848e+01 5.929865e+01 3.000000e+00
      vertex   2.990000e+01 5.930000e+01 3.950000e+00
      vertex   2.983196e+01 5.929999e+01 3.000000e+00
    endloop
  endfacet
  facet normal -7.722682e-05 1.000000e+00 -2.551524e-22
    outer loop
      vertex   2.983196e+01 5.929999e+01 3.000000e+00
      vertex   2.990000e+01 5.930000e+01 3.950000e+00
      vertex   2.990000e+01 5.930000e+01 3.000000e+00
    endloop
  endfacet
  facet normal 2.949630e-09 -1.564622e-07 -1.000000e+00
    outer loop
      vertex   4.289840e+01 5.870000e+01 3.000000e+00
      vertex   2.854978e+01 5.902950e+01 3.000000e+00
      vertex   4.289840e+01 5.930000e+01 3.000000e+00
    endloop
  endfacet
  facet normal 0.000000e+00 0.000000e+00 -1.000000e+00
    outer loop
      vertex   4.289840e+01 5.930000e+01 3.000000e+00
      vertex   2.854978e+01 5.902950e+01 3.000000e+00
      vertex   2.865375e+01 5.908112e+01 3.000000e+00
    endloop
  endfacet
  facet normal 0.000000e+00 0.000000e+00 -1.000000e+00
    outer loop
      vertex   4.289840e+01 5.930000e+01 3.000000e+00
      vertex   2.865375e+01 5.908112e+01 3.000000e+00
      vertex   2.878827e+01 5.913165e+01 3.000000e+00
    endloop
  endfacet
  facet normal 6.430659e-09 -2.693742e-09 -1.000000e+00
    outer loop
      vertex   2.830000e+01 5.870000e+01 3.000000e+00
      vertex   2.834852e+01 5.881584e+01 3.000000e+00
      vertex   4.289840e+01 5.870000e+01 3.000000e+00
    endloop
  endfacet
  facet normal 6.418634e-09 -4.204085e-09 -1.000000e+00
    outer loop
      vertex   4.289840e+01 5.870000e+01 3.000000e+00
      vertex   2.834852e+01 5.881584e+01 3.000000e+00
      vertex   2.841991e+01 5.892482e+01 3.000000e+00
    endloop
  endfacet
  facet normal 6.382074e-09 -6.558508e-09 -1.000000e+00
    outer loop
      vertex   4.289840e+01 5.870000e+01 3.000000e+00
      vertex   2.841991e+01 5.892482e+01 3.000000e+00
      vertex   2.847399e+01 5.897745e+01 3.000000e+00
    endloop
  endfacet
  facet normal 6.330895e-09 -9.219278e-09 -1.000000e+00
    outer loop
      vertex   2.847399e+01 5.897745e+01 3.000000e+00
      vertex   2.854978e+01 5.902950e+01 3.000000e+00
      vertex   4.289840e+01 5.870000e+01 3.000000e+00
    endloop
  endfacet
  facet normal 0.000000e+00 0.000000e+00 -1.000000e+00
    outer loop
      vertex   2.878827e+01 5.913165e+01 3.000000e+00
      vertex   2.912555e+01 5.922140e+01 3.000000e+00
      vertex   4.289840e+01 5.930000e+01 3.000000e+00
    endloop
  endfacet
  facet normal -0.000000e+00 0.000000e+00 -1.000000e+00
    outer loop
      vertex   4.289840e+01 5.930000e+01 3.000000e+00
      vertex   2.912555e+01 5.922140e+01 3.000000e+00
      vertex   2.990000e+01 5.930000e+01 3.000000e+00
    endloop
  endfacet
  facet normal 0.000000e+00 0.000000e+00 -1.000000e+00
    outer loop
      vertex   2.990000e+01 5.930000e+01 3.000000e+00
      vertex   2.912555e+01 5.922140e+01 3.000000e+00
      vertex   2.947196e+01 5.927907e+01 3.000000e+00
    endloop
  endfacet
  facet normal 0.000000e+00 0.000000e+00 -1.000000e+00
    outer loop
      vertex   2.990000e+01 5.930000e+01 3.000000e+00
      vertex   2.947196e+01 5.927907e+01 3.000000e+00
      vertex   2.961828e+01 5.929281e+01 3.000000e+00
    endloop
  endfacet
  facet normal 0.000000e+00 -0.000000e+00 -1.000000e+00
    outer loop
      vertex   2.973848e+01 5.929865e+01 3.000000e+00
      vertex   2.983196e+01 5.929999e+01 3.000000e+00
      vertex   2.961828e+01 5.929281e+01 3.000000e+00
    endloop
  endfacet
  facet normal 0.000000e+00 0.000000e+00 -1.000000e+00
    outer loop
      vertex   2.961828e+01 5.929281e+01 3.000000e+00
      vertex   2.983196e+01 5.929999e+01 3.000000e+00
      vertex   2.990000e+01 5.930000e+01 3.000000e+00
    endloop
  endfacet
  facet normal 9.188418e-14 -4.870157e-09 1.000000e+00
    outer loop
      vertex   4.399069e+01 6.480742e+01 3.000000e+00
      vertex   4.289840e+01 6.480742e+01 3.000000e+00
      vertex   4.399069e+01 5.930000e+01 3.000000e+00
    endloop
  endfacet
  facet normal 0.000000e+00 -4.870175e-09 1.000000e+00
    outer loop
      vertex   4.399069e+01 5.930000e+01 3.000000e+00
      vertex   4.289840e+01 6.480742e+01 3.000000e+00
      vertex   4.289840e+01 5.930000e+01 3.000000e+00
    endloop
  endfacet
  facet normal 9.914449e-01 2.104989e-17 1.305262e-01
    outer loop
      vertex   4.447365e+01 6.480742e+01 2.629409e+00
      vertex   4.447365e+01 6.205371e+01 2.629409e+00
      vertex   4.449069e+01 6.480742e+01 2.500000e+00
    endloop
  endfacet
  facet normal 9.902628e-01 4.153922e-04 1.392097e-01
    outer loop
      vertex   4.449069e+01 6.480742e+01 2.500000e+00
      vertex   4.447365e+01 6.205371e+01 2.629409e+00
      vertex   4.449033e+01 5.930000e+01 2.519004e+00
    endloop
  endfacet
  facet normal 9.994982e-01 4.373257e-05 3.167504e-02
    outer loop
      vertex   4.449069e+01 6.480742e+01 2.500000e+00
      vertex   4.449033e+01 5.930000e+01 2.519004e+00
      vertex   4.449053e+01 5.930000e+01 2.512671e+00
    endloop
  endfacet
  facet normal 9.238795e-01 6.171516e-17 3.826834e-01
    outer loop
      vertex   4.447365e+01 6.205371e+01 2.629409e+00
      vertex   4.447365e+01 6.480742e+01 2.629409e+00
      vertex   4.442370e+01 6.205371e+01 2.750000e+00
    endloop
  endfacet
  facet normal 9.238795e-01 6.171516e-17 3.826834e-01
    outer loop
      vertex   4.442370e+01 6.205371e+01 2.750000e+00
      vertex   4.447365e+01 6.480742e+01 2.629409e+00
      vertex   4.442370e+01 6.480742e+01 2.750000e+00
    endloop
  endfacet
  facet normal 7.933533e-01 9.817464e-17 6.087614e-01
    outer loop
      vertex   4.442370e+01 6.205371e+01 2.750000e+00
      vertex   4.442370e+01 6.480742e+01 2.750000e+00
      vertex   4.434424e+01 6.205371e+01 2.853553e+00
    endloop
  endfacet
  facet normal 7.933533e-01 -0.000000e+00 6.087614e-01
    outer loop
      vertex   4.434424e+01 6.205371e+01 2.853553e+00
      vertex   4.442370e+01 6.480742e+01 2.750000e+00
      vertex   4.434424e+01 6.480742e+01 2.853553e+00
    endloop
  endfacet
  facet normal 6.087614e-01 -0.000000e+00 7.933533e-01
    outer loop
      vertex   4.434424e+01 6.205371e+01 2.853553e+00
      vertex   4.434424e+01 6.480742e+01 2.853553e+00
      vertex   4.424069e+01 6.205371e+01 2.933013e+00
    endloop
  endfacet
  facet normal 6.087614e-01 -3.838310e-16 7.933533e-01
    outer loop
      vertex   4.424069e+01 6.205371e+01 2.933013e+00
      vertex   4.434424e+01 6.480742e+01 2.853553e+00
      vertex   4.424069e+01 6.480742e+01 2.933013e+00
    endloop
  endfacet
  facet normal 3.826834e-01 -4.469807e-16 9.238795e-01
    outer loop
      vertex   4.424069e+01 6.205371e+01 2.933013e+00
      vertex   4.424069e+01 6.480742e+01 2.933013e+00
      vertex   4.412010e+01 6.205371e+01 2.982963e+00
    endloop
  endfacet
  facet normal 3.826834e-01 -0.000000e+00 9.238795e-01
    outer loop
      vertex   4.412010e+01 6.205371e+01 2.982963e+00
      vertex   4.424069e+01 6.480742e+01 2.933013e+00
      vertex   4.412010e+01 6.480742e+01 2.982963e+00
    endloop
  endfacet
  facet normal 1.305262e-01 -0.000000e+00 9.914449e-01
    outer loop
      vertex   4.412010e+01 6.205371e+01 2.982963e+00
      vertex   4.412010e+01 6.480742e+01 2.982963e+00
      vertex   4.399069e+01 6.480742e+01 3.000000e+00
    endloop
  endfacet
  facet normal 1.305261e-01 -4.828492e-09 9.914449e-01
    outer loop
      vertex   4.399069e+01 6.480742e+01 3.000000e+00
      vertex   4.399069e+01 5.930000e+01 3.000000e+00
      vertex   4.412010e+01 6.205371e+01 2.982963e+00
    endloop
  endfacet
  facet normal 1.273844e-01 1.501652e-04 9.918534e-01
    outer loop
      vertex   4.412010e+01 6.205371e+01 2.982963e+00
      vertex   4.399069e+01 5.930000e+01 3.000000e+00
      vertex   4.411703e+01 5.930000e+01 2.983773e+00
    endloop
  endfacet
  facet normal 3.738856e-01 -1.429350e-04 9.274748e-01
    outer loop
      vertex   4.412010e+01 6.205371e+01 2.982963e+00
      vertex   4.411703e+01 5.930000e+01 2.983773e+00
      vertex   4.423518e+01 5.930000e+01 2.936146e+00
    endloop
  endfacet
  facet normal 3.826834e-01 2.858686e-04 9.238795e-01
    outer loop
      vertex   4.412010e+01 6.205371e+01 2.982963e+00
      vertex   4.423518e+01 5.930000e+01 2.936146e+00
      vertex   4.424069e+01 6.205371e+01 2.933013e+00
    endloop
  endfacet
  facet normal 5.961187e-01 -2.786343e-04 8.028963e-01
    outer loop
      vertex   4.424069e+01 6.205371e+01 2.933013e+00
      vertex   4.423518e+01 5.930000e+01 2.936146e+00
      vertex   4.433746e+01 5.930000e+01 2.860209e+00
    endloop
  endfacet
  facet normal 6.087614e-01 4.179479e-04 7.933533e-01
    outer loop
      vertex   4.424069e+01 6.205371e+01 2.933013e+00
      vertex   4.433746e+01 5.930000e+01 2.860209e+00
      vertex   4.434424e+01 6.205371e+01 2.853553e+00
    endloop
  endfacet
  facet normal 7.796593e-01 -4.070923e-04 6.262038e-01
    outer loop
      vertex   4.434424e+01 6.205371e+01 2.853553e+00
      vertex   4.433746e+01 5.930000e+01 2.860209e+00
      vertex   4.441723e+01 5.930000e+01 2.760893e+00
    endloop
  endfacet
  facet normal 7.933532e-01 5.427834e-04 6.087613e-01
    outer loop
      vertex   4.434424e+01 6.205371e+01 2.853553e+00
      vertex   4.441723e+01 5.930000e+01 2.760893e+00
      vertex   4.442370e+01 6.205371e+01 2.750000e+00
    endloop
  endfacet
  facet normal 9.125942e-01 -5.283041e-04 4.088662e-01
    outer loop
      vertex   4.442370e+01 6.205371e+01 2.750000e+00
      vertex   4.441723e+01 5.930000e+01 2.760893e+00
      vertex   4.446931e+01 5.930000e+01 2.644642e+00
    endloop
  endfacet
  facet normal 9.238793e-01 6.603701e-04 3.826833e-01
    outer loop
      vertex   4.442370e+01 6.205371e+01 2.750000e+00
      vertex   4.446931e+01 5.930000e+01 2.644642e+00
      vertex   4.447365e+01 6.205371e+01 2.629409e+00
    endloop
  endfacet
  facet normal 9.862950e-01 -6.422646e-04 1.649902e-01
    outer loop
      vertex   4.447365e+01 6.205371e+01 2.629409e+00
      vertex   4.446931e+01 5.930000e+01 2.644642e+00
      vertex   4.449033e+01 5.930000e+01 2.519004e+00
    endloop
  endfacet
  facet normal 9.998193e-01 1.457830e-05 1.900706e-02
    outer loop
      vertex   4.449053e+01 5.930000e+01 2.512671e+00
      vertex   4.449065e+01 5.930000e+01 2.506336e+00
      vertex   4.449069e+01 6.480742e+01 2.500000e+00
    endloop
  endfacet
  facet normal 9.999799e-01 0.000000e+00 6.336025e-03
    outer loop
      vertex   4.449069e+01 6.480742e+01 2.500000e+00
      vertex   4.449065e+01 5.930000e+01 2.506336e+00
      vertex   4.449069e+01 5.930000e+01 2.500000e+00
    endloop
  endfacet
  facet normal 9.914108e-01 4.077886e-02 1.242646e-01
    outer loop
      vertex   4.449069e+01 6.499311e+01 2.464238e+00
      vertex   4.447365e+01 6.504117e+01 2.584392e+00
      vertex   4.449069e+01 6.493290e+01 2.483999e+00
    endloop
  endfacet
  facet normal 9.910960e-01 3.748451e-02 1.277643e-01
    outer loop
      vertex   4.449069e+01 6.493290e+01 2.483999e+00
      vertex   4.447365e+01 6.504117e+01 2.584392e+00
      vertex   4.447365e+01 6.492644e+01 2.618053e+00
    endloop
  endfacet
  facet normal 9.915746e-01 2.449645e-02 1.271998e-01
    outer loop
      vertex   4.449069e+01 6.493290e+01 2.483999e+00
      vertex   4.447365e+01 6.492644e+01 2.618053e+00
      vertex   4.449069e+01 6.487067e+01 2.495984e+00
    endloop
  endfacet
  facet normal 9.910960e-01 1.264697e-02 1.325475e-01
    outer loop
      vertex   4.449069e+01 6.487067e+01 2.495984e+00
      vertex   4.447365e+01 6.492644e+01 2.618053e+00
      vertex   4.447365e+01 6.480742e+01 2.629409e+00
    endloop
  endfacet
  facet normal 9.914108e-01 8.288505e-03 1.305217e-01
    outer loop
      vertex   4.449069e+01 6.487067e+01 2.495984e+00
      vertex   4.447365e+01 6.480742e+01 2.629409e+00
      vertex   4.449069e+01 6.480742e+01 2.500000e+00
    endloop
  endfacet
  facet normal 9.232643e-01 1.081510e-01 3.686278e-01
    outer loop
      vertex   4.447365e+01 6.504117e+01 2.584392e+00
      vertex   4.442370e+01 6.508596e+01 2.696357e+00
      vertex   4.447365e+01 6.492644e+01 2.618053e+00
    endloop
  endfacet
  facet normal 9.232643e-01 1.081510e-01 3.686278e-01
    outer loop
      vertex   4.447365e+01 6.492644e+01 2.618053e+00
      vertex   4.442370e+01 6.508596e+01 2.696357e+00
      vertex   4.442370e+01 6.494925e+01 2.736467e+00
    endloop
  endfacet
  facet normal 9.232643e-01 3.648926e-02 3.824286e-01
    outer loop
      vertex   4.447365e+01 6.492644e+01 2.618053e+00
      vertex   4.442370e+01 6.494925e+01 2.736467e+00
      vertex   4.447365e+01 6.480742e+01 2.629409e+00
    endloop
  endfacet
  facet normal 9.232643e-01 3.648926e-02 3.824286e-01
    outer loop
      vertex   4.447365e+01 6.480742e+01 2.629409e+00
      vertex   4.442370e+01 6.494925e+01 2.736467e+00
      vertex   4.442370e+01 6.480742e+01 2.750000e+00
    endloop
  endfacet
  facet normal 7.920184e-01 5.798697e-02 6.077371e-01
    outer loop
      vertex   4.442370e+01 6.480742e+01 2.750000e+00
      vertex   4.442370e+01 6.494925e+01 2.736467e+00
      vertex   4.434424e+01 6.496883e+01 2.838152e+00
    endloop
  endfacet
  facet normal 7.920184e-01 5.798697e-02 6.077371e-01
    outer loop
      vertex   4.442370e+01 6.480742e+01 2.750000e+00
      vertex   4.434424e+01 6.496883e+01 2.838152e+00
      vertex   4.434424e+01 6.480742e+01 2.853553e+00
    endloop
  endfacet
  facet normal 6.070248e-01 7.548152e-02 7.910901e-01
    outer loop
      vertex   4.434424e+01 6.480742e+01 2.853553e+00
      vertex   4.434424e+01 6.496883e+01 2.838152e+00
      vertex   4.424069e+01 6.498386e+01 2.916178e+00
    endloop
  endfacet
  facet normal 6.070248e-01 7.548152e-02 7.910901e-01
    outer loop
      vertex   4.434424e+01 6.480742e+01 2.853553e+00
      vertex   4.424069e+01 6.498386e+01 2.916178e+00
      vertex   4.424069e+01 6.480742e+01 2.933013e+00
    endloop
  endfacet
  facet normal 3.812052e-01 8.781105e-02 9.203107e-01
    outer loop
      vertex   4.424069e+01 6.480742e+01 2.933013e+00
      vertex   4.424069e+01 6.498386e+01 2.916178e+00
      vertex   4.412010e+01 6.499330e+01 2.965227e+00
    endloop
  endfacet
  facet normal 3.812052e-01 8.781105e-02 9.203107e-01
    outer loop
      vertex   4.424069e+01 6.480742e+01 2.933013e+00
      vertex   4.412010e+01 6.499330e+01 2.965227e+00
      vertex   4.412010e+01 6.480742e+01 2.982963e+00
    endloop
  endfacet
  facet normal 1.600204e-01 9.375921e-02 9.826508e-01
    outer loop
      vertex   4.412010e+01 6.480742e+01 2.982963e+00
      vertex   4.412010e+01 6.499330e+01 2.965227e+00
      vertex   4.399069e+01 6.493391e+01 2.991967e+00
    endloop
  endfacet
  facet normal 1.302683e-01 6.283520e-02 9.894857e-01
    outer loop
      vertex   4.412010e+01 6.480742e+01 2.982963e+00
      vertex   4.399069e+01 6.493391e+01 2.991967e+00
      vertex   4.399069e+01 6.480742e+01 3.000000e+00
    endloop
  endfacet
  facet normal 7.920184e-01 1.718683e-01 5.858055e-01
    outer loop
      vertex   4.442370e+01 6.508596e+01 2.696357e+00
      vertex   4.434424e+01 6.512442e+01 2.792504e+00
      vertex   4.442370e+01 6.494925e+01 2.736467e+00
    endloop
  endfacet
  facet normal 7.920184e-01 1.718683e-01 5.858055e-01
    outer loop
      vertex   4.442370e+01 6.494925e+01 2.736467e+00
      vertex   4.434424e+01 6.512442e+01 2.792504e+00
      vertex   4.434424e+01 6.496883e+01 2.838152e+00
    endloop
  endfacet
  facet normal 6.070248e-01 2.237206e-01 7.625418e-01
    outer loop
      vertex   4.434424e+01 6.512442e+01 2.792504e+00
      vertex   4.424069e+01 6.515393e+01 2.866280e+00
      vertex   4.434424e+01 6.496883e+01 2.838152e+00
    endloop
  endfacet
  facet normal 6.070248e-01 2.237206e-01 7.625418e-01
    outer loop
      vertex   4.434424e+01 6.496883e+01 2.838152e+00
      vertex   4.424069e+01 6.515393e+01 2.866280e+00
      vertex   4.424069e+01 6.498386e+01 2.916178e+00
    endloop
  endfacet
  facet normal 3.812052e-01 2.602643e-01 8.870993e-01
    outer loop
      vertex   4.424069e+01 6.515393e+01 2.866280e+00
      vertex   4.412010e+01 6.517248e+01 2.912658e+00
      vertex   4.424069e+01 6.498386e+01 2.916178e+00
    endloop
  endfacet
  facet normal 3.812052e-01 2.602643e-01 8.870993e-01
    outer loop
      vertex   4.424069e+01 6.498386e+01 2.916178e+00
      vertex   4.412010e+01 6.517248e+01 2.912658e+00
      vertex   4.412010e+01 6.499330e+01 2.965227e+00
    endloop
  endfacet
  facet normal 1.302683e-01 3.091447e-01 9.420508e-01
    outer loop
      vertex   4.399069e+01 6.517881e+01 2.928477e+00
      vertex   4.399069e+01 6.505838e+01 2.967998e+00
      vertex   4.412010e+01 6.517248e+01 2.912658e+00
    endloop
  endfacet
  facet normal 1.600204e-01 2.778941e-01 9.471897e-01
    outer loop
      vertex   4.412010e+01 6.517248e+01 2.912658e+00
      vertex   4.399069e+01 6.505838e+01 2.967998e+00
      vertex   4.412010e+01 6.499330e+01 2.965227e+00
    endloop
  endfacet
  facet normal 1.153436e-01 1.878454e-01 9.754025e-01
    outer loop
      vertex   4.399069e+01 6.505838e+01 2.967998e+00
      vertex   4.399069e+01 6.493391e+01 2.991967e+00
      vertex   4.412010e+01 6.499330e+01 2.965227e+00
    endloop
  endfacet
  facet normal 9.951847e-01 3.640265e-02 9.100663e-02
    outer loop
      vertex   4.449069e+01 6.740371e+01 1.500000e+00
      vertex   4.448108e+01 6.738761e+01 1.611499e+00
      vertex   4.449069e+01 6.499311e+01 2.464238e+00
    endloop
  endfacet
  facet normal 9.914441e-01 4.730384e-02 1.216594e-01
    outer loop
      vertex   4.449069e+01 6.499311e+01 2.464238e+00
      vertex   4.448108e+01 6.738761e+01 1.611499e+00
      vertex   4.447365e+01 6.504117e+01 2.584392e+00
    endloop
  endfacet
  facet normal 9.568037e-01 1.087636e-01 2.696241e-01
    outer loop
      vertex   4.447365e+01 6.504117e+01 2.584392e+00
      vertex   4.448108e+01 6.738761e+01 1.611499e+00
      vertex   4.445263e+01 6.737213e+01 1.718713e+00
    endloop
  endfacet
  facet normal 9.238782e-01 1.405271e-01 3.559512e-01
    outer loop
      vertex   4.447365e+01 6.504117e+01 2.584392e+00
      vertex   4.445263e+01 6.737213e+01 1.718713e+00
      vertex   4.442370e+01 6.508596e+01 2.696357e+00
    endloop
  endfacet
  facet normal 8.817113e-01 1.760281e-01 4.377207e-01
    outer loop
      vertex   4.442370e+01 6.508596e+01 2.696357e+00
      vertex   4.445263e+01 6.737213e+01 1.718713e+00
      vertex   4.440642e+01 6.735786e+01 1.817521e+00
    endloop
  endfacet
  facet normal 7.933527e-01 2.248657e-01 5.657093e-01
    outer loop
      vertex   4.442370e+01 6.508596e+01 2.696357e+00
      vertex   4.440642e+01 6.735786e+01 1.817521e+00
      vertex   4.434424e+01 6.512442e+01 2.792504e+00
    endloop
  endfacet
  facet normal 7.730105e-01 2.356078e-01 5.890194e-01
    outer loop
      vertex   4.434424e+01 6.512442e+01 2.792504e+00
      vertex   4.440642e+01 6.735786e+01 1.817521e+00
      vertex   4.434424e+01 6.734536e+01 1.904128e+00
    endloop
  endfacet
  facet normal 6.343933e-01 2.870889e-01 7.177222e-01
    outer loop
      vertex   4.434424e+01 6.512442e+01 2.792504e+00
      vertex   4.434424e+01 6.734536e+01 1.904128e+00
      vertex   4.426847e+01 6.733510e+01 1.975204e+00
    endloop
  endfacet
  facet normal 6.087609e-01 2.933800e-01 7.371149e-01
    outer loop
      vertex   4.434424e+01 6.512442e+01 2.792504e+00
      vertex   4.426847e+01 6.733510e+01 1.975204e+00
      vertex   4.424069e+01 6.515393e+01 2.866280e+00
    endloop
  endfacet
  facet normal 4.711775e-01 3.284271e-01 8.186131e-01
    outer loop
      vertex   4.424069e+01 6.515393e+01 2.866280e+00
      vertex   4.426847e+01 6.733510e+01 1.975204e+00
      vertex   4.418203e+01 6.732747e+01 2.028019e+00
    endloop
  endfacet
  facet normal 3.826828e-01 3.414147e-01 8.584812e-01
    outer loop
      vertex   4.424069e+01 6.515393e+01 2.866280e+00
      vertex   4.418203e+01 6.732747e+01 2.028019e+00
      vertex   4.412010e+01 6.517248e+01 2.912658e+00
    endloop
  endfacet
  facet normal 2.901364e-01 3.562722e-01 8.881953e-01
    outer loop
      vertex   4.412010e+01 6.517248e+01 2.912658e+00
      vertex   4.418203e+01 6.732747e+01 2.028019e+00
      vertex   4.408823e+01 6.732278e+01 2.060542e+00
    endloop
  endfacet
  facet normal 1.305261e-01 3.669257e-01 9.210475e-01
    outer loop
      vertex   4.412010e+01 6.517248e+01 2.912658e+00
      vertex   4.408823e+01 6.732278e+01 2.060542e+00
      vertex   4.399069e+01 6.517881e+01 2.928477e+00
    endloop
  endfacet
  facet normal 9.801714e-02 3.696023e-01 9.240058e-01
    outer loop
      vertex   4.399069e+01 6.517881e+01 2.928477e+00
      vertex   4.408823e+01 6.732278e+01 2.060542e+00
      vertex   4.399069e+01 6.732119e+01 2.071523e+00
    endloop
  endfacet
  facet normal 9.952711e-01 -1.583639e-03 9.712331e-02
    outer loop
      vertex   4.448108e+01 8.120179e+01 1.597545e+00
      vertex   4.447365e+01 7.848663e+01 1.629410e+00
      vertex   4.449069e+01 8.125737e+01 1.500000e+00
    endloop
  endfacet
  facet normal 9.914449e-01 -3.365527e-19 1.305262e-01
    outer loop
      vertex   4.449069e+01 8.125737e+01 1.500000e+00
      vertex   4.447365e+01 7.848663e+01 1.629410e+00
      vertex   4.447365e+01 7.571590e+01 1.629410e+00
    endloop
  endfacet
  facet normal 9.914449e-01 -3.365527e-19 1.305262e-01
    outer loop
      vertex   4.449069e+01 8.125737e+01 1.500000e+00
      vertex   4.447365e+01 7.571590e+01 1.629410e+00
      vertex   4.447365e+01 7.294517e+01 1.629410e+00
    endloop
  endfacet
  facet normal 9.238795e-01 -0.000000e+00 3.826834e-01
    outer loop
      vertex   4.447365e+01 7.294517e+01 1.629410e+00
      vertex   4.447365e+01 7.571590e+01 1.629410e+00
      vertex   4.442370e+01 7.294517e+01 1.750000e+00
    endloop
  endfacet
  facet normal 9.238795e-01 1.197864e-19 3.826834e-01
    outer loop
      vertex   4.447365e+01 7.294517e+01 1.629410e+00
      vertex   4.442370e+01 7.294517e+01 1.750000e+00
      vertex   4.442370e+01 7.017444e+01 1.750000e+00
    endloop
  endfacet
  facet normal 7.933533e-01 -0.000000e+00 6.087614e-01
    outer loop
      vertex   4.442370e+01 7.017444e+01 1.750000e+00
      vertex   4.442370e+01 7.294517e+01 1.750000e+00
      vertex   4.434424e+01 7.017444e+01 1.853553e+00
    endloop
  endfacet
  facet normal 7.933527e-01 1.228633e-03 6.087610e-01
    outer loop
      vertex   4.442370e+01 7.017444e+01 1.750000e+00
      vertex   4.434424e+01 7.017444e+01 1.853553e+00
      vertex   4.440642e+01 6.756420e+01 1.777785e+00
    endloop
  endfacet
  facet normal 7.730105e-01 -1.472970e-19 6.343933e-01
    outer loop
      vertex   4.440642e+01 6.756420e+01 1.777785e+00
      vertex   4.434424e+01 7.017444e+01 1.853553e+00
      vertex   4.434424e+01 6.760797e+01 1.853553e+00
    endloop
  endfacet
  facet normal 6.343933e-01 -0.000000e+00 7.730105e-01
    outer loop
      vertex   4.434424e+01 6.760797e+01 1.853553e+00
      vertex   4.434424e+01 7.017444e+01 1.853553e+00
      vertex   4.426847e+01 6.764390e+01 1.915735e+00
    endloop
  endfacet
  facet normal 6.087609e-01 1.267329e-03 7.933527e-01
    outer loop
      vertex   4.426847e+01 6.764390e+01 1.915735e+00
      vertex   4.434424e+01 7.017444e+01 1.853553e+00
      vertex   4.424069e+01 7.017444e+01 1.933013e+00
    endloop
  endfacet
  facet normal 4.711927e-01 -8.486228e-04 8.820299e-01
    outer loop
      vertex   4.426847e+01 6.764390e+01 1.915735e+00
      vertex   4.424069e+01 7.017444e+01 1.933013e+00
      vertex   4.418203e+01 6.767059e+01 1.961940e+00
    endloop
  endfacet
  facet normal 3.826829e-01 1.708396e-03 9.238782e-01
    outer loop
      vertex   4.418203e+01 6.767059e+01 1.961940e+00
      vertex   4.424069e+01 7.017444e+01 1.933013e+00
      vertex   4.412010e+01 7.017444e+01 1.982963e+00
    endloop
  endfacet
  facet normal 2.901468e-01 -8.584152e-04 9.569818e-01
    outer loop
      vertex   4.418203e+01 6.767059e+01 1.961940e+00
      vertex   4.412010e+01 7.017444e+01 1.982963e+00
      vertex   4.408823e+01 6.768703e+01 1.990393e+00
    endloop
  endfacet
  facet normal 9.811368e-02 1.715657e-03 9.951737e-01
    outer loop
      vertex   4.408823e+01 6.768703e+01 1.990393e+00
      vertex   4.412010e+01 7.017444e+01 1.982963e+00
      vertex   4.399069e+01 6.769258e+01 2.000000e+00
    endloop
  endfacet
  facet normal 1.305262e-01 -4.379423e-19 9.914449e-01
    outer loop
      vertex   4.399069e+01 6.769258e+01 2.000000e+00
      vertex   4.412010e+01 7.017444e+01 1.982963e+00
      vertex   4.412010e+01 7.294517e+01 1.982963e+00
    endloop
  endfacet
  facet normal 1.305262e-01 -4.379423e-19 9.914449e-01
    outer loop
      vertex   4.399069e+01 6.769258e+01 2.000000e+00
      vertex   4.412010e+01 7.294517e+01 1.982963e+00
      vertex   4.412010e+01 7.571590e+01 1.982963e+00
    endloop
  endfacet
  facet normal 3.826834e-01 0.000000e+00 9.238795e-01
    outer loop
      vertex   4.412010e+01 7.571590e+01 1.982963e+00
      vertex   4.412010e+01 7.294517e+01 1.982963e+00
      vertex   4.424069e+01 7.571590e+01 1.933013e+00
    endloop
  endfacet
  facet normal 3.826834e-01 5.495871e-19 9.238795e-01
    outer loop
      vertex   4.412010e+01 7.571590e+01 1.982963e+00
      vertex   4.424069e+01 7.571590e+01 1.933013e+00
      vertex   4.424069e+01 7.848663e+01 1.933013e+00
    endloop
  endfacet
  facet normal 6.087614e-01 0.000000e+00 7.933533e-01
    outer loop
      vertex   4.424069e+01 7.848663e+01 1.933013e+00
      vertex   4.424069e+01 7.571590e+01 1.933013e+00
      vertex   4.434424e+01 7.848663e+01 1.853553e+00
    endloop
  endfacet
  facet normal 6.087609e-01 -1.265674e-03 7.933527e-01
    outer loop
      vertex   4.424069e+01 7.848663e+01 1.933013e+00
      vertex   4.434424e+01 7.848663e+01 1.853553e+00
      vertex   4.426847e+01 8.102049e+01 1.915735e+00
    endloop
  endfacet
  facet normal 6.343933e-01 1.341240e-16 7.730105e-01
    outer loop
      vertex   4.426847e+01 8.102049e+01 1.915735e+00
      vertex   4.434424e+01 7.848663e+01 1.853553e+00
      vertex   4.434424e+01 8.105592e+01 1.853553e+00
    endloop
  endfacet
  facet normal 7.730105e-01 1.096521e-16 6.343933e-01
    outer loop
      vertex   4.434424e+01 8.105592e+01 1.853553e+00
      vertex   4.434424e+01 7.848663e+01 1.853553e+00
      vertex   4.440642e+01 8.109909e+01 1.777785e+00
    endloop
  endfacet
  facet normal 7.933527e-01 -1.227593e-03 6.087610e-01
    outer loop
      vertex   4.440642e+01 8.109909e+01 1.777785e+00
      vertex   4.434424e+01 7.848663e+01 1.853553e+00
      vertex   4.442370e+01 7.848663e+01 1.750000e+00
    endloop
  endfacet
  facet normal 8.817281e-01 8.140144e-04 4.717573e-01
    outer loop
      vertex   4.440642e+01 8.109909e+01 1.777785e+00
      vertex   4.442370e+01 7.848663e+01 1.750000e+00
      vertex   4.445263e+01 8.114834e+01 1.691342e+00
    endloop
  endfacet
  facet normal 9.238783e-01 -1.607075e-03 3.826829e-01
    outer loop
      vertex   4.445263e+01 8.114834e+01 1.691342e+00
      vertex   4.442370e+01 7.848663e+01 1.750000e+00
      vertex   4.447365e+01 7.848663e+01 1.629410e+00
    endloop
  endfacet
  facet normal 9.568144e-01 7.933453e-04 2.906985e-01
    outer loop
      vertex   4.445263e+01 8.114834e+01 1.691342e+00
      vertex   4.447365e+01 7.848663e+01 1.629410e+00
      vertex   4.448108e+01 8.120179e+01 1.597545e+00
    endloop
  endfacet
  facet normal 4.711958e-01 8.474694e-04 8.820282e-01
    outer loop
      vertex   4.426847e+01 8.102049e+01 1.915735e+00
      vertex   4.418203e+01 8.099416e+01 1.961940e+00
      vertex   4.424069e+01 7.848663e+01 1.933013e+00
    endloop
  endfacet
  facet normal 3.826829e-01 -1.705891e-03 9.238782e-01
    outer loop
      vertex   4.424069e+01 7.848663e+01 1.933013e+00
      vertex   4.418203e+01 8.099416e+01 1.961940e+00
      vertex   4.412010e+01 7.848663e+01 1.982963e+00
    endloop
  endfacet
  facet normal 3.826834e-01 5.495871e-19 9.238795e-01
    outer loop
      vertex   4.424069e+01 7.848663e+01 1.933013e+00
      vertex   4.412010e+01 7.848663e+01 1.982963e+00
      vertex   4.412010e+01 7.571590e+01 1.982963e+00
    endloop
  endfacet
  facet normal 2.270763e-01 -0.000000e+00 9.738770e-01
    outer loop
      vertex   4.412010e+01 7.571590e+01 1.982963e+00
      vertex   4.412010e+01 7.848663e+01 1.982963e+00
      vertex   4.408823e+01 8.097795e+01 1.990393e+00
    endloop
  endfacet
  facet normal 1.573760e-01 -4.413601e-04 9.875387e-01
    outer loop
      vertex   4.412010e+01 7.571590e+01 1.982963e+00
      vertex   4.408823e+01 8.097795e+01 1.990393e+00
      vertex   4.399069e+01 6.769258e+01 2.000000e+00
    endloop
  endfacet
  facet normal 9.801714e-02 -0.000000e+00 9.951847e-01
    outer loop
      vertex   4.399069e+01 6.769258e+01 2.000000e+00
      vertex   4.408823e+01 8.097795e+01 1.990393e+00
      vertex   4.399069e+01 8.097247e+01 2.000000e+00
    endloop
  endfacet
  facet normal 2.901489e-01 8.570990e-04 9.569811e-01
    outer loop
      vertex   4.418203e+01 8.099416e+01 1.961940e+00
      vertex   4.408823e+01 8.097795e+01 1.990393e+00
      vertex   4.412010e+01 7.848663e+01 1.982963e+00
    endloop
  endfacet
  facet normal 8.817252e-01 -8.146286e-04 4.717626e-01
    outer loop
      vertex   4.440642e+01 6.756420e+01 1.777785e+00
      vertex   4.445263e+01 6.751426e+01 1.691342e+00
      vertex   4.442370e+01 7.017444e+01 1.750000e+00
    endloop
  endfacet
  facet normal 9.238783e-01 1.607995e-03 3.826829e-01
    outer loop
      vertex   4.442370e+01 7.017444e+01 1.750000e+00
      vertex   4.445263e+01 6.751426e+01 1.691342e+00
      vertex   4.447365e+01 7.017444e+01 1.629410e+00
    endloop
  endfacet
  facet normal 9.238795e-01 1.197864e-19 3.826834e-01
    outer loop
      vertex   4.442370e+01 7.017444e+01 1.750000e+00
      vertex   4.447365e+01 7.017444e+01 1.629410e+00
      vertex   4.447365e+01 7.294517e+01 1.629410e+00
    endloop
  endfacet
  facet normal 9.738770e-01 0.000000e+00 2.270763e-01
    outer loop
      vertex   4.447365e+01 7.294517e+01 1.629410e+00
      vertex   4.447365e+01 7.017444e+01 1.629410e+00
      vertex   4.448108e+01 6.746007e+01 1.597545e+00
    endloop
  endfacet
  facet normal 9.875576e-01 4.241288e-04 1.572569e-01
    outer loop
      vertex   4.447365e+01 7.294517e+01 1.629410e+00
      vertex   4.448108e+01 6.746007e+01 1.597545e+00
      vertex   4.449069e+01 8.125737e+01 1.500000e+00
    endloop
  endfacet
  facet normal 9.951847e-01 0.000000e+00 9.801714e-02
    outer loop
      vertex   4.449069e+01 8.125737e+01 1.500000e+00
      vertex   4.448108e+01 6.746007e+01 1.597545e+00
      vertex   4.449069e+01 6.740371e+01 1.500000e+00
    endloop
  endfacet
  facet normal 9.568126e-01 -7.936469e-04 2.907044e-01
    outer loop
      vertex   4.445263e+01 6.751426e+01 1.691342e+00
      vertex   4.448108e+01 6.746007e+01 1.597545e+00
      vertex   4.447365e+01 7.017444e+01 1.629410e+00
    endloop
  endfacet
  facet normal 9.238795e-01 -0.000000e+00 3.826834e-01
    outer loop
      vertex   4.447365e+01 7.571590e+01 1.629410e+00
      vertex   4.447365e+01 7.848663e+01 1.629410e+00
      vertex   4.442370e+01 7.571590e+01 1.750000e+00
    endloop
  endfacet
  facet normal 9.238795e-01 -0.000000e+00 3.826834e-01
    outer loop
      vertex   4.442370e+01 7.571590e+01 1.750000e+00
      vertex   4.447365e+01 7.848663e+01 1.629410e+00
      vertex   4.442370e+01 7.848663e+01 1.750000e+00
    endloop
  endfacet
  facet normal 7.933533e-01 -0.000000e+00 6.087614e-01
    outer loop
      vertex   4.442370e+01 7.571590e+01 1.750000e+00
      vertex   4.442370e+01 7.848663e+01 1.750000e+00
      vertex   4.434424e+01 7.571590e+01 1.853553e+00
    endloop
  endfacet
  facet normal 7.933533e-01 4.878574e-17 6.087614e-01
    outer loop
      vertex   4.434424e+01 7.571590e+01 1.853553e+00
      vertex   4.442370e+01 7.848663e+01 1.750000e+00
      vertex   4.434424e+01 7.848663e+01 1.853553e+00
    endloop
  endfacet
  facet normal 6.087614e-01 6.357882e-17 7.933533e-01
    outer loop
      vertex   4.434424e+01 7.571590e+01 1.853553e+00
      vertex   4.434424e+01 7.848663e+01 1.853553e+00
      vertex   4.424069e+01 7.571590e+01 1.933013e+00
    endloop
  endfacet
  facet normal 9.238795e-01 1.197864e-19 3.826834e-01
    outer loop
      vertex   4.447365e+01 7.571590e+01 1.629410e+00
      vertex   4.442370e+01 7.571590e+01 1.750000e+00
      vertex   4.442370e+01 7.294517e+01 1.750000e+00
    endloop
  endfacet
  facet normal 7.933533e-01 -0.000000e+00 6.087614e-01
    outer loop
      vertex   4.442370e+01 7.294517e+01 1.750000e+00
      vertex   4.442370e+01 7.571590e+01 1.750000e+00
      vertex   4.434424e+01 7.294517e+01 1.853553e+00
    endloop
  endfacet
  facet normal 7.933533e-01 -8.272374e-21 6.087614e-01
    outer loop
      vertex   4.442370e+01 7.294517e+01 1.750000e+00
      vertex   4.434424e+01 7.294517e+01 1.853553e+00
      vertex   4.434424e+01 7.017444e+01 1.853553e+00
    endloop
  endfacet
  facet normal 6.087614e-01 -0.000000e+00 7.933533e-01
    outer loop
      vertex   4.434424e+01 7.017444e+01 1.853553e+00
      vertex   4.434424e+01 7.294517e+01 1.853553e+00
      vertex   4.424069e+01 7.017444e+01 1.933013e+00
    endloop
  endfacet
  facet normal 7.933533e-01 -0.000000e+00 6.087614e-01
    outer loop
      vertex   4.434424e+01 7.294517e+01 1.853553e+00
      vertex   4.442370e+01 7.571590e+01 1.750000e+00
      vertex   4.434424e+01 7.571590e+01 1.853553e+00
    endloop
  endfacet
  facet normal 6.087614e-01 -0.000000e+00 7.933533e-01
    outer loop
      vertex   4.434424e+01 7.294517e+01 1.853553e+00
      vertex   4.434424e+01 7.571590e+01 1.853553e+00
      vertex   4.424069e+01 7.294517e+01 1.933013e+00
    endloop
  endfacet
  facet normal 6.087614e-01 -0.000000e+00 7.933533e-01
    outer loop
      vertex   4.424069e+01 7.294517e+01 1.933013e+00
      vertex   4.434424e+01 7.571590e+01 1.853553e+00
      vertex   4.424069e+01 7.571590e+01 1.933013e+00
    endloop
  endfacet
  facet normal 3.826834e-01 -0.000000e+00 9.238795e-01
    outer loop
      vertex   4.424069e+01 7.294517e+01 1.933013e+00
      vertex   4.424069e+01 7.571590e+01 1.933013e+00
      vertex   4.412010e+01 7.294517e+01 1.982963e+00
    endloop
  endfacet
  facet normal 3.826834e-01 5.495871e-19 9.238795e-01
    outer loop
      vertex   4.412010e+01 7.017444e+01 1.982963e+00
      vertex   4.424069e+01 7.017444e+01 1.933013e+00
      vertex   4.424069e+01 7.294517e+01 1.933013e+00
    endloop
  endfacet
  facet normal 6.087614e-01 0.000000e+00 7.933533e-01
    outer loop
      vertex   4.424069e+01 7.294517e+01 1.933013e+00
      vertex   4.424069e+01 7.017444e+01 1.933013e+00
      vertex   4.434424e+01 7.294517e+01 1.853553e+00
    endloop
  endfacet
  facet normal 3.826834e-01 -0.000000e+00 9.238795e-01
    outer loop
      vertex   4.412010e+01 7.017444e+01 1.982963e+00
      vertex   4.424069e+01 7.294517e+01 1.933013e+00
      vertex   4.412010e+01 7.294517e+01 1.982963e+00
    endloop
  endfacet
  facet normal 9.951847e-01 -3.593627e-02 9.119180e-02
    outer loop
      vertex   4.449069e+01 8.125737e+01 1.500000e+00
      vertex   4.449069e+01 8.370661e+01 2.465183e+00
      vertex   4.448108e+01 8.127331e+01 1.611130e+00
    endloop
  endfacet
  facet normal 9.914441e-01 -4.669728e-02 1.218933e-01
    outer loop
      vertex   4.448108e+01 8.127331e+01 1.611130e+00
      vertex   4.449069e+01 8.370661e+01 2.465183e+00
      vertex   4.447365e+01 8.365917e+01 2.585581e+00
    endloop
  endfacet
  facet normal 9.568076e-01 -1.073657e-01 2.701702e-01
    outer loop
      vertex   4.448108e+01 8.127331e+01 1.611130e+00
      vertex   4.447365e+01 8.365917e+01 2.585581e+00
      vertex   4.445263e+01 8.128865e+01 1.717990e+00
    endloop
  endfacet
  facet normal 9.238782e-01 -1.387270e-01 3.566565e-01
    outer loop
      vertex   4.445263e+01 8.128865e+01 1.717990e+00
      vertex   4.447365e+01 8.365917e+01 2.585581e+00
      vertex   4.442370e+01 8.361495e+01 2.697774e+00
    endloop
  endfacet
  facet normal 8.817173e-01 -1.737682e-01 4.386105e-01
    outer loop
      vertex   4.445263e+01 8.128865e+01 1.717990e+00
      vertex   4.442370e+01 8.361495e+01 2.697774e+00
      vertex   4.440642e+01 8.130278e+01 1.816472e+00
    endloop
  endfacet
  facet normal 7.933527e-01 -2.219857e-01 5.668456e-01
    outer loop
      vertex   4.440642e+01 8.130278e+01 1.816472e+00
      vertex   4.442370e+01 8.361495e+01 2.697774e+00
      vertex   4.434424e+01 8.357699e+01 2.794117e+00
    endloop
  endfacet
  facet normal 7.730105e-01 -2.325892e-01 5.902178e-01
    outer loop
      vertex   4.440642e+01 8.130278e+01 1.816472e+00
      vertex   4.434424e+01 8.357699e+01 2.794117e+00
      vertex   4.434424e+01 8.131516e+01 1.902792e+00
    endloop
  endfacet
  facet normal 6.343933e-01 -2.834108e-01 7.191825e-01
    outer loop
      vertex   4.434424e+01 8.131516e+01 1.902792e+00
      vertex   4.434424e+01 8.357699e+01 2.794117e+00
      vertex   4.426847e+01 8.132533e+01 1.973634e+00
    endloop
  endfacet
  facet normal 6.087609e-01 -2.896234e-01 7.385990e-01
    outer loop
      vertex   4.426847e+01 8.132533e+01 1.973634e+00
      vertex   4.434424e+01 8.357699e+01 2.794117e+00
      vertex   4.424069e+01 8.354786e+01 2.868043e+00
    endloop
  endfacet
  facet normal 4.711842e-01 -3.242166e-01 8.202860e-01
    outer loop
      vertex   4.426847e+01 8.132533e+01 1.973634e+00
      vertex   4.424069e+01 8.354786e+01 2.868043e+00
      vertex   4.418203e+01 8.133288e+01 2.026273e+00
    endloop
  endfacet
  facet normal 3.826828e-01 -3.370441e-01 8.602065e-01
    outer loop
      vertex   4.418203e+01 8.133288e+01 2.026273e+00
      vertex   4.424069e+01 8.354786e+01 2.868043e+00
      vertex   4.412010e+01 8.352954e+01 2.914515e+00
    endloop
  endfacet
  facet normal 2.901409e-01 -3.517054e-01 8.900121e-01
    outer loop
      vertex   4.418203e+01 8.133288e+01 2.026273e+00
      vertex   4.412010e+01 8.352954e+01 2.914515e+00
      vertex   4.408823e+01 8.133753e+01 2.058689e+00
    endloop
  endfacet
  facet normal 1.305261e-01 -3.622276e-01 9.229052e-01
    outer loop
      vertex   4.408823e+01 8.133753e+01 2.058689e+00
      vertex   4.412010e+01 8.352954e+01 2.914515e+00
      vertex   4.399069e+01 8.352330e+01 2.930366e+00
    endloop
  endfacet
  facet normal 9.801714e-02 -3.648671e-01 9.258859e-01
    outer loop
      vertex   4.408823e+01 8.133753e+01 2.058689e+00
      vertex   4.399069e+01 8.352330e+01 2.930366e+00
      vertex   4.399069e+01 8.133911e+01 2.069634e+00
    endloop
  endfacet
  facet normal 9.914117e-01 -8.176702e-03 1.305218e-01
    outer loop
      vertex   4.449069e+01 8.388993e+01 2.500000e+00
      vertex   4.447365e+01 8.388993e+01 2.629409e+00
      vertex   4.449069e+01 8.382753e+01 2.496091e+00
    endloop
  endfacet
  facet normal 9.911056e-01 -1.247062e-02 1.324925e-01
    outer loop
      vertex   4.449069e+01 8.382753e+01 2.496091e+00
      vertex   4.447365e+01 8.388993e+01 2.629409e+00
      vertex   4.447365e+01 8.377248e+01 2.618355e+00
    endloop
  endfacet
  facet normal 9.915711e-01 -2.417567e-02 1.272879e-01
    outer loop
      vertex   4.449069e+01 8.382753e+01 2.496091e+00
      vertex   4.447365e+01 8.377248e+01 2.618355e+00
      vertex   4.449069e+01 8.376610e+01 2.484424e+00
    endloop
  endfacet
  facet normal 9.911056e-01 -3.697383e-02 1.278387e-01
    outer loop
      vertex   4.449069e+01 8.376610e+01 2.484424e+00
      vertex   4.447365e+01 8.377248e+01 2.618355e+00
      vertex   4.447365e+01 8.365917e+01 2.585581e+00
    endloop
  endfacet
  facet normal 9.914117e-01 -4.024622e-02 1.244309e-01
    outer loop
      vertex   4.449069e+01 8.376610e+01 2.484424e+00
      vertex   4.447365e+01 8.365917e+01 2.585581e+00
      vertex   4.449069e+01 8.370661e+01 2.465183e+00
    endloop
  endfacet
  facet normal 9.232808e-01 -3.599605e-02 3.824354e-01
    outer loop
      vertex   4.447365e+01 8.388993e+01 2.629409e+00
      vertex   4.442370e+01 8.388993e+01 2.750000e+00
      vertex   4.447365e+01 8.377248e+01 2.618355e+00
    endloop
  endfacet
  facet normal 9.232808e-01 -3.599605e-02 3.824354e-01
    outer loop
      vertex   4.447365e+01 8.377248e+01 2.618355e+00
      vertex   4.442370e+01 8.388993e+01 2.750000e+00
      vertex   4.442370e+01 8.374998e+01 2.736828e+00
    endloop
  endfacet
  facet normal 9.232808e-01 -1.067238e-01 3.690022e-01
    outer loop
      vertex   4.447365e+01 8.377248e+01 2.618355e+00
      vertex   4.442370e+01 8.374998e+01 2.736828e+00
      vertex   4.447365e+01 8.365917e+01 2.585581e+00
    endloop
  endfacet
  facet normal 9.232808e-01 -1.067238e-01 3.690022e-01
    outer loop
      vertex   4.447365e+01 8.365917e+01 2.585581e+00
      vertex   4.442370e+01 8.374998e+01 2.736828e+00
      vertex   4.442370e+01 8.361495e+01 2.697774e+00
    endloop
  endfacet
  facet normal 7.920542e-01 -1.696049e-01 5.864165e-01
    outer loop
      vertex   4.442370e+01 8.361495e+01 2.697774e+00
      vertex   4.442370e+01 8.374998e+01 2.736828e+00
      vertex   4.434424e+01 8.373066e+01 2.838563e+00
    endloop
  endfacet
  facet normal 7.920542e-01 -1.696049e-01 5.864165e-01
    outer loop
      vertex   4.442370e+01 8.361495e+01 2.697774e+00
      vertex   4.434424e+01 8.373066e+01 2.838563e+00
      vertex   4.434424e+01 8.357699e+01 2.794117e+00
    endloop
  endfacet
  facet normal 6.070713e-01 -2.207813e-01 7.633611e-01
    outer loop
      vertex   4.434424e+01 8.357699e+01 2.794117e+00
      vertex   4.434424e+01 8.373066e+01 2.838563e+00
      vertex   4.424069e+01 8.371583e+01 2.916626e+00
    endloop
  endfacet
  facet normal 6.070713e-01 -2.207813e-01 7.633611e-01
    outer loop
      vertex   4.434424e+01 8.357699e+01 2.794117e+00
      vertex   4.424069e+01 8.371583e+01 2.916626e+00
      vertex   4.424069e+01 8.354786e+01 2.868043e+00
    endloop
  endfacet
  facet normal 3.812447e-01 -2.568518e-01 8.880764e-01
    outer loop
      vertex   4.424069e+01 8.354786e+01 2.868043e+00
      vertex   4.424069e+01 8.371583e+01 2.916626e+00
      vertex   4.412010e+01 8.370651e+01 2.965699e+00
    endloop
  endfacet
  facet normal 3.812447e-01 -2.568518e-01 8.880764e-01
    outer loop
      vertex   4.424069e+01 8.354786e+01 2.868043e+00
      vertex   4.412010e+01 8.370651e+01 2.965699e+00
      vertex   4.412010e+01 8.352954e+01 2.914515e+00
    endloop
  endfacet
  facet normal 1.592379e-01 -2.742904e-01 9.483713e-01
    outer loop
      vertex   4.412010e+01 8.352954e+01 2.914515e+00
      vertex   4.412010e+01 8.370651e+01 2.965699e+00
      vertex   4.399069e+01 8.364227e+01 2.968849e+00
    endloop
  endfacet
  facet normal 1.302752e-01 -3.051227e-01 9.433602e-01
    outer loop
      vertex   4.412010e+01 8.352954e+01 2.914515e+00
      vertex   4.399069e+01 8.364227e+01 2.968849e+00
      vertex   4.399069e+01 8.352330e+01 2.930366e+00
    endloop
  endfacet
  facet normal 7.920542e-01 -5.720475e-02 6.077646e-01
    outer loop
      vertex   4.442370e+01 8.388993e+01 2.750000e+00
      vertex   4.434424e+01 8.388993e+01 2.853553e+00
      vertex   4.442370e+01 8.374998e+01 2.736828e+00
    endloop
  endfacet
  facet normal 7.920542e-01 -5.720475e-02 6.077646e-01
    outer loop
      vertex   4.442370e+01 8.374998e+01 2.736828e+00
      vertex   4.434424e+01 8.388993e+01 2.853553e+00
      vertex   4.434424e+01 8.373066e+01 2.838563e+00
    endloop
  endfacet
  facet normal 6.070713e-01 -7.446564e-02 7.911507e-01
    outer loop
      vertex   4.434424e+01 8.388993e+01 2.853553e+00
      vertex   4.424069e+01 8.388993e+01 2.933013e+00
      vertex   4.434424e+01 8.373066e+01 2.838563e+00
    endloop
  endfacet
  facet normal 6.070713e-01 -7.446564e-02 7.911507e-01
    outer loop
      vertex   4.434424e+01 8.373066e+01 2.838563e+00
      vertex   4.424069e+01 8.388993e+01 2.933013e+00
      vertex   4.424069e+01 8.371583e+01 2.916626e+00
    endloop
  endfacet
  facet normal 3.812447e-01 -8.663158e-02 9.204061e-01
    outer loop
      vertex   4.424069e+01 8.388993e+01 2.933013e+00
      vertex   4.412010e+01 8.388993e+01 2.982963e+00
      vertex   4.424069e+01 8.371583e+01 2.916626e+00
    endloop
  endfacet
  facet normal 3.812447e-01 -8.663158e-02 9.204061e-01
    outer loop
      vertex   4.424069e+01 8.371583e+01 2.916626e+00
      vertex   4.412010e+01 8.388993e+01 2.982963e+00
      vertex   4.412010e+01 8.370651e+01 2.965699e+00
    endloop
  endfacet
  facet normal 1.302752e-01 -6.199084e-02 9.895380e-01
    outer loop
      vertex   4.399069e+01 8.388993e+01 3.000000e+00
      vertex   4.399069e+01 8.376513e+01 2.992182e+00
      vertex   4.412010e+01 8.388993e+01 2.982963e+00
    endloop
  endfacet
  facet normal 1.592379e-01 -9.251333e-02 9.828960e-01
    outer loop
      vertex   4.412010e+01 8.388993e+01 2.982963e+00
      vertex   4.399069e+01 8.376513e+01 2.992182e+00
      vertex   4.412010e+01 8.370651e+01 2.965699e+00
    endloop
  endfacet
  facet normal 1.157504e-01 -1.853391e-01 9.758336e-01
    outer loop
      vertex   4.399069e+01 8.376513e+01 2.992182e+00
      vertex   4.399069e+01 8.364227e+01 2.968849e+00
      vertex   4.412010e+01 8.370651e+01 2.965699e+00
    endloop
  endfacet
  facet normal 9.292172e-14 -6.252367e-02 9.980435e-01
    outer loop
      vertex   4.399069e+01 8.388993e+01 3.000000e+00
      vertex   4.289840e+01 8.388993e+01 3.000000e+00
      vertex   4.399069e+01 8.376513e+01 2.992182e+00
    endloop
  endfacet
  facet normal 0.000000e+00 -6.252367e-02 9.980435e-01
    outer loop
      vertex   4.399069e+01 8.376513e+01 2.992182e+00
      vertex   4.289840e+01 8.388993e+01 3.000000e+00
      vertex   4.289840e+01 8.376513e+01 2.992182e+00
    endloop
  endfacet
  facet normal 0.000000e+00 -1.865934e-01 9.824372e-01
    outer loop
      vertex   4.399069e+01 8.376513e+01 2.992182e+00
      vertex   4.289840e+01 8.376513e+01 2.992182e+00
      vertex   4.289840e+01 8.364227e+01 2.968849e+00
    endloop
  endfacet
  facet normal -2.069632e-15 -3.077453e-01 9.514688e-01
    outer loop
      vertex   4.289840e+01 8.352330e+01 2.930366e+00
      vertex   4.399069e+01 8.352330e+01 2.930366e+00
      vertex   4.289840e+01 8.364227e+01 2.968849e+00
    endloop
  endfacet
  facet normal -1.682796e-15 -3.077453e-01 9.514688e-01
    outer loop
      vertex   4.289840e+01 8.364227e+01 2.968849e+00
      vertex   4.399069e+01 8.352330e+01 2.930366e+00
      vertex   4.399069e+01 8.364227e+01 2.968849e+00
    endloop
  endfacet
  facet normal -3.104702e-17 -1.865934e-01 9.824372e-01
    outer loop
      vertex   4.289840e+01 8.364227e+01 2.968849e+00
      vertex   4.399069e+01 8.364227e+01 2.968849e+00
      vertex   4.399069e+01 8.376513e+01 2.992182e+00
    endloop
  endfacet
  facet normal 2.681637e-15 9.914449e-01 1.305262e-01
    outer loop
      vertex   2.827498e+01 9.252335e+01 3.458819e+00
      vertex   3.368028e+01 9.252335e+01 3.458819e+00
      vertex   2.827498e+01 9.255742e+01 3.200000e+00
    endloop
  endfacet
  facet normal 3.181663e-20 9.914449e-01 1.305262e-01
    outer loop
      vertex   2.827498e+01 9.255742e+01 3.200000e+00
      vertex   3.368028e+01 9.252335e+01 3.458819e+00
      vertex   3.908557e+01 9.252335e+01 3.458819e+00
    endloop
  endfacet
  facet normal -0.000000e+00 9.914449e-01 1.305262e-01
    outer loop
      vertex   2.827498e+01 9.255742e+01 3.200000e+00
      vertex   3.908557e+01 9.252335e+01 3.458819e+00
      vertex   4.449087e+01 9.255742e+01 3.200000e+00
    endloop
  endfacet
  facet normal -2.681303e-15 9.914449e-01 1.305262e-01
    outer loop
      vertex   4.449087e+01 9.255742e+01 3.200000e+00
      vertex   3.908557e+01 9.252335e+01 3.458819e+00
      vertex   4.449087e+01 9.252335e+01 3.458819e+00
    endloop
  endfacet
  facet normal -2.649021e-15 9.238795e-01 3.826834e-01
    outer loop
      vertex   4.449087e+01 9.252335e+01 3.458819e+00
      vertex   3.908557e+01 9.252335e+01 3.458819e+00
      vertex   4.449087e+01 9.242345e+01 3.700000e+00
    endloop
  endfacet
  facet normal 1.572029e-16 9.238795e-01 3.826834e-01
    outer loop
      vertex   4.449087e+01 9.242345e+01 3.700000e+00
      vertex   3.908557e+01 9.252335e+01 3.458819e+00
      vertex   3.908557e+01 9.242345e+01 3.700000e+00
    endloop
  endfacet
  facet normal 2.500737e-16 7.933533e-01 6.087614e-01
    outer loop
      vertex   4.449087e+01 9.242345e+01 3.700000e+00
      vertex   3.908557e+01 9.242345e+01 3.700000e+00
      vertex   4.449087e+01 9.226453e+01 3.907107e+00
    endloop
  endfacet
  facet normal 1.500442e-16 7.933533e-01 6.087614e-01
    outer loop
      vertex   4.449087e+01 9.226453e+01 3.907107e+00
      vertex   3.908557e+01 9.242345e+01 3.700000e+00
      vertex   3.908557e+01 9.226453e+01 3.907107e+00
    endloop
  endfacet
  facet normal 1.955414e-16 6.087614e-01 7.933533e-01
    outer loop
      vertex   4.449087e+01 9.226453e+01 3.907107e+00
      vertex   3.908557e+01 9.226453e+01 3.907107e+00
      vertex   4.449087e+01 9.205742e+01 4.066025e+00
    endloop
  endfacet
  facet normal 6.518047e-16 6.087614e-01 7.933533e-01
    outer loop
      vertex   4.449087e+01 9.205742e+01 4.066025e+00
      vertex   3.908557e+01 9.226453e+01 3.907107e+00
      vertex   3.908557e+01 9.205742e+01 4.066025e+00
    endloop
  endfacet
  facet normal 7.590427e-16 3.826834e-01 9.238795e-01
    outer loop
      vertex   4.449087e+01 9.205742e+01 4.066025e+00
      vertex   3.908557e+01 9.205742e+01 4.066025e+00
      vertex   4.449087e+01 9.181624e+01 4.165926e+00
    endloop
  endfacet
  facet normal 1.518085e-16 3.826834e-01 9.238795e-01
    outer loop
      vertex   4.449087e+01 9.181624e+01 4.165926e+00
      vertex   3.908557e+01 9.205742e+01 4.066025e+00
      vertex   3.908557e+01 9.181624e+01 4.165926e+00
    endloop
  endfacet
  facet normal 1.629106e-16 1.305262e-01 9.914449e-01
    outer loop
      vertex   4.449087e+01 9.181624e+01 4.165926e+00
      vertex   3.908557e+01 9.181624e+01 4.165926e+00
      vertex   4.449087e+01 9.155742e+01 4.200000e+00
    endloop
  endfacet
  facet normal 3.513242e-19 1.305262e-01 9.914449e-01
    outer loop
      vertex   4.449087e+01 9.155742e+01 4.200000e+00
      vertex   3.908557e+01 9.181624e+01 4.165926e+00
      vertex   3.368028e+01 9.181624e+01 4.165926e+00
    endloop
  endfacet
  facet normal 0.000000e+00 1.305262e-01 9.914449e-01
    outer loop
      vertex   4.449087e+01 9.155742e+01 4.200000e+00
      vertex   3.368028e+01 9.181624e+01 4.165926e+00
      vertex   2.827498e+01 9.155742e+01 4.200000e+00
    endloop
  endfacet
  facet normal -1.625593e-16 1.305262e-01 9.914449e-01
    outer loop
      vertex   2.827498e+01 9.155742e+01 4.200000e+00
      vertex   3.368028e+01 9.181624e+01 4.165926e+00
      vertex   2.827498e+01 9.181624e+01 4.165926e+00
    endloop
  endfacet
  facet normal -1.518085e-16 3.826834e-01 9.238795e-01
    outer loop
      vertex   2.827498e+01 9.181624e+01 4.165926e+00
      vertex   3.368028e+01 9.181624e+01 4.165926e+00
      vertex   2.827498e+01 9.205742e+01 4.066025e+00
    endloop
  endfacet
  facet normal -7.590427e-16 3.826834e-01 9.238795e-01
    outer loop
      vertex   2.827498e+01 9.205742e+01 4.066025e+00
      vertex   3.368028e+01 9.181624e+01 4.165926e+00
      vertex   3.368028e+01 9.205742e+01 4.066025e+00
    endloop
  endfacet
  facet normal -6.518047e-16 6.087614e-01 7.933533e-01
    outer loop
      vertex   2.827498e+01 9.205742e+01 4.066025e+00
      vertex   3.368028e+01 9.205742e+01 4.066025e+00
      vertex   2.827498e+01 9.226453e+01 3.907107e+00
    endloop
  endfacet
  facet normal -1.955414e-16 6.087614e-01 7.933533e-01
    outer loop
      vertex   2.827498e+01 9.226453e+01 3.907107e+00
      vertex   3.368028e+01 9.205742e+01 4.066025e+00
      vertex   3.368028e+01 9.226453e+01 3.907107e+00
    endloop
  endfacet
  facet normal -1.500442e-16 7.933533e-01 6.087614e-01
    outer loop
      vertex   2.827498e+01 9.226453e+01 3.907107e+00
      vertex   3.368028e+01 9.226453e+01 3.907107e+00
      vertex   2.827498e+01 9.242345e+01 3.700000e+00
    endloop
  endfacet
  facet normal -2.500737e-16 7.933533e-01 6.087614e-01
    outer loop
      vertex   2.827498e+01 9.242345e+01 3.700000e+00
      vertex   3.368028e+01 9.226453e+01 3.907107e+00
      vertex   3.368028e+01 9.242345e+01 3.700000e+00
    endloop
  endfacet
  facet normal -1.572029e-16 9.238795e-01 3.826834e-01
    outer loop
      vertex   2.827498e+01 9.242345e+01 3.700000e+00
      vertex   3.368028e+01 9.242345e+01 3.700000e+00
      vertex   2.827498e+01 9.252335e+01 3.458819e+00
    endloop
  endfacet
  facet normal 2.649021e-15 9.238795e-01 3.826834e-01
    outer loop
      vertex   2.827498e+01 9.252335e+01 3.458819e+00
      vertex   3.368028e+01 9.242345e+01 3.700000e+00
      vertex   3.368028e+01 9.252335e+01 3.458819e+00
    endloop
  endfacet
  facet normal -6.744196e-19 9.238795e-01 3.826834e-01
    outer loop
      vertex   3.908557e+01 9.242345e+01 3.700000e+00
      vertex   3.908557e+01 9.252335e+01 3.458819e+00
      vertex   3.368028e+01 9.252335e+01 3.458819e+00
    endloop
  endfacet
  facet normal 0.000000e+00 9.238795e-01 3.826834e-01
    outer loop
      vertex   3.908557e+01 9.242345e+01 3.700000e+00
      vertex   3.368028e+01 9.252335e+01 3.458819e+00
      vertex   3.368028e+01 9.242345e+01 3.700000e+00
    endloop
  endfacet
  facet normal 1.132323e-19 7.933533e-01 6.087614e-01
    outer loop
      vertex   3.908557e+01 9.226453e+01 3.907107e+00
      vertex   3.908557e+01 9.242345e+01 3.700000e+00
      vertex   3.368028e+01 9.242345e+01 3.700000e+00
    endloop
  endfacet
  facet normal 0.000000e+00 7.933533e-01 6.087614e-01
    outer loop
      vertex   3.908557e+01 9.226453e+01 3.907107e+00
      vertex   3.368028e+01 9.242345e+01 3.700000e+00
      vertex   3.368028e+01 9.226453e+01 3.907107e+00
    endloop
  endfacet
  facet normal -1.435082e-19 6.087614e-01 7.933533e-01
    outer loop
      vertex   3.908557e+01 9.205742e+01 4.066025e+00
      vertex   3.908557e+01 9.226453e+01 3.907107e+00
      vertex   3.368028e+01 9.226453e+01 3.907107e+00
    endloop
  endfacet
  facet normal 0.000000e+00 6.087614e-01 7.933533e-01
    outer loop
      vertex   3.908557e+01 9.205742e+01 4.066025e+00
      vertex   3.368028e+01 9.226453e+01 3.907107e+00
      vertex   3.368028e+01 9.205742e+01 4.066025e+00
    endloop
  endfacet
  facet normal -8.648423e-19 3.826834e-01 9.238795e-01
    outer loop
      vertex   3.908557e+01 9.181624e+01 4.165926e+00
      vertex   3.908557e+01 9.205742e+01 4.066025e+00
      vertex   3.368028e+01 9.205742e+01 4.066025e+00
    endloop
  endfacet
  facet normal 0.000000e+00 3.826834e-01 9.238795e-01
    outer loop
      vertex   3.908557e+01 9.181624e+01 4.165926e+00
      vertex   3.368028e+01 9.205742e+01 4.066025e+00
      vertex   3.368028e+01 9.181624e+01 4.165926e+00
    endloop
  endfacet
  facet normal -1.000000e+00 0.000000e+00 0.000000e+00
    outer loop
      vertex   2.827498e+01 9.085758e+01 4.200000e+00
      vertex   2.827498e+01 9.155742e+01 4.200000e+00
      vertex   2.827498e+01 9.110000e+01 3.000000e+00
    endloop
  endfacet
  facet normal -1.000000e+00 0.000000e+00 0.000000e+00
    outer loop
      vertex   2.827498e+01 9.110000e+01 3.000000e+00
      vertex   2.827498e+01 9.155742e+01 4.200000e+00
      vertex   2.827498e+01 9.181624e+01 4.165926e+00
    endloop
  endfacet
  facet normal -1.000000e+00 0.000000e+00 0.000000e+00
    outer loop
      vertex   2.827498e+01 9.110000e+01 3.000000e+00
      vertex   2.827498e+01 9.181624e+01 4.165926e+00
      vertex   2.827498e+01 9.205742e+01 4.066025e+00
    endloop
  endfacet
  facet normal -1.000000e+00 0.000000e+00 -0.000000e+00
    outer loop
      vertex   2.827498e+01 9.205742e+01 4.066025e+00
      vertex   2.827498e+01 9.226453e+01 3.907107e+00
      vertex   2.827498e+01 9.110000e+01 3.000000e+00
    endloop
  endfacet
  facet normal -1.000000e+00 0.000000e+00 0.000000e+00
    outer loop
      vertex   2.827498e+01 9.110000e+01 3.000000e+00
      vertex   2.827498e+01 9.226453e+01 3.907107e+00
      vertex   2.827498e+01 9.242345e+01 3.700000e+00
    endloop
  endfacet
  facet normal -1.000000e+00 0.000000e+00 0.000000e+00
    outer loop
      vertex   2.827498e+01 9.110000e+01 3.000000e+00
      vertex   2.827498e+01 9.242345e+01 3.700000e+00
      vertex   2.827498e+01 9.252335e+01 3.458819e+00
    endloop
  endfacet
  facet normal -1.000000e+00 0.000000e+00 -0.000000e+00
    outer loop
      vertex   2.827498e+01 9.252335e+01 3.458819e+00
      vertex   2.827498e+01 9.255742e+01 3.200000e+00
      vertex   2.827498e+01 9.110000e+01 3.000000e+00
    endloop
  endfacet
  facet normal -1.000000e+00 0.000000e+00 0.000000e+00
    outer loop
      vertex   2.827498e+01 9.110000e+01 3.000000e+00
      vertex   2.827498e+01 9.255742e+01 3.200000e+00
      vertex   2.827498e+01 9.255742e+01 3.000000e+00
    endloop
  endfacet
  facet normal -1.000000e+00 0.000000e+00 0.000000e+00
    outer loop
      vertex   2.827498e+01 9.110000e+01 3.000000e+00
      vertex   2.827498e+01 9.085758e+01 3.000000e+00
      vertex   2.827498e+01 9.085758e+01 4.200000e+00
    endloop
  endfacet
  facet normal 0.000000e+00 0.000000e+00 -1.000000e+00
    outer loop
      vertex   2.692923e+01 5.782956e+01 3.000000e+00
      vertex   2.667516e+01 5.743982e+01 3.000000e+00
      vertex   2.600000e+01 5.700000e+01 3.000000e+00
    endloop
  endfacet
  facet normal 0.000000e+00 0.000000e+00 -1.000000e+00
    outer loop
      vertex   2.600000e+01 5.700000e+01 3.000000e+00
      vertex   2.667516e+01 5.743982e+01 3.000000e+00
      vertex   2.640000e+01 5.700000e+01 3.000000e+00
    endloop
  endfacet
  facet normal 0.000000e+00 0.000000e+00 1.000000e+00
    outer loop
      vertex   2.692923e+01 5.782956e+01 3.000000e+00
      vertex   2.708137e+01 5.796539e+01 3.000000e+00
      vertex   2.710391e+01 5.810185e+01 3.000000e+00
    endloop
  endfacet
  facet normal 5.294759e-07 -5.533239e-07 -1.000000e+00
    outer loop
      vertex   2.392871e+01 5.817316e+01 3.000000e+00
      vertex   2.591576e+01 6.007457e+01 3.000000e+00
      vertex   2.465658e+01 5.870000e+01 3.000000e+00
    endloop
  endfacet
  facet normal -1.596042e-08 -5.367524e-08 -1.000000e+00
    outer loop
      vertex   2.465658e+01 5.870000e+01 3.000000e+00
      vertex   2.591576e+01 6.007457e+01 3.000000e+00
      vertex   2.650914e+01 5.989813e+01 3.000000e+00
    endloop
  endfacet
  facet normal -2.578929e-08 -3.847770e-08 -1.000000e+00
    outer loop
      vertex   2.465658e+01 5.870000e+01 3.000000e+00
      vertex   2.650914e+01 5.989813e+01 3.000000e+00
      vertex   2.679420e+01 5.970707e+01 3.000000e+00
    endloop
  endfacet
  facet normal 0.000000e+00 -0.000000e+00 -1.000000e+00
    outer loop
      vertex   2.594359e+01 6.008641e+01 3.000000e+00
      vertex   2.605187e+01 6.009242e+01 3.000000e+00
      vertex   2.591576e+01 6.007457e+01 3.000000e+00
    endloop
  endfacet
  facet normal 0.000000e+00 0.000000e+00 -1.000000e+00
    outer loop
      vertex   2.591576e+01 6.007457e+01 3.000000e+00
      vertex   2.605187e+01 6.009242e+01 3.000000e+00
      vertex   2.614453e+01 6.007183e+01 3.000000e+00
    endloop
  endfacet
  facet normal 0.000000e+00 0.000000e+00 -1.000000e+00
    outer loop
      vertex   2.591576e+01 6.007457e+01 3.000000e+00
      vertex   2.614453e+01 6.007183e+01 3.000000e+00
      vertex   2.625284e+01 6.003189e+01 3.000000e+00
    endloop
  endfacet
  facet normal -9.553885e-15 1.722844e-13 -1.000000e+00
    outer loop
      vertex   2.594359e+01 6.008641e+01 3.000000e+00
      vertex   2.597555e+01 6.009334e+01 3.000000e+00
      vertex   2.605187e+01 6.009242e+01 3.000000e+00
    endloop
  endfacet
  facet normal -0.000000e+00 -0.000000e+00 -1.000000e+00
    outer loop
      vertex   2.625284e+01 6.003189e+01 3.000000e+00
      vertex   2.637528e+01 5.997345e+01 3.000000e+00
      vertex   2.591576e+01 6.007457e+01 3.000000e+00
    endloop
  endfacet
  facet normal 0.000000e+00 0.000000e+00 -1.000000e+00
    outer loop
      vertex   2.591576e+01 6.007457e+01 3.000000e+00
      vertex   2.637528e+01 5.997345e+01 3.000000e+00
      vertex   2.650914e+01 5.989813e+01 3.000000e+00
    endloop
  endfacet
  facet normal -2.799462e-08 -3.379661e-08 -1.000000e+00
    outer loop
      vertex   2.679420e+01 5.970707e+01 3.000000e+00
      vertex   2.706632e+01 5.948166e+01 3.000000e+00
      vertex   2.465658e+01 5.870000e+01 3.000000e+00
    endloop
  endfacet
  facet normal -3.857667e-08 -1.173979e-09 -1.000000e+00
    outer loop
      vertex   2.465658e+01 5.870000e+01 3.000000e+00
      vertex   2.706632e+01 5.948166e+01 3.000000e+00
      vertex   2.709010e+01 5.870000e+01 3.000000e+00
    endloop
  endfacet
  facet normal 0.000000e+00 0.000000e+00 -1.000000e+00
    outer loop
      vertex   2.709010e+01 5.870000e+01 3.000000e+00
      vertex   2.706632e+01 5.948166e+01 3.000000e+00
      vertex   2.718300e+01 5.936225e+01 3.000000e+00
    endloop
  endfacet
  facet normal 0.000000e+00 0.000000e+00 -1.000000e+00
    outer loop
      vertex   2.709010e+01 5.870000e+01 3.000000e+00
      vertex   2.718300e+01 5.936225e+01 3.000000e+00
      vertex   2.727954e+01 5.923990e+01 3.000000e+00
    endloop
  endfacet
  facet normal 0.000000e+00 -0.000000e+00 -1.000000e+00
    outer loop
      vertex   2.727954e+01 5.923990e+01 3.000000e+00
      vertex   2.735141e+01 5.911423e+01 3.000000e+00
      vertex   2.709010e+01 5.870000e+01 3.000000e+00
    endloop
  endfacet
  facet normal 0.000000e+00 0.000000e+00 -1.000000e+00
    outer loop
      vertex   2.709010e+01 5.870000e+01 3.000000e+00
      vertex   2.735141e+01 5.911423e+01 3.000000e+00
      vertex   2.739502e+01 5.898382e+01 3.000000e+00
    endloop
  endfacet
  facet normal 2.202710e-09 -2.366458e-09 -1.000000e+00
    outer loop
      vertex   2.709010e+01 5.870000e+01 3.000000e+00
      vertex   2.739502e+01 5.898382e+01 3.000000e+00
      vertex   2.740795e+01 5.884656e+01 3.000000e+00
    endloop
  endfacet
  facet normal 8.972826e-08 -1.921859e-07 -1.000000e+00
    outer loop
      vertex   2.740795e+01 5.884656e+01 3.000000e+00
      vertex   2.738903e+01 5.870000e+01 3.000000e+00
      vertex   2.709010e+01 5.870000e+01 3.000000e+00
    endloop
  endfacet
  facet normal 8.972826e-08 1.730444e-07 -1.000000e+00
    outer loop
      vertex   2.709010e+01 5.870000e+01 3.000000e+00
      vertex   2.738903e+01 5.870000e+01 3.000000e+00
      vertex   2.734811e+01 5.856622e+01 3.000000e+00
    endloop
  endfacet
  facet normal 0.000000e+00 0.000000e+00 -1.000000e+00
    outer loop
      vertex   2.709010e+01 5.870000e+01 3.000000e+00
      vertex   2.734811e+01 5.856622e+01 3.000000e+00
      vertex   2.716274e+01 5.845815e+01 3.000000e+00
    endloop
  endfacet
  facet normal 0.000000e+00 0.000000e+00 -1.000000e+00
    outer loop
      vertex   2.716274e+01 5.845815e+01 3.000000e+00
      vertex   2.734811e+01 5.856622e+01 3.000000e+00
      vertex   2.728556e+01 5.842262e+01 3.000000e+00
    endloop
  endfacet
  facet normal 0.000000e+00 0.000000e+00 -1.000000e+00
    outer loop
      vertex   2.716274e+01 5.845815e+01 3.000000e+00
      vertex   2.728556e+01 5.842262e+01 3.000000e+00
      vertex   2.720332e+01 5.826813e+01 3.000000e+00
    endloop
  endfacet
  facet normal -0.000000e+00 0.000000e+00 -1.000000e+00
    outer loop
      vertex   2.720332e+01 5.826813e+01 3.000000e+00
      vertex   2.710391e+01 5.810185e+01 3.000000e+00
      vertex   2.716274e+01 5.845815e+01 3.000000e+00
    endloop
  endfacet
  facet normal 0.000000e+00 0.000000e+00 1.000000e+00
    outer loop
      vertex   2.709010e+01 5.870000e+01 1.500000e+00
      vertex   2.700000e+01 5.900000e+01 1.500000e+00
      vertex   2.465658e+01 5.870000e+01 1.500000e+00
    endloop
  endfacet
  facet normal 0.000000e+00 0.000000e+00 1.000000e+00
    outer loop
      vertex   2.465658e+01 5.870000e+01 1.500000e+00
      vertex   2.700000e+01 5.900000e+01 1.500000e+00
      vertex   2.660862e+01 5.945007e+01 1.500000e+00
    endloop
  endfacet
  facet normal 0.000000e+00 0.000000e+00 1.000000e+00
    outer loop
      vertex   2.465658e+01 5.870000e+01 1.500000e+00
      vertex   2.660862e+01 5.945007e+01 1.500000e+00
      vertex   2.590000e+01 5.960000e+01 1.500000e+00
    endloop
  endfacet
  facet normal -0.000000e+00 0.000000e+00 1.000000e+00
    outer loop
      vertex   2.590000e+01 5.960000e+01 1.500000e+00
      vertex   2.660862e+01 5.945007e+01 1.500000e+00
      vertex   2.615000e+01 5.960000e+01 1.500000e+00
    endloop
  endfacet
  facet normal 0.000000e+00 1.000000e+00 0.000000e+00
    outer loop
      vertex   2.465658e+01 5.870000e+01 3.000000e+00
      vertex   2.709010e+01 5.870000e+01 3.000000e+00
      vertex   2.465658e+01 5.870000e+01 1.500000e+00
    endloop
  endfacet
  facet normal 0.000000e+00 1.000000e+00 0.000000e+00
    outer loop
      vertex   2.465658e+01 5.870000e+01 1.500000e+00
      vertex   2.709010e+01 5.870000e+01 3.000000e+00
      vertex   2.709010e+01 5.870000e+01 1.500000e+00
    endloop
  endfacet
  facet normal -1.970147e-07 0.000000e+00 1.000000e+00
    outer loop
      vertex   2.033000e+01 5.870000e+01 3.000000e+00
      vertex   1.985350e+01 5.860410e+01 3.000000e+00
      vertex   2.033000e+01 5.808000e+01 3.000000e+00
    endloop
  endfacet
  facet normal -1.970147e-07 1.096098e-23 1.000000e+00
    outer loop
      vertex   2.033000e+01 5.808000e+01 3.000000e+00
      vertex   1.985350e+01 5.860410e+01 3.000000e+00
      vertex   1.985350e+01 5.805000e+01 3.000000e+00
    endloop
  endfacet
  facet normal 0.000000e+00 -3.129236e-06 1.000000e+00
    outer loop
      vertex   2.033000e+01 5.808000e+01 3.000000e+00
      vertex   1.985350e+01 5.805000e+01 3.000000e+00
      vertex   2.380000e+01 5.805000e+01 3.000000e+00
    endloop
  endfacet
  facet normal -1.399523e-07 -2.835275e-07 1.000000e+00
    outer loop
      vertex   2.033000e+01 5.870000e+01 3.000000e+00
      vertex   1.985087e+01 5.870000e+01 3.000000e+00
      vertex   1.985350e+01 5.860410e+01 3.000000e+00
    endloop
  endfacet
  facet normal 2.994367e-06 -3.129236e-06 1.000000e+00
    outer loop
      vertex   2.392871e+01 5.817316e+01 3.000000e+00
      vertex   2.380000e+01 5.808000e+01 3.000000e+00
      vertex   2.380000e+01 5.805000e+01 3.000000e+00
    endloop
  endfacet
  facet normal 0.000000e+00 -3.129236e-06 1.000000e+00
    outer loop
      vertex   2.380000e+01 5.805000e+01 3.000000e+00
      vertex   2.380000e+01 5.808000e+01 3.000000e+00
      vertex   2.033000e+01 5.808000e+01 3.000000e+00
    endloop
  endfacet
  facet normal 0.000000e+00 1.000000e+00 0.000000e+00
    outer loop
      vertex   4.289840e+01 5.870000e+01 3.000000e+00
      vertex   4.289840e+01 5.870000e+01 1.500000e+00
      vertex   2.830000e+01 5.870000e+01 3.000000e+00
    endloop
  endfacet
  facet normal 0.000000e+00 1.000000e+00 0.000000e+00
    outer loop
      vertex   2.830000e+01 5.870000e+01 3.000000e+00
      vertex   4.289840e+01 5.870000e+01 1.500000e+00
      vertex   2.796250e+01 5.870000e+01 1.500000e+00
    endloop
  endfacet
  facet normal 0.000000e+00 1.000000e+00 0.000000e+00
    outer loop
      vertex   2.830000e+01 5.870000e+01 3.000000e+00
      vertex   2.796250e+01 5.870000e+01 1.500000e+00
      vertex   2.796250e+01 5.870000e+01 3.000000e+00
    endloop
  endfacet
  facet normal 0.000000e+00 0.000000e+00 1.000000e+00
    outer loop
      vertex   2.800000e+01 5.700000e+01 3.000000e+00
      vertex   2.830000e+01 5.700000e+01 3.000000e+00
      vertex   2.800000e+01 5.860000e+01 3.000000e+00
    endloop
  endfacet
  facet normal -0.000000e+00 0.000000e+00 1.000000e+00
    outer loop
      vertex   2.800000e+01 5.860000e+01 3.000000e+00
      vertex   2.830000e+01 5.700000e+01 3.000000e+00
      vertex   2.830000e+01 5.870000e+01 3.000000e+00
    endloop
  endfacet
  facet normal 0.000000e+00 -0.000000e+00 1.000000e+00
    outer loop
      vertex   2.800000e+01 5.860000e+01 3.000000e+00
      vertex   2.830000e+01 5.870000e+01 3.000000e+00
      vertex   2.796250e+01 5.870000e+01 3.000000e+00
    endloop
  endfacet
  facet normal 0.000000e+00 1.000000e+00 0.000000e+00
    outer loop
      vertex   2.990000e+01 5.930000e+01 3.000000e+00
      vertex   2.990000e+01 5.930000e+01 3.950000e+00
      vertex   4.289840e+01 5.930000e+01 3.000000e+00
    endloop
  endfacet
  facet normal 0.000000e+00 1.000000e+00 -0.000000e+00
    outer loop
      vertex   4.289840e+01 5.930000e+01 3.000000e+00
      vertex   2.990000e+01 5.930000e+01 3.950000e+00
      vertex   4.449033e+01 5.930000e+01 3.950000e+00
    endloop
  endfacet
  facet normal 0.000000e+00 1.000000e+00 0.000000e+00
    outer loop
      vertex   4.289840e+01 5.930000e+01 3.000000e+00
      vertex   4.449033e+01 5.930000e+01 3.950000e+00
      vertex   4.399069e+01 5.930000e+01 3.000000e+00
    endloop
  endfacet
  facet normal -0.000000e+00 1.000000e+00 0.000000e+00
    outer loop
      vertex   4.399069e+01 5.930000e+01 3.000000e+00
      vertex   4.449033e+01 5.930000e+01 3.950000e+00
      vertex   4.411703e+01 5.930000e+01 2.983773e+00
    endloop
  endfacet
  facet normal -0.000000e+00 1.000000e+00 0.000000e+00
    outer loop
      vertex   4.411703e+01 5.930000e+01 2.983773e+00
      vertex   4.449033e+01 5.930000e+01 3.950000e+00
      vertex   4.423518e+01 5.930000e+01 2.936146e+00
    endloop
  endfacet
  facet normal -0.000000e+00 1.000000e+00 0.000000e+00
    outer loop
      vertex   4.423518e+01 5.930000e+01 2.936146e+00
      vertex   4.449033e+01 5.930000e+01 3.950000e+00
      vertex   4.433746e+01 5.930000e+01 2.860209e+00
    endloop
  endfacet
  facet normal -0.000000e+00 1.000000e+00 0.000000e+00
    outer loop
      vertex   4.433746e+01 5.930000e+01 2.860209e+00
      vertex   4.449033e+01 5.930000e+01 3.950000e+00
      vertex   4.441723e+01 5.930000e+01 2.760893e+00
    endloop
  endfacet
  facet normal -0.000000e+00 1.000000e+00 0.000000e+00
    outer loop
      vertex   4.441723e+01 5.930000e+01 2.760893e+00
      vertex   4.449033e+01 5.930000e+01 3.950000e+00
      vertex   4.446931e+01 5.930000e+01 2.644642e+00
    endloop
  endfacet
  facet normal -0.000000e+00 1.000000e+00 0.000000e+00
    outer loop
      vertex   4.446931e+01 5.930000e+01 2.644642e+00
      vertex   4.449033e+01 5.930000e+01 3.950000e+00
      vertex   4.449033e+01 5.930000e+01 2.519004e+00
    endloop
  endfacet
  facet normal 1.305262e-01 -1.264630e-15 9.914449e-01
    outer loop
      vertex   4.412010e+01 8.388993e+01 2.982963e+00
      vertex   4.412010e+01 8.597887e+01 2.982963e+00
      vertex   4.399069e+01 8.388993e+01 3.000000e+00
    endloop
  endfacet
  facet normal 1.305262e-01 -5.320446e-19 9.914449e-01
    outer loop
      vertex   4.399069e+01 8.388993e+01 3.000000e+00
      vertex   4.412010e+01 8.597887e+01 2.982963e+00
      vertex   4.412010e+01 8.806781e+01 2.982963e+00
    endloop
  endfacet
  facet normal 1.305261e-01 4.243378e-09 9.914449e-01
    outer loop
      vertex   4.399069e+01 8.388993e+01 3.000000e+00
      vertex   4.412010e+01 8.806781e+01 2.982963e+00
      vertex   4.399069e+01 9.015676e+01 3.000000e+00
    endloop
  endfacet
  facet normal 1.305260e-01 -6.412890e-19 9.914449e-01
    outer loop
      vertex   4.399069e+01 9.015676e+01 3.000000e+00
      vertex   4.412010e+01 8.806781e+01 2.982963e+00
      vertex   4.412010e+01 9.015676e+01 2.982963e+00
    endloop
  endfacet
  facet normal 3.826834e-01 0.000000e+00 9.238795e-01
    outer loop
      vertex   4.412010e+01 9.015676e+01 2.982963e+00
      vertex   4.412010e+01 8.806781e+01 2.982963e+00
      vertex   4.424069e+01 9.015676e+01 2.933013e+00
    endloop
  endfacet
  facet normal 3.826834e-01 -7.856317e-16 9.238795e-01
    outer loop
      vertex   4.424069e+01 9.015676e+01 2.933013e+00
      vertex   4.412010e+01 8.806781e+01 2.982963e+00
      vertex   4.424069e+01 8.806781e+01 2.933013e+00
    endloop
  endfacet
  facet normal 6.087614e-01 -6.746373e-16 7.933533e-01
    outer loop
      vertex   4.424069e+01 9.015676e+01 2.933013e+00
      vertex   4.424069e+01 8.806781e+01 2.933013e+00
      vertex   4.434424e+01 9.015676e+01 2.853553e+00
    endloop
  endfacet
  facet normal 6.087614e-01 0.000000e+00 7.933533e-01
    outer loop
      vertex   4.434424e+01 9.015676e+01 2.853553e+00
      vertex   4.424069e+01 8.806781e+01 2.933013e+00
      vertex   4.434424e+01 8.806781e+01 2.853553e+00
    endloop
  endfacet
  facet normal 7.933533e-01 0.000000e+00 6.087614e-01
    outer loop
      vertex   4.434424e+01 9.015676e+01 2.853553e+00
      vertex   4.434424e+01 8.806781e+01 2.853553e+00
      vertex   4.442370e+01 9.015676e+01 2.750000e+00
    endloop
  endfacet
  facet normal 7.933533e-01 2.588337e-16 6.087614e-01
    outer loop
      vertex   4.442370e+01 9.015676e+01 2.750000e+00
      vertex   4.434424e+01 8.806781e+01 2.853553e+00
      vertex   4.442370e+01 8.806781e+01 2.750000e+00
    endloop
  endfacet
  facet normal 9.238795e-01 1.627097e-16 3.826834e-01
    outer loop
      vertex   4.442370e+01 9.015676e+01 2.750000e+00
      vertex   4.442370e+01 8.806781e+01 2.750000e+00
      vertex   4.447365e+01 9.015676e+01 2.629409e+00
    endloop
  endfacet
  facet normal 9.238795e-01 8.135483e-17 3.826834e-01
    outer loop
      vertex   4.447365e+01 9.015676e+01 2.629409e+00
      vertex   4.442370e+01 8.806781e+01 2.750000e+00
      vertex   4.447365e+01 8.806781e+01 2.629409e+00
    endloop
  endfacet
  facet normal 9.914449e-01 2.774862e-17 1.305262e-01
    outer loop
      vertex   4.447365e+01 9.015676e+01 2.629409e+00
      vertex   4.447365e+01 8.806781e+01 2.629409e+00
      vertex   4.449069e+01 9.015676e+01 2.500000e+00
    endloop
  endfacet
  facet normal 9.914449e-01 4.348021e-19 1.305262e-01
    outer loop
      vertex   4.449069e+01 9.015676e+01 2.500000e+00
      vertex   4.447365e+01 8.806781e+01 2.629409e+00
      vertex   4.447365e+01 8.597887e+01 2.629409e+00
    endloop
  endfacet
  facet normal 9.914449e-01 0.000000e+00 1.305262e-01
    outer loop
      vertex   4.449069e+01 9.015676e+01 2.500000e+00
      vertex   4.447365e+01 8.597887e+01 2.629409e+00
      vertex   4.449069e+01 8.388993e+01 2.500000e+00
    endloop
  endfacet
  facet normal 9.914449e-01 -8.386410e-17 1.305262e-01
    outer loop
      vertex   4.449069e+01 8.388993e+01 2.500000e+00
      vertex   4.447365e+01 8.597887e+01 2.629409e+00
      vertex   4.447365e+01 8.388993e+01 2.629409e+00
    endloop
  endfacet
  facet normal 9.238795e-01 -2.440645e-16 3.826834e-01
    outer loop
      vertex   4.447365e+01 8.388993e+01 2.629409e+00
      vertex   4.447365e+01 8.597887e+01 2.629409e+00
      vertex   4.442370e+01 8.388993e+01 2.750000e+00
    endloop
  endfacet
  facet normal 9.238795e-01 -2.440645e-16 3.826834e-01
    outer loop
      vertex   4.442370e+01 8.388993e+01 2.750000e+00
      vertex   4.447365e+01 8.597887e+01 2.629409e+00
      vertex   4.442370e+01 8.597887e+01 2.750000e+00
    endloop
  endfacet
  facet normal 7.933533e-01 -3.882505e-16 6.087614e-01
    outer loop
      vertex   4.442370e+01 8.388993e+01 2.750000e+00
      vertex   4.442370e+01 8.597887e+01 2.750000e+00
      vertex   4.434424e+01 8.388993e+01 2.853553e+00
    endloop
  endfacet
  facet normal 7.933533e-01 -5.176674e-16 6.087614e-01
    outer loop
      vertex   4.434424e+01 8.388993e+01 2.853553e+00
      vertex   4.442370e+01 8.597887e+01 2.750000e+00
      vertex   4.434424e+01 8.597887e+01 2.853553e+00
    endloop
  endfacet
  facet normal 6.087614e-01 -6.746373e-16 7.933533e-01
    outer loop
      vertex   4.434424e+01 8.388993e+01 2.853553e+00
      vertex   4.434424e+01 8.597887e+01 2.853553e+00
      vertex   4.424069e+01 8.388993e+01 2.933013e+00
    endloop
  endfacet
  facet normal 6.087614e-01 -0.000000e+00 7.933533e-01
    outer loop
      vertex   4.424069e+01 8.388993e+01 2.933013e+00
      vertex   4.434424e+01 8.597887e+01 2.853553e+00
      vertex   4.424069e+01 8.597887e+01 2.933013e+00
    endloop
  endfacet
  facet normal 3.826834e-01 -0.000000e+00 9.238795e-01
    outer loop
      vertex   4.424069e+01 8.388993e+01 2.933013e+00
      vertex   4.424069e+01 8.597887e+01 2.933013e+00
      vertex   4.412010e+01 8.388993e+01 2.982963e+00
    endloop
  endfacet
  facet normal 3.826834e-01 -1.178448e-15 9.238795e-01
    outer loop
      vertex   4.412010e+01 8.388993e+01 2.982963e+00
      vertex   4.424069e+01 8.597887e+01 2.933013e+00
      vertex   4.412010e+01 8.597887e+01 2.982963e+00
    endloop
  endfacet
  facet normal 3.826834e-01 -1.534774e-18 9.238795e-01
    outer loop
      vertex   4.424069e+01 8.806781e+01 2.933013e+00
      vertex   4.412010e+01 8.806781e+01 2.982963e+00
      vertex   4.412010e+01 8.597887e+01 2.982963e+00
    endloop
  endfacet
  facet normal 3.826834e-01 0.000000e+00 9.238795e-01
    outer loop
      vertex   4.424069e+01 8.806781e+01 2.933013e+00
      vertex   4.412010e+01 8.597887e+01 2.982963e+00
      vertex   4.424069e+01 8.597887e+01 2.933013e+00
    endloop
  endfacet
  facet normal 6.087614e-01 2.437851e-20 7.933533e-01
    outer loop
      vertex   4.434424e+01 8.806781e+01 2.853553e+00
      vertex   4.424069e+01 8.806781e+01 2.933013e+00
      vertex   4.424069e+01 8.597887e+01 2.933013e+00
    endloop
  endfacet
  facet normal 6.087614e-01 0.000000e+00 7.933533e-01
    outer loop
      vertex   4.434424e+01 8.806781e+01 2.853553e+00
      vertex   4.424069e+01 8.597887e+01 2.933013e+00
      vertex   4.434424e+01 8.597887e+01 2.853553e+00
    endloop
  endfacet
  facet normal 7.933533e-01 1.233107e-18 6.087614e-01
    outer loop
      vertex   4.442370e+01 8.806781e+01 2.750000e+00
      vertex   4.434424e+01 8.806781e+01 2.853553e+00
      vertex   4.434424e+01 8.597887e+01 2.853553e+00
    endloop
  endfacet
  facet normal 7.933533e-01 0.000000e+00 6.087614e-01
    outer loop
      vertex   4.442370e+01 8.806781e+01 2.750000e+00
      vertex   4.434424e+01 8.597887e+01 2.853553e+00
      vertex   4.442370e+01 8.597887e+01 2.750000e+00
    endloop
  endfacet
  facet normal 9.238795e-01 1.588822e-19 3.826834e-01
    outer loop
      vertex   4.447365e+01 8.806781e+01 2.629409e+00
      vertex   4.442370e+01 8.806781e+01 2.750000e+00
      vertex   4.442370e+01 8.597887e+01 2.750000e+00
    endloop
  endfacet
  facet normal 9.238795e-01 0.000000e+00 3.826834e-01
    outer loop
      vertex   4.447365e+01 8.806781e+01 2.629409e+00
      vertex   4.442370e+01 8.597887e+01 2.750000e+00
      vertex   4.447365e+01 8.597887e+01 2.629409e+00
    endloop
  endfacet
  facet normal 9.310388e-14 4.280010e-09 1.000000e+00
    outer loop
      vertex   4.289840e+01 8.388993e+01 3.000000e+00
      vertex   4.399069e+01 8.388993e+01 3.000000e+00
      vertex   4.289840e+01 9.015676e+01 3.000000e+00
    endloop
  endfacet
  facet normal -0.000000e+00 4.279994e-09 1.000000e+00
    outer loop
      vertex   4.289840e+01 9.015676e+01 3.000000e+00
      vertex   4.399069e+01 8.388993e+01 3.000000e+00
      vertex   4.399069e+01 9.015676e+01 3.000000e+00
    endloop
  endfacet
  facet normal 0.000000e+00 -0.000000e+00 1.000000e+00
    outer loop
      vertex   2.830649e+01 9.065676e+01 4.200000e+00
      vertex   4.449087e+01 9.065676e+01 4.200000e+00
      vertex   2.828623e+01 9.070773e+01 4.200000e+00
    endloop
  endfacet
  facet normal -0.000000e+00 -0.000000e+00 1.000000e+00
    outer loop
      vertex   2.828623e+01 9.070773e+01 4.200000e+00
      vertex   4.449087e+01 9.065676e+01 4.200000e+00
      vertex   2.827425e+01 9.075832e+01 4.200000e+00
    endloop
  endfacet
  facet normal -0.000000e+00 -0.000000e+00 1.000000e+00
    outer loop
      vertex   2.827425e+01 9.075832e+01 4.200000e+00
      vertex   4.449087e+01 9.065676e+01 4.200000e+00
      vertex   2.827052e+01 9.080830e+01 4.200000e+00
    endloop
  endfacet
  facet normal -0.000000e+00 0.000000e+00 1.000000e+00
    outer loop
      vertex   2.827052e+01 9.080830e+01 4.200000e+00
      vertex   4.449087e+01 9.065676e+01 4.200000e+00
      vertex   2.827498e+01 9.085758e+01 4.200000e+00
    endloop
  endfacet
  facet normal -0.000000e+00 0.000000e+00 1.000000e+00
    outer loop
      vertex   2.827498e+01 9.085758e+01 4.200000e+00
      vertex   4.449087e+01 9.065676e+01 4.200000e+00
      vertex   4.449087e+01 9.155742e+01 4.200000e+00
    endloop
  endfacet
  facet normal 0.000000e+00 0.000000e+00 1.000000e+00
    outer loop
      vertex   2.827498e+01 9.085758e+01 4.200000e+00
      vertex   4.449087e+01 9.155742e+01 4.200000e+00
      vertex   2.827498e+01 9.155742e+01 4.200000e+00
    endloop
  endfacet
  facet normal 0.000000e+00 1.000000e+00 -0.000000e+00
    outer loop
      vertex   4.449069e+01 9.255742e+01 5.000000e-01
      vertex   2.827498e+01 9.255742e+01 3.000000e+00
      vertex   4.449069e+01 9.255742e+01 3.000000e+00
    endloop
  endfacet
  facet normal 0.000000e+00 1.000000e+00 0.000000e+00
    outer loop
      vertex   4.449069e+01 9.255742e+01 3.000000e+00
      vertex   2.827498e+01 9.255742e+01 3.000000e+00
      vertex   2.827498e+01 9.255742e+01 3.200000e+00
    endloop
  endfacet
  facet normal 0.000000e+00 1.000000e+00 -0.000000e+00
    outer loop
      vertex   4.449069e+01 9.255742e+01 3.000000e+00
      vertex   2.827498e+01 9.255742e+01 3.200000e+00
      vertex   4.449087e+01 9.255742e+01 3.200000e+00
    endloop
  endfacet
  facet normal 0.000000e+00 1.000000e+00 0.000000e+00
    outer loop
      vertex   4.449069e+01 9.255742e+01 5.000000e-01
      vertex   2.799379e+01 9.255742e+01 5.000000e-01
      vertex   2.827498e+01 9.255742e+01 3.000000e+00
    endloop
  endfacet
  facet normal 0.000000e+00 1.000000e+00 0.000000e+00
    outer loop
      vertex   2.827498e+01 9.255742e+01 3.000000e+00
      vertex   2.799379e+01 9.255742e+01 5.000000e-01
      vertex   2.799379e+01 9.255742e+01 3.000000e+00
    endloop
  endfacet
  facet normal 0.000000e+00 1.000000e+00 -0.000000e+00
    outer loop
      vertex   4.449087e+01 9.255742e+01 3.000000e+00
      vertex   4.449071e+01 9.255742e+01 3.000000e+00
      vertex   4.449087e+01 9.255742e+01 3.200000e+00
    endloop
  endfacet
  facet normal 0.000000e+00 1.000000e+00 0.000000e+00
    outer loop
      vertex   4.449087e+01 9.255742e+01 3.200000e+00
      vertex   4.449071e+01 9.255742e+01 3.000000e+00
      vertex   4.449069e+01 9.255742e+01 3.000000e+00
    endloop
  endfacet
  facet normal -0.000000e+00 0.000000e+00 1.000000e+00
    outer loop
      vertex   2.799379e+01 9.110000e+01 3.000000e+00
      vertex   2.827498e+01 9.110000e+01 3.000000e+00
      vertex   2.799379e+01 9.255742e+01 3.000000e+00
    endloop
  endfacet
  facet normal -0.000000e+00 0.000000e+00 1.000000e+00
    outer loop
      vertex   2.799379e+01 9.255742e+01 3.000000e+00
      vertex   2.827498e+01 9.110000e+01 3.000000e+00
      vertex   2.827498e+01 9.255742e+01 3.000000e+00
    endloop
  endfacet
  facet normal -0.000000e+00 0.000000e+00 -1.000000e+00
    outer loop
      vertex   1.985933e+01 9.110000e+01 3.000000e+00
      vertex   1.985902e+01 9.094959e+01 3.000000e+00
      vertex   1.348563e+01 9.110000e+01 3.000000e+00
    endloop
  endfacet
  facet normal 0.000000e+00 0.000000e+00 -1.000000e+00
    outer loop
      vertex   1.348563e+01 9.110000e+01 3.000000e+00
      vertex   1.985902e+01 9.094959e+01 3.000000e+00
      vertex   1.348563e+01 9.090000e+01 3.000000e+00
    endloop
  endfacet
  facet normal 0.000000e+00 0.000000e+00 -1.000000e+00
    outer loop
      vertex   1.348563e+01 9.090000e+01 3.000000e+00
      vertex   1.985902e+01 9.094959e+01 3.000000e+00
      vertex   1.985123e+01 9.081974e+01 3.000000e+00
    endloop
  endfacet
  facet normal 0.000000e+00 -0.000000e+00 -1.000000e+00
    outer loop
      vertex   1.348563e+01 9.090000e+01 3.000000e+00
      vertex   1.985123e+01 9.081974e+01 3.000000e+00
      vertex   1.348177e+01 9.083914e+01 3.000000e+00
    endloop
  endfacet
  facet normal 0.000000e+00 0.000000e+00 -1.000000e+00
    outer loop
      vertex   1.348177e+01 9.083914e+01 3.000000e+00
      vertex   1.985123e+01 9.081974e+01 3.000000e+00
      vertex   1.349196e+01 9.078069e+01 3.000000e+00
    endloop
  endfacet
  facet normal 0.000000e+00 0.000000e+00 -1.000000e+00
    outer loop
      vertex   1.349196e+01 9.078069e+01 3.000000e+00
      vertex   1.985123e+01 9.081974e+01 3.000000e+00
      vertex   1.351618e+01 9.072466e+01 3.000000e+00
    endloop
  endfacet
  facet normal 0.000000e+00 0.000000e+00 -1.000000e+00
    outer loop
      vertex   1.351618e+01 9.072466e+01 3.000000e+00
      vertex   1.985123e+01 9.081974e+01 3.000000e+00
      vertex   1.983203e+01 9.071119e+01 3.000000e+00
    endloop
  endfacet
  facet normal 0.000000e+00 0.000000e+00 -1.000000e+00
    outer loop
      vertex   1.351618e+01 9.072466e+01 3.000000e+00
      vertex   1.983203e+01 9.071119e+01 3.000000e+00
      vertex   1.355435e+01 9.067107e+01 3.000000e+00
    endloop
  endfacet
  facet normal 0.000000e+00 0.000000e+00 -1.000000e+00
    outer loop
      vertex   1.355435e+01 9.067107e+01 3.000000e+00
      vertex   1.983203e+01 9.071119e+01 3.000000e+00
      vertex   1.360626e+01 9.061993e+01 3.000000e+00
    endloop
  endfacet
  facet normal 0.000000e+00 0.000000e+00 -1.000000e+00
    outer loop
      vertex   1.360626e+01 9.061993e+01 3.000000e+00
      vertex   1.983203e+01 9.071119e+01 3.000000e+00
      vertex   1.979515e+01 9.062174e+01 3.000000e+00
    endloop
  endfacet
  facet normal 0.000000e+00 0.000000e+00 -1.000000e+00
    outer loop
      vertex   1.360626e+01 9.061993e+01 3.000000e+00
      vertex   1.979515e+01 9.062174e+01 3.000000e+00
      vertex   1.367159e+01 9.057128e+01 3.000000e+00
    endloop
  endfacet
  facet normal 0.000000e+00 0.000000e+00 -1.000000e+00
    outer loop
      vertex   1.367159e+01 9.057128e+01 3.000000e+00
      vertex   1.979515e+01 9.062174e+01 3.000000e+00
      vertex   1.384022e+01 9.048165e+01 3.000000e+00
    endloop
  endfacet
  facet normal 0.000000e+00 0.000000e+00 -1.000000e+00
    outer loop
      vertex   1.384022e+01 9.048165e+01 3.000000e+00
      vertex   1.979515e+01 9.062174e+01 3.000000e+00
      vertex   1.973349e+01 9.054116e+01 3.000000e+00
    endloop
  endfacet
  facet normal 0.000000e+00 0.000000e+00 -1.000000e+00
    outer loop
      vertex   1.384022e+01 9.048165e+01 3.000000e+00
      vertex   1.973349e+01 9.054116e+01 3.000000e+00
      vertex   1.640996e+01 9.016785e+01 3.000000e+00
    endloop
  endfacet
  facet normal 0.000000e+00 0.000000e+00 -1.000000e+00
    outer loop
      vertex   1.640996e+01 9.016785e+01 3.000000e+00
      vertex   1.973349e+01 9.054116e+01 3.000000e+00
      vertex   1.964050e+01 9.045847e+01 3.000000e+00
    endloop
  endfacet
  facet normal 0.000000e+00 0.000000e+00 -1.000000e+00
    outer loop
      vertex   1.640996e+01 9.016785e+01 3.000000e+00
      vertex   1.964050e+01 9.045847e+01 3.000000e+00
      vertex   1.698964e+01 9.015462e+01 3.000000e+00
    endloop
  endfacet
  facet normal 0.000000e+00 0.000000e+00 -1.000000e+00
    outer loop
      vertex   1.698964e+01 9.015462e+01 3.000000e+00
      vertex   1.964050e+01 9.045847e+01 3.000000e+00
      vertex   1.951086e+01 9.037464e+01 3.000000e+00
    endloop
  endfacet
  facet normal 0.000000e+00 0.000000e+00 -1.000000e+00
    outer loop
      vertex   1.698964e+01 9.015462e+01 3.000000e+00
      vertex   1.951086e+01 9.037464e+01 3.000000e+00
      vertex   1.934143e+01 9.029778e+01 3.000000e+00
    endloop
  endfacet
  facet normal 0.000000e+00 0.000000e+00 -1.000000e+00
    outer loop
      vertex   1.698964e+01 9.015462e+01 3.000000e+00
      vertex   1.934143e+01 9.029778e+01 3.000000e+00
      vertex   1.763601e+01 9.013623e+01 3.000000e+00
    endloop
  endfacet
  facet normal -9.539391e-16 1.007033e-14 -1.000000e+00
    outer loop
      vertex   1.763601e+01 9.013623e+01 3.000000e+00
      vertex   1.934143e+01 9.029778e+01 3.000000e+00
      vertex   1.913166e+01 9.023381e+01 3.000000e+00
    endloop
  endfacet
  facet normal 4.586920e-16 -1.158152e-14 -1.000000e+00
    outer loop
      vertex   1.763601e+01 9.013623e+01 3.000000e+00
      vertex   1.913166e+01 9.023381e+01 3.000000e+00
      vertex   1.888360e+01 9.018564e+01 3.000000e+00
    endloop
  endfacet
  facet normal -0.000000e+00 0.000000e+00 -1.000000e+00
    outer loop
      vertex   1.860190e+01 9.015381e+01 3.000000e+00
      vertex   1.829370e+01 9.013695e+01 3.000000e+00
      vertex   1.888360e+01 9.018564e+01 3.000000e+00
    endloop
  endfacet
  facet normal 0.000000e+00 0.000000e+00 -1.000000e+00
    outer loop
      vertex   1.888360e+01 9.018564e+01 3.000000e+00
      vertex   1.829370e+01 9.013695e+01 3.000000e+00
      vertex   1.763601e+01 9.013623e+01 3.000000e+00
    endloop
  endfacet
  facet normal 0.000000e+00 0.000000e+00 -1.000000e+00
    outer loop
      vertex   1.589312e+01 9.017257e+01 3.000000e+00
      vertex   1.430018e+01 9.033530e+01 3.000000e+00
      vertex   1.640996e+01 9.016785e+01 3.000000e+00
    endloop
  endfacet
  facet normal 0.000000e+00 0.000000e+00 -1.000000e+00
    outer loop
      vertex   1.640996e+01 9.016785e+01 3.000000e+00
      vertex   1.430018e+01 9.033530e+01 3.000000e+00
      vertex   1.405328e+01 9.040274e+01 3.000000e+00
    endloop
  endfacet
  facet normal 0.000000e+00 0.000000e+00 -1.000000e+00
    outer loop
      vertex   1.640996e+01 9.016785e+01 3.000000e+00
      vertex   1.405328e+01 9.040274e+01 3.000000e+00
      vertex   1.384022e+01 9.048165e+01 3.000000e+00
    endloop
  endfacet
  facet normal 0.000000e+00 0.000000e+00 -1.000000e+00
    outer loop
      vertex   1.538532e+01 9.018756e+01 3.000000e+00
      vertex   1.484488e+01 9.023730e+01 3.000000e+00
      vertex   1.589312e+01 9.017257e+01 3.000000e+00
    endloop
  endfacet
  facet normal 0.000000e+00 0.000000e+00 -1.000000e+00
    outer loop
      vertex   1.589312e+01 9.017257e+01 3.000000e+00
      vertex   1.484488e+01 9.023730e+01 3.000000e+00
      vertex   1.430018e+01 9.033530e+01 3.000000e+00
    endloop
  endfacet
  facet normal 1.850290e-21 -1.000000e+00 -9.473903e-15
    outer loop
      vertex   2.034000e+01 9.110000e+01 3.000000e+00
      vertex   1.985933e+01 9.110000e+01 3.000000e+00
      vertex   2.034000e+01 9.110000e+01 1.500000e+00
    endloop
  endfacet
  facet normal 0.000000e+00 -1.000000e+00 -9.473904e-15
    outer loop
      vertex   2.034000e+01 9.110000e+01 1.500000e+00
      vertex   1.985933e+01 9.110000e+01 3.000000e+00
      vertex   1.348563e+01 9.110000e+01 3.000000e+00
    endloop
  endfacet
  facet normal -0.000000e+00 -1.000000e+00 -9.473904e-15
    outer loop
      vertex   2.034000e+01 9.110000e+01 1.500000e+00
      vertex   1.348563e+01 9.110000e+01 3.000000e+00
      vertex   8.000000e+00 9.110000e+01 1.500000e+00
    endloop
  endfacet
  facet normal 2.322520e-07 -1.000000e+00 -8.493663e-07
    outer loop
      vertex   8.000000e+00 9.110000e+01 1.500000e+00
      vertex   1.348563e+01 9.110000e+01 3.000000e+00
      vertex   8.000000e+00 9.110000e+01 3.000000e+00
    endloop
  endfacet
  facet normal 6.659679e-01 -7.459804e-01 -2.481306e-13
    outer loop
      vertex   2.600270e+01 5.700241e+01 4.509914e-01
      vertex   2.601076e+01 5.700961e+01 4.024548e-01
      vertex   2.600000e+01 5.700000e+01 5.000000e-01
    endloop
  endfacet
  facet normal 6.659679e-01 -7.459804e-01 8.982256e-15
    outer loop
      vertex   2.600000e+01 5.700000e+01 5.000000e-01
      vertex   2.601076e+01 5.700961e+01 4.024548e-01
      vertex   2.602412e+01 5.702153e+01 3.548577e-01
    endloop
  endfacet
  facet normal 6.659679e-01 -7.459804e-01 -6.041054e-15
    outer loop
      vertex   2.600000e+01 5.700000e+01 5.000000e-01
      vertex   2.602412e+01 5.702153e+01 3.548577e-01
      vertex   2.604263e+01 5.703806e+01 3.086583e-01
    endloop
  endfacet
  facet normal 6.659679e-01 -7.459804e-01 -9.422117e-14
    outer loop
      vertex   2.604263e+01 5.703806e+01 3.086583e-01
      vertex   2.609439e+01 5.708427e+01 2.222149e-01
      vertex   2.600000e+01 5.700000e+01 5.000000e-01
    endloop
  endfacet
  facet normal 6.659679e-01 -7.459804e-01 -5.703932e-14
    outer loop
      vertex   2.600000e+01 5.700000e+01 5.000000e-01
      vertex   2.609439e+01 5.708427e+01 2.222149e-01
      vertex   2.616404e+01 5.714645e+01 1.464466e-01
    endloop
  endfacet
  facet normal 6.659679e-01 -7.459804e-01 5.500760e-14
    outer loop
      vertex   2.600000e+01 5.700000e+01 5.000000e-01
      vertex   2.616404e+01 5.714645e+01 1.464466e-01
      vertex   2.624891e+01 5.722221e+01 8.426519e-02
    endloop
  endfacet
  facet normal 6.659679e-01 -7.459804e-01 -6.329710e-14
    outer loop
      vertex   2.624891e+01 5.722221e+01 8.426519e-02
      vertex   2.634574e+01 5.730866e+01 3.806023e-02
      vertex   2.600000e+01 5.700000e+01 5.000000e-01
    endloop
  endfacet
  facet normal 6.659679e-01 -7.459804e-01 -2.453949e-15
    outer loop
      vertex   2.600000e+01 5.700000e+01 5.000000e-01
      vertex   2.634574e+01 5.730866e+01 3.806023e-02
      vertex   2.692923e+01 5.782956e+01 3.000000e+00
    endloop
  endfacet
  facet normal 6.659679e-01 -7.459804e-01 0.000000e+00
    outer loop
      vertex   2.600000e+01 5.700000e+01 5.000000e-01
      vertex   2.692923e+01 5.782956e+01 3.000000e+00
      vertex   2.600000e+01 5.700000e+01 3.000000e+00
    endloop
  endfacet
  facet normal 6.659679e-01 -7.459804e-01 9.123718e-16
    outer loop
      vertex   2.634574e+01 5.730866e+01 3.806023e-02
      vertex   2.645081e+01 5.740245e+01 9.607360e-03
      vertex   2.692923e+01 5.782956e+01 3.000000e+00
    endloop
  endfacet
  facet normal 6.659679e-01 -7.459804e-01 3.043274e-15
    outer loop
      vertex   2.692923e+01 5.782956e+01 3.000000e+00
      vertex   2.645081e+01 5.740245e+01 9.607360e-03
      vertex   2.656007e+01 5.750000e+01 0.000000e+00
    endloop
  endfacet
  facet normal 6.659679e-01 -7.459804e-01 9.177009e-16
    outer loop
      vertex   2.692923e+01 5.782956e+01 3.000000e+00
      vertex   2.656007e+01 5.750000e+01 0.000000e+00
      vertex   2.708137e+01 5.796539e+01 0.000000e+00
    endloop
  endfacet
  facet normal 6.659679e-01 -7.459804e-01 0.000000e+00
    outer loop
      vertex   2.708137e+01 5.796539e+01 0.000000e+00
      vertex   2.708137e+01 5.796539e+01 3.000000e+00
      vertex   2.692923e+01 5.782956e+01 3.000000e+00
    endloop
  endfacet
  facet normal 9.866384e-01 -1.629253e-01 0.000000e+00
    outer loop
      vertex   2.708137e+01 5.796539e+01 3.000000e+00
      vertex   2.708137e+01 5.796539e+01 0.000000e+00
      vertex   2.710391e+01 5.810185e+01 3.000000e+00
    endloop
  endfacet
  facet normal 9.866384e-01 -1.629253e-01 -5.466391e-16
    outer loop
      vertex   2.710391e+01 5.810185e+01 3.000000e+00
      vertex   2.708137e+01 5.796539e+01 0.000000e+00
      vertex   2.716274e+01 5.845815e+01 0.000000e+00
    endloop
  endfacet
  facet normal 9.866384e-01 -1.629253e-01 5.331194e-19
    outer loop
      vertex   2.710391e+01 5.810185e+01 3.000000e+00
      vertex   2.716274e+01 5.845815e+01 0.000000e+00
      vertex   2.716274e+01 5.845815e+01 3.000000e+00
    endloop
  endfacet
  facet normal 9.577341e-01 2.876550e-01 0.000000e+00
    outer loop
      vertex   2.716274e+01 5.845815e+01 3.000000e+00
      vertex   2.716274e+01 5.845815e+01 0.000000e+00
      vertex   2.709010e+01 5.870000e+01 1.500000e+00
    endloop
  endfacet
  facet normal 9.577341e-01 2.876550e-01 1.463672e-15
    outer loop
      vertex   2.709010e+01 5.870000e+01 1.500000e+00
      vertex   2.716274e+01 5.845815e+01 0.000000e+00
      vertex   2.700000e+01 5.900000e+01 0.000000e+00
    endloop
  endfacet
  facet normal 9.577341e-01 2.876550e-01 -1.539482e-18
    outer loop
      vertex   2.709010e+01 5.870000e+01 1.500000e+00
      vertex   2.700000e+01 5.900000e+01 0.000000e+00
      vertex   2.700000e+01 5.900000e+01 1.500000e+00
    endloop
  endfacet
  facet normal 9.577341e-01 2.876550e-01 -0.000000e+00
    outer loop
      vertex   2.709010e+01 5.870000e+01 1.500000e+00
      vertex   2.709010e+01 5.870000e+01 3.000000e+00
      vertex   2.716274e+01 5.845815e+01 3.000000e+00
    endloop
  endfacet
  facet normal 7.545929e-01 6.561932e-01 -0.000000e+00
    outer loop
      vertex   2.700000e+01 5.900000e+01 0.000000e+00
      vertex   2.660862e+01 5.945007e+01 0.000000e+00
      vertex   2.700000e+01 5.900000e+01 1.500000e+00
    endloop
  endfacet
  facet normal 7.545929e-01 6.561932e-01 6.055713e-18
    outer loop
      vertex   2.700000e+01 5.900000e+01 1.500000e+00
      vertex   2.660862e+01 5.945007e+01 0.000000e+00
      vertex   2.660862e+01 5.945007e+01 1.500000e+00
    endloop
  endfacet
  facet normal 3.107289e-01 9.504986e-01 -0.000000e+00
    outer loop
      vertex   2.660862e+01 5.945007e+01 0.000000e+00
      vertex   2.615000e+01 5.960000e+01 0.000000e+00
      vertex   2.660862e+01 5.945007e+01 1.500000e+00
    endloop
  endfacet
  facet normal 3.107289e-01 9.504986e-01 1.273083e-18
    outer loop
      vertex   2.660862e+01 5.945007e+01 1.500000e+00
      vertex   2.615000e+01 5.960000e+01 0.000000e+00
      vertex   2.615000e+01 5.960000e+01 1.500000e+00
    endloop
  endfacet
  facet normal 0.000000e+00 1.000000e+00 -0.000000e+00
    outer loop
      vertex   2.615000e+01 5.960000e+01 0.000000e+00
      vertex   2.590000e+01 5.960000e+01 0.000000e+00
      vertex   2.615000e+01 5.960000e+01 1.500000e+00
    endloop
  endfacet
  facet normal 0.000000e+00 1.000000e+00 0.000000e+00
    outer loop
      vertex   2.615000e+01 5.960000e+01 1.500000e+00
      vertex   2.590000e+01 5.960000e+01 0.000000e+00
      vertex   2.590000e+01 5.960000e+01 1.500000e+00
    endloop
  endfacet
  facet normal -5.863353e-01 8.100685e-01 0.000000e+00
    outer loop
      vertex   2.465658e+01 5.870000e+01 3.000000e+00
      vertex   2.465658e+01 5.870000e+01 1.500000e+00
      vertex   2.392871e+01 5.817316e+01 3.000000e+00
    endloop
  endfacet
  facet normal -5.863353e-01 8.100685e-01 1.518699e-14
    outer loop
      vertex   2.392871e+01 5.817316e+01 3.000000e+00
      vertex   2.465658e+01 5.870000e+01 1.500000e+00
      vertex   2.380000e+01 5.808000e+01 3.000000e+00
    endloop
  endfacet
  facet normal -5.863353e-01 8.100685e-01 0.000000e+00
    outer loop
      vertex   2.380000e+01 5.808000e+01 3.000000e+00
      vertex   2.465658e+01 5.870000e+01 1.500000e+00
      vertex   2.380000e+01 5.808000e+01 0.000000e+00
    endloop
  endfacet
  facet normal -5.863353e-01 8.100685e-01 -1.221781e-15
    outer loop
      vertex   2.380000e+01 5.808000e+01 0.000000e+00
      vertex   2.465658e+01 5.870000e+01 1.500000e+00
      vertex   2.590000e+01 5.960000e+01 0.000000e+00
    endloop
  endfacet
  facet normal -5.863353e-01 8.100685e-01 0.000000e+00
    outer loop
      vertex   2.590000e+01 5.960000e+01 0.000000e+00
      vertex   2.465658e+01 5.870000e+01 1.500000e+00
      vertex   2.590000e+01 5.960000e+01 1.500000e+00
    endloop
  endfacet
  facet normal 0.000000e+00 1.000000e+00 -0.000000e+00
    outer loop
      vertex   2.380000e+01 5.808000e+01 0.000000e+00
      vertex   2.033000e+01 5.808000e+01 0.000000e+00
      vertex   2.380000e+01 5.808000e+01 3.000000e+00
    endloop
  endfacet
  facet normal 0.000000e+00 1.000000e+00 0.000000e+00
    outer loop
      vertex   2.380000e+01 5.808000e+01 3.000000e+00
      vertex   2.033000e+01 5.808000e+01 0.000000e+00
      vertex   2.033000e+01 5.808000e+01 3.000000e+00
    endloop
  endfacet
  facet normal 1.000000e+00 0.000000e+00 0.000000e+00
    outer loop
      vertex   2.033000e+01 5.808000e+01 3.000000e+00
      vertex   2.033000e+01 5.808000e+01 0.000000e+00
      vertex   2.033000e+01 5.870000e+01 1.500000e+00
    endloop
  endfacet
  facet normal 1.000000e+00 0.000000e+00 0.000000e+00
    outer loop
      vertex   2.033000e+01 5.870000e+01 1.500000e+00
      vertex   2.033000e+01 5.808000e+01 0.000000e+00
      vertex   2.033000e+01 5.884000e+01 0.000000e+00
    endloop
  endfacet
  facet normal 1.000000e+00 -0.000000e+00 0.000000e+00
    outer loop
      vertex   2.033000e+01 5.870000e+01 1.500000e+00
      vertex   2.033000e+01 5.884000e+01 0.000000e+00
      vertex   2.033000e+01 5.884000e+01 1.500000e+00
    endloop
  endfacet
  facet normal 1.000000e+00 0.000000e+00 -0.000000e+00
    outer loop
      vertex   2.033000e+01 5.870000e+01 1.500000e+00
      vertex   2.033000e+01 5.870000e+01 3.000000e+00
      vertex   2.033000e+01 5.808000e+01 3.000000e+00
    endloop
  endfacet
  facet normal 4.459441e-03 -9.999901e-01 0.000000e+00
    outer loop
      vertex   2.033000e+01 5.884000e+01 0.000000e+00
      vertex   2.349493e+01 5.885411e+01 0.000000e+00
      vertex   2.033000e+01 5.884000e+01 1.500000e+00
    endloop
  endfacet
  facet normal 4.459441e-03 -9.999901e-01 -6.337481e-19
    outer loop
      vertex   2.033000e+01 5.884000e+01 1.500000e+00
      vertex   2.349493e+01 5.885411e+01 0.000000e+00
      vertex   2.349493e+01 5.885411e+01 1.500000e+00
    endloop
  endfacet
  facet normal 6.880931e-01 -7.256224e-01 0.000000e+00
    outer loop
      vertex   2.349493e+01 5.885411e+01 0.000000e+00
      vertex   2.368082e+01 5.903039e+01 0.000000e+00
      vertex   2.349493e+01 5.885411e+01 1.500000e+00
    endloop
  endfacet
  facet normal 6.880931e-01 -7.256224e-01 -5.809462e-18
    outer loop
      vertex   2.349493e+01 5.885411e+01 1.500000e+00
      vertex   2.368082e+01 5.903039e+01 0.000000e+00
      vertex   2.368082e+01 5.903039e+01 1.500000e+00
    endloop
  endfacet
  facet normal 5.445431e-01 -8.387329e-01 0.000000e+00
    outer loop
      vertex   2.368082e+01 5.903039e+01 0.000000e+00
      vertex   2.571060e+01 6.034821e+01 0.000000e+00
      vertex   2.368082e+01 5.903039e+01 1.500000e+00
    endloop
  endfacet
  facet normal 5.445431e-01 -8.387329e-01 -1.235071e-17
    outer loop
      vertex   2.368082e+01 5.903039e+01 1.500000e+00
      vertex   2.571060e+01 6.034821e+01 0.000000e+00
      vertex   2.571060e+01 6.034821e+01 1.500000e+00
    endloop
  endfacet
  facet normal -8.152763e-02 -9.966711e-01 0.000000e+00
    outer loop
      vertex   2.571060e+01 6.034821e+01 0.000000e+00
      vertex   2.630000e+01 6.030000e+01 0.000000e+00
      vertex   2.571060e+01 6.034821e+01 1.500000e+00
    endloop
  endfacet
  facet normal -8.152763e-02 -9.966711e-01 5.648780e-19
    outer loop
      vertex   2.571060e+01 6.034821e+01 1.500000e+00
      vertex   2.630000e+01 6.030000e+01 0.000000e+00
      vertex   2.630000e+01 6.030000e+01 1.500000e+00
    endloop
  endfacet
  facet normal -3.364517e-01 -9.417007e-01 0.000000e+00
    outer loop
      vertex   2.630000e+01 6.030000e+01 0.000000e+00
      vertex   2.703402e+01 6.003775e+01 0.000000e+00
      vertex   2.630000e+01 6.030000e+01 1.500000e+00
    endloop
  endfacet
  facet normal -3.364517e-01 -9.417007e-01 1.094225e-17
    outer loop
      vertex   2.630000e+01 6.030000e+01 1.500000e+00
      vertex   2.703402e+01 6.003775e+01 0.000000e+00
      vertex   2.703402e+01 6.003775e+01 1.500000e+00
    endloop
  endfacet
  facet normal -6.916316e-01 -7.222504e-01 0.000000e+00
    outer loop
      vertex   2.703402e+01 6.003775e+01 0.000000e+00
      vertex   2.770000e+01 5.940000e+01 0.000000e+00
      vertex   2.703402e+01 6.003775e+01 1.500000e+00
    endloop
  endfacet
  facet normal -6.916316e-01 -7.222504e-01 2.991100e-19
    outer loop
      vertex   2.703402e+01 6.003775e+01 1.500000e+00
      vertex   2.770000e+01 5.940000e+01 0.000000e+00
      vertex   2.770000e+01 5.940000e+01 1.500000e+00
    endloop
  endfacet
  facet normal -9.363292e-01 -3.511234e-01 -0.000000e+00
    outer loop
      vertex   2.770000e+01 5.940000e+01 1.500000e+00
      vertex   2.770000e+01 5.940000e+01 0.000000e+00
      vertex   2.796250e+01 5.870000e+01 1.500000e+00
    endloop
  endfacet
  facet normal -9.363292e-01 -3.511234e-01 1.353560e-18
    outer loop
      vertex   2.796250e+01 5.870000e+01 1.500000e+00
      vertex   2.770000e+01 5.940000e+01 0.000000e+00
      vertex   2.800000e+01 5.860000e+01 0.000000e+00
    endloop
  endfacet
  facet normal -9.363292e-01 -3.511234e-01 0.000000e+00
    outer loop
      vertex   2.796250e+01 5.870000e+01 1.500000e+00
      vertex   2.800000e+01 5.860000e+01 0.000000e+00
      vertex   2.800000e+01 5.860000e+01 3.000000e+00
    endloop
  endfacet
  facet normal -9.363292e-01 -3.511234e-01 0.000000e+00
    outer loop
      vertex   2.800000e+01 5.860000e+01 3.000000e+00
      vertex   2.796250e+01 5.870000e+01 3.000000e+00
      vertex   2.796250e+01 5.870000e+01 1.500000e+00
    endloop
  endfacet
  facet normal -1.000000e+00 0.000000e+00 0.000000e+00
    outer loop
      vertex   2.800000e+01 5.737059e+01 1.703709e-02
      vertex   2.800000e+01 5.700000e+01 5.000000e-01
      vertex   2.800000e+01 5.750000e+01 0.000000e+00
    endloop
  endfacet
  facet normal -1.000000e+00 0.000000e+00 0.000000e+00
    outer loop
      vertex   2.800000e+01 5.750000e+01 0.000000e+00
      vertex   2.800000e+01 5.700000e+01 5.000000e-01
      vertex   2.800000e+01 5.700000e+01 3.000000e+00
    endloop
  endfacet
  facet normal -1.000000e+00 0.000000e+00 0.000000e+00
    outer loop
      vertex   2.800000e+01 5.750000e+01 0.000000e+00
      vertex   2.800000e+01 5.700000e+01 3.000000e+00
      vertex   2.800000e+01 5.860000e+01 3.000000e+00
    endloop
  endfacet
  facet normal -1.000000e+00 0.000000e+00 0.000000e+00
    outer loop
      vertex   2.800000e+01 5.737059e+01 1.703709e-02
      vertex   2.800000e+01 5.725000e+01 6.698730e-02
      vertex   2.800000e+01 5.700000e+01 5.000000e-01
    endloop
  endfacet
  facet normal -1.000000e+00 0.000000e+00 0.000000e+00
    outer loop
      vertex   2.800000e+01 5.700000e+01 5.000000e-01
      vertex   2.800000e+01 5.725000e+01 6.698730e-02
      vertex   2.800000e+01 5.714645e+01 1.464466e-01
    endloop
  endfacet
  facet normal -1.000000e+00 0.000000e+00 0.000000e+00
    outer loop
      vertex   2.800000e+01 5.700000e+01 5.000000e-01
      vertex   2.800000e+01 5.714645e+01 1.464466e-01
      vertex   2.800000e+01 5.706699e+01 2.500000e-01
    endloop
  endfacet
  facet normal -1.000000e+00 0.000000e+00 0.000000e+00
    outer loop
      vertex   2.800000e+01 5.706699e+01 2.500000e-01
      vertex   2.800000e+01 5.701704e+01 3.705905e-01
      vertex   2.800000e+01 5.700000e+01 5.000000e-01
    endloop
  endfacet
  facet normal -1.000000e+00 0.000000e+00 -0.000000e+00
    outer loop
      vertex   2.800000e+01 5.860000e+01 3.000000e+00
      vertex   2.800000e+01 5.860000e+01 0.000000e+00
      vertex   2.800000e+01 5.750000e+01 0.000000e+00
    endloop
  endfacet
  facet normal -1.000000e+00 -9.715869e-14 4.024445e-14
    outer loop
      vertex   2.799379e+01 9.254038e+01 3.705905e-01
      vertex   2.799379e+01 9.249043e+01 2.500000e-01
      vertex   2.799379e+01 9.255742e+01 5.000000e-01
    endloop
  endfacet
  facet normal -1.000000e+00 -2.845712e-14 2.183592e-14
    outer loop
      vertex   2.799379e+01 9.255742e+01 5.000000e-01
      vertex   2.799379e+01 9.249043e+01 2.500000e-01
      vertex   2.799379e+01 9.241097e+01 1.464466e-01
    endloop
  endfacet
  facet normal -1.000000e+00 -1.130310e-14 1.473049e-14
    outer loop
      vertex   2.799379e+01 9.255742e+01 5.000000e-01
      vertex   2.799379e+01 9.241097e+01 1.464466e-01
      vertex   2.799379e+01 9.230742e+01 6.698730e-02
    endloop
  endfacet
  facet normal -1.000000e+00 -4.466658e-15 1.078347e-14
    outer loop
      vertex   2.799379e+01 9.230742e+01 6.698730e-02
      vertex   2.799379e+01 9.218683e+01 1.703709e-02
      vertex   2.799379e+01 9.255742e+01 5.000000e-01
    endloop
  endfacet
  facet normal -1.000000e+00 -1.077273e-15 8.182700e-15
    outer loop
      vertex   2.799379e+01 9.255742e+01 5.000000e-01
      vertex   2.799379e+01 9.218683e+01 1.703709e-02
      vertex   2.799379e+01 9.205742e+01 0.000000e+00
    endloop
  endfacet
  facet normal -1.000000e+00 4.337123e-15 2.768304e-15
    outer loop
      vertex   2.799379e+01 9.255742e+01 5.000000e-01
      vertex   2.799379e+01 9.205742e+01 0.000000e+00
      vertex   2.799379e+01 9.110000e+01 1.500000e+00
    endloop
  endfacet
  facet normal -1.000000e+00 0.000000e+00 -0.000000e+00
    outer loop
      vertex   2.799379e+01 9.110000e+01 1.500000e+00
      vertex   2.799379e+01 9.205742e+01 0.000000e+00
      vertex   2.799379e+01 9.106862e+01 0.000000e+00
    endloop
  endfacet
  facet normal -1.000000e+00 -0.000000e+00 0.000000e+00
    outer loop
      vertex   2.799379e+01 9.110000e+01 1.500000e+00
      vertex   2.799379e+01 9.106862e+01 0.000000e+00
      vertex   2.799379e+01 9.106862e+01 1.500000e+00
    endloop
  endfacet
  facet normal -1.000000e+00 0.000000e+00 0.000000e+00
    outer loop
      vertex   2.799379e+01 9.110000e+01 3.000000e+00
      vertex   2.799379e+01 9.255742e+01 3.000000e+00
      vertex   2.799379e+01 9.110000e+01 1.500000e+00
    endloop
  endfacet
  facet normal -1.000000e+00 1.462602e-15 -1.421086e-15
    outer loop
      vertex   2.799379e+01 9.110000e+01 1.500000e+00
      vertex   2.799379e+01 9.255742e+01 3.000000e+00
      vertex   2.799379e+01 9.255742e+01 5.000000e-01
    endloop
  endfacet
  facet normal -9.520035e-01 3.060871e-01 0.000000e+00
    outer loop
      vertex   2.799379e+01 9.106862e+01 0.000000e+00
      vertex   2.766325e+01 9.004057e+01 0.000000e+00
      vertex   2.799379e+01 9.106862e+01 1.500000e+00
    endloop
  endfacet
  facet normal -9.520035e-01 3.060871e-01 -1.419193e-17
    outer loop
      vertex   2.799379e+01 9.106862e+01 1.500000e+00
      vertex   2.766325e+01 9.004057e+01 0.000000e+00
      vertex   2.766325e+01 9.004057e+01 1.500000e+00
    endloop
  endfacet
  facet normal -7.241817e-01 6.896092e-01 0.000000e+00
    outer loop
      vertex   2.766325e+01 9.004057e+01 0.000000e+00
      vertex   2.702729e+01 8.937273e+01 0.000000e+00
      vertex   2.766325e+01 9.004057e+01 1.500000e+00
    endloop
  endfacet
  facet normal -7.241817e-01 6.896092e-01 -4.847801e-18
    outer loop
      vertex   2.766325e+01 9.004057e+01 1.500000e+00
      vertex   2.702729e+01 8.937273e+01 0.000000e+00
      vertex   2.702729e+01 8.937273e+01 1.500000e+00
    endloop
  endfacet
  facet normal -3.511136e-01 9.363329e-01 0.000000e+00
    outer loop
      vertex   2.702729e+01 8.937273e+01 0.000000e+00
      vertex   2.630000e+01 8.910000e+01 0.000000e+00
      vertex   2.702729e+01 8.937273e+01 1.500000e+00
    endloop
  endfacet
  facet normal -3.511136e-01 9.363329e-01 -6.782282e-18
    outer loop
      vertex   2.702729e+01 8.937273e+01 1.500000e+00
      vertex   2.630000e+01 8.910000e+01 0.000000e+00
      vertex   2.630000e+01 8.910000e+01 1.500000e+00
    endloop
  endfacet
  facet normal -5.165135e-02 9.986652e-01 0.000000e+00
    outer loop
      vertex   2.630000e+01 8.910000e+01 0.000000e+00
      vertex   2.572000e+01 8.907000e+01 0.000000e+00
      vertex   2.630000e+01 8.910000e+01 1.500000e+00
    endloop
  endfacet
  facet normal -5.165135e-02 9.986652e-01 -1.742368e-18
    outer loop
      vertex   2.630000e+01 8.910000e+01 1.500000e+00
      vertex   2.572000e+01 8.907000e+01 0.000000e+00
      vertex   2.572000e+01 8.907000e+01 1.500000e+00
    endloop
  endfacet
  facet normal 5.612688e-01 8.276336e-01 -0.000000e+00
    outer loop
      vertex   2.572000e+01 8.907000e+01 0.000000e+00
      vertex   2.398000e+01 9.025000e+01 0.000000e+00
      vertex   2.572000e+01 8.907000e+01 1.500000e+00
    endloop
  endfacet
  facet normal 5.612688e-01 8.276336e-01 -3.334875e-17
    outer loop
      vertex   2.572000e+01 8.907000e+01 1.500000e+00
      vertex   2.398000e+01 9.025000e+01 0.000000e+00
      vertex   2.398000e+01 9.025000e+01 1.500000e+00
    endloop
  endfacet
  facet normal 6.305926e-01 7.761140e-01 -0.000000e+00
    outer loop
      vertex   2.398000e+01 9.025000e+01 0.000000e+00
      vertex   2.382000e+01 9.038000e+01 0.000000e+00
      vertex   2.398000e+01 9.025000e+01 1.500000e+00
    endloop
  endfacet
  facet normal 6.305926e-01 7.761140e-01 -2.804881e-18
    outer loop
      vertex   2.398000e+01 9.025000e+01 1.500000e+00
      vertex   2.382000e+01 9.038000e+01 0.000000e+00
      vertex   2.382000e+01 9.038000e+01 1.500000e+00
    endloop
  endfacet
  facet normal 4.295888e-01 9.030246e-01 -0.000000e+00
    outer loop
      vertex   2.382000e+01 9.038000e+01 0.000000e+00
      vertex   2.368318e+01 9.044509e+01 0.000000e+00
      vertex   2.382000e+01 9.038000e+01 1.500000e+00
    endloop
  endfacet
  facet normal 4.295888e-01 9.030246e-01 1.617018e-18
    outer loop
      vertex   2.382000e+01 9.038000e+01 1.500000e+00
      vertex   2.368318e+01 9.044509e+01 0.000000e+00
      vertex   2.368318e+01 9.044509e+01 1.500000e+00
    endloop
  endfacet
  facet normal 6.896092e-01 7.241817e-01 -0.000000e+00
    outer loop
      vertex   2.368318e+01 9.044509e+01 0.000000e+00
      vertex   2.351000e+01 9.061000e+01 0.000000e+00
      vertex   2.368318e+01 9.044509e+01 1.500000e+00
    endloop
  endfacet
  facet normal 6.896092e-01 7.241817e-01 4.717695e-18
    outer loop
      vertex   2.368318e+01 9.044509e+01 1.500000e+00
      vertex   2.351000e+01 9.061000e+01 0.000000e+00
      vertex   2.351000e+01 9.061000e+01 1.500000e+00
    endloop
  endfacet
  facet normal 3.154558e-03 9.999950e-01 -0.000000e+00
    outer loop
      vertex   2.351000e+01 9.061000e+01 0.000000e+00
      vertex   2.034000e+01 9.062000e+01 0.000000e+00
      vertex   2.351000e+01 9.061000e+01 1.500000e+00
    endloop
  endfacet
  facet normal 3.154558e-03 9.999950e-01 -2.394125e-19
    outer loop
      vertex   2.351000e+01 9.061000e+01 1.500000e+00
      vertex   2.034000e+01 9.062000e+01 0.000000e+00
      vertex   2.034000e+01 9.062000e+01 1.500000e+00
    endloop
  endfacet
  facet normal -6.448962e-01 -7.642701e-01 0.000000e+00
    outer loop
      vertex   2.424500e+01 9.101096e+01 0.000000e+00
      vertex   2.442309e+01 9.086069e+01 0.000000e+00
      vertex   2.424500e+01 9.101096e+01 1.500000e+00
    endloop
  endfacet
  facet normal -6.448962e-01 -7.642701e-01 -4.428268e-18
    outer loop
      vertex   2.424500e+01 9.101096e+01 1.500000e+00
      vertex   2.442309e+01 9.086069e+01 0.000000e+00
      vertex   2.442309e+01 9.086069e+01 1.500000e+00
    endloop
  endfacet
  facet normal -5.637314e-01 -8.259582e-01 0.000000e+00
    outer loop
      vertex   2.442309e+01 9.086069e+01 0.000000e+00
      vertex   2.591556e+01 8.984205e+01 0.000000e+00
      vertex   2.442309e+01 9.086069e+01 1.500000e+00
    endloop
  endfacet
  facet normal -5.637314e-01 -8.259582e-01 9.553699e-19
    outer loop
      vertex   2.442309e+01 9.086069e+01 1.500000e+00
      vertex   2.591556e+01 8.984205e+01 0.000000e+00
      vertex   2.591556e+01 8.984205e+01 1.500000e+00
    endloop
  endfacet
  facet normal 8.320944e-02 -9.965321e-01 0.000000e+00
    outer loop
      vertex   2.591556e+01 8.984205e+01 0.000000e+00
      vertex   2.616167e+01 8.986260e+01 0.000000e+00
      vertex   2.591556e+01 8.984205e+01 1.500000e+00
    endloop
  endfacet
  facet normal 8.320944e-02 -9.965321e-01 -1.058031e-18
    outer loop
      vertex   2.591556e+01 8.984205e+01 1.500000e+00
      vertex   2.616167e+01 8.986260e+01 0.000000e+00
      vertex   2.616167e+01 8.986260e+01 1.500000e+00
    endloop
  endfacet
  facet normal 3.404613e-01 -9.402585e-01 0.000000e+00
    outer loop
      vertex   2.616167e+01 8.986260e+01 0.000000e+00
      vertex   2.660611e+01 9.002352e+01 0.000000e+00
      vertex   2.616167e+01 8.986260e+01 1.500000e+00
    endloop
  endfacet
  facet normal 3.404613e-01 -9.402585e-01 9.413708e-18
    outer loop
      vertex   2.616167e+01 8.986260e+01 1.500000e+00
      vertex   2.660611e+01 9.002352e+01 0.000000e+00
      vertex   2.660611e+01 9.002352e+01 1.500000e+00
    endloop
  endfacet
  facet normal 7.212769e-01 -6.926468e-01 0.000000e+00
    outer loop
      vertex   2.660611e+01 9.002352e+01 0.000000e+00
      vertex   2.699849e+01 9.043213e+01 0.000000e+00
      vertex   2.660611e+01 9.002352e+01 1.500000e+00
    endloop
  endfacet
  facet normal 7.212769e-01 -6.926468e-01 1.231074e-17
    outer loop
      vertex   2.660611e+01 9.002352e+01 1.500000e+00
      vertex   2.699849e+01 9.043213e+01 0.000000e+00
      vertex   2.699849e+01 9.043213e+01 1.500000e+00
    endloop
  endfacet
  facet normal -1.953039e-07 0.000000e+00 1.000000e+00
    outer loop
      vertex   2.034000e+01 9.110000e+01 3.000000e+00
      vertex   2.034000e+01 9.135000e+01 3.000000e+00
      vertex   1.985933e+01 9.110000e+01 3.000000e+00
    endloop
  endfacet
  facet normal -1.915860e-07 -7.148266e-09 1.000000e+00
    outer loop
      vertex   1.985933e+01 9.110000e+01 3.000000e+00
      vertex   2.034000e+01 9.135000e+01 3.000000e+00
      vertex   1.985000e+01 9.135000e+01 3.000000e+00
    endloop
  endfacet
  facet normal 9.991119e-01 4.213531e-02 0.000000e+00
    outer loop
      vertex   1.985000e+01 9.135000e+01 4.200000e+00
      vertex   1.985788e+01 9.116312e+01 4.200000e+00
      vertex   1.985000e+01 9.135000e+01 3.000000e+00
    endloop
  endfacet
  facet normal 9.993044e-01 3.728505e-02 -7.566218e-04
    outer loop
      vertex   1.985000e+01 9.135000e+01 3.000000e+00
      vertex   1.985788e+01 9.116312e+01 4.200000e+00
      vertex   1.985933e+01 9.110000e+01 3.000000e+00
    endloop
  endfacet
  facet normal 9.999294e-01 1.187214e-02 5.807973e-04
    outer loop
      vertex   1.985933e+01 9.110000e+01 3.000000e+00
      vertex   1.985788e+01 9.116312e+01 4.200000e+00
      vertex   1.985984e+01 9.099830e+01 4.200000e+00
    endloop
  endfacet
  facet normal 9.999977e-01 -2.053139e-03 -5.994302e-04
    outer loop
      vertex   1.985933e+01 9.110000e+01 3.000000e+00
      vertex   1.985984e+01 9.099830e+01 4.200000e+00
      vertex   1.985902e+01 9.094959e+01 3.000000e+00
    endloop
  endfacet
  facet normal 9.992938e-01 -3.756656e-02 8.426152e-04
    outer loop
      vertex   1.985902e+01 9.094959e+01 3.000000e+00
      vertex   1.985984e+01 9.099830e+01 4.200000e+00
      vertex   1.985448e+01 9.085579e+01 4.200000e+00
    endloop
  endfacet
  facet normal 9.982047e-01 -5.988754e-02 -9.061084e-04
    outer loop
      vertex   1.985902e+01 9.094959e+01 3.000000e+00
      vertex   1.985448e+01 9.085579e+01 4.200000e+00
      vertex   1.985123e+01 9.081974e+01 3.000000e+00
    endloop
  endfacet
  facet normal 9.908531e-01 -1.349380e-01 1.368963e-03
    outer loop
      vertex   1.985123e+01 9.081974e+01 3.000000e+00
      vertex   1.985448e+01 9.085579e+01 4.200000e+00
      vertex   1.983821e+01 9.073631e+01 4.200000e+00
    endloop
  endfacet
  facet normal 9.847191e-01 -1.741444e-01 -1.423219e-03
    outer loop
      vertex   1.985123e+01 9.081974e+01 3.000000e+00
      vertex   1.983821e+01 9.073631e+01 4.200000e+00
      vertex   1.983203e+01 9.071119e+01 3.000000e+00
    endloop
  endfacet
  facet normal 9.450074e-01 -3.270429e-01 1.981489e-03
    outer loop
      vertex   1.983203e+01 9.071119e+01 3.000000e+00
      vertex   1.983821e+01 9.073631e+01 4.200000e+00
      vertex   1.980451e+01 9.063892e+01 4.200000e+00
    endloop
  endfacet
  facet normal 9.244904e-01 -3.812013e-01 -1.750870e-03
    outer loop
      vertex   1.983203e+01 9.071119e+01 3.000000e+00
      vertex   1.980451e+01 9.063892e+01 4.200000e+00
      vertex   1.979515e+01 9.062174e+01 3.000000e+00
    endloop
  endfacet
  facet normal 8.203244e-01 -5.718957e-01 1.793008e-03
    outer loop
      vertex   1.979515e+01 9.062174e+01 3.000000e+00
      vertex   1.980451e+01 9.063892e+01 4.200000e+00
      vertex   1.974533e+01 9.055405e+01 4.200000e+00
    endloop
  endfacet
  facet normal 7.941587e-01 -6.077091e-01 -1.313285e-03
    outer loop
      vertex   1.979515e+01 9.062174e+01 3.000000e+00
      vertex   1.974533e+01 9.055405e+01 4.200000e+00
      vertex   1.973349e+01 9.054116e+01 3.000000e+00
    endloop
  endfacet
  facet normal 6.809562e-01 -7.323232e-01 1.142947e-03
    outer loop
      vertex   1.973349e+01 9.054116e+01 3.000000e+00
      vertex   1.974533e+01 9.055405e+01 4.200000e+00
      vertex   1.965307e+01 9.046825e+01 4.200000e+00
    endloop
  endfacet
  facet normal 6.644879e-01 -7.472985e-01 -8.705054e-04
    outer loop
      vertex   1.973349e+01 9.054116e+01 3.000000e+00
      vertex   1.965307e+01 9.046825e+01 4.200000e+00
      vertex   1.964050e+01 9.045847e+01 3.000000e+00
    endloop
  endfacet
  facet normal 5.546955e-01 -8.320529e-01 9.699982e-04
    outer loop
      vertex   1.964050e+01 9.045847e+01 3.000000e+00
      vertex   1.965307e+01 9.046825e+01 4.200000e+00
      vertex   1.952140e+01 9.038047e+01 4.200000e+00
    endloop
  endfacet
  facet normal 5.430587e-01 -8.396945e-01 -6.816954e-04
    outer loop
      vertex   1.964050e+01 9.045847e+01 3.000000e+00
      vertex   1.952140e+01 9.038047e+01 4.200000e+00
      vertex   1.951086e+01 9.037464e+01 3.000000e+00
    endloop
  endfacet
  facet normal 4.193179e-01 -9.078392e-01 7.356708e-04
    outer loop
      vertex   1.951086e+01 9.037464e+01 3.000000e+00
      vertex   1.952140e+01 9.038047e+01 4.200000e+00
      vertex   1.934647e+01 9.029968e+01 4.200000e+00
    endloop
  endfacet
  facet normal 4.131006e-01 -9.106853e-01 -2.938687e-04
    outer loop
      vertex   1.951086e+01 9.037464e+01 3.000000e+00
      vertex   1.934647e+01 9.029968e+01 4.200000e+00
      vertex   1.934143e+01 9.029778e+01 3.000000e+00
    endloop
  endfacet
  facet normal 2.921331e-01 -9.563776e-01 2.859940e-04
    outer loop
      vertex   1.934143e+01 9.029778e+01 3.000000e+00
      vertex   1.934647e+01 9.029968e+01 4.200000e+00
      vertex   1.912752e+01 9.023280e+01 4.200000e+00
    endloop
  endfacet
  facet normal 2.916878e-01 -9.565136e-01 1.992508e-04
    outer loop
      vertex   1.934143e+01 9.029778e+01 3.000000e+00
      vertex   1.912752e+01 9.023280e+01 4.200000e+00
      vertex   1.913166e+01 9.023381e+01 3.000000e+00
    endloop
  endfacet
  facet normal 1.906252e-01 -9.816629e-01 -1.707247e-04
    outer loop
      vertex   1.913166e+01 9.023381e+01 3.000000e+00
      vertex   1.912752e+01 9.023280e+01 4.200000e+00
      vertex   1.888360e+01 9.018564e+01 3.000000e+00
    endloop
  endfacet
  facet normal 1.870344e-01 -9.823532e-01 5.862643e-04
    outer loop
      vertex   1.888360e+01 9.018564e+01 3.000000e+00
      vertex   1.912752e+01 9.023280e+01 4.200000e+00
      vertex   1.886688e+01 9.018317e+01 4.200000e+00
    endloop
  endfacet
  facet normal 1.122647e-01 -9.936782e-01 -4.790646e-04
    outer loop
      vertex   1.888360e+01 9.018564e+01 3.000000e+00
      vertex   1.886688e+01 9.018317e+01 4.200000e+00
      vertex   1.860190e+01 9.015381e+01 3.000000e+00
    endloop
  endfacet
  facet normal 1.066379e-01 -9.942976e-01 7.785956e-04
    outer loop
      vertex   1.860190e+01 9.015381e+01 3.000000e+00
      vertex   1.886688e+01 9.018317e+01 4.200000e+00
      vertex   1.856995e+01 9.015133e+01 4.200000e+00
    endloop
  endfacet
  facet normal 5.462014e-02 -9.985070e-01 -6.149632e-04
    outer loop
      vertex   1.860190e+01 9.015381e+01 3.000000e+00
      vertex   1.856995e+01 9.015133e+01 4.200000e+00
      vertex   1.829370e+01 9.013695e+01 3.000000e+00
    endloop
  endfacet
  facet normal 4.853314e-02 -9.988213e-01 7.900649e-04
    outer loop
      vertex   1.829370e+01 9.013695e+01 3.000000e+00
      vertex   1.856995e+01 9.015133e+01 4.200000e+00
      vertex   1.824512e+01 9.013554e+01 4.200000e+00
    endloop
  endfacet
  facet normal 8.864483e-03 -9.999604e-01 -8.171116e-04
    outer loop
      vertex   1.829370e+01 9.013695e+01 3.000000e+00
      vertex   1.824512e+01 9.013554e+01 4.200000e+00
      vertex   1.790320e+01 9.013251e+01 4.200000e+00
    endloop
  endfacet
  facet normal 1.103421e-03 -9.999938e-01 -3.342810e-03
    outer loop
      vertex   1.829370e+01 9.013695e+01 3.000000e+00
      vertex   1.790320e+01 9.013251e+01 4.200000e+00
      vertex   1.763601e+01 9.013623e+01 3.000000e+00
    endloop
  endfacet
  facet normal -2.202956e-02 -9.997557e-01 1.808703e-03
    outer loop
      vertex   1.763601e+01 9.013623e+01 3.000000e+00
      vertex   1.790320e+01 9.013251e+01 4.200000e+00
      vertex   1.721471e+01 9.014768e+01 4.200000e+00
    endloop
  endfacet
  facet normal -2.843830e-02 -9.995955e-01 -4.428462e-04
    outer loop
      vertex   1.763601e+01 9.013623e+01 3.000000e+00
      vertex   1.721471e+01 9.014768e+01 4.200000e+00
      vertex   1.698964e+01 9.015462e+01 3.000000e+00
    endloop
  endfacet
  facet normal -3.032062e-02 -9.995402e-01 -8.948772e-05
    outer loop
      vertex   1.698964e+01 9.015462e+01 3.000000e+00
      vertex   1.721471e+01 9.014768e+01 4.200000e+00
      vertex   1.688849e+01 9.015758e+01 4.200000e+00
    endloop
  endfacet
  facet normal -2.430724e-02 -9.997044e-01 4.177948e-04
    outer loop
      vertex   1.698964e+01 9.015462e+01 3.000000e+00
      vertex   1.688849e+01 9.015758e+01 4.200000e+00
      vertex   1.658275e+01 9.016501e+01 4.200000e+00
    endloop
  endfacet
  facet normal -2.282719e-02 -9.997390e-01 9.199436e-04
    outer loop
      vertex   1.698964e+01 9.015462e+01 3.000000e+00
      vertex   1.658275e+01 9.016501e+01 4.200000e+00
      vertex   1.640996e+01 9.016785e+01 3.000000e+00
    endloop
  endfacet
  facet normal -1.140737e-02 -9.999347e-01 -7.248451e-04
    outer loop
      vertex   1.640996e+01 9.016785e+01 3.000000e+00
      vertex   1.658275e+01 9.016501e+01 4.200000e+00
      vertex   1.602806e+01 9.017134e+01 4.200000e+00
    endloop
  endfacet
  facet normal -9.131903e-03 -9.999583e-01 -6.090336e-07
    outer loop
      vertex   1.640996e+01 9.016785e+01 3.000000e+00
      vertex   1.602806e+01 9.017134e+01 4.200000e+00
      vertex   1.589312e+01 9.017257e+01 3.000000e+00
    endloop
  endfacet
  facet normal -2.019668e-02 -9.997953e-01 1.243827e-03
    outer loop
      vertex   1.589312e+01 9.017257e+01 3.000000e+00
      vertex   1.602806e+01 9.017134e+01 4.200000e+00
      vertex   1.550081e+01 9.018199e+01 4.200000e+00
    endloop
  endfacet
  facet normal -2.950402e-02 -9.995630e-01 -1.800780e-03
    outer loop
      vertex   1.589312e+01 9.017257e+01 3.000000e+00
      vertex   1.550081e+01 9.018199e+01 4.200000e+00
      vertex   1.538532e+01 9.018756e+01 3.000000e+00
    endloop
  endfacet
  facet normal -7.705184e-02 -9.970232e-01 2.787100e-03
    outer loop
      vertex   1.538532e+01 9.018756e+01 3.000000e+00
      vertex   1.550081e+01 9.018199e+01 4.200000e+00
      vertex   1.494359e+01 9.022505e+01 4.200000e+00
    endloop
  endfacet
  facet normal -9.163913e-02 -9.957888e-01 -2.621169e-03
    outer loop
      vertex   1.538532e+01 9.018756e+01 3.000000e+00
      vertex   1.494359e+01 9.022505e+01 4.200000e+00
      vertex   1.484488e+01 9.023730e+01 3.000000e+00
    endloop
  endfacet
  facet normal -1.622268e-01 -9.867480e-01 3.277737e-03
    outer loop
      vertex   1.484488e+01 9.023730e+01 3.000000e+00
      vertex   1.494359e+01 9.022505e+01 4.200000e+00
      vertex   1.437044e+01 9.031928e+01 4.200000e+00
    endloop
  endfacet
  facet normal -1.770821e-01 -9.841922e-01 -2.770093e-03
    outer loop
      vertex   1.484488e+01 9.023730e+01 3.000000e+00
      vertex   1.437044e+01 9.031928e+01 4.200000e+00
      vertex   1.430018e+01 9.033530e+01 3.000000e+00
    endloop
  endfacet
  facet normal -2.468302e-01 -9.690575e-01 1.515726e-03
    outer loop
      vertex   1.430018e+01 9.033530e+01 3.000000e+00
      vertex   1.437044e+01 9.031928e+01 4.200000e+00
      vertex   1.410588e+01 9.038667e+01 4.200000e+00
    endloop
  endfacet
  facet normal -2.634960e-01 -9.646595e-01 -1.371005e-03
    outer loop
      vertex   1.430018e+01 9.033530e+01 3.000000e+00
      vertex   1.410588e+01 9.038667e+01 4.200000e+00
      vertex   1.405328e+01 9.040274e+01 3.000000e+00
    endloop
  endfacet
  facet normal -3.280517e-01 -9.446582e-01 1.726499e-03
    outer loop
      vertex   1.405328e+01 9.040274e+01 3.000000e+00
      vertex   1.410588e+01 9.038667e+01 4.200000e+00
      vertex   1.387526e+01 9.046676e+01 4.200000e+00
    endloop
  endfacet
  facet normal -3.472973e-01 -9.377539e-01 -1.496868e-03
    outer loop
      vertex   1.405328e+01 9.040274e+01 3.000000e+00
      vertex   1.387526e+01 9.046676e+01 4.200000e+00
      vertex   1.384022e+01 9.048165e+01 3.000000e+00
    endloop
  endfacet
  facet normal -4.469856e-01 -8.945390e-01 1.950893e-03
    outer loop
      vertex   1.384022e+01 9.048165e+01 3.000000e+00
      vertex   1.387526e+01 9.046676e+01 4.200000e+00
      vertex   1.369130e+01 9.055868e+01 4.200000e+00
    endloop
  endfacet
  facet normal -4.693358e-01 -8.830184e-01 -1.562194e-03
    outer loop
      vertex   1.384022e+01 9.048165e+01 3.000000e+00
      vertex   1.369130e+01 9.055868e+01 4.200000e+00
      vertex   1.367159e+01 9.057128e+01 3.000000e+00
    endloop
  endfacet
  facet normal -5.738274e-01 -8.189759e-01 8.268096e-04
    outer loop
      vertex   1.367159e+01 9.057128e+01 3.000000e+00
      vertex   1.369130e+01 9.055868e+01 4.200000e+00
      vertex   1.361969e+01 9.060885e+01 4.200000e+00
    endloop
  endfacet
  facet normal -5.972581e-01 -8.020488e-01 -7.165514e-04
    outer loop
      vertex   1.367159e+01 9.057128e+01 3.000000e+00
      vertex   1.361969e+01 9.060885e+01 4.200000e+00
      vertex   1.360626e+01 9.061993e+01 3.000000e+00
    endloop
  endfacet
  facet normal -6.797691e-01 -7.334257e-01 8.403534e-04
    outer loop
      vertex   1.360626e+01 9.061993e+01 3.000000e+00
      vertex   1.361969e+01 9.060885e+01 4.200000e+00
      vertex   1.356261e+01 9.066176e+01 4.200000e+00
    endloop
  endfacet
  facet normal -7.017712e-01 -7.124021e-01 -6.926844e-04
    outer loop
      vertex   1.360626e+01 9.061993e+01 3.000000e+00
      vertex   1.356261e+01 9.066176e+01 4.200000e+00
      vertex   1.355435e+01 9.067107e+01 3.000000e+00
    endloop
  endfacet
  facet normal -7.969921e-01 -6.039892e-01 8.045991e-04
    outer loop
      vertex   1.355435e+01 9.067107e+01 3.000000e+00
      vertex   1.356261e+01 9.066176e+01 4.200000e+00
      vertex   1.352049e+01 9.071734e+01 4.200000e+00
    endloop
  endfacet
  facet normal -8.145843e-01 -5.800449e-01 -6.151497e-04
    outer loop
      vertex   1.355435e+01 9.067107e+01 3.000000e+00
      vertex   1.352049e+01 9.071734e+01 4.200000e+00
      vertex   1.351618e+01 9.072466e+01 3.000000e+00
    endloop
  endfacet
  facet normal -9.076535e-01 -4.197197e-01 6.964645e-04
    outer loop
      vertex   1.351618e+01 9.072466e+01 3.000000e+00
      vertex   1.352049e+01 9.071734e+01 4.200000e+00
      vertex   1.349355e+01 9.077559e+01 4.200000e+00
    endloop
  endfacet
  facet normal -9.178938e-01 -3.968258e-01 -4.682603e-04
    outer loop
      vertex   1.351618e+01 9.072466e+01 3.000000e+00
      vertex   1.349355e+01 9.077559e+01 4.200000e+00
      vertex   1.349196e+01 9.078069e+01 3.000000e+00
    endloop
  endfacet
  facet normal -9.822439e-01 -1.876075e-01 5.063637e-04
    outer loop
      vertex   1.349196e+01 9.078069e+01 3.000000e+00
      vertex   1.349355e+01 9.077559e+01 4.200000e+00
      vertex   1.348192e+01 9.083648e+01 4.200000e+00
    endloop
  endfacet
  facet normal -9.851343e-01 -1.717857e-01 -2.533653e-04
    outer loop
      vertex   1.349196e+01 9.078069e+01 3.000000e+00
      vertex   1.348192e+01 9.083648e+01 4.200000e+00
      vertex   1.348177e+01 9.083914e+01 3.000000e+00
    endloop
  endfacet
  facet normal -9.983000e-01 5.828415e-02 2.583929e-04
    outer loop
      vertex   1.348177e+01 9.083914e+01 3.000000e+00
      vertex   1.348192e+01 9.083648e+01 4.200000e+00
      vertex   1.348563e+01 9.090000e+01 4.200000e+00
    endloop
  endfacet
  facet normal -9.979908e-01 6.335923e-02 -1.599176e-19
    outer loop
      vertex   1.348177e+01 9.083914e+01 3.000000e+00
      vertex   1.348563e+01 9.090000e+01 4.200000e+00
      vertex   1.348563e+01 9.090000e+01 3.000000e+00
    endloop
  endfacet
  facet normal -1.000000e+00 0.000000e+00 0.000000e+00
    outer loop
      vertex   1.348563e+01 9.090000e+01 4.200000e+00
      vertex   1.348563e+01 9.155742e+01 4.200000e+00
      vertex   1.348563e+01 9.110000e+01 3.000000e+00
    endloop
  endfacet
  facet normal -1.000000e+00 0.000000e+00 0.000000e+00
    outer loop
      vertex   1.348563e+01 9.110000e+01 3.000000e+00
      vertex   1.348563e+01 9.155742e+01 4.200000e+00
      vertex   1.348563e+01 9.181624e+01 4.165926e+00
    endloop
  endfacet
  facet normal -1.000000e+00 0.000000e+00 0.000000e+00
    outer loop
      vertex   1.348563e+01 9.110000e+01 3.000000e+00
      vertex   1.348563e+01 9.181624e+01 4.165926e+00
      vertex   1.348563e+01 9.205742e+01 4.066025e+00
    endloop
  endfacet
  facet normal -1.000000e+00 0.000000e+00 -0.000000e+00
    outer loop
      vertex   1.348563e+01 9.205742e+01 4.066025e+00
      vertex   1.348563e+01 9.226453e+01 3.907107e+00
      vertex   1.348563e+01 9.110000e+01 3.000000e+00
    endloop
  endfacet
  facet normal -1.000000e+00 0.000000e+00 0.000000e+00
    outer loop
      vertex   1.348563e+01 9.110000e+01 3.000000e+00
      vertex   1.348563e+01 9.226453e+01 3.907107e+00
      vertex   1.348563e+01 9.242345e+01 3.700000e+00
    endloop
  endfacet
  facet normal -1.000000e+00 0.000000e+00 0.000000e+00
    outer loop
      vertex   1.348563e+01 9.110000e+01 3.000000e+00
      vertex   1.348563e+01 9.242345e+01 3.700000e+00
      vertex   1.348563e+01 9.252335e+01 3.458819e+00
    endloop
  endfacet
  facet normal -1.000000e+00 -4.244670e-15 1.316781e-14
    outer loop
      vertex   1.348563e+01 9.252335e+01 3.458819e+00
      vertex   1.348563e+01 9.255742e+01 3.200000e+00
      vertex   1.348563e+01 9.110000e+01 3.000000e+00
    endloop
  endfacet
  facet normal -1.000000e+00 0.000000e+00 -1.776357e-14
    outer loop
      vertex   1.348563e+01 9.110000e+01 3.000000e+00
      vertex   1.348563e+01 9.255742e+01 3.200000e+00
      vertex   1.348563e+01 9.255742e+01 3.000000e+00
    endloop
  endfacet
  facet normal -1.000000e+00 0.000000e+00 0.000000e+00
    outer loop
      vertex   1.348563e+01 9.110000e+01 3.000000e+00
      vertex   1.348563e+01 9.090000e+01 3.000000e+00
      vertex   1.348563e+01 9.090000e+01 4.200000e+00
    endloop
  endfacet
  facet normal -0.000000e+00 -0.000000e+00 -1.000000e+00
    outer loop
      vertex   2.630588e+01 9.255742e+01 3.000000e+00
      vertex   2.660818e+01 9.210320e+01 3.000000e+00
      vertex   2.584684e+01 9.255742e+01 3.000000e+00
    endloop
  endfacet
  facet normal 0.000000e+00 0.000000e+00 -1.000000e+00
    outer loop
      vertex   2.584684e+01 9.255742e+01 3.000000e+00
      vertex   2.660818e+01 9.210320e+01 3.000000e+00
      vertex   2.686616e+01 9.169732e+01 3.000000e+00
    endloop
  endfacet
  facet normal -2.321512e-03 9.084700e-02 9.958622e-01
    outer loop
      vertex   2.683902e+01 9.174114e+01 4.182978e+00
      vertex   2.246275e+01 9.181624e+01 4.165926e+00
      vertex   2.695132e+01 9.155742e+01 4.200000e+00
    endloop
  endfacet
  facet normal 1.958433e-16 1.305262e-01 9.914449e-01
    outer loop
      vertex   2.695132e+01 9.155742e+01 4.200000e+00
      vertex   2.246275e+01 9.181624e+01 4.165926e+00
      vertex   1.797419e+01 9.181624e+01 4.165926e+00
    endloop
  endfacet
  facet normal 0.000000e+00 1.305262e-01 9.914449e-01
    outer loop
      vertex   2.695132e+01 9.155742e+01 4.200000e+00
      vertex   1.797419e+01 9.181624e+01 4.165926e+00
      vertex   1.348563e+01 9.155742e+01 4.200000e+00
    endloop
  endfacet
  facet normal -1.957601e-16 1.305262e-01 9.914449e-01
    outer loop
      vertex   1.348563e+01 9.155742e+01 4.200000e+00
      vertex   1.797419e+01 9.181624e+01 4.165926e+00
      vertex   1.348563e+01 9.181624e+01 4.165926e+00
    endloop
  endfacet
  facet normal -1.828136e-16 3.826834e-01 9.238795e-01
    outer loop
      vertex   1.348563e+01 9.181624e+01 4.165926e+00
      vertex   1.797419e+01 9.181624e+01 4.165926e+00
      vertex   1.348563e+01 9.205742e+01 4.066025e+00
    endloop
  endfacet
  facet normal -7.312543e-16 3.826834e-01 9.238795e-01
    outer loop
      vertex   1.348563e+01 9.205742e+01 4.066025e+00
      vertex   1.797419e+01 9.181624e+01 4.165926e+00
      vertex   1.797419e+01 9.205742e+01 4.066025e+00
    endloop
  endfacet
  facet normal -6.279423e-16 6.087614e-01 7.933533e-01
    outer loop
      vertex   1.348563e+01 9.205742e+01 4.066025e+00
      vertex   1.797419e+01 9.205742e+01 4.066025e+00
      vertex   1.348563e+01 9.226453e+01 3.907107e+00
    endloop
  endfacet
  facet normal -7.849279e-17 6.087614e-01 7.933533e-01
    outer loop
      vertex   1.348563e+01 9.226453e+01 3.907107e+00
      vertex   1.797419e+01 9.205742e+01 4.066025e+00
      vertex   1.797419e+01 9.226453e+01 3.907107e+00
    endloop
  endfacet
  facet normal -6.022963e-17 7.933533e-01 6.087614e-01
    outer loop
      vertex   1.348563e+01 9.226453e+01 3.907107e+00
      vertex   1.797419e+01 9.226453e+01 3.907107e+00
      vertex   1.348563e+01 9.242345e+01 3.700000e+00
    endloop
  endfacet
  facet normal -2.409185e-16 7.933533e-01 6.087614e-01
    outer loop
      vertex   1.348563e+01 9.242345e+01 3.700000e+00
      vertex   1.797419e+01 9.226453e+01 3.907107e+00
      vertex   1.797419e+01 9.242345e+01 3.700000e+00
    endloop
  endfacet
  facet normal -1.514477e-16 9.238795e-01 3.826834e-01
    outer loop
      vertex   1.348563e+01 9.242345e+01 3.700000e+00
      vertex   1.797419e+01 9.242345e+01 3.700000e+00
      vertex   1.348563e+01 9.252335e+01 3.458819e+00
    endloop
  endfacet
  facet normal 3.076465e-15 9.238795e-01 3.826834e-01
    outer loop
      vertex   1.348563e+01 9.252335e+01 3.458819e+00
      vertex   1.797419e+01 9.242345e+01 3.700000e+00
      vertex   1.797419e+01 9.252335e+01 3.458819e+00
    endloop
  endfacet
  facet normal 3.190586e-15 9.914449e-01 1.305262e-01
    outer loop
      vertex   1.348563e+01 9.252335e+01 3.458819e+00
      vertex   1.797419e+01 9.252335e+01 3.458819e+00
      vertex   1.348563e+01 9.255742e+01 3.200000e+00
    endloop
  endfacet
  facet normal -2.603983e-17 9.914449e-01 1.305262e-01
    outer loop
      vertex   1.348563e+01 9.255742e+01 3.200000e+00
      vertex   1.797419e+01 9.252335e+01 3.458819e+00
      vertex   2.246275e+01 9.252335e+01 3.458819e+00
    endloop
  endfacet
  facet normal -9.371396e-04 9.867231e-01 1.624092e-01
    outer loop
      vertex   1.348563e+01 9.255742e+01 3.200000e+00
      vertex   2.246275e+01 9.252335e+01 3.458819e+00
      vertex   2.632121e+01 9.253479e+01 3.411551e+00
    endloop
  endfacet
  facet normal 1.005307e-03 9.500514e-01 3.120920e-01
    outer loop
      vertex   2.632121e+01 9.253479e+01 3.411551e+00
      vertex   2.246275e+01 9.252335e+01 3.458819e+00
      vertex   2.636517e+01 9.246968e+01 3.609606e+00
    endloop
  endfacet
  facet normal -2.082195e-03 9.238775e-01 3.826826e-01
    outer loop
      vertex   2.636517e+01 9.246968e+01 3.609606e+00
      vertex   2.246275e+01 9.252335e+01 3.458819e+00
      vertex   2.246275e+01 9.242345e+01 3.700000e+00
    endloop
  endfacet
  facet normal 1.312284e-03 8.661876e-01 4.997172e-01
    outer loop
      vertex   2.636517e+01 9.246968e+01 3.609606e+00
      vertex   2.246275e+01 9.242345e+01 3.700000e+00
      vertex   2.643331e+01 9.236811e+01 3.785499e+00
    endloop
  endfacet
  facet normal -2.050939e-03 7.933517e-01 6.087601e-01
    outer loop
      vertex   2.643331e+01 9.236811e+01 3.785499e+00
      vertex   2.246275e+01 9.242345e+01 3.700000e+00
      vertex   2.246275e+01 9.226453e+01 3.907107e+00
    endloop
  endfacet
  facet normal 7.281937e-04 7.494264e-01 6.620873e-01
    outer loop
      vertex   2.643331e+01 9.236811e+01 3.785499e+00
      vertex   2.246275e+01 9.226453e+01 3.907107e+00
      vertex   2.651974e+01 9.223799e+01 3.932688e+00
    endloop
  endfacet
  facet normal -1.019775e-03 6.087611e-01 7.933529e-01
    outer loop
      vertex   2.651974e+01 9.223799e+01 3.932688e+00
      vertex   2.246275e+01 9.226453e+01 3.907107e+00
      vertex   2.246275e+01 9.205742e+01 4.066025e+00
    endloop
  endfacet
  facet normal -9.048727e-04 6.071120e-01 7.946158e-01
    outer loop
      vertex   2.651974e+01 9.223799e+01 3.932688e+00
      vertex   2.246275e+01 9.205742e+01 4.066025e+00
      vertex   2.661926e+01 9.208619e+01 4.048778e+00
    endloop
  endfacet
  facet normal 6.149563e-04 4.473296e-01 8.943690e-01
    outer loop
      vertex   2.661926e+01 9.208619e+01 4.048778e+00
      vertex   2.246275e+01 9.205742e+01 4.066025e+00
      vertex   2.672708e+01 9.191885e+01 4.132401e+00
    endloop
  endfacet
  facet normal -1.945080e-03 3.826827e-01 9.238778e-01
    outer loop
      vertex   2.672708e+01 9.191885e+01 4.132401e+00
      vertex   2.246275e+01 9.205742e+01 4.066025e+00
      vertex   2.246275e+01 9.181624e+01 4.165926e+00
    endloop
  endfacet
  facet normal 9.598580e-04 2.742973e-01 9.616445e-01
    outer loop
      vertex   2.672708e+01 9.191885e+01 4.132401e+00
      vertex   2.246275e+01 9.181624e+01 4.165926e+00
      vertex   2.683902e+01 9.174114e+01 4.182978e+00
    endloop
  endfacet
  facet normal 1.034057e-20 9.943274e-01 1.063630e-01
    outer loop
      vertex   2.632121e+01 9.253479e+01 3.411551e+00
      vertex   2.630588e+01 9.255742e+01 3.200000e+00
      vertex   1.348563e+01 9.255742e+01 3.200000e+00
    endloop
  endfacet
  facet normal 1.825351e-16 3.826834e-01 9.238795e-01
    outer loop
      vertex   1.797419e+01 9.205742e+01 4.066025e+00
      vertex   1.797419e+01 9.181624e+01 4.165926e+00
      vertex   2.246275e+01 9.181624e+01 4.165926e+00
    endloop
  endfacet
  facet normal 3.137983e-16 6.087614e-01 7.933533e-01
    outer loop
      vertex   1.797419e+01 9.226453e+01 3.907107e+00
      vertex   1.797419e+01 9.205742e+01 4.066025e+00
      vertex   2.246275e+01 9.205742e+01 4.066025e+00
    endloop
  endfacet
  facet normal 3.656271e-16 3.826834e-01 9.238795e-01
    outer loop
      vertex   2.246275e+01 9.205742e+01 4.066025e+00
      vertex   1.797419e+01 9.205742e+01 4.066025e+00
      vertex   2.246275e+01 9.181624e+01 4.165926e+00
    endloop
  endfacet
  facet normal 1.147758e-18 7.933533e-01 6.087614e-01
    outer loop
      vertex   1.797419e+01 9.242345e+01 3.700000e+00
      vertex   1.797419e+01 9.226453e+01 3.907107e+00
      vertex   2.246275e+01 9.226453e+01 3.907107e+00
    endloop
  endfacet
  facet normal 0.000000e+00 6.087614e-01 7.933533e-01
    outer loop
      vertex   2.246275e+01 9.226453e+01 3.907107e+00
      vertex   1.797419e+01 9.226453e+01 3.907107e+00
      vertex   2.246275e+01 9.205742e+01 4.066025e+00
    endloop
  endfacet
  facet normal 7.535292e-17 9.238795e-01 3.826834e-01
    outer loop
      vertex   1.797419e+01 9.252335e+01 3.458819e+00
      vertex   1.797419e+01 9.242345e+01 3.700000e+00
      vertex   2.246275e+01 9.242345e+01 3.700000e+00
    endloop
  endfacet
  facet normal 1.204593e-16 7.933533e-01 6.087614e-01
    outer loop
      vertex   2.246275e+01 9.242345e+01 3.700000e+00
      vertex   1.797419e+01 9.242345e+01 3.700000e+00
      vertex   2.246275e+01 9.226453e+01 3.907107e+00
    endloop
  endfacet
  facet normal -7.572386e-17 9.238795e-01 3.826834e-01
    outer loop
      vertex   2.246275e+01 9.252335e+01 3.458819e+00
      vertex   1.797419e+01 9.252335e+01 3.458819e+00
      vertex   2.246275e+01 9.242345e+01 3.700000e+00
    endloop
  endfacet
  facet normal 9.528561e-01 -3.034226e-01 0.000000e+00
    outer loop
      vertex   2.699849e+01 9.043213e+01 0.000000e+00
      vertex   2.717503e+01 9.098651e+01 0.000000e+00
      vertex   2.699849e+01 9.043213e+01 1.500000e+00
    endloop
  endfacet
  facet normal 9.528561e-01 -3.034226e-01 7.334735e-19
    outer loop
      vertex   2.699849e+01 9.043213e+01 1.500000e+00
      vertex   2.717503e+01 9.098651e+01 0.000000e+00
      vertex   2.717503e+01 9.098651e+01 1.500000e+00
    endloop
  endfacet
  facet normal 6.213453e-15 7.363599e-15 1.000000e+00
    outer loop
      vertex   2.686616e+01 9.169732e+01 3.000000e+00
      vertex   2.701363e+01 9.145226e+01 3.000000e+00
      vertex   2.710000e+01 9.150000e+01 3.000000e+00
    endloop
  endfacet
  facet normal 9.515115e-15 1.390275e-15 1.000000e+00
    outer loop
      vertex   2.710000e+01 9.150000e+01 3.000000e+00
      vertex   2.701363e+01 9.145226e+01 3.000000e+00
      vertex   2.713960e+01 9.122898e+01 3.000000e+00
    endloop
  endfacet
  facet normal 6.448962e-01 7.642701e-01 -3.628196e-15
    outer loop
      vertex   2.710000e+01 9.150000e+01 0.000000e+00
      vertex   2.643940e+01 9.205742e+01 1.387779e-16
      vertex   2.686616e+01 9.169732e+01 3.000000e+00
    endloop
  endfacet
  facet normal 6.448962e-01 7.642701e-01 3.439999e-15
    outer loop
      vertex   2.686616e+01 9.169732e+01 3.000000e+00
      vertex   2.643940e+01 9.205742e+01 1.387779e-16
      vertex   2.621264e+01 9.224876e+01 3.806023e-02
    endloop
  endfacet
  facet normal 6.448962e-01 7.642701e-01 -8.163182e-15
    outer loop
      vertex   2.686616e+01 9.169732e+01 3.000000e+00
      vertex   2.621264e+01 9.224876e+01 3.806023e-02
      vertex   2.584684e+01 9.255742e+01 5.000000e-01
    endloop
  endfacet
  facet normal 6.448962e-01 7.642701e-01 8.465558e-14
    outer loop
      vertex   2.584684e+01 9.255742e+01 5.000000e-01
      vertex   2.621264e+01 9.224876e+01 3.806023e-02
      vertex   2.611019e+01 9.233521e+01 8.426519e-02
    endloop
  endfacet
  facet normal 6.448962e-01 7.642701e-01 -1.234706e-13
    outer loop
      vertex   2.584684e+01 9.255742e+01 5.000000e-01
      vertex   2.611019e+01 9.233521e+01 8.426519e-02
      vertex   2.602040e+01 9.241097e+01 1.464466e-01
    endloop
  endfacet
  facet normal 6.448962e-01 7.642701e-01 1.246970e-13
    outer loop
      vertex   2.602040e+01 9.241097e+01 1.464466e-01
      vertex   2.594671e+01 9.247316e+01 2.222149e-01
      vertex   2.584684e+01 9.255742e+01 5.000000e-01
    endloop
  endfacet
  facet normal 6.448962e-01 7.642701e-01 -1.221228e-13
    outer loop
      vertex   2.584684e+01 9.255742e+01 5.000000e-01
      vertex   2.594671e+01 9.247316e+01 2.222149e-01
      vertex   2.589195e+01 9.251936e+01 3.086583e-01
    endloop
  endfacet
  facet normal 6.448962e-01 7.642701e-01 -1.809544e-13
    outer loop
      vertex   2.584684e+01 9.255742e+01 5.000000e-01
      vertex   2.589195e+01 9.251936e+01 3.086583e-01
      vertex   2.587236e+01 9.253589e+01 3.548577e-01
    endloop
  endfacet
  facet normal 6.448962e-01 7.642701e-01 -6.821608e-14
    outer loop
      vertex   2.587236e+01 9.253589e+01 3.548577e-01
      vertex   2.585823e+01 9.254781e+01 4.024548e-01
      vertex   2.584684e+01 9.255742e+01 5.000000e-01
    endloop
  endfacet
  facet normal 6.448962e-01 7.642701e-01 1.178996e-14
    outer loop
      vertex   2.584684e+01 9.255742e+01 5.000000e-01
      vertex   2.585823e+01 9.254781e+01 4.024548e-01
      vertex   2.584970e+01 9.255501e+01 4.509914e-01
    endloop
  endfacet
  facet normal 6.448962e-01 7.642701e-01 -1.832905e-15
    outer loop
      vertex   2.584684e+01 9.255742e+01 5.000000e-01
      vertex   2.584684e+01 9.255742e+01 3.000000e+00
      vertex   2.686616e+01 9.169732e+01 3.000000e+00
    endloop
  endfacet
  facet normal 6.448962e-01 7.642701e-01 -3.242381e-18
    outer loop
      vertex   2.686616e+01 9.169732e+01 3.000000e+00
      vertex   2.710000e+01 9.150000e+01 3.000000e+00
      vertex   2.710000e+01 9.150000e+01 0.000000e+00
    endloop
  endfacet
  facet normal -1.310362e-11 -2.166585e-11 1.000000e+00
    outer loop
      vertex   2.412000e+01 9.108000e+01 1.500000e+00
      vertex   2.424500e+01 9.101096e+01 1.500000e+00
      vertex   2.409778e+01 9.110000e+01 1.500000e+00
    endloop
  endfacet
  facet normal -0.000000e+00 0.000000e+00 1.000000e+00
    outer loop
      vertex   2.409778e+01 9.110000e+01 1.500000e+00
      vertex   2.424500e+01 9.101096e+01 1.500000e+00
      vertex   2.715844e+01 9.110000e+01 1.500000e+00
    endloop
  endfacet
  facet normal 0.000000e+00 0.000000e+00 1.000000e+00
    outer loop
      vertex   2.715844e+01 9.110000e+01 1.500000e+00
      vertex   2.424500e+01 9.101096e+01 1.500000e+00
      vertex   2.442309e+01 9.086069e+01 1.500000e+00
    endloop
  endfacet
  facet normal 0.000000e+00 0.000000e+00 1.000000e+00
    outer loop
      vertex   2.715844e+01 9.110000e+01 1.500000e+00
      vertex   2.442309e+01 9.086069e+01 1.500000e+00
      vertex   2.717503e+01 9.098651e+01 1.500000e+00
    endloop
  endfacet
  facet normal 0.000000e+00 0.000000e+00 1.000000e+00
    outer loop
      vertex   2.717503e+01 9.098651e+01 1.500000e+00
      vertex   2.442309e+01 9.086069e+01 1.500000e+00
      vertex   2.699849e+01 9.043213e+01 1.500000e+00
    endloop
  endfacet
  facet normal 0.000000e+00 0.000000e+00 1.000000e+00
    outer loop
      vertex   2.699849e+01 9.043213e+01 1.500000e+00
      vertex   2.442309e+01 9.086069e+01 1.500000e+00
      vertex   2.660611e+01 9.002352e+01 1.500000e+00
    endloop
  endfacet
  facet normal 0.000000e+00 0.000000e+00 1.000000e+00
    outer loop
      vertex   2.660611e+01 9.002352e+01 1.500000e+00
      vertex   2.442309e+01 9.086069e+01 1.500000e+00
      vertex   2.591556e+01 8.984205e+01 1.500000e+00
    endloop
  endfacet
  facet normal 0.000000e+00 0.000000e+00 1.000000e+00
    outer loop
      vertex   2.660611e+01 9.002352e+01 1.500000e+00
      vertex   2.591556e+01 8.984205e+01 1.500000e+00
      vertex   2.616167e+01 8.986260e+01 1.500000e+00
    endloop
  endfacet
  facet normal -4.834856e-01 -8.753523e-01 0.000000e+00
    outer loop
      vertex   2.412000e+01 9.108000e+01 0.000000e+00
      vertex   2.424500e+01 9.101096e+01 0.000000e+00
      vertex   2.412000e+01 9.108000e+01 1.500000e+00
    endloop
  endfacet
  facet normal -4.834856e-01 -8.753523e-01 -1.543619e-18
    outer loop
      vertex   2.412000e+01 9.108000e+01 1.500000e+00
      vertex   2.424500e+01 9.101096e+01 0.000000e+00
      vertex   2.424500e+01 9.101096e+01 1.500000e+00
    endloop
  endfacet
  facet normal 1.000000e+00 -0.000000e+00 0.000000e+00
    outer loop
      vertex   2.034000e+01 9.062000e+01 1.500000e+00
      vertex   2.034000e+01 9.062000e+01 0.000000e+00
      vertex   2.034000e+01 9.110000e+01 1.500000e+00
    endloop
  endfacet
  facet normal 1.000000e+00 0.000000e+00 0.000000e+00
    outer loop
      vertex   2.034000e+01 9.110000e+01 1.500000e+00
      vertex   2.034000e+01 9.062000e+01 0.000000e+00
      vertex   2.034000e+01 9.135000e+01 0.000000e+00
    endloop
  endfacet
  facet normal 1.000000e+00 -0.000000e+00 0.000000e+00
    outer loop
      vertex   2.034000e+01 9.110000e+01 1.500000e+00
      vertex   2.034000e+01 9.135000e+01 0.000000e+00
      vertex   2.034000e+01 9.135000e+01 3.000000e+00
    endloop
  endfacet
  facet normal 1.000000e+00 0.000000e+00 0.000000e+00
    outer loop
      vertex   2.034000e+01 9.135000e+01 3.000000e+00
      vertex   2.034000e+01 9.110000e+01 3.000000e+00
      vertex   2.034000e+01 9.110000e+01 1.500000e+00
    endloop
  endfacet
  facet normal -0.000000e+00 0.000000e+00 1.000000e+00
    outer loop
      vertex   1.348563e+01 9.155742e+01 4.200000e+00
      vertex   1.985000e+01 9.135000e+01 4.200000e+00
      vertex   2.695132e+01 9.155742e+01 4.200000e+00
    endloop
  endfacet
  facet normal 0.000000e+00 0.000000e+00 1.000000e+00
    outer loop
      vertex   2.695132e+01 9.155742e+01 4.200000e+00
      vertex   1.985000e+01 9.135000e+01 4.200000e+00
      vertex   2.380000e+01 9.135000e+01 4.200000e+00
    endloop
  endfacet
  facet normal 0.000000e+00 0.000000e+00 1.000000e+00
    outer loop
      vertex   2.695132e+01 9.155742e+01 4.200000e+00
      vertex   2.380000e+01 9.135000e+01 4.200000e+00
      vertex   2.712279e+01 9.125986e+01 4.200000e+00
    endloop
  endfacet
  facet normal 9.338716e-17 3.442644e-15 1.000000e+00
    outer loop
      vertex   2.712279e+01 9.125986e+01 4.200000e+00
      vertex   2.380000e+01 9.135000e+01 4.200000e+00
      vertex   2.725646e+01 9.099824e+01 4.200000e+00
    endloop
  endfacet
  facet normal -6.821621e-16 -4.178161e-15 1.000000e+00
    outer loop
      vertex   2.725646e+01 9.099824e+01 4.200000e+00
      vertex   2.380000e+01 9.135000e+01 4.200000e+00
      vertex   2.734897e+01 9.077056e+01 4.200000e+00
    endloop
  endfacet
  facet normal 0.000000e+00 0.000000e+00 1.000000e+00
    outer loop
      vertex   2.734897e+01 9.077056e+01 4.200000e+00
      vertex   2.380000e+01 9.135000e+01 4.200000e+00
      vertex   2.739609e+01 9.057309e+01 4.200000e+00
    endloop
  endfacet
  facet normal 0.000000e+00 0.000000e+00 1.000000e+00
    outer loop
      vertex   2.739609e+01 9.057309e+01 4.200000e+00
      vertex   2.380000e+01 9.135000e+01 4.200000e+00
      vertex   2.740136e+01 9.048408e+01 4.200000e+00
    endloop
  endfacet
  facet normal 0.000000e+00 0.000000e+00 1.000000e+00
    outer loop
      vertex   2.740136e+01 9.048408e+01 4.200000e+00
      vertex   2.380000e+01 9.135000e+01 4.200000e+00
      vertex   2.739404e+01 9.040057e+01 4.200000e+00
    endloop
  endfacet
  facet normal 0.000000e+00 0.000000e+00 1.000000e+00
    outer loop
      vertex   2.739404e+01 9.040057e+01 4.200000e+00
      vertex   2.380000e+01 9.135000e+01 4.200000e+00
      vertex   2.737412e+01 9.032180e+01 4.200000e+00
    endloop
  endfacet
  facet normal 0.000000e+00 0.000000e+00 1.000000e+00
    outer loop
      vertex   2.737412e+01 9.032180e+01 4.200000e+00
      vertex   2.380000e+01 9.135000e+01 4.200000e+00
      vertex   2.734195e+01 9.024700e+01 4.200000e+00
    endloop
  endfacet
  facet normal -1.617644e-15 -5.194578e-15 1.000000e+00
    outer loop
      vertex   2.734195e+01 9.024700e+01 4.200000e+00
      vertex   2.380000e+01 9.135000e+01 4.200000e+00
      vertex   2.724435e+01 9.010641e+01 4.200000e+00
    endloop
  endfacet
  facet normal 1.966585e-15 4.732621e-15 1.000000e+00
    outer loop
      vertex   2.724435e+01 9.010641e+01 4.200000e+00
      vertex   2.380000e+01 9.135000e+01 4.200000e+00
      vertex   2.711193e+01 8.997376e+01 4.200000e+00
    endloop
  endfacet
  facet normal 0.000000e+00 0.000000e+00 1.000000e+00
    outer loop
      vertex   2.711193e+01 8.997376e+01 4.200000e+00
      vertex   2.380000e+01 9.135000e+01 4.200000e+00
      vertex   2.679777e+01 8.972240e+01 4.200000e+00
    endloop
  endfacet
  facet normal 0.000000e+00 0.000000e+00 1.000000e+00
    outer loop
      vertex   2.679777e+01 8.972240e+01 4.200000e+00
      vertex   2.380000e+01 9.135000e+01 4.200000e+00
      vertex   2.592447e+01 8.934451e+01 4.200000e+00
    endloop
  endfacet
  facet normal 0.000000e+00 0.000000e+00 1.000000e+00
    outer loop
      vertex   2.679777e+01 8.972240e+01 4.200000e+00
      vertex   2.592447e+01 8.934451e+01 4.200000e+00
      vertex   2.648378e+01 8.950470e+01 4.200000e+00
    endloop
  endfacet
  facet normal 0.000000e+00 0.000000e+00 1.000000e+00
    outer loop
      vertex   2.648378e+01 8.950470e+01 4.200000e+00
      vertex   2.592447e+01 8.934451e+01 4.200000e+00
      vertex   2.633565e+01 8.942336e+01 4.200000e+00
    endloop
  endfacet
  facet normal 0.000000e+00 0.000000e+00 1.000000e+00
    outer loop
      vertex   2.633565e+01 8.942336e+01 4.200000e+00
      vertex   2.592447e+01 8.934451e+01 4.200000e+00
      vertex   2.619331e+01 8.936801e+01 4.200000e+00
    endloop
  endfacet
  facet normal 0.000000e+00 0.000000e+00 1.000000e+00
    outer loop
      vertex   2.619331e+01 8.936801e+01 4.200000e+00
      vertex   2.592447e+01 8.934451e+01 4.200000e+00
      vertex   2.605632e+01 8.934145e+01 4.200000e+00
    endloop
  endfacet
  facet normal 0.000000e+00 0.000000e+00 1.000000e+00
    outer loop
      vertex   1.985000e+01 9.135000e+01 4.200000e+00
      vertex   1.348563e+01 9.155742e+01 4.200000e+00
      vertex   1.985788e+01 9.116312e+01 4.200000e+00
    endloop
  endfacet
  facet normal 0.000000e+00 0.000000e+00 1.000000e+00
    outer loop
      vertex   1.985788e+01 9.116312e+01 4.200000e+00
      vertex   1.348563e+01 9.155742e+01 4.200000e+00
      vertex   1.348563e+01 9.090000e+01 4.200000e+00
    endloop
  endfacet
  facet normal 2.223996e-16 -5.386132e-15 1.000000e+00
    outer loop
      vertex   1.985788e+01 9.116312e+01 4.200000e+00
      vertex   1.348563e+01 9.090000e+01 4.200000e+00
      vertex   1.985984e+01 9.099830e+01 4.200000e+00
    endloop
  endfacet
  facet normal 4.324899e-17 6.231100e-15 1.000000e+00
    outer loop
      vertex   1.985984e+01 9.099830e+01 4.200000e+00
      vertex   1.348563e+01 9.090000e+01 4.200000e+00
      vertex   1.985448e+01 9.085579e+01 4.200000e+00
    endloop
  endfacet
  facet normal 0.000000e+00 0.000000e+00 1.000000e+00
    outer loop
      vertex   1.985448e+01 9.085579e+01 4.200000e+00
      vertex   1.348563e+01 9.090000e+01 4.200000e+00
      vertex   1.348192e+01 9.083648e+01 4.200000e+00
    endloop
  endfacet
  facet normal 0.000000e+00 0.000000e+00 1.000000e+00
    outer loop
      vertex   1.985448e+01 9.085579e+01 4.200000e+00
      vertex   1.348192e+01 9.083648e+01 4.200000e+00
      vertex   1.349355e+01 9.077559e+01 4.200000e+00
    endloop
  endfacet
  facet normal 0.000000e+00 0.000000e+00 1.000000e+00
    outer loop
      vertex   1.985448e+01 9.085579e+01 4.200000e+00
      vertex   1.349355e+01 9.077559e+01 4.200000e+00
      vertex   1.983821e+01 9.073631e+01 4.200000e+00
    endloop
  endfacet
  facet normal 0.000000e+00 0.000000e+00 1.000000e+00
    outer loop
      vertex   1.983821e+01 9.073631e+01 4.200000e+00
      vertex   1.349355e+01 9.077559e+01 4.200000e+00
      vertex   1.352049e+01 9.071734e+01 4.200000e+00
    endloop
  endfacet
  facet normal 0.000000e+00 0.000000e+00 1.000000e+00
    outer loop
      vertex   1.983821e+01 9.073631e+01 4.200000e+00
      vertex   1.352049e+01 9.071734e+01 4.200000e+00
      vertex   1.356261e+01 9.066176e+01 4.200000e+00
    endloop
  endfacet
  facet normal -0.000000e+00 0.000000e+00 1.000000e+00
    outer loop
      vertex   1.356261e+01 9.066176e+01 4.200000e+00
      vertex   1.361969e+01 9.060885e+01 4.200000e+00
      vertex   1.983821e+01 9.073631e+01 4.200000e+00
    endloop
  endfacet
  facet normal 0.000000e+00 0.000000e+00 1.000000e+00
    outer loop
      vertex   1.983821e+01 9.073631e+01 4.200000e+00
      vertex   1.361969e+01 9.060885e+01 4.200000e+00
      vertex   1.980451e+01 9.063892e+01 4.200000e+00
    endloop
  endfacet
  facet normal 0.000000e+00 0.000000e+00 1.000000e+00
    outer loop
      vertex   1.980451e+01 9.063892e+01 4.200000e+00
      vertex   1.361969e+01 9.060885e+01 4.200000e+00
      vertex   1.369130e+01 9.055868e+01 4.200000e+00
    endloop
  endfacet
  facet normal 0.000000e+00 0.000000e+00 1.000000e+00
    outer loop
      vertex   1.980451e+01 9.063892e+01 4.200000e+00
      vertex   1.369130e+01 9.055868e+01 4.200000e+00
      vertex   1.387526e+01 9.046676e+01 4.200000e+00
    endloop
  endfacet
  facet normal 0.000000e+00 0.000000e+00 1.000000e+00
    outer loop
      vertex   1.980451e+01 9.063892e+01 4.200000e+00
      vertex   1.387526e+01 9.046676e+01 4.200000e+00
      vertex   1.658275e+01 9.016501e+01 4.200000e+00
    endloop
  endfacet
  facet normal 0.000000e+00 0.000000e+00 1.000000e+00
    outer loop
      vertex   1.658275e+01 9.016501e+01 4.200000e+00
      vertex   1.387526e+01 9.046676e+01 4.200000e+00
      vertex   1.410588e+01 9.038667e+01 4.200000e+00
    endloop
  endfacet
  facet normal 0.000000e+00 0.000000e+00 1.000000e+00
    outer loop
      vertex   1.658275e+01 9.016501e+01 4.200000e+00
      vertex   1.410588e+01 9.038667e+01 4.200000e+00
      vertex   1.602806e+01 9.017134e+01 4.200000e+00
    endloop
  endfacet
  facet normal 0.000000e+00 0.000000e+00 1.000000e+00
    outer loop
      vertex   1.602806e+01 9.017134e+01 4.200000e+00
      vertex   1.410588e+01 9.038667e+01 4.200000e+00
      vertex   1.437044e+01 9.031928e+01 4.200000e+00
    endloop
  endfacet
  facet normal 0.000000e+00 0.000000e+00 1.000000e+00
    outer loop
      vertex   1.602806e+01 9.017134e+01 4.200000e+00
      vertex   1.437044e+01 9.031928e+01 4.200000e+00
      vertex   1.550081e+01 9.018199e+01 4.200000e+00
    endloop
  endfacet
  facet normal 0.000000e+00 0.000000e+00 1.000000e+00
    outer loop
      vertex   1.550081e+01 9.018199e+01 4.200000e+00
      vertex   1.437044e+01 9.031928e+01 4.200000e+00
      vertex   1.494359e+01 9.022505e+01 4.200000e+00
    endloop
  endfacet
  facet normal 0.000000e+00 -0.000000e+00 1.000000e+00
    outer loop
      vertex   1.688849e+01 9.015758e+01 4.200000e+00
      vertex   1.965307e+01 9.046825e+01 4.200000e+00
      vertex   1.658275e+01 9.016501e+01 4.200000e+00
    endloop
  endfacet
  facet normal 0.000000e+00 0.000000e+00 1.000000e+00
    outer loop
      vertex   1.658275e+01 9.016501e+01 4.200000e+00
      vertex   1.965307e+01 9.046825e+01 4.200000e+00
      vertex   1.974533e+01 9.055405e+01 4.200000e+00
    endloop
  endfacet
  facet normal 0.000000e+00 0.000000e+00 1.000000e+00
    outer loop
      vertex   1.658275e+01 9.016501e+01 4.200000e+00
      vertex   1.974533e+01 9.055405e+01 4.200000e+00
      vertex   1.980451e+01 9.063892e+01 4.200000e+00
    endloop
  endfacet
  facet normal 0.000000e+00 0.000000e+00 1.000000e+00
    outer loop
      vertex   1.965307e+01 9.046825e+01 4.200000e+00
      vertex   1.688849e+01 9.015758e+01 4.200000e+00
      vertex   1.952140e+01 9.038047e+01 4.200000e+00
    endloop
  endfacet
  facet normal 0.000000e+00 0.000000e+00 1.000000e+00
    outer loop
      vertex   1.952140e+01 9.038047e+01 4.200000e+00
      vertex   1.688849e+01 9.015758e+01 4.200000e+00
      vertex   1.721471e+01 9.014768e+01 4.200000e+00
    endloop
  endfacet
  facet normal 0.000000e+00 0.000000e+00 1.000000e+00
    outer loop
      vertex   1.952140e+01 9.038047e+01 4.200000e+00
      vertex   1.721471e+01 9.014768e+01 4.200000e+00
      vertex   1.934647e+01 9.029968e+01 4.200000e+00
    endloop
  endfacet
  facet normal 0.000000e+00 0.000000e+00 1.000000e+00
    outer loop
      vertex   1.934647e+01 9.029968e+01 4.200000e+00
      vertex   1.721471e+01 9.014768e+01 4.200000e+00
      vertex   1.912752e+01 9.023280e+01 4.200000e+00
    endloop
  endfacet
  facet normal 0.000000e+00 0.000000e+00 1.000000e+00
    outer loop
      vertex   1.912752e+01 9.023280e+01 4.200000e+00
      vertex   1.721471e+01 9.014768e+01 4.200000e+00
      vertex   1.790320e+01 9.013251e+01 4.200000e+00
    endloop
  endfacet
  facet normal 0.000000e+00 0.000000e+00 1.000000e+00
    outer loop
      vertex   1.912752e+01 9.023280e+01 4.200000e+00
      vertex   1.790320e+01 9.013251e+01 4.200000e+00
      vertex   1.824512e+01 9.013554e+01 4.200000e+00
    endloop
  endfacet
  facet normal -9.954855e-15 1.485998e-13 1.000000e+00
    outer loop
      vertex   1.856995e+01 9.015133e+01 4.200000e+00
      vertex   1.886688e+01 9.018317e+01 4.200000e+00
      vertex   1.824512e+01 9.013554e+01 4.200000e+00
    endloop
  endfacet
  facet normal 4.684254e-15 -4.250100e-14 1.000000e+00
    outer loop
      vertex   1.824512e+01 9.013554e+01 4.200000e+00
      vertex   1.886688e+01 9.018317e+01 4.200000e+00
      vertex   1.912752e+01 9.023280e+01 4.200000e+00
    endloop
  endfacet
  facet normal 8.324895e-01 5.540408e-01 -0.000000e+00
    outer loop
      vertex   2.630588e+01 9.255742e+01 3.000000e+00
      vertex   2.630588e+01 9.255742e+01 3.200000e+00
      vertex   2.660818e+01 9.210320e+01 3.000000e+00
    endloop
  endfacet
  facet normal 8.322834e-01 5.543495e-01 -1.012503e-03
    outer loop
      vertex   2.660818e+01 9.210320e+01 3.000000e+00
      vertex   2.630588e+01 9.255742e+01 3.200000e+00
      vertex   2.632121e+01 9.253479e+01 3.411551e+00
    endloop
  endfacet
  facet normal 8.317924e-01 5.550828e-01 -2.123919e-03
    outer loop
      vertex   2.660818e+01 9.210320e+01 3.000000e+00
      vertex   2.632121e+01 9.253479e+01 3.411551e+00
      vertex   2.636517e+01 9.246968e+01 3.609606e+00
    endloop
  endfacet
  facet normal 8.319747e-01 5.548104e-01 -1.887454e-03
    outer loop
      vertex   2.636517e+01 9.246968e+01 3.609606e+00
      vertex   2.643331e+01 9.236811e+01 3.785499e+00
      vertex   2.660818e+01 9.210320e+01 3.000000e+00
    endloop
  endfacet
  facet normal 8.334091e-01 5.526560e-01 -8.415698e-04
    outer loop
      vertex   2.660818e+01 9.210320e+01 3.000000e+00
      vertex   2.643331e+01 9.236811e+01 3.785499e+00
      vertex   2.651974e+01 9.223799e+01 3.932688e+00
    endloop
  endfacet
  facet normal 8.362768e-01 5.483074e-01 5.875048e-05
    outer loop
      vertex   2.660818e+01 9.210320e+01 3.000000e+00
      vertex   2.651974e+01 9.223799e+01 3.932688e+00
      vertex   2.661926e+01 9.208619e+01 4.048778e+00
    endloop
  endfacet
  facet normal 8.406395e-01 5.415951e-01 -9.624155e-05
    outer loop
      vertex   2.661926e+01 9.208619e+01 4.048778e+00
      vertex   2.672708e+01 9.191885e+01 4.132401e+00
      vertex   2.660818e+01 9.210320e+01 3.000000e+00
    endloop
  endfacet
  facet normal 8.439529e-01 5.364157e-01 -1.287362e-03
    outer loop
      vertex   2.660818e+01 9.210320e+01 3.000000e+00
      vertex   2.672708e+01 9.191885e+01 4.132401e+00
      vertex   2.686616e+01 9.169732e+01 3.000000e+00
    endloop
  endfacet
  facet normal 8.461625e-01 5.329248e-01 -3.330534e-04
    outer loop
      vertex   2.686616e+01 9.169732e+01 3.000000e+00
      vertex   2.672708e+01 9.191885e+01 4.132401e+00
      vertex   2.683902e+01 9.174114e+01 4.182978e+00
    endloop
  endfacet
  facet normal 8.532289e-01 5.215365e-01 2.509528e-04
    outer loop
      vertex   2.686616e+01 9.169732e+01 3.000000e+00
      vertex   2.683902e+01 9.174114e+01 4.182978e+00
      vertex   2.695132e+01 9.155742e+01 4.200000e+00
    endloop
  endfacet
  facet normal 8.568141e-01 5.156249e-01 -6.926401e-04
    outer loop
      vertex   2.686616e+01 9.169732e+01 3.000000e+00
      vertex   2.695132e+01 9.155742e+01 4.200000e+00
      vertex   2.701363e+01 9.145226e+01 3.000000e+00
    endloop
  endfacet
  facet normal 8.664269e-01 4.993025e-01 1.236944e-03
    outer loop
      vertex   2.701363e+01 9.145226e+01 3.000000e+00
      vertex   2.695132e+01 9.155742e+01 4.200000e+00
      vertex   2.712279e+01 9.125986e+01 4.200000e+00
    endloop
  endfacet
  facet normal 8.709555e-01 4.913618e-01 -4.481542e-04
    outer loop
      vertex   2.701363e+01 9.145226e+01 3.000000e+00
      vertex   2.712279e+01 9.125986e+01 4.200000e+00
      vertex   2.713960e+01 9.122898e+01 3.000000e+00
    endloop
  endfacet
  facet normal 8.828382e-01 4.696772e-01 2.764051e-04
    outer loop
      vertex   2.713960e+01 9.122898e+01 3.000000e+00
      vertex   2.712279e+01 9.125986e+01 4.200000e+00
      vertex   2.717446e+01 9.116345e+01 3.000000e+00
    endloop
  endfacet
  facet normal 8.895035e-01 4.569256e-01 1.587908e-03
    outer loop
      vertex   2.717446e+01 9.116345e+01 3.000000e+00
      vertex   2.712279e+01 9.125986e+01 4.200000e+00
      vertex   2.720705e+01 9.110000e+01 3.000000e+00
    endloop
  endfacet
  facet normal 8.904958e-01 4.549874e-01 1.915806e-03
    outer loop
      vertex   2.720705e+01 9.110000e+01 3.000000e+00
      vertex   2.712279e+01 9.125986e+01 4.200000e+00
      vertex   2.725646e+01 9.099824e+01 4.200000e+00
    endloop
  endfacet
  facet normal 9.083639e-01 4.181761e-01 -1.941344e-03
    outer loop
      vertex   2.720705e+01 9.110000e+01 3.000000e+00
      vertex   2.725646e+01 9.099824e+01 4.200000e+00
      vertex   2.730767e+01 9.088145e+01 3.000000e+00
    endloop
  endfacet
  facet normal 9.264416e-01 3.764275e-01 2.893396e-03
    outer loop
      vertex   2.730767e+01 9.088145e+01 3.000000e+00
      vertex   2.725646e+01 9.099824e+01 4.200000e+00
      vertex   2.734897e+01 9.077056e+01 4.200000e+00
    endloop
  endfacet
  facet normal 9.464396e-01 3.228693e-01 -2.743969e-03
    outer loop
      vertex   2.730767e+01 9.088145e+01 3.000000e+00
      vertex   2.734897e+01 9.077056e+01 4.200000e+00
      vertex   2.737328e+01 9.068912e+01 3.000000e+00
    endloop
  endfacet
  facet normal 9.726882e-01 2.320820e-01 3.949510e-03
    outer loop
      vertex   2.737328e+01 9.068912e+01 3.000000e+00
      vertex   2.734897e+01 9.077056e+01 4.200000e+00
      vertex   2.739609e+01 9.057309e+01 4.200000e+00
    endloop
  endfacet
  facet normal 9.871239e-01 1.599234e-01 -3.301781e-03
    outer loop
      vertex   2.737328e+01 9.068912e+01 3.000000e+00
      vertex   2.739609e+01 9.057309e+01 4.200000e+00
      vertex   2.740072e+01 9.051972e+01 3.000000e+00
    endloop
  endfacet
  facet normal 9.982478e-01 5.915908e-02 1.222700e-03
    outer loop
      vertex   2.740072e+01 9.051972e+01 3.000000e+00
      vertex   2.739609e+01 9.057309e+01 4.200000e+00
      vertex   2.740136e+01 9.048408e+01 4.200000e+00
    endloop
  endfacet
  facet normal 9.998409e-01 -1.780845e-02 -1.064089e-03
    outer loop
      vertex   2.740072e+01 9.051972e+01 3.000000e+00
      vertex   2.740136e+01 9.048408e+01 4.200000e+00
      vertex   2.739934e+01 9.044236e+01 3.000000e+00
    endloop
  endfacet
  facet normal 9.961788e-01 -8.732692e-02 1.359173e-03
    outer loop
      vertex   2.739934e+01 9.044236e+01 3.000000e+00
      vertex   2.740136e+01 9.048408e+01 4.200000e+00
      vertex   2.739404e+01 9.040057e+01 4.200000e+00
    endloop
  endfacet
  facet normal 9.876302e-01 -1.567975e-01 -1.097574e-03
    outer loop
      vertex   2.739934e+01 9.044236e+01 3.000000e+00
      vertex   2.739404e+01 9.040057e+01 4.200000e+00
      vertex   2.738772e+01 9.036915e+01 3.000000e+00
    endloop
  endfacet
  facet normal 9.694849e-01 -2.451473e-01 1.311555e-03
    outer loop
      vertex   2.738772e+01 9.036915e+01 3.000000e+00
      vertex   2.739404e+01 9.040057e+01 4.200000e+00
      vertex   2.737412e+01 9.032180e+01 4.200000e+00
    endloop
  endfacet
  facet normal 9.544266e-01 -2.984441e-01 -9.620279e-04
    outer loop
      vertex   2.738772e+01 9.036915e+01 3.000000e+00
      vertex   2.737412e+01 9.032180e+01 4.200000e+00
      vertex   2.736595e+01 9.029954e+01 3.000000e+00
    endloop
  endfacet
  facet normal 9.186327e-01 -3.951110e-01 1.075307e-03
    outer loop
      vertex   2.736595e+01 9.029954e+01 3.000000e+00
      vertex   2.737412e+01 9.032180e+01 4.200000e+00
      vertex   2.734195e+01 9.024700e+01 4.200000e+00
    endloop
  endfacet
  facet normal 9.036009e-01 -4.283747e-01 -6.816696e-04
    outer loop
      vertex   2.736595e+01 9.029954e+01 3.000000e+00
      vertex   2.734195e+01 9.024700e+01 4.200000e+00
      vertex   2.733439e+01 9.023296e+01 3.000000e+00
    endloop
  endfacet
  facet normal 8.214353e-01 -5.702997e-01 1.496214e-03
    outer loop
      vertex   2.733439e+01 9.023296e+01 3.000000e+00
      vertex   2.734195e+01 9.024700e+01 4.200000e+00
      vertex   2.724435e+01 9.010641e+01 4.200000e+00
    endloop
  endfacet
  facet normal 8.149891e-01 -5.794763e-01 4.476440e-05
    outer loop
      vertex   2.733439e+01 9.023296e+01 3.000000e+00
      vertex   2.724435e+01 9.010641e+01 4.200000e+00
      vertex   2.724472e+01 9.010685e+01 3.000000e+00
    endloop
  endfacet
  facet normal 7.077351e-01 -7.064779e-01 -3.510608e-05
    outer loop
      vertex   2.724472e+01 9.010685e+01 3.000000e+00
      vertex   2.724435e+01 9.010641e+01 4.200000e+00
      vertex   2.711193e+01 8.997376e+01 4.200000e+00
    endloop
  endfacet
  facet normal 6.797226e-01 -7.334437e-01 -6.125532e-03
    outer loop
      vertex   2.724472e+01 9.010685e+01 3.000000e+00
      vertex   2.711193e+01 8.997376e+01 4.200000e+00
      vertex   2.699072e+01 8.987146e+01 3.000000e+00
    endloop
  endfacet
  facet normal 6.247498e-01 -7.808173e-01 3.466092e-03
    outer loop
      vertex   2.699072e+01 8.987146e+01 3.000000e+00
      vertex   2.711193e+01 8.997376e+01 4.200000e+00
      vertex   2.679777e+01 8.972240e+01 4.200000e+00
    endloop
  endfacet
  facet normal 6.050252e-01 -7.962047e-01 -1.616880e-03
    outer loop
      vertex   2.699072e+01 8.987146e+01 3.000000e+00
      vertex   2.679777e+01 8.972240e+01 4.200000e+00
      vertex   2.670178e+01 8.965189e+01 3.000000e+00
    endloop
  endfacet
  facet normal 5.697611e-01 -8.218059e-01 2.707958e-03
    outer loop
      vertex   2.670178e+01 8.965189e+01 3.000000e+00
      vertex   2.679777e+01 8.972240e+01 4.200000e+00
      vertex   2.648378e+01 8.950470e+01 4.200000e+00
    endloop
  endfacet
  facet normal 5.489517e-01 -8.358494e-01 -2.795094e-03
    outer loop
      vertex   2.670178e+01 8.965189e+01 3.000000e+00
      vertex   2.648378e+01 8.950470e+01 4.200000e+00
      vertex   2.642398e+01 8.946945e+01 3.000000e+00
    endloop
  endfacet
  facet normal 4.813320e-01 -8.765366e-01 1.769667e-03
    outer loop
      vertex   2.642398e+01 8.946945e+01 3.000000e+00
      vertex   2.648378e+01 8.950470e+01 4.200000e+00
      vertex   2.633565e+01 8.942336e+01 4.200000e+00
    endloop
  endfacet
  facet normal 4.460985e-01 -8.949826e-01 -1.532446e-03
    outer loop
      vertex   2.642398e+01 8.946945e+01 3.000000e+00
      vertex   2.633565e+01 8.942336e+01 4.200000e+00
      vertex   2.629250e+01 8.940391e+01 3.000000e+00
    endloop
  endfacet
  facet normal 3.623953e-01 -9.320222e-01 2.077562e-03
    outer loop
      vertex   2.629250e+01 8.940391e+01 3.000000e+00
      vertex   2.633565e+01 8.942336e+01 4.200000e+00
      vertex   2.619331e+01 8.936801e+01 4.200000e+00
    endloop
  endfacet
  facet normal 3.244468e-01 -9.459028e-01 -1.474493e-03
    outer loop
      vertex   2.629250e+01 8.940391e+01 3.000000e+00
      vertex   2.619331e+01 8.936801e+01 4.200000e+00
      vertex   2.616558e+01 8.936037e+01 3.000000e+00
    endloop
  endfacet
  facet normal 1.903681e-01 -9.817110e-01 1.851488e-03
    outer loop
      vertex   2.616558e+01 8.936037e+01 3.000000e+00
      vertex   2.619331e+01 8.936801e+01 4.200000e+00
      vertex   2.605632e+01 8.934145e+01 4.200000e+00
    endloop
  endfacet
  facet normal 1.605856e-01 -9.870215e-01 -9.439534e-04
    outer loop
      vertex   2.616558e+01 8.936037e+01 3.000000e+00
      vertex   2.605632e+01 8.934145e+01 4.200000e+00
      vertex   2.604295e+01 8.934042e+01 3.000000e+00
    endloop
  endfacet
  facet normal -2.318018e-02 -9.997307e-01 1.114543e-03
    outer loop
      vertex   2.604295e+01 8.934042e+01 3.000000e+00
      vertex   2.605632e+01 8.934145e+01 4.200000e+00
      vertex   2.592447e+01 8.934451e+01 4.200000e+00
    endloop
  endfacet
  facet normal -3.445801e-02 -9.994061e-01 -6.450534e-20
    outer loop
      vertex   2.604295e+01 8.934042e+01 3.000000e+00
      vertex   2.592447e+01 8.934451e+01 4.200000e+00
      vertex   2.592447e+01 8.934451e+01 3.000000e+00
    endloop
  endfacet
  facet normal 9.894935e-01 1.445772e-01 0.000000e+00
    outer loop
      vertex   2.717503e+01 9.098651e+01 1.500000e+00
      vertex   2.717503e+01 9.098651e+01 0.000000e+00
      vertex   2.715844e+01 9.110000e+01 1.500000e+00
    endloop
  endfacet
  facet normal 9.894935e-01 1.445772e-01 6.975589e-17
    outer loop
      vertex   2.715844e+01 9.110000e+01 1.500000e+00
      vertex   2.717503e+01 9.098651e+01 0.000000e+00
      vertex   2.710000e+01 9.150000e+01 0.000000e+00
    endloop
  endfacet
  facet normal 9.894935e-01 1.445772e-01 1.280970e-15
    outer loop
      vertex   2.715844e+01 9.110000e+01 1.500000e+00
      vertex   2.710000e+01 9.150000e+01 0.000000e+00
      vertex   2.713960e+01 9.122898e+01 3.000000e+00
    endloop
  endfacet
  facet normal 9.894935e-01 1.445772e-01 -9.246143e-19
    outer loop
      vertex   2.713960e+01 9.122898e+01 3.000000e+00
      vertex   2.710000e+01 9.150000e+01 0.000000e+00
      vertex   2.710000e+01 9.150000e+01 3.000000e+00
    endloop
  endfacet
  facet normal 9.894935e-01 1.445772e-01 -1.058860e-18
    outer loop
      vertex   2.713960e+01 9.122898e+01 3.000000e+00
      vertex   2.715844e+01 9.110000e+01 3.000000e+00
      vertex   2.715844e+01 9.110000e+01 1.500000e+00
    endloop
  endfacet
  facet normal 4.643063e-15 -1.000000e+00 -9.473903e-15
    outer loop
      vertex   2.409778e+01 9.110000e+01 3.000000e+00
      vertex   2.409778e+01 9.110000e+01 1.500000e+00
      vertex   2.715844e+01 9.110000e+01 3.000000e+00
    endloop
  endfacet
  facet normal 0.000000e+00 -1.000000e+00 -0.000000e+00
    outer loop
      vertex   2.715844e+01 9.110000e+01 3.000000e+00
      vertex   2.409778e+01 9.110000e+01 1.500000e+00
      vertex   2.715844e+01 9.110000e+01 1.500000e+00
    endloop
  endfacet
  facet normal -6.689647e-01 -7.432941e-01 -0.000000e+00
    outer loop
      vertex   2.382000e+01 9.135000e+01 3.000000e+00
      vertex   2.382000e+01 9.135000e+01 0.000000e+00
      vertex   2.409778e+01 9.110000e+01 1.500000e+00
    endloop
  endfacet
  facet normal -6.689647e-01 -7.432941e-01 -4.225581e-15
    outer loop
      vertex   2.409778e+01 9.110000e+01 1.500000e+00
      vertex   2.382000e+01 9.135000e+01 0.000000e+00
      vertex   2.412000e+01 9.108000e+01 0.000000e+00
    endloop
  endfacet
  facet normal -6.689647e-01 -7.432941e-01 -8.762903e-20
    outer loop
      vertex   2.409778e+01 9.110000e+01 1.500000e+00
      vertex   2.412000e+01 9.108000e+01 0.000000e+00
      vertex   2.412000e+01 9.108000e+01 1.500000e+00
    endloop
  endfacet
  facet normal -6.689647e-01 -7.432941e-01 4.049091e-15
    outer loop
      vertex   2.409778e+01 9.110000e+01 1.500000e+00
      vertex   2.409778e+01 9.110000e+01 3.000000e+00
      vertex   2.382000e+01 9.135000e+01 3.000000e+00
    endloop
  endfacet
  facet normal -6.934452e-07 -1.000000e+00 -0.000000e+00
    outer loop
      vertex   2.034000e+01 9.135000e+01 3.000000e+00
      vertex   2.034000e+01 9.135000e+01 0.000000e+00
      vertex   2.380000e+01 9.135000e+01 3.000000e+00
    endloop
  endfacet
  facet normal -4.030921e-23 -1.000000e+00 -7.997733e-07
    outer loop
      vertex   2.380000e+01 9.135000e+01 3.000000e+00
      vertex   2.034000e+01 9.135000e+01 0.000000e+00
      vertex   2.382000e+01 9.135000e+01 0.000000e+00
    endloop
  endfacet
  facet normal 1.199594e-04 -1.000000e+00 0.000000e+00
    outer loop
      vertex   2.380000e+01 9.135000e+01 3.000000e+00
      vertex   2.382000e+01 9.135000e+01 0.000000e+00
      vertex   2.382000e+01 9.135000e+01 3.000000e+00
    endloop
  endfacet
  facet normal -6.934452e-07 -1.000000e+00 0.000000e+00
    outer loop
      vertex   2.380000e+01 9.135000e+01 3.000000e+00
      vertex   2.380000e+01 9.135000e+01 4.200000e+00
      vertex   2.034000e+01 9.135000e+01 3.000000e+00
    endloop
  endfacet
  facet normal -4.325684e-23 -1.000000e+00 -1.999433e-06
    outer loop
      vertex   2.034000e+01 9.135000e+01 3.000000e+00
      vertex   2.380000e+01 9.135000e+01 4.200000e+00
      vertex   1.985000e+01 9.135000e+01 4.200000e+00
    endloop
  endfacet
  facet normal 4.896562e-06 -1.000000e+00 0.000000e+00
    outer loop
      vertex   2.034000e+01 9.135000e+01 3.000000e+00
      vertex   1.985000e+01 9.135000e+01 4.200000e+00
      vertex   1.985000e+01 9.135000e+01 3.000000e+00
    endloop
  endfacet
  facet normal -6.864503e-01 -7.271767e-01 -0.000000e+00
    outer loop
      vertex   2.592447e+01 8.934451e+01 4.200000e+00
      vertex   2.380000e+01 9.135000e+01 4.200000e+00
      vertex   2.592447e+01 8.934451e+01 3.000000e+00
    endloop
  endfacet
  facet normal -6.864503e-01 -7.271767e-01 -7.954777e-17
    outer loop
      vertex   2.592447e+01 8.934451e+01 3.000000e+00
      vertex   2.380000e+01 9.135000e+01 4.200000e+00
      vertex   2.380000e+01 9.135000e+01 3.000000e+00
    endloop
  endfacet
  facet normal 0.000000e+00 -1.000000e+00 -8.493662e-07
    outer loop
      vertex   7.283804e+00 9.110000e+01 3.000000e+00
      vertex   7.283804e+00 9.110000e+01 1.953072e+00
      vertex   8.000000e+00 9.110000e+01 3.000000e+00
    endloop
  endfacet
  facet normal 2.018839e-14 -1.000000e+00 -8.493663e-07
    outer loop
      vertex   8.000000e+00 9.110000e+01 3.000000e+00
      vertex   7.283804e+00 9.110000e+01 1.953072e+00
      vertex   8.000000e+00 9.110000e+01 1.500000e+00
    endloop
  endfacet
  facet normal -0.000000e+00 -1.000000e+00 -8.493663e-07
    outer loop
      vertex   8.000000e+00 9.110000e+01 1.500000e+00
      vertex   7.283804e+00 9.110000e+01 1.953072e+00
      vertex   7.283804e+00 9.110000e+01 1.500000e+00
    endloop
  endfacet
  facet normal 0.000000e+00 0.000000e+00 1.000000e+00
    outer loop
      vertex   7.283804e+00 9.110000e+01 3.000000e+00
      vertex   8.000000e+00 9.110000e+01 3.000000e+00
      vertex   7.283804e+00 9.255742e+01 3.000000e+00
    endloop
  endfacet
  facet normal -0.000000e+00 0.000000e+00 1.000000e+00
    outer loop
      vertex   7.283804e+00 9.255742e+01 3.000000e+00
      vertex   8.000000e+00 9.110000e+01 3.000000e+00
      vertex   1.348563e+01 9.255742e+01 3.000000e+00
    endloop
  endfacet
  facet normal 0.000000e+00 0.000000e+00 1.000000e+00
    outer loop
      vertex   1.348563e+01 9.255742e+01 3.000000e+00
      vertex   8.000000e+00 9.110000e+01 3.000000e+00
      vertex   1.348563e+01 9.110000e+01 3.000000e+00
    endloop
  endfacet
  facet normal -0.000000e+00 1.000000e+00 0.000000e+00
    outer loop
      vertex   7.283804e+00 9.255742e+01 3.000000e+00
      vertex   1.348563e+01 9.255742e+01 3.000000e+00
      vertex   7.283804e+00 9.255742e+01 2.993973e+00
    endloop
  endfacet
  facet normal -0.000000e+00 1.000000e+00 0.000000e+00
    outer loop
      vertex   7.283804e+00 9.255742e+01 2.993973e+00
      vertex   1.348563e+01 9.255742e+01 3.000000e+00
      vertex   6.962804e+00 9.255742e+01 5.000000e-01
    endloop
  endfacet
  facet normal 0.000000e+00 1.000000e+00 0.000000e+00
    outer loop
      vertex   7.283804e+00 9.255742e+01 2.993973e+00
      vertex   6.962804e+00 9.255742e+01 5.000000e-01
      vertex   6.962804e+00 9.255742e+01 2.993973e+00
    endloop
  endfacet
  facet normal 0.000000e+00 1.000000e+00 0.000000e+00
    outer loop
      vertex   1.348563e+01 9.255742e+01 3.200000e+00
      vertex   2.584684e+01 9.255742e+01 3.000000e+00
      vertex   1.348563e+01 9.255742e+01 3.000000e+00
    endloop
  endfacet
  facet normal -0.000000e+00 1.000000e+00 0.000000e+00
    outer loop
      vertex   1.348563e+01 9.255742e+01 3.000000e+00
      vertex   2.584684e+01 9.255742e+01 3.000000e+00
      vertex   2.584684e+01 9.255742e+01 5.000000e-01
    endloop
  endfacet
  facet normal 0.000000e+00 1.000000e+00 0.000000e+00
    outer loop
      vertex   1.348563e+01 9.255742e+01 3.000000e+00
      vertex   2.584684e+01 9.255742e+01 5.000000e-01
      vertex   6.962804e+00 9.255742e+01 5.000000e-01
    endloop
  endfacet
  facet normal -0.000000e+00 1.000000e+00 0.000000e+00
    outer loop
      vertex   1.348563e+01 9.255742e+01 3.200000e+00
      vertex   2.630588e+01 9.255742e+01 3.200000e+00
      vertex   2.584684e+01 9.255742e+01 3.000000e+00
    endloop
  endfacet
  facet normal 0.000000e+00 1.000000e+00 0.000000e+00
    outer loop
      vertex   2.584684e+01 9.255742e+01 3.000000e+00
      vertex   2.630588e+01 9.255742e+01 3.200000e+00
      vertex   2.630588e+01 9.255742e+01 3.000000e+00
    endloop
  endfacet
  facet normal 1.000000e+00 -0.000000e+00 0.000000e+00
    outer loop
      vertex   4.449069e+01 5.930000e+01 5.000000e-01
      vertex   4.449069e+01 9.015676e+01 5.000000e-01
      vertex   4.449069e+01 8.125737e+01 1.500000e+00
    endloop
  endfacet
  facet normal 1.000000e+00 -0.000000e+00 0.000000e+00
    outer loop
      vertex   4.449069e+01 8.125737e+01 1.500000e+00
      vertex   4.449069e+01 9.015676e+01 5.000000e-01
      vertex   4.449069e+01 9.015676e+01 2.500000e+00
    endloop
  endfacet
  facet normal 1.000000e+00 0.000000e+00 0.000000e+00
    outer loop
      vertex   4.449069e+01 8.125737e+01 1.500000e+00
      vertex   4.449069e+01 9.015676e+01 2.500000e+00
      vertex   4.449069e+01 8.370661e+01 2.465183e+00
    endloop
  endfacet
  facet normal 1.000000e+00 0.000000e+00 0.000000e+00
    outer loop
      vertex   4.449069e+01 8.370661e+01 2.465183e+00
      vertex   4.449069e+01 9.015676e+01 2.500000e+00
      vertex   4.449069e+01 8.388993e+01 2.500000e+00
    endloop
  endfacet
  facet normal 1.000000e+00 0.000000e+00 0.000000e+00
    outer loop
      vertex   4.449069e+01 8.370661e+01 2.465183e+00
      vertex   4.449069e+01 8.388993e+01 2.500000e+00
      vertex   4.449069e+01 8.376610e+01 2.484424e+00
    endloop
  endfacet
  facet normal 1.000000e+00 0.000000e+00 0.000000e+00
    outer loop
      vertex   4.449069e+01 8.376610e+01 2.484424e+00
      vertex   4.449069e+01 8.388993e+01 2.500000e+00
      vertex   4.449069e+01 8.382753e+01 2.496091e+00
    endloop
  endfacet
  facet normal 1.000000e+00 0.000000e+00 0.000000e+00
    outer loop
      vertex   4.449069e+01 8.125737e+01 1.500000e+00
      vertex   4.449069e+01 6.740371e+01 1.500000e+00
      vertex   4.449069e+01 5.930000e+01 5.000000e-01
    endloop
  endfacet
  facet normal 1.000000e+00 0.000000e+00 0.000000e+00
    outer loop
      vertex   4.449069e+01 5.930000e+01 5.000000e-01
      vertex   4.449069e+01 6.740371e+01 1.500000e+00
      vertex   4.449069e+01 5.930000e+01 2.500000e+00
    endloop
  endfacet
  facet normal 1.000000e+00 0.000000e+00 0.000000e+00
    outer loop
      vertex   4.449069e+01 5.930000e+01 2.500000e+00
      vertex   4.449069e+01 6.740371e+01 1.500000e+00
      vertex   4.449069e+01 6.499311e+01 2.464238e+00
    endloop
  endfacet
  facet normal 1.000000e+00 -0.000000e+00 0.000000e+00
    outer loop
      vertex   4.449069e+01 5.930000e+01 2.500000e+00
      vertex   4.449069e+01 6.499311e+01 2.464238e+00
      vertex   4.449069e+01 6.480742e+01 2.500000e+00
    endloop
  endfacet
  facet normal 1.000000e+00 0.000000e+00 0.000000e+00
    outer loop
      vertex   4.449069e+01 6.480742e+01 2.500000e+00
      vertex   4.449069e+01 6.499311e+01 2.464238e+00
      vertex   4.449069e+01 6.493290e+01 2.483999e+00
    endloop
  endfacet
  facet normal 1.000000e+00 0.000000e+00 0.000000e+00
    outer loop
      vertex   4.449069e+01 6.480742e+01 2.500000e+00
      vertex   4.449069e+01 6.493290e+01 2.483999e+00
      vertex   4.449069e+01 6.487067e+01 2.495984e+00
    endloop
  endfacet
  facet normal 0.000000e+00 9.987955e-01 -4.906767e-02
    outer loop
      vertex   2.584684e+01 9.255742e+01 5.000000e-01
      vertex   2.584970e+01 9.255501e+01 4.509914e-01
      vertex   6.962804e+00 9.255742e+01 5.000000e-01
    endloop
  endfacet
  facet normal -2.123093e-04 9.914448e-01 -1.305262e-01
    outer loop
      vertex   6.962804e+00 9.255742e+01 5.000000e-01
      vertex   2.584970e+01 9.255501e+01 4.509914e-01
      vertex   6.962804e+00 9.254038e+01 3.705905e-01
    endloop
  endfacet
  facet normal -5.182107e-15 9.838460e-01 -1.790169e-01
    outer loop
      vertex   6.962804e+00 9.254038e+01 3.705905e-01
      vertex   2.584970e+01 9.255501e+01 4.509914e-01
      vertex   9.745174e+00 9.254038e+01 3.705905e-01
    endloop
  endfacet
  facet normal -5.054618e-15 9.238795e-01 -3.826834e-01
    outer loop
      vertex   6.962804e+00 9.254038e+01 3.705905e-01
      vertex   9.745174e+00 9.254038e+01 3.705905e-01
      vertex   6.962804e+00 9.249043e+01 2.500000e-01
    endloop
  endfacet
  facet normal -1.183414e-16 9.238795e-01 -3.826834e-01
    outer loop
      vertex   6.962804e+00 9.249043e+01 2.500000e-01
      vertex   9.745174e+00 9.254038e+01 3.705905e-01
      vertex   9.745174e+00 9.249043e+01 2.500000e-01
    endloop
  endfacet
  facet normal -1.882540e-16 7.933533e-01 -6.087614e-01
    outer loop
      vertex   6.962804e+00 9.249043e+01 2.500000e-01
      vertex   9.745174e+00 9.249043e+01 2.500000e-01
      vertex   6.962804e+00 9.241097e+01 1.464466e-01
    endloop
  endfacet
  facet normal -6.679980e-17 7.933533e-01 -6.087614e-01
    outer loop
      vertex   6.962804e+00 9.241097e+01 1.464466e-01
      vertex   9.745174e+00 9.249043e+01 2.500000e-01
      vertex   9.745174e+00 9.241097e+01 1.464466e-01
    endloop
  endfacet
  facet normal -8.705519e-17 6.087614e-01 -7.933533e-01
    outer loop
      vertex   6.962804e+00 9.241097e+01 1.464466e-01
      vertex   9.745174e+00 9.241097e+01 1.464466e-01
      vertex   6.962804e+00 9.230742e+01 6.698730e-02
    endloop
  endfacet
  facet normal 3.957054e-16 6.087614e-01 -7.933533e-01
    outer loop
      vertex   6.962804e+00 9.230742e+01 6.698730e-02
      vertex   9.745174e+00 9.241097e+01 1.464466e-01
      vertex   9.745174e+00 9.230742e+01 6.698730e-02
    endloop
  endfacet
  facet normal 4.608087e-16 3.826834e-01 -9.238795e-01
    outer loop
      vertex   6.962804e+00 9.230742e+01 6.698730e-02
      vertex   9.745174e+00 9.230742e+01 6.698730e-02
      vertex   6.962804e+00 9.218683e+01 1.703709e-02
    endloop
  endfacet
  facet normal -7.833748e-16 3.826834e-01 -9.238795e-01
    outer loop
      vertex   6.962804e+00 9.218683e+01 1.703709e-02
      vertex   9.745174e+00 9.230742e+01 6.698730e-02
      vertex   9.745174e+00 9.218683e+01 1.703709e-02
    endloop
  endfacet
  facet normal -8.406647e-16 1.305262e-01 -9.914449e-01
    outer loop
      vertex   6.962804e+00 9.218683e+01 1.703709e-02
      vertex   9.745174e+00 9.218683e+01 1.703709e-02
      vertex   6.962804e+00 9.205742e+01 0.000000e+00
    endloop
  endfacet
  facet normal 1.486251e-16 1.305262e-01 -9.914449e-01
    outer loop
      vertex   6.962804e+00 9.205742e+01 0.000000e+00
      vertex   9.745174e+00 9.218683e+01 1.703709e-02
      vertex   1.252754e+01 9.218683e+01 1.703709e-02
    endloop
  endfacet
  facet normal 1.489035e-16 1.305262e-01 -9.914449e-01
    outer loop
      vertex   6.962804e+00 9.205742e+01 0.000000e+00
      vertex   1.252754e+01 9.218683e+01 1.703709e-02
      vertex   1.530991e+01 9.218683e+01 1.703709e-02
    endloop
  endfacet
  facet normal 1.382426e-16 3.826834e-01 -9.238795e-01
    outer loop
      vertex   1.530991e+01 9.218683e+01 1.703709e-02
      vertex   1.252754e+01 9.218683e+01 1.703709e-02
      vertex   1.530991e+01 9.230742e+01 6.698730e-02
    endloop
  endfacet
  facet normal -6.853850e-17 3.826834e-01 -9.238795e-01
    outer loop
      vertex   1.530991e+01 9.218683e+01 1.703709e-02
      vertex   1.530991e+01 9.230742e+01 6.698730e-02
      vertex   1.809228e+01 9.230742e+01 6.698730e-02
    endloop
  endfacet
  facet normal -5.935581e-17 6.087614e-01 -7.933533e-01
    outer loop
      vertex   1.809228e+01 9.230742e+01 6.698730e-02
      vertex   1.530991e+01 9.230742e+01 6.698730e-02
      vertex   1.809228e+01 9.241097e+01 1.464466e-01
    endloop
  endfacet
  facet normal -1.445627e-18 6.087614e-01 -7.933533e-01
    outer loop
      vertex   1.809228e+01 9.230742e+01 6.698730e-02
      vertex   1.809228e+01 9.241097e+01 1.464466e-01
      vertex   2.087466e+01 9.241097e+01 1.464466e-01
    endloop
  endfacet
  facet normal 0.000000e+00 7.933533e-01 -6.087614e-01
    outer loop
      vertex   2.087466e+01 9.241097e+01 1.464466e-01
      vertex   1.809228e+01 9.241097e+01 1.464466e-01
      vertex   2.087466e+01 9.249043e+01 2.500000e-01
    endloop
  endfacet
  facet normal 3.658933e-17 7.933533e-01 -6.087614e-01
    outer loop
      vertex   2.087466e+01 9.241097e+01 1.464466e-01
      vertex   2.087466e+01 9.249043e+01 2.500000e-01
      vertex   2.365703e+01 9.249043e+01 2.500000e-01
    endloop
  endfacet
  facet normal 2.290479e-17 9.238795e-01 -3.826834e-01
    outer loop
      vertex   2.365703e+01 9.249043e+01 2.500000e-01
      vertex   2.087466e+01 9.249043e+01 2.500000e-01
      vertex   2.365703e+01 9.254038e+01 3.705905e-01
    endloop
  endfacet
  facet normal -1.913964e-03 9.238778e-01 -3.826827e-01
    outer loop
      vertex   2.365703e+01 9.249043e+01 2.500000e-01
      vertex   2.365703e+01 9.254038e+01 3.705905e-01
      vertex   2.589195e+01 9.251936e+01 3.086583e-01
    endloop
  endfacet
  facet normal -4.844719e-04 9.414788e-01 -3.370719e-01
    outer loop
      vertex   2.589195e+01 9.251936e+01 3.086583e-01
      vertex   2.365703e+01 9.254038e+01 3.705905e-01
      vertex   2.587236e+01 9.253589e+01 3.548577e-01
    endloop
  endfacet
  facet normal 2.421673e-04 9.700482e-01 -2.429125e-01
    outer loop
      vertex   2.587236e+01 9.253589e+01 3.548577e-01
      vertex   2.365703e+01 9.254038e+01 3.705905e-01
      vertex   2.585823e+01 9.254781e+01 4.024548e-01
    endloop
  endfacet
  facet normal -1.211595e-03 9.891448e-01 -1.469388e-01
    outer loop
      vertex   2.585823e+01 9.254781e+01 4.024548e-01
      vertex   2.365703e+01 9.254038e+01 3.705905e-01
      vertex   2.584970e+01 9.255501e+01 4.509914e-01
    endloop
  endfacet
  facet normal 2.489773e-17 9.838460e-01 -1.790169e-01
    outer loop
      vertex   2.584970e+01 9.255501e+01 4.509914e-01
      vertex   2.365703e+01 9.254038e+01 3.705905e-01
      vertex   2.087466e+01 9.254038e+01 3.705905e-01
    endloop
  endfacet
  facet normal 2.867527e-17 9.838460e-01 -1.790169e-01
    outer loop
      vertex   2.584970e+01 9.255501e+01 4.509914e-01
      vertex   2.087466e+01 9.254038e+01 3.705905e-01
      vertex   1.809228e+01 9.254038e+01 3.705905e-01
    endloop
  endfacet
  facet normal 6.107943e-17 9.238795e-01 -3.826834e-01
    outer loop
      vertex   1.809228e+01 9.254038e+01 3.705905e-01
      vertex   2.087466e+01 9.254038e+01 3.705905e-01
      vertex   1.809228e+01 9.249043e+01 2.500000e-01
    endloop
  endfacet
  facet normal 1.945471e-17 9.238795e-01 -3.826834e-01
    outer loop
      vertex   1.809228e+01 9.254038e+01 3.705905e-01
      vertex   1.809228e+01 9.249043e+01 2.500000e-01
      vertex   1.530991e+01 9.249043e+01 2.500000e-01
    endloop
  endfacet
  facet normal 3.036354e-17 7.933533e-01 -6.087614e-01
    outer loop
      vertex   1.530991e+01 9.249043e+01 2.500000e-01
      vertex   1.809228e+01 9.249043e+01 2.500000e-01
      vertex   1.530991e+01 9.241097e+01 1.464466e-01
    endloop
  endfacet
  facet normal -2.366750e-18 7.933533e-01 -6.087614e-01
    outer loop
      vertex   1.530991e+01 9.249043e+01 2.500000e-01
      vertex   1.530991e+01 9.241097e+01 1.464466e-01
      vertex   1.252754e+01 9.241097e+01 1.464466e-01
    endloop
  endfacet
  facet normal 0.000000e+00 6.087614e-01 -7.933533e-01
    outer loop
      vertex   1.252754e+01 9.241097e+01 1.464466e-01
      vertex   1.530991e+01 9.241097e+01 1.464466e-01
      vertex   1.252754e+01 9.230742e+01 6.698730e-02
    endloop
  endfacet
  facet normal -8.002427e-17 6.087614e-01 -7.933533e-01
    outer loop
      vertex   1.252754e+01 9.241097e+01 1.464466e-01
      vertex   1.252754e+01 9.230742e+01 6.698730e-02
      vertex   9.745174e+00 9.230742e+01 6.698730e-02
    endloop
  endfacet
  facet normal -9.216174e-17 3.826834e-01 -9.238795e-01
    outer loop
      vertex   9.745174e+00 9.230742e+01 6.698730e-02
      vertex   1.252754e+01 9.230742e+01 6.698730e-02
      vertex   9.745174e+00 9.218683e+01 1.703709e-02
    endloop
  endfacet
  facet normal 9.421020e-04 8.821689e-01 -4.709323e-01
    outer loop
      vertex   2.589195e+01 9.251936e+01 3.086583e-01
      vertex   2.594671e+01 9.247316e+01 2.222149e-01
      vertex   2.365703e+01 9.249043e+01 2.500000e-01
    endloop
  endfacet
  facet normal -1.400644e-03 7.933526e-01 -6.087608e-01
    outer loop
      vertex   2.365703e+01 9.249043e+01 2.500000e-01
      vertex   2.594671e+01 9.247316e+01 2.222149e-01
      vertex   2.365703e+01 9.241097e+01 1.464466e-01
    endloop
  endfacet
  facet normal -1.623366e-18 7.933533e-01 -6.087614e-01
    outer loop
      vertex   2.365703e+01 9.249043e+01 2.500000e-01
      vertex   2.365703e+01 9.241097e+01 1.464466e-01
      vertex   2.087466e+01 9.241097e+01 1.464466e-01
    endloop
  endfacet
  facet normal 0.000000e+00 6.087614e-01 -7.933533e-01
    outer loop
      vertex   2.087466e+01 9.241097e+01 1.464466e-01
      vertex   2.365703e+01 9.241097e+01 1.464466e-01
      vertex   2.087466e+01 9.230742e+01 6.698730e-02
    endloop
  endfacet
  facet normal -7.787101e-17 6.087614e-01 -7.933533e-01
    outer loop
      vertex   2.087466e+01 9.241097e+01 1.464466e-01
      vertex   2.087466e+01 9.230742e+01 6.698730e-02
      vertex   1.809228e+01 9.230742e+01 6.698730e-02
    endloop
  endfacet
  facet normal -9.216174e-17 3.826834e-01 -9.238795e-01
    outer loop
      vertex   1.809228e+01 9.230742e+01 6.698730e-02
      vertex   2.087466e+01 9.230742e+01 6.698730e-02
      vertex   1.809228e+01 9.218683e+01 1.703709e-02
    endloop
  endfacet
  facet normal 1.392430e-16 3.826834e-01 -9.238795e-01
    outer loop
      vertex   1.809228e+01 9.230742e+01 6.698730e-02
      vertex   1.809228e+01 9.218683e+01 1.703709e-02
      vertex   1.530991e+01 9.218683e+01 1.703709e-02
    endloop
  endfacet
  facet normal 1.483526e-16 1.305262e-01 -9.914449e-01
    outer loop
      vertex   1.530991e+01 9.218683e+01 1.703709e-02
      vertex   1.809228e+01 9.218683e+01 1.703709e-02
      vertex   6.962804e+00 9.205742e+01 0.000000e+00
    endloop
  endfacet
  facet normal 2.277651e-17 7.730105e-01 -6.343933e-01
    outer loop
      vertex   2.594671e+01 9.247316e+01 2.222149e-01
      vertex   2.602040e+01 9.241097e+01 1.464466e-01
      vertex   2.365703e+01 9.241097e+01 1.464466e-01
    endloop
  endfacet
  facet normal 2.723484e-17 6.343933e-01 -7.730105e-01
    outer loop
      vertex   2.365703e+01 9.241097e+01 1.464466e-01
      vertex   2.602040e+01 9.241097e+01 1.464466e-01
      vertex   2.611019e+01 9.233521e+01 8.426519e-02
    endloop
  endfacet
  facet normal -1.307302e-03 6.087609e-01 -7.933527e-01
    outer loop
      vertex   2.365703e+01 9.241097e+01 1.464466e-01
      vertex   2.611019e+01 9.233521e+01 8.426519e-02
      vertex   2.365703e+01 9.230742e+01 6.698730e-02
    endloop
  endfacet
  facet normal 8.603457e-04 4.721894e-01 -8.814967e-01
    outer loop
      vertex   2.365703e+01 9.230742e+01 6.698730e-02
      vertex   2.611019e+01 9.233521e+01 8.426519e-02
      vertex   2.621264e+01 9.224876e+01 3.806023e-02
    endloop
  endfacet
  facet normal -1.673793e-03 3.826829e-01 -9.238782e-01
    outer loop
      vertex   2.365703e+01 9.230742e+01 6.698730e-02
      vertex   2.621264e+01 9.224876e+01 3.806023e-02
      vertex   2.365703e+01 9.218683e+01 1.703709e-02
    endloop
  endfacet
  facet normal 3.244690e-03 1.987869e-01 -9.800374e-01
    outer loop
      vertex   2.365703e+01 9.218683e+01 1.703709e-02
      vertex   2.621264e+01 9.224876e+01 3.806023e-02
      vertex   2.643940e+01 9.205742e+01 1.387779e-16
    endloop
  endfacet
  facet normal -5.430306e-16 1.305262e-01 -9.914449e-01
    outer loop
      vertex   2.365703e+01 9.218683e+01 1.703709e-02
      vertex   2.643940e+01 9.205742e+01 1.387779e-16
      vertex   2.087466e+01 9.218683e+01 1.703709e-02
    endloop
  endfacet
  facet normal 1.236272e-16 1.305262e-01 -9.914449e-01
    outer loop
      vertex   2.087466e+01 9.218683e+01 1.703709e-02
      vertex   2.643940e+01 9.205742e+01 1.387779e-16
      vertex   1.809228e+01 9.218683e+01 1.703709e-02
    endloop
  endfacet
  facet normal 1.152022e-16 3.826834e-01 -9.238795e-01
    outer loop
      vertex   2.087466e+01 9.218683e+01 1.703709e-02
      vertex   1.809228e+01 9.218683e+01 1.703709e-02
      vertex   2.087466e+01 9.230742e+01 6.698730e-02
    endloop
  endfacet
  facet normal 7.064409e-18 1.305262e-01 -9.914449e-01
    outer loop
      vertex   2.643940e+01 9.205742e+01 1.387779e-16
      vertex   6.962804e+00 9.205742e+01 0.000000e+00
      vertex   1.809228e+01 9.218683e+01 1.703709e-02
    endloop
  endfacet
  facet normal 1.908732e-17 9.238795e-01 -3.826834e-01
    outer loop
      vertex   1.809228e+01 9.249043e+01 2.500000e-01
      vertex   2.087466e+01 9.254038e+01 3.705905e-01
      vertex   2.087466e+01 9.249043e+01 2.500000e-01
    endloop
  endfacet
  facet normal 5.281471e-17 9.238795e-01 -3.826834e-01
    outer loop
      vertex   2.087466e+01 9.249043e+01 2.500000e-01
      vertex   2.087466e+01 9.254038e+01 3.705905e-01
      vertex   2.365703e+01 9.254038e+01 3.705905e-01
    endloop
  endfacet
  facet normal 2.857257e-17 9.838460e-01 -1.790169e-01
    outer loop
      vertex   1.809228e+01 9.254038e+01 3.705905e-01
      vertex   1.530991e+01 9.254038e+01 3.705905e-01
      vertex   2.584970e+01 9.255501e+01 4.509914e-01
    endloop
  endfacet
  facet normal 2.502953e-17 9.838460e-01 -1.790169e-01
    outer loop
      vertex   2.584970e+01 9.255501e+01 4.509914e-01
      vertex   1.530991e+01 9.254038e+01 3.705905e-01
      vertex   1.252754e+01 9.254038e+01 3.705905e-01
    endloop
  endfacet
  facet normal 3.237863e-17 9.838460e-01 -1.790169e-01
    outer loop
      vertex   2.584970e+01 9.255501e+01 4.509914e-01
      vertex   1.252754e+01 9.254038e+01 3.705905e-01
      vertex   9.745174e+00 9.254038e+01 3.705905e-01
    endloop
  endfacet
  facet normal 6.871436e-17 9.238795e-01 -3.826834e-01
    outer loop
      vertex   9.745174e+00 9.254038e+01 3.705905e-01
      vertex   1.252754e+01 9.254038e+01 3.705905e-01
      vertex   9.745174e+00 9.249043e+01 2.500000e-01
    endloop
  endfacet
  facet normal 6.107943e-17 9.238795e-01 -3.826834e-01
    outer loop
      vertex   1.809228e+01 9.254038e+01 3.705905e-01
      vertex   1.530991e+01 9.249043e+01 2.500000e-01
      vertex   1.530991e+01 9.254038e+01 3.705905e-01
    endloop
  endfacet
  facet normal 2.188105e-17 9.238795e-01 -3.826834e-01
    outer loop
      vertex   1.530991e+01 9.254038e+01 3.705905e-01
      vertex   1.530991e+01 9.249043e+01 2.500000e-01
      vertex   1.252754e+01 9.249043e+01 2.500000e-01
    endloop
  endfacet
  facet normal 5.344450e-17 9.238795e-01 -3.826834e-01
    outer loop
      vertex   1.530991e+01 9.254038e+01 3.705905e-01
      vertex   1.252754e+01 9.249043e+01 2.500000e-01
      vertex   1.252754e+01 9.254038e+01 3.705905e-01
    endloop
  endfacet
  facet normal 3.002408e-17 9.238795e-01 -3.826834e-01
    outer loop
      vertex   1.252754e+01 9.254038e+01 3.705905e-01
      vertex   1.252754e+01 9.249043e+01 2.500000e-01
      vertex   9.745174e+00 9.249043e+01 2.500000e-01
    endloop
  endfacet
  facet normal -1.821813e-17 7.933533e-01 -6.087614e-01
    outer loop
      vertex   1.530991e+01 9.241097e+01 1.464466e-01
      vertex   1.809228e+01 9.249043e+01 2.500000e-01
      vertex   1.809228e+01 9.241097e+01 1.464466e-01
    endloop
  endfacet
  facet normal 2.881260e-17 7.933533e-01 -6.087614e-01
    outer loop
      vertex   1.809228e+01 9.241097e+01 1.464466e-01
      vertex   1.809228e+01 9.249043e+01 2.500000e-01
      vertex   2.087466e+01 9.249043e+01 2.500000e-01
    endloop
  endfacet
  facet normal 4.806378e-17 7.933533e-01 -6.087614e-01
    outer loop
      vertex   9.745174e+00 9.241097e+01 1.464466e-01
      vertex   9.745174e+00 9.249043e+01 2.500000e-01
      vertex   1.252754e+01 9.249043e+01 2.500000e-01
    endloop
  endfacet
  facet normal -1.821813e-17 7.933533e-01 -6.087614e-01
    outer loop
      vertex   9.745174e+00 9.241097e+01 1.464466e-01
      vertex   1.252754e+01 9.249043e+01 2.500000e-01
      vertex   1.252754e+01 9.241097e+01 1.464466e-01
    endloop
  endfacet
  facet normal 3.584594e-17 7.933533e-01 -6.087614e-01
    outer loop
      vertex   1.252754e+01 9.241097e+01 1.464466e-01
      vertex   1.252754e+01 9.249043e+01 2.500000e-01
      vertex   1.530991e+01 9.249043e+01 2.500000e-01
    endloop
  endfacet
  facet normal -5.935581e-17 6.087614e-01 -7.933533e-01
    outer loop
      vertex   1.252754e+01 9.230742e+01 6.698730e-02
      vertex   1.530991e+01 9.241097e+01 1.464466e-01
      vertex   1.530991e+01 9.230742e+01 6.698730e-02
    endloop
  endfacet
  facet normal -2.258874e-17 6.087614e-01 -7.933533e-01
    outer loop
      vertex   1.530991e+01 9.230742e+01 6.698730e-02
      vertex   1.530991e+01 9.241097e+01 1.464466e-01
      vertex   1.809228e+01 9.241097e+01 1.464466e-01
    endloop
  endfacet
  facet normal -2.270523e-17 6.087614e-01 -7.933533e-01
    outer loop
      vertex   9.745174e+00 9.230742e+01 6.698730e-02
      vertex   9.745174e+00 9.241097e+01 1.464466e-01
      vertex   1.252754e+01 9.241097e+01 1.464466e-01
    endloop
  endfacet
  facet normal -7.009158e-17 3.826834e-01 -9.238795e-01
    outer loop
      vertex   2.087466e+01 9.218683e+01 1.703709e-02
      vertex   2.087466e+01 9.230742e+01 6.698730e-02
      vertex   2.365703e+01 9.230742e+01 6.698730e-02
    endloop
  endfacet
  facet normal -5.935581e-17 6.087614e-01 -7.933533e-01
    outer loop
      vertex   2.365703e+01 9.230742e+01 6.698730e-02
      vertex   2.087466e+01 9.230742e+01 6.698730e-02
      vertex   2.365703e+01 9.241097e+01 1.464466e-01
    endloop
  endfacet
  facet normal -1.839340e-15 3.826834e-01 -9.238795e-01
    outer loop
      vertex   2.365703e+01 9.218683e+01 1.703709e-02
      vertex   2.087466e+01 9.218683e+01 1.703709e-02
      vertex   2.365703e+01 9.230742e+01 6.698730e-02
    endloop
  endfacet
  facet normal 1.382426e-16 3.826834e-01 -9.238795e-01
    outer loop
      vertex   9.745174e+00 9.218683e+01 1.703709e-02
      vertex   1.252754e+01 9.230742e+01 6.698730e-02
      vertex   1.252754e+01 9.218683e+01 1.703709e-02
    endloop
  endfacet
  facet normal -6.895611e-17 3.826834e-01 -9.238795e-01
    outer loop
      vertex   1.252754e+01 9.218683e+01 1.703709e-02
      vertex   1.252754e+01 9.230742e+01 6.698730e-02
      vertex   1.530991e+01 9.230742e+01 6.698730e-02
    endloop
  endfacet
  facet normal 3.012193e-03 -9.977312e-01 -6.725626e-02
    outer loop
      vertex   7.283804e+00 5.700452e+01 4.328957e-01
      vertex   1.003756e+01 5.701704e+01 3.705905e-01
      vertex   7.283804e+00 5.700000e+01 5.000000e-01
    endloop
  endfacet
  facet normal -1.820883e-19 -9.914449e-01 -1.305262e-01
    outer loop
      vertex   7.283804e+00 5.700000e+01 5.000000e-01
      vertex   1.003756e+01 5.701704e+01 3.705905e-01
      vertex   1.279131e+01 5.701704e+01 3.705905e-01
    endloop
  endfacet
  facet normal -1.820883e-19 -9.914449e-01 -1.305262e-01
    outer loop
      vertex   7.283804e+00 5.700000e+01 5.000000e-01
      vertex   1.279131e+01 5.701704e+01 3.705905e-01
      vertex   1.554506e+01 5.701704e+01 3.705905e-01
    endloop
  endfacet
  facet normal -0.000000e+00 -9.238795e-01 -3.826834e-01
    outer loop
      vertex   1.554506e+01 5.701704e+01 3.705905e-01
      vertex   1.279131e+01 5.701704e+01 3.705905e-01
      vertex   1.554506e+01 5.706699e+01 2.500000e-01
    endloop
  endfacet
  facet normal -7.728031e-20 -9.238795e-01 -3.826834e-01
    outer loop
      vertex   1.554506e+01 5.701704e+01 3.705905e-01
      vertex   1.554506e+01 5.706699e+01 2.500000e-01
      vertex   1.829881e+01 5.706699e+01 2.500000e-01
    endloop
  endfacet
  facet normal -0.000000e+00 -7.933533e-01 -6.087614e-01
    outer loop
      vertex   1.829881e+01 5.706699e+01 2.500000e-01
      vertex   1.554506e+01 5.706699e+01 2.500000e-01
      vertex   1.829881e+01 5.714645e+01 1.464466e-01
    endloop
  endfacet
  facet normal -1.912515e-17 -7.933533e-01 -6.087614e-01
    outer loop
      vertex   1.829881e+01 5.706699e+01 2.500000e-01
      vertex   1.829881e+01 5.714645e+01 1.464466e-01
      vertex   2.105257e+01 5.714645e+01 1.464466e-01
    endloop
  endfacet
  facet normal -2.398906e-17 -6.087614e-01 -7.933533e-01
    outer loop
      vertex   2.105257e+01 5.714645e+01 1.464466e-01
      vertex   1.829881e+01 5.714645e+01 1.464466e-01
      vertex   2.105257e+01 5.725000e+01 6.698730e-02
    endloop
  endfacet
  facet normal -9.627608e-20 -6.087614e-01 -7.933533e-01
    outer loop
      vertex   2.105257e+01 5.714645e+01 1.464466e-01
      vertex   2.105257e+01 5.725000e+01 6.698730e-02
      vertex   2.380632e+01 5.725000e+01 6.698730e-02
    endloop
  endfacet
  facet normal -0.000000e+00 -3.826834e-01 -9.238795e-01
    outer loop
      vertex   2.380632e+01 5.725000e+01 6.698730e-02
      vertex   2.105257e+01 5.725000e+01 6.698730e-02
      vertex   2.380632e+01 5.737059e+01 1.703709e-02
    endloop
  endfacet
  facet normal -1.684463e-03 -3.826829e-01 -9.238782e-01
    outer loop
      vertex   2.380632e+01 5.725000e+01 6.698730e-02
      vertex   2.380632e+01 5.737059e+01 1.703709e-02
      vertex   2.634574e+01 5.730866e+01 3.806023e-02
    endloop
  endfacet
  facet normal 8.200560e-04 -2.911256e-01 -9.566845e-01
    outer loop
      vertex   2.634574e+01 5.730866e+01 3.806023e-02
      vertex   2.380632e+01 5.737059e+01 1.703709e-02
      vertex   2.645081e+01 5.740245e+01 9.607360e-03
    endloop
  endfacet
  facet normal -1.637328e-03 -9.620042e-02 -9.953606e-01
    outer loop
      vertex   2.645081e+01 5.740245e+01 9.607360e-03
      vertex   2.380632e+01 5.737059e+01 1.703709e-02
      vertex   2.656007e+01 5.750000e+01 0.000000e+00
    endloop
  endfacet
  facet normal -5.878962e-19 -1.305262e-01 -9.914449e-01
    outer loop
      vertex   2.656007e+01 5.750000e+01 0.000000e+00
      vertex   2.380632e+01 5.737059e+01 1.703709e-02
      vertex   2.105257e+01 5.737059e+01 1.703709e-02
    endloop
  endfacet
  facet normal -5.878962e-19 -1.305262e-01 -9.914449e-01
    outer loop
      vertex   2.656007e+01 5.750000e+01 0.000000e+00
      vertex   2.105257e+01 5.737059e+01 1.703709e-02
      vertex   1.829881e+01 5.737059e+01 1.703709e-02
    endloop
  endfacet
  facet normal 0.000000e+00 -3.826834e-01 -9.238795e-01
    outer loop
      vertex   1.829881e+01 5.737059e+01 1.703709e-02
      vertex   2.105257e+01 5.737059e+01 1.703709e-02
      vertex   1.829881e+01 5.725000e+01 6.698730e-02
    endloop
  endfacet
  facet normal -4.981308e-19 -3.826834e-01 -9.238795e-01
    outer loop
      vertex   1.829881e+01 5.737059e+01 1.703709e-02
      vertex   1.829881e+01 5.725000e+01 6.698730e-02
      vertex   1.554506e+01 5.725000e+01 6.698730e-02
    endloop
  endfacet
  facet normal 0.000000e+00 -6.087614e-01 -7.933533e-01
    outer loop
      vertex   1.554506e+01 5.725000e+01 6.698730e-02
      vertex   1.829881e+01 5.725000e+01 6.698730e-02
      vertex   1.554506e+01 5.714645e+01 1.464466e-01
    endloop
  endfacet
  facet normal -1.746094e-17 -6.087614e-01 -7.933533e-01
    outer loop
      vertex   1.554506e+01 5.725000e+01 6.698730e-02
      vertex   1.554506e+01 5.714645e+01 1.464466e-01
      vertex   1.279131e+01 5.714645e+01 1.464466e-01
    endloop
  endfacet
  facet normal -1.227164e-17 -7.933533e-01 -6.087614e-01
    outer loop
      vertex   1.279131e+01 5.714645e+01 1.464466e-01
      vertex   1.554506e+01 5.714645e+01 1.464466e-01
      vertex   1.279131e+01 5.706699e+01 2.500000e-01
    endloop
  endfacet
  facet normal -3.055591e-19 -7.933533e-01 -6.087614e-01
    outer loop
      vertex   1.279131e+01 5.714645e+01 1.464466e-01
      vertex   1.279131e+01 5.706699e+01 2.500000e-01
      vertex   1.003756e+01 5.706699e+01 2.500000e-01
    endloop
  endfacet
  facet normal 0.000000e+00 -9.238795e-01 -3.826834e-01
    outer loop
      vertex   1.003756e+01 5.706699e+01 2.500000e-01
      vertex   1.279131e+01 5.706699e+01 2.500000e-01
      vertex   1.003756e+01 5.701704e+01 3.705905e-01
    endloop
  endfacet
  facet normal 1.542082e-03 -9.238784e-01 -3.826830e-01
    outer loop
      vertex   1.003756e+01 5.706699e+01 2.500000e-01
      vertex   1.003756e+01 5.701704e+01 3.705905e-01
      vertex   7.283804e+00 5.704022e+01 3.035219e-01
    endloop
  endfacet
  facet normal 9.573447e-05 -9.439039e-01 -3.302202e-01
    outer loop
      vertex   7.283804e+00 5.704022e+01 3.035219e-01
      vertex   1.003756e+01 5.701704e+01 3.705905e-01
      vertex   7.283804e+00 5.701801e+01 3.670056e-01
    endloop
  endfacet
  facet normal -8.573340e-05 -9.796829e-01 -2.005528e-01
    outer loop
      vertex   7.283804e+00 5.701801e+01 3.670056e-01
      vertex   1.003756e+01 5.701704e+01 3.705905e-01
      vertex   7.283804e+00 5.700452e+01 4.328957e-01
    endloop
  endfacet
  facet normal -1.231173e-03 -8.676161e-01 -4.972332e-01
    outer loop
      vertex   7.283804e+00 5.704022e+01 3.035219e-01
      vertex   7.283804e+00 5.709805e+01 2.026187e-01
      vertex   1.003756e+01 5.706699e+01 2.500000e-01
    endloop
  endfacet
  facet normal 1.525467e-03 -7.933524e-01 -6.087607e-01
    outer loop
      vertex   1.003756e+01 5.706699e+01 2.500000e-01
      vertex   7.283804e+00 5.709805e+01 2.026187e-01
      vertex   1.003756e+01 5.714645e+01 1.464466e-01
    endloop
  endfacet
  facet normal -3.891537e-17 -7.933533e-01 -6.087614e-01
    outer loop
      vertex   1.003756e+01 5.706699e+01 2.500000e-01
      vertex   1.003756e+01 5.714645e+01 1.464466e-01
      vertex   1.279131e+01 5.714645e+01 1.464466e-01
    endloop
  endfacet
  facet normal -4.797812e-17 -6.087614e-01 -7.933533e-01
    outer loop
      vertex   1.279131e+01 5.714645e+01 1.464466e-01
      vertex   1.003756e+01 5.714645e+01 1.464466e-01
      vertex   1.279131e+01 5.725000e+01 6.698730e-02
    endloop
  endfacet
  facet normal 1.843965e-18 -6.087614e-01 -7.933533e-01
    outer loop
      vertex   1.279131e+01 5.714645e+01 1.464466e-01
      vertex   1.279131e+01 5.725000e+01 6.698730e-02
      vertex   1.554506e+01 5.725000e+01 6.698730e-02
    endloop
  endfacet
  facet normal -0.000000e+00 -3.826834e-01 -9.238795e-01
    outer loop
      vertex   1.554506e+01 5.725000e+01 6.698730e-02
      vertex   1.279131e+01 5.725000e+01 6.698730e-02
      vertex   1.554506e+01 5.737059e+01 1.703709e-02
    endloop
  endfacet
  facet normal -4.981308e-19 -3.826834e-01 -9.238795e-01
    outer loop
      vertex   1.554506e+01 5.725000e+01 6.698730e-02
      vertex   1.554506e+01 5.737059e+01 1.703709e-02
      vertex   1.829881e+01 5.737059e+01 1.703709e-02
    endloop
  endfacet
  facet normal -0.000000e+00 -1.305262e-01 -9.914449e-01
    outer loop
      vertex   1.829881e+01 5.737059e+01 1.703709e-02
      vertex   1.554506e+01 5.737059e+01 1.703709e-02
      vertex   2.656007e+01 5.750000e+01 0.000000e+00
    endloop
  endfacet
  facet normal -1.139926e-03 -7.292753e-01 -6.842195e-01
    outer loop
      vertex   7.283804e+00 5.709805e+01 2.026187e-01
      vertex   7.283804e+00 5.717762e+01 1.178044e-01
      vertex   1.003756e+01 5.714645e+01 1.464466e-01
    endloop
  endfacet
  facet normal 1.359607e-03 -6.087609e-01 -7.933526e-01
    outer loop
      vertex   1.003756e+01 5.714645e+01 1.464466e-01
      vertex   7.283804e+00 5.717762e+01 1.178044e-01
      vertex   1.003756e+01 5.725000e+01 6.698730e-02
    endloop
  endfacet
  facet normal 2.128106e-18 -6.087614e-01 -7.933533e-01
    outer loop
      vertex   1.003756e+01 5.714645e+01 1.464466e-01
      vertex   1.003756e+01 5.725000e+01 6.698730e-02
      vertex   1.279131e+01 5.725000e+01 6.698730e-02
    endloop
  endfacet
  facet normal -0.000000e+00 -3.826834e-01 -9.238795e-01
    outer loop
      vertex   1.279131e+01 5.725000e+01 6.698730e-02
      vertex   1.003756e+01 5.725000e+01 6.698730e-02
      vertex   1.279131e+01 5.737059e+01 1.703709e-02
    endloop
  endfacet
  facet normal -4.981308e-19 -3.826834e-01 -9.238795e-01
    outer loop
      vertex   1.279131e+01 5.725000e+01 6.698730e-02
      vertex   1.279131e+01 5.737059e+01 1.703709e-02
      vertex   1.554506e+01 5.737059e+01 1.703709e-02
    endloop
  endfacet
  facet normal -0.000000e+00 -1.305262e-01 -9.914449e-01
    outer loop
      vertex   1.554506e+01 5.737059e+01 1.703709e-02
      vertex   1.279131e+01 5.737059e+01 1.703709e-02
      vertex   2.656007e+01 5.750000e+01 0.000000e+00
    endloop
  endfacet
  facet normal -8.994866e-04 -5.514792e-01 -8.341882e-01
    outer loop
      vertex   7.283804e+00 5.717762e+01 1.178044e-01
      vertex   7.283804e+00 5.727464e+01 5.366773e-02
      vertex   1.003756e+01 5.725000e+01 6.698730e-02
    endloop
  endfacet
  facet normal 1.044638e-03 -3.826832e-01 -9.238790e-01
    outer loop
      vertex   1.003756e+01 5.725000e+01 6.698730e-02
      vertex   7.283804e+00 5.727464e+01 5.366773e-02
      vertex   1.003756e+01 5.737059e+01 1.703709e-02
    endloop
  endfacet
  facet normal -4.981308e-19 -3.826834e-01 -9.238795e-01
    outer loop
      vertex   1.003756e+01 5.725000e+01 6.698730e-02
      vertex   1.003756e+01 5.737059e+01 1.703709e-02
      vertex   1.279131e+01 5.737059e+01 1.703709e-02
    endloop
  endfacet
  facet normal -0.000000e+00 -2.455853e-01 -9.693750e-01
    outer loop
      vertex   1.279131e+01 5.737059e+01 1.703709e-02
      vertex   1.003756e+01 5.737059e+01 1.703709e-02
      vertex   7.283804e+00 5.738385e+01 1.367857e-02
    endloop
  endfacet
  facet normal 2.303910e-04 -1.545829e-01 -9.879798e-01
    outer loop
      vertex   1.279131e+01 5.737059e+01 1.703709e-02
      vertex   7.283804e+00 5.738385e+01 1.367857e-02
      vertex   2.656007e+01 5.750000e+01 0.000000e+00
    endloop
  endfacet
  facet normal 4.030824e-06 -1.176152e-01 -9.930592e-01
    outer loop
      vertex   2.656007e+01 5.750000e+01 0.000000e+00
      vertex   7.283804e+00 5.738385e+01 1.367857e-02
      vertex   7.283804e+00 5.749934e+01 0.000000e+00
    endloop
  endfacet
  facet normal -0.000000e+00 0.000000e+00 -1.000000e+00
    outer loop
      vertex   2.656007e+01 5.750000e+01 0.000000e+00
      vertex   7.283804e+00 5.749934e+01 0.000000e+00
      vertex   7.283804e+00 5.750000e+01 0.000000e+00
    endloop
  endfacet
  facet normal -5.100521e-04 -3.438468e-01 -9.390256e-01
    outer loop
      vertex   7.283804e+00 5.727464e+01 5.366773e-02
      vertex   7.283804e+00 5.738385e+01 1.367857e-02
      vertex   1.003756e+01 5.737059e+01 1.703709e-02
    endloop
  endfacet
  facet normal 8.646714e-04 -4.721497e-01 -8.815180e-01
    outer loop
      vertex   2.634574e+01 5.730866e+01 3.806023e-02
      vertex   2.624891e+01 5.722221e+01 8.426519e-02
      vertex   2.380632e+01 5.725000e+01 6.698730e-02
    endloop
  endfacet
  facet normal -1.312960e-03 -6.087609e-01 -7.933527e-01
    outer loop
      vertex   2.380632e+01 5.725000e+01 6.698730e-02
      vertex   2.624891e+01 5.722221e+01 8.426519e-02
      vertex   2.380632e+01 5.714645e+01 1.464466e-01
    endloop
  endfacet
  facet normal -3.870609e-17 -6.087614e-01 -7.933533e-01
    outer loop
      vertex   2.380632e+01 5.725000e+01 6.698730e-02
      vertex   2.380632e+01 5.714645e+01 1.464466e-01
      vertex   2.105257e+01 5.714645e+01 1.464466e-01
    endloop
  endfacet
  facet normal -3.067909e-17 -7.933533e-01 -6.087614e-01
    outer loop
      vertex   2.105257e+01 5.714645e+01 1.464466e-01
      vertex   2.380632e+01 5.714645e+01 1.464466e-01
      vertex   2.105257e+01 5.706699e+01 2.500000e-01
    endloop
  endfacet
  facet normal 1.797524e-19 -7.933533e-01 -6.087614e-01
    outer loop
      vertex   2.105257e+01 5.714645e+01 1.464466e-01
      vertex   2.105257e+01 5.706699e+01 2.500000e-01
      vertex   1.829881e+01 5.706699e+01 2.500000e-01
    endloop
  endfacet
  facet normal 0.000000e+00 -9.238795e-01 -3.826834e-01
    outer loop
      vertex   1.829881e+01 5.706699e+01 2.500000e-01
      vertex   2.105257e+01 5.706699e+01 2.500000e-01
      vertex   1.829881e+01 5.701704e+01 3.705905e-01
    endloop
  endfacet
  facet normal -7.728031e-20 -9.238795e-01 -3.826834e-01
    outer loop
      vertex   1.829881e+01 5.706699e+01 2.500000e-01
      vertex   1.829881e+01 5.701704e+01 3.705905e-01
      vertex   1.554506e+01 5.701704e+01 3.705905e-01
    endloop
  endfacet
  facet normal 0.000000e+00 -9.914449e-01 -1.305262e-01
    outer loop
      vertex   1.554506e+01 5.701704e+01 3.705905e-01
      vertex   1.829881e+01 5.701704e+01 3.705905e-01
      vertex   7.283804e+00 5.700000e+01 5.000000e-01
    endloop
  endfacet
  facet normal 1.775558e-17 -6.343933e-01 -7.730105e-01
    outer loop
      vertex   2.624891e+01 5.722221e+01 8.426519e-02
      vertex   2.616404e+01 5.714645e+01 1.464466e-01
      vertex   2.380632e+01 5.714645e+01 1.464466e-01
    endloop
  endfacet
  facet normal 1.493641e-17 -7.730105e-01 -6.343933e-01
    outer loop
      vertex   2.380632e+01 5.714645e+01 1.464466e-01
      vertex   2.616404e+01 5.714645e+01 1.464466e-01
      vertex   2.609439e+01 5.708427e+01 2.222149e-01
    endloop
  endfacet
  facet normal -1.401630e-03 -7.933526e-01 -6.087608e-01
    outer loop
      vertex   2.380632e+01 5.714645e+01 1.464466e-01
      vertex   2.609439e+01 5.708427e+01 2.222149e-01
      vertex   2.380632e+01 5.706699e+01 2.500000e-01
    endloop
  endfacet
  facet normal 9.423556e-04 -8.821553e-01 -4.709576e-01
    outer loop
      vertex   2.380632e+01 5.706699e+01 2.500000e-01
      vertex   2.609439e+01 5.708427e+01 2.222149e-01
      vertex   2.604263e+01 5.703806e+01 3.086583e-01
    endloop
  endfacet
  facet normal -1.912774e-03 -9.238778e-01 -3.826827e-01
    outer loop
      vertex   2.380632e+01 5.706699e+01 2.500000e-01
      vertex   2.604263e+01 5.703806e+01 3.086583e-01
      vertex   2.380632e+01 5.701704e+01 3.705905e-01
    endloop
  endfacet
  facet normal -4.838538e-04 -9.414824e-01 -3.370617e-01
    outer loop
      vertex   2.380632e+01 5.701704e+01 3.705905e-01
      vertex   2.604263e+01 5.703806e+01 3.086583e-01
      vertex   2.602412e+01 5.702153e+01 3.548577e-01
    endloop
  endfacet
  facet normal 2.418695e-04 -9.700472e-01 -2.429163e-01
    outer loop
      vertex   2.380632e+01 5.701704e+01 3.705905e-01
      vertex   2.602412e+01 5.702153e+01 3.548577e-01
      vertex   2.601076e+01 5.700961e+01 4.024548e-01
    endloop
  endfacet
  facet normal -1.209989e-03 -9.891466e-01 -1.469271e-01
    outer loop
      vertex   2.601076e+01 5.700961e+01 4.024548e-01
      vertex   2.600270e+01 5.700241e+01 4.509914e-01
      vertex   2.380632e+01 5.701704e+01 3.705905e-01
    endloop
  endfacet
  facet normal -0.000000e+00 -9.838460e-01 -1.790169e-01
    outer loop
      vertex   2.380632e+01 5.701704e+01 3.705905e-01
      vertex   2.600270e+01 5.700241e+01 4.509914e-01
      vertex   2.105257e+01 5.701704e+01 3.705905e-01
    endloop
  endfacet
  facet normal -0.000000e+00 -9.238795e-01 -3.826834e-01
    outer loop
      vertex   2.380632e+01 5.701704e+01 3.705905e-01
      vertex   2.105257e+01 5.701704e+01 3.705905e-01
      vertex   2.380632e+01 5.706699e+01 2.500000e-01
    endloop
  endfacet
  facet normal -0.000000e+00 -9.238795e-01 -3.826834e-01
    outer loop
      vertex   2.380632e+01 5.706699e+01 2.500000e-01
      vertex   2.105257e+01 5.701704e+01 3.705905e-01
      vertex   2.105257e+01 5.706699e+01 2.500000e-01
    endloop
  endfacet
  facet normal -0.000000e+00 -7.933533e-01 -6.087614e-01
    outer loop
      vertex   2.380632e+01 5.706699e+01 2.500000e-01
      vertex   2.105257e+01 5.706699e+01 2.500000e-01
      vertex   2.380632e+01 5.714645e+01 1.464466e-01
    endloop
  endfacet
  facet normal -0.000000e+00 -9.987955e-01 -4.906767e-02
    outer loop
      vertex   2.600000e+01 5.700000e+01 5.000000e-01
      vertex   7.283804e+00 5.700000e+01 5.000000e-01
      vertex   2.600270e+01 5.700241e+01 4.509914e-01
    endloop
  endfacet
  facet normal -2.747257e-04 -9.881522e-01 -1.534767e-01
    outer loop
      vertex   2.600270e+01 5.700241e+01 4.509914e-01
      vertex   7.283804e+00 5.700000e+01 5.000000e-01
      vertex   1.829881e+01 5.701704e+01 3.705905e-01
    endloop
  endfacet
  facet normal -1.599711e-19 -9.838460e-01 -1.790169e-01
    outer loop
      vertex   2.600270e+01 5.700241e+01 4.509914e-01
      vertex   1.829881e+01 5.701704e+01 3.705905e-01
      vertex   2.105257e+01 5.701704e+01 3.705905e-01
    endloop
  endfacet
  facet normal -0.000000e+00 -9.238795e-01 -3.826834e-01
    outer loop
      vertex   2.105257e+01 5.701704e+01 3.705905e-01
      vertex   1.829881e+01 5.701704e+01 3.705905e-01
      vertex   2.105257e+01 5.706699e+01 2.500000e-01
    endloop
  endfacet
  facet normal -0.000000e+00 -9.238795e-01 -3.826834e-01
    outer loop
      vertex   1.554506e+01 5.706699e+01 2.500000e-01
      vertex   1.279131e+01 5.701704e+01 3.705905e-01
      vertex   1.279131e+01 5.706699e+01 2.500000e-01
    endloop
  endfacet
  facet normal -7.728031e-20 -9.238795e-01 -3.826834e-01
    outer loop
      vertex   1.279131e+01 5.706699e+01 2.500000e-01
      vertex   1.279131e+01 5.701704e+01 3.705905e-01
      vertex   1.003756e+01 5.701704e+01 3.705905e-01
    endloop
  endfacet
  facet normal -1.227164e-17 -7.933533e-01 -6.087614e-01
    outer loop
      vertex   1.829881e+01 5.714645e+01 1.464466e-01
      vertex   1.554506e+01 5.706699e+01 2.500000e-01
      vertex   1.554506e+01 5.714645e+01 1.464466e-01
    endloop
  endfacet
  facet normal 1.901484e-18 -7.933533e-01 -6.087614e-01
    outer loop
      vertex   1.554506e+01 5.714645e+01 1.464466e-01
      vertex   1.554506e+01 5.706699e+01 2.500000e-01
      vertex   1.279131e+01 5.706699e+01 2.500000e-01
    endloop
  endfacet
  facet normal -0.000000e+00 -6.087614e-01 -7.933533e-01
    outer loop
      vertex   2.105257e+01 5.725000e+01 6.698730e-02
      vertex   1.829881e+01 5.714645e+01 1.464466e-01
      vertex   1.829881e+01 5.725000e+01 6.698730e-02
    endloop
  endfacet
  facet normal -1.594691e-17 -6.087614e-01 -7.933533e-01
    outer loop
      vertex   1.829881e+01 5.725000e+01 6.698730e-02
      vertex   1.829881e+01 5.714645e+01 1.464466e-01
      vertex   1.554506e+01 5.714645e+01 1.464466e-01
    endloop
  endfacet
  facet normal -0.000000e+00 -3.826834e-01 -9.238795e-01
    outer loop
      vertex   2.380632e+01 5.737059e+01 1.703709e-02
      vertex   2.105257e+01 5.725000e+01 6.698730e-02
      vertex   2.105257e+01 5.737059e+01 1.703709e-02
    endloop
  endfacet
  facet normal -4.981308e-19 -3.826834e-01 -9.238795e-01
    outer loop
      vertex   2.105257e+01 5.737059e+01 1.703709e-02
      vertex   2.105257e+01 5.725000e+01 6.698730e-02
      vertex   1.829881e+01 5.725000e+01 6.698730e-02
    endloop
  endfacet
  facet normal 0.000000e+00 -1.000000e+00 0.000000e+00
    outer loop
      vertex   7.283804e+00 5.700000e+01 3.000000e+00
      vertex   7.283804e+00 5.700000e+01 5.000000e-01
      vertex   1.350000e+01 5.700000e+01 3.000000e+00
    endloop
  endfacet
  facet normal 0.000000e+00 -1.000000e+00 -0.000000e+00
    outer loop
      vertex   1.350000e+01 5.700000e+01 3.000000e+00
      vertex   7.283804e+00 5.700000e+01 5.000000e-01
      vertex   2.600000e+01 5.700000e+01 5.000000e-01
    endloop
  endfacet
  facet normal 0.000000e+00 -1.000000e+00 0.000000e+00
    outer loop
      vertex   1.350000e+01 5.700000e+01 3.000000e+00
      vertex   2.600000e+01 5.700000e+01 5.000000e-01
      vertex   2.600000e+01 5.700000e+01 3.000000e+00
    endloop
  endfacet
  facet normal 0.000000e+00 -1.000000e+00 0.000000e+00
    outer loop
      vertex   2.640000e+01 5.700000e+01 3.000000e+00
      vertex   2.640000e+01 5.700000e+01 3.200000e+00
      vertex   2.600000e+01 5.700000e+01 3.000000e+00
    endloop
  endfacet
  facet normal 0.000000e+00 -1.000000e+00 0.000000e+00
    outer loop
      vertex   2.600000e+01 5.700000e+01 3.000000e+00
      vertex   2.640000e+01 5.700000e+01 3.200000e+00
      vertex   1.350000e+01 5.700000e+01 3.200000e+00
    endloop
  endfacet
  facet normal 0.000000e+00 -1.000000e+00 0.000000e+00
    outer loop
      vertex   2.600000e+01 5.700000e+01 3.000000e+00
      vertex   1.350000e+01 5.700000e+01 3.200000e+00
      vertex   1.350000e+01 5.700000e+01 3.000000e+00
    endloop
  endfacet
  facet normal 4.059605e-09 -1.586789e-08 1.000000e+00
    outer loop
      vertex   7.283804e+00 5.700966e+01 3.000000e+00
      vertex   1.350000e+01 5.860000e+01 3.000000e+00
      vertex   7.283804e+00 5.870000e+01 3.000000e+00
    endloop
  endfacet
  facet normal 4.305077e-09 -6.088926e-10 1.000000e+00
    outer loop
      vertex   7.283804e+00 5.870000e+01 3.000000e+00
      vertex   1.350000e+01 5.860000e+01 3.000000e+00
      vertex   1.350723e+01 5.865112e+01 3.000000e+00
    endloop
  endfacet
  facet normal 0.000000e+00 -5.487685e-07 1.000000e+00
    outer loop
      vertex   7.283804e+00 5.870000e+01 3.000000e+00
      vertex   1.350723e+01 5.865112e+01 3.000000e+00
      vertex   1.352240e+01 5.870000e+01 3.000000e+00
    endloop
  endfacet
  facet normal 0.000000e+00 0.000000e+00 1.000000e+00
    outer loop
      vertex   1.350000e+01 5.860000e+01 3.000000e+00
      vertex   7.283804e+00 5.700966e+01 3.000000e+00
      vertex   1.350000e+01 5.700000e+01 3.000000e+00
    endloop
  endfacet
  facet normal -5.182890e-16 -3.334381e-13 1.000000e+00
    outer loop
      vertex   1.350000e+01 5.700000e+01 3.000000e+00
      vertex   7.283804e+00 5.700966e+01 3.000000e+00
      vertex   7.283804e+00 5.700034e+01 3.000000e+00
    endloop
  endfacet
  facet normal 0.000000e+00 9.159785e-12 1.000000e+00
    outer loop
      vertex   1.350000e+01 5.700000e+01 3.000000e+00
      vertex   7.283804e+00 5.700034e+01 3.000000e+00
      vertex   7.283804e+00 5.700000e+01 3.000000e+00
    endloop
  endfacet
  facet normal -6.958503e-03 9.999635e-01 -4.954754e-03
    outer loop
      vertex   4.449069e+01 9.255740e+01 4.950452e-01
      vertex   4.213454e+01 9.254038e+01 3.705905e-01
      vertex   4.449069e+01 9.255742e+01 5.000000e-01
    endloop
  endfacet
  facet normal 2.514621e-17 9.914449e-01 -1.305262e-01
    outer loop
      vertex   4.449069e+01 9.255742e+01 5.000000e-01
      vertex   4.213454e+01 9.254038e+01 3.705905e-01
      vertex   3.930639e+01 9.254038e+01 3.705905e-01
    endloop
  endfacet
  facet normal 2.097088e-17 9.914449e-01 -1.305262e-01
    outer loop
      vertex   4.449069e+01 9.255742e+01 5.000000e-01
      vertex   3.930639e+01 9.254038e+01 3.705905e-01
      vertex   3.647824e+01 9.254038e+01 3.705905e-01
    endloop
  endfacet
  facet normal 6.009073e-17 9.238795e-01 -3.826834e-01
    outer loop
      vertex   3.647824e+01 9.254038e+01 3.705905e-01
      vertex   3.930639e+01 9.254038e+01 3.705905e-01
      vertex   3.647824e+01 9.249043e+01 2.500000e-01
    endloop
  endfacet
  facet normal 2.715101e-17 9.238795e-01 -3.826834e-01
    outer loop
      vertex   3.647824e+01 9.254038e+01 3.705905e-01
      vertex   3.647824e+01 9.249043e+01 2.500000e-01
      vertex   3.365009e+01 9.249043e+01 2.500000e-01
    endloop
  endfacet
  facet normal 4.182087e-17 7.933533e-01 -6.087614e-01
    outer loop
      vertex   3.365009e+01 9.249043e+01 2.500000e-01
      vertex   3.647824e+01 9.249043e+01 2.500000e-01
      vertex   3.365009e+01 9.241097e+01 1.464466e-01
    endloop
  endfacet
  facet normal 1.184061e-17 7.933533e-01 -6.087614e-01
    outer loop
      vertex   3.365009e+01 9.249043e+01 2.500000e-01
      vertex   3.365009e+01 9.241097e+01 1.464466e-01
      vertex   3.082194e+01 9.241097e+01 1.464466e-01
    endloop
  endfacet
  facet normal 1.557200e-17 6.087614e-01 -7.933533e-01
    outer loop
      vertex   3.082194e+01 9.241097e+01 1.464466e-01
      vertex   3.365009e+01 9.241097e+01 1.464466e-01
      vertex   3.082194e+01 9.230742e+01 6.698730e-02
    endloop
  endfacet
  facet normal 3.495012e-16 6.087614e-01 -7.933533e-01
    outer loop
      vertex   3.082194e+01 9.241097e+01 1.464466e-01
      vertex   3.082194e+01 9.230742e+01 6.698730e-02
      vertex   2.799379e+01 9.230742e+01 6.698730e-02
    endloop
  endfacet
  facet normal 4.080146e-16 3.826834e-01 -9.238795e-01
    outer loop
      vertex   2.799379e+01 9.230742e+01 6.698730e-02
      vertex   3.082194e+01 9.230742e+01 6.698730e-02
      vertex   2.799379e+01 9.218683e+01 1.703709e-02
    endloop
  endfacet
  facet normal -7.480268e-16 3.826834e-01 -9.238795e-01
    outer loop
      vertex   2.799379e+01 9.218683e+01 1.703709e-02
      vertex   3.082194e+01 9.230742e+01 6.698730e-02
      vertex   3.082194e+01 9.218683e+01 1.703709e-02
    endloop
  endfacet
  facet normal -8.027317e-16 1.305262e-01 -9.914449e-01
    outer loop
      vertex   2.799379e+01 9.218683e+01 1.703709e-02
      vertex   3.082194e+01 9.218683e+01 1.703709e-02
      vertex   2.799379e+01 9.205742e+01 0.000000e+00
    endloop
  endfacet
  facet normal 1.458733e-16 1.305262e-01 -9.914449e-01
    outer loop
      vertex   2.799379e+01 9.205742e+01 0.000000e+00
      vertex   3.082194e+01 9.218683e+01 1.703709e-02
      vertex   3.365009e+01 9.218683e+01 1.703709e-02
    endloop
  endfacet
  facet normal 1.704724e-16 1.305262e-01 -9.914449e-01
    outer loop
      vertex   2.799379e+01 9.205742e+01 0.000000e+00
      vertex   3.365009e+01 9.218683e+01 1.703709e-02
      vertex   3.647824e+01 9.218683e+01 1.703709e-02
    endloop
  endfacet
  facet normal 1.586724e-16 3.826834e-01 -9.238795e-01
    outer loop
      vertex   3.647824e+01 9.218683e+01 1.703709e-02
      vertex   3.365009e+01 9.218683e+01 1.703709e-02
      vertex   3.647824e+01 9.230742e+01 6.698730e-02
    endloop
  endfacet
  facet normal -9.148037e-17 3.826834e-01 -9.238795e-01
    outer loop
      vertex   3.647824e+01 9.218683e+01 1.703709e-02
      vertex   3.647824e+01 9.230742e+01 6.698730e-02
      vertex   3.930639e+01 9.230742e+01 6.698730e-02
    endloop
  endfacet
  facet normal -7.786002e-17 6.087614e-01 -7.933533e-01
    outer loop
      vertex   3.930639e+01 9.230742e+01 6.698730e-02
      vertex   3.647824e+01 9.230742e+01 6.698730e-02
      vertex   3.930639e+01 9.241097e+01 1.464466e-01
    endloop
  endfacet
  facet normal 2.177371e-17 6.087614e-01 -7.933533e-01
    outer loop
      vertex   3.930639e+01 9.230742e+01 6.698730e-02
      vertex   3.930639e+01 9.241097e+01 1.464466e-01
      vertex   4.213454e+01 9.241097e+01 1.464466e-01
    endloop
  endfacet
  facet normal 1.792323e-17 7.933533e-01 -6.087614e-01
    outer loop
      vertex   4.213454e+01 9.241097e+01 1.464466e-01
      vertex   3.930639e+01 9.241097e+01 1.464466e-01
      vertex   4.213454e+01 9.249043e+01 2.500000e-01
    endloop
  endfacet
  facet normal -4.229061e-04 7.933533e-01 -6.087614e-01
    outer loop
      vertex   4.213454e+01 9.241097e+01 1.464466e-01
      vertex   4.213454e+01 9.249043e+01 2.500000e-01
      vertex   4.496269e+01 9.248539e+01 2.414675e-01
    endloop
  endfacet
  facet normal 4.142875e-04 9.151178e-01 -4.031863e-01
    outer loop
      vertex   4.496269e+01 9.248539e+01 2.414675e-01
      vertex   4.213454e+01 9.249043e+01 2.500000e-01
      vertex   4.496269e+01 9.253703e+01 3.586663e-01
    endloop
  endfacet
  facet normal -5.178545e-04 9.238794e-01 -3.826834e-01
    outer loop
      vertex   4.496269e+01 9.253703e+01 3.586663e-01
      vertex   4.213454e+01 9.249043e+01 2.500000e-01
      vertex   4.213454e+01 9.254038e+01 3.705905e-01
    endloop
  endfacet
  facet normal 5.070782e-04 9.875200e-01 -1.574931e-01
    outer loop
      vertex   4.496269e+01 9.253703e+01 3.586663e-01
      vertex   4.213454e+01 9.254038e+01 3.705905e-01
      vertex   4.496269e+01 9.255720e+01 4.851375e-01
    endloop
  endfacet
  facet normal 0.000000e+00 9.893952e-01 -1.452487e-01
    outer loop
      vertex   4.496269e+01 9.255720e+01 4.851375e-01
      vertex   4.213454e+01 9.254038e+01 3.705905e-01
      vertex   4.449069e+01 9.255720e+01 4.851375e-01
    endloop
  endfacet
  facet normal -5.930518e-03 9.996755e-01 -2.477150e-02
    outer loop
      vertex   4.449069e+01 9.255720e+01 4.851375e-01
      vertex   4.213454e+01 9.254038e+01 3.705905e-01
      vertex   4.449069e+01 9.255732e+01 4.900909e-01
    endloop
  endfacet
  facet normal -6.434410e-03 9.998688e-01 -1.486383e-02
    outer loop
      vertex   4.449069e+01 9.255732e+01 4.900909e-01
      vertex   4.213454e+01 9.254038e+01 3.705905e-01
      vertex   4.449069e+01 9.255740e+01 4.950452e-01
    endloop
  endfacet
  facet normal 3.171818e-04 7.826773e-01 -6.224276e-01
    outer loop
      vertex   4.496269e+01 9.248539e+01 2.414675e-01
      vertex   4.496269e+01 9.240568e+01 1.412304e-01
      vertex   4.213454e+01 9.241097e+01 1.464466e-01
    endloop
  endfacet
  facet normal -3.236439e-04 6.087614e-01 -7.933533e-01
    outer loop
      vertex   4.213454e+01 9.241097e+01 1.464466e-01
      vertex   4.496269e+01 9.240568e+01 1.412304e-01
      vertex   4.213454e+01 9.230742e+01 6.698730e-02
    endloop
  endfacet
  facet normal -7.691092e-17 6.087614e-01 -7.933533e-01
    outer loop
      vertex   4.213454e+01 9.241097e+01 1.464466e-01
      vertex   4.213454e+01 9.230742e+01 6.698730e-02
      vertex   3.930639e+01 9.230742e+01 6.698730e-02
    endloop
  endfacet
  facet normal -9.066992e-17 3.826834e-01 -9.238795e-01
    outer loop
      vertex   3.930639e+01 9.230742e+01 6.698730e-02
      vertex   4.213454e+01 9.230742e+01 6.698730e-02
      vertex   3.930639e+01 9.218683e+01 1.703709e-02
    endloop
  endfacet
  facet normal 1.364341e-16 3.826834e-01 -9.238795e-01
    outer loop
      vertex   3.930639e+01 9.230742e+01 6.698730e-02
      vertex   3.930639e+01 9.218683e+01 1.703709e-02
      vertex   3.647824e+01 9.218683e+01 1.703709e-02
    endloop
  endfacet
  facet normal 1.459512e-16 1.305262e-01 -9.914449e-01
    outer loop
      vertex   3.647824e+01 9.218683e+01 1.703709e-02
      vertex   3.930639e+01 9.218683e+01 1.703709e-02
      vertex   2.799379e+01 9.205742e+01 0.000000e+00
    endloop
  endfacet
  facet normal 2.157637e-04 5.988875e-01 -8.008331e-01
    outer loop
      vertex   4.496269e+01 9.240568e+01 1.412304e-01
      vertex   4.496269e+01 9.230312e+01 6.453115e-02
      vertex   4.213454e+01 9.230742e+01 6.698730e-02
    endloop
  endfacet
  facet normal -2.200705e-04 3.826834e-01 -9.238795e-01
    outer loop
      vertex   4.213454e+01 9.230742e+01 6.698730e-02
      vertex   4.496269e+01 9.230312e+01 6.453115e-02
      vertex   4.213454e+01 9.218683e+01 1.703709e-02
    endloop
  endfacet
  facet normal -1.764083e-15 3.826834e-01 -9.238795e-01
    outer loop
      vertex   4.213454e+01 9.230742e+01 6.698730e-02
      vertex   4.213454e+01 9.218683e+01 1.703709e-02
      vertex   3.930639e+01 9.218683e+01 1.703709e-02
    endloop
  endfacet
  facet normal -4.855902e-16 1.305262e-01 -9.914449e-01
    outer loop
      vertex   3.930639e+01 9.218683e+01 1.703709e-02
      vertex   4.213454e+01 9.218683e+01 1.703709e-02
      vertex   2.799379e+01 9.205742e+01 0.000000e+00
    endloop
  endfacet
  facet normal 1.100356e-04 3.758063e-01 -9.266982e-01
    outer loop
      vertex   4.496269e+01 9.230312e+01 6.453115e-02
      vertex   4.496269e+01 9.218444e+01 1.640181e-02
      vertex   4.213454e+01 9.218683e+01 1.703709e-02
    endloop
  endfacet
  facet normal -1.025311e-04 1.415310e-01 -9.899338e-01
    outer loop
      vertex   4.213454e+01 9.218683e+01 1.703709e-02
      vertex   4.496269e+01 9.218444e+01 1.640181e-02
      vertex   2.799379e+01 9.205742e+01 0.000000e+00
    endloop
  endfacet
  facet normal 1.945886e-16 1.280695e-01 -9.917652e-01
    outer loop
      vertex   4.496269e+01 9.218444e+01 1.640181e-02
      vertex   4.496269e+01 9.205742e+01 3.330669e-15
      vertex   2.799379e+01 9.205742e+01 0.000000e+00
    endloop
  endfacet
  facet normal -6.873365e-17 6.087614e-01 -7.933533e-01
    outer loop
      vertex   2.799379e+01 9.230742e+01 6.698730e-02
      vertex   2.799379e+01 9.241097e+01 1.464466e-01
      vertex   3.082194e+01 9.241097e+01 1.464466e-01
    endloop
  endfacet
  facet normal -5.376969e-17 7.933533e-01 -6.087614e-01
    outer loop
      vertex   3.082194e+01 9.241097e+01 1.464466e-01
      vertex   2.799379e+01 9.241097e+01 1.464466e-01
      vertex   3.082194e+01 9.249043e+01 2.500000e-01
    endloop
  endfacet
  facet normal 4.943476e-17 7.933533e-01 -6.087614e-01
    outer loop
      vertex   3.082194e+01 9.241097e+01 1.464466e-01
      vertex   3.082194e+01 9.249043e+01 2.500000e-01
      vertex   3.365009e+01 9.249043e+01 2.500000e-01
    endloop
  endfacet
  facet normal 3.004537e-17 9.238795e-01 -3.826834e-01
    outer loop
      vertex   3.365009e+01 9.249043e+01 2.500000e-01
      vertex   3.082194e+01 9.249043e+01 2.500000e-01
      vertex   3.365009e+01 9.254038e+01 3.705905e-01
    endloop
  endfacet
  facet normal 6.709479e-17 9.238795e-01 -3.826834e-01
    outer loop
      vertex   3.365009e+01 9.249043e+01 2.500000e-01
      vertex   3.365009e+01 9.254038e+01 3.705905e-01
      vertex   3.647824e+01 9.254038e+01 3.705905e-01
    endloop
  endfacet
  facet normal 2.305781e-17 9.914449e-01 -1.305262e-01
    outer loop
      vertex   3.647824e+01 9.254038e+01 3.705905e-01
      vertex   3.365009e+01 9.254038e+01 3.705905e-01
      vertex   2.799379e+01 9.255742e+01 5.000000e-01
    endloop
  endfacet
  facet normal -3.014214e-20 9.914449e-01 -1.305262e-01
    outer loop
      vertex   3.647824e+01 9.254038e+01 3.705905e-01
      vertex   2.799379e+01 9.255742e+01 5.000000e-01
      vertex   4.449069e+01 9.255742e+01 5.000000e-01
    endloop
  endfacet
  facet normal -1.837097e-16 7.933533e-01 -6.087614e-01
    outer loop
      vertex   2.799379e+01 9.241097e+01 1.464466e-01
      vertex   2.799379e+01 9.249043e+01 2.500000e-01
      vertex   3.082194e+01 9.249043e+01 2.500000e-01
    endloop
  endfacet
  facet normal -1.164258e-16 9.238795e-01 -3.826834e-01
    outer loop
      vertex   3.082194e+01 9.249043e+01 2.500000e-01
      vertex   2.799379e+01 9.249043e+01 2.500000e-01
      vertex   3.082194e+01 9.254038e+01 3.705905e-01
    endloop
  endfacet
  facet normal 5.303442e-17 9.238795e-01 -3.826834e-01
    outer loop
      vertex   3.082194e+01 9.249043e+01 2.500000e-01
      vertex   3.082194e+01 9.254038e+01 3.705905e-01
      vertex   3.365009e+01 9.254038e+01 3.705905e-01
    endloop
  endfacet
  facet normal 1.793385e-17 9.914449e-01 -1.305262e-01
    outer loop
      vertex   3.365009e+01 9.254038e+01 3.705905e-01
      vertex   3.082194e+01 9.254038e+01 3.705905e-01
      vertex   2.799379e+01 9.255742e+01 5.000000e-01
    endloop
  endfacet
  facet normal -4.957989e-15 9.238795e-01 -3.826834e-01
    outer loop
      vertex   2.799379e+01 9.249043e+01 2.500000e-01
      vertex   2.799379e+01 9.254038e+01 3.705905e-01
      vertex   3.082194e+01 9.254038e+01 3.705905e-01
    endloop
  endfacet
  facet normal -5.089404e-15 9.914449e-01 -1.305262e-01
    outer loop
      vertex   3.082194e+01 9.254038e+01 3.705905e-01
      vertex   2.799379e+01 9.254038e+01 3.705905e-01
      vertex   2.799379e+01 9.255742e+01 5.000000e-01
    endloop
  endfacet
  facet normal 7.511342e-17 9.238795e-01 -3.826834e-01
    outer loop
      vertex   3.930639e+01 9.254038e+01 3.705905e-01
      vertex   4.213454e+01 9.254038e+01 3.705905e-01
      vertex   3.930639e+01 9.249043e+01 2.500000e-01
    endloop
  endfacet
  facet normal 3.004537e-17 9.238795e-01 -3.826834e-01
    outer loop
      vertex   3.930639e+01 9.249043e+01 2.500000e-01
      vertex   4.213454e+01 9.254038e+01 3.705905e-01
      vertex   4.213454e+01 9.249043e+01 2.500000e-01
    endloop
  endfacet
  facet normal 4.779528e-17 7.933533e-01 -6.087614e-01
    outer loop
      vertex   3.930639e+01 9.249043e+01 2.500000e-01
      vertex   4.213454e+01 9.249043e+01 2.500000e-01
      vertex   3.930639e+01 9.241097e+01 1.464466e-01
    endloop
  endfacet
  facet normal 1.865863e-17 9.238795e-01 -3.826834e-01
    outer loop
      vertex   3.930639e+01 9.254038e+01 3.705905e-01
      vertex   3.930639e+01 9.249043e+01 2.500000e-01
      vertex   3.647824e+01 9.249043e+01 2.500000e-01
    endloop
  endfacet
  facet normal 2.987205e-17 7.933533e-01 -6.087614e-01
    outer loop
      vertex   3.647824e+01 9.249043e+01 2.500000e-01
      vertex   3.930639e+01 9.249043e+01 2.500000e-01
      vertex   3.647824e+01 9.241097e+01 1.464466e-01
    endloop
  endfacet
  facet normal -5.807525e-19 7.933533e-01 -6.087614e-01
    outer loop
      vertex   3.647824e+01 9.249043e+01 2.500000e-01
      vertex   3.647824e+01 9.241097e+01 1.464466e-01
      vertex   3.365009e+01 9.241097e+01 1.464466e-01
    endloop
  endfacet
  facet normal 0.000000e+00 6.087614e-01 -7.933533e-01
    outer loop
      vertex   3.365009e+01 9.241097e+01 1.464466e-01
      vertex   3.647824e+01 9.241097e+01 1.464466e-01
      vertex   3.365009e+01 9.230742e+01 6.698730e-02
    endloop
  endfacet
  facet normal -6.048518e-17 6.087614e-01 -7.933533e-01
    outer loop
      vertex   3.365009e+01 9.241097e+01 1.464466e-01
      vertex   3.365009e+01 9.230742e+01 6.698730e-02
      vertex   3.082194e+01 9.230742e+01 6.698730e-02
    endloop
  endfacet
  facet normal -6.800244e-17 3.826834e-01 -9.238795e-01
    outer loop
      vertex   3.082194e+01 9.230742e+01 6.698730e-02
      vertex   3.365009e+01 9.230742e+01 6.698730e-02
      vertex   3.082194e+01 9.218683e+01 1.703709e-02
    endloop
  endfacet
  facet normal 1.792323e-17 7.933533e-01 -6.087614e-01
    outer loop
      vertex   3.647824e+01 9.241097e+01 1.464466e-01
      vertex   3.930639e+01 9.249043e+01 2.500000e-01
      vertex   3.930639e+01 9.241097e+01 1.464466e-01
    endloop
  endfacet
  facet normal -7.786002e-17 6.087614e-01 -7.933533e-01
    outer loop
      vertex   3.365009e+01 9.230742e+01 6.698730e-02
      vertex   3.647824e+01 9.241097e+01 1.464466e-01
      vertex   3.647824e+01 9.230742e+01 6.698730e-02
    endloop
  endfacet
  facet normal 2.393958e-17 6.087614e-01 -7.933533e-01
    outer loop
      vertex   3.647824e+01 9.230742e+01 6.698730e-02
      vertex   3.647824e+01 9.241097e+01 1.464466e-01
      vertex   3.930639e+01 9.241097e+01 1.464466e-01
    endloop
  endfacet
  facet normal 1.360049e-16 3.826834e-01 -9.238795e-01
    outer loop
      vertex   3.082194e+01 9.218683e+01 1.703709e-02
      vertex   3.365009e+01 9.230742e+01 6.698730e-02
      vertex   3.365009e+01 9.218683e+01 1.703709e-02
    endloop
  endfacet
  facet normal -9.119931e-17 3.826834e-01 -9.238795e-01
    outer loop
      vertex   3.365009e+01 9.218683e+01 1.703709e-02
      vertex   3.365009e+01 9.230742e+01 6.698730e-02
      vertex   3.647824e+01 9.230742e+01 6.698730e-02
    endloop
  endfacet
  facet normal 1.054532e-16 -9.914449e-01 -1.305262e-01
    outer loop
      vertex   2.800000e+01 5.700000e+01 5.000000e-01
      vertex   3.624516e+01 5.701704e+01 3.705905e-01
      vertex   4.449033e+01 5.700000e+01 5.000000e-01
    endloop
  endfacet
  facet normal 1.006418e-16 -9.914449e-01 -1.305262e-01
    outer loop
      vertex   4.449033e+01 5.700000e+01 5.000000e-01
      vertex   3.624516e+01 5.701704e+01 3.705905e-01
      vertex   3.899355e+01 5.701704e+01 3.705905e-01
    endloop
  endfacet
  facet normal 1.004826e-16 -9.914449e-01 -1.305262e-01
    outer loop
      vertex   4.449033e+01 5.700000e+01 5.000000e-01
      vertex   3.899355e+01 5.701704e+01 3.705905e-01
      vertex   4.174194e+01 5.701704e+01 3.705905e-01
    endloop
  endfacet
  facet normal 2.937146e-16 -9.238795e-01 -3.826834e-01
    outer loop
      vertex   4.174194e+01 5.701704e+01 3.705905e-01
      vertex   3.899355e+01 5.701704e+01 3.705905e-01
      vertex   4.174194e+01 5.706699e+01 2.500000e-01
    endloop
  endfacet
  facet normal 3.223184e-15 -9.238795e-01 -3.826834e-01
    outer loop
      vertex   4.174194e+01 5.701704e+01 3.705905e-01
      vertex   4.174194e+01 5.706699e+01 2.500000e-01
      vertex   4.449033e+01 5.706699e+01 2.500000e-01
    endloop
  endfacet
  facet normal 3.378986e-15 -7.933533e-01 -6.087614e-01
    outer loop
      vertex   4.449033e+01 5.706699e+01 2.500000e-01
      vertex   4.174194e+01 5.706699e+01 2.500000e-01
      vertex   4.449033e+01 5.714645e+01 1.464466e-01
    endloop
  endfacet
  facet normal 3.852366e-15 -7.933533e-01 -6.087614e-01
    outer loop
      vertex   4.449033e+01 5.714645e+01 1.464466e-01
      vertex   4.174194e+01 5.706699e+01 2.500000e-01
      vertex   4.174194e+01 5.714645e+01 1.464466e-01
    endloop
  endfacet
  facet normal 3.921340e-15 -6.087614e-01 -7.933533e-01
    outer loop
      vertex   4.449033e+01 5.714645e+01 1.464466e-01
      vertex   4.174194e+01 5.714645e+01 1.464466e-01
      vertex   4.449033e+01 5.725000e+01 6.698730e-02
    endloop
  endfacet
  facet normal 5.279368e-15 -6.087614e-01 -7.933533e-01
    outer loop
      vertex   4.449033e+01 5.725000e+01 6.698730e-02
      vertex   4.174194e+01 5.714645e+01 1.464466e-01
      vertex   4.174194e+01 5.725000e+01 6.698730e-02
    endloop
  endfacet
  facet normal 5.304538e-15 -3.826834e-01 -9.238795e-01
    outer loop
      vertex   4.449033e+01 5.725000e+01 6.698730e-02
      vertex   4.174194e+01 5.725000e+01 6.698730e-02
      vertex   4.449033e+01 5.737059e+01 1.703709e-02
    endloop
  endfacet
  facet normal 4.443473e-15 -3.826834e-01 -9.238795e-01
    outer loop
      vertex   4.449033e+01 5.737059e+01 1.703709e-02
      vertex   4.174194e+01 5.725000e+01 6.698730e-02
      vertex   4.174194e+01 5.737059e+01 1.703709e-02
    endloop
  endfacet
  facet normal 4.768434e-15 -1.305262e-01 -9.914449e-01
    outer loop
      vertex   4.449033e+01 5.737059e+01 1.703709e-02
      vertex   4.174194e+01 5.737059e+01 1.703709e-02
      vertex   4.449033e+01 5.750000e+01 1.332268e-14
    endloop
  endfacet
  facet normal 4.953308e-17 -1.305262e-01 -9.914449e-01
    outer loop
      vertex   4.449033e+01 5.750000e+01 1.332268e-14
      vertex   4.174194e+01 5.737059e+01 1.703709e-02
      vertex   3.899355e+01 5.737059e+01 1.703709e-02
    endloop
  endfacet
  facet normal 5.003000e-17 -1.305262e-01 -9.914449e-01
    outer loop
      vertex   4.449033e+01 5.750000e+01 1.332268e-14
      vertex   3.899355e+01 5.737059e+01 1.703709e-02
      vertex   3.624516e+01 5.737059e+01 1.703709e-02
    endloop
  endfacet
  facet normal 4.665064e-17 -3.826834e-01 -9.238795e-01
    outer loop
      vertex   3.624516e+01 5.737059e+01 1.703709e-02
      vertex   3.899355e+01 5.737059e+01 1.703709e-02
      vertex   3.624516e+01 5.725000e+01 6.698730e-02
    endloop
  endfacet
  facet normal 1.854332e-16 -3.826834e-01 -9.238795e-01
    outer loop
      vertex   3.624516e+01 5.737059e+01 1.703709e-02
      vertex   3.624516e+01 5.725000e+01 6.698730e-02
      vertex   3.349677e+01 5.725000e+01 6.698730e-02
    endloop
  endfacet
  facet normal 1.602392e-16 -6.087614e-01 -7.933533e-01
    outer loop
      vertex   3.349677e+01 5.725000e+01 6.698730e-02
      vertex   3.624516e+01 5.725000e+01 6.698730e-02
      vertex   3.349677e+01 5.714645e+01 1.464466e-01
    endloop
  endfacet
  facet normal 3.184451e-16 -6.087614e-01 -7.933533e-01
    outer loop
      vertex   3.349677e+01 5.725000e+01 6.698730e-02
      vertex   3.349677e+01 5.714645e+01 1.464466e-01
      vertex   3.074839e+01 5.714645e+01 1.464466e-01
    endloop
  endfacet
  facet normal 2.459118e-16 -7.933533e-01 -6.087614e-01
    outer loop
      vertex   3.074839e+01 5.714645e+01 1.464466e-01
      vertex   3.349677e+01 5.714645e+01 1.464466e-01
      vertex   3.074839e+01 5.706699e+01 2.500000e-01
    endloop
  endfacet
  facet normal 1.348720e-16 -7.933533e-01 -6.087614e-01
    outer loop
      vertex   3.074839e+01 5.714645e+01 1.464466e-01
      vertex   3.074839e+01 5.706699e+01 2.500000e-01
      vertex   2.800000e+01 5.706699e+01 2.500000e-01
    endloop
  endfacet
  facet normal 8.502264e-17 -9.238795e-01 -3.826834e-01
    outer loop
      vertex   2.800000e+01 5.706699e+01 2.500000e-01
      vertex   3.074839e+01 5.706699e+01 2.500000e-01
      vertex   2.800000e+01 5.701704e+01 3.705905e-01
    endloop
  endfacet
  facet normal 2.898649e-15 -9.238795e-01 -3.826834e-01
    outer loop
      vertex   2.800000e+01 5.701704e+01 3.705905e-01
      vertex   3.074839e+01 5.706699e+01 2.500000e-01
      vertex   3.074839e+01 5.701704e+01 3.705905e-01
    endloop
  endfacet
  facet normal 2.737188e-15 -9.914449e-01 -1.305262e-01
    outer loop
      vertex   2.800000e+01 5.701704e+01 3.705905e-01
      vertex   3.074839e+01 5.701704e+01 3.705905e-01
      vertex   2.800000e+01 5.700000e+01 5.000000e-01
    endloop
  endfacet
  facet normal -2.465180e-15 -9.914449e-01 -1.305262e-01
    outer loop
      vertex   2.800000e+01 5.700000e+01 5.000000e-01
      vertex   3.074839e+01 5.701704e+01 3.705905e-01
      vertex   3.349677e+01 5.701704e+01 3.705905e-01
    endloop
  endfacet
  facet normal 9.763267e-17 -9.914449e-01 -1.305262e-01
    outer loop
      vertex   2.800000e+01 5.700000e+01 5.000000e-01
      vertex   3.349677e+01 5.701704e+01 3.705905e-01
      vertex   3.624516e+01 5.701704e+01 3.705905e-01
    endloop
  endfacet
  facet normal 2.859852e-16 -9.238795e-01 -3.826834e-01
    outer loop
      vertex   3.624516e+01 5.701704e+01 3.705905e-01
      vertex   3.349677e+01 5.701704e+01 3.705905e-01
      vertex   3.624516e+01 5.706699e+01 2.500000e-01
    endloop
  endfacet
  facet normal 2.241173e-16 -9.238795e-01 -3.826834e-01
    outer loop
      vertex   3.624516e+01 5.701704e+01 3.705905e-01
      vertex   3.624516e+01 5.706699e+01 2.500000e-01
      vertex   3.899355e+01 5.706699e+01 2.500000e-01
    endloop
  endfacet
  facet normal 3.565721e-16 -7.933533e-01 -6.087614e-01
    outer loop
      vertex   3.899355e+01 5.706699e+01 2.500000e-01
      vertex   3.624516e+01 5.706699e+01 2.500000e-01
      vertex   3.899355e+01 5.714645e+01 1.464466e-01
    endloop
  endfacet
  facet normal 2.441738e-16 -7.933533e-01 -6.087614e-01
    outer loop
      vertex   3.899355e+01 5.706699e+01 2.500000e-01
      vertex   3.899355e+01 5.714645e+01 1.464466e-01
      vertex   4.174194e+01 5.714645e+01 1.464466e-01
    endloop
  endfacet
  facet normal 3.204785e-16 -6.087614e-01 -7.933533e-01
    outer loop
      vertex   4.174194e+01 5.714645e+01 1.464466e-01
      vertex   3.899355e+01 5.714645e+01 1.464466e-01
      vertex   4.174194e+01 5.725000e+01 6.698730e-02
    endloop
  endfacet
  facet normal 1.638859e-16 -7.933533e-01 -6.087614e-01
    outer loop
      vertex   2.800000e+01 5.706699e+01 2.500000e-01
      vertex   2.800000e+01 5.714645e+01 1.464466e-01
      vertex   3.074839e+01 5.714645e+01 1.464466e-01
    endloop
  endfacet
  facet normal 2.163230e-16 -6.087614e-01 -7.933533e-01
    outer loop
      vertex   3.074839e+01 5.714645e+01 1.464466e-01
      vertex   2.800000e+01 5.714645e+01 1.464466e-01
      vertex   3.074839e+01 5.725000e+01 6.698730e-02
    endloop
  endfacet
  facet normal 1.588688e-16 -6.087614e-01 -7.933533e-01
    outer loop
      vertex   3.074839e+01 5.714645e+01 1.464466e-01
      vertex   3.074839e+01 5.725000e+01 6.698730e-02
      vertex   3.349677e+01 5.725000e+01 6.698730e-02
    endloop
  endfacet
  facet normal 1.866026e-16 -3.826834e-01 -9.238795e-01
    outer loop
      vertex   3.349677e+01 5.725000e+01 6.698730e-02
      vertex   3.074839e+01 5.725000e+01 6.698730e-02
      vertex   3.349677e+01 5.737059e+01 1.703709e-02
    endloop
  endfacet
  facet normal 4.761729e-17 -3.826834e-01 -9.238795e-01
    outer loop
      vertex   3.349677e+01 5.725000e+01 6.698730e-02
      vertex   3.349677e+01 5.737059e+01 1.703709e-02
      vertex   3.624516e+01 5.737059e+01 1.703709e-02
    endloop
  endfacet
  facet normal 5.006230e-17 -1.305262e-01 -9.914449e-01
    outer loop
      vertex   3.624516e+01 5.737059e+01 1.703709e-02
      vertex   3.349677e+01 5.737059e+01 1.703709e-02
      vertex   2.800000e+01 5.750000e+01 0.000000e+00
    endloop
  endfacet
  facet normal 8.009815e-16 -1.305262e-01 -9.914449e-01
    outer loop
      vertex   3.624516e+01 5.737059e+01 1.703709e-02
      vertex   2.800000e+01 5.750000e+01 0.000000e+00
      vertex   4.449033e+01 5.750000e+01 1.332268e-14
    endloop
  endfacet
  facet normal -5.007233e-16 -6.087614e-01 -7.933533e-01
    outer loop
      vertex   2.800000e+01 5.714645e+01 1.464466e-01
      vertex   2.800000e+01 5.725000e+01 6.698730e-02
      vertex   3.074839e+01 5.725000e+01 6.698730e-02
    endloop
  endfacet
  facet normal -5.831330e-16 -3.826834e-01 -9.238795e-01
    outer loop
      vertex   3.074839e+01 5.725000e+01 6.698730e-02
      vertex   2.800000e+01 5.725000e+01 6.698730e-02
      vertex   3.074839e+01 5.737059e+01 1.703709e-02
    endloop
  endfacet
  facet normal 4.733544e-17 -3.826834e-01 -9.238795e-01
    outer loop
      vertex   3.074839e+01 5.725000e+01 6.698730e-02
      vertex   3.074839e+01 5.737059e+01 1.703709e-02
      vertex   3.349677e+01 5.737059e+01 1.703709e-02
    endloop
  endfacet
  facet normal 5.006230e-17 -1.305262e-01 -9.914449e-01
    outer loop
      vertex   3.349677e+01 5.737059e+01 1.703709e-02
      vertex   3.074839e+01 5.737059e+01 1.703709e-02
      vertex   2.800000e+01 5.750000e+01 0.000000e+00
    endloop
  endfacet
  facet normal -1.520756e-16 -3.826834e-01 -9.238795e-01
    outer loop
      vertex   2.800000e+01 5.725000e+01 6.698730e-02
      vertex   2.800000e+01 5.737059e+01 1.703709e-02
      vertex   3.074839e+01 5.737059e+01 1.703709e-02
    endloop
  endfacet
  facet normal -1.627025e-16 -1.305262e-01 -9.914449e-01
    outer loop
      vertex   3.074839e+01 5.737059e+01 1.703709e-02
      vertex   2.800000e+01 5.737059e+01 1.703709e-02
      vertex   2.800000e+01 5.750000e+01 0.000000e+00
    endloop
  endfacet
  facet normal 1.866944e-16 -9.238795e-01 -3.826834e-01
    outer loop
      vertex   4.449033e+01 5.706699e+01 2.500000e-01
      vertex   4.449033e+01 5.701704e+01 3.705905e-01
      vertex   4.174194e+01 5.701704e+01 3.705905e-01
    endloop
  endfacet
  facet normal 6.327194e-17 -9.914449e-01 -1.305262e-01
    outer loop
      vertex   4.174194e+01 5.701704e+01 3.705905e-01
      vertex   4.449033e+01 5.701704e+01 3.705905e-01
      vertex   4.449033e+01 5.700000e+01 5.000000e-01
    endloop
  endfacet
  facet normal -2.102527e-15 -9.238795e-01 -3.826834e-01
    outer loop
      vertex   3.349677e+01 5.701704e+01 3.705905e-01
      vertex   3.074839e+01 5.701704e+01 3.705905e-01
      vertex   3.349677e+01 5.706699e+01 2.500000e-01
    endloop
  endfacet
  facet normal 2.318799e-16 -9.238795e-01 -3.826834e-01
    outer loop
      vertex   3.349677e+01 5.706699e+01 2.500000e-01
      vertex   3.074839e+01 5.701704e+01 3.705905e-01
      vertex   3.074839e+01 5.706699e+01 2.500000e-01
    endloop
  endfacet
  facet normal 3.688677e-16 -7.933533e-01 -6.087614e-01
    outer loop
      vertex   3.349677e+01 5.706699e+01 2.500000e-01
      vertex   3.074839e+01 5.706699e+01 2.500000e-01
      vertex   3.349677e+01 5.714645e+01 1.464466e-01
    endloop
  endfacet
  facet normal 2.396093e-16 -9.238795e-01 -3.826834e-01
    outer loop
      vertex   4.174194e+01 5.706699e+01 2.500000e-01
      vertex   3.899355e+01 5.701704e+01 3.705905e-01
      vertex   3.899355e+01 5.706699e+01 2.500000e-01
    endloop
  endfacet
  facet normal 2.942342e-16 -9.238795e-01 -3.826834e-01
    outer loop
      vertex   3.899355e+01 5.706699e+01 2.500000e-01
      vertex   3.899355e+01 5.701704e+01 3.705905e-01
      vertex   3.624516e+01 5.701704e+01 3.705905e-01
    endloop
  endfacet
  facet normal -2.148499e-15 -9.238795e-01 -3.826834e-01
    outer loop
      vertex   3.349677e+01 5.701704e+01 3.705905e-01
      vertex   3.349677e+01 5.706699e+01 2.500000e-01
      vertex   3.624516e+01 5.706699e+01 2.500000e-01
    endloop
  endfacet
  facet normal -1.669899e-15 -7.933533e-01 -6.087614e-01
    outer loop
      vertex   3.624516e+01 5.706699e+01 2.500000e-01
      vertex   3.349677e+01 5.706699e+01 2.500000e-01
      vertex   3.624516e+01 5.714645e+01 1.464466e-01
    endloop
  endfacet
  facet normal -1.807448e-15 -7.933533e-01 -6.087614e-01
    outer loop
      vertex   3.624516e+01 5.706699e+01 2.500000e-01
      vertex   3.624516e+01 5.714645e+01 1.464466e-01
      vertex   3.899355e+01 5.714645e+01 1.464466e-01
    endloop
  endfacet
  facet normal -1.253357e-15 -6.087614e-01 -7.933533e-01
    outer loop
      vertex   3.899355e+01 5.714645e+01 1.464466e-01
      vertex   3.624516e+01 5.714645e+01 1.464466e-01
      vertex   3.899355e+01 5.725000e+01 6.698730e-02
    endloop
  endfacet
  facet normal 1.617157e-16 -6.087614e-01 -7.933533e-01
    outer loop
      vertex   3.899355e+01 5.714645e+01 1.464466e-01
      vertex   3.899355e+01 5.725000e+01 6.698730e-02
      vertex   4.174194e+01 5.725000e+01 6.698730e-02
    endloop
  endfacet
  facet normal 1.866026e-16 -3.826834e-01 -9.238795e-01
    outer loop
      vertex   4.174194e+01 5.725000e+01 6.698730e-02
      vertex   3.899355e+01 5.725000e+01 6.698730e-02
      vertex   4.174194e+01 5.737059e+01 1.703709e-02
    endloop
  endfacet
  facet normal 2.459118e-16 -7.933533e-01 -6.087614e-01
    outer loop
      vertex   3.624516e+01 5.714645e+01 1.464466e-01
      vertex   3.349677e+01 5.706699e+01 2.500000e-01
      vertex   3.349677e+01 5.714645e+01 1.464466e-01
    endloop
  endfacet
  facet normal 3.795719e-16 -7.933533e-01 -6.087614e-01
    outer loop
      vertex   4.174194e+01 5.714645e+01 1.464466e-01
      vertex   4.174194e+01 5.706699e+01 2.500000e-01
      vertex   3.899355e+01 5.706699e+01 2.500000e-01
    endloop
  endfacet
  facet normal -1.413596e-15 -6.087614e-01 -7.933533e-01
    outer loop
      vertex   3.899355e+01 5.725000e+01 6.698730e-02
      vertex   3.624516e+01 5.714645e+01 1.464466e-01
      vertex   3.624516e+01 5.725000e+01 6.698730e-02
    endloop
  endfacet
  facet normal 3.226179e-16 -6.087614e-01 -7.933533e-01
    outer loop
      vertex   3.624516e+01 5.725000e+01 6.698730e-02
      vertex   3.624516e+01 5.714645e+01 1.464466e-01
      vertex   3.349677e+01 5.714645e+01 1.464466e-01
    endloop
  endfacet
  facet normal 4.665064e-17 -3.826834e-01 -9.238795e-01
    outer loop
      vertex   4.174194e+01 5.737059e+01 1.703709e-02
      vertex   3.899355e+01 5.725000e+01 6.698730e-02
      vertex   3.899355e+01 5.737059e+01 1.703709e-02
    endloop
  endfacet
  facet normal -8.036393e-16 -3.826834e-01 -9.238795e-01
    outer loop
      vertex   3.899355e+01 5.737059e+01 1.703709e-02
      vertex   3.899355e+01 5.725000e+01 6.698730e-02
      vertex   3.624516e+01 5.725000e+01 6.698730e-02
    endloop
  endfacet
  facet normal 2.951054e-09 9.952616e-08 -1.000000e+00
    outer loop
      vertex   4.289840e+01 9.015676e+01 3.000000e+00
      vertex   2.834688e+01 9.058822e+01 3.000000e+00
      vertex   4.289840e+01 9.110000e+01 3.000000e+00
    endloop
  endfacet
  facet normal 6.320136e-09 3.731620e-09 -1.000000e+00
    outer loop
      vertex   4.289840e+01 9.110000e+01 3.000000e+00
      vertex   2.834688e+01 9.058822e+01 3.000000e+00
      vertex   2.830680e+01 9.065611e+01 3.000000e+00
    endloop
  endfacet
  facet normal 6.361566e-09 2.369745e-09 -1.000000e+00
    outer loop
      vertex   4.289840e+01 9.110000e+01 3.000000e+00
      vertex   2.830680e+01 9.065611e+01 3.000000e+00
      vertex   2.828143e+01 9.072422e+01 3.000000e+00
    endloop
  endfacet
  facet normal 0.000000e+00 0.000000e+00 -1.000000e+00
    outer loop
      vertex   2.988085e+01 9.015676e+01 3.000000e+00
      vertex   2.948409e+01 9.019579e+01 3.000000e+00
      vertex   4.289840e+01 9.015676e+01 3.000000e+00
    endloop
  endfacet
  facet normal 0.000000e+00 0.000000e+00 -1.000000e+00
    outer loop
      vertex   4.289840e+01 9.015676e+01 3.000000e+00
      vertex   2.948409e+01 9.019579e+01 3.000000e+00
      vertex   2.914366e+01 9.024054e+01 3.000000e+00
    endloop
  endfacet
  facet normal 0.000000e+00 0.000000e+00 -1.000000e+00
    outer loop
      vertex   4.289840e+01 9.015676e+01 3.000000e+00
      vertex   2.914366e+01 9.024054e+01 3.000000e+00
      vertex   2.886214e+01 9.029424e+01 3.000000e+00
    endloop
  endfacet
  facet normal 0.000000e+00 0.000000e+00 -1.000000e+00
    outer loop
      vertex   2.886214e+01 9.029424e+01 3.000000e+00
      vertex   2.863890e+01 9.036466e+01 3.000000e+00
      vertex   4.289840e+01 9.015676e+01 3.000000e+00
    endloop
  endfacet
  facet normal 0.000000e+00 0.000000e+00 -1.000000e+00
    outer loop
      vertex   4.289840e+01 9.015676e+01 3.000000e+00
      vertex   2.863890e+01 9.036466e+01 3.000000e+00
      vertex   2.846812e+01 9.046242e+01 3.000000e+00
    endloop
  endfacet
  facet normal 0.000000e+00 0.000000e+00 -1.000000e+00
    outer loop
      vertex   4.289840e+01 9.015676e+01 3.000000e+00
      vertex   2.846812e+01 9.046242e+01 3.000000e+00
      vertex   2.840105e+01 9.052265e+01 3.000000e+00
    endloop
  endfacet
  facet normal 0.000000e+00 0.000000e+00 -1.000000e+00
    outer loop
      vertex   2.840105e+01 9.052265e+01 3.000000e+00
      vertex   2.834688e+01 9.058822e+01 3.000000e+00
      vertex   4.289840e+01 9.015676e+01 3.000000e+00
    endloop
  endfacet
  facet normal 6.396670e-09 1.004313e-09 -1.000000e+00
    outer loop
      vertex   2.828143e+01 9.072422e+01 3.000000e+00
      vertex   2.827086e+01 9.079151e+01 3.000000e+00
      vertex   4.289840e+01 9.110000e+01 3.000000e+00
    endloop
  endfacet
  facet normal 6.426302e-09 -4.007204e-10 -1.000000e+00
    outer loop
      vertex   4.289840e+01 9.110000e+01 3.000000e+00
      vertex   2.827086e+01 9.079151e+01 3.000000e+00
      vertex   2.827498e+01 9.085758e+01 3.000000e+00
    endloop
  endfacet
  facet normal 6.419659e-09 7.075037e-24 -1.000000e+00
    outer loop
      vertex   4.289840e+01 9.110000e+01 3.000000e+00
      vertex   2.827498e+01 9.085758e+01 3.000000e+00
      vertex   2.827498e+01 9.110000e+01 3.000000e+00
    endloop
  endfacet
  facet normal 9.999799e-01 -2.279696e-20 -6.336025e-03
    outer loop
      vertex   4.449069e+01 5.930000e+01 5.000000e-01
      vertex   4.449065e+01 5.930000e+01 4.936641e-01
      vertex   4.449069e+01 9.015676e+01 5.000000e-01
    endloop
  endfacet
  facet normal 9.998193e-01 2.601985e-06 -1.900706e-02
    outer loop
      vertex   4.449069e+01 9.015676e+01 5.000000e-01
      vertex   4.449065e+01 5.930000e+01 4.936641e-01
      vertex   4.449053e+01 5.930000e+01 4.873292e-01
    endloop
  endfacet
  facet normal 9.914449e-01 4.843891e-05 -1.305262e-01
    outer loop
      vertex   4.449069e+01 9.015676e+01 5.000000e-01
      vertex   4.449053e+01 5.930000e+01 4.873292e-01
      vertex   4.447365e+01 9.015676e+01 3.705905e-01
    endloop
  endfacet
  facet normal 9.897113e-01 2.831384e-17 -1.430791e-01
    outer loop
      vertex   4.447365e+01 9.015676e+01 3.705905e-01
      vertex   4.449053e+01 5.930000e+01 4.873292e-01
      vertex   4.447365e+01 8.735160e+01 3.705905e-01
    endloop
  endfacet
  facet normal 9.238795e-01 7.572901e-17 -3.826834e-01
    outer loop
      vertex   4.447365e+01 9.015676e+01 3.705905e-01
      vertex   4.447365e+01 8.735160e+01 3.705905e-01
      vertex   4.442370e+01 9.015676e+01 2.500000e-01
    endloop
  endfacet
  facet normal 9.238795e-01 1.325258e-16 -3.826834e-01
    outer loop
      vertex   4.442370e+01 9.015676e+01 2.500000e-01
      vertex   4.447365e+01 8.735160e+01 3.705905e-01
      vertex   4.442370e+01 8.735160e+01 2.500000e-01
    endloop
  endfacet
  facet normal 7.933533e-01 2.108181e-16 -6.087614e-01
    outer loop
      vertex   4.442370e+01 9.015676e+01 2.500000e-01
      vertex   4.442370e+01 8.735160e+01 2.500000e-01
      vertex   4.434424e+01 9.015676e+01 1.464466e-01
    endloop
  endfacet
  facet normal 7.933533e-01 7.228048e-17 -6.087614e-01
    outer loop
      vertex   4.434424e+01 9.015676e+01 1.464466e-01
      vertex   4.442370e+01 8.735160e+01 2.500000e-01
      vertex   4.434424e+01 8.735160e+01 1.464466e-01
    endloop
  endfacet
  facet normal 6.087614e-01 9.419775e-17 -7.933533e-01
    outer loop
      vertex   4.434424e+01 9.015676e+01 1.464466e-01
      vertex   4.434424e+01 8.735160e+01 1.464466e-01
      vertex   4.424069e+01 9.015676e+01 6.698730e-02
    endloop
  endfacet
  facet normal 6.087614e-01 -3.885657e-16 -7.933533e-01
    outer loop
      vertex   4.424069e+01 9.015676e+01 6.698730e-02
      vertex   4.434424e+01 8.735160e+01 1.464466e-01
      vertex   4.424069e+01 8.735160e+01 6.698730e-02
    endloop
  endfacet
  facet normal 3.826834e-01 -4.524944e-16 -9.238795e-01
    outer loop
      vertex   4.424069e+01 9.015676e+01 6.698730e-02
      vertex   4.424069e+01 8.735160e+01 6.698730e-02
      vertex   4.412010e+01 9.015676e+01 1.703709e-02
    endloop
  endfacet
  facet normal 3.826834e-01 1.828260e-16 -9.238795e-01
    outer loop
      vertex   4.412010e+01 9.015676e+01 1.703709e-02
      vertex   4.424069e+01 8.735160e+01 6.698730e-02
      vertex   4.412010e+01 8.735160e+01 1.703709e-02
    endloop
  endfacet
  facet normal 1.305262e-01 1.961965e-16 -9.914449e-01
    outer loop
      vertex   4.412010e+01 9.015676e+01 1.703709e-02
      vertex   4.412010e+01 8.735160e+01 1.703709e-02
      vertex   4.399069e+01 9.015676e+01 0.000000e+00
    endloop
  endfacet
  facet normal 1.305262e-01 -4.858749e-17 -9.914449e-01
    outer loop
      vertex   4.399069e+01 9.015676e+01 0.000000e+00
      vertex   4.412010e+01 8.735160e+01 1.703709e-02
      vertex   4.412010e+01 8.454644e+01 1.703709e-02
    endloop
  endfacet
  facet normal 1.305262e-01 4.616264e-19 -9.914449e-01
    outer loop
      vertex   4.399069e+01 9.015676e+01 0.000000e+00
      vertex   4.412010e+01 8.454644e+01 1.703709e-02
      vertex   4.412010e+01 8.174128e+01 1.703709e-02
    endloop
  endfacet
  facet normal 3.826834e-01 0.000000e+00 -9.238795e-01
    outer loop
      vertex   4.412010e+01 8.174128e+01 1.703709e-02
      vertex   4.412010e+01 8.454644e+01 1.703709e-02
      vertex   4.424069e+01 8.174128e+01 6.698730e-02
    endloop
  endfacet
  facet normal 3.826834e-01 6.891791e-17 -9.238795e-01
    outer loop
      vertex   4.412010e+01 8.174128e+01 1.703709e-02
      vertex   4.424069e+01 8.174128e+01 6.698730e-02
      vertex   4.424069e+01 7.893612e+01 6.698730e-02
    endloop
  endfacet
  facet normal 6.087614e-01 5.887360e-17 -7.933533e-01
    outer loop
      vertex   4.424069e+01 7.893612e+01 6.698730e-02
      vertex   4.424069e+01 8.174128e+01 6.698730e-02
      vertex   4.434424e+01 7.893612e+01 1.464466e-01
    endloop
  endfacet
  facet normal 6.087614e-01 7.707918e-19 -7.933533e-01
    outer loop
      vertex   4.424069e+01 7.893612e+01 6.698730e-02
      vertex   4.434424e+01 7.893612e+01 1.464466e-01
      vertex   4.434424e+01 7.613096e+01 1.464466e-01
    endloop
  endfacet
  facet normal 7.933533e-01 0.000000e+00 -6.087614e-01
    outer loop
      vertex   4.434424e+01 7.613096e+01 1.464466e-01
      vertex   4.434424e+01 7.893612e+01 1.464466e-01
      vertex   4.442370e+01 7.613096e+01 2.500000e-01
    endloop
  endfacet
  facet normal 7.933533e-01 -2.339341e-17 -6.087614e-01
    outer loop
      vertex   4.434424e+01 7.613096e+01 1.464466e-01
      vertex   4.442370e+01 7.613096e+01 2.500000e-01
      vertex   4.442370e+01 7.332580e+01 2.500000e-01
    endloop
  endfacet
  facet normal 9.238795e-01 -1.514580e-17 -3.826834e-01
    outer loop
      vertex   4.442370e+01 7.332580e+01 2.500000e-01
      vertex   4.442370e+01 7.613096e+01 2.500000e-01
      vertex   4.447365e+01 7.332580e+01 3.705905e-01
    endloop
  endfacet
  facet normal 9.238795e-01 -7.728960e-18 -3.826834e-01
    outer loop
      vertex   4.442370e+01 7.332580e+01 2.500000e-01
      vertex   4.447365e+01 7.332580e+01 3.705905e-01
      vertex   4.447365e+01 7.052064e+01 3.705905e-01
    endloop
  endfacet
  facet normal 9.897113e-01 -2.831384e-18 -1.430791e-01
    outer loop
      vertex   4.447365e+01 7.052064e+01 3.705905e-01
      vertex   4.447365e+01 7.332580e+01 3.705905e-01
      vertex   4.449053e+01 5.930000e+01 4.873292e-01
    endloop
  endfacet
  facet normal 9.897113e-01 -2.831384e-18 -1.430791e-01
    outer loop
      vertex   4.447365e+01 7.052064e+01 3.705905e-01
      vertex   4.449053e+01 5.930000e+01 4.873292e-01
      vertex   4.447365e+01 6.771548e+01 3.705905e-01
    endloop
  endfacet
  facet normal 9.897113e-01 -5.662769e-18 -1.430791e-01
    outer loop
      vertex   4.447365e+01 6.771548e+01 3.705905e-01
      vertex   4.449053e+01 5.930000e+01 4.873292e-01
      vertex   4.447365e+01 6.491032e+01 3.705905e-01
    endloop
  endfacet
  facet normal 9.238795e-01 -1.514580e-17 -3.826834e-01
    outer loop
      vertex   4.447365e+01 6.771548e+01 3.705905e-01
      vertex   4.447365e+01 6.491032e+01 3.705905e-01
      vertex   4.442370e+01 6.771548e+01 2.500000e-01
    endloop
  endfacet
  facet normal 9.238795e-01 -1.135935e-17 -3.826834e-01
    outer loop
      vertex   4.442370e+01 6.771548e+01 2.500000e-01
      vertex   4.447365e+01 6.491032e+01 3.705905e-01
      vertex   4.442370e+01 6.491032e+01 2.500000e-01
    endloop
  endfacet
  facet normal 7.933533e-01 -1.807012e-17 -6.087614e-01
    outer loop
      vertex   4.442370e+01 6.771548e+01 2.500000e-01
      vertex   4.442370e+01 6.491032e+01 2.500000e-01
      vertex   4.434424e+01 6.771548e+01 1.464466e-01
    endloop
  endfacet
  facet normal 7.933533e-01 0.000000e+00 -6.087614e-01
    outer loop
      vertex   4.434424e+01 6.771548e+01 1.464466e-01
      vertex   4.442370e+01 6.491032e+01 2.500000e-01
      vertex   4.434424e+01 6.491032e+01 1.464466e-01
    endloop
  endfacet
  facet normal 6.087614e-01 0.000000e+00 -7.933533e-01
    outer loop
      vertex   4.434424e+01 6.771548e+01 1.464466e-01
      vertex   4.434424e+01 6.491032e+01 1.464466e-01
      vertex   4.424069e+01 6.771548e+01 6.698730e-02
    endloop
  endfacet
  facet normal 6.087614e-01 3.924906e-17 -7.933533e-01
    outer loop
      vertex   4.424069e+01 6.771548e+01 6.698730e-02
      vertex   4.434424e+01 6.491032e+01 1.464466e-01
      vertex   4.424069e+01 6.491032e+01 6.698730e-02
    endloop
  endfacet
  facet normal 3.826834e-01 4.570650e-17 -9.238795e-01
    outer loop
      vertex   4.424069e+01 6.771548e+01 6.698730e-02
      vertex   4.424069e+01 6.491032e+01 6.698730e-02
      vertex   4.412010e+01 6.771548e+01 1.703709e-02
    endloop
  endfacet
  facet normal 3.826834e-01 0.000000e+00 -9.238795e-01
    outer loop
      vertex   4.412010e+01 6.771548e+01 1.703709e-02
      vertex   4.424069e+01 6.491032e+01 6.698730e-02
      vertex   4.412010e+01 6.491032e+01 1.703709e-02
    endloop
  endfacet
  facet normal 1.305262e-01 0.000000e+00 -9.914449e-01
    outer loop
      vertex   4.412010e+01 6.771548e+01 1.703709e-02
      vertex   4.412010e+01 6.491032e+01 1.703709e-02
      vertex   4.399069e+01 9.015676e+01 0.000000e+00
    endloop
  endfacet
  facet normal 1.305262e-01 -4.949580e-17 -9.914449e-01
    outer loop
      vertex   4.399069e+01 9.015676e+01 0.000000e+00
      vertex   4.412010e+01 6.491032e+01 1.703709e-02
      vertex   4.412010e+01 6.210516e+01 1.703709e-02
    endloop
  endfacet
  facet normal 1.551838e-01 1.159137e-04 -9.878856e-01
    outer loop
      vertex   4.399069e+01 9.015676e+01 0.000000e+00
      vertex   4.412010e+01 6.210516e+01 1.703709e-02
      vertex   4.411703e+01 5.930000e+01 1.622684e-02
    endloop
  endfacet
  facet normal 3.738856e-01 -1.403134e-04 -9.274748e-01
    outer loop
      vertex   4.411703e+01 5.930000e+01 1.622684e-02
      vertex   4.412010e+01 6.210516e+01 1.703709e-02
      vertex   4.423518e+01 5.930000e+01 6.385412e-02
    endloop
  endfacet
  facet normal 3.826834e-01 2.806253e-04 -9.238795e-01
    outer loop
      vertex   4.423518e+01 5.930000e+01 6.385412e-02
      vertex   4.412010e+01 6.210516e+01 1.703709e-02
      vertex   4.424069e+01 6.210516e+01 6.698730e-02
    endloop
  endfacet
  facet normal 5.961187e-01 -2.735237e-04 -8.028963e-01
    outer loop
      vertex   4.423518e+01 5.930000e+01 6.385412e-02
      vertex   4.424069e+01 6.210516e+01 6.698730e-02
      vertex   4.433746e+01 5.930000e+01 1.397905e-01
    endloop
  endfacet
  facet normal 6.087614e-01 4.102821e-04 -7.933533e-01
    outer loop
      vertex   4.433746e+01 5.930000e+01 1.397905e-01
      vertex   4.424069e+01 6.210516e+01 6.698730e-02
      vertex   4.434424e+01 6.210516e+01 1.464466e-01
    endloop
  endfacet
  facet normal 7.796593e-01 -3.996257e-04 -6.262038e-01
    outer loop
      vertex   4.433746e+01 5.930000e+01 1.397905e-01
      vertex   4.434424e+01 6.210516e+01 1.464466e-01
      vertex   4.441723e+01 5.930000e+01 2.391071e-01
    endloop
  endfacet
  facet normal 7.933532e-01 5.328280e-04 -6.087613e-01
    outer loop
      vertex   4.441723e+01 5.930000e+01 2.391071e-01
      vertex   4.434424e+01 6.210516e+01 1.464466e-01
      vertex   4.442370e+01 6.210516e+01 2.500000e-01
    endloop
  endfacet
  facet normal 9.125942e-01 -5.186142e-04 -4.088662e-01
    outer loop
      vertex   4.441723e+01 5.930000e+01 2.391071e-01
      vertex   4.442370e+01 6.210516e+01 2.500000e-01
      vertex   4.446931e+01 5.930000e+01 3.553575e-01
    endloop
  endfacet
  facet normal 9.238793e-01 6.482580e-04 -3.826834e-01
    outer loop
      vertex   4.446931e+01 5.930000e+01 3.553575e-01
      vertex   4.442370e+01 6.210516e+01 2.500000e-01
      vertex   4.447365e+01 6.210516e+01 3.705905e-01
    endloop
  endfacet
  facet normal 9.862950e-01 -6.304845e-04 -1.649902e-01
    outer loop
      vertex   4.446931e+01 5.930000e+01 3.553575e-01
      vertex   4.447365e+01 6.210516e+01 3.705905e-01
      vertex   4.449033e+01 5.930000e+01 4.809964e-01
    endloop
  endfacet
  facet normal 9.994872e-01 4.694989e-03 -3.167469e-02
    outer loop
      vertex   4.449033e+01 5.930000e+01 4.809964e-01
      vertex   4.447365e+01 6.210516e+01 3.705905e-01
      vertex   4.449053e+01 5.930000e+01 4.873292e-01
    endloop
  endfacet
  facet normal 9.897113e-01 -2.137888e-19 -1.430791e-01
    outer loop
      vertex   4.449053e+01 5.930000e+01 4.873292e-01
      vertex   4.447365e+01 6.210516e+01 3.705905e-01
      vertex   4.447365e+01 6.491032e+01 3.705905e-01
    endloop
  endfacet
  facet normal 1.273846e-01 -3.092491e-20 -9.918534e-01
    outer loop
      vertex   4.411703e+01 5.930000e+01 1.622684e-02
      vertex   4.399069e+01 5.930000e+01 0.000000e+00
      vertex   4.399069e+01 9.015676e+01 0.000000e+00
    endloop
  endfacet
  facet normal 9.238795e-01 8.141432e-19 -3.826834e-01
    outer loop
      vertex   4.442370e+01 6.491032e+01 2.500000e-01
      vertex   4.447365e+01 6.491032e+01 3.705905e-01
      vertex   4.447365e+01 6.210516e+01 3.705905e-01
    endloop
  endfacet
  facet normal 9.238795e-01 -7.572901e-18 -3.826834e-01
    outer loop
      vertex   4.447365e+01 7.052064e+01 3.705905e-01
      vertex   4.447365e+01 6.771548e+01 3.705905e-01
      vertex   4.442370e+01 7.052064e+01 2.500000e-01
    endloop
  endfacet
  facet normal 9.238795e-01 -1.893225e-17 -3.826834e-01
    outer loop
      vertex   4.442370e+01 7.052064e+01 2.500000e-01
      vertex   4.447365e+01 6.771548e+01 3.705905e-01
      vertex   4.442370e+01 6.771548e+01 2.500000e-01
    endloop
  endfacet
  facet normal 7.933533e-01 -3.011687e-17 -6.087614e-01
    outer loop
      vertex   4.442370e+01 7.052064e+01 2.500000e-01
      vertex   4.442370e+01 6.771548e+01 2.500000e-01
      vertex   4.434424e+01 7.052064e+01 1.464466e-01
    endloop
  endfacet
  facet normal 7.933533e-01 -1.807012e-17 -6.087614e-01
    outer loop
      vertex   4.434424e+01 7.052064e+01 1.464466e-01
      vertex   4.442370e+01 6.771548e+01 2.500000e-01
      vertex   4.434424e+01 6.771548e+01 1.464466e-01
    endloop
  endfacet
  facet normal 6.087614e-01 -2.354944e-17 -7.933533e-01
    outer loop
      vertex   4.434424e+01 7.052064e+01 1.464466e-01
      vertex   4.434424e+01 6.771548e+01 1.464466e-01
      vertex   4.424069e+01 7.052064e+01 6.698730e-02
    endloop
  endfacet
  facet normal 6.087614e-01 5.887360e-17 -7.933533e-01
    outer loop
      vertex   4.424069e+01 7.052064e+01 6.698730e-02
      vertex   4.434424e+01 6.771548e+01 1.464466e-01
      vertex   4.424069e+01 6.771548e+01 6.698730e-02
    endloop
  endfacet
  facet normal 3.826834e-01 6.855976e-17 -9.238795e-01
    outer loop
      vertex   4.424069e+01 7.052064e+01 6.698730e-02
      vertex   4.424069e+01 6.771548e+01 6.698730e-02
      vertex   4.412010e+01 7.052064e+01 1.703709e-02
    endloop
  endfacet
  facet normal 3.826834e-01 -2.285325e-17 -9.238795e-01
    outer loop
      vertex   4.412010e+01 7.052064e+01 1.703709e-02
      vertex   4.424069e+01 6.771548e+01 6.698730e-02
      vertex   4.412010e+01 6.771548e+01 1.703709e-02
    endloop
  endfacet
  facet normal 1.305262e-01 -2.452456e-17 -9.914449e-01
    outer loop
      vertex   4.412010e+01 7.052064e+01 1.703709e-02
      vertex   4.412010e+01 6.771548e+01 1.703709e-02
      vertex   4.399069e+01 9.015676e+01 0.000000e+00
    endloop
  endfacet
  facet normal 9.897113e-01 -8.494153e-18 -1.430791e-01
    outer loop
      vertex   4.447365e+01 7.332580e+01 3.705905e-01
      vertex   4.447365e+01 7.613096e+01 3.705905e-01
      vertex   4.449053e+01 5.930000e+01 4.873292e-01
    endloop
  endfacet
  facet normal 9.897113e-01 -5.472756e-20 -1.430791e-01
    outer loop
      vertex   4.449053e+01 5.930000e+01 4.873292e-01
      vertex   4.447365e+01 7.613096e+01 3.705905e-01
      vertex   4.447365e+01 7.893612e+01 3.705905e-01
    endloop
  endfacet
  facet normal 9.897113e-01 -2.676145e-18 -1.430791e-01
    outer loop
      vertex   4.449053e+01 5.930000e+01 4.873292e-01
      vertex   4.447365e+01 7.893612e+01 3.705905e-01
      vertex   4.447365e+01 8.174128e+01 3.705905e-01
    endloop
  endfacet
  facet normal 9.238795e-01 -7.572901e-18 -3.826834e-01
    outer loop
      vertex   4.447365e+01 8.174128e+01 3.705905e-01
      vertex   4.447365e+01 7.893612e+01 3.705905e-01
      vertex   4.442370e+01 8.174128e+01 2.500000e-01
    endloop
  endfacet
  facet normal 9.238795e-01 -1.436940e-17 -3.826834e-01
    outer loop
      vertex   4.447365e+01 8.174128e+01 3.705905e-01
      vertex   4.442370e+01 8.174128e+01 2.500000e-01
      vertex   4.442370e+01 8.454644e+01 2.500000e-01
    endloop
  endfacet
  facet normal 7.933533e-01 -2.409349e-17 -6.087614e-01
    outer loop
      vertex   4.442370e+01 8.454644e+01 2.500000e-01
      vertex   4.442370e+01 8.174128e+01 2.500000e-01
      vertex   4.434424e+01 8.454644e+01 1.464466e-01
    endloop
  endfacet
  facet normal 7.933533e-01 -9.989244e-18 -6.087614e-01
    outer loop
      vertex   4.442370e+01 8.454644e+01 2.500000e-01
      vertex   4.434424e+01 8.454644e+01 1.464466e-01
      vertex   4.434424e+01 8.735160e+01 1.464466e-01
    endloop
  endfacet
  facet normal 6.087614e-01 -1.569963e-17 -7.933533e-01
    outer loop
      vertex   4.434424e+01 8.735160e+01 1.464466e-01
      vertex   4.434424e+01 8.454644e+01 1.464466e-01
      vertex   4.424069e+01 8.735160e+01 6.698730e-02
    endloop
  endfacet
  facet normal 9.238795e-01 -2.271870e-17 -3.826834e-01
    outer loop
      vertex   4.447365e+01 7.332580e+01 3.705905e-01
      vertex   4.442370e+01 7.613096e+01 2.500000e-01
      vertex   4.447365e+01 7.613096e+01 3.705905e-01
    endloop
  endfacet
  facet normal 9.238795e-01 -1.056408e-17 -3.826834e-01
    outer loop
      vertex   4.447365e+01 7.613096e+01 3.705905e-01
      vertex   4.442370e+01 7.613096e+01 2.500000e-01
      vertex   4.442370e+01 7.893612e+01 2.500000e-01
    endloop
  endfacet
  facet normal 9.238795e-01 0.000000e+00 -3.826834e-01
    outer loop
      vertex   4.447365e+01 7.613096e+01 3.705905e-01
      vertex   4.442370e+01 7.893612e+01 2.500000e-01
      vertex   4.447365e+01 7.893612e+01 3.705905e-01
    endloop
  endfacet
  facet normal 9.238795e-01 -1.104918e-17 -3.826834e-01
    outer loop
      vertex   4.447365e+01 7.893612e+01 3.705905e-01
      vertex   4.442370e+01 7.893612e+01 2.500000e-01
      vertex   4.442370e+01 8.174128e+01 2.500000e-01
    endloop
  endfacet
  facet normal 9.897113e-01 0.000000e+00 -1.430791e-01
    outer loop
      vertex   4.447365e+01 8.735160e+01 3.705905e-01
      vertex   4.449053e+01 5.930000e+01 4.873292e-01
      vertex   4.447365e+01 8.454644e+01 3.705905e-01
    endloop
  endfacet
  facet normal 9.897113e-01 -5.662769e-18 -1.430791e-01
    outer loop
      vertex   4.447365e+01 8.454644e+01 3.705905e-01
      vertex   4.449053e+01 5.930000e+01 4.873292e-01
      vertex   4.447365e+01 8.174128e+01 3.705905e-01
    endloop
  endfacet
  facet normal 9.238795e-01 -1.514580e-17 -3.826834e-01
    outer loop
      vertex   4.447365e+01 8.454644e+01 3.705905e-01
      vertex   4.447365e+01 8.174128e+01 3.705905e-01
      vertex   4.442370e+01 8.454644e+01 2.500000e-01
    endloop
  endfacet
  facet normal 9.238795e-01 -1.126260e-18 -3.826834e-01
    outer loop
      vertex   4.442370e+01 8.735160e+01 2.500000e-01
      vertex   4.447365e+01 8.735160e+01 3.705905e-01
      vertex   4.447365e+01 8.454644e+01 3.705905e-01
    endloop
  endfacet
  facet normal 9.238795e-01 -2.271870e-17 -3.826834e-01
    outer loop
      vertex   4.442370e+01 8.735160e+01 2.500000e-01
      vertex   4.447365e+01 8.454644e+01 3.705905e-01
      vertex   4.442370e+01 8.454644e+01 2.500000e-01
    endloop
  endfacet
  facet normal 7.933533e-01 -1.053749e-17 -6.087614e-01
    outer loop
      vertex   4.434424e+01 6.491032e+01 1.464466e-01
      vertex   4.442370e+01 6.491032e+01 2.500000e-01
      vertex   4.442370e+01 6.210516e+01 2.500000e-01
    endloop
  endfacet
  facet normal 9.238795e-01 -7.572901e-18 -3.826834e-01
    outer loop
      vertex   4.442370e+01 6.210516e+01 2.500000e-01
      vertex   4.442370e+01 6.491032e+01 2.500000e-01
      vertex   4.447365e+01 6.210516e+01 3.705905e-01
    endloop
  endfacet
  facet normal 9.238795e-01 -1.530186e-17 -3.826834e-01
    outer loop
      vertex   4.447365e+01 7.052064e+01 3.705905e-01
      vertex   4.442370e+01 7.052064e+01 2.500000e-01
      vertex   4.442370e+01 7.332580e+01 2.500000e-01
    endloop
  endfacet
  facet normal 7.933533e-01 -2.409349e-17 -6.087614e-01
    outer loop
      vertex   4.442370e+01 7.332580e+01 2.500000e-01
      vertex   4.442370e+01 7.052064e+01 2.500000e-01
      vertex   4.434424e+01 7.332580e+01 1.464466e-01
    endloop
  endfacet
  facet normal 7.933533e-01 -1.737004e-17 -6.087614e-01
    outer loop
      vertex   4.442370e+01 7.332580e+01 2.500000e-01
      vertex   4.434424e+01 7.332580e+01 1.464466e-01
      vertex   4.434424e+01 7.613096e+01 1.464466e-01
    endloop
  endfacet
  facet normal 6.087614e-01 -2.354944e-17 -7.933533e-01
    outer loop
      vertex   4.434424e+01 7.613096e+01 1.464466e-01
      vertex   4.434424e+01 7.332580e+01 1.464466e-01
      vertex   4.424069e+01 7.613096e+01 6.698730e-02
    endloop
  endfacet
  facet normal 6.087614e-01 4.001986e-17 -7.933533e-01
    outer loop
      vertex   4.434424e+01 7.613096e+01 1.464466e-01
      vertex   4.424069e+01 7.613096e+01 6.698730e-02
      vertex   4.424069e+01 7.893612e+01 6.698730e-02
    endloop
  endfacet
  facet normal 3.826834e-01 4.570650e-17 -9.238795e-01
    outer loop
      vertex   4.424069e+01 7.893612e+01 6.698730e-02
      vertex   4.424069e+01 7.613096e+01 6.698730e-02
      vertex   4.412010e+01 7.893612e+01 1.703709e-02
    endloop
  endfacet
  facet normal 3.826834e-01 3.581539e-19 -9.238795e-01
    outer loop
      vertex   4.424069e+01 7.893612e+01 6.698730e-02
      vertex   4.412010e+01 7.893612e+01 1.703709e-02
      vertex   4.412010e+01 8.174128e+01 1.703709e-02
    endloop
  endfacet
  facet normal 1.305262e-01 0.000000e+00 -9.914449e-01
    outer loop
      vertex   4.412010e+01 8.174128e+01 1.703709e-02
      vertex   4.412010e+01 7.893612e+01 1.703709e-02
      vertex   4.399069e+01 9.015676e+01 0.000000e+00
    endloop
  endfacet
  facet normal 7.933533e-01 0.000000e+00 -6.087614e-01
    outer loop
      vertex   4.434424e+01 7.332580e+01 1.464466e-01
      vertex   4.442370e+01 7.052064e+01 2.500000e-01
      vertex   4.434424e+01 7.052064e+01 1.464466e-01
    endloop
  endfacet
  facet normal 7.933533e-01 -1.807012e-17 -6.087614e-01
    outer loop
      vertex   4.442370e+01 7.613096e+01 2.500000e-01
      vertex   4.434424e+01 7.893612e+01 1.464466e-01
      vertex   4.442370e+01 7.893612e+01 2.500000e-01
    endloop
  endfacet
  facet normal 7.933533e-01 -1.303685e-17 -6.087614e-01
    outer loop
      vertex   4.442370e+01 7.893612e+01 2.500000e-01
      vertex   4.434424e+01 7.893612e+01 1.464466e-01
      vertex   4.434424e+01 8.174128e+01 1.464466e-01
    endloop
  endfacet
  facet normal 7.933533e-01 -1.807012e-17 -6.087614e-01
    outer loop
      vertex   4.442370e+01 7.893612e+01 2.500000e-01
      vertex   4.434424e+01 8.174128e+01 1.464466e-01
      vertex   4.442370e+01 8.174128e+01 2.500000e-01
    endloop
  endfacet
  facet normal 7.933533e-01 -1.090943e-19 -6.087614e-01
    outer loop
      vertex   4.442370e+01 8.174128e+01 2.500000e-01
      vertex   4.434424e+01 8.174128e+01 1.464466e-01
      vertex   4.434424e+01 8.454644e+01 1.464466e-01
    endloop
  endfacet
  facet normal 7.933533e-01 -3.408274e-17 -6.087614e-01
    outer loop
      vertex   4.434424e+01 8.735160e+01 1.464466e-01
      vertex   4.442370e+01 8.735160e+01 2.500000e-01
      vertex   4.442370e+01 8.454644e+01 2.500000e-01
    endloop
  endfacet
  facet normal 6.087614e-01 -1.646297e-17 -7.933533e-01
    outer loop
      vertex   4.424069e+01 6.491032e+01 6.698730e-02
      vertex   4.434424e+01 6.491032e+01 1.464466e-01
      vertex   4.434424e+01 6.210516e+01 1.464466e-01
    endloop
  endfacet
  facet normal 7.933533e-01 -1.204675e-17 -6.087614e-01
    outer loop
      vertex   4.434424e+01 6.210516e+01 1.464466e-01
      vertex   4.434424e+01 6.491032e+01 1.464466e-01
      vertex   4.442370e+01 6.210516e+01 2.500000e-01
    endloop
  endfacet
  facet normal 6.087614e-01 0.000000e+00 -7.933533e-01
    outer loop
      vertex   4.434424e+01 7.332580e+01 1.464466e-01
      vertex   4.434424e+01 7.052064e+01 1.464466e-01
      vertex   4.424069e+01 7.332580e+01 6.698730e-02
    endloop
  endfacet
  facet normal 6.087614e-01 1.962453e-17 -7.933533e-01
    outer loop
      vertex   4.424069e+01 7.332580e+01 6.698730e-02
      vertex   4.434424e+01 7.052064e+01 1.464466e-01
      vertex   4.424069e+01 7.052064e+01 6.698730e-02
    endloop
  endfacet
  facet normal 3.826834e-01 2.285325e-17 -9.238795e-01
    outer loop
      vertex   4.424069e+01 7.332580e+01 6.698730e-02
      vertex   4.424069e+01 7.052064e+01 6.698730e-02
      vertex   4.412010e+01 7.332580e+01 1.703709e-02
    endloop
  endfacet
  facet normal 3.826834e-01 -2.285325e-17 -9.238795e-01
    outer loop
      vertex   4.412010e+01 7.332580e+01 1.703709e-02
      vertex   4.424069e+01 7.052064e+01 6.698730e-02
      vertex   4.412010e+01 7.052064e+01 1.703709e-02
    endloop
  endfacet
  facet normal 1.305262e-01 -2.452456e-17 -9.914449e-01
    outer loop
      vertex   4.412010e+01 7.332580e+01 1.703709e-02
      vertex   4.412010e+01 7.052064e+01 1.703709e-02
      vertex   4.399069e+01 9.015676e+01 0.000000e+00
    endloop
  endfacet
  facet normal 6.087614e-01 -1.569963e-17 -7.933533e-01
    outer loop
      vertex   4.434424e+01 7.893612e+01 1.464466e-01
      vertex   4.424069e+01 8.174128e+01 6.698730e-02
      vertex   4.434424e+01 8.174128e+01 1.464466e-01
    endloop
  endfacet
  facet normal 6.087614e-01 2.095319e-17 -7.933533e-01
    outer loop
      vertex   4.434424e+01 8.174128e+01 1.464466e-01
      vertex   4.424069e+01 8.174128e+01 6.698730e-02
      vertex   4.424069e+01 8.454644e+01 6.698730e-02
    endloop
  endfacet
  facet normal 6.087614e-01 0.000000e+00 -7.933533e-01
    outer loop
      vertex   4.434424e+01 8.174128e+01 1.464466e-01
      vertex   4.424069e+01 8.454644e+01 6.698730e-02
      vertex   4.434424e+01 8.454644e+01 1.464466e-01
    endloop
  endfacet
  facet normal 6.087614e-01 3.923091e-17 -7.933533e-01
    outer loop
      vertex   4.434424e+01 8.454644e+01 1.464466e-01
      vertex   4.424069e+01 8.454644e+01 6.698730e-02
      vertex   4.424069e+01 8.735160e+01 6.698730e-02
    endloop
  endfacet
  facet normal 3.826834e-01 2.390176e-17 -9.238795e-01
    outer loop
      vertex   4.412010e+01 6.491032e+01 1.703709e-02
      vertex   4.424069e+01 6.491032e+01 6.698730e-02
      vertex   4.424069e+01 6.210516e+01 6.698730e-02
    endloop
  endfacet
  facet normal 6.087614e-01 1.962453e-17 -7.933533e-01
    outer loop
      vertex   4.424069e+01 6.210516e+01 6.698730e-02
      vertex   4.424069e+01 6.491032e+01 6.698730e-02
      vertex   4.434424e+01 6.210516e+01 1.464466e-01
    endloop
  endfacet
  facet normal 3.826834e-01 -4.570650e-17 -9.238795e-01
    outer loop
      vertex   4.412010e+01 6.210516e+01 1.703709e-02
      vertex   4.412010e+01 6.491032e+01 1.703709e-02
      vertex   4.424069e+01 6.210516e+01 6.698730e-02
    endloop
  endfacet
  facet normal 6.087614e-01 4.122720e-17 -7.933533e-01
    outer loop
      vertex   4.434424e+01 7.332580e+01 1.464466e-01
      vertex   4.424069e+01 7.332580e+01 6.698730e-02
      vertex   4.424069e+01 7.613096e+01 6.698730e-02
    endloop
  endfacet
  facet normal 3.826834e-01 4.570650e-17 -9.238795e-01
    outer loop
      vertex   4.424069e+01 7.613096e+01 6.698730e-02
      vertex   4.424069e+01 7.332580e+01 6.698730e-02
      vertex   4.412010e+01 7.613096e+01 1.703709e-02
    endloop
  endfacet
  facet normal 3.826834e-01 -2.319268e-17 -9.238795e-01
    outer loop
      vertex   4.424069e+01 7.613096e+01 6.698730e-02
      vertex   4.412010e+01 7.613096e+01 1.703709e-02
      vertex   4.412010e+01 7.893612e+01 1.703709e-02
    endloop
  endfacet
  facet normal 1.305262e-01 -2.452456e-17 -9.914449e-01
    outer loop
      vertex   4.412010e+01 7.893612e+01 1.703709e-02
      vertex   4.412010e+01 7.613096e+01 1.703709e-02
      vertex   4.399069e+01 9.015676e+01 0.000000e+00
    endloop
  endfacet
  facet normal 3.826834e-01 -2.285325e-17 -9.238795e-01
    outer loop
      vertex   4.412010e+01 7.613096e+01 1.703709e-02
      vertex   4.424069e+01 7.332580e+01 6.698730e-02
      vertex   4.412010e+01 7.332580e+01 1.703709e-02
    endloop
  endfacet
  facet normal 3.826834e-01 4.578851e-17 -9.238795e-01
    outer loop
      vertex   4.412010e+01 8.735160e+01 1.703709e-02
      vertex   4.424069e+01 8.735160e+01 6.698730e-02
      vertex   4.424069e+01 8.454644e+01 6.698730e-02
    endloop
  endfacet
  facet normal 3.826834e-01 -4.570650e-17 -9.238795e-01
    outer loop
      vertex   4.412010e+01 8.735160e+01 1.703709e-02
      vertex   4.424069e+01 8.454644e+01 6.698730e-02
      vertex   4.412010e+01 8.454644e+01 1.703709e-02
    endloop
  endfacet
  facet normal 3.826834e-01 2.307333e-17 -9.238795e-01
    outer loop
      vertex   4.412010e+01 8.454644e+01 1.703709e-02
      vertex   4.424069e+01 8.454644e+01 6.698730e-02
      vertex   4.424069e+01 8.174128e+01 6.698730e-02
    endloop
  endfacet
  facet normal 1.305262e-01 -2.476052e-17 -9.914449e-01
    outer loop
      vertex   4.399069e+01 9.015676e+01 0.000000e+00
      vertex   4.412010e+01 7.613096e+01 1.703709e-02
      vertex   4.412010e+01 7.332580e+01 1.703709e-02
    endloop
  endfacet
  facet normal -1.000000e+00 0.000000e+00 -0.000000e+00
    outer loop
      vertex   4.289840e+01 6.480742e+01 3.000000e+00
      vertex   4.289840e+01 6.505838e+01 2.967998e+00
      vertex   4.289840e+01 5.930000e+01 3.000000e+00
    endloop
  endfacet
  facet normal -1.000000e+00 0.000000e+00 0.000000e+00
    outer loop
      vertex   4.289840e+01 5.930000e+01 3.000000e+00
      vertex   4.289840e+01 6.505838e+01 2.967998e+00
      vertex   4.289840e+01 6.517881e+01 2.928477e+00
    endloop
  endfacet
  facet normal -1.000000e+00 0.000000e+00 0.000000e+00
    outer loop
      vertex   4.289840e+01 5.930000e+01 3.000000e+00
      vertex   4.289840e+01 6.517881e+01 2.928477e+00
      vertex   4.289840e+01 6.732119e+01 2.071523e+00
    endloop
  endfacet
  facet normal -1.000000e+00 0.000000e+00 0.000000e+00
    outer loop
      vertex   4.289840e+01 6.480742e+01 3.000000e+00
      vertex   4.289840e+01 6.493391e+01 2.991967e+00
      vertex   4.289840e+01 6.505838e+01 2.967998e+00
    endloop
  endfacet
  facet normal -1.000000e+00 -0.000000e+00 0.000000e+00
    outer loop
      vertex   4.289840e+01 6.744162e+01 2.032002e+00
      vertex   4.289840e+01 5.870000e+01 1.500000e+00
      vertex   4.289840e+01 6.732119e+01 2.071523e+00
    endloop
  endfacet
  facet normal -1.000000e+00 -0.000000e+00 0.000000e+00
    outer loop
      vertex   4.289840e+01 6.732119e+01 2.071523e+00
      vertex   4.289840e+01 5.870000e+01 1.500000e+00
      vertex   4.289840e+01 5.870000e+01 3.000000e+00
    endloop
  endfacet
  facet normal -1.000000e+00 0.000000e+00 0.000000e+00
    outer loop
      vertex   4.289840e+01 6.732119e+01 2.071523e+00
      vertex   4.289840e+01 5.870000e+01 3.000000e+00
      vertex   4.289840e+01 5.930000e+01 3.000000e+00
    endloop
  endfacet
  facet normal -1.000000e+00 0.000000e+00 -0.000000e+00
    outer loop
      vertex   4.289840e+01 6.744162e+01 2.032002e+00
      vertex   4.289840e+01 6.756609e+01 2.008033e+00
      vertex   4.289840e+01 5.870000e+01 1.500000e+00
    endloop
  endfacet
  facet normal -1.000000e+00 0.000000e+00 0.000000e+00
    outer loop
      vertex   4.289840e+01 5.870000e+01 1.500000e+00
      vertex   4.289840e+01 6.756609e+01 2.008033e+00
      vertex   4.289840e+01 6.769258e+01 2.000000e+00
    endloop
  endfacet
  facet normal -1.000000e+00 0.000000e+00 0.000000e+00
    outer loop
      vertex   4.289840e+01 5.870000e+01 1.500000e+00
      vertex   4.289840e+01 6.769258e+01 2.000000e+00
      vertex   4.289840e+01 8.097247e+01 2.000000e+00
    endloop
  endfacet
  facet normal -1.000000e+00 0.000000e+00 0.000000e+00
    outer loop
      vertex   4.289840e+01 5.870000e+01 1.500000e+00
      vertex   4.289840e+01 8.097247e+01 2.000000e+00
      vertex   4.289840e+01 9.110000e+01 1.500000e+00
    endloop
  endfacet
  facet normal -1.000000e+00 0.000000e+00 0.000000e+00
    outer loop
      vertex   4.289840e+01 9.110000e+01 1.500000e+00
      vertex   4.289840e+01 8.097247e+01 2.000000e+00
      vertex   4.289840e+01 8.109728e+01 2.007818e+00
    endloop
  endfacet
  facet normal -1.000000e+00 0.000000e+00 0.000000e+00
    outer loop
      vertex   4.289840e+01 9.110000e+01 1.500000e+00
      vertex   4.289840e+01 8.109728e+01 2.007818e+00
      vertex   4.289840e+01 8.122013e+01 2.031151e+00
    endloop
  endfacet
  facet normal -1.000000e+00 0.000000e+00 0.000000e+00
    outer loop
      vertex   4.289840e+01 8.122013e+01 2.031151e+00
      vertex   4.289840e+01 8.133911e+01 2.069634e+00
      vertex   4.289840e+01 9.110000e+01 1.500000e+00
    endloop
  endfacet
  facet normal -1.000000e+00 0.000000e+00 0.000000e+00
    outer loop
      vertex   4.289840e+01 9.110000e+01 1.500000e+00
      vertex   4.289840e+01 8.133911e+01 2.069634e+00
      vertex   4.289840e+01 9.110000e+01 3.000000e+00
    endloop
  endfacet
  facet normal -1.000000e+00 0.000000e+00 0.000000e+00
    outer loop
      vertex   4.289840e+01 9.110000e+01 3.000000e+00
      vertex   4.289840e+01 8.133911e+01 2.069634e+00
      vertex   4.289840e+01 9.015676e+01 3.000000e+00
    endloop
  endfacet
  facet normal -1.000000e+00 0.000000e+00 0.000000e+00
    outer loop
      vertex   4.289840e+01 9.015676e+01 3.000000e+00
      vertex   4.289840e+01 8.133911e+01 2.069634e+00
      vertex   4.289840e+01 8.352330e+01 2.930366e+00
    endloop
  endfacet
  facet normal -1.000000e+00 0.000000e+00 0.000000e+00
    outer loop
      vertex   4.289840e+01 9.015676e+01 3.000000e+00
      vertex   4.289840e+01 8.352330e+01 2.930366e+00
      vertex   4.289840e+01 8.364227e+01 2.968849e+00
    endloop
  endfacet
  facet normal -1.000000e+00 0.000000e+00 -0.000000e+00
    outer loop
      vertex   4.289840e+01 8.376513e+01 2.992182e+00
      vertex   4.289840e+01 8.388993e+01 3.000000e+00
      vertex   4.289840e+01 8.364227e+01 2.968849e+00
    endloop
  endfacet
  facet normal -1.000000e+00 0.000000e+00 0.000000e+00
    outer loop
      vertex   4.289840e+01 8.364227e+01 2.968849e+00
      vertex   4.289840e+01 8.388993e+01 3.000000e+00
      vertex   4.289840e+01 9.015676e+01 3.000000e+00
    endloop
  endfacet
  facet normal 0.000000e+00 -1.000000e+00 0.000000e+00
    outer loop
      vertex   2.830000e+01 5.700000e+01 3.200000e+00
      vertex   2.830000e+01 5.700000e+01 3.000000e+00
      vertex   4.449033e+01 5.700000e+01 3.200000e+00
    endloop
  endfacet
  facet normal 0.000000e+00 -1.000000e+00 -0.000000e+00
    outer loop
      vertex   4.449033e+01 5.700000e+01 3.200000e+00
      vertex   2.830000e+01 5.700000e+01 3.000000e+00
      vertex   4.449033e+01 5.700000e+01 5.000000e-01
    endloop
  endfacet
  facet normal -0.000000e+00 -1.000000e+00 0.000000e+00
    outer loop
      vertex   4.449033e+01 5.700000e+01 5.000000e-01
      vertex   2.830000e+01 5.700000e+01 3.000000e+00
      vertex   2.800000e+01 5.700000e+01 5.000000e-01
    endloop
  endfacet
  facet normal 0.000000e+00 -1.000000e+00 0.000000e+00
    outer loop
      vertex   2.800000e+01 5.700000e+01 5.000000e-01
      vertex   2.830000e+01 5.700000e+01 3.000000e+00
      vertex   2.800000e+01 5.700000e+01 3.000000e+00
    endloop
  endfacet
  facet normal 0.000000e+00 -1.000000e+00 0.000000e+00
    outer loop
      vertex   4.449033e+01 5.930000e+01 2.519004e+00
      vertex   4.449033e+01 5.930000e+01 4.809964e-01
      vertex   4.449053e+01 5.930000e+01 2.512671e+00
    endloop
  endfacet
  facet normal 0.000000e+00 -1.000000e+00 -0.000000e+00
    outer loop
      vertex   4.449053e+01 5.930000e+01 2.512671e+00
      vertex   4.449033e+01 5.930000e+01 4.809964e-01
      vertex   4.449053e+01 5.930000e+01 4.873292e-01
    endloop
  endfacet
  facet normal 0.000000e+00 -1.000000e+00 0.000000e+00
    outer loop
      vertex   4.449053e+01 5.930000e+01 2.512671e+00
      vertex   4.449053e+01 5.930000e+01 4.873292e-01
      vertex   4.449065e+01 5.930000e+01 4.936641e-01
    endloop
  endfacet
  facet normal 0.000000e+00 -1.000000e+00 0.000000e+00
    outer loop
      vertex   4.449053e+01 5.930000e+01 2.512671e+00
      vertex   4.449065e+01 5.930000e+01 4.936641e-01
      vertex   4.449065e+01 5.930000e+01 2.506336e+00
    endloop
  endfacet
  facet normal 0.000000e+00 -1.000000e+00 0.000000e+00
    outer loop
      vertex   4.449065e+01 5.930000e+01 2.506336e+00
      vertex   4.449065e+01 5.930000e+01 4.936641e-01
      vertex   4.449069e+01 5.930000e+01 5.000000e-01
    endloop
  endfacet
  facet normal 0.000000e+00 -1.000000e+00 0.000000e+00
    outer loop
      vertex   4.449065e+01 5.930000e+01 2.506336e+00
      vertex   4.449069e+01 5.930000e+01 5.000000e-01
      vertex   4.449069e+01 5.930000e+01 2.500000e+00
    endloop
  endfacet
  facet normal -1.000000e+00 0.000000e+00 0.000000e+00
    outer loop
      vertex   7.283804e+00 5.870000e+01 1.665361e+00
      vertex   7.283804e+00 5.859142e+01 1.977959e+00
      vertex   7.283804e+00 5.870000e+01 3.000000e+00
    endloop
  endfacet
  facet normal -1.000000e+00 0.000000e+00 0.000000e+00
    outer loop
      vertex   7.283804e+00 5.870000e+01 3.000000e+00
      vertex   7.283804e+00 5.859142e+01 1.977959e+00
      vertex   7.283804e+00 5.842593e+01 2.264528e+00
    endloop
  endfacet
  facet normal -1.000000e+00 0.000000e+00 0.000000e+00
    outer loop
      vertex   7.283804e+00 5.870000e+01 3.000000e+00
      vertex   7.283804e+00 5.842593e+01 2.264528e+00
      vertex   7.283804e+00 5.820946e+01 2.514821e+00
    endloop
  endfacet
  facet normal -1.000000e+00 0.000000e+00 0.000000e+00
    outer loop
      vertex   7.283804e+00 5.820946e+01 2.514821e+00
      vertex   7.283804e+00 5.794974e+01 2.719888e+00
      vertex   7.283804e+00 5.870000e+01 3.000000e+00
    endloop
  endfacet
  facet normal -1.000000e+00 0.000000e+00 0.000000e+00
    outer loop
      vertex   7.283804e+00 5.870000e+01 3.000000e+00
      vertex   7.283804e+00 5.794974e+01 2.719888e+00
      vertex   7.283804e+00 5.765606e+01 2.872397e+00
    endloop
  endfacet
  facet normal -1.000000e+00 0.000000e+00 0.000000e+00
    outer loop
      vertex   7.283804e+00 5.870000e+01 3.000000e+00
      vertex   7.283804e+00 5.765606e+01 2.872397e+00
      vertex   7.283804e+00 5.733892e+01 2.966894e+00
    endloop
  endfacet
  facet normal -1.000000e+00 5.254447e-16 -2.160244e-14
    outer loop
      vertex   7.283804e+00 5.733892e+01 2.966894e+00
      vertex   7.283804e+00 5.700966e+01 3.000000e+00
      vertex   7.283804e+00 5.870000e+01 3.000000e+00
    endloop
  endfacet
  facet normal 1.000000e+00 3.120159e-13 -3.317150e-13
    outer loop
      vertex   7.283804e+00 5.704022e+01 3.035219e-01
      vertex   7.283804e+00 5.709796e+01 2.025320e-01
      vertex   7.283804e+00 5.709805e+01 2.026187e-01
    endloop
  endfacet
  facet normal 1.000000e+00 0.000000e+00 0.000000e+00
    outer loop
      vertex   7.283804e+00 5.709805e+01 2.026187e-01
      vertex   7.283804e+00 5.709796e+01 2.025320e-01
      vertex   7.283804e+00 5.717762e+01 1.178044e-01
    endloop
  endfacet
  facet normal 1.000000e+00 0.000000e+00 0.000000e+00
    outer loop
      vertex   7.283804e+00 5.717762e+01 1.178044e-01
      vertex   7.283804e+00 5.709796e+01 2.025320e-01
      vertex   7.283804e+00 5.717751e+01 1.176541e-01
    endloop
  endfacet
  facet normal 1.000000e+00 0.000000e+00 0.000000e+00
    outer loop
      vertex   7.283804e+00 5.717762e+01 1.178044e-01
      vertex   7.283804e+00 5.717751e+01 1.176541e-01
      vertex   7.283804e+00 5.727464e+01 5.366773e-02
    endloop
  endfacet
  facet normal 1.000000e+00 0.000000e+00 0.000000e+00
    outer loop
      vertex   7.283804e+00 5.727464e+01 5.366773e-02
      vertex   7.283804e+00 5.717751e+01 1.176541e-01
      vertex   7.283804e+00 5.727455e+01 5.350109e-02
    endloop
  endfacet
  facet normal 1.000000e+00 0.000000e+00 0.000000e+00
    outer loop
      vertex   7.283804e+00 5.727464e+01 5.366773e-02
      vertex   7.283804e+00 5.727455e+01 5.350109e-02
      vertex   7.283804e+00 5.738385e+01 1.367857e-02
    endloop
  endfacet
  facet normal 1.000000e+00 0.000000e+00 0.000000e+00
    outer loop
      vertex   7.283804e+00 5.738385e+01 1.367857e-02
      vertex   7.283804e+00 5.727455e+01 5.350109e-02
      vertex   7.283804e+00 5.738380e+01 1.355950e-02
    endloop
  endfacet
  facet normal 1.000000e+00 0.000000e+00 0.000000e+00
    outer loop
      vertex   7.283804e+00 5.738385e+01 1.367857e-02
      vertex   7.283804e+00 5.738380e+01 1.355950e-02
      vertex   7.283804e+00 5.749934e+01 0.000000e+00
    endloop
  endfacet
  facet normal 1.000000e+00 2.770749e-14 -1.156268e-14
    outer loop
      vertex   7.283804e+00 5.873206e+01 1.500000e+00
      vertex   7.283804e+00 5.872314e+01 1.555454e+00
      vertex   7.283804e+00 5.870000e+01 1.500000e+00
    endloop
  endfacet
  facet normal 1.000000e+00 0.000000e+00 0.000000e+00
    outer loop
      vertex   7.283804e+00 5.870000e+01 1.500000e+00
      vertex   7.283804e+00 5.872314e+01 1.555454e+00
      vertex   7.283804e+00 5.871245e+01 1.610593e+00
    endloop
  endfacet
  facet normal 1.000000e+00 0.000000e+00 -0.000000e+00
    outer loop
      vertex   7.283804e+00 5.870000e+01 1.500000e+00
      vertex   7.283804e+00 5.871245e+01 1.610593e+00
      vertex   7.283804e+00 5.870000e+01 1.665361e+00
    endloop
  endfacet
  facet normal 1.000000e+00 0.000000e+00 0.000000e+00
    outer loop
      vertex   7.283804e+00 5.699034e+01 3.000000e+00
      vertex   7.283804e+00 5.700000e+01 3.000000e+00
      vertex   7.283804e+00 5.699678e+01 3.000024e+00
    endloop
  endfacet
  facet normal 1.000000e+00 0.000000e+00 0.000000e+00
    outer loop
      vertex   7.283804e+00 5.699678e+01 3.000024e+00
      vertex   7.283804e+00 5.700000e+01 3.000000e+00
      vertex   7.283804e+00 5.700034e+01 3.000000e+00
    endloop
  endfacet
  facet normal 1.000000e+00 9.526802e-14 1.430244e-11
    outer loop
      vertex   7.283804e+00 5.699678e+01 3.000024e+00
      vertex   7.283804e+00 5.700034e+01 3.000000e+00
      vertex   7.283804e+00 5.700966e+01 3.000000e+00
    endloop
  endfacet
  facet normal 1.000000e+00 7.749407e-24 -3.746545e-11
    outer loop
      vertex   7.283804e+00 5.700966e+01 3.000000e+00
      vertex   7.283804e+00 5.700322e+01 3.000024e+00
      vertex   7.283804e+00 5.699678e+01 3.000024e+00
    endloop
  endfacet
  facet normal -9.684188e-15 3.217830e-13 -1.000000e+00
    outer loop
      vertex   7.283804e+00 5.699034e+01 3.000000e+00
      vertex   6.962804e+00 5.699034e+01 3.000000e+00
      vertex   7.283804e+00 5.700000e+01 3.000000e+00
    endloop
  endfacet
  facet normal -0.000000e+00 0.000000e+00 -1.000000e+00
    outer loop
      vertex   7.283804e+00 5.700000e+01 3.000000e+00
      vertex   6.962804e+00 5.699034e+01 3.000000e+00
      vertex   6.962804e+00 5.700034e+01 3.000000e+00
    endloop
  endfacet
  facet normal -9.684188e-15 -9.159785e-12 -1.000000e+00
    outer loop
      vertex   7.283804e+00 5.700000e+01 3.000000e+00
      vertex   6.962804e+00 5.700034e+01 3.000000e+00
      vertex   7.283804e+00 5.700034e+01 3.000000e+00
    endloop
  endfacet
  facet normal -1.000000e+00 -3.218432e-12 -1.937410e-12
    outer loop
      vertex   7.283804e+00 5.704022e+01 3.035219e-01
      vertex   7.283804e+00 5.701801e+01 3.670056e-01
      vertex   7.283804e+00 5.701820e+01 3.666958e-01
    endloop
  endfacet
  facet normal -1.000000e+00 0.000000e+00 0.000000e+00
    outer loop
      vertex   7.283804e+00 5.701820e+01 3.666958e-01
      vertex   7.283804e+00 5.701801e+01 3.670056e-01
      vertex   7.283804e+00 5.700482e+01 4.322479e-01
    endloop
  endfacet
  facet normal -1.000000e+00 -0.000000e+00 -0.000000e+00
    outer loop
      vertex   7.283804e+00 5.700482e+01 4.322479e-01
      vertex   7.283804e+00 5.701801e+01 3.670056e-01
      vertex   7.283804e+00 5.700452e+01 4.328957e-01
    endloop
  endfacet
  facet normal -1.000000e+00 0.000000e+00 0.000000e+00
    outer loop
      vertex   7.283804e+00 5.700482e+01 4.322479e-01
      vertex   7.283804e+00 5.700452e+01 4.328957e-01
      vertex   7.283804e+00 5.700034e+01 4.990000e-01
    endloop
  endfacet
  facet normal -1.000000e+00 -0.000000e+00 -0.000000e+00
    outer loop
      vertex   7.283804e+00 5.700034e+01 4.990000e-01
      vertex   7.283804e+00 5.700452e+01 4.328957e-01
      vertex   7.283804e+00 5.700000e+01 5.000000e-01
    endloop
  endfacet
  facet normal -1.000000e+00 0.000000e+00 0.000000e+00
    outer loop
      vertex   7.283804e+00 5.700034e+01 4.990000e-01
      vertex   7.283804e+00 5.700000e+01 5.000000e-01
      vertex   7.283804e+00 5.700034e+01 3.000000e+00
    endloop
  endfacet
  facet normal -1.000000e+00 -0.000000e+00 0.000000e+00
    outer loop
      vertex   7.283804e+00 5.700034e+01 3.000000e+00
      vertex   7.283804e+00 5.700000e+01 5.000000e-01
      vertex   7.283804e+00 5.700000e+01 3.000000e+00
    endloop
  endfacet
  facet normal 0.000000e+00 -1.000000e+00 0.000000e+00
    outer loop
      vertex   7.283804e+00 5.700034e+01 4.990000e-01
      vertex   7.283804e+00 5.700034e+01 3.000000e+00
      vertex   6.962804e+00 5.700034e+01 4.990000e-01
    endloop
  endfacet
  facet normal 0.000000e+00 -1.000000e+00 0.000000e+00
    outer loop
      vertex   6.962804e+00 5.700034e+01 4.990000e-01
      vertex   7.283804e+00 5.700034e+01 3.000000e+00
      vertex   6.962804e+00 5.700034e+01 3.000000e+00
    endloop
  endfacet
  facet normal -0.000000e+00 -1.165619e-01 -9.931834e-01
    outer loop
      vertex   7.283804e+00 5.749934e+01 0.000000e+00
      vertex   7.283804e+00 5.738380e+01 1.355950e-02
      vertex   6.962804e+00 5.749934e+01 0.000000e+00
    endloop
  endfacet
  facet normal -5.099469e-03 -1.305245e-01 -9.914320e-01
    outer loop
      vertex   6.962804e+00 5.749934e+01 0.000000e+00
      vertex   7.283804e+00 5.738380e+01 1.355950e-02
      vertex   6.962804e+00 5.737019e+01 1.700301e-02
    endloop
  endfacet
  facet normal 4.487547e-03 -3.433475e-01 -9.391977e-01
    outer loop
      vertex   6.962804e+00 5.737019e+01 1.700301e-02
      vertex   7.283804e+00 5.738380e+01 1.355950e-02
      vertex   7.283804e+00 5.727455e+01 5.350109e-02
    endloop
  endfacet
  facet normal -8.973935e-03 -3.826680e-01 -9.238423e-01
    outer loop
      vertex   6.962804e+00 5.737019e+01 1.700301e-02
      vertex   7.283804e+00 5.727455e+01 5.350109e-02
      vertex   6.962804e+00 5.724984e+01 6.685332e-02
    endloop
  endfacet
  facet normal 7.748524e-03 -5.514634e-01 -8.341631e-01
    outer loop
      vertex   6.962804e+00 5.724984e+01 6.685332e-02
      vertex   7.283804e+00 5.727455e+01 5.350109e-02
      vertex   7.283804e+00 5.717751e+01 1.176541e-01
    endloop
  endfacet
  facet normal -1.162043e-02 -6.087203e-01 -7.932998e-01
    outer loop
      vertex   6.962804e+00 5.724984e+01 6.685332e-02
      vertex   7.283804e+00 5.717751e+01 1.176541e-01
      vertex   6.962804e+00 5.714649e+01 1.461537e-01
    endloop
  endfacet
  facet normal 9.780440e-03 -7.296030e-01 -6.838010e-01
    outer loop
      vertex   6.962804e+00 5.714649e+01 1.461537e-01
      vertex   7.283804e+00 5.717751e+01 1.176541e-01
      vertex   7.283804e+00 5.709796e+01 2.025320e-01
    endloop
  endfacet
  facet normal -1.303709e-02 -7.932859e-01 -6.087097e-01
    outer loop
      vertex   6.962804e+00 5.714649e+01 1.461537e-01
      vertex   7.283804e+00 5.709796e+01 2.025320e-01
      vertex   6.962804e+00 5.706719e+01 2.495000e-01
    endloop
  endfacet
  facet normal 1.058185e-02 -8.680938e-01 -4.962874e-01
    outer loop
      vertex   6.962804e+00 5.706719e+01 2.495000e-01
      vertex   7.283804e+00 5.709796e+01 2.025320e-01
      vertex   7.283804e+00 5.704022e+01 3.035219e-01
    endloop
  endfacet
  facet normal -1.322296e-02 -9.237988e-01 -3.826500e-01
    outer loop
      vertex   6.962804e+00 5.706719e+01 2.495000e-01
      vertex   7.283804e+00 5.704022e+01 3.035219e-01
      vertex   6.962804e+00 5.701734e+01 3.698493e-01
    endloop
  endfacet
  facet normal -7.156533e-04 -9.442671e-01 -3.291796e-01
    outer loop
      vertex   6.962804e+00 5.701734e+01 3.698493e-01
      vertex   7.283804e+00 5.704022e+01 3.035219e-01
      vertex   7.283804e+00 5.701820e+01 3.666958e-01
    endloop
  endfacet
  facet normal 6.491439e-04 -9.798151e-01 -1.999048e-01
    outer loop
      vertex   6.962804e+00 5.701734e+01 3.698493e-01
      vertex   7.283804e+00 5.701820e+01 3.666958e-01
      vertex   7.283804e+00 5.700482e+01 4.322479e-01
    endloop
  endfacet
  facet normal -0.000000e+00 -9.977505e-01 -6.703663e-02
    outer loop
      vertex   7.283804e+00 5.700034e+01 4.990000e-01
      vertex   6.962804e+00 5.700034e+01 4.990000e-01
      vertex   7.283804e+00 5.700482e+01 4.322479e-01
    endloop
  endfacet
  facet normal -1.328960e-02 -9.913573e-01 -1.305147e-01
    outer loop
      vertex   7.283804e+00 5.700482e+01 4.322479e-01
      vertex   6.962804e+00 5.700034e+01 4.990000e-01
      vertex   6.962804e+00 5.701734e+01 3.698493e-01
    endloop
  endfacet
  facet normal -1.000000e+00 -6.164077e-14 2.947223e-13
    outer loop
      vertex   7.283804e+00 9.255742e+01 2.993973e+00
      vertex   7.283804e+00 9.218891e+01 2.922927e+00
      vertex   7.283804e+00 9.255742e+01 3.000000e+00
    endloop
  endfacet
  facet normal -1.000000e+00 -0.000000e+00 0.000000e+00
    outer loop
      vertex   7.283804e+00 9.255742e+01 3.000000e+00
      vertex   7.283804e+00 9.218891e+01 2.922927e+00
      vertex   7.283804e+00 9.110000e+01 3.000000e+00
    endloop
  endfacet
  facet normal -1.000000e+00 0.000000e+00 0.000000e+00
    outer loop
      vertex   7.283804e+00 9.110000e+01 3.000000e+00
      vertex   7.283804e+00 9.218891e+01 2.922927e+00
      vertex   7.283804e+00 9.184403e+01 2.774941e+00
    endloop
  endfacet
  facet normal -1.000000e+00 0.000000e+00 0.000000e+00
    outer loop
      vertex   7.283804e+00 9.110000e+01 3.000000e+00
      vertex   7.283804e+00 9.184403e+01 2.774941e+00
      vertex   7.283804e+00 9.153863e+01 2.556821e+00
    endloop
  endfacet
  facet normal -1.000000e+00 -0.000000e+00 0.000000e+00
    outer loop
      vertex   7.283804e+00 9.153863e+01 2.556821e+00
      vertex   7.283804e+00 9.128675e+01 2.278600e+00
      vertex   7.283804e+00 9.110000e+01 3.000000e+00
    endloop
  endfacet
  facet normal -1.000000e+00 0.000000e+00 0.000000e+00
    outer loop
      vertex   7.283804e+00 9.110000e+01 3.000000e+00
      vertex   7.283804e+00 9.128675e+01 2.278600e+00
      vertex   7.283804e+00 9.110000e+01 1.953072e+00
    endloop
  endfacet
  facet normal -1.000000e+00 0.000000e+00 -2.709916e-15
    outer loop
      vertex   7.283804e+00 5.873206e+01 1.500000e+00
      vertex   7.283804e+00 9.097051e+01 1.500000e+00
      vertex   7.283804e+00 5.874827e+01 1.172249e+00
    endloop
  endfacet
  facet normal -1.000000e+00 -9.855018e-23 -2.709906e-15
    outer loop
      vertex   7.283804e+00 5.874827e+01 1.172249e+00
      vertex   7.283804e+00 9.097051e+01 1.500000e+00
      vertex   7.283804e+00 9.095429e+01 1.172248e+00
    endloop
  endfacet
  facet normal -1.000000e+00 0.000000e+00 0.000000e+00
    outer loop
      vertex   7.283804e+00 5.874827e+01 1.172249e+00
      vertex   7.283804e+00 9.095429e+01 1.172248e+00
      vertex   7.283804e+00 9.099955e+01 8.472300e-01
    endloop
  endfacet
  facet normal -1.000000e+00 0.000000e+00 -0.000000e+00
    outer loop
      vertex   7.283804e+00 5.874827e+01 1.172249e+00
      vertex   7.283804e+00 9.099955e+01 8.472300e-01
      vertex   7.283804e+00 5.870301e+01 8.472322e-01
    endloop
  endfacet
  facet normal -1.000000e+00 0.000000e+00 0.000000e+00
    outer loop
      vertex   7.283804e+00 5.870301e+01 8.472322e-01
      vertex   7.283804e+00 9.099955e+01 8.472300e-01
      vertex   7.283804e+00 9.110469e+01 5.363762e-01
    endloop
  endfacet
  facet normal -1.000000e+00 0.000000e+00 -0.000000e+00
    outer loop
      vertex   7.283804e+00 5.870301e+01 8.472322e-01
      vertex   7.283804e+00 9.110469e+01 5.363762e-01
      vertex   7.283804e+00 5.859788e+01 5.363788e-01
    endloop
  endfacet
  facet normal -1.000000e+00 0.000000e+00 -0.000000e+00
    outer loop
      vertex   7.283804e+00 5.859788e+01 5.363788e-01
      vertex   7.283804e+00 9.110469e+01 5.363762e-01
      vertex   7.283804e+00 5.843655e+01 2.506188e-01
    endloop
  endfacet
  facet normal -1.000000e+00 0.000000e+00 0.000000e+00
    outer loop
      vertex   7.283804e+00 5.843655e+01 2.506188e-01
      vertex   7.283804e+00 9.110469e+01 5.363762e-01
      vertex   7.283804e+00 9.126602e+01 2.506168e-01
    endloop
  endfacet
  facet normal -1.000000e+00 0.000000e+00 -0.000000e+00
    outer loop
      vertex   7.283804e+00 5.843655e+01 2.506188e-01
      vertex   7.283804e+00 9.126602e+01 2.506168e-01
      vertex   7.283804e+00 5.822472e+01 0.000000e+00
    endloop
  endfacet
  facet normal -1.000000e+00 0.000000e+00 0.000000e+00
    outer loop
      vertex   7.283804e+00 5.822472e+01 0.000000e+00
      vertex   7.283804e+00 9.126602e+01 2.506168e-01
      vertex   7.283804e+00 9.147786e+01 1.304512e-14
    endloop
  endfacet
  facet normal -6.494968e-17 -7.723828e-01 -6.351573e-01
    outer loop
      vertex   4.496271e+01 9.677525e+01 -2.220446e-15
      vertex   2.996275e+01 9.653692e+01 2.898146e-01
      vertex   6.962804e+00 9.677525e+01 1.665335e-15
    endloop
  endfacet
  facet normal -2.472123e-06 -7.724791e-01 -6.350402e-01
    outer loop
      vertex   6.962804e+00 9.677525e+01 1.665335e-15
      vertex   2.996275e+01 9.653692e+01 2.898146e-01
      vertex   2.196277e+01 9.653682e+01 2.899690e-01
    endloop
  endfacet
  facet normal -2.474542e-06 -7.724792e-01 -6.350401e-01
    outer loop
      vertex   6.962804e+00 9.677525e+01 1.665335e-15
      vertex   2.196277e+01 9.653682e+01 2.899690e-01
      vertex   1.396278e+01 9.653672e+01 2.901234e-01
    endloop
  endfacet
  facet normal 2.474389e-06 -8.901014e-01 -4.557625e-01
    outer loop
      vertex   1.396278e+01 9.653672e+01 2.901234e-01
      vertex   2.196277e+01 9.653682e+01 2.899690e-01
      vertex   2.196277e+01 9.636573e+01 6.241176e-01
    endloop
  endfacet
  facet normal -4.948779e-06 -8.901735e-01 -4.556217e-01
    outer loop
      vertex   1.396278e+01 9.653672e+01 2.901234e-01
      vertex   2.196277e+01 9.636573e+01 6.241176e-01
      vertex   1.396278e+01 9.636560e+01 6.244624e-01
    endloop
  endfacet
  facet normal 4.946358e-06 -9.668261e-01 -2.554355e-01
    outer loop
      vertex   1.396278e+01 9.636560e+01 6.244624e-01
      vertex   2.196277e+01 9.636573e+01 6.241176e-01
      vertex   2.196277e+01 9.626984e+01 9.870690e-01
    endloop
  endfacet
  facet normal -7.419537e-06 -9.668935e-01 -2.551804e-01
    outer loop
      vertex   1.396278e+01 9.636560e+01 6.244624e-01
      vertex   2.196277e+01 9.626984e+01 9.870690e-01
      vertex   1.396278e+01 9.626975e+01 9.876166e-01
    endloop
  endfacet
  facet normal 7.415905e-06 -9.990598e-01 -4.335386e-02
    outer loop
      vertex   1.396278e+01 9.626975e+01 9.876166e-01
      vertex   2.196277e+01 9.626984e+01 9.870690e-01
      vertex   2.196277e+01 9.625356e+01 1.362121e+00
    endloop
  endfacet
  facet normal -9.887873e-06 -9.990757e-01 -4.298492e-02
    outer loop
      vertex   1.396278e+01 9.626975e+01 9.876166e-01
      vertex   2.196277e+01 9.625356e+01 1.362121e+00
      vertex   1.396278e+01 9.625361e+01 1.362858e+00
    endloop
  endfacet
  facet normal 9.928493e-06 -9.852344e-01 1.712108e-01
    outer loop
      vertex   1.396278e+01 9.625361e+01 1.362858e+00
      vertex   2.196277e+01 9.625356e+01 1.362121e+00
      vertex   2.196277e+01 9.631813e+01 1.733681e+00
    endloop
  endfacet
  facet normal 1.778404e-08 -9.851983e-01 1.714183e-01
    outer loop
      vertex   1.396278e+01 9.625361e+01 1.362858e+00
      vertex   2.196277e+01 9.631813e+01 1.733681e+00
      vertex   1.396278e+01 9.631813e+01 1.733680e+00
    endloop
  endfacet
  facet normal -1.775351e-08 -9.258254e-01 3.779514e-01
    outer loop
      vertex   1.396278e+01 9.631813e+01 1.733680e+00
      vertex   2.196277e+01 9.631813e+01 1.733681e+00
      vertex   1.396278e+01 9.646014e+01 2.081558e+00
    endloop
  endfacet
  facet normal 2.130421e-08 -9.258254e-01 3.779514e-01
    outer loop
      vertex   1.396278e+01 9.631813e+01 1.733680e+00
      vertex   1.396278e+01 9.646014e+01 2.081558e+00
      vertex   6.962804e+00 9.646014e+01 2.081557e+00
    endloop
  endfacet
  facet normal -2.130420e-08 -8.238022e-01 5.668773e-01
    outer loop
      vertex   6.962804e+00 9.646014e+01 2.081557e+00
      vertex   1.396278e+01 9.646014e+01 2.081558e+00
      vertex   6.962804e+00 9.667315e+01 2.391100e+00
    endloop
  endfacet
  facet normal 2.485490e-08 -8.238017e-01 5.668781e-01
    outer loop
      vertex   6.962804e+00 9.667315e+01 2.391100e+00
      vertex   1.396278e+01 9.646014e+01 2.081558e+00
      vertex   1.396278e+01 9.667315e+01 2.391101e+00
    endloop
  endfacet
  facet normal -2.485488e-08 -6.837998e-01 7.296697e-01
    outer loop
      vertex   6.962804e+00 9.667315e+01 2.391100e+00
      vertex   1.396278e+01 9.667315e+01 2.391101e+00
      vertex   6.962804e+00 9.694732e+01 2.648037e+00
    endloop
  endfacet
  facet normal 2.840558e-08 -6.837990e-01 7.296704e-01
    outer loop
      vertex   6.962804e+00 9.694732e+01 2.648037e+00
      vertex   1.396278e+01 9.667315e+01 2.391101e+00
      vertex   1.396278e+01 9.694732e+01 2.648038e+00
    endloop
  endfacet
  facet normal -2.840556e-08 -5.122727e-01 8.588228e-01
    outer loop
      vertex   6.962804e+00 9.694732e+01 2.648037e+00
      vertex   1.396278e+01 9.694732e+01 2.648038e+00
      vertex   6.962804e+00 9.727002e+01 2.840523e+00
    endloop
  endfacet
  facet normal 3.195626e-08 -5.122718e-01 8.588234e-01
    outer loop
      vertex   6.962804e+00 9.727002e+01 2.840523e+00
      vertex   1.396278e+01 9.694732e+01 2.648038e+00
      vertex   1.396278e+01 9.727002e+01 2.840524e+00
    endloop
  endfacet
  facet normal -3.195624e-08 -3.171289e-01 9.483824e-01
    outer loop
      vertex   6.962804e+00 9.727002e+01 2.840523e+00
      vertex   1.396278e+01 9.727002e+01 2.840524e+00
      vertex   6.962804e+00 9.762638e+01 2.959684e+00
    endloop
  endfacet
  facet normal 3.550693e-08 -3.171277e-01 9.483828e-01
    outer loop
      vertex   6.962804e+00 9.762638e+01 2.959684e+00
      vertex   1.396278e+01 9.727002e+01 2.840524e+00
      vertex   1.396278e+01 9.762638e+01 2.959685e+00
    endloop
  endfacet
  facet normal -3.550691e-08 -1.073648e-01 9.942197e-01
    outer loop
      vertex   6.962804e+00 9.762638e+01 2.959684e+00
      vertex   1.396278e+01 9.762638e+01 2.959685e+00
      vertex   6.962804e+00 9.799995e+01 3.000027e+00
    endloop
  endfacet
  facet normal 5.762717e-03 -5.801997e-06 9.999834e-01
    outer loop
      vertex   6.962804e+00 9.799995e+01 3.000027e+00
      vertex   1.396278e+01 9.762638e+01 2.959685e+00
      vertex   1.396278e+01 9.837354e+01 2.959689e+00
    endloop
  endfacet
  facet normal 3.373219e-08 1.073499e-01 9.942213e-01
    outer loop
      vertex   6.962804e+00 9.799995e+01 3.000027e+00
      vertex   1.396278e+01 9.837354e+01 2.959689e+00
      vertex   5.962804e+00 9.837353e+01 2.959690e+00
    endloop
  endfacet
  facet normal -3.373177e-08 3.171160e-01 9.483868e-01
    outer loop
      vertex   5.962804e+00 9.837353e+01 2.959690e+00
      vertex   1.396278e+01 9.837354e+01 2.959689e+00
      vertex   5.962804e+00 9.872989e+01 2.840533e+00
    endloop
  endfacet
  facet normal 3.035859e-08 3.171173e-01 9.483863e-01
    outer loop
      vertex   5.962804e+00 9.872989e+01 2.840533e+00
      vertex   1.396278e+01 9.837354e+01 2.959689e+00
      vertex   1.396278e+01 9.872989e+01 2.840532e+00
    endloop
  endfacet
  facet normal -3.035861e-08 5.122623e-01 8.588291e-01
    outer loop
      vertex   5.962804e+00 9.872989e+01 2.840533e+00
      vertex   1.396278e+01 9.872989e+01 2.840532e+00
      vertex   5.962804e+00 9.905260e+01 2.648049e+00
    endloop
  endfacet
  facet normal 2.698543e-08 5.122633e-01 8.588284e-01
    outer loop
      vertex   5.962804e+00 9.905260e+01 2.648049e+00
      vertex   1.396278e+01 9.872989e+01 2.840532e+00
      vertex   1.396278e+01 9.905260e+01 2.648048e+00
    endloop
  endfacet
  facet normal -2.698544e-08 6.837919e-01 7.296771e-01
    outer loop
      vertex   5.962804e+00 9.905260e+01 2.648049e+00
      vertex   1.396278e+01 9.905260e+01 2.648048e+00
      vertex   5.962804e+00 9.932677e+01 2.391113e+00
    endloop
  endfacet
  facet normal 2.361227e-08 6.837927e-01 7.296763e-01
    outer loop
      vertex   5.962804e+00 9.932677e+01 2.391113e+00
      vertex   1.396278e+01 9.905260e+01 2.648048e+00
      vertex   1.396278e+01 9.932678e+01 2.391112e+00
    endloop
  endfacet
  facet normal -2.361228e-08 8.237969e-01 5.668850e-01
    outer loop
      vertex   5.962804e+00 9.932677e+01 2.391113e+00
      vertex   1.396278e+01 9.932678e+01 2.391112e+00
      vertex   5.962804e+00 9.953978e+01 2.081570e+00
    endloop
  endfacet
  facet normal 2.023910e-08 8.237974e-01 5.668843e-01
    outer loop
      vertex   5.962804e+00 9.953978e+01 2.081570e+00
      vertex   1.396278e+01 9.932678e+01 2.391112e+00
      vertex   1.396278e+01 9.953978e+01 2.081569e+00
    endloop
  endfacet
  facet normal -2.023911e-08 9.258227e-01 3.779581e-01
    outer loop
      vertex   5.962804e+00 9.953978e+01 2.081570e+00
      vertex   1.396278e+01 9.953978e+01 2.081569e+00
      vertex   5.962804e+00 9.968180e+01 1.733691e+00
    endloop
  endfacet
  facet normal 1.686593e-08 9.258230e-01 3.779574e-01
    outer loop
      vertex   5.962804e+00 9.968180e+01 1.733691e+00
      vertex   1.396278e+01 9.953978e+01 2.081569e+00
      vertex   1.396278e+01 9.968180e+01 1.733690e+00
    endloop
  endfacet
  facet normal -1.686594e-08 9.851656e-01 1.716063e-01
    outer loop
      vertex   5.962804e+00 9.968180e+01 1.733691e+00
      vertex   1.396278e+01 9.968180e+01 1.733690e+00
      vertex   5.962804e+00 9.974628e+01 1.363513e+00
    endloop
  endfacet
  facet normal 9.442922e-06 9.852002e-01 1.714078e-01
    outer loop
      vertex   5.962804e+00 9.974628e+01 1.363513e+00
      vertex   1.396278e+01 9.968180e+01 1.733690e+00
      vertex   1.396278e+01 9.974633e+01 1.362811e+00
    endloop
  endfacet
  facet normal -9.425371e-06 9.990898e-01 -4.265706e-02
    outer loop
      vertex   5.962804e+00 9.974628e+01 1.363513e+00
      vertex   1.396278e+01 9.974633e+01 1.362811e+00
      vertex   5.962804e+00 9.973025e+01 9.881033e-01
    endloop
  endfacet
  facet normal 7.069029e-06 9.990747e-01 -4.300857e-02
    outer loop
      vertex   5.962804e+00 9.973025e+01 9.881033e-01
      vertex   1.396278e+01 9.974633e+01 1.362811e+00
      vertex   1.396278e+01 9.973018e+01 9.875815e-01
    endloop
  endfacet
  facet normal -7.072325e-06 9.669532e-01 -2.549538e-01
    outer loop
      vertex   5.962804e+00 9.973025e+01 9.881033e-01
      vertex   1.396278e+01 9.973018e+01 9.875815e-01
      vertex   5.962804e+00 9.963445e+01 6.247689e-01
    endloop
  endfacet
  facet normal 4.714883e-06 9.668891e-01 -2.551968e-01
    outer loop
      vertex   5.962804e+00 9.963445e+01 6.247689e-01
      vertex   1.396278e+01 9.973018e+01 9.875815e-01
      vertex   1.396278e+01 9.963433e+01 6.244403e-01
    endloop
  endfacet
  facet normal -4.717081e-06 8.902376e-01 -4.554965e-01
    outer loop
      vertex   5.962804e+00 9.963445e+01 6.247689e-01
      vertex   1.396278e+01 9.963433e+01 6.244403e-01
      vertex   5.962804e+00 9.946330e+01 2.902606e-01
    endloop
  endfacet
  facet normal 2.358541e-06 8.901689e-01 -4.556307e-01
    outer loop
      vertex   5.962804e+00 9.946330e+01 2.902606e-01
      vertex   1.396278e+01 9.963433e+01 6.244403e-01
      vertex   1.396278e+01 9.946320e+01 2.901135e-01
    endloop
  endfacet
  facet normal -2.359639e-06 7.724796e-01 -6.350395e-01
    outer loop
      vertex   5.962804e+00 9.946330e+01 2.902606e-01
      vertex   1.396278e+01 9.946320e+01 2.901135e-01
      vertex   5.962804e+00 9.922468e+01 1.665335e-15
    endloop
  endfacet
  facet normal -2.357443e-06 7.724796e-01 -6.350396e-01
    outer loop
      vertex   5.962804e+00 9.922468e+01 1.665335e-15
      vertex   1.396278e+01 9.946320e+01 2.901135e-01
      vertex   2.196277e+01 9.946311e+01 2.899664e-01
    endloop
  endfacet
  facet normal -2.355247e-06 7.724795e-01 -6.350396e-01
    outer loop
      vertex   5.962804e+00 9.922468e+01 1.665335e-15
      vertex   2.196277e+01 9.946311e+01 2.899664e-01
      vertex   2.996275e+01 9.946301e+01 2.898193e-01
    endloop
  endfacet
  facet normal 2.356343e-06 8.900315e-01 -4.558991e-01
    outer loop
      vertex   2.996275e+01 9.946301e+01 2.898193e-01
      vertex   2.196277e+01 9.946311e+01 2.899664e-01
      vertex   2.996275e+01 9.963408e+01 6.237832e-01
    endloop
  endfacet
  facet normal -4.710488e-06 8.900315e-01 -4.558991e-01
    outer loop
      vertex   2.996275e+01 9.946301e+01 2.898193e-01
      vertex   2.996275e+01 9.963408e+01 6.237832e-01
      vertex   3.796273e+01 9.963395e+01 6.234547e-01
    endloop
  endfacet
  facet normal 4.708290e-06 9.666965e-01 -2.559257e-01
    outer loop
      vertex   3.796273e+01 9.963395e+01 6.234547e-01
      vertex   2.996275e+01 9.963408e+01 6.237832e-01
      vertex   3.796273e+01 9.972994e+01 9.860163e-01
    endloop
  endfacet
  facet normal -7.059139e-06 9.666965e-01 -2.559257e-01
    outer loop
      vertex   3.796273e+01 9.963395e+01 6.234547e-01
      vertex   3.796273e+01 9.972994e+01 9.860163e-01
      vertex   4.596271e+01 9.972986e+01 9.854946e-01
    endloop
  endfacet
  facet normal 7.055842e-06 9.990132e-01 -4.441455e-02
    outer loop
      vertex   4.596271e+01 9.972986e+01 9.854946e-01
      vertex   3.796273e+01 9.972994e+01 9.860163e-01
      vertex   4.596271e+01 9.974651e+01 1.360002e+00
    endloop
  endfacet
  facet normal -9.407789e-06 9.990288e-01 -4.406306e-02
    outer loop
      vertex   4.596271e+01 9.974651e+01 1.360002e+00
      vertex   3.796273e+01 9.972994e+01 9.860163e-01
      vertex   3.796273e+01 9.974646e+01 1.360704e+00
    endloop
  endfacet
  facet normal 9.403394e-06 9.855512e-01 1.693776e-01
    outer loop
      vertex   4.596271e+01 9.974651e+01 1.360002e+00
      vertex   3.796273e+01 9.974646e+01 1.360704e+00
      vertex   4.596271e+01 9.968301e+01 1.729463e+00
    endloop
  endfacet
  facet normal -5.870401e-05 9.853035e-01 1.708125e-01
    outer loop
      vertex   4.596271e+01 9.968301e+01 1.729463e+00
      vertex   3.796273e+01 9.974646e+01 1.360704e+00
      vertex   3.796273e+01 9.968180e+01 1.733686e+00
    endloop
  endfacet
  facet normal 5.812851e-05 9.268640e-01 3.753973e-01
    outer loop
      vertex   4.596271e+01 9.968301e+01 1.729463e+00
      vertex   3.796273e+01 9.968180e+01 1.733686e+00
      vertex   4.596271e+01 9.954228e+01 2.076923e+00
    endloop
  endfacet
  facet normal -6.975420e-05 9.258239e-01 3.779552e-01
    outer loop
      vertex   4.596271e+01 9.954228e+01 2.076923e+00
      vertex   3.796273e+01 9.968180e+01 1.733686e+00
      vertex   3.796273e+01 9.953979e+01 2.081565e+00
    endloop
  endfacet
  facet normal 6.958972e-05 8.256445e-01 5.641907e-01
    outer loop
      vertex   4.596271e+01 9.954228e+01 2.076923e+00
      vertex   3.796273e+01 9.953979e+01 2.081565e+00
      vertex   4.596271e+01 9.933078e+01 2.386438e+00
    endloop
  endfacet
  facet normal -8.118800e-05 8.237990e-01 5.668820e-01
    outer loop
      vertex   4.596271e+01 9.933078e+01 2.386438e+00
      vertex   3.796273e+01 9.953979e+01 2.081565e+00
      vertex   3.796273e+01 9.932678e+01 2.391108e+00
    endloop
  endfacet
  facet normal 8.099611e-05 6.865376e-01 7.270943e-01
    outer loop
      vertex   4.596271e+01 9.933078e+01 2.386438e+00
      vertex   3.796273e+01 9.932678e+01 2.391108e+00
      vertex   4.596271e+01 9.905821e+01 2.643806e+00
    endloop
  endfacet
  facet normal -9.256696e-05 6.837950e-01 7.296741e-01
    outer loop
      vertex   4.596271e+01 9.905821e+01 2.643806e+00
      vertex   3.796273e+01 9.932678e+01 2.391108e+00
      vertex   3.796273e+01 9.905260e+01 2.648045e+00
    endloop
  endfacet
  facet normal 9.234765e-05 5.159267e-01 8.566327e-01
    outer loop
      vertex   4.596271e+01 9.905821e+01 2.643806e+00
      vertex   3.796273e+01 9.905260e+01 2.648045e+00
      vertex   4.596271e+01 9.873708e+01 2.837215e+00
    endloop
  endfacet
  facet normal -1.038911e-04 5.122664e-01 8.588266e-01
    outer loop
      vertex   4.596271e+01 9.873708e+01 2.837215e+00
      vertex   3.796273e+01 9.905260e+01 2.648045e+00
      vertex   3.796273e+01 9.872990e+01 2.840529e+00
    endloop
  endfacet
  facet normal 1.036443e-04 3.216407e-01 9.468618e-01
    outer loop
      vertex   4.596271e+01 9.873708e+01 2.837215e+00
      vertex   3.796273e+01 9.872990e+01 2.840529e+00
      vertex   4.596271e+01 9.838212e+01 2.957791e+00
    endloop
  endfacet
  facet normal -1.151604e-04 3.171211e-01 9.483850e-01
    outer loop
      vertex   4.596271e+01 9.838212e+01 2.957791e+00
      vertex   3.796273e+01 9.872990e+01 2.840529e+00
      vertex   3.796273e+01 9.837354e+01 2.959688e+00
    endloop
  endfacet
  facet normal 1.148862e-04 1.125952e-01 9.936409e-01
    outer loop
      vertex   4.596271e+01 9.838212e+01 2.957791e+00
      vertex   3.796273e+01 9.837354e+01 2.959688e+00
      vertex   4.596271e+01 9.800963e+01 3.000000e+00
    endloop
  endfacet
  facet normal 1.324168e-15 1.101006e-01 9.939204e-01
    outer loop
      vertex   4.596271e+01 9.800963e+01 3.000000e+00
      vertex   3.796273e+01 9.837354e+01 2.959688e+00
      vertex   4.496271e+01 9.800963e+01 3.000000e+00
    endloop
  endfacet
  facet normal -5.567452e-03 3.680514e-03 9.999777e-01
    outer loop
      vertex   4.496271e+01 9.800963e+01 3.000000e+00
      vertex   3.796273e+01 9.837354e+01 2.959688e+00
      vertex   4.496271e+01 9.800319e+01 3.000024e+00
    endloop
  endfacet
  facet normal -5.762214e-03 6.894599e-14 9.999834e-01
    outer loop
      vertex   4.496271e+01 9.800319e+01 3.000024e+00
      vertex   3.796273e+01 9.837354e+01 2.959688e+00
      vertex   4.496271e+01 9.799675e+01 3.000024e+00
    endloop
  endfacet
  facet normal -5.762288e-03 -1.379628e-06 9.999834e-01
    outer loop
      vertex   4.496271e+01 9.799675e+01 3.000024e+00
      vertex   3.796273e+01 9.837354e+01 2.959688e+00
      vertex   3.796273e+01 9.762639e+01 2.959687e+00
    endloop
  endfacet
  facet normal -5.567597e-03 -3.680514e-03 9.999777e-01
    outer loop
      vertex   4.496271e+01 9.799675e+01 3.000024e+00
      vertex   3.796273e+01 9.762639e+01 2.959687e+00
      vertex   4.496271e+01 9.799030e+01 3.000000e+00
    endloop
  endfacet
  facet normal 1.312281e-04 -1.125952e-01 9.936409e-01
    outer loop
      vertex   4.496271e+01 9.799030e+01 3.000000e+00
      vertex   3.796273e+01 9.762639e+01 2.959687e+00
      vertex   4.496271e+01 9.761781e+01 2.957791e+00
    endloop
  endfacet
  facet normal -1.315411e-04 -3.171236e-01 9.483842e-01
    outer loop
      vertex   4.496271e+01 9.761781e+01 2.957791e+00
      vertex   3.796273e+01 9.762639e+01 2.959687e+00
      vertex   3.796273e+01 9.727003e+01 2.840527e+00
    endloop
  endfacet
  facet normal 1.183870e-04 -3.216407e-01 9.468618e-01
    outer loop
      vertex   4.496271e+01 9.761781e+01 2.957791e+00
      vertex   3.796273e+01 9.727003e+01 2.840527e+00
      vertex   4.496271e+01 9.726285e+01 2.837215e+00
    endloop
  endfacet
  facet normal -1.186687e-04 -5.122685e-01 8.588254e-01
    outer loop
      vertex   4.496271e+01 9.726285e+01 2.837215e+00
      vertex   3.796273e+01 9.727003e+01 2.840527e+00
      vertex   3.796273e+01 9.694733e+01 2.648042e+00
    endloop
  endfacet
  facet normal 1.054833e-04 -5.159267e-01 8.566327e-01
    outer loop
      vertex   4.496271e+01 9.726285e+01 2.837215e+00
      vertex   3.796273e+01 9.694733e+01 2.648042e+00
      vertex   4.496271e+01 9.694172e+01 2.643806e+00
    endloop
  endfacet
  facet normal -1.057337e-04 -6.837965e-01 7.296727e-01
    outer loop
      vertex   4.496271e+01 9.694172e+01 2.643806e+00
      vertex   3.796273e+01 9.694733e+01 2.648042e+00
      vertex   3.796273e+01 9.667315e+01 2.391105e+00
    endloop
  endfacet
  facet normal 9.251698e-05 -6.865376e-01 7.270943e-01
    outer loop
      vertex   4.496271e+01 9.694172e+01 2.643806e+00
      vertex   3.796273e+01 9.667315e+01 2.391105e+00
      vertex   4.496271e+01 9.666915e+01 2.386438e+00
    endloop
  endfacet
  facet normal -9.273604e-05 -8.238000e-01 5.668805e-01
    outer loop
      vertex   4.496271e+01 9.666915e+01 2.386438e+00
      vertex   3.796273e+01 9.667315e+01 2.391105e+00
      vertex   3.796273e+01 9.646015e+01 2.081562e+00
    endloop
  endfacet
  facet normal 7.948805e-05 -8.256445e-01 5.641907e-01
    outer loop
      vertex   4.496271e+01 9.666915e+01 2.386438e+00
      vertex   3.796273e+01 9.646015e+01 2.081562e+00
      vertex   4.496271e+01 9.645765e+01 2.076923e+00
    endloop
  endfacet
  facet normal -7.967582e-05 -9.258245e-01 3.779538e-01
    outer loop
      vertex   4.496271e+01 9.645765e+01 2.076923e+00
      vertex   3.796273e+01 9.646015e+01 2.081562e+00
      vertex   3.796273e+01 9.631813e+01 1.733684e+00
    endloop
  endfacet
  facet normal 6.639652e-05 -9.268640e-01 3.753973e-01
    outer loop
      vertex   4.496271e+01 9.645765e+01 2.076923e+00
      vertex   3.796273e+01 9.631813e+01 1.733684e+00
      vertex   4.496271e+01 9.631692e+01 1.729463e+00
    endloop
  endfacet
  facet normal -6.706368e-05 -9.853065e-01 1.707957e-01
    outer loop
      vertex   4.496271e+01 9.631692e+01 1.729463e+00
      vertex   3.796273e+01 9.631813e+01 1.733684e+00
      vertex   3.796273e+01 9.625347e+01 1.360647e+00
    endloop
  endfacet
  facet normal 9.871529e-06 -9.855512e-01 1.693776e-01
    outer loop
      vertex   4.496271e+01 9.631692e+01 1.729463e+00
      vertex   3.796273e+01 9.625347e+01 1.360647e+00
      vertex   4.496271e+01 9.625343e+01 1.360002e+00
    endloop
  endfacet
  facet normal -9.875766e-06 -9.990275e-01 -4.409174e-02
    outer loop
      vertex   4.496271e+01 9.625343e+01 1.360002e+00
      vertex   3.796273e+01 9.625347e+01 1.360647e+00
      vertex   3.796273e+01 9.627000e+01 9.859737e-01
    endloop
  endfacet
  facet normal 7.406825e-06 -9.990132e-01 -4.441455e-02
    outer loop
      vertex   4.496271e+01 9.625343e+01 1.360002e+00
      vertex   3.796273e+01 9.627000e+01 9.859737e-01
      vertex   4.496271e+01 9.627008e+01 9.854946e-01
    endloop
  endfacet
  facet normal -7.410003e-06 -9.666912e-01 -2.559455e-01
    outer loop
      vertex   4.496271e+01 9.627008e+01 9.854946e-01
      vertex   3.796273e+01 9.627000e+01 9.859737e-01
      vertex   3.796273e+01 9.636599e+01 6.234279e-01
    endloop
  endfacet
  facet normal 4.940002e-06 -9.666321e-01 -2.561686e-01
    outer loop
      vertex   4.496271e+01 9.627008e+01 9.854946e-01
      vertex   3.796273e+01 9.636599e+01 6.234279e-01
      vertex   4.496271e+01 9.636611e+01 6.231262e-01
    endloop
  endfacet
  facet normal -4.942121e-06 -8.899571e-01 -4.560443e-01
    outer loop
      vertex   4.496271e+01 9.636611e+01 6.231262e-01
      vertex   3.796273e+01 9.636599e+01 6.234279e-01
      vertex   3.796273e+01 9.653703e+01 2.896603e-01
    endloop
  endfacet
  facet normal 2.471060e-06 -8.898939e-01 -4.561675e-01
    outer loop
      vertex   4.496271e+01 9.636611e+01 6.231262e-01
      vertex   3.796273e+01 9.653703e+01 2.896603e-01
      vertex   4.496271e+01 9.653711e+01 2.895252e-01
    endloop
  endfacet
  facet normal -2.473179e-06 -7.723200e-01 -6.352336e-01
    outer loop
      vertex   4.496271e+01 9.653711e+01 2.895252e-01
      vertex   3.796273e+01 9.653703e+01 2.896603e-01
      vertex   4.496271e+01 9.677525e+01 -2.220446e-15
    endloop
  endfacet
  facet normal -2.475450e-06 -7.723200e-01 -6.352337e-01
    outer loop
      vertex   4.496271e+01 9.677525e+01 -2.220446e-15
      vertex   3.796273e+01 9.653703e+01 2.896603e-01
      vertex   2.996275e+01 9.653692e+01 2.898146e-01
    endloop
  endfacet
  facet normal 4.706092e-06 9.666321e-01 -2.561686e-01
    outer loop
      vertex   4.596271e+01 9.972986e+01 9.854946e-01
      vertex   4.596271e+01 9.963383e+01 6.231262e-01
      vertex   3.796273e+01 9.963395e+01 6.234547e-01
    endloop
  endfacet
  facet normal -4.708290e-06 8.899627e-01 -4.560333e-01
    outer loop
      vertex   3.796273e+01 9.963395e+01 6.234547e-01
      vertex   4.596271e+01 9.963383e+01 6.231262e-01
      vertex   3.796273e+01 9.946292e+01 2.896723e-01
    endloop
  endfacet
  facet normal 2.355244e-06 8.899627e-01 -4.560333e-01
    outer loop
      vertex   3.796273e+01 9.963395e+01 6.234547e-01
      vertex   3.796273e+01 9.946292e+01 2.896723e-01
      vertex   2.996275e+01 9.946301e+01 2.898193e-01
    endloop
  endfacet
  facet normal -2.353052e-06 7.724795e-01 -6.350398e-01
    outer loop
      vertex   2.996275e+01 9.946301e+01 2.898193e-01
      vertex   3.796273e+01 9.946292e+01 2.896723e-01
      vertex   5.962804e+00 9.922468e+01 1.665335e-15
    endloop
  endfacet
  facet normal 2.354145e-06 8.898939e-01 -4.561675e-01
    outer loop
      vertex   4.596271e+01 9.963383e+01 6.231262e-01
      vertex   4.596271e+01 9.946282e+01 2.895252e-01
      vertex   3.796273e+01 9.946292e+01 2.896723e-01
    endloop
  endfacet
  facet normal -2.350859e-06 7.724793e-01 -6.350399e-01
    outer loop
      vertex   3.796273e+01 9.946292e+01 2.896723e-01
      vertex   4.596271e+01 9.946282e+01 2.895252e-01
      vertex   5.962804e+00 9.922468e+01 1.665335e-15
    endloop
  endfacet
  facet normal -7.926981e-17 7.723200e-01 -6.352336e-01
    outer loop
      vertex   4.596271e+01 9.946282e+01 2.895252e-01
      vertex   4.596271e+01 9.922468e+01 -3.330669e-15
      vertex   5.962804e+00 9.922468e+01 1.665335e-15
    endloop
  endfacet
  facet normal 8.812656e-16 1.073498e-01 9.942213e-01
    outer loop
      vertex   5.962804e+00 9.837353e+01 2.959690e+00
      vertex   5.962804e+00 9.799995e+01 3.000027e+00
      vertex   6.962804e+00 9.799995e+01 3.000027e+00
    endloop
  endfacet
  facet normal -1.775351e-08 -9.258257e-01 3.779508e-01
    outer loop
      vertex   6.962804e+00 9.646014e+01 2.081557e+00
      vertex   6.962804e+00 9.631813e+01 1.733679e+00
      vertex   1.396278e+01 9.631813e+01 1.733680e+00
    endloop
  endfacet
  facet normal 1.775362e-08 -9.851667e-01 1.715999e-01
    outer loop
      vertex   1.396278e+01 9.631813e+01 1.733680e+00
      vertex   6.962804e+00 9.631813e+01 1.733679e+00
      vertex   6.962804e+00 9.625365e+01 1.363503e+00
    endloop
  endfacet
  facet normal 9.911510e-06 -9.851983e-01 1.714183e-01
    outer loop
      vertex   1.396278e+01 9.631813e+01 1.733680e+00
      vertex   6.962804e+00 9.625365e+01 1.363503e+00
      vertex   1.396278e+01 9.625361e+01 1.362858e+00
    endloop
  endfacet
  facet normal -9.894531e-06 -9.990896e-01 -4.266208e-02
    outer loop
      vertex   1.396278e+01 9.625361e+01 1.362858e+00
      vertex   6.962804e+00 9.625365e+01 1.363503e+00
      vertex   6.962804e+00 9.626968e+01 9.880958e-01
    endloop
  endfacet
  facet normal 7.420899e-06 -9.990757e-01 -4.298492e-02
    outer loop
      vertex   1.396278e+01 9.625361e+01 1.362858e+00
      vertex   6.962804e+00 9.626968e+01 9.880958e-01
      vertex   1.396278e+01 9.626975e+01 9.876166e-01
    endloop
  endfacet
  facet normal -7.424076e-06 -9.669523e-01 -2.549573e-01
    outer loop
      vertex   1.396278e+01 9.626975e+01 9.876166e-01
      vertex   6.962804e+00 9.626968e+01 9.880958e-01
      vertex   6.962804e+00 9.636548e+01 6.247642e-01
    endloop
  endfacet
  facet normal 4.949384e-06 -9.668935e-01 -2.551804e-01
    outer loop
      vertex   1.396278e+01 9.626975e+01 9.876166e-01
      vertex   6.962804e+00 9.636548e+01 6.247642e-01
      vertex   1.396278e+01 9.636560e+01 6.244624e-01
    endloop
  endfacet
  facet normal -4.951503e-06 -8.902366e-01 -4.554984e-01
    outer loop
      vertex   1.396278e+01 9.636560e+01 6.244624e-01
      vertex   6.962804e+00 9.636548e+01 6.247642e-01
      vertex   6.962804e+00 9.653663e+01 2.902585e-01
    endloop
  endfacet
  facet normal 2.475751e-06 -8.901735e-01 -4.556217e-01
    outer loop
      vertex   1.396278e+01 9.636560e+01 6.244624e-01
      vertex   6.962804e+00 9.653663e+01 2.902585e-01
      vertex   1.396278e+01 9.653672e+01 2.901234e-01
    endloop
  endfacet
  facet normal -2.476811e-06 -7.724792e-01 -6.350401e-01
    outer loop
      vertex   1.396278e+01 9.653672e+01 2.901234e-01
      vertex   6.962804e+00 9.653663e+01 2.902585e-01
      vertex   6.962804e+00 9.677525e+01 1.665335e-15
    endloop
  endfacet
  facet normal 2.471968e-06 -8.899571e-01 -4.560443e-01
    outer loop
      vertex   2.996275e+01 9.653692e+01 2.898146e-01
      vertex   3.796273e+01 9.653703e+01 2.896603e-01
      vertex   3.796273e+01 9.636599e+01 6.234279e-01
    endloop
  endfacet
  facet normal 2.473179e-06 -8.900293e-01 -4.559034e-01
    outer loop
      vertex   2.196277e+01 9.653682e+01 2.899690e-01
      vertex   2.996275e+01 9.653692e+01 2.898146e-01
      vertex   2.996275e+01 9.636586e+01 6.237727e-01
    endloop
  endfacet
  facet normal -4.943936e-06 -8.900293e-01 -4.559034e-01
    outer loop
      vertex   2.996275e+01 9.636586e+01 6.237727e-01
      vertex   2.996275e+01 9.653692e+01 2.898146e-01
      vertex   3.796273e+01 9.636599e+01 6.234279e-01
    endloop
  endfacet
  facet normal 4.941515e-06 -9.666912e-01 -2.559455e-01
    outer loop
      vertex   2.996275e+01 9.636586e+01 6.237727e-01
      vertex   3.796273e+01 9.636599e+01 6.234279e-01
      vertex   3.796273e+01 9.627000e+01 9.859737e-01
    endloop
  endfacet
  facet normal -4.946358e-06 -8.901014e-01 -4.557625e-01
    outer loop
      vertex   2.196277e+01 9.653682e+01 2.899690e-01
      vertex   2.996275e+01 9.636586e+01 6.237727e-01
      vertex   2.196277e+01 9.636573e+01 6.241176e-01
    endloop
  endfacet
  facet normal 4.943936e-06 -9.667587e-01 -2.556905e-01
    outer loop
      vertex   2.196277e+01 9.636573e+01 6.241176e-01
      vertex   2.996275e+01 9.636586e+01 6.237727e-01
      vertex   2.996275e+01 9.626992e+01 9.865213e-01
    endloop
  endfacet
  facet normal -7.415905e-06 -9.668261e-01 -2.554355e-01
    outer loop
      vertex   2.196277e+01 9.636573e+01 6.241176e-01
      vertex   2.996275e+01 9.626992e+01 9.865213e-01
      vertex   2.196277e+01 9.626984e+01 9.870690e-01
    endloop
  endfacet
  facet normal 7.412273e-06 -9.990437e-01 -4.372280e-02
    outer loop
      vertex   2.196277e+01 9.626984e+01 9.870690e-01
      vertex   2.996275e+01 9.626992e+01 9.865213e-01
      vertex   2.996275e+01 9.625351e+01 1.361384e+00
    endloop
  endfacet
  facet normal -9.883030e-06 -9.990598e-01 -4.335386e-02
    outer loop
      vertex   2.196277e+01 9.626984e+01 9.870690e-01
      vertex   2.996275e+01 9.625351e+01 1.361384e+00
      vertex   2.196277e+01 9.625356e+01 1.362121e+00
    endloop
  endfacet
  facet normal 9.947897e-06 -9.852705e-01 1.710032e-01
    outer loop
      vertex   2.196277e+01 9.625356e+01 1.362121e+00
      vertex   2.996275e+01 9.625351e+01 1.361384e+00
      vertex   2.996275e+01 9.631813e+01 1.733682e+00
    endloop
  endfacet
  facet normal 1.781879e-08 -9.852344e-01 1.712108e-01
    outer loop
      vertex   2.196277e+01 9.625356e+01 1.362121e+00
      vertex   2.996275e+01 9.631813e+01 1.733682e+00
      vertex   2.196277e+01 9.631813e+01 1.733681e+00
    endloop
  endfacet
  facet normal -1.775353e-08 -9.258251e-01 3.779522e-01
    outer loop
      vertex   2.196277e+01 9.631813e+01 1.733681e+00
      vertex   2.996275e+01 9.631813e+01 1.733682e+00
      vertex   2.196277e+01 9.646014e+01 2.081560e+00
    endloop
  endfacet
  facet normal 2.130421e-08 -9.258251e-01 3.779522e-01
    outer loop
      vertex   2.196277e+01 9.631813e+01 1.733681e+00
      vertex   2.196277e+01 9.646014e+01 2.081560e+00
      vertex   1.396278e+01 9.646014e+01 2.081558e+00
    endloop
  endfacet
  facet normal -2.130420e-08 -8.238017e-01 5.668781e-01
    outer loop
      vertex   1.396278e+01 9.646014e+01 2.081558e+00
      vertex   2.196277e+01 9.646014e+01 2.081560e+00
      vertex   1.396278e+01 9.667315e+01 2.391101e+00
    endloop
  endfacet
  facet normal -7.412273e-06 -9.667587e-01 -2.556905e-01
    outer loop
      vertex   2.996275e+01 9.626992e+01 9.865213e-01
      vertex   2.996275e+01 9.636586e+01 6.237727e-01
      vertex   3.796273e+01 9.627000e+01 9.859737e-01
    endloop
  endfacet
  facet normal -9.878188e-06 -9.990437e-01 -4.372280e-02
    outer loop
      vertex   2.996275e+01 9.625351e+01 1.361384e+00
      vertex   2.996275e+01 9.626992e+01 9.865213e-01
      vertex   3.796273e+01 9.625347e+01 1.360647e+00
    endloop
  endfacet
  facet normal 7.408641e-06 -9.990275e-01 -4.409174e-02
    outer loop
      vertex   3.796273e+01 9.625347e+01 1.360647e+00
      vertex   2.996275e+01 9.626992e+01 9.865213e-01
      vertex   3.796273e+01 9.627000e+01 9.859737e-01
    endloop
  endfacet
  facet normal 1.785355e-08 -9.852705e-01 1.710032e-01
    outer loop
      vertex   2.996275e+01 9.631813e+01 1.733682e+00
      vertex   2.996275e+01 9.625351e+01 1.361384e+00
      vertex   3.796273e+01 9.631813e+01 1.733684e+00
    endloop
  endfacet
  facet normal 9.967300e-06 -9.853065e-01 1.707957e-01
    outer loop
      vertex   3.796273e+01 9.631813e+01 1.733684e+00
      vertex   2.996275e+01 9.625351e+01 1.361384e+00
      vertex   3.796273e+01 9.625347e+01 1.360647e+00
    endloop
  endfacet
  facet normal -1.775354e-08 -9.258248e-01 3.779530e-01
    outer loop
      vertex   2.996275e+01 9.631813e+01 1.733682e+00
      vertex   3.796273e+01 9.631813e+01 1.733684e+00
      vertex   2.996275e+01 9.646014e+01 2.081561e+00
    endloop
  endfacet
  facet normal 2.130424e-08 -9.258245e-01 3.779538e-01
    outer loop
      vertex   2.996275e+01 9.646014e+01 2.081561e+00
      vertex   3.796273e+01 9.631813e+01 1.733684e+00
      vertex   3.796273e+01 9.646015e+01 2.081562e+00
    endloop
  endfacet
  facet normal -2.130423e-08 -8.238006e-01 5.668797e-01
    outer loop
      vertex   2.996275e+01 9.646014e+01 2.081561e+00
      vertex   3.796273e+01 9.646015e+01 2.081562e+00
      vertex   2.996275e+01 9.667315e+01 2.391104e+00
    endloop
  endfacet
  facet normal 2.485494e-08 -8.238000e-01 5.668805e-01
    outer loop
      vertex   2.996275e+01 9.667315e+01 2.391104e+00
      vertex   3.796273e+01 9.646015e+01 2.081562e+00
      vertex   3.796273e+01 9.667315e+01 2.391105e+00
    endloop
  endfacet
  facet normal -2.485491e-08 -6.837974e-01 7.296719e-01
    outer loop
      vertex   2.996275e+01 9.667315e+01 2.391104e+00
      vertex   3.796273e+01 9.667315e+01 2.391105e+00
      vertex   2.996275e+01 9.694732e+01 2.648041e+00
    endloop
  endfacet
  facet normal 2.840562e-08 -6.837966e-01 7.296727e-01
    outer loop
      vertex   2.996275e+01 9.694732e+01 2.648041e+00
      vertex   3.796273e+01 9.667315e+01 2.391105e+00
      vertex   3.796273e+01 9.694733e+01 2.648042e+00
    endloop
  endfacet
  facet normal -2.840560e-08 -5.122696e-01 8.588247e-01
    outer loop
      vertex   2.996275e+01 9.694732e+01 2.648041e+00
      vertex   3.796273e+01 9.694733e+01 2.648042e+00
      vertex   2.996275e+01 9.727003e+01 2.840526e+00
    endloop
  endfacet
  facet normal 3.195630e-08 -5.122685e-01 8.588254e-01
    outer loop
      vertex   2.996275e+01 9.727003e+01 2.840526e+00
      vertex   3.796273e+01 9.694733e+01 2.648042e+00
      vertex   3.796273e+01 9.727003e+01 2.840527e+00
    endloop
  endfacet
  facet normal -3.195628e-08 -3.171250e-01 9.483838e-01
    outer loop
      vertex   2.996275e+01 9.727003e+01 2.840526e+00
      vertex   3.796273e+01 9.727003e+01 2.840527e+00
      vertex   2.996275e+01 9.762638e+01 2.959686e+00
    endloop
  endfacet
  facet normal 3.550697e-08 -3.171236e-01 9.483842e-01
    outer loop
      vertex   2.996275e+01 9.762638e+01 2.959686e+00
      vertex   3.796273e+01 9.727003e+01 2.840527e+00
      vertex   3.796273e+01 9.762639e+01 2.959687e+00
    endloop
  endfacet
  facet normal -7.060381e-08 -2.853798e-06 1.000000e+00
    outer loop
      vertex   2.996275e+01 9.762638e+01 2.959686e+00
      vertex   3.796273e+01 9.762639e+01 2.959687e+00
      vertex   2.996275e+01 9.837354e+01 2.959688e+00
    endloop
  endfacet
  facet normal 6.707361e-08 -1.379651e-06 1.000000e+00
    outer loop
      vertex   2.996275e+01 9.837354e+01 2.959688e+00
      vertex   3.796273e+01 9.762639e+01 2.959687e+00
      vertex   3.796273e+01 9.837354e+01 2.959688e+00
    endloop
  endfacet
  facet normal -3.373170e-08 3.171198e-01 9.483855e-01
    outer loop
      vertex   2.996275e+01 9.837354e+01 2.959688e+00
      vertex   3.796273e+01 9.837354e+01 2.959688e+00
      vertex   2.996275e+01 9.872990e+01 2.840530e+00
    endloop
  endfacet
  facet normal 3.035853e-08 3.171211e-01 9.483850e-01
    outer loop
      vertex   2.996275e+01 9.872990e+01 2.840530e+00
      vertex   3.796273e+01 9.837354e+01 2.959688e+00
      vertex   3.796273e+01 9.872990e+01 2.840529e+00
    endloop
  endfacet
  facet normal -3.035855e-08 5.122654e-01 8.588272e-01
    outer loop
      vertex   2.996275e+01 9.872990e+01 2.840530e+00
      vertex   3.796273e+01 9.872990e+01 2.840529e+00
      vertex   2.996275e+01 9.905260e+01 2.648046e+00
    endloop
  endfacet
  facet normal 2.698538e-08 5.122665e-01 8.588266e-01
    outer loop
      vertex   2.996275e+01 9.905260e+01 2.648046e+00
      vertex   3.796273e+01 9.872990e+01 2.840529e+00
      vertex   3.796273e+01 9.905260e+01 2.648045e+00
    endloop
  endfacet
  facet normal -2.698539e-08 6.837943e-01 7.296749e-01
    outer loop
      vertex   2.996275e+01 9.905260e+01 2.648046e+00
      vertex   3.796273e+01 9.905260e+01 2.648045e+00
      vertex   2.996275e+01 9.932678e+01 2.391109e+00
    endloop
  endfacet
  facet normal 2.361222e-08 6.837950e-01 7.296741e-01
    outer loop
      vertex   2.996275e+01 9.932678e+01 2.391109e+00
      vertex   3.796273e+01 9.905260e+01 2.648045e+00
      vertex   3.796273e+01 9.932678e+01 2.391108e+00
    endloop
  endfacet
  facet normal -2.361224e-08 8.237985e-01 5.668827e-01
    outer loop
      vertex   2.996275e+01 9.932678e+01 2.391109e+00
      vertex   3.796273e+01 9.932678e+01 2.391108e+00
      vertex   2.996275e+01 9.953979e+01 2.081566e+00
    endloop
  endfacet
  facet normal 2.023906e-08 8.237990e-01 5.668820e-01
    outer loop
      vertex   2.996275e+01 9.953979e+01 2.081566e+00
      vertex   3.796273e+01 9.932678e+01 2.391108e+00
      vertex   3.796273e+01 9.953979e+01 2.081565e+00
    endloop
  endfacet
  facet normal -2.023907e-08 9.258236e-01 3.779559e-01
    outer loop
      vertex   2.996275e+01 9.953979e+01 2.081566e+00
      vertex   3.796273e+01 9.953979e+01 2.081565e+00
      vertex   2.996275e+01 9.968180e+01 1.733687e+00
    endloop
  endfacet
  facet normal 1.686589e-08 9.258239e-01 3.779552e-01
    outer loop
      vertex   2.996275e+01 9.968180e+01 1.733687e+00
      vertex   3.796273e+01 9.953979e+01 2.081565e+00
      vertex   3.796273e+01 9.968180e+01 1.733686e+00
    endloop
  endfacet
  facet normal -1.695997e-08 9.852691e-01 1.710110e-01
    outer loop
      vertex   2.996275e+01 9.968180e+01 1.733687e+00
      vertex   3.796273e+01 9.968180e+01 1.733686e+00
      vertex   2.996275e+01 9.974642e+01 1.361406e+00
    endloop
  endfacet
  facet normal 9.495570e-06 9.853035e-01 1.708125e-01
    outer loop
      vertex   2.996275e+01 9.974642e+01 1.361406e+00
      vertex   3.796273e+01 9.968180e+01 1.733686e+00
      vertex   3.796273e+01 9.974646e+01 1.360704e+00
    endloop
  endfacet
  facet normal -9.412185e-06 9.990442e-01 -4.371157e-02
    outer loop
      vertex   2.996275e+01 9.974642e+01 1.361406e+00
      vertex   3.796273e+01 9.974646e+01 1.360704e+00
      vertex   2.996275e+01 9.973002e+01 9.865380e-01
    endloop
  endfacet
  facet normal 7.059139e-06 9.990288e-01 -4.406306e-02
    outer loop
      vertex   2.996275e+01 9.973002e+01 9.865380e-01
      vertex   3.796273e+01 9.974646e+01 1.360704e+00
      vertex   3.796273e+01 9.972994e+01 9.860163e-01
    endloop
  endfacet
  facet normal -7.062435e-06 9.667607e-01 -2.556827e-01
    outer loop
      vertex   2.996275e+01 9.973002e+01 9.865380e-01
      vertex   3.796273e+01 9.972994e+01 9.860163e-01
      vertex   2.996275e+01 9.963408e+01 6.237832e-01
    endloop
  endfacet
  facet normal 2.130423e-08 -9.258248e-01 3.779530e-01
    outer loop
      vertex   2.996275e+01 9.631813e+01 1.733682e+00
      vertex   2.996275e+01 9.646014e+01 2.081561e+00
      vertex   2.196277e+01 9.646014e+01 2.081560e+00
    endloop
  endfacet
  facet normal -2.130421e-08 -8.238012e-01 5.668789e-01
    outer loop
      vertex   2.196277e+01 9.646014e+01 2.081560e+00
      vertex   2.996275e+01 9.646014e+01 2.081561e+00
      vertex   2.196277e+01 9.667315e+01 2.391103e+00
    endloop
  endfacet
  facet normal 2.485490e-08 -8.238012e-01 5.668789e-01
    outer loop
      vertex   2.196277e+01 9.646014e+01 2.081560e+00
      vertex   2.196277e+01 9.667315e+01 2.391103e+00
      vertex   1.396278e+01 9.667315e+01 2.391101e+00
    endloop
  endfacet
  facet normal -2.485488e-08 -6.837990e-01 7.296704e-01
    outer loop
      vertex   1.396278e+01 9.667315e+01 2.391101e+00
      vertex   2.196277e+01 9.667315e+01 2.391103e+00
      vertex   1.396278e+01 9.694732e+01 2.648038e+00
    endloop
  endfacet
  facet normal 2.485492e-08 -8.238006e-01 5.668797e-01
    outer loop
      vertex   2.196277e+01 9.667315e+01 2.391103e+00
      vertex   2.996275e+01 9.646014e+01 2.081561e+00
      vertex   2.996275e+01 9.667315e+01 2.391104e+00
    endloop
  endfacet
  facet normal -2.485490e-08 -6.837982e-01 7.296712e-01
    outer loop
      vertex   2.196277e+01 9.667315e+01 2.391103e+00
      vertex   2.996275e+01 9.667315e+01 2.391104e+00
      vertex   2.196277e+01 9.694732e+01 2.648040e+00
    endloop
  endfacet
  facet normal 2.840560e-08 -6.837974e-01 7.296719e-01
    outer loop
      vertex   2.196277e+01 9.694732e+01 2.648040e+00
      vertex   2.996275e+01 9.667315e+01 2.391104e+00
      vertex   2.996275e+01 9.694732e+01 2.648041e+00
    endloop
  endfacet
  facet normal -2.840558e-08 -5.122707e-01 8.588241e-01
    outer loop
      vertex   2.196277e+01 9.694732e+01 2.648040e+00
      vertex   2.996275e+01 9.694732e+01 2.648041e+00
      vertex   2.196277e+01 9.727003e+01 2.840525e+00
    endloop
  endfacet
  facet normal 3.195628e-08 -5.122696e-01 8.588247e-01
    outer loop
      vertex   2.196277e+01 9.727003e+01 2.840525e+00
      vertex   2.996275e+01 9.694732e+01 2.648041e+00
      vertex   2.996275e+01 9.727003e+01 2.840526e+00
    endloop
  endfacet
  facet normal -3.195625e-08 -3.171264e-01 9.483833e-01
    outer loop
      vertex   2.196277e+01 9.727003e+01 2.840525e+00
      vertex   2.996275e+01 9.727003e+01 2.840526e+00
      vertex   2.196277e+01 9.762638e+01 2.959685e+00
    endloop
  endfacet
  facet normal 3.550695e-08 -3.171250e-01 9.483838e-01
    outer loop
      vertex   2.196277e+01 9.762638e+01 2.959685e+00
      vertex   2.996275e+01 9.727003e+01 2.840526e+00
      vertex   2.996275e+01 9.762638e+01 2.959686e+00
    endloop
  endfacet
  facet normal -7.060382e-08 -4.327945e-06 1.000000e+00
    outer loop
      vertex   2.196277e+01 9.762638e+01 2.959685e+00
      vertex   2.996275e+01 9.762638e+01 2.959686e+00
      vertex   2.196277e+01 9.837354e+01 2.959689e+00
    endloop
  endfacet
  facet normal 6.707362e-08 -2.853798e-06 1.000000e+00
    outer loop
      vertex   2.196277e+01 9.837354e+01 2.959689e+00
      vertex   2.996275e+01 9.762638e+01 2.959686e+00
      vertex   2.996275e+01 9.837354e+01 2.959688e+00
    endloop
  endfacet
  facet normal -3.373172e-08 3.171186e-01 9.483859e-01
    outer loop
      vertex   2.196277e+01 9.837354e+01 2.959689e+00
      vertex   2.996275e+01 9.837354e+01 2.959688e+00
      vertex   2.196277e+01 9.872990e+01 2.840531e+00
    endloop
  endfacet
  facet normal 3.035855e-08 3.171198e-01 9.483855e-01
    outer loop
      vertex   2.196277e+01 9.872990e+01 2.840531e+00
      vertex   2.996275e+01 9.837354e+01 2.959688e+00
      vertex   2.996275e+01 9.872990e+01 2.840530e+00
    endloop
  endfacet
  facet normal -3.035857e-08 5.122644e-01 8.588278e-01
    outer loop
      vertex   2.196277e+01 9.872990e+01 2.840531e+00
      vertex   2.996275e+01 9.872990e+01 2.840530e+00
      vertex   2.196277e+01 9.905260e+01 2.648047e+00
    endloop
  endfacet
  facet normal 2.698539e-08 5.122654e-01 8.588272e-01
    outer loop
      vertex   2.196277e+01 9.905260e+01 2.648047e+00
      vertex   2.996275e+01 9.872990e+01 2.840530e+00
      vertex   2.996275e+01 9.905260e+01 2.648046e+00
    endloop
  endfacet
  facet normal -2.698541e-08 6.837935e-01 7.296756e-01
    outer loop
      vertex   2.196277e+01 9.905260e+01 2.648047e+00
      vertex   2.996275e+01 9.905260e+01 2.648046e+00
      vertex   2.196277e+01 9.932678e+01 2.391111e+00
    endloop
  endfacet
  facet normal 2.361223e-08 6.837943e-01 7.296749e-01
    outer loop
      vertex   2.196277e+01 9.932678e+01 2.391111e+00
      vertex   2.996275e+01 9.905260e+01 2.648046e+00
      vertex   2.996275e+01 9.932678e+01 2.391109e+00
    endloop
  endfacet
  facet normal -2.361225e-08 8.237980e-01 5.668835e-01
    outer loop
      vertex   2.196277e+01 9.932678e+01 2.391111e+00
      vertex   2.996275e+01 9.932678e+01 2.391109e+00
      vertex   2.196277e+01 9.953978e+01 2.081568e+00
    endloop
  endfacet
  facet normal 2.023907e-08 8.237985e-01 5.668827e-01
    outer loop
      vertex   2.196277e+01 9.953978e+01 2.081568e+00
      vertex   2.996275e+01 9.932678e+01 2.391109e+00
      vertex   2.996275e+01 9.953979e+01 2.081566e+00
    endloop
  endfacet
  facet normal -2.023908e-08 9.258233e-01 3.779566e-01
    outer loop
      vertex   2.196277e+01 9.953978e+01 2.081568e+00
      vertex   2.996275e+01 9.953979e+01 2.081566e+00
      vertex   2.196277e+01 9.968180e+01 1.733688e+00
    endloop
  endfacet
  facet normal 1.686591e-08 9.258236e-01 3.779559e-01
    outer loop
      vertex   2.196277e+01 9.968180e+01 1.733688e+00
      vertex   2.996275e+01 9.953979e+01 2.081566e+00
      vertex   2.996275e+01 9.968180e+01 1.733687e+00
    endloop
  endfacet
  facet normal -1.692863e-08 9.852347e-01 1.712094e-01
    outer loop
      vertex   2.196277e+01 9.968180e+01 1.733688e+00
      vertex   2.996275e+01 9.968180e+01 1.733687e+00
      vertex   2.196277e+01 9.974637e+01 1.362109e+00
    endloop
  endfacet
  facet normal 9.478021e-06 9.852691e-01 1.710110e-01
    outer loop
      vertex   2.196277e+01 9.974637e+01 1.362109e+00
      vertex   2.996275e+01 9.968180e+01 1.733687e+00
      vertex   2.996275e+01 9.974642e+01 1.361406e+00
    endloop
  endfacet
  facet normal -9.416580e-06 9.990595e-01 -4.336007e-02
    outer loop
      vertex   2.196277e+01 9.974637e+01 1.362109e+00
      vertex   2.996275e+01 9.974642e+01 1.361406e+00
      vertex   2.196277e+01 9.973010e+01 9.870597e-01
    endloop
  endfacet
  facet normal 7.062435e-06 9.990442e-01 -4.371157e-02
    outer loop
      vertex   2.196277e+01 9.973010e+01 9.870597e-01
      vertex   2.996275e+01 9.974642e+01 1.361406e+00
      vertex   2.996275e+01 9.973002e+01 9.865380e-01
    endloop
  endfacet
  facet normal -7.065732e-06 9.668250e-01 -2.554398e-01
    outer loop
      vertex   2.196277e+01 9.973010e+01 9.870597e-01
      vertex   2.996275e+01 9.973002e+01 9.865380e-01
      vertex   2.196277e+01 9.963420e+01 6.241118e-01
    endloop
  endfacet
  facet normal 4.710488e-06 9.667607e-01 -2.556827e-01
    outer loop
      vertex   2.196277e+01 9.963420e+01 6.241118e-01
      vertex   2.996275e+01 9.973002e+01 9.865380e-01
      vertex   2.996275e+01 9.963408e+01 6.237832e-01
    endloop
  endfacet
  facet normal -4.712686e-06 8.901002e-01 -4.557649e-01
    outer loop
      vertex   2.196277e+01 9.963420e+01 6.241118e-01
      vertex   2.996275e+01 9.963408e+01 6.237832e-01
      vertex   2.196277e+01 9.946311e+01 2.899664e-01
    endloop
  endfacet
  facet normal -2.840556e-08 -5.122718e-01 8.588234e-01
    outer loop
      vertex   1.396278e+01 9.727002e+01 2.840524e+00
      vertex   1.396278e+01 9.694732e+01 2.648038e+00
      vertex   2.196277e+01 9.694732e+01 2.648040e+00
    endloop
  endfacet
  facet normal 2.840558e-08 -6.837982e-01 7.296712e-01
    outer loop
      vertex   2.196277e+01 9.694732e+01 2.648040e+00
      vertex   1.396278e+01 9.694732e+01 2.648038e+00
      vertex   2.196277e+01 9.667315e+01 2.391103e+00
    endloop
  endfacet
  facet normal 3.195625e-08 -5.122707e-01 8.588241e-01
    outer loop
      vertex   1.396278e+01 9.727002e+01 2.840524e+00
      vertex   2.196277e+01 9.694732e+01 2.648040e+00
      vertex   2.196277e+01 9.727003e+01 2.840525e+00
    endloop
  endfacet
  facet normal -3.195623e-08 -3.171277e-01 9.483828e-01
    outer loop
      vertex   1.396278e+01 9.762638e+01 2.959685e+00
      vertex   1.396278e+01 9.727002e+01 2.840524e+00
      vertex   2.196277e+01 9.727003e+01 2.840525e+00
    endloop
  endfacet
  facet normal 3.550692e-08 -3.171264e-01 9.483833e-01
    outer loop
      vertex   1.396278e+01 9.762638e+01 2.959685e+00
      vertex   2.196277e+01 9.727003e+01 2.840525e+00
      vertex   2.196277e+01 9.762638e+01 2.959685e+00
    endloop
  endfacet
  facet normal -7.060383e-08 -5.802093e-06 1.000000e+00
    outer loop
      vertex   1.396278e+01 9.837354e+01 2.959689e+00
      vertex   1.396278e+01 9.762638e+01 2.959685e+00
      vertex   2.196277e+01 9.762638e+01 2.959685e+00
    endloop
  endfacet
  facet normal 6.707363e-08 -4.327945e-06 1.000000e+00
    outer loop
      vertex   1.396278e+01 9.837354e+01 2.959689e+00
      vertex   2.196277e+01 9.762638e+01 2.959685e+00
      vertex   2.196277e+01 9.837354e+01 2.959689e+00
    endloop
  endfacet
  facet normal -3.373174e-08 3.171173e-01 9.483863e-01
    outer loop
      vertex   1.396278e+01 9.872989e+01 2.840532e+00
      vertex   1.396278e+01 9.837354e+01 2.959689e+00
      vertex   2.196277e+01 9.837354e+01 2.959689e+00
    endloop
  endfacet
  facet normal 3.035857e-08 3.171186e-01 9.483859e-01
    outer loop
      vertex   1.396278e+01 9.872989e+01 2.840532e+00
      vertex   2.196277e+01 9.837354e+01 2.959689e+00
      vertex   2.196277e+01 9.872990e+01 2.840531e+00
    endloop
  endfacet
  facet normal -3.035859e-08 5.122633e-01 8.588284e-01
    outer loop
      vertex   1.396278e+01 9.905260e+01 2.648048e+00
      vertex   1.396278e+01 9.872989e+01 2.840532e+00
      vertex   2.196277e+01 9.872990e+01 2.840531e+00
    endloop
  endfacet
  facet normal 2.698541e-08 5.122644e-01 8.588278e-01
    outer loop
      vertex   1.396278e+01 9.905260e+01 2.648048e+00
      vertex   2.196277e+01 9.872990e+01 2.840531e+00
      vertex   2.196277e+01 9.905260e+01 2.648047e+00
    endloop
  endfacet
  facet normal -2.698543e-08 6.837927e-01 7.296763e-01
    outer loop
      vertex   1.396278e+01 9.932678e+01 2.391112e+00
      vertex   1.396278e+01 9.905260e+01 2.648048e+00
      vertex   2.196277e+01 9.905260e+01 2.648047e+00
    endloop
  endfacet
  facet normal 2.361225e-08 6.837935e-01 7.296756e-01
    outer loop
      vertex   1.396278e+01 9.932678e+01 2.391112e+00
      vertex   2.196277e+01 9.905260e+01 2.648047e+00
      vertex   2.196277e+01 9.932678e+01 2.391111e+00
    endloop
  endfacet
  facet normal -2.361227e-08 8.237974e-01 5.668843e-01
    outer loop
      vertex   1.396278e+01 9.953978e+01 2.081569e+00
      vertex   1.396278e+01 9.932678e+01 2.391112e+00
      vertex   2.196277e+01 9.932678e+01 2.391111e+00
    endloop
  endfacet
  facet normal 2.023909e-08 8.237980e-01 5.668835e-01
    outer loop
      vertex   1.396278e+01 9.953978e+01 2.081569e+00
      vertex   2.196277e+01 9.932678e+01 2.391111e+00
      vertex   2.196277e+01 9.953978e+01 2.081568e+00
    endloop
  endfacet
  facet normal -2.023910e-08 9.258230e-01 3.779574e-01
    outer loop
      vertex   1.396278e+01 9.968180e+01 1.733690e+00
      vertex   1.396278e+01 9.953978e+01 2.081569e+00
      vertex   2.196277e+01 9.953978e+01 2.081568e+00
    endloop
  endfacet
  facet normal 1.686591e-08 9.258233e-01 3.779566e-01
    outer loop
      vertex   1.396278e+01 9.968180e+01 1.733690e+00
      vertex   2.196277e+01 9.953978e+01 2.081568e+00
      vertex   2.196277e+01 9.968180e+01 1.733688e+00
    endloop
  endfacet
  facet normal -1.689729e-08 9.852002e-01 1.714078e-01
    outer loop
      vertex   1.396278e+01 9.974633e+01 1.362811e+00
      vertex   1.396278e+01 9.968180e+01 1.733690e+00
      vertex   2.196277e+01 9.968180e+01 1.733688e+00
    endloop
  endfacet
  facet normal 9.460471e-06 9.852347e-01 1.712094e-01
    outer loop
      vertex   1.396278e+01 9.974633e+01 1.362811e+00
      vertex   2.196277e+01 9.968180e+01 1.733688e+00
      vertex   2.196277e+01 9.974637e+01 1.362109e+00
    endloop
  endfacet
  facet normal -9.420976e-06 9.990747e-01 -4.300857e-02
    outer loop
      vertex   1.396278e+01 9.973018e+01 9.875815e-01
      vertex   1.396278e+01 9.974633e+01 1.362811e+00
      vertex   2.196277e+01 9.974637e+01 1.362109e+00
    endloop
  endfacet
  facet normal 7.065732e-06 9.990595e-01 -4.336007e-02
    outer loop
      vertex   1.396278e+01 9.973018e+01 9.875815e-01
      vertex   2.196277e+01 9.974637e+01 1.362109e+00
      vertex   2.196277e+01 9.973010e+01 9.870597e-01
    endloop
  endfacet
  facet normal -7.069029e-06 9.668891e-01 -2.551968e-01
    outer loop
      vertex   1.396278e+01 9.963433e+01 6.244403e-01
      vertex   1.396278e+01 9.973018e+01 9.875815e-01
      vertex   2.196277e+01 9.973010e+01 9.870597e-01
    endloop
  endfacet
  facet normal 4.712686e-06 9.668250e-01 -2.554398e-01
    outer loop
      vertex   1.396278e+01 9.963433e+01 6.244403e-01
      vertex   2.196277e+01 9.973010e+01 9.870597e-01
      vertex   2.196277e+01 9.963420e+01 6.241118e-01
    endloop
  endfacet
  facet normal -4.714883e-06 8.901689e-01 -4.556307e-01
    outer loop
      vertex   1.396278e+01 9.946320e+01 2.901135e-01
      vertex   1.396278e+01 9.963433e+01 6.244403e-01
      vertex   2.196277e+01 9.963420e+01 6.241118e-01
    endloop
  endfacet
  facet normal 2.357442e-06 8.901002e-01 -4.557649e-01
    outer loop
      vertex   1.396278e+01 9.946320e+01 2.901135e-01
      vertex   2.196277e+01 9.963420e+01 6.241118e-01
      vertex   2.196277e+01 9.946311e+01 2.899664e-01
    endloop
  endfacet
  facet normal 1.000000e+00 0.000000e+00 0.000000e+00
    outer loop
      vertex   4.496271e+01 9.799030e+01 3.000000e+00
      vertex   4.496271e+01 9.800963e+01 3.000000e+00
      vertex   4.496271e+01 9.799675e+01 3.000024e+00
    endloop
  endfacet
  facet normal 1.000000e+00 0.000000e+00 0.000000e+00
    outer loop
      vertex   4.496271e+01 9.799675e+01 3.000024e+00
      vertex   4.496271e+01 9.800963e+01 3.000000e+00
      vertex   4.496271e+01 9.800319e+01 3.000024e+00
    endloop
  endfacet
  facet normal -0.000000e+00 2.947522e-09 1.000000e+00
    outer loop
      vertex   4.496271e+01 9.272288e+01 3.000000e+00
      vertex   4.596271e+01 9.272288e+01 3.000000e+00
      vertex   4.496271e+01 9.799030e+01 3.000000e+00
    endloop
  endfacet
  facet normal -5.674530e-11 2.936749e-09 1.000000e+00
    outer loop
      vertex   4.496271e+01 9.799030e+01 3.000000e+00
      vertex   4.596271e+01 9.272288e+01 3.000000e+00
      vertex   4.596271e+01 9.800963e+01 3.000000e+00
    endloop
  endfacet
  facet normal 1.332268e-15 -0.000000e+00 1.000000e+00
    outer loop
      vertex   4.496271e+01 9.799030e+01 3.000000e+00
      vertex   4.596271e+01 9.800963e+01 3.000000e+00
      vertex   4.496271e+01 9.800963e+01 3.000000e+00
    endloop
  endfacet
  facet normal 1.000000e+00 -0.000000e+00 0.000000e+00
    outer loop
      vertex   4.596271e+01 9.190381e+01 3.000000e+00
      vertex   4.596271e+01 9.117389e+01 2.840504e+00
      vertex   4.596271e+01 9.272288e+01 3.000000e+00
    endloop
  endfacet
  facet normal 1.000000e+00 0.000000e+00 0.000000e+00
    outer loop
      vertex   4.596271e+01 9.272288e+01 3.000000e+00
      vertex   4.596271e+01 9.117389e+01 2.840504e+00
      vertex   4.596271e+01 9.085118e+01 2.648023e+00
    endloop
  endfacet
  facet normal 1.000000e+00 0.000000e+00 0.000000e+00
    outer loop
      vertex   4.596271e+01 9.272288e+01 3.000000e+00
      vertex   4.596271e+01 9.085118e+01 2.648023e+00
      vertex   4.596271e+01 9.057701e+01 2.391091e+00
    endloop
  endfacet
  facet normal 1.000000e+00 0.000000e+00 0.000000e+00
    outer loop
      vertex   4.596271e+01 9.190381e+01 3.000000e+00
      vertex   4.596271e+01 9.153024e+01 2.959661e+00
      vertex   4.596271e+01 9.117389e+01 2.840504e+00
    endloop
  endfacet
  facet normal 1.000000e+00 -0.000000e+00 0.000000e+00
    outer loop
      vertex   4.596271e+01 9.057701e+01 2.391091e+00
      vertex   4.596271e+01 9.036400e+01 2.081552e+00
      vertex   4.596271e+01 9.272288e+01 3.000000e+00
    endloop
  endfacet
  facet normal 1.000000e+00 0.000000e+00 0.000000e+00
    outer loop
      vertex   4.596271e+01 9.272288e+01 3.000000e+00
      vertex   4.596271e+01 9.036400e+01 2.081552e+00
      vertex   4.596271e+01 9.954228e+01 2.076923e+00
    endloop
  endfacet
  facet normal 1.000000e+00 0.000000e+00 0.000000e+00
    outer loop
      vertex   4.596271e+01 9.272288e+01 3.000000e+00
      vertex   4.596271e+01 9.954228e+01 2.076923e+00
      vertex   4.596271e+01 9.933078e+01 2.386438e+00
    endloop
  endfacet
  facet normal 1.000000e+00 0.000000e+00 0.000000e+00
    outer loop
      vertex   4.596271e+01 9.036400e+01 2.081552e+00
      vertex   4.596271e+01 9.022198e+01 1.733678e+00
      vertex   4.596271e+01 9.954228e+01 2.076923e+00
    endloop
  endfacet
  facet normal 1.000000e+00 0.000000e+00 0.000000e+00
    outer loop
      vertex   4.596271e+01 9.954228e+01 2.076923e+00
      vertex   4.596271e+01 9.022198e+01 1.733678e+00
      vertex   4.596271e+01 9.968301e+01 1.729463e+00
    endloop
  endfacet
  facet normal 1.000000e+00 0.000000e+00 0.000000e+00
    outer loop
      vertex   4.596271e+01 9.968301e+01 1.729463e+00
      vertex   4.596271e+01 9.022198e+01 1.733678e+00
      vertex   4.596271e+01 9.015750e+01 1.363506e+00
    endloop
  endfacet
  facet normal 1.000000e+00 0.000000e+00 0.000000e+00
    outer loop
      vertex   4.596271e+01 9.968301e+01 1.729463e+00
      vertex   4.596271e+01 9.015750e+01 1.363506e+00
      vertex   4.596271e+01 9.974651e+01 1.360002e+00
    endloop
  endfacet
  facet normal 1.000000e+00 0.000000e+00 0.000000e+00
    outer loop
      vertex   4.596271e+01 9.974651e+01 1.360002e+00
      vertex   4.596271e+01 9.015750e+01 1.363506e+00
      vertex   4.596271e+01 9.017352e+01 9.881003e-01
    endloop
  endfacet
  facet normal 1.000000e+00 0.000000e+00 0.000000e+00
    outer loop
      vertex   4.596271e+01 9.974651e+01 1.360002e+00
      vertex   4.596271e+01 9.017352e+01 9.881003e-01
      vertex   4.596271e+01 9.972986e+01 9.854946e-01
    endloop
  endfacet
  facet normal 1.000000e+00 0.000000e+00 0.000000e+00
    outer loop
      vertex   4.596271e+01 9.972986e+01 9.854946e-01
      vertex   4.596271e+01 9.017352e+01 9.881003e-01
      vertex   4.596271e+01 9.963383e+01 6.231262e-01
    endloop
  endfacet
  facet normal 1.000000e+00 0.000000e+00 0.000000e+00
    outer loop
      vertex   4.596271e+01 9.963383e+01 6.231262e-01
      vertex   4.596271e+01 9.017352e+01 9.881003e-01
      vertex   4.596271e+01 9.026932e+01 6.247690e-01
    endloop
  endfacet
  facet normal 1.000000e+00 0.000000e+00 0.000000e+00
    outer loop
      vertex   4.596271e+01 9.963383e+01 6.231262e-01
      vertex   4.596271e+01 9.026932e+01 6.247690e-01
      vertex   4.596271e+01 9.946282e+01 2.895252e-01
    endloop
  endfacet
  facet normal 1.000000e+00 0.000000e+00 0.000000e+00
    outer loop
      vertex   4.596271e+01 9.946282e+01 2.895252e-01
      vertex   4.596271e+01 9.026932e+01 6.247690e-01
      vertex   4.596271e+01 9.044046e+01 2.902618e-01
    endloop
  endfacet
  facet normal 1.000000e+00 0.000000e+00 0.000000e+00
    outer loop
      vertex   4.596271e+01 9.946282e+01 2.895252e-01
      vertex   4.596271e+01 9.044046e+01 2.902618e-01
      vertex   4.596271e+01 9.922468e+01 -3.330669e-15
    endloop
  endfacet
  facet normal 1.000000e+00 0.000000e+00 0.000000e+00
    outer loop
      vertex   4.596271e+01 9.922468e+01 -3.330669e-15
      vertex   4.596271e+01 9.044046e+01 2.902618e-01
      vertex   4.596271e+01 9.067907e+01 -1.648333e-15
    endloop
  endfacet
  facet normal 1.000000e+00 0.000000e+00 0.000000e+00
    outer loop
      vertex   4.596271e+01 9.272288e+01 3.000000e+00
      vertex   4.596271e+01 9.933078e+01 2.386438e+00
      vertex   4.596271e+01 9.800963e+01 3.000000e+00
    endloop
  endfacet
  facet normal 1.000000e+00 0.000000e+00 0.000000e+00
    outer loop
      vertex   4.596271e+01 9.800963e+01 3.000000e+00
      vertex   4.596271e+01 9.933078e+01 2.386438e+00
      vertex   4.596271e+01 9.905821e+01 2.643806e+00
    endloop
  endfacet
  facet normal 1.000000e+00 0.000000e+00 0.000000e+00
    outer loop
      vertex   4.596271e+01 9.800963e+01 3.000000e+00
      vertex   4.596271e+01 9.905821e+01 2.643806e+00
      vertex   4.596271e+01 9.873708e+01 2.837215e+00
    endloop
  endfacet
  facet normal 1.000000e+00 0.000000e+00 0.000000e+00
    outer loop
      vertex   4.596271e+01 9.873708e+01 2.837215e+00
      vertex   4.596271e+01 9.838212e+01 2.957791e+00
      vertex   4.596271e+01 9.800963e+01 3.000000e+00
    endloop
  endfacet
  facet normal 1.000000e+00 -3.765201e-16 2.859954e-15
    outer loop
      vertex   6.962804e+00 9.205742e+01 0.000000e+00
      vertex   6.962804e+00 9.677525e+01 1.665335e-15
      vertex   6.962804e+00 9.218683e+01 1.703709e-02
    endloop
  endfacet
  facet normal 1.000000e+00 -3.836998e-16 9.263331e-16
    outer loop
      vertex   6.962804e+00 9.218683e+01 1.703709e-02
      vertex   6.962804e+00 9.677525e+01 1.665335e-15
      vertex   6.962804e+00 9.230742e+01 6.698730e-02
    endloop
  endfacet
  facet normal 1.000000e+00 -3.899687e-16 5.082171e-16
    outer loop
      vertex   6.962804e+00 9.230742e+01 6.698730e-02
      vertex   6.962804e+00 9.677525e+01 1.665335e-15
      vertex   6.962804e+00 9.241097e+01 1.464466e-01
    endloop
  endfacet
  facet normal 1.000000e+00 -4.185687e-16 -3.440972e-16
    outer loop
      vertex   6.962804e+00 9.241097e+01 1.464466e-01
      vertex   6.962804e+00 9.677525e+01 1.665335e-15
      vertex   6.962804e+00 9.653663e+01 2.902585e-01
    endloop
  endfacet
  facet normal 1.000000e+00 -4.423962e-16 3.394626e-16
    outer loop
      vertex   6.962804e+00 9.241097e+01 1.464466e-01
      vertex   6.962804e+00 9.653663e+01 2.902585e-01
      vertex   6.962804e+00 9.249043e+01 2.500000e-01
    endloop
  endfacet
  facet normal 1.000000e+00 -4.408355e-16 1.826000e-16
    outer loop
      vertex   6.962804e+00 9.249043e+01 2.500000e-01
      vertex   6.962804e+00 9.653663e+01 2.902585e-01
      vertex   6.962804e+00 9.254038e+01 3.705905e-01
    endloop
  endfacet
  facet normal 1.000000e+00 -4.491255e-16 -2.297995e-16
    outer loop
      vertex   6.962804e+00 9.254038e+01 3.705905e-01
      vertex   6.962804e+00 9.653663e+01 2.902585e-01
      vertex   6.962804e+00 9.636548e+01 6.247642e-01
    endloop
  endfacet
  facet normal 1.000000e+00 -4.684939e-16 6.167839e-17
    outer loop
      vertex   6.962804e+00 9.254038e+01 3.705905e-01
      vertex   6.962804e+00 9.636548e+01 6.247642e-01
      vertex   6.962804e+00 9.255742e+01 5.000000e-01
    endloop
  endfacet
  facet normal 1.000000e+00 -4.624779e-16 -1.219420e-16
    outer loop
      vertex   6.962804e+00 9.255742e+01 5.000000e-01
      vertex   6.962804e+00 9.636548e+01 6.247642e-01
      vertex   6.962804e+00 9.626968e+01 9.880958e-01
    endloop
  endfacet
  facet normal 1.000000e+00 -4.758395e-16 -2.031881e-17
    outer loop
      vertex   6.962804e+00 9.255742e+01 5.000000e-01
      vertex   6.962804e+00 9.626968e+01 9.880958e-01
      vertex   6.962804e+00 9.625365e+01 1.363503e+00
    endloop
  endfacet
  facet normal 1.000000e+00 -5.009721e-16 8.726112e-17
    outer loop
      vertex   6.962804e+00 9.625365e+01 1.363503e+00
      vertex   6.962804e+00 9.631813e+01 1.733679e+00
      vertex   6.962804e+00 9.255742e+01 5.000000e-01
    endloop
  endfacet
  facet normal 1.000000e+00 -2.439014e-16 -6.963850e-16
    outer loop
      vertex   6.962804e+00 9.255742e+01 5.000000e-01
      vertex   6.962804e+00 9.631813e+01 1.733679e+00
      vertex   6.962804e+00 9.270254e+01 3.000000e+00
    endloop
  endfacet
  facet normal 1.000000e+00 -1.224081e-14 0.000000e+00
    outer loop
      vertex   6.962804e+00 9.255742e+01 5.000000e-01
      vertex   6.962804e+00 9.270254e+01 3.000000e+00
      vertex   6.962804e+00 9.255742e+01 2.993973e+00
    endloop
  endfacet
  facet normal 1.000000e+00 2.445819e-14 -8.835825e-13
    outer loop
      vertex   6.962804e+00 9.255742e+01 2.993973e+00
      vertex   6.962804e+00 9.270254e+01 3.000000e+00
      vertex   6.962804e+00 9.260573e+01 2.997320e+00
    endloop
  endfacet
  facet normal 1.000000e+00 0.000000e+00 0.000000e+00
    outer loop
      vertex   6.962804e+00 9.260573e+01 2.997320e+00
      vertex   6.962804e+00 9.270254e+01 3.000000e+00
      vertex   6.962804e+00 9.265412e+01 2.999330e+00
    endloop
  endfacet
  facet normal 1.000000e+00 0.000000e+00 -0.000000e+00
    outer loop
      vertex   6.962804e+00 9.631813e+01 1.733679e+00
      vertex   6.962804e+00 9.646014e+01 2.081557e+00
      vertex   6.962804e+00 9.270254e+01 3.000000e+00
    endloop
  endfacet
  facet normal 1.000000e+00 0.000000e+00 0.000000e+00
    outer loop
      vertex   6.962804e+00 9.270254e+01 3.000000e+00
      vertex   6.962804e+00 9.646014e+01 2.081557e+00
      vertex   6.962804e+00 9.667315e+01 2.391100e+00
    endloop
  endfacet
  facet normal 1.000000e+00 0.000000e+00 0.000000e+00
    outer loop
      vertex   6.962804e+00 9.270254e+01 3.000000e+00
      vertex   6.962804e+00 9.667315e+01 2.391100e+00
      vertex   6.962804e+00 9.694732e+01 2.648037e+00
    endloop
  endfacet
  facet normal 1.000000e+00 0.000000e+00 -0.000000e+00
    outer loop
      vertex   6.962804e+00 9.694732e+01 2.648037e+00
      vertex   6.962804e+00 9.727002e+01 2.840523e+00
      vertex   6.962804e+00 9.270254e+01 3.000000e+00
    endloop
  endfacet
  facet normal 1.000000e+00 0.000000e+00 0.000000e+00
    outer loop
      vertex   6.962804e+00 9.270254e+01 3.000000e+00
      vertex   6.962804e+00 9.727002e+01 2.840523e+00
      vertex   6.962804e+00 9.762638e+01 2.959684e+00
    endloop
  endfacet
  facet normal 1.000000e+00 -0.000000e+00 0.000000e+00
    outer loop
      vertex   6.962804e+00 9.270254e+01 3.000000e+00
      vertex   6.962804e+00 9.762638e+01 2.959684e+00
      vertex   6.962804e+00 9.799995e+01 3.000027e+00
    endloop
  endfacet
  facet normal -1.000000e+00 -0.000000e+00 -0.000000e+00
    outer loop
      vertex   5.962804e+00 9.837353e+01 2.959690e+00
      vertex   5.962804e+00 9.872989e+01 2.840533e+00
      vertex   5.962804e+00 9.799995e+01 3.000027e+00
    endloop
  endfacet
  facet normal -1.000000e+00 0.000000e+00 0.000000e+00
    outer loop
      vertex   5.962804e+00 9.799995e+01 3.000027e+00
      vertex   5.962804e+00 9.872989e+01 2.840533e+00
      vertex   5.962804e+00 9.905260e+01 2.648049e+00
    endloop
  endfacet
  facet normal -1.000000e+00 0.000000e+00 0.000000e+00
    outer loop
      vertex   5.962804e+00 9.799995e+01 3.000027e+00
      vertex   5.962804e+00 9.905260e+01 2.648049e+00
      vertex   5.962804e+00 9.932677e+01 2.391113e+00
    endloop
  endfacet
  facet normal -1.000000e+00 0.000000e+00 -0.000000e+00
    outer loop
      vertex   5.962804e+00 9.799995e+01 3.000027e+00
      vertex   5.962804e+00 9.932677e+01 2.391113e+00
      vertex   5.962804e+00 9.270254e+01 3.000000e+00
    endloop
  endfacet
  facet normal -1.000000e+00 0.000000e+00 0.000000e+00
    outer loop
      vertex   5.962804e+00 9.270254e+01 3.000000e+00
      vertex   5.962804e+00 9.932677e+01 2.391113e+00
      vertex   5.962804e+00 9.953978e+01 2.081570e+00
    endloop
  endfacet
  facet normal -1.000000e+00 0.000000e+00 -0.000000e+00
    outer loop
      vertex   5.962804e+00 9.270254e+01 3.000000e+00
      vertex   5.962804e+00 9.953978e+01 2.081570e+00
      vertex   5.962804e+00 9.137574e+01 2.391082e+00
    endloop
  endfacet
  facet normal -1.000000e+00 0.000000e+00 -0.000000e+00
    outer loop
      vertex   5.962804e+00 9.137574e+01 2.391082e+00
      vertex   5.962804e+00 9.953978e+01 2.081570e+00
      vertex   5.962804e+00 9.116274e+01 2.081540e+00
    endloop
  endfacet
  facet normal -1.000000e+00 0.000000e+00 0.000000e+00
    outer loop
      vertex   5.962804e+00 9.116274e+01 2.081540e+00
      vertex   5.962804e+00 9.953978e+01 2.081570e+00
      vertex   5.962804e+00 9.968180e+01 1.733691e+00
    endloop
  endfacet
  facet normal -1.000000e+00 0.000000e+00 -0.000000e+00
    outer loop
      vertex   5.962804e+00 9.116274e+01 2.081540e+00
      vertex   5.962804e+00 9.968180e+01 1.733691e+00
      vertex   5.962804e+00 9.102072e+01 1.733663e+00
    endloop
  endfacet
  facet normal -1.000000e+00 0.000000e+00 0.000000e+00
    outer loop
      vertex   5.962804e+00 9.102072e+01 1.733663e+00
      vertex   5.962804e+00 9.968180e+01 1.733691e+00
      vertex   5.962804e+00 9.974628e+01 1.363513e+00
    endloop
  endfacet
  facet normal -1.000000e+00 0.000000e+00 -0.000000e+00
    outer loop
      vertex   5.962804e+00 9.102072e+01 1.733663e+00
      vertex   5.962804e+00 9.974628e+01 1.363513e+00
      vertex   5.962804e+00 9.095625e+01 1.363489e+00
    endloop
  endfacet
  facet normal -1.000000e+00 0.000000e+00 0.000000e+00
    outer loop
      vertex   5.962804e+00 9.095625e+01 1.363489e+00
      vertex   5.962804e+00 9.974628e+01 1.363513e+00
      vertex   5.962804e+00 9.097228e+01 9.880841e-01
    endloop
  endfacet
  facet normal -1.000000e+00 0.000000e+00 0.000000e+00
    outer loop
      vertex   5.962804e+00 9.097228e+01 9.880841e-01
      vertex   5.962804e+00 9.974628e+01 1.363513e+00
      vertex   5.962804e+00 9.973025e+01 9.881033e-01
    endloop
  endfacet
  facet normal -1.000000e+00 0.000000e+00 0.000000e+00
    outer loop
      vertex   5.962804e+00 9.097228e+01 9.880841e-01
      vertex   5.962804e+00 9.973025e+01 9.881033e-01
      vertex   5.962804e+00 9.106808e+01 6.247554e-01
    endloop
  endfacet
  facet normal -1.000000e+00 0.000000e+00 0.000000e+00
    outer loop
      vertex   5.962804e+00 9.106808e+01 6.247554e-01
      vertex   5.962804e+00 9.973025e+01 9.881033e-01
      vertex   5.962804e+00 9.963445e+01 6.247689e-01
    endloop
  endfacet
  facet normal -1.000000e+00 0.000000e+00 0.000000e+00
    outer loop
      vertex   5.962804e+00 9.106808e+01 6.247554e-01
      vertex   5.962804e+00 9.963445e+01 6.247689e-01
      vertex   5.962804e+00 9.123924e+01 2.902535e-01
    endloop
  endfacet
  facet normal -1.000000e+00 0.000000e+00 0.000000e+00
    outer loop
      vertex   5.962804e+00 9.123924e+01 2.902535e-01
      vertex   5.962804e+00 9.963445e+01 6.247689e-01
      vertex   5.962804e+00 9.946330e+01 2.902606e-01
    endloop
  endfacet
  facet normal -1.000000e+00 0.000000e+00 0.000000e+00
    outer loop
      vertex   5.962804e+00 9.123924e+01 2.902535e-01
      vertex   5.962804e+00 9.946330e+01 2.902606e-01
      vertex   5.962804e+00 9.147786e+01 3.330669e-15
    endloop
  endfacet
  facet normal -1.000000e+00 0.000000e+00 0.000000e+00
    outer loop
      vertex   5.962804e+00 9.147786e+01 3.330669e-15
      vertex   5.962804e+00 9.946330e+01 2.902606e-01
      vertex   5.962804e+00 9.922468e+01 1.665335e-15
    endloop
  endfacet
  facet normal -1.000000e+00 0.000000e+00 0.000000e+00
    outer loop
      vertex   5.962804e+00 9.137574e+01 2.391082e+00
      vertex   5.962804e+00 9.164991e+01 2.648018e+00
      vertex   5.962804e+00 9.270254e+01 3.000000e+00
    endloop
  endfacet
  facet normal -1.000000e+00 0.000000e+00 0.000000e+00
    outer loop
      vertex   5.962804e+00 9.270254e+01 3.000000e+00
      vertex   5.962804e+00 9.164991e+01 2.648018e+00
      vertex   5.962804e+00 9.197261e+01 2.840502e+00
    endloop
  endfacet
  facet normal -1.000000e+00 0.000000e+00 0.000000e+00
    outer loop
      vertex   5.962804e+00 9.270254e+01 3.000000e+00
      vertex   5.962804e+00 9.197261e+01 2.840502e+00
      vertex   5.962804e+00 9.232896e+01 2.959661e+00
    endloop
  endfacet
  facet normal 0.000000e+00 -5.008346e-06 1.000000e+00
    outer loop
      vertex   6.962804e+00 9.270254e+01 3.000000e+00
      vertex   6.962804e+00 9.799995e+01 3.000027e+00
      vertex   5.962804e+00 9.270254e+01 3.000000e+00
    endloop
  endfacet
  facet normal 8.881789e-16 -5.008346e-06 1.000000e+00
    outer loop
      vertex   5.962804e+00 9.270254e+01 3.000000e+00
      vertex   6.962804e+00 9.799995e+01 3.000027e+00
      vertex   5.962804e+00 9.799995e+01 3.000027e+00
    endloop
  endfacet
  facet normal 1.000000e+00 0.000000e+00 0.000000e+00
    outer loop
      vertex   7.283804e+00 9.110000e+01 1.953072e+00
      vertex   7.283804e+00 9.104328e+01 1.806144e+00
      vertex   7.283804e+00 9.110000e+01 1.500000e+00
    endloop
  endfacet
  facet normal 1.000000e+00 0.000000e+00 0.000000e+00
    outer loop
      vertex   7.283804e+00 9.110000e+01 1.500000e+00
      vertex   7.283804e+00 9.104328e+01 1.806144e+00
      vertex   7.283804e+00 9.100000e+01 1.654711e+00
    endloop
  endfacet
  facet normal 1.000000e+00 -6.859141e-15 -4.433486e-15
    outer loop
      vertex   7.283804e+00 9.110000e+01 1.500000e+00
      vertex   7.283804e+00 9.100000e+01 1.654711e+00
      vertex   7.283804e+00 9.097051e+01 1.500000e+00
    endloop
  endfacet
  facet normal 7.234471e-03 -1.893019e-01 9.818923e-01
    outer loop
      vertex   7.283804e+00 9.218891e+01 2.922927e+00
      vertex   7.283804e+00 9.255742e+01 2.993973e+00
      vertex   5.962804e+00 9.232896e+01 2.959661e+00
    endloop
  endfacet
  facet normal -2.151472e-18 -1.485242e-01 9.889088e-01
    outer loop
      vertex   5.962804e+00 9.232896e+01 2.959661e+00
      vertex   7.283804e+00 9.255742e+01 2.993973e+00
      vertex   6.962804e+00 9.255742e+01 2.993973e+00
    endloop
  endfacet
  facet normal -9.586566e-03 -1.073531e-01 9.941747e-01
    outer loop
      vertex   5.962804e+00 9.232896e+01 2.959661e+00
      vertex   6.962804e+00 9.255742e+01 2.993973e+00
      vertex   5.962804e+00 9.270254e+01 3.000000e+00
    endloop
  endfacet
  facet normal -4.018849e-03 -6.912837e-02 9.975997e-01
    outer loop
      vertex   5.962804e+00 9.270254e+01 3.000000e+00
      vertex   6.962804e+00 9.255742e+01 2.993973e+00
      vertex   6.962804e+00 9.260573e+01 2.997320e+00
    endloop
  endfacet
  facet normal -1.339968e-03 -4.149851e-02 9.991377e-01
    outer loop
      vertex   5.962804e+00 9.270254e+01 3.000000e+00
      vertex   6.962804e+00 9.260573e+01 2.997320e+00
      vertex   6.962804e+00 9.265412e+01 2.999330e+00
    endloop
  endfacet
  facet normal -3.819117e-21 -1.383638e-02 9.999043e-01
    outer loop
      vertex   6.962804e+00 9.265412e+01 2.999330e+00
      vertex   6.962804e+00 9.270254e+01 3.000000e+00
      vertex   5.962804e+00 9.270254e+01 3.000000e+00
    endloop
  endfacet
  facet normal -7.248694e-03 -3.171161e-01 9.483590e-01
    outer loop
      vertex   5.962804e+00 9.232896e+01 2.959661e+00
      vertex   5.962804e+00 9.197261e+01 2.840502e+00
      vertex   7.283804e+00 9.218891e+01 2.922927e+00
    endloop
  endfacet
  facet normal 7.225925e-03 -3.943087e-01 9.189497e-01
    outer loop
      vertex   7.283804e+00 9.218891e+01 2.922927e+00
      vertex   5.962804e+00 9.197261e+01 2.840502e+00
      vertex   7.283804e+00 9.184403e+01 2.774941e+00
    endloop
  endfacet
  facet normal -7.240103e-03 -5.122571e-01 8.588016e-01
    outer loop
      vertex   7.283804e+00 9.184403e+01 2.774941e+00
      vertex   5.962804e+00 9.197261e+01 2.840502e+00
      vertex   5.962804e+00 9.164991e+01 2.648018e+00
    endloop
  endfacet
  facet normal 7.217289e-03 -5.811804e-01 8.137427e-01
    outer loop
      vertex   7.283804e+00 9.184403e+01 2.774941e+00
      vertex   5.962804e+00 9.164991e+01 2.648018e+00
      vertex   7.283804e+00 9.153863e+01 2.556821e+00
    endloop
  endfacet
  facet normal -7.231423e-03 -6.837815e-01 7.296510e-01
    outer loop
      vertex   7.283804e+00 9.153863e+01 2.556821e+00
      vertex   5.962804e+00 9.164991e+01 2.648018e+00
      vertex   5.962804e+00 9.137574e+01 2.391082e+00
    endloop
  endfacet
  facet normal 7.208564e-03 -7.413226e-01 6.711102e-01
    outer loop
      vertex   7.283804e+00 9.153863e+01 2.556821e+00
      vertex   5.962804e+00 9.137574e+01 2.391082e+00
      vertex   7.283804e+00 9.128675e+01 2.278600e+00
    endloop
  endfacet
  facet normal -7.222653e-03 -8.237817e-01 5.668612e-01
    outer loop
      vertex   7.283804e+00 9.128675e+01 2.278600e+00
      vertex   5.962804e+00 9.137574e+01 2.391082e+00
      vertex   5.962804e+00 9.116274e+01 2.081540e+00
    endloop
  endfacet
  facet normal 7.199750e-03 -8.673699e-01 4.976119e-01
    outer loop
      vertex   7.283804e+00 9.128675e+01 2.278600e+00
      vertex   5.962804e+00 9.116274e+01 2.081540e+00
      vertex   7.283804e+00 9.110000e+01 1.953072e+00
    endloop
  endfacet
  facet normal -7.213794e-03 -9.258030e-01 3.779374e-01
    outer loop
      vertex   7.283804e+00 9.110000e+01 1.953072e+00
      vertex   5.962804e+00 9.116274e+01 2.081540e+00
      vertex   5.962804e+00 9.102072e+01 1.733663e+00
    endloop
  endfacet
  facet normal -3.830233e-03 -9.328949e-01 3.601283e-01
    outer loop
      vertex   7.283804e+00 9.110000e+01 1.953072e+00
      vertex   5.962804e+00 9.102072e+01 1.733663e+00
      vertex   7.283804e+00 9.104328e+01 1.806144e+00
    endloop
  endfacet
  facet normal 1.340178e-03 -9.615014e-01 2.747969e-01
    outer loop
      vertex   7.283804e+00 9.104328e+01 1.806144e+00
      vertex   5.962804e+00 9.102072e+01 1.733663e+00
      vertex   7.283804e+00 9.100000e+01 1.654711e+00
    endloop
  endfacet
  facet normal -4.219471e-03 -9.823059e-01 1.872359e-01
    outer loop
      vertex   7.283804e+00 9.100000e+01 1.654711e+00
      vertex   5.962804e+00 9.102072e+01 1.733663e+00
      vertex   7.283804e+00 9.097051e+01 1.500000e+00
    endloop
  endfacet
  facet normal -7.094850e-03 -9.851429e-01 1.715898e-01
    outer loop
      vertex   7.283804e+00 9.097051e+01 1.500000e+00
      vertex   5.962804e+00 9.102072e+01 1.733663e+00
      vertex   5.962804e+00 9.095625e+01 1.363489e+00
    endloop
  endfacet
  facet normal 5.677522e-03 -9.987621e-01 4.941603e-02
    outer loop
      vertex   7.283804e+00 9.097051e+01 1.500000e+00
      vertex   5.962804e+00 9.095625e+01 1.363489e+00
      vertex   7.283804e+00 9.095429e+01 1.172248e+00
    endloop
  endfacet
  facet normal -7.654076e-03 -9.990599e-01 -4.266886e-02
    outer loop
      vertex   7.283804e+00 9.095429e+01 1.172248e+00
      vertex   5.962804e+00 9.095625e+01 1.363489e+00
      vertex   5.962804e+00 9.097228e+01 9.880841e-01
    endloop
  endfacet
  facet normal 5.741882e-03 -9.904275e-01 -1.379147e-01
    outer loop
      vertex   7.283804e+00 9.095429e+01 1.172248e+00
      vertex   5.962804e+00 9.097228e+01 9.880841e-01
      vertex   7.283804e+00 9.099955e+01 8.472300e-01
    endloop
  endfacet
  facet normal -7.223553e-03 -9.669245e-01 -2.549604e-01
    outer loop
      vertex   7.283804e+00 9.099955e+01 8.472300e-01
      vertex   5.962804e+00 9.097228e+01 9.880841e-01
      vertex   5.962804e+00 9.106808e+01 6.247554e-01
    endloop
  endfacet
  facet normal 4.816522e-03 -9.472710e-01 -3.203974e-01
    outer loop
      vertex   7.283804e+00 9.099955e+01 8.472300e-01
      vertex   5.962804e+00 9.106808e+01 6.247554e-01
      vertex   7.283804e+00 9.110469e+01 5.363762e-01
    endloop
  endfacet
  facet normal -5.803578e-03 -8.902160e-01 -4.555016e-01
    outer loop
      vertex   7.283804e+00 9.110469e+01 5.363762e-01
      vertex   5.962804e+00 9.106808e+01 6.247554e-01
      vertex   5.962804e+00 9.123924e+01 2.902535e-01
    endloop
  endfacet
  facet normal 2.902097e-03 -8.708068e-01 -4.916168e-01
    outer loop
      vertex   7.283804e+00 9.110469e+01 5.363762e-01
      vertex   5.962804e+00 9.123924e+01 2.902535e-01
      vertex   7.283804e+00 9.126602e+01 2.506168e-01
    endloop
  endfacet
  facet normal -3.395142e-03 -7.724656e-01 -6.350476e-01
    outer loop
      vertex   7.283804e+00 9.126602e+01 2.506168e-01
      vertex   5.962804e+00 9.123924e+01 2.902535e-01
      vertex   5.962804e+00 9.147786e+01 3.330669e-15
    endloop
  endfacet
  facet normal 4.747730e-15 -7.637184e-01 -6.455496e-01
    outer loop
      vertex   7.283804e+00 9.126602e+01 2.506168e-01
      vertex   5.962804e+00 9.147786e+01 3.330669e-15
      vertex   7.283804e+00 9.147786e+01 1.304512e-14
    endloop
  endfacet
  facet normal -4.254099e-11 -1.000000e+00 -0.000000e+00
    outer loop
      vertex   4.289840e+01 9.110000e+01 3.000000e+00
      vertex   2.827498e+01 9.110000e+01 3.000000e+00
      vertex   4.289840e+01 9.110000e+01 1.500000e+00
    endloop
  endfacet
  facet normal -4.173935e-11 -1.000000e+00 7.815106e-12
    outer loop
      vertex   4.289840e+01 9.110000e+01 1.500000e+00
      vertex   2.827498e+01 9.110000e+01 3.000000e+00
      vertex   2.799379e+01 9.110000e+01 1.500000e+00
    endloop
  endfacet
  facet normal -5.053749e-14 -1.000000e+00 0.000000e+00
    outer loop
      vertex   2.799379e+01 9.110000e+01 1.500000e+00
      vertex   2.827498e+01 9.110000e+01 3.000000e+00
      vertex   2.799379e+01 9.110000e+01 3.000000e+00
    endloop
  endfacet
  facet normal 1.000000e+00 0.000000e+00 0.000000e+00
    outer loop
      vertex   4.449069e+01 9.255720e+01 4.851375e-01
      vertex   4.449069e+01 9.255732e+01 4.900909e-01
      vertex   4.449069e+01 9.255720e+01 3.000000e+00
    endloop
  endfacet
  facet normal 1.000000e+00 -0.000000e+00 0.000000e+00
    outer loop
      vertex   4.449069e+01 9.255720e+01 3.000000e+00
      vertex   4.449069e+01 9.255732e+01 4.900909e-01
      vertex   4.449069e+01 9.255742e+01 3.000000e+00
    endloop
  endfacet
  facet normal 1.000000e+00 0.000000e+00 0.000000e+00
    outer loop
      vertex   4.449069e+01 9.255742e+01 3.000000e+00
      vertex   4.449069e+01 9.255732e+01 4.900909e-01
      vertex   4.449069e+01 9.255740e+01 4.950452e-01
    endloop
  endfacet
  facet normal 1.000000e+00 0.000000e+00 0.000000e+00
    outer loop
      vertex   4.449069e+01 9.255742e+01 3.000000e+00
      vertex   4.449069e+01 9.255740e+01 4.950452e-01
      vertex   4.449069e+01 9.255742e+01 5.000000e-01
    endloop
  endfacet
  facet normal -2.398678e-15 -8.887751e-16 -1.000000e+00
    outer loop
      vertex   4.449071e+01 5.750008e+01 1.132176e-15
      vertex   4.449071e+01 5.877394e+01 0.000000e+00
      vertex   4.496271e+01 5.750008e+01 0.000000e+00
    endloop
  endfacet
  facet normal 0.000000e+00 0.000000e+00 -1.000000e+00
    outer loop
      vertex   4.496271e+01 5.750008e+01 0.000000e+00
      vertex   4.449071e+01 5.877394e+01 0.000000e+00
      vertex   4.596271e+01 5.877394e+01 0.000000e+00
    endloop
  endfacet
  facet normal 0.000000e+00 0.000000e+00 -1.000000e+00
    outer loop
      vertex   4.496271e+01 5.750008e+01 0.000000e+00
      vertex   4.596271e+01 5.877394e+01 0.000000e+00
      vertex   4.496271e+01 5.292729e+01 0.000000e+00
    endloop
  endfacet
  facet normal 0.000000e+00 0.000000e+00 -1.000000e+00
    outer loop
      vertex   4.496271e+01 5.292729e+01 0.000000e+00
      vertex   4.596271e+01 5.877394e+01 0.000000e+00
      vertex   4.596271e+01 5.047786e+01 0.000000e+00
    endloop
  endfacet
  facet normal 0.000000e+00 -0.000000e+00 -1.000000e+00
    outer loop
      vertex   4.496271e+01 5.292729e+01 0.000000e+00
      vertex   4.596271e+01 5.047786e+01 0.000000e+00
      vertex   5.962804e+00 5.047786e+01 0.000000e+00
    endloop
  endfacet
  facet normal -0.000000e+00 0.000000e+00 -1.000000e+00
    outer loop
      vertex   4.496271e+01 5.292729e+01 0.000000e+00
      vertex   5.962804e+00 5.047786e+01 0.000000e+00
      vertex   6.962804e+00 5.292729e+01 0.000000e+00
    endloop
  endfacet
  facet normal -0.000000e+00 0.000000e+00 -1.000000e+00
    outer loop
      vertex   6.962804e+00 5.292729e+01 0.000000e+00
      vertex   5.962804e+00 5.047786e+01 0.000000e+00
      vertex   5.962804e+00 5.822472e+01 0.000000e+00
    endloop
  endfacet
  facet normal 0.000000e+00 0.000000e+00 -1.000000e+00
    outer loop
      vertex   6.962804e+00 5.292729e+01 0.000000e+00
      vertex   5.962804e+00 5.822472e+01 0.000000e+00
      vertex   6.962804e+00 5.749934e+01 0.000000e+00
    endloop
  endfacet
  facet normal 0.000000e+00 0.000000e+00 -1.000000e+00
    outer loop
      vertex   6.962804e+00 5.749934e+01 0.000000e+00
      vertex   5.962804e+00 5.822472e+01 0.000000e+00
      vertex   7.283804e+00 5.822472e+01 0.000000e+00
    endloop
  endfacet
  facet normal 0.000000e+00 0.000000e+00 -1.000000e+00
    outer loop
      vertex   6.962804e+00 5.749934e+01 0.000000e+00
      vertex   7.283804e+00 5.822472e+01 0.000000e+00
      vertex   7.283804e+00 5.750000e+01 0.000000e+00
    endloop
  endfacet
  facet normal 0.000000e+00 0.000000e+00 -1.000000e+00
    outer loop
      vertex   7.283804e+00 5.750000e+01 0.000000e+00
      vertex   7.283804e+00 5.822472e+01 0.000000e+00
      vertex   2.033000e+01 5.808000e+01 0.000000e+00
    endloop
  endfacet
  facet normal 0.000000e+00 0.000000e+00 -1.000000e+00
    outer loop
      vertex   7.283804e+00 5.750000e+01 0.000000e+00
      vertex   2.033000e+01 5.808000e+01 0.000000e+00
      vertex   2.656007e+01 5.750000e+01 0.000000e+00
    endloop
  endfacet
  facet normal 0.000000e+00 0.000000e+00 -1.000000e+00
    outer loop
      vertex   2.656007e+01 5.750000e+01 0.000000e+00
      vertex   2.033000e+01 5.808000e+01 0.000000e+00
      vertex   2.380000e+01 5.808000e+01 0.000000e+00
    endloop
  endfacet
  facet normal 0.000000e+00 0.000000e+00 -1.000000e+00
    outer loop
      vertex   2.656007e+01 5.750000e+01 0.000000e+00
      vertex   2.380000e+01 5.808000e+01 0.000000e+00
      vertex   2.590000e+01 5.960000e+01 0.000000e+00
    endloop
  endfacet
  facet normal -9.733758e-16 3.922974e-16 -1.000000e+00
    outer loop
      vertex   7.283804e+00 9.147786e+01 1.304512e-14
      vertex   2.034000e+01 9.062000e+01 0.000000e+00
      vertex   7.283804e+00 5.822472e+01 0.000000e+00
    endloop
  endfacet
  facet normal 0.000000e+00 0.000000e+00 -1.000000e+00
    outer loop
      vertex   7.283804e+00 5.822472e+01 0.000000e+00
      vertex   2.034000e+01 9.062000e+01 0.000000e+00
      vertex   2.033000e+01 5.884000e+01 0.000000e+00
    endloop
  endfacet
  facet normal 0.000000e+00 0.000000e+00 -1.000000e+00
    outer loop
      vertex   7.283804e+00 5.822472e+01 0.000000e+00
      vertex   2.033000e+01 5.884000e+01 0.000000e+00
      vertex   2.033000e+01 5.808000e+01 0.000000e+00
    endloop
  endfacet
  facet normal 7.353862e-15 -1.843552e-14 -1.000000e+00
    outer loop
      vertex   5.962804e+00 9.147786e+01 3.330669e-15
      vertex   6.962804e+00 9.205742e+01 0.000000e+00
      vertex   7.283804e+00 9.147786e+01 1.304512e-14
    endloop
  endfacet
  facet normal -1.226226e-15 -2.318774e-14 -1.000000e+00
    outer loop
      vertex   7.283804e+00 9.147786e+01 1.304512e-14
      vertex   6.962804e+00 9.205742e+01 0.000000e+00
      vertex   2.034000e+01 9.135000e+01 0.000000e+00
    endloop
  endfacet
  facet normal -9.991517e-16 -1.313937e-30 -1.000000e+00
    outer loop
      vertex   7.283804e+00 9.147786e+01 1.304512e-14
      vertex   2.034000e+01 9.135000e+01 0.000000e+00
      vertex   2.034000e+01 9.062000e+01 0.000000e+00
    endloop
  endfacet
  facet normal -3.535247e-15 3.529876e-16 -1.000000e+00
    outer loop
      vertex   6.962804e+00 9.205742e+01 0.000000e+00
      vertex   5.962804e+00 9.147786e+01 3.330669e-15
      vertex   6.962804e+00 9.677525e+01 1.665335e-15
    endloop
  endfacet
  facet normal -5.265550e-16 -2.149699e-16 -1.000000e+00
    outer loop
      vertex   6.962804e+00 9.677525e+01 1.665335e-15
      vertex   5.962804e+00 9.147786e+01 3.330669e-15
      vertex   5.962804e+00 9.922468e+01 1.665335e-15
    endloop
  endfacet
  facet normal -1.249004e-16 -5.099150e-17 -1.000000e+00
    outer loop
      vertex   6.962804e+00 9.677525e+01 1.665335e-15
      vertex   5.962804e+00 9.922468e+01 1.665335e-15
      vertex   4.596271e+01 9.922468e+01 -3.330669e-15
    endloop
  endfacet
  facet normal -1.022576e-16 -4.115093e-16 -1.000000e+00
    outer loop
      vertex   6.962804e+00 9.677525e+01 1.665335e-15
      vertex   4.596271e+01 9.922468e+01 -3.330669e-15
      vertex   4.496271e+01 9.677525e+01 -2.220446e-15
    endloop
  endfacet
  facet normal -6.280138e-16 -1.968655e-16 -1.000000e+00
    outer loop
      vertex   4.496271e+01 9.677525e+01 -2.220446e-15
      vertex   4.596271e+01 9.922468e+01 -3.330669e-15
      vertex   4.596271e+01 9.067907e+01 -1.648333e-15
    endloop
  endfacet
  facet normal -7.450694e-15 -1.316039e-15 -1.000000e+00
    outer loop
      vertex   4.496271e+01 9.677525e+01 -2.220446e-15
      vertex   4.596271e+01 9.067907e+01 -1.648333e-15
      vertex   4.496271e+01 9.255720e+01 3.330669e-15
    endloop
  endfacet
  facet normal -4.978624e-15 2.013707e-19 -1.000000e+00
    outer loop
      vertex   4.496271e+01 9.255720e+01 3.330669e-15
      vertex   4.596271e+01 9.067907e+01 -1.648333e-15
      vertex   4.496269e+01 9.205742e+01 3.330669e-15
    endloop
  endfacet
  facet normal -0.000000e+00 0.000000e+00 -1.000000e+00
    outer loop
      vertex   4.496271e+01 9.255720e+01 3.330669e-15
      vertex   4.496269e+01 9.205742e+01 3.330669e-15
      vertex   4.496269e+01 9.255720e+01 3.330669e-15
    endloop
  endfacet
  facet normal -1.119914e-15 2.799769e-15 -1.000000e+00
    outer loop
      vertex   4.596271e+01 9.067907e+01 -1.648333e-15
      vertex   4.449087e+01 9.067907e+01 0.000000e+00
      vertex   4.496269e+01 9.205742e+01 3.330669e-15
    endloop
  endfacet
  facet normal -3.927076e-15 3.760679e-15 -1.000000e+00
    outer loop
      vertex   4.496269e+01 9.205742e+01 3.330669e-15
      vertex   4.449087e+01 9.067907e+01 0.000000e+00
      vertex   4.399069e+01 9.015676e+01 0.000000e+00
    endloop
  endfacet
  facet normal 1.962808e-16 1.651993e-15 -1.000000e+00
    outer loop
      vertex   4.496269e+01 9.205742e+01 3.330669e-15
      vertex   4.399069e+01 9.015676e+01 0.000000e+00
      vertex   2.799379e+01 9.205742e+01 0.000000e+00
    endloop
  endfacet
  facet normal 0.000000e+00 0.000000e+00 -1.000000e+00
    outer loop
      vertex   2.799379e+01 9.205742e+01 0.000000e+00
      vertex   4.399069e+01 9.015676e+01 0.000000e+00
      vertex   2.799379e+01 9.106862e+01 0.000000e+00
    endloop
  endfacet
  facet normal 0.000000e+00 -0.000000e+00 -1.000000e+00
    outer loop
      vertex   2.799379e+01 9.106862e+01 0.000000e+00
      vertex   4.399069e+01 9.015676e+01 0.000000e+00
      vertex   2.766325e+01 9.004057e+01 0.000000e+00
    endloop
  endfacet
  facet normal 0.000000e+00 -0.000000e+00 -1.000000e+00
    outer loop
      vertex   2.766325e+01 9.004057e+01 0.000000e+00
      vertex   4.399069e+01 9.015676e+01 0.000000e+00
      vertex   2.702729e+01 8.937273e+01 0.000000e+00
    endloop
  endfacet
  facet normal 0.000000e+00 0.000000e+00 -1.000000e+00
    outer loop
      vertex   2.702729e+01 8.937273e+01 0.000000e+00
      vertex   4.399069e+01 9.015676e+01 0.000000e+00
      vertex   4.399069e+01 5.930000e+01 0.000000e+00
    endloop
  endfacet
  facet normal 0.000000e+00 0.000000e+00 -1.000000e+00
    outer loop
      vertex   2.702729e+01 8.937273e+01 0.000000e+00
      vertex   4.399069e+01 5.930000e+01 0.000000e+00
      vertex   2.703402e+01 6.003775e+01 0.000000e+00
    endloop
  endfacet
  facet normal 0.000000e+00 0.000000e+00 -1.000000e+00
    outer loop
      vertex   2.703402e+01 6.003775e+01 0.000000e+00
      vertex   4.399069e+01 5.930000e+01 0.000000e+00
      vertex   2.770000e+01 5.940000e+01 0.000000e+00
    endloop
  endfacet
  facet normal 0.000000e+00 0.000000e+00 -1.000000e+00
    outer loop
      vertex   2.770000e+01 5.940000e+01 0.000000e+00
      vertex   4.399069e+01 5.930000e+01 0.000000e+00
      vertex   2.800000e+01 5.860000e+01 0.000000e+00
    endloop
  endfacet
  facet normal 0.000000e+00 0.000000e+00 -1.000000e+00
    outer loop
      vertex   2.800000e+01 5.860000e+01 0.000000e+00
      vertex   4.399069e+01 5.930000e+01 0.000000e+00
      vertex   2.800000e+01 5.750000e+01 0.000000e+00
    endloop
  endfacet
  facet normal 8.079086e-16 -7.177230e-15 -1.000000e+00
    outer loop
      vertex   2.800000e+01 5.750000e+01 0.000000e+00
      vertex   4.399069e+01 5.930000e+01 0.000000e+00
      vertex   4.449033e+01 5.750000e+01 1.332268e-14
    endloop
  endfacet
  facet normal 2.666462e-14 -1.052575e-28 -1.000000e+00
    outer loop
      vertex   4.449033e+01 5.750000e+01 1.332268e-14
      vertex   4.399069e+01 5.930000e+01 0.000000e+00
      vertex   4.449033e+01 5.930000e+01 1.332268e-14
    endloop
  endfacet
  facet normal 0.000000e+00 -0.000000e+00 -1.000000e+00
    outer loop
      vertex   4.449087e+01 9.067907e+01 0.000000e+00
      vertex   4.449087e+01 9.015676e+01 0.000000e+00
      vertex   4.399069e+01 9.015676e+01 0.000000e+00
    endloop
  endfacet
  facet normal 0.000000e+00 -0.000000e+00 -1.000000e+00
    outer loop
      vertex   2.702729e+01 8.937273e+01 0.000000e+00
      vertex   2.703402e+01 6.003775e+01 0.000000e+00
      vertex   2.630000e+01 8.910000e+01 0.000000e+00
    endloop
  endfacet
  facet normal 0.000000e+00 0.000000e+00 -1.000000e+00
    outer loop
      vertex   2.630000e+01 8.910000e+01 0.000000e+00
      vertex   2.703402e+01 6.003775e+01 0.000000e+00
      vertex   2.630000e+01 6.030000e+01 0.000000e+00
    endloop
  endfacet
  facet normal 0.000000e+00 -0.000000e+00 -1.000000e+00
    outer loop
      vertex   2.630000e+01 8.910000e+01 0.000000e+00
      vertex   2.630000e+01 6.030000e+01 0.000000e+00
      vertex   2.571060e+01 6.034821e+01 0.000000e+00
    endloop
  endfacet
  facet normal -0.000000e+00 0.000000e+00 -1.000000e+00
    outer loop
      vertex   2.368082e+01 5.903039e+01 0.000000e+00
      vertex   2.033000e+01 5.884000e+01 0.000000e+00
      vertex   2.571060e+01 6.034821e+01 0.000000e+00
    endloop
  endfacet
  facet normal -0.000000e+00 0.000000e+00 -1.000000e+00
    outer loop
      vertex   2.571060e+01 6.034821e+01 0.000000e+00
      vertex   2.033000e+01 5.884000e+01 0.000000e+00
      vertex   2.572000e+01 8.907000e+01 0.000000e+00
    endloop
  endfacet
  facet normal 0.000000e+00 0.000000e+00 -1.000000e+00
    outer loop
      vertex   2.571060e+01 6.034821e+01 0.000000e+00
      vertex   2.572000e+01 8.907000e+01 0.000000e+00
      vertex   2.630000e+01 8.910000e+01 0.000000e+00
    endloop
  endfacet
  facet normal 0.000000e+00 0.000000e+00 -1.000000e+00
    outer loop
      vertex   2.368082e+01 5.903039e+01 0.000000e+00
      vertex   2.349493e+01 5.885411e+01 0.000000e+00
      vertex   2.033000e+01 5.884000e+01 0.000000e+00
    endloop
  endfacet
  facet normal 0.000000e+00 0.000000e+00 -1.000000e+00
    outer loop
      vertex   2.590000e+01 5.960000e+01 0.000000e+00
      vertex   2.615000e+01 5.960000e+01 0.000000e+00
      vertex   2.656007e+01 5.750000e+01 0.000000e+00
    endloop
  endfacet
  facet normal 0.000000e+00 0.000000e+00 -1.000000e+00
    outer loop
      vertex   2.656007e+01 5.750000e+01 0.000000e+00
      vertex   2.615000e+01 5.960000e+01 0.000000e+00
      vertex   2.660862e+01 5.945007e+01 0.000000e+00
    endloop
  endfacet
  facet normal 0.000000e+00 0.000000e+00 -1.000000e+00
    outer loop
      vertex   2.656007e+01 5.750000e+01 0.000000e+00
      vertex   2.660862e+01 5.945007e+01 0.000000e+00
      vertex   2.700000e+01 5.900000e+01 0.000000e+00
    endloop
  endfacet
  facet normal 0.000000e+00 -0.000000e+00 -1.000000e+00
    outer loop
      vertex   2.700000e+01 5.900000e+01 0.000000e+00
      vertex   2.716274e+01 5.845815e+01 0.000000e+00
      vertex   2.656007e+01 5.750000e+01 0.000000e+00
    endloop
  endfacet
  facet normal 0.000000e+00 0.000000e+00 -1.000000e+00
    outer loop
      vertex   2.656007e+01 5.750000e+01 0.000000e+00
      vertex   2.716274e+01 5.845815e+01 0.000000e+00
      vertex   2.708137e+01 5.796539e+01 0.000000e+00
    endloop
  endfacet
  facet normal 0.000000e+00 -0.000000e+00 -1.000000e+00
    outer loop
      vertex   7.283804e+00 5.750000e+01 0.000000e+00
      vertex   7.283804e+00 5.749934e+01 0.000000e+00
      vertex   6.962804e+00 5.749934e+01 0.000000e+00
    endloop
  endfacet
  facet normal 7.125368e-18 1.347396e-16 -1.000000e+00
    outer loop
      vertex   6.962804e+00 9.205742e+01 0.000000e+00
      vertex   2.643940e+01 9.205742e+01 1.387779e-16
      vertex   2.034000e+01 9.135000e+01 0.000000e+00
    endloop
  endfacet
  facet normal 0.000000e+00 1.961748e-16 -1.000000e+00
    outer loop
      vertex   2.034000e+01 9.135000e+01 0.000000e+00
      vertex   2.643940e+01 9.205742e+01 1.387779e-16
      vertex   2.382000e+01 9.135000e+01 0.000000e+00
    endloop
  endfacet
  facet normal 3.958105e-17 4.961619e-17 -1.000000e+00
    outer loop
      vertex   2.382000e+01 9.135000e+01 0.000000e+00
      vertex   2.643940e+01 9.205742e+01 1.387779e-16
      vertex   2.424500e+01 9.101096e+01 0.000000e+00
    endloop
  endfacet
  facet normal 0.000000e+00 0.000000e+00 -1.000000e+00
    outer loop
      vertex   2.382000e+01 9.135000e+01 0.000000e+00
      vertex   2.424500e+01 9.101096e+01 0.000000e+00
      vertex   2.412000e+01 9.108000e+01 0.000000e+00
    endloop
  endfacet
  facet normal -2.396202e-16 -3.501145e-17 -1.000000e+00
    outer loop
      vertex   2.710000e+01 9.150000e+01 0.000000e+00
      vertex   2.717503e+01 9.098651e+01 0.000000e+00
      vertex   2.643940e+01 9.205742e+01 1.387779e-16
    endloop
  endfacet
  facet normal -1.288984e-16 4.104576e-17 -1.000000e+00
    outer loop
      vertex   2.643940e+01 9.205742e+01 1.387779e-16
      vertex   2.717503e+01 9.098651e+01 0.000000e+00
      vertex   2.699849e+01 9.043213e+01 0.000000e+00
    endloop
  endfacet
  facet normal -6.546511e-17 6.286656e-17 -1.000000e+00
    outer loop
      vertex   2.643940e+01 9.205742e+01 1.387779e-16
      vertex   2.699849e+01 9.043213e+01 0.000000e+00
      vertex   2.660611e+01 9.002352e+01 0.000000e+00
    endloop
  endfacet
  facet normal -2.399439e-17 6.626577e-17 -1.000000e+00
    outer loop
      vertex   2.660611e+01 9.002352e+01 0.000000e+00
      vertex   2.616167e+01 8.986260e+01 0.000000e+00
      vertex   2.643940e+01 9.205742e+01 1.387779e-16
    endloop
  endfacet
  facet normal -5.335990e-18 6.390482e-17 -1.000000e+00
    outer loop
      vertex   2.643940e+01 9.205742e+01 1.387779e-16
      vertex   2.616167e+01 8.986260e+01 0.000000e+00
      vertex   2.591556e+01 8.984205e+01 0.000000e+00
    endloop
  endfacet
  facet normal 3.681389e-17 5.393833e-17 -1.000000e+00
    outer loop
      vertex   2.643940e+01 9.205742e+01 1.387779e-16
      vertex   2.591556e+01 8.984205e+01 0.000000e+00
      vertex   2.442309e+01 9.086069e+01 0.000000e+00
    endloop
  endfacet
  facet normal 4.040628e-17 4.788571e-17 -1.000000e+00
    outer loop
      vertex   2.442309e+01 9.086069e+01 0.000000e+00
      vertex   2.424500e+01 9.101096e+01 0.000000e+00
      vertex   2.643940e+01 9.205742e+01 1.387779e-16
    endloop
  endfacet
  facet normal -0.000000e+00 -0.000000e+00 -1.000000e+00
    outer loop
      vertex   2.351000e+01 9.061000e+01 0.000000e+00
      vertex   2.368318e+01 9.044509e+01 0.000000e+00
      vertex   2.034000e+01 9.062000e+01 0.000000e+00
    endloop
  endfacet
  facet normal 0.000000e+00 0.000000e+00 -1.000000e+00
    outer loop
      vertex   2.034000e+01 9.062000e+01 0.000000e+00
      vertex   2.368318e+01 9.044509e+01 0.000000e+00
      vertex   2.398000e+01 9.025000e+01 0.000000e+00
    endloop
  endfacet
  facet normal 0.000000e+00 0.000000e+00 -1.000000e+00
    outer loop
      vertex   2.034000e+01 9.062000e+01 0.000000e+00
      vertex   2.398000e+01 9.025000e+01 0.000000e+00
      vertex   2.572000e+01 8.907000e+01 0.000000e+00
    endloop
  endfacet
  facet normal 0.000000e+00 0.000000e+00 -1.000000e+00
    outer loop
      vertex   2.368318e+01 9.044509e+01 0.000000e+00
      vertex   2.382000e+01 9.038000e+01 0.000000e+00
      vertex   2.398000e+01 9.025000e+01 0.000000e+00
    endloop
  endfacet
  facet normal 0.000000e+00 -0.000000e+00 -1.000000e+00
    outer loop
      vertex   2.034000e+01 9.062000e+01 0.000000e+00
      vertex   2.572000e+01 8.907000e+01 0.000000e+00
      vertex   2.033000e+01 5.884000e+01 0.000000e+00
    endloop
  endfacet
  facet normal -1.000000e+00 0.000000e+00 -0.000000e+00
    outer loop
      vertex   4.496269e+01 9.255720e+01 4.851375e-01
      vertex   4.496269e+01 9.255720e+01 3.330669e-15
      vertex   4.496269e+01 9.253703e+01 3.586663e-01
    endloop
  endfacet
  facet normal -1.000000e+00 0.000000e+00 -0.000000e+00
    outer loop
      vertex   4.496269e+01 9.253703e+01 3.586663e-01
      vertex   4.496269e+01 9.255720e+01 3.330669e-15
      vertex   4.496269e+01 9.248539e+01 2.414675e-01
    endloop
  endfacet
  facet normal -1.000000e+00 0.000000e+00 -0.000000e+00
    outer loop
      vertex   4.496269e+01 9.248539e+01 2.414675e-01
      vertex   4.496269e+01 9.255720e+01 3.330669e-15
      vertex   4.496269e+01 9.240568e+01 1.412304e-01
    endloop
  endfacet
  facet normal -1.000000e+00 0.000000e+00 -0.000000e+00
    outer loop
      vertex   4.496269e+01 9.240568e+01 1.412304e-01
      vertex   4.496269e+01 9.255720e+01 3.330669e-15
      vertex   4.496269e+01 9.230312e+01 6.453115e-02
    endloop
  endfacet
  facet normal -1.000000e+00 0.000000e+00 -0.000000e+00
    outer loop
      vertex   4.496269e+01 9.230312e+01 6.453115e-02
      vertex   4.496269e+01 9.255720e+01 3.330669e-15
      vertex   4.496269e+01 9.218444e+01 1.640181e-02
    endloop
  endfacet
  facet normal -1.000000e+00 0.000000e+00 -0.000000e+00
    outer loop
      vertex   4.496269e+01 9.218444e+01 1.640181e-02
      vertex   4.496269e+01 9.255720e+01 3.330669e-15
      vertex   4.496269e+01 9.205742e+01 3.330669e-15
    endloop
  endfacet
  facet normal 1.000000e+00 9.930741e-15 9.930741e-15
    outer loop
      vertex   4.449033e+01 5.930000e+01 3.950000e+00
      vertex   4.449033e+01 5.905000e+01 4.200000e+00
      vertex   4.449033e+01 5.930000e+01 2.519004e+00
    endloop
  endfacet
  facet normal 1.000000e+00 0.000000e+00 8.453828e-15
    outer loop
      vertex   4.449033e+01 5.930000e+01 2.519004e+00
      vertex   4.449033e+01 5.905000e+01 4.200000e+00
      vertex   4.449033e+01 5.800000e+01 4.200000e+00
    endloop
  endfacet
  facet normal 1.000000e+00 -3.785891e-15 5.526007e-15
    outer loop
      vertex   4.449033e+01 5.930000e+01 2.519004e+00
      vertex   4.449033e+01 5.800000e+01 4.200000e+00
      vertex   4.449033e+01 5.750000e+01 1.332268e-14
    endloop
  endfacet
  facet normal 1.000000e+00 -5.761157e-15 5.761157e-15
    outer loop
      vertex   4.449033e+01 5.750000e+01 1.332268e-14
      vertex   4.449033e+01 5.800000e+01 4.200000e+00
      vertex   4.449033e+01 5.700000e+01 3.200000e+00
    endloop
  endfacet
  facet normal 1.000000e+00 7.894920e-15 7.894920e-15
    outer loop
      vertex   4.449033e+01 5.750000e+01 1.332268e-14
      vertex   4.449033e+01 5.700000e+01 3.200000e+00
      vertex   4.449033e+01 5.700000e+01 5.000000e-01
    endloop
  endfacet
  facet normal 1.000000e+00 0.000000e+00 0.000000e+00
    outer loop
      vertex   4.449033e+01 5.929148e+01 4.014705e+00
      vertex   4.449033e+01 5.926651e+01 4.075000e+00
      vertex   4.449033e+01 5.930000e+01 3.950000e+00
    endloop
  endfacet
  facet normal 1.000000e+00 0.000000e+00 0.000000e+00
    outer loop
      vertex   4.449033e+01 5.930000e+01 3.950000e+00
      vertex   4.449033e+01 5.926651e+01 4.075000e+00
      vertex   4.449033e+01 5.922678e+01 4.126777e+00
    endloop
  endfacet
  facet normal 1.000000e+00 0.000000e+00 0.000000e+00
    outer loop
      vertex   4.449033e+01 5.930000e+01 3.950000e+00
      vertex   4.449033e+01 5.922678e+01 4.126777e+00
      vertex   4.449033e+01 5.917500e+01 4.166506e+00
    endloop
  endfacet
  facet normal 1.000000e+00 0.000000e+00 0.000000e+00
    outer loop
      vertex   4.449033e+01 5.917500e+01 4.166506e+00
      vertex   4.449033e+01 5.911470e+01 4.191481e+00
      vertex   4.449033e+01 5.930000e+01 3.950000e+00
    endloop
  endfacet
  facet normal 1.000000e+00 0.000000e+00 0.000000e+00
    outer loop
      vertex   4.449033e+01 5.930000e+01 3.950000e+00
      vertex   4.449033e+01 5.911470e+01 4.191481e+00
      vertex   4.449033e+01 5.905000e+01 4.200000e+00
    endloop
  endfacet
  facet normal 1.000000e+00 0.000000e+00 0.000000e+00
    outer loop
      vertex   4.449033e+01 5.800000e+01 4.200000e+00
      vertex   4.449033e+01 5.774118e+01 4.165926e+00
      vertex   4.449033e+01 5.700000e+01 3.200000e+00
    endloop
  endfacet
  facet normal 1.000000e+00 0.000000e+00 0.000000e+00
    outer loop
      vertex   4.449033e+01 5.700000e+01 3.200000e+00
      vertex   4.449033e+01 5.774118e+01 4.165926e+00
      vertex   4.449033e+01 5.750000e+01 4.066025e+00
    endloop
  endfacet
  facet normal 1.000000e+00 0.000000e+00 0.000000e+00
    outer loop
      vertex   4.449033e+01 5.700000e+01 3.200000e+00
      vertex   4.449033e+01 5.750000e+01 4.066025e+00
      vertex   4.449033e+01 5.729289e+01 3.907107e+00
    endloop
  endfacet
  facet normal 1.000000e+00 0.000000e+00 0.000000e+00
    outer loop
      vertex   4.449033e+01 5.729289e+01 3.907107e+00
      vertex   4.449033e+01 5.713397e+01 3.700000e+00
      vertex   4.449033e+01 5.700000e+01 3.200000e+00
    endloop
  endfacet
  facet normal 1.000000e+00 0.000000e+00 0.000000e+00
    outer loop
      vertex   4.449033e+01 5.700000e+01 3.200000e+00
      vertex   4.449033e+01 5.713397e+01 3.700000e+00
      vertex   4.449033e+01 5.703407e+01 3.458819e+00
    endloop
  endfacet
  facet normal 1.000000e+00 -5.829521e-13 -2.414667e-13
    outer loop
      vertex   4.449033e+01 5.701704e+01 3.705905e-01
      vertex   4.449033e+01 5.706699e+01 2.500000e-01
      vertex   4.449033e+01 5.700000e+01 5.000000e-01
    endloop
  endfacet
  facet normal 1.000000e+00 -1.707427e-13 -1.310155e-13
    outer loop
      vertex   4.449033e+01 5.700000e+01 5.000000e-01
      vertex   4.449033e+01 5.706699e+01 2.500000e-01
      vertex   4.449033e+01 5.714645e+01 1.464466e-01
    endloop
  endfacet
  facet normal 1.000000e+00 -6.781862e-14 -8.838294e-14
    outer loop
      vertex   4.449033e+01 5.700000e+01 5.000000e-01
      vertex   4.449033e+01 5.714645e+01 1.464466e-01
      vertex   4.449033e+01 5.725000e+01 6.698730e-02
    endloop
  endfacet
  facet normal 1.000000e+00 -2.679995e-14 -6.470080e-14
    outer loop
      vertex   4.449033e+01 5.725000e+01 6.698730e-02
      vertex   4.449033e+01 5.737059e+01 1.703709e-02
      vertex   4.449033e+01 5.700000e+01 5.000000e-01
    endloop
  endfacet
  facet normal 1.000000e+00 -1.896932e-13 -1.896932e-13
    outer loop
      vertex   4.449033e+01 5.700000e+01 5.000000e-01
      vertex   4.449033e+01 5.737059e+01 1.703709e-02
      vertex   4.449033e+01 5.750000e+01 1.332268e-14
    endloop
  endfacet
  facet normal 1.000000e+00 -3.947460e-15 0.000000e+00
    outer loop
      vertex   4.449033e+01 5.930000e+01 1.332268e-14
      vertex   4.449033e+01 5.930000e+01 4.809964e-01
      vertex   4.449033e+01 5.750000e+01 1.332268e-14
    endloop
  endfacet
  facet normal 1.000000e+00 -5.810764e-15 6.972917e-15
    outer loop
      vertex   4.449033e+01 5.750000e+01 1.332268e-14
      vertex   4.449033e+01 5.930000e+01 4.809964e-01
      vertex   4.449033e+01 5.930000e+01 2.519004e+00
    endloop
  endfacet
  facet normal 0.000000e+00 1.000000e+00 0.000000e+00
    outer loop
      vertex   4.399069e+01 5.930000e+01 0.000000e+00
      vertex   4.411703e+01 5.930000e+01 1.622684e-02
      vertex   4.449033e+01 5.930000e+01 1.332268e-14
    endloop
  endfacet
  facet normal 0.000000e+00 1.000000e+00 0.000000e+00
    outer loop
      vertex   4.449033e+01 5.930000e+01 1.332268e-14
      vertex   4.411703e+01 5.930000e+01 1.622684e-02
      vertex   4.423518e+01 5.930000e+01 6.385412e-02
    endloop
  endfacet
  facet normal 0.000000e+00 1.000000e+00 0.000000e+00
    outer loop
      vertex   4.449033e+01 5.930000e+01 1.332268e-14
      vertex   4.423518e+01 5.930000e+01 6.385412e-02
      vertex   4.433746e+01 5.930000e+01 1.397905e-01
    endloop
  endfacet
  facet normal -0.000000e+00 1.000000e+00 0.000000e+00
    outer loop
      vertex   4.433746e+01 5.930000e+01 1.397905e-01
      vertex   4.441723e+01 5.930000e+01 2.391071e-01
      vertex   4.449033e+01 5.930000e+01 1.332268e-14
    endloop
  endfacet
  facet normal 0.000000e+00 1.000000e+00 0.000000e+00
    outer loop
      vertex   4.449033e+01 5.930000e+01 1.332268e-14
      vertex   4.441723e+01 5.930000e+01 2.391071e-01
      vertex   4.446931e+01 5.930000e+01 3.553575e-01
    endloop
  endfacet
  facet normal 0.000000e+00 1.000000e+00 -0.000000e+00
    outer loop
      vertex   4.449033e+01 5.930000e+01 1.332268e-14
      vertex   4.446931e+01 5.930000e+01 3.553575e-01
      vertex   4.449033e+01 5.930000e+01 4.809964e-01
    endloop
  endfacet
  facet normal 0.000000e+00 0.000000e+00 1.000000e+00
    outer loop
      vertex   4.289840e+01 9.110000e+01 1.500000e+00
      vertex   2.702729e+01 8.937273e+01 1.500000e+00
      vertex   4.289840e+01 5.870000e+01 1.500000e+00
    endloop
  endfacet
  facet normal 0.000000e+00 0.000000e+00 1.000000e+00
    outer loop
      vertex   4.289840e+01 5.870000e+01 1.500000e+00
      vertex   2.702729e+01 8.937273e+01 1.500000e+00
      vertex   2.703402e+01 6.003775e+01 1.500000e+00
    endloop
  endfacet
  facet normal 0.000000e+00 0.000000e+00 1.000000e+00
    outer loop
      vertex   4.289840e+01 5.870000e+01 1.500000e+00
      vertex   2.703402e+01 6.003775e+01 1.500000e+00
      vertex   2.770000e+01 5.940000e+01 1.500000e+00
    endloop
  endfacet
  facet normal 0.000000e+00 0.000000e+00 1.000000e+00
    outer loop
      vertex   2.799379e+01 9.110000e+01 1.500000e+00
      vertex   2.799379e+01 9.106862e+01 1.500000e+00
      vertex   4.289840e+01 9.110000e+01 1.500000e+00
    endloop
  endfacet
  facet normal 0.000000e+00 0.000000e+00 1.000000e+00
    outer loop
      vertex   4.289840e+01 9.110000e+01 1.500000e+00
      vertex   2.799379e+01 9.106862e+01 1.500000e+00
      vertex   2.766325e+01 9.004057e+01 1.500000e+00
    endloop
  endfacet
  facet normal 0.000000e+00 0.000000e+00 1.000000e+00
    outer loop
      vertex   4.289840e+01 9.110000e+01 1.500000e+00
      vertex   2.766325e+01 9.004057e+01 1.500000e+00
      vertex   2.702729e+01 8.937273e+01 1.500000e+00
    endloop
  endfacet
  facet normal 0.000000e+00 0.000000e+00 1.000000e+00
    outer loop
      vertex   2.702729e+01 8.937273e+01 1.500000e+00
      vertex   2.630000e+01 8.910000e+01 1.500000e+00
      vertex   2.703402e+01 6.003775e+01 1.500000e+00
    endloop
  endfacet
  facet normal 0.000000e+00 0.000000e+00 1.000000e+00
    outer loop
      vertex   2.703402e+01 6.003775e+01 1.500000e+00
      vertex   2.630000e+01 8.910000e+01 1.500000e+00
      vertex   2.630000e+01 6.030000e+01 1.500000e+00
    endloop
  endfacet
  facet normal 0.000000e+00 -0.000000e+00 1.000000e+00
    outer loop
      vertex   2.630000e+01 6.030000e+01 1.500000e+00
      vertex   2.630000e+01 8.910000e+01 1.500000e+00
      vertex   2.571060e+01 6.034821e+01 1.500000e+00
    endloop
  endfacet
  facet normal 0.000000e+00 0.000000e+00 1.000000e+00
    outer loop
      vertex   2.571060e+01 6.034821e+01 1.500000e+00
      vertex   2.630000e+01 8.910000e+01 1.500000e+00
      vertex   2.572000e+01 8.907000e+01 1.500000e+00
    endloop
  endfacet
  facet normal 0.000000e+00 -0.000000e+00 1.000000e+00
    outer loop
      vertex   2.571060e+01 6.034821e+01 1.500000e+00
      vertex   2.572000e+01 8.907000e+01 1.500000e+00
      vertex   2.033000e+01 5.884000e+01 1.500000e+00
    endloop
  endfacet
  facet normal 0.000000e+00 0.000000e+00 1.000000e+00
    outer loop
      vertex   2.033000e+01 5.884000e+01 1.500000e+00
      vertex   2.572000e+01 8.907000e+01 1.500000e+00
      vertex   2.034000e+01 9.062000e+01 1.500000e+00
    endloop
  endfacet
  facet normal 0.000000e+00 -0.000000e+00 1.000000e+00
    outer loop
      vertex   2.033000e+01 5.884000e+01 1.500000e+00
      vertex   2.034000e+01 9.062000e+01 1.500000e+00
      vertex   7.567000e+00 5.870000e+01 1.500000e+00
    endloop
  endfacet
  facet normal 0.000000e+00 0.000000e+00 1.000000e+00
    outer loop
      vertex   7.567000e+00 5.870000e+01 1.500000e+00
      vertex   2.034000e+01 9.062000e+01 1.500000e+00
      vertex   8.000000e+00 9.110000e+01 1.500000e+00
    endloop
  endfacet
  facet normal 0.000000e+00 -0.000000e+00 1.000000e+00
    outer loop
      vertex   7.567000e+00 5.870000e+01 1.500000e+00
      vertex   8.000000e+00 9.110000e+01 1.500000e+00
      vertex   7.283804e+00 9.097051e+01 1.500000e+00
    endloop
  endfacet
  facet normal 0.000000e+00 0.000000e+00 1.000000e+00
    outer loop
      vertex   7.283804e+00 9.097051e+01 1.500000e+00
      vertex   8.000000e+00 9.110000e+01 1.500000e+00
      vertex   7.283804e+00 9.110000e+01 1.500000e+00
    endloop
  endfacet
  facet normal 0.000000e+00 0.000000e+00 1.000000e+00
    outer loop
      vertex   2.572000e+01 8.907000e+01 1.500000e+00
      vertex   2.398000e+01 9.025000e+01 1.500000e+00
      vertex   2.034000e+01 9.062000e+01 1.500000e+00
    endloop
  endfacet
  facet normal 0.000000e+00 0.000000e+00 1.000000e+00
    outer loop
      vertex   2.034000e+01 9.062000e+01 1.500000e+00
      vertex   2.398000e+01 9.025000e+01 1.500000e+00
      vertex   2.368318e+01 9.044509e+01 1.500000e+00
    endloop
  endfacet
  facet normal 0.000000e+00 0.000000e+00 1.000000e+00
    outer loop
      vertex   2.034000e+01 9.062000e+01 1.500000e+00
      vertex   2.368318e+01 9.044509e+01 1.500000e+00
      vertex   2.351000e+01 9.061000e+01 1.500000e+00
    endloop
  endfacet
  facet normal 0.000000e+00 0.000000e+00 1.000000e+00
    outer loop
      vertex   2.398000e+01 9.025000e+01 1.500000e+00
      vertex   2.382000e+01 9.038000e+01 1.500000e+00
      vertex   2.368318e+01 9.044509e+01 1.500000e+00
    endloop
  endfacet
  facet normal 0.000000e+00 -0.000000e+00 1.000000e+00
    outer loop
      vertex   2.034000e+01 9.062000e+01 1.500000e+00
      vertex   2.034000e+01 9.110000e+01 1.500000e+00
      vertex   8.000000e+00 9.110000e+01 1.500000e+00
    endloop
  endfacet
  facet normal 0.000000e+00 0.000000e+00 1.000000e+00
    outer loop
      vertex   7.283804e+00 9.097051e+01 1.500000e+00
      vertex   7.283804e+00 5.873206e+01 1.500000e+00
      vertex   7.567000e+00 5.870000e+01 1.500000e+00
    endloop
  endfacet
  facet normal -1.368096e-04 -1.208651e-03 9.999993e-01
    outer loop
      vertex   7.567000e+00 5.870000e+01 1.500000e+00
      vertex   7.283804e+00 5.873206e+01 1.500000e+00
      vertex   7.566863e+00 5.870000e+01 1.500000e+00
    endloop
  endfacet
  facet normal 6.612356e-08 1.835813e-21 1.000000e+00
    outer loop
      vertex   7.566863e+00 5.870000e+01 1.500000e+00
      vertex   7.283804e+00 5.873206e+01 1.500000e+00
      vertex   7.283804e+00 5.870000e+01 1.500000e+00
    endloop
  endfacet
  facet normal 0.000000e+00 0.000000e+00 1.000000e+00
    outer loop
      vertex   7.567000e+00 5.870000e+01 1.500000e+00
      vertex   2.033000e+01 5.870000e+01 1.500000e+00
      vertex   2.033000e+01 5.884000e+01 1.500000e+00
    endloop
  endfacet
  facet normal 0.000000e+00 -0.000000e+00 1.000000e+00
    outer loop
      vertex   2.349493e+01 5.885411e+01 1.500000e+00
      vertex   2.368082e+01 5.903039e+01 1.500000e+00
      vertex   2.033000e+01 5.884000e+01 1.500000e+00
    endloop
  endfacet
  facet normal 0.000000e+00 0.000000e+00 1.000000e+00
    outer loop
      vertex   2.033000e+01 5.884000e+01 1.500000e+00
      vertex   2.368082e+01 5.903039e+01 1.500000e+00
      vertex   2.571060e+01 6.034821e+01 1.500000e+00
    endloop
  endfacet
  facet normal 0.000000e+00 0.000000e+00 1.000000e+00
    outer loop
      vertex   2.770000e+01 5.940000e+01 1.500000e+00
      vertex   2.796250e+01 5.870000e+01 1.500000e+00
      vertex   4.289840e+01 5.870000e+01 1.500000e+00
    endloop
  endfacet
  facet normal 8.805628e-04 -1.372813e-08 -9.999996e-01
    outer loop
      vertex   4.449071e+01 9.255720e+01 3.000000e+00
      vertex   4.449069e+01 9.255720e+01 3.000000e+00
      vertex   4.449071e+01 9.255742e+01 3.000000e+00
    endloop
  endfacet
  facet normal 8.804127e-04 0.000000e+00 -9.999996e-01
    outer loop
      vertex   4.449071e+01 9.255742e+01 3.000000e+00
      vertex   4.449069e+01 9.255720e+01 3.000000e+00
      vertex   4.449069e+01 9.255742e+01 3.000000e+00
    endloop
  endfacet
  facet normal 1.000000e+00 0.000000e+00 0.000000e+00
    outer loop
      vertex   4.449087e+01 9.067907e+01 0.000000e+00
      vertex   4.449087e+01 9.047064e+01 2.457608e-01
      vertex   4.449087e+01 9.015676e+01 0.000000e+00
    endloop
  endfacet
  facet normal 1.000000e+00 0.000000e+00 0.000000e+00
    outer loop
      vertex   4.449087e+01 9.015676e+01 0.000000e+00
      vertex   4.449087e+01 9.047064e+01 2.457608e-01
      vertex   4.449087e+01 9.031080e+01 5.255734e-01
    endloop
  endfacet
  facet normal 1.000000e+00 0.000000e+00 0.000000e+00
    outer loop
      vertex   4.449087e+01 9.015676e+01 0.000000e+00
      vertex   4.449087e+01 9.031080e+01 5.255734e-01
      vertex   4.449087e+01 9.020497e+01 8.299499e-01
    endloop
  endfacet
  facet normal 1.000000e+00 0.000000e+00 0.000000e+00
    outer loop
      vertex   4.449087e+01 9.020497e+01 8.299499e-01
      vertex   4.449087e+01 9.015676e+01 1.148569e+00
      vertex   4.449087e+01 9.015676e+01 0.000000e+00
    endloop
  endfacet
  facet normal 0.000000e+00 -1.000000e+00 0.000000e+00
    outer loop
      vertex   4.449087e+01 9.015676e+01 0.000000e+00
      vertex   4.449087e+01 9.015676e+01 1.148569e+00
      vertex   4.449069e+01 9.015676e+01 5.000000e-01
    endloop
  endfacet
  facet normal 0.000000e+00 -1.000000e+00 0.000000e+00
    outer loop
      vertex   4.449069e+01 9.015676e+01 5.000000e-01
      vertex   4.449087e+01 9.015676e+01 1.148569e+00
      vertex   4.449071e+01 9.015676e+01 1.148569e+00
    endloop
  endfacet
  facet normal 0.000000e+00 -1.000000e+00 0.000000e+00
    outer loop
      vertex   4.449069e+01 9.015676e+01 5.000000e-01
      vertex   4.449071e+01 9.015676e+01 1.148569e+00
      vertex   4.449071e+01 9.015676e+01 1.351430e+00
    endloop
  endfacet
  facet normal 0.000000e+00 -1.000000e+00 0.000000e+00
    outer loop
      vertex   4.449069e+01 9.015676e+01 5.000000e-01
      vertex   4.449071e+01 9.015676e+01 1.351430e+00
      vertex   4.449069e+01 9.015676e+01 2.500000e+00
    endloop
  endfacet
  facet normal 0.000000e+00 -1.000000e+00 0.000000e+00
    outer loop
      vertex   4.449069e+01 9.015676e+01 2.500000e+00
      vertex   4.449071e+01 9.015676e+01 1.351430e+00
      vertex   4.449087e+01 9.015676e+01 1.351430e+00
    endloop
  endfacet
  facet normal 0.000000e+00 -1.000000e+00 0.000000e+00
    outer loop
      vertex   4.449069e+01 9.015676e+01 2.500000e+00
      vertex   4.449087e+01 9.015676e+01 1.351430e+00
      vertex   4.449087e+01 9.015676e+01 3.700000e+00
    endloop
  endfacet
  facet normal 0.000000e+00 -1.000000e+00 0.000000e+00
    outer loop
      vertex   2.988085e+01 9.015676e+01 3.700000e+00
      vertex   4.289840e+01 9.015676e+01 3.000000e+00
      vertex   4.449087e+01 9.015676e+01 3.700000e+00
    endloop
  endfacet
  facet normal 0.000000e+00 -1.000000e+00 0.000000e+00
    outer loop
      vertex   4.449087e+01 9.015676e+01 3.700000e+00
      vertex   4.289840e+01 9.015676e+01 3.000000e+00
      vertex   4.399069e+01 9.015676e+01 3.000000e+00
    endloop
  endfacet
  facet normal 0.000000e+00 -1.000000e+00 0.000000e+00
    outer loop
      vertex   4.449087e+01 9.015676e+01 3.700000e+00
      vertex   4.399069e+01 9.015676e+01 3.000000e+00
      vertex   4.412010e+01 9.015676e+01 2.982963e+00
    endloop
  endfacet
  facet normal 0.000000e+00 -1.000000e+00 0.000000e+00
    outer loop
      vertex   2.988085e+01 9.015676e+01 3.700000e+00
      vertex   2.988085e+01 9.015676e+01 3.000000e+00
      vertex   4.289840e+01 9.015676e+01 3.000000e+00
    endloop
  endfacet
  facet normal 0.000000e+00 -1.000000e+00 0.000000e+00
    outer loop
      vertex   4.412010e+01 9.015676e+01 2.982963e+00
      vertex   4.424069e+01 9.015676e+01 2.933013e+00
      vertex   4.449087e+01 9.015676e+01 3.700000e+00
    endloop
  endfacet
  facet normal 0.000000e+00 -1.000000e+00 0.000000e+00
    outer loop
      vertex   4.449087e+01 9.015676e+01 3.700000e+00
      vertex   4.424069e+01 9.015676e+01 2.933013e+00
      vertex   4.434424e+01 9.015676e+01 2.853553e+00
    endloop
  endfacet
  facet normal 0.000000e+00 -1.000000e+00 0.000000e+00
    outer loop
      vertex   4.449087e+01 9.015676e+01 3.700000e+00
      vertex   4.434424e+01 9.015676e+01 2.853553e+00
      vertex   4.442370e+01 9.015676e+01 2.750000e+00
    endloop
  endfacet
  facet normal 0.000000e+00 -1.000000e+00 0.000000e+00
    outer loop
      vertex   4.442370e+01 9.015676e+01 2.750000e+00
      vertex   4.447365e+01 9.015676e+01 2.629409e+00
      vertex   4.449087e+01 9.015676e+01 3.700000e+00
    endloop
  endfacet
  facet normal 0.000000e+00 -1.000000e+00 0.000000e+00
    outer loop
      vertex   4.449087e+01 9.015676e+01 3.700000e+00
      vertex   4.447365e+01 9.015676e+01 2.629409e+00
      vertex   4.449069e+01 9.015676e+01 2.500000e+00
    endloop
  endfacet
  facet normal 0.000000e+00 -1.000000e+00 -0.000000e+00
    outer loop
      vertex   4.449069e+01 9.015676e+01 5.000000e-01
      vertex   4.447365e+01 9.015676e+01 3.705905e-01
      vertex   4.449087e+01 9.015676e+01 0.000000e+00
    endloop
  endfacet
  facet normal 0.000000e+00 -1.000000e+00 0.000000e+00
    outer loop
      vertex   4.449087e+01 9.015676e+01 0.000000e+00
      vertex   4.447365e+01 9.015676e+01 3.705905e-01
      vertex   4.442370e+01 9.015676e+01 2.500000e-01
    endloop
  endfacet
  facet normal 0.000000e+00 -1.000000e+00 0.000000e+00
    outer loop
      vertex   4.449087e+01 9.015676e+01 0.000000e+00
      vertex   4.442370e+01 9.015676e+01 2.500000e-01
      vertex   4.434424e+01 9.015676e+01 1.464466e-01
    endloop
  endfacet
  facet normal 0.000000e+00 -1.000000e+00 -0.000000e+00
    outer loop
      vertex   4.434424e+01 9.015676e+01 1.464466e-01
      vertex   4.424069e+01 9.015676e+01 6.698730e-02
      vertex   4.449087e+01 9.015676e+01 0.000000e+00
    endloop
  endfacet
  facet normal 0.000000e+00 -1.000000e+00 0.000000e+00
    outer loop
      vertex   4.449087e+01 9.015676e+01 0.000000e+00
      vertex   4.424069e+01 9.015676e+01 6.698730e-02
      vertex   4.412010e+01 9.015676e+01 1.703709e-02
    endloop
  endfacet
  facet normal 0.000000e+00 -1.000000e+00 0.000000e+00
    outer loop
      vertex   4.449087e+01 9.015676e+01 0.000000e+00
      vertex   4.412010e+01 9.015676e+01 1.703709e-02
      vertex   4.399069e+01 9.015676e+01 0.000000e+00
    endloop
  endfacet
  facet normal -1.000000e+00 0.000000e+00 -0.000000e+00
    outer loop
      vertex   4.449071e+01 9.015676e+01 1.351430e+00
      vertex   4.449071e+01 9.015676e+01 1.148569e+00
      vertex   4.449071e+01 9.015414e+01 1.283827e+00
    endloop
  endfacet
  facet normal -1.000000e+00 0.000000e+00 0.000000e+00
    outer loop
      vertex   4.449071e+01 9.015414e+01 1.283827e+00
      vertex   4.449071e+01 9.015676e+01 1.148569e+00
      vertex   4.449071e+01 9.015414e+01 1.216173e+00
    endloop
  endfacet
  facet normal -5.050195e-03 -9.887295e-01 -1.496281e-01
    outer loop
      vertex   4.449087e+01 9.020497e+01 8.299499e-01
      vertex   4.596271e+01 9.017352e+01 9.881003e-01
      vertex   4.449087e+01 9.015676e+01 1.148569e+00
    endloop
  endfacet
  facet normal 6.731673e-03 -9.990677e-01 -4.264377e-02
    outer loop
      vertex   4.449087e+01 9.015676e+01 1.148569e+00
      vertex   4.596271e+01 9.017352e+01 9.881003e-01
      vertex   4.596271e+01 9.015750e+01 1.363506e+00
    endloop
  endfacet
  facet normal 6.146624e-03 -9.992344e-01 -3.863690e-02
    outer loop
      vertex   4.449087e+01 9.015676e+01 1.148569e+00
      vertex   4.596271e+01 9.015750e+01 1.363506e+00
      vertex   4.449071e+01 9.015414e+01 1.216173e+00
    endloop
  endfacet
  facet normal 2.281193e-03 -9.999974e-01 -2.100513e-13
    outer loop
      vertex   4.449071e+01 9.015414e+01 1.216173e+00
      vertex   4.596271e+01 9.015750e+01 1.363506e+00
      vertex   4.449071e+01 9.015414e+01 1.283827e+00
    endloop
  endfacet
  facet normal 1.872925e-04 -9.992527e-01 3.865178e-02
    outer loop
      vertex   4.449071e+01 9.015414e+01 1.283827e+00
      vertex   4.596271e+01 9.015750e+01 1.363506e+00
      vertex   4.449087e+01 9.015676e+01 1.351430e+00
    endloop
  endfacet
  facet normal -3.946892e-16 -9.992527e-01 3.865222e-02
    outer loop
      vertex   4.449071e+01 9.015414e+01 1.283827e+00
      vertex   4.449087e+01 9.015676e+01 1.351430e+00
      vertex   4.449071e+01 9.015676e+01 1.351430e+00
    endloop
  endfacet
  facet normal 6.730678e-03 -9.669352e-01 -2.549335e-01
    outer loop
      vertex   4.596271e+01 9.017352e+01 9.881003e-01
      vertex   4.449087e+01 9.020497e+01 8.299499e-01
      vertex   4.596271e+01 9.026932e+01 6.247690e-01
    endloop
  endfacet
  facet normal -4.488058e-03 -9.445334e-01 -3.283848e-01
    outer loop
      vertex   4.596271e+01 9.026932e+01 6.247690e-01
      vertex   4.449087e+01 9.020497e+01 8.299499e-01
      vertex   4.449087e+01 9.031080e+01 5.255734e-01
    endloop
  endfacet
  facet normal 5.607557e-03 -8.902317e-01 -4.554735e-01
    outer loop
      vertex   4.596271e+01 9.026932e+01 6.247690e-01
      vertex   4.449087e+01 9.031080e+01 5.255734e-01
      vertex   4.596271e+01 9.044046e+01 2.902618e-01
    endloop
  endfacet
  facet normal -2.804142e-03 -8.683127e-01 -4.960093e-01
    outer loop
      vertex   4.596271e+01 9.044046e+01 2.902618e-01
      vertex   4.449087e+01 9.031080e+01 5.255734e-01
      vertex   4.449087e+01 9.047064e+01 2.457608e-01
    endloop
  endfacet
  facet normal 3.363309e-03 -7.724882e-01 -6.350202e-01
    outer loop
      vertex   4.596271e+01 9.044046e+01 2.902618e-01
      vertex   4.449087e+01 9.047064e+01 2.457608e-01
      vertex   4.596271e+01 9.067907e+01 -1.648333e-15
    endloop
  endfacet
  facet normal -7.243776e-16 -7.626464e-01 -6.468157e-01
    outer loop
      vertex   4.596271e+01 9.067907e+01 -1.648333e-15
      vertex   4.449087e+01 9.047064e+01 2.457608e-01
      vertex   4.449087e+01 9.067907e+01 0.000000e+00
    endloop
  endfacet
  facet normal -7.477217e-04 -9.883876e-01 1.519521e-01
    outer loop
      vertex   4.449087e+01 9.015676e+01 1.351430e+00
      vertex   4.596271e+01 9.015750e+01 1.363506e+00
      vertex   4.449087e+01 9.020697e+01 1.678026e+00
    endloop
  endfacet
  facet normal 3.562583e-03 -9.851577e-01 1.716147e-01
    outer loop
      vertex   4.449087e+01 9.020697e+01 1.678026e+00
      vertex   4.596271e+01 9.015750e+01 1.363506e+00
      vertex   4.596271e+01 9.022198e+01 1.733678e+00
    endloop
  endfacet
  facet normal -3.054769e-03 -9.422009e-01 3.350344e-01
    outer loop
      vertex   4.449087e+01 9.020697e+01 1.678026e+00
      vertex   4.596271e+01 9.022198e+01 1.733678e+00
      vertex   4.449087e+01 9.031767e+01 1.989362e+00
    endloop
  endfacet
  facet normal 5.467827e-03 -9.258062e-01 3.779589e-01
    outer loop
      vertex   4.449087e+01 9.031767e+01 1.989362e+00
      vertex   4.596271e+01 9.022198e+01 1.733678e+00
      vertex   4.596271e+01 9.036400e+01 2.081552e+00
    endloop
  endfacet
  facet normal -4.557958e-03 -8.624218e-01 5.061698e-01
    outer loop
      vertex   4.449087e+01 9.031767e+01 1.989362e+00
      vertex   4.596271e+01 9.036400e+01 2.081552e+00
      vertex   4.449087e+01 9.048493e+01 2.274337e+00
    endloop
  endfacet
  facet normal 6.568655e-03 -8.237767e-01 5.668763e-01
    outer loop
      vertex   4.449087e+01 9.048493e+01 2.274337e+00
      vertex   4.596271e+01 9.036400e+01 2.081552e+00
      vertex   4.596271e+01 9.057701e+01 2.391091e+00
    endloop
  endfacet
  facet normal -5.256300e-03 -7.518980e-01 6.592585e-01
    outer loop
      vertex   4.449087e+01 9.048493e+01 2.274337e+00
      vertex   4.596271e+01 9.057701e+01 2.391091e+00
      vertex   4.449087e+01 9.070277e+01 2.522793e+00
    endloop
  endfacet
  facet normal 6.864362e-03 -6.837747e-01 7.296610e-01
    outer loop
      vertex   4.449087e+01 9.070277e+01 2.522793e+00
      vertex   4.596271e+01 9.057701e+01 2.391091e+00
      vertex   4.596271e+01 9.085118e+01 2.648023e+00
    endloop
  endfacet
  facet normal -5.149342e-03 -6.145704e-01 7.888452e-01
    outer loop
      vertex   4.449087e+01 9.070277e+01 2.522793e+00
      vertex   4.596271e+01 9.085118e+01 2.648023e+00
      vertex   4.449087e+01 9.096344e+01 2.725870e+00
    endloop
  endfacet
  facet normal 6.354762e-03 -5.122529e-01 8.588111e-01
    outer loop
      vertex   4.449087e+01 9.096344e+01 2.725870e+00
      vertex   4.596271e+01 9.085118e+01 2.648023e+00
      vertex   4.596271e+01 9.117389e+01 2.840504e+00
    endloop
  endfacet
  facet normal -4.237153e-03 -4.553333e-01 8.903110e-01
    outer loop
      vertex   4.449087e+01 9.096344e+01 2.725870e+00
      vertex   4.596271e+01 9.117389e+01 2.840504e+00
      vertex   4.449087e+01 9.125763e+01 2.876328e+00
    endloop
  endfacet
  facet normal 5.040176e-03 -3.171156e-01 9.483735e-01
    outer loop
      vertex   4.449087e+01 9.125763e+01 2.876328e+00
      vertex   4.596271e+01 9.117389e+01 2.840504e+00
      vertex   4.596271e+01 9.153024e+01 2.959661e+00
    endloop
  endfacet
  facet normal -2.520326e-03 -2.798614e-01 9.600371e-01
    outer loop
      vertex   4.449087e+01 9.125763e+01 2.876328e+00
      vertex   4.596271e+01 9.153024e+01 2.959661e+00
      vertex   4.449087e+01 9.157486e+01 2.968804e+00
    endloop
  endfacet
  facet normal 2.921453e-03 -1.073558e-01 9.942164e-01
    outer loop
      vertex   4.449087e+01 9.157486e+01 2.968804e+00
      vertex   4.596271e+01 9.153024e+01 2.959661e+00
      vertex   4.596271e+01 9.190381e+01 3.000000e+00
    endloop
  endfacet
  facet normal 1.371282e-18 -9.440940e-02 9.955335e-01
    outer loop
      vertex   4.449087e+01 9.157486e+01 2.968804e+00
      vertex   4.596271e+01 9.190381e+01 3.000000e+00
      vertex   4.449087e+01 9.190381e+01 3.000000e+00
    endloop
  endfacet
  facet normal -3.796565e-16 -9.992527e-01 -3.865222e-02
    outer loop
      vertex   4.449071e+01 9.015414e+01 1.216173e+00
      vertex   4.449071e+01 9.015676e+01 1.148569e+00
      vertex   4.449087e+01 9.015676e+01 1.148569e+00
    endloop
  endfacet
  facet normal -1.000000e+00 -0.000000e+00 0.000000e+00
    outer loop
      vertex   4.449071e+01 9.255742e+01 3.000000e+00
      vertex   4.449071e+01 9.255742e+01 2.993999e+00
      vertex   4.449071e+01 9.255720e+01 3.000000e+00
    endloop
  endfacet
  facet normal -1.000000e+00 0.000000e+00 0.000000e+00
    outer loop
      vertex   4.449071e+01 9.255720e+01 3.000000e+00
      vertex   4.449071e+01 9.255742e+01 2.993999e+00
      vertex   4.449071e+01 9.255720e+01 2.993981e+00
    endloop
  endfacet
  facet normal 0.000000e+00 8.298746e-02 -9.965506e-01
    outer loop
      vertex   4.449087e+01 9.255720e+01 2.993981e+00
      vertex   4.449071e+01 9.255720e+01 2.993981e+00
      vertex   4.449087e+01 9.255742e+01 2.993999e+00
    endloop
  endfacet
  facet normal 0.000000e+00 8.298746e-02 -9.965506e-01
    outer loop
      vertex   4.449087e+01 9.255742e+01 2.993999e+00
      vertex   4.449071e+01 9.255720e+01 2.993981e+00
      vertex   4.449071e+01 9.255742e+01 2.993999e+00
    endloop
  endfacet
  facet normal 0.000000e+00 1.000000e+00 -1.460687e-08
    outer loop
      vertex   4.449087e+01 9.255720e+01 2.993981e+00
      vertex   4.449087e+01 9.255720e+01 2.900000e+00
      vertex   4.449071e+01 9.255720e+01 2.993981e+00
    endloop
  endfacet
  facet normal -8.864115e-06 1.000000e+00 -2.976983e-08
    outer loop
      vertex   4.449071e+01 9.255720e+01 2.993981e+00
      vertex   4.449087e+01 9.255720e+01 2.900000e+00
      vertex   4.449069e+01 9.255720e+01 3.000000e+00
    endloop
  endfacet
  facet normal 0.000000e+00 1.000000e+00 -0.000000e+00
    outer loop
      vertex   4.449071e+01 9.255720e+01 2.993981e+00
      vertex   4.449069e+01 9.255720e+01 3.000000e+00
      vertex   4.449071e+01 9.255720e+01 3.000000e+00
    endloop
  endfacet
  facet normal -2.909399e-09 1.000000e+00 2.435432e-14
    outer loop
      vertex   4.496271e+01 9.255720e+01 2.900000e+00
      vertex   4.496269e+01 9.255720e+01 4.851375e-01
      vertex   4.449087e+01 9.255720e+01 2.900000e+00
    endloop
  endfacet
  facet normal 1.591045e-25 1.000000e+00 5.684666e-10
    outer loop
      vertex   4.449087e+01 9.255720e+01 2.900000e+00
      vertex   4.496269e+01 9.255720e+01 4.851375e-01
      vertex   4.449069e+01 9.255720e+01 4.851375e-01
    endloop
  endfacet
  facet normal 7.585258e-06 1.000000e+00 0.000000e+00
    outer loop
      vertex   4.449087e+01 9.255720e+01 2.900000e+00
      vertex   4.449069e+01 9.255720e+01 4.851375e-01
      vertex   4.449069e+01 9.255720e+01 3.000000e+00
    endloop
  endfacet
  facet normal 0.000000e+00 1.000000e+00 0.000000e+00
    outer loop
      vertex   4.496271e+01 9.255720e+01 2.900000e+00
      vertex   4.496271e+01 9.255720e+01 3.330669e-15
      vertex   4.496269e+01 9.255720e+01 4.851375e-01
    endloop
  endfacet
  facet normal 0.000000e+00 1.000000e+00 0.000000e+00
    outer loop
      vertex   4.496269e+01 9.255720e+01 4.851375e-01
      vertex   4.496271e+01 9.255720e+01 3.330669e-15
      vertex   4.496269e+01 9.255720e+01 3.330669e-15
    endloop
  endfacet
  facet normal 0.000000e+00 1.000000e+00 -1.373105e-08
    outer loop
      vertex   4.449087e+01 9.255742e+01 2.993999e+00
      vertex   4.449071e+01 9.255742e+01 2.993999e+00
      vertex   4.449087e+01 9.255742e+01 3.000000e+00
    endloop
  endfacet
  facet normal -1.520077e-12 1.000000e+00 -1.373101e-08
    outer loop
      vertex   4.449087e+01 9.255742e+01 3.000000e+00
      vertex   4.449071e+01 9.255742e+01 2.993999e+00
      vertex   4.449071e+01 9.255742e+01 3.000000e+00
    endloop
  endfacet
  facet normal -1.000000e+00 -0.000000e+00 0.000000e+00
    outer loop
      vertex   4.496271e+01 9.799030e+01 3.000000e+00
      vertex   4.496271e+01 9.761781e+01 2.957791e+00
      vertex   4.496271e+01 9.272288e+01 3.000000e+00
    endloop
  endfacet
  facet normal -1.000000e+00 0.000000e+00 0.000000e+00
    outer loop
      vertex   4.496271e+01 9.272288e+01 3.000000e+00
      vertex   4.496271e+01 9.761781e+01 2.957791e+00
      vertex   4.496271e+01 9.726285e+01 2.837215e+00
    endloop
  endfacet
  facet normal -1.000000e+00 0.000000e+00 0.000000e+00
    outer loop
      vertex   4.496271e+01 9.272288e+01 3.000000e+00
      vertex   4.496271e+01 9.726285e+01 2.837215e+00
      vertex   4.496271e+01 9.694172e+01 2.643806e+00
    endloop
  endfacet
  facet normal -1.000000e+00 -0.000000e+00 0.000000e+00
    outer loop
      vertex   4.496271e+01 9.694172e+01 2.643806e+00
      vertex   4.496271e+01 9.666915e+01 2.386438e+00
      vertex   4.496271e+01 9.272288e+01 3.000000e+00
    endloop
  endfacet
  facet normal -1.000000e+00 0.000000e+00 0.000000e+00
    outer loop
      vertex   4.496271e+01 9.272288e+01 3.000000e+00
      vertex   4.496271e+01 9.666915e+01 2.386438e+00
      vertex   4.496271e+01 9.645765e+01 2.076923e+00
    endloop
  endfacet
  facet normal -1.000000e+00 0.000000e+00 0.000000e+00
    outer loop
      vertex   4.496271e+01 9.272288e+01 3.000000e+00
      vertex   4.496271e+01 9.645765e+01 2.076923e+00
      vertex   4.496271e+01 9.631692e+01 1.729463e+00
    endloop
  endfacet
  facet normal -1.000000e+00 0.000000e+00 -0.000000e+00
    outer loop
      vertex   4.496271e+01 9.272288e+01 3.000000e+00
      vertex   4.496271e+01 9.631692e+01 1.729463e+00
      vertex   4.496271e+01 9.255720e+01 2.900000e+00
    endloop
  endfacet
  facet normal -1.000000e+00 0.000000e+00 0.000000e+00
    outer loop
      vertex   4.496271e+01 9.255720e+01 2.900000e+00
      vertex   4.496271e+01 9.631692e+01 1.729463e+00
      vertex   4.496271e+01 9.625343e+01 1.360002e+00
    endloop
  endfacet
  facet normal -1.000000e+00 0.000000e+00 0.000000e+00
    outer loop
      vertex   4.496271e+01 9.255720e+01 2.900000e+00
      vertex   4.496271e+01 9.625343e+01 1.360002e+00
      vertex   4.496271e+01 9.255720e+01 3.330669e-15
    endloop
  endfacet
  facet normal -1.000000e+00 0.000000e+00 0.000000e+00
    outer loop
      vertex   4.496271e+01 9.255720e+01 3.330669e-15
      vertex   4.496271e+01 9.625343e+01 1.360002e+00
      vertex   4.496271e+01 9.627008e+01 9.854946e-01
    endloop
  endfacet
  facet normal -1.000000e+00 0.000000e+00 0.000000e+00
    outer loop
      vertex   4.496271e+01 9.255720e+01 3.330669e-15
      vertex   4.496271e+01 9.627008e+01 9.854946e-01
      vertex   4.496271e+01 9.636611e+01 6.231262e-01
    endloop
  endfacet
  facet normal -1.000000e+00 0.000000e+00 -0.000000e+00
    outer loop
      vertex   4.496271e+01 9.636611e+01 6.231262e-01
      vertex   4.496271e+01 9.653711e+01 2.895252e-01
      vertex   4.496271e+01 9.255720e+01 3.330669e-15
    endloop
  endfacet
  facet normal -1.000000e+00 0.000000e+00 0.000000e+00
    outer loop
      vertex   4.496271e+01 9.255720e+01 3.330669e-15
      vertex   4.496271e+01 9.653711e+01 2.895252e-01
      vertex   4.496271e+01 9.677525e+01 -2.220446e-15
    endloop
  endfacet
  facet normal -1.000000e+00 0.000000e+00 0.000000e+00
    outer loop
      vertex   4.496271e+01 9.255720e+01 2.900000e+00
      vertex   4.496271e+01 9.255720e+01 3.000000e+00
      vertex   4.496271e+01 9.272288e+01 3.000000e+00
    endloop
  endfacet
endsolid
