solid ASCII
  facet normal 1.000000e+00 -0.000000e+00 0.000000e+00
    outer loop
      vertex   -1.010858e+02 1.115000e+02 9.469957e-02
      vertex   -1.010858e+02 1.300000e+02 9.469957e-02
      vertex   -1.010858e+02 1.115000e+02 1.094700e+00
    endloop
  endfacet
  facet normal 1.000000e+00 0.000000e+00 0.000000e+00
    outer loop
      vertex   -1.010858e+02 1.115000e+02 1.094700e+00
      vertex   -1.010858e+02 1.300000e+02 9.469957e-02
      vertex   -1.010858e+02 1.300000e+02 1.094700e+00
    endloop
  endfacet
  facet normal 7.071068e-01 -7.071068e-01 0.000000e+00
    outer loop
      vertex   -1.015000e+02 1.110858e+02 9.469957e-02
      vertex   -1.010858e+02 1.115000e+02 9.469957e-02
      vertex   -1.015000e+02 1.110858e+02 1.094700e+00
    endloop
  endfacet
  facet normal 7.071068e-01 -7.071068e-01 -1.754738e-17
    outer loop
      vertex   -1.015000e+02 1.110858e+02 1.094700e+00
      vertex   -1.010858e+02 1.115000e+02 9.469957e-02
      vertex   -1.010858e+02 1.115000e+02 1.094700e+00
    endloop
  endfacet
  facet normal 0.000000e+00 -1.000000e+00 0.000000e+00
    outer loop
      vertex   -1.350000e+02 1.110858e+02 9.469957e-02
      vertex   -1.015000e+02 1.110858e+02 9.469957e-02
      vertex   -1.350000e+02 1.110858e+02 1.094700e+00
    endloop
  endfacet
  facet normal 0.000000e+00 -1.000000e+00 0.000000e+00
    outer loop
      vertex   -1.350000e+02 1.110858e+02 1.094700e+00
      vertex   -1.015000e+02 1.110858e+02 9.469957e-02
      vertex   -1.015000e+02 1.110858e+02 1.094700e+00
    endloop
  endfacet
  facet normal -7.071068e-01 -7.071068e-01 0.000000e+00
    outer loop
      vertex   -1.354142e+02 1.115000e+02 9.469957e-02
      vertex   -1.350000e+02 1.110858e+02 9.469957e-02
      vertex   -1.354142e+02 1.115000e+02 1.094700e+00
    endloop
  endfacet
  facet normal -7.071068e-01 -7.071068e-01 1.445132e-17
    outer loop
      vertex   -1.354142e+02 1.115000e+02 1.094700e+00
      vertex   -1.350000e+02 1.110858e+02 9.469957e-02
      vertex   -1.350000e+02 1.110858e+02 1.094700e+00
    endloop
  endfacet
  facet normal -1.000000e+00 0.000000e+00 0.000000e+00
    outer loop
      vertex   -1.354142e+02 1.300000e+02 9.469957e-02
      vertex   -1.354142e+02 1.115000e+02 9.469957e-02
      vertex   -1.354142e+02 1.300000e+02 1.094700e+00
    endloop
  endfacet
  facet normal -1.000000e+00 -0.000000e+00 0.000000e+00
    outer loop
      vertex   -1.354142e+02 1.300000e+02 1.094700e+00
      vertex   -1.354142e+02 1.115000e+02 9.469957e-02
      vertex   -1.354142e+02 1.115000e+02 1.094700e+00
    endloop
  endfacet
  facet normal -7.071068e-01 7.071068e-01 0.000000e+00
    outer loop
      vertex   -1.350000e+02 1.304142e+02 9.469957e-02
      vertex   -1.354142e+02 1.300000e+02 9.469957e-02
      vertex   -1.350000e+02 1.304142e+02 1.094700e+00
    endloop
  endfacet
  facet normal -7.071068e-01 7.071068e-01 -1.501814e-17
    outer loop
      vertex   -1.350000e+02 1.304142e+02 1.094700e+00
      vertex   -1.354142e+02 1.300000e+02 9.469957e-02
      vertex   -1.354142e+02 1.300000e+02 1.094700e+00
    endloop
  endfacet
  facet normal 0.000000e+00 1.000000e+00 -0.000000e+00
    outer loop
      vertex   -1.015000e+02 1.304142e+02 9.469957e-02
      vertex   -1.350000e+02 1.304142e+02 9.469957e-02
      vertex   -1.015000e+02 1.304142e+02 1.094700e+00
    endloop
  endfacet
  facet normal 0.000000e+00 1.000000e+00 0.000000e+00
    outer loop
      vertex   -1.015000e+02 1.304142e+02 1.094700e+00
      vertex   -1.350000e+02 1.304142e+02 9.469957e-02
      vertex   -1.350000e+02 1.304142e+02 1.094700e+00
    endloop
  endfacet
  facet normal 7.071068e-01 7.071068e-01 -0.000000e+00
    outer loop
      vertex   -1.010858e+02 1.300000e+02 9.469957e-02
      vertex   -1.015000e+02 1.304142e+02 9.469957e-02
      vertex   -1.010858e+02 1.300000e+02 1.094700e+00
    endloop
  endfacet
  facet normal 7.071068e-01 7.071068e-01 1.501814e-17
    outer loop
      vertex   -1.010858e+02 1.300000e+02 1.094700e+00
      vertex   -1.015000e+02 1.304142e+02 9.469957e-02
      vertex   -1.015000e+02 1.304142e+02 1.094700e+00
    endloop
  endfacet
  facet normal -0.000000e+00 0.000000e+00 1.000000e+00
    outer loop
      vertex   -1.350000e+02 1.115000e+02 1.094700e+00
      vertex   -1.015000e+02 1.110858e+02 1.094700e+00
      vertex   -1.015000e+02 1.115000e+02 1.094700e+00
    endloop
  endfacet
  facet normal -0.000000e+00 0.000000e+00 1.000000e+00
    outer loop
      vertex   -1.015000e+02 1.115000e+02 1.094700e+00
      vertex   -1.015000e+02 1.110858e+02 1.094700e+00
      vertex   -1.010858e+02 1.115000e+02 1.094700e+00
    endloop
  endfacet
  facet normal -0.000000e+00 1.200241e-16 1.000000e+00
    outer loop
      vertex   -1.015000e+02 1.115000e+02 1.094700e+00
      vertex   -1.010858e+02 1.115000e+02 1.094700e+00
      vertex   -1.015000e+02 1.300000e+02 1.094700e+00
    endloop
  endfacet
  facet normal -0.000000e+00 1.200241e-16 1.000000e+00
    outer loop
      vertex   -1.015000e+02 1.300000e+02 1.094700e+00
      vertex   -1.010858e+02 1.115000e+02 1.094700e+00
      vertex   -1.010858e+02 1.300000e+02 1.094700e+00
    endloop
  endfacet
  facet normal -0.000000e+00 5.360631e-16 1.000000e+00
    outer loop
      vertex   -1.015000e+02 1.300000e+02 1.094700e+00
      vertex   -1.010858e+02 1.300000e+02 1.094700e+00
      vertex   -1.015000e+02 1.304142e+02 1.094700e+00
    endloop
  endfacet
  facet normal 0.000000e+00 1.200241e-16 1.000000e+00
    outer loop
      vertex   -1.350000e+02 1.300000e+02 1.094700e+00
      vertex   -1.354142e+02 1.300000e+02 1.094700e+00
      vertex   -1.350000e+02 1.115000e+02 1.094700e+00
    endloop
  endfacet
  facet normal 0.000000e+00 1.200241e-16 1.000000e+00
    outer loop
      vertex   -1.350000e+02 1.115000e+02 1.094700e+00
      vertex   -1.354142e+02 1.300000e+02 1.094700e+00
      vertex   -1.354142e+02 1.115000e+02 1.094700e+00
    endloop
  endfacet
  facet normal 0.000000e+00 0.000000e+00 1.000000e+00
    outer loop
      vertex   -1.350000e+02 1.115000e+02 1.094700e+00
      vertex   -1.354142e+02 1.115000e+02 1.094700e+00
      vertex   -1.350000e+02 1.110858e+02 1.094700e+00
    endloop
  endfacet
  facet normal -0.000000e+00 5.360631e-16 1.000000e+00
    outer loop
      vertex   -1.354142e+02 1.300000e+02 1.094700e+00
      vertex   -1.350000e+02 1.300000e+02 1.094700e+00
      vertex   -1.350000e+02 1.304142e+02 1.094700e+00
    endloop
  endfacet
  facet normal 0.000000e+00 5.360631e-16 1.000000e+00
    outer loop
      vertex   -1.350000e+02 1.304142e+02 1.094700e+00
      vertex   -1.350000e+02 1.300000e+02 1.094700e+00
      vertex   -1.015000e+02 1.300000e+02 1.094700e+00
    endloop
  endfacet
  facet normal -0.000000e+00 5.360631e-16 1.000000e+00
    outer loop
      vertex   -1.350000e+02 1.304142e+02 1.094700e+00
      vertex   -1.015000e+02 1.300000e+02 1.094700e+00
      vertex   -1.015000e+02 1.304142e+02 1.094700e+00
    endloop
  endfacet
  facet normal 0.000000e+00 0.000000e+00 1.000000e+00
    outer loop
      vertex   -1.350000e+02 1.110858e+02 1.094700e+00
      vertex   -1.015000e+02 1.110858e+02 1.094700e+00
      vertex   -1.350000e+02 1.115000e+02 1.094700e+00
    endloop
  endfacet
  facet normal -9.969173e-01 7.845910e-02 0.000000e+00
    outer loop
      vertex   -1.360000e+02 1.290000e+02 -5.655300e+00
      vertex   -1.360000e+02 1.290000e+02 9.469957e-02
      vertex   -1.359754e+02 1.293129e+02 -5.655300e+00
    endloop
  endfacet
  facet normal -9.969173e-01 7.845910e-02 0.000000e+00
    outer loop
      vertex   -1.359754e+02 1.293129e+02 -5.655300e+00
      vertex   -1.360000e+02 1.290000e+02 9.469957e-02
      vertex   -1.359754e+02 1.293129e+02 9.469957e-02
    endloop
  endfacet
  facet normal -9.723699e-01 2.334454e-01 0.000000e+00
    outer loop
      vertex   -1.359754e+02 1.293129e+02 -5.655300e+00
      vertex   -1.359754e+02 1.293129e+02 9.469957e-02
      vertex   -1.359021e+02 1.296180e+02 -5.655300e+00
    endloop
  endfacet
  facet normal -9.723699e-01 2.334454e-01 0.000000e+00
    outer loop
      vertex   -1.359021e+02 1.296180e+02 -5.655300e+00
      vertex   -1.359754e+02 1.293129e+02 9.469957e-02
      vertex   -1.359021e+02 1.296180e+02 9.469957e-02
    endloop
  endfacet
  facet normal -9.238795e-01 3.826834e-01 0.000000e+00
    outer loop
      vertex   -1.359021e+02 1.296180e+02 -5.655300e+00
      vertex   -1.359021e+02 1.296180e+02 9.469957e-02
      vertex   -1.357820e+02 1.299080e+02 -5.655300e+00
    endloop
  endfacet
  facet normal -9.238795e-01 3.826834e-01 0.000000e+00
    outer loop
      vertex   -1.357820e+02 1.299080e+02 -5.655300e+00
      vertex   -1.359021e+02 1.296180e+02 9.469957e-02
      vertex   -1.357820e+02 1.299080e+02 9.469957e-02
    endloop
  endfacet
  facet normal -8.526402e-01 5.224986e-01 0.000000e+00
    outer loop
      vertex   -1.357820e+02 1.299080e+02 -5.655300e+00
      vertex   -1.357820e+02 1.299080e+02 9.469957e-02
      vertex   -1.356180e+02 1.301756e+02 -5.655300e+00
    endloop
  endfacet
  facet normal -8.526402e-01 5.224986e-01 0.000000e+00
    outer loop
      vertex   -1.356180e+02 1.301756e+02 -5.655300e+00
      vertex   -1.357820e+02 1.299080e+02 9.469957e-02
      vertex   -1.356180e+02 1.301756e+02 9.469957e-02
    endloop
  endfacet
  facet normal -7.604060e-01 6.494480e-01 0.000000e+00
    outer loop
      vertex   -1.356180e+02 1.301756e+02 -5.655300e+00
      vertex   -1.356180e+02 1.301756e+02 9.469957e-02
      vertex   -1.354142e+02 1.304142e+02 -5.655300e+00
    endloop
  endfacet
  facet normal -7.604060e-01 6.494480e-01 0.000000e+00
    outer loop
      vertex   -1.354142e+02 1.304142e+02 -5.655300e+00
      vertex   -1.356180e+02 1.301756e+02 9.469957e-02
      vertex   -1.354142e+02 1.304142e+02 9.469957e-02
    endloop
  endfacet
  facet normal -6.494480e-01 7.604060e-01 0.000000e+00
    outer loop
      vertex   -1.354142e+02 1.304142e+02 -5.655300e+00
      vertex   -1.354142e+02 1.304142e+02 9.469957e-02
      vertex   -1.351756e+02 1.306180e+02 -5.655300e+00
    endloop
  endfacet
  facet normal -6.494480e-01 7.604060e-01 3.758615e-15
    outer loop
      vertex   -1.351756e+02 1.306180e+02 -5.655300e+00
      vertex   -1.354142e+02 1.304142e+02 9.469957e-02
      vertex   -1.351756e+02 1.306180e+02 9.469957e-02
    endloop
  endfacet
  facet normal -5.224986e-01 8.526402e-01 4.214520e-15
    outer loop
      vertex   -1.351756e+02 1.306180e+02 -5.655300e+00
      vertex   -1.351756e+02 1.306180e+02 9.469957e-02
      vertex   -1.349080e+02 1.307820e+02 -5.655300e+00
    endloop
  endfacet
  facet normal -5.224986e-01 8.526402e-01 0.000000e+00
    outer loop
      vertex   -1.349080e+02 1.307820e+02 -5.655300e+00
      vertex   -1.351756e+02 1.306180e+02 9.469957e-02
      vertex   -1.349080e+02 1.307820e+02 9.469957e-02
    endloop
  endfacet
  facet normal -3.826834e-01 9.238795e-01 0.000000e+00
    outer loop
      vertex   -1.349080e+02 1.307820e+02 -5.655300e+00
      vertex   -1.349080e+02 1.307820e+02 9.469957e-02
      vertex   -1.346180e+02 1.309021e+02 -5.655300e+00
    endloop
  endfacet
  facet normal -3.826834e-01 9.238795e-01 0.000000e+00
    outer loop
      vertex   -1.346180e+02 1.309021e+02 -5.655300e+00
      vertex   -1.349080e+02 1.307820e+02 9.469957e-02
      vertex   -1.346180e+02 1.309021e+02 9.469957e-02
    endloop
  endfacet
  facet normal -2.334454e-01 9.723699e-01 0.000000e+00
    outer loop
      vertex   -1.346180e+02 1.309021e+02 -5.655300e+00
      vertex   -1.346180e+02 1.309021e+02 9.469957e-02
      vertex   -1.343129e+02 1.309754e+02 -5.655300e+00
    endloop
  endfacet
  facet normal -2.334454e-01 9.723699e-01 0.000000e+00
    outer loop
      vertex   -1.343129e+02 1.309754e+02 -5.655300e+00
      vertex   -1.346180e+02 1.309021e+02 9.469957e-02
      vertex   -1.343129e+02 1.309754e+02 9.469957e-02
    endloop
  endfacet
  facet normal -7.845910e-02 9.969173e-01 0.000000e+00
    outer loop
      vertex   -1.343129e+02 1.309754e+02 -5.655300e+00
      vertex   -1.343129e+02 1.309754e+02 9.469957e-02
      vertex   -1.340000e+02 1.310000e+02 -5.655300e+00
    endloop
  endfacet
  facet normal -7.845910e-02 9.969173e-01 0.000000e+00
    outer loop
      vertex   -1.340000e+02 1.310000e+02 -5.655300e+00
      vertex   -1.343129e+02 1.309754e+02 9.469957e-02
      vertex   -1.340000e+02 1.310000e+02 9.469957e-02
    endloop
  endfacet
  facet normal -0.000000e+00 1.000000e+00 0.000000e+00
    outer loop
      vertex   -1.340000e+02 1.310000e+02 9.469957e-02
      vertex   -1.025000e+02 1.310000e+02 9.469957e-02
      vertex   -1.340000e+02 1.310000e+02 -5.655300e+00
    endloop
  endfacet
  facet normal 0.000000e+00 1.000000e+00 0.000000e+00
    outer loop
      vertex   -1.340000e+02 1.310000e+02 -5.655300e+00
      vertex   -1.025000e+02 1.310000e+02 9.469957e-02
      vertex   -1.025000e+02 1.310000e+02 -5.655300e+00
    endloop
  endfacet
  facet normal 7.845910e-02 9.969173e-01 -0.000000e+00
    outer loop
      vertex   -1.025000e+02 1.310000e+02 -5.655300e+00
      vertex   -1.025000e+02 1.310000e+02 9.469957e-02
      vertex   -1.021871e+02 1.309754e+02 -5.655300e+00
    endloop
  endfacet
  facet normal 7.845910e-02 9.969173e-01 -0.000000e+00
    outer loop
      vertex   -1.021871e+02 1.309754e+02 -5.655300e+00
      vertex   -1.025000e+02 1.310000e+02 9.469957e-02
      vertex   -1.021871e+02 1.309754e+02 9.469957e-02
    endloop
  endfacet
  facet normal 2.334454e-01 9.723699e-01 -0.000000e+00
    outer loop
      vertex   -1.021871e+02 1.309754e+02 -5.655300e+00
      vertex   -1.021871e+02 1.309754e+02 9.469957e-02
      vertex   -1.018820e+02 1.309021e+02 -5.655300e+00
    endloop
  endfacet
  facet normal 2.334454e-01 9.723699e-01 -0.000000e+00
    outer loop
      vertex   -1.018820e+02 1.309021e+02 -5.655300e+00
      vertex   -1.021871e+02 1.309754e+02 9.469957e-02
      vertex   -1.018820e+02 1.309021e+02 9.469957e-02
    endloop
  endfacet
  facet normal 3.826834e-01 9.238795e-01 -0.000000e+00
    outer loop
      vertex   -1.018820e+02 1.309021e+02 -5.655300e+00
      vertex   -1.018820e+02 1.309021e+02 9.469957e-02
      vertex   -1.015920e+02 1.307820e+02 -5.655300e+00
    endloop
  endfacet
  facet normal 3.826834e-01 9.238795e-01 -0.000000e+00
    outer loop
      vertex   -1.015920e+02 1.307820e+02 -5.655300e+00
      vertex   -1.018820e+02 1.309021e+02 9.469957e-02
      vertex   -1.015920e+02 1.307820e+02 9.469957e-02
    endloop
  endfacet
  facet normal 5.224986e-01 8.526402e-01 -0.000000e+00
    outer loop
      vertex   -1.015920e+02 1.307820e+02 -5.655300e+00
      vertex   -1.015920e+02 1.307820e+02 9.469957e-02
      vertex   -1.013244e+02 1.306180e+02 -5.655300e+00
    endloop
  endfacet
  facet normal 5.224986e-01 8.526402e-01 2.923190e-15
    outer loop
      vertex   -1.013244e+02 1.306180e+02 -5.655300e+00
      vertex   -1.015920e+02 1.307820e+02 9.469957e-02
      vertex   -1.013244e+02 1.306180e+02 9.469957e-02
    endloop
  endfacet
  facet normal 6.494480e-01 7.604060e-01 2.153535e-15
    outer loop
      vertex   -1.013244e+02 1.306180e+02 -5.655300e+00
      vertex   -1.013244e+02 1.306180e+02 9.469957e-02
      vertex   -1.010858e+02 1.304142e+02 -5.655300e+00
    endloop
  endfacet
  facet normal 6.494480e-01 7.604060e-01 -0.000000e+00
    outer loop
      vertex   -1.010858e+02 1.304142e+02 -5.655300e+00
      vertex   -1.013244e+02 1.306180e+02 9.469957e-02
      vertex   -1.010858e+02 1.304142e+02 9.469957e-02
    endloop
  endfacet
  facet normal 7.604060e-01 6.494480e-01 -0.000000e+00
    outer loop
      vertex   -1.010858e+02 1.304142e+02 -5.655300e+00
      vertex   -1.010858e+02 1.304142e+02 9.469957e-02
      vertex   -1.008820e+02 1.301756e+02 -5.655300e+00
    endloop
  endfacet
  facet normal 7.604060e-01 6.494480e-01 -0.000000e+00
    outer loop
      vertex   -1.008820e+02 1.301756e+02 -5.655300e+00
      vertex   -1.010858e+02 1.304142e+02 9.469957e-02
      vertex   -1.008820e+02 1.301756e+02 9.469957e-02
    endloop
  endfacet
  facet normal 8.526402e-01 5.224986e-01 -0.000000e+00
    outer loop
      vertex   -1.008820e+02 1.301756e+02 -5.655300e+00
      vertex   -1.008820e+02 1.301756e+02 9.469957e-02
      vertex   -1.007180e+02 1.299080e+02 -5.655300e+00
    endloop
  endfacet
  facet normal 8.526402e-01 5.224986e-01 -0.000000e+00
    outer loop
      vertex   -1.007180e+02 1.299080e+02 -5.655300e+00
      vertex   -1.008820e+02 1.301756e+02 9.469957e-02
      vertex   -1.007180e+02 1.299080e+02 9.469957e-02
    endloop
  endfacet
  facet normal 9.238795e-01 3.826834e-01 -0.000000e+00
    outer loop
      vertex   -1.007180e+02 1.299080e+02 -5.655300e+00
      vertex   -1.007180e+02 1.299080e+02 9.469957e-02
      vertex   -1.005979e+02 1.296180e+02 -5.655300e+00
    endloop
  endfacet
  facet normal 9.238795e-01 3.826834e-01 -0.000000e+00
    outer loop
      vertex   -1.005979e+02 1.296180e+02 -5.655300e+00
      vertex   -1.007180e+02 1.299080e+02 9.469957e-02
      vertex   -1.005979e+02 1.296180e+02 9.469957e-02
    endloop
  endfacet
  facet normal 9.723699e-01 2.334454e-01 -0.000000e+00
    outer loop
      vertex   -1.005979e+02 1.296180e+02 -5.655300e+00
      vertex   -1.005979e+02 1.296180e+02 9.469957e-02
      vertex   -1.005246e+02 1.293129e+02 -5.655300e+00
    endloop
  endfacet
  facet normal 9.723699e-01 2.334454e-01 -0.000000e+00
    outer loop
      vertex   -1.005246e+02 1.293129e+02 -5.655300e+00
      vertex   -1.005979e+02 1.296180e+02 9.469957e-02
      vertex   -1.005246e+02 1.293129e+02 9.469957e-02
    endloop
  endfacet
  facet normal 9.969173e-01 7.845910e-02 -0.000000e+00
    outer loop
      vertex   -1.005246e+02 1.293129e+02 -5.655300e+00
      vertex   -1.005246e+02 1.293129e+02 9.469957e-02
      vertex   -1.005000e+02 1.290000e+02 -5.655300e+00
    endloop
  endfacet
  facet normal 9.969173e-01 7.845910e-02 -0.000000e+00
    outer loop
      vertex   -1.005000e+02 1.290000e+02 -5.655300e+00
      vertex   -1.005246e+02 1.293129e+02 9.469957e-02
      vertex   -1.005000e+02 1.290000e+02 9.469957e-02
    endloop
  endfacet
  facet normal 2.689233e-16 1.200241e-16 1.000000e+00
    outer loop
      vertex   -1.010858e+02 1.115000e+02 9.469957e-02
      vertex   -1.005000e+02 1.125000e+02 9.469957e-02
      vertex   -1.010858e+02 1.300000e+02 9.469957e-02
    endloop
  endfacet
  facet normal 2.010134e-16 1.177509e-16 1.000000e+00
    outer loop
      vertex   -1.010858e+02 1.300000e+02 9.469957e-02
      vertex   -1.005000e+02 1.125000e+02 9.469957e-02
      vertex   -1.005000e+02 1.290000e+02 9.469957e-02
    endloop
  endfacet
  facet normal 1.749473e-16 1.024818e-16 1.000000e+00
    outer loop
      vertex   -1.010858e+02 1.300000e+02 9.469957e-02
      vertex   -1.005000e+02 1.290000e+02 9.469957e-02
      vertex   -1.005246e+02 1.293129e+02 9.469957e-02
    endloop
  endfacet
  facet normal 3.657913e-16 -3.657913e-16 1.000000e+00
    outer loop
      vertex   -1.015000e+02 1.110858e+02 9.469957e-02
      vertex   -1.008820e+02 1.113244e+02 9.469957e-02
      vertex   -1.010858e+02 1.115000e+02 9.469957e-02
    endloop
  endfacet
  facet normal 5.041224e-16 -2.052021e-16 1.000000e+00
    outer loop
      vertex   -1.010858e+02 1.115000e+02 9.469957e-02
      vertex   -1.008820e+02 1.113244e+02 9.469957e-02
      vertex   -1.007180e+02 1.115920e+02 9.469957e-02
    endloop
  endfacet
  facet normal 4.650529e-16 -4.904166e-17 1.000000e+00
    outer loop
      vertex   -1.010858e+02 1.115000e+02 9.469957e-02
      vertex   -1.007180e+02 1.115920e+02 9.469957e-02
      vertex   -1.005979e+02 1.118820e+02 9.469957e-02
    endloop
  endfacet
  facet normal -0.000000e+00 0.000000e+00 1.000000e+00
    outer loop
      vertex   -1.350000e+02 1.110858e+02 9.469957e-02
      vertex   -1.025000e+02 1.105000e+02 9.469957e-02
      vertex   -1.015000e+02 1.110858e+02 9.469957e-02
    endloop
  endfacet
  facet normal 1.024818e-16 -1.749473e-16 1.000000e+00
    outer loop
      vertex   -1.015000e+02 1.110858e+02 9.469957e-02
      vertex   -1.025000e+02 1.105000e+02 9.469957e-02
      vertex   -1.021871e+02 1.105246e+02 9.469957e-02
    endloop
  endfacet
  facet normal 1.681869e-17 -7.005489e-17 1.000000e+00
    outer loop
      vertex   -1.015000e+02 1.110858e+02 9.469957e-02
      vertex   -1.021871e+02 1.105246e+02 9.469957e-02
      vertex   -1.018820e+02 1.105979e+02 9.469957e-02
    endloop
  endfacet
  facet normal -3.657912e-16 -3.657913e-16 1.000000e+00
    outer loop
      vertex   -1.354142e+02 1.115000e+02 9.469957e-02
      vertex   -1.356180e+02 1.113244e+02 9.469957e-02
      vertex   -1.350000e+02 1.110858e+02 9.469957e-02
    endloop
  endfacet
  facet normal -2.680315e-16 -1.126147e-16 1.000000e+00
    outer loop
      vertex   -1.350000e+02 1.110858e+02 9.469957e-02
      vertex   -1.356180e+02 1.113244e+02 9.469957e-02
      vertex   -1.354142e+02 1.110858e+02 9.469957e-02
    endloop
  endfacet
  facet normal -2.680315e-16 -1.095597e-16 1.000000e+00
    outer loop
      vertex   -1.350000e+02 1.110858e+02 9.469957e-02
      vertex   -1.354142e+02 1.110858e+02 9.469957e-02
      vertex   -1.351756e+02 1.108820e+02 9.469957e-02
    endloop
  endfacet
  facet normal -2.689233e-16 1.200241e-16 1.000000e+00
    outer loop
      vertex   -1.354142e+02 1.300000e+02 9.469957e-02
      vertex   -1.360000e+02 1.125000e+02 9.469957e-02
      vertex   -1.354142e+02 1.115000e+02 9.469957e-02
    endloop
  endfacet
  facet normal -3.724085e-16 5.940393e-17 1.000000e+00
    outer loop
      vertex   -1.354142e+02 1.115000e+02 9.469957e-02
      vertex   -1.360000e+02 1.125000e+02 9.469957e-02
      vertex   -1.359754e+02 1.121871e+02 9.469957e-02
    endloop
  endfacet
  facet normal -3.938832e-16 4.186600e-17 1.000000e+00
    outer loop
      vertex   -1.354142e+02 1.115000e+02 9.469957e-02
      vertex   -1.359754e+02 1.121871e+02 9.469957e-02
      vertex   -1.359021e+02 1.118820e+02 9.469957e-02
    endloop
  endfacet
  facet normal -3.657912e-16 3.657912e-16 1.000000e+00
    outer loop
      vertex   -1.350000e+02 1.304142e+02 9.469957e-02
      vertex   -1.356180e+02 1.301756e+02 9.469957e-02
      vertex   -1.354142e+02 1.300000e+02 9.469957e-02
    endloop
  endfacet
  facet normal -3.871644e-16 3.409791e-16 1.000000e+00
    outer loop
      vertex   -1.354142e+02 1.300000e+02 9.469957e-02
      vertex   -1.356180e+02 1.301756e+02 9.469957e-02
      vertex   -1.357820e+02 1.299080e+02 9.469957e-02
    endloop
  endfacet
  facet normal -3.768314e-16 2.996782e-16 1.000000e+00
    outer loop
      vertex   -1.354142e+02 1.300000e+02 9.469957e-02
      vertex   -1.357820e+02 1.299080e+02 9.469957e-02
      vertex   -1.359021e+02 1.296180e+02 9.469957e-02
    endloop
  endfacet
  facet normal 0.000000e+00 4.738173e-16 1.000000e+00
    outer loop
      vertex   -1.015000e+02 1.304142e+02 9.469957e-02
      vertex   -1.340000e+02 1.310000e+02 9.469957e-02
      vertex   -1.350000e+02 1.304142e+02 9.469957e-02
    endloop
  endfacet
  facet normal 5.940393e-17 3.724085e-16 1.000000e+00
    outer loop
      vertex   -1.350000e+02 1.304142e+02 9.469957e-02
      vertex   -1.340000e+02 1.310000e+02 9.469957e-02
      vertex   -1.343129e+02 1.309754e+02 9.469957e-02
    endloop
  endfacet
  facet normal -1.513682e-16 6.304940e-16 1.000000e+00
    outer loop
      vertex   -1.350000e+02 1.304142e+02 9.469957e-02
      vertex   -1.343129e+02 1.309754e+02 9.469957e-02
      vertex   -1.346180e+02 1.309021e+02 9.469957e-02
    endloop
  endfacet
  facet normal 3.657912e-16 3.657912e-16 1.000000e+00
    outer loop
      vertex   -1.010858e+02 1.300000e+02 9.469957e-02
      vertex   -1.008820e+02 1.301756e+02 9.469957e-02
      vertex   -1.015000e+02 1.304142e+02 9.469957e-02
    endloop
  endfacet
  facet normal 4.020473e-16 4.596867e-16 1.000000e+00
    outer loop
      vertex   -1.015000e+02 1.304142e+02 9.469957e-02
      vertex   -1.008820e+02 1.301756e+02 9.469957e-02
      vertex   -1.010858e+02 1.304142e+02 9.469957e-02
    endloop
  endfacet
  facet normal 4.020473e-16 6.750018e-16 1.000000e+00
    outer loop
      vertex   -1.015000e+02 1.304142e+02 9.469957e-02
      vertex   -1.010858e+02 1.304142e+02 9.469957e-02
      vertex   -1.013244e+02 1.306180e+02 9.469957e-02
    endloop
  endfacet
  facet normal 3.066656e-16 2.100529e-16 1.000000e+00
    outer loop
      vertex   -1.005246e+02 1.293129e+02 9.469957e-02
      vertex   -1.005979e+02 1.296180e+02 9.469957e-02
      vertex   -1.010858e+02 1.300000e+02 9.469957e-02
    endloop
  endfacet
  facet normal 3.768314e-16 2.996782e-16 1.000000e+00
    outer loop
      vertex   -1.010858e+02 1.300000e+02 9.469957e-02
      vertex   -1.005979e+02 1.296180e+02 9.469957e-02
      vertex   -1.007180e+02 1.299080e+02 9.469957e-02
    endloop
  endfacet
  facet normal 3.871644e-16 3.409791e-16 1.000000e+00
    outer loop
      vertex   -1.010858e+02 1.300000e+02 9.469957e-02
      vertex   -1.007180e+02 1.299080e+02 9.469957e-02
      vertex   -1.008820e+02 1.301756e+02 9.469957e-02
    endloop
  endfacet
  facet normal 4.096359e-16 6.684650e-16 1.000000e+00
    outer loop
      vertex   -1.013244e+02 1.306180e+02 9.469957e-02
      vertex   -1.015920e+02 1.307820e+02 9.469957e-02
      vertex   -1.015000e+02 1.304142e+02 9.469957e-02
    endloop
  endfacet
  facet normal 1.013496e-16 5.913355e-16 1.000000e+00
    outer loop
      vertex   -1.015000e+02 1.304142e+02 9.469957e-02
      vertex   -1.015920e+02 1.307820e+02 9.469957e-02
      vertex   -1.018820e+02 1.309021e+02 9.469957e-02
    endloop
  endfacet
  facet normal 1.513682e-16 6.304940e-16 1.000000e+00
    outer loop
      vertex   -1.015000e+02 1.304142e+02 9.469957e-02
      vertex   -1.018820e+02 1.309021e+02 9.469957e-02
      vertex   -1.021871e+02 1.309754e+02 9.469957e-02
    endloop
  endfacet
  facet normal -5.940393e-17 3.724085e-16 1.000000e+00
    outer loop
      vertex   -1.021871e+02 1.309754e+02 9.469957e-02
      vertex   -1.025000e+02 1.310000e+02 9.469957e-02
      vertex   -1.015000e+02 1.304142e+02 9.469957e-02
    endloop
  endfacet
  facet normal 0.000000e+00 4.738173e-16 1.000000e+00
    outer loop
      vertex   -1.015000e+02 1.304142e+02 9.469957e-02
      vertex   -1.025000e+02 1.310000e+02 9.469957e-02
      vertex   -1.340000e+02 1.310000e+02 9.469957e-02
    endloop
  endfacet
  facet normal -1.013496e-16 5.913355e-16 1.000000e+00
    outer loop
      vertex   -1.346180e+02 1.309021e+02 9.469957e-02
      vertex   -1.349080e+02 1.307820e+02 9.469957e-02
      vertex   -1.350000e+02 1.304142e+02 9.469957e-02
    endloop
  endfacet
  facet normal -4.096359e-16 6.684650e-16 1.000000e+00
    outer loop
      vertex   -1.350000e+02 1.304142e+02 9.469957e-02
      vertex   -1.349080e+02 1.307820e+02 9.469957e-02
      vertex   -1.351756e+02 1.306180e+02 9.469957e-02
    endloop
  endfacet
  facet normal -4.020473e-16 6.750018e-16 1.000000e+00
    outer loop
      vertex   -1.350000e+02 1.304142e+02 9.469957e-02
      vertex   -1.351756e+02 1.306180e+02 9.469957e-02
      vertex   -1.354142e+02 1.304142e+02 9.469957e-02
    endloop
  endfacet
  facet normal -4.020473e-16 4.596867e-16 1.000000e+00
    outer loop
      vertex   -1.354142e+02 1.304142e+02 9.469957e-02
      vertex   -1.356180e+02 1.301756e+02 9.469957e-02
      vertex   -1.350000e+02 1.304142e+02 9.469957e-02
    endloop
  endfacet
  facet normal -3.066656e-16 2.100529e-16 1.000000e+00
    outer loop
      vertex   -1.359021e+02 1.296180e+02 9.469957e-02
      vertex   -1.359754e+02 1.293129e+02 9.469957e-02
      vertex   -1.354142e+02 1.300000e+02 9.469957e-02
    endloop
  endfacet
  facet normal -1.749473e-16 1.024818e-16 1.000000e+00
    outer loop
      vertex   -1.354142e+02 1.300000e+02 9.469957e-02
      vertex   -1.359754e+02 1.293129e+02 9.469957e-02
      vertex   -1.360000e+02 1.290000e+02 9.469957e-02
    endloop
  endfacet
  facet normal -2.010134e-16 1.177509e-16 1.000000e+00
    outer loop
      vertex   -1.354142e+02 1.300000e+02 9.469957e-02
      vertex   -1.360000e+02 1.290000e+02 9.469957e-02
      vertex   -1.360000e+02 1.125000e+02 9.469957e-02
    endloop
  endfacet
  facet normal -4.650529e-16 -4.904166e-17 1.000000e+00
    outer loop
      vertex   -1.359021e+02 1.118820e+02 9.469957e-02
      vertex   -1.357820e+02 1.115920e+02 9.469957e-02
      vertex   -1.354142e+02 1.115000e+02 9.469957e-02
    endloop
  endfacet
  facet normal -5.041224e-16 -2.052021e-16 1.000000e+00
    outer loop
      vertex   -1.354142e+02 1.115000e+02 9.469957e-02
      vertex   -1.357820e+02 1.115920e+02 9.469957e-02
      vertex   -1.356180e+02 1.113244e+02 9.469957e-02
    endloop
  endfacet
  facet normal -1.365453e-16 -2.228217e-16 1.000000e+00
    outer loop
      vertex   -1.351756e+02 1.108820e+02 9.469957e-02
      vertex   -1.349080e+02 1.107180e+02 9.469957e-02
      vertex   -1.350000e+02 1.110858e+02 9.469957e-02
    endloop
  endfacet
  facet normal -2.473702e-16 -2.505487e-16 1.000000e+00
    outer loop
      vertex   -1.350000e+02 1.110858e+02 9.469957e-02
      vertex   -1.349080e+02 1.107180e+02 9.469957e-02
      vertex   -1.346180e+02 1.105979e+02 9.469957e-02
    endloop
  endfacet
  facet normal -1.681869e-17 -7.005489e-17 1.000000e+00
    outer loop
      vertex   -1.350000e+02 1.110858e+02 9.469957e-02
      vertex   -1.346180e+02 1.105979e+02 9.469957e-02
      vertex   -1.343129e+02 1.105246e+02 9.469957e-02
    endloop
  endfacet
  facet normal -1.024818e-16 -1.749473e-16 1.000000e+00
    outer loop
      vertex   -1.343129e+02 1.105246e+02 9.469957e-02
      vertex   -1.340000e+02 1.105000e+02 9.469957e-02
      vertex   -1.350000e+02 1.110858e+02 9.469957e-02
    endloop
  endfacet
  facet normal 0.000000e+00 0.000000e+00 1.000000e+00
    outer loop
      vertex   -1.350000e+02 1.110858e+02 9.469957e-02
      vertex   -1.340000e+02 1.105000e+02 9.469957e-02
      vertex   -1.025000e+02 1.105000e+02 9.469957e-02
    endloop
  endfacet
  facet normal 2.473703e-16 -2.505488e-16 1.000000e+00
    outer loop
      vertex   -1.018820e+02 1.105979e+02 9.469957e-02
      vertex   -1.015920e+02 1.107180e+02 9.469957e-02
      vertex   -1.015000e+02 1.110858e+02 9.469957e-02
    endloop
  endfacet
  facet normal 1.365453e-16 -2.228217e-16 1.000000e+00
    outer loop
      vertex   -1.015000e+02 1.110858e+02 9.469957e-02
      vertex   -1.015920e+02 1.107180e+02 9.469957e-02
      vertex   -1.013244e+02 1.108820e+02 9.469957e-02
    endloop
  endfacet
  facet normal 2.680316e-16 -1.095597e-16 1.000000e+00
    outer loop
      vertex   -1.015000e+02 1.110858e+02 9.469957e-02
      vertex   -1.013244e+02 1.108820e+02 9.469957e-02
      vertex   -1.010858e+02 1.110858e+02 9.469957e-02
    endloop
  endfacet
  facet normal 2.680316e-16 -1.126148e-16 1.000000e+00
    outer loop
      vertex   -1.010858e+02 1.110858e+02 9.469957e-02
      vertex   -1.008820e+02 1.113244e+02 9.469957e-02
      vertex   -1.015000e+02 1.110858e+02 9.469957e-02
    endloop
  endfacet
  facet normal 3.938832e-16 4.186600e-17 1.000000e+00
    outer loop
      vertex   -1.005979e+02 1.118820e+02 9.469957e-02
      vertex   -1.005246e+02 1.121871e+02 9.469957e-02
      vertex   -1.010858e+02 1.115000e+02 9.469957e-02
    endloop
  endfacet
  facet normal 3.724085e-16 5.940393e-17 1.000000e+00
    outer loop
      vertex   -1.010858e+02 1.115000e+02 9.469957e-02
      vertex   -1.005246e+02 1.121871e+02 9.469957e-02
      vertex   -1.005000e+02 1.125000e+02 9.469957e-02
    endloop
  endfacet
  facet normal 1.000000e+00 0.000000e+00 0.000000e+00
    outer loop
      vertex   -1.350000e+02 1.115000e+02 -4.905300e+00
      vertex   -1.350000e+02 1.160228e+02 -2.144828e+00
      vertex   -1.350000e+02 1.115000e+02 1.094700e+00
    endloop
  endfacet
  facet normal 1.000000e+00 0.000000e+00 0.000000e+00
    outer loop
      vertex   -1.350000e+02 1.115000e+02 1.094700e+00
      vertex   -1.350000e+02 1.160228e+02 -2.144828e+00
      vertex   -1.350000e+02 1.160905e+02 -1.892270e+00
    endloop
  endfacet
  facet normal 1.000000e+00 0.000000e+00 0.000000e+00
    outer loop
      vertex   -1.350000e+02 1.115000e+02 1.094700e+00
      vertex   -1.350000e+02 1.160905e+02 -1.892270e+00
      vertex   -1.350000e+02 1.162010e+02 -1.655300e+00
    endloop
  endfacet
  facet normal 1.000000e+00 0.000000e+00 0.000000e+00
    outer loop
      vertex   -1.350000e+02 1.175000e+02 -4.905300e+00
      vertex   -1.350000e+02 1.172395e+02 -4.882512e+00
      vertex   -1.350000e+02 1.115000e+02 -4.905300e+00
    endloop
  endfacet
  facet normal 1.000000e+00 0.000000e+00 0.000000e+00
    outer loop
      vertex   -1.350000e+02 1.115000e+02 -4.905300e+00
      vertex   -1.350000e+02 1.172395e+02 -4.882512e+00
      vertex   -1.350000e+02 1.169870e+02 -4.814839e+00
    endloop
  endfacet
  facet normal 1.000000e+00 0.000000e+00 0.000000e+00
    outer loop
      vertex   -1.350000e+02 1.115000e+02 -4.905300e+00
      vertex   -1.350000e+02 1.169870e+02 -4.814839e+00
      vertex   -1.350000e+02 1.167500e+02 -4.704339e+00
    endloop
  endfacet
  facet normal 1.000000e+00 0.000000e+00 0.000000e+00
    outer loop
      vertex   -1.350000e+02 1.167500e+02 -4.704339e+00
      vertex   -1.350000e+02 1.165358e+02 -4.554367e+00
      vertex   -1.350000e+02 1.115000e+02 -4.905300e+00
    endloop
  endfacet
  facet normal 1.000000e+00 0.000000e+00 0.000000e+00
    outer loop
      vertex   -1.350000e+02 1.115000e+02 -4.905300e+00
      vertex   -1.350000e+02 1.165358e+02 -4.554367e+00
      vertex   -1.350000e+02 1.163509e+02 -4.369482e+00
    endloop
  endfacet
  facet normal 1.000000e+00 0.000000e+00 0.000000e+00
    outer loop
      vertex   -1.350000e+02 1.115000e+02 -4.905300e+00
      vertex   -1.350000e+02 1.163509e+02 -4.369482e+00
      vertex   -1.350000e+02 1.162010e+02 -4.155300e+00
    endloop
  endfacet
  facet normal 1.000000e+00 0.000000e+00 0.000000e+00
    outer loop
      vertex   -1.350000e+02 1.162010e+02 -4.155300e+00
      vertex   -1.350000e+02 1.160905e+02 -3.918331e+00
      vertex   -1.350000e+02 1.115000e+02 -4.905300e+00
    endloop
  endfacet
  facet normal 1.000000e+00 0.000000e+00 0.000000e+00
    outer loop
      vertex   -1.350000e+02 1.115000e+02 -4.905300e+00
      vertex   -1.350000e+02 1.160905e+02 -3.918331e+00
      vertex   -1.350000e+02 1.160228e+02 -3.665773e+00
    endloop
  endfacet
  facet normal 1.000000e+00 0.000000e+00 0.000000e+00
    outer loop
      vertex   -1.350000e+02 1.115000e+02 -4.905300e+00
      vertex   -1.350000e+02 1.160228e+02 -3.665773e+00
      vertex   -1.350000e+02 1.160000e+02 -3.405300e+00
    endloop
  endfacet
  facet normal 1.000000e+00 0.000000e+00 -0.000000e+00
    outer loop
      vertex   -1.350000e+02 1.160000e+02 -3.405300e+00
      vertex   -1.350000e+02 1.160000e+02 -2.405300e+00
      vertex   -1.350000e+02 1.115000e+02 -4.905300e+00
    endloop
  endfacet
  facet normal 1.000000e+00 0.000000e+00 0.000000e+00
    outer loop
      vertex   -1.350000e+02 1.115000e+02 -4.905300e+00
      vertex   -1.350000e+02 1.160000e+02 -2.405300e+00
      vertex   -1.350000e+02 1.160228e+02 -2.144828e+00
    endloop
  endfacet
  facet normal 1.000000e+00 0.000000e+00 -0.000000e+00
    outer loop
      vertex   -1.350000e+02 1.162010e+02 -1.655300e+00
      vertex   -1.350000e+02 1.163509e+02 -1.441119e+00
      vertex   -1.350000e+02 1.115000e+02 1.094700e+00
    endloop
  endfacet
  facet normal 1.000000e+00 0.000000e+00 0.000000e+00
    outer loop
      vertex   -1.350000e+02 1.115000e+02 1.094700e+00
      vertex   -1.350000e+02 1.163509e+02 -1.441119e+00
      vertex   -1.350000e+02 1.165358e+02 -1.256234e+00
    endloop
  endfacet
  facet normal 1.000000e+00 0.000000e+00 0.000000e+00
    outer loop
      vertex   -1.350000e+02 1.115000e+02 1.094700e+00
      vertex   -1.350000e+02 1.165358e+02 -1.256234e+00
      vertex   -1.350000e+02 1.167500e+02 -1.106262e+00
    endloop
  endfacet
  facet normal 1.000000e+00 0.000000e+00 -0.000000e+00
    outer loop
      vertex   -1.350000e+02 1.167500e+02 -1.106262e+00
      vertex   -1.350000e+02 1.169870e+02 -9.957615e-01
      vertex   -1.350000e+02 1.115000e+02 1.094700e+00
    endloop
  endfacet
  facet normal 1.000000e+00 0.000000e+00 0.000000e+00
    outer loop
      vertex   -1.350000e+02 1.115000e+02 1.094700e+00
      vertex   -1.350000e+02 1.169870e+02 -9.957615e-01
      vertex   -1.350000e+02 1.172395e+02 -9.280888e-01
    endloop
  endfacet
  facet normal 1.000000e+00 0.000000e+00 0.000000e+00
    outer loop
      vertex   -1.350000e+02 1.115000e+02 1.094700e+00
      vertex   -1.350000e+02 1.172395e+02 -9.280888e-01
      vertex   -1.350000e+02 1.175000e+02 -9.053004e-01
    endloop
  endfacet
  facet normal 1.000000e+00 0.000000e+00 0.000000e+00
    outer loop
      vertex   -1.350000e+02 1.115000e+02 1.094700e+00
      vertex   -1.350000e+02 1.175000e+02 -9.053004e-01
      vertex   -1.350000e+02 1.300000e+02 1.094700e+00
    endloop
  endfacet
  facet normal 1.000000e+00 0.000000e+00 0.000000e+00
    outer loop
      vertex   -1.350000e+02 1.300000e+02 1.094700e+00
      vertex   -1.350000e+02 1.175000e+02 -9.053004e-01
      vertex   -1.350000e+02 1.240000e+02 -9.053004e-01
    endloop
  endfacet
  facet normal 1.000000e+00 0.000000e+00 0.000000e+00
    outer loop
      vertex   -1.350000e+02 1.300000e+02 1.094700e+00
      vertex   -1.350000e+02 1.240000e+02 -9.053004e-01
      vertex   -1.350000e+02 1.242605e+02 -9.280888e-01
    endloop
  endfacet
  facet normal 1.000000e+00 -0.000000e+00 0.000000e+00
    outer loop
      vertex   -1.350000e+02 1.242605e+02 -9.280888e-01
      vertex   -1.350000e+02 1.245130e+02 -9.957615e-01
      vertex   -1.350000e+02 1.300000e+02 1.094700e+00
    endloop
  endfacet
  facet normal 1.000000e+00 0.000000e+00 0.000000e+00
    outer loop
      vertex   -1.350000e+02 1.300000e+02 1.094700e+00
      vertex   -1.350000e+02 1.245130e+02 -9.957615e-01
      vertex   -1.350000e+02 1.247500e+02 -1.106262e+00
    endloop
  endfacet
  facet normal 1.000000e+00 0.000000e+00 0.000000e+00
    outer loop
      vertex   -1.350000e+02 1.300000e+02 1.094700e+00
      vertex   -1.350000e+02 1.247500e+02 -1.106262e+00
      vertex   -1.350000e+02 1.249642e+02 -1.256234e+00
    endloop
  endfacet
  facet normal 1.000000e+00 -0.000000e+00 0.000000e+00
    outer loop
      vertex   -1.350000e+02 1.249642e+02 -1.256234e+00
      vertex   -1.350000e+02 1.251491e+02 -1.441119e+00
      vertex   -1.350000e+02 1.300000e+02 1.094700e+00
    endloop
  endfacet
  facet normal 1.000000e+00 0.000000e+00 0.000000e+00
    outer loop
      vertex   -1.350000e+02 1.300000e+02 1.094700e+00
      vertex   -1.350000e+02 1.251491e+02 -1.441119e+00
      vertex   -1.350000e+02 1.252990e+02 -1.655300e+00
    endloop
  endfacet
  facet normal 1.000000e+00 0.000000e+00 0.000000e+00
    outer loop
      vertex   -1.350000e+02 1.300000e+02 1.094700e+00
      vertex   -1.350000e+02 1.252990e+02 -1.655300e+00
      vertex   -1.350000e+02 1.254095e+02 -1.892270e+00
    endloop
  endfacet
  facet normal 1.000000e+00 -0.000000e+00 0.000000e+00
    outer loop
      vertex   -1.350000e+02 1.254095e+02 -1.892270e+00
      vertex   -1.350000e+02 1.254772e+02 -2.144828e+00
      vertex   -1.350000e+02 1.300000e+02 1.094700e+00
    endloop
  endfacet
  facet normal 1.000000e+00 0.000000e+00 0.000000e+00
    outer loop
      vertex   -1.350000e+02 1.300000e+02 1.094700e+00
      vertex   -1.350000e+02 1.254772e+02 -2.144828e+00
      vertex   -1.350000e+02 1.300000e+02 -4.905300e+00
    endloop
  endfacet
  facet normal 1.000000e+00 0.000000e+00 0.000000e+00
    outer loop
      vertex   -1.350000e+02 1.300000e+02 -4.905300e+00
      vertex   -1.350000e+02 1.254772e+02 -2.144828e+00
      vertex   -1.350000e+02 1.255000e+02 -2.405300e+00
    endloop
  endfacet
  facet normal 1.000000e+00 0.000000e+00 0.000000e+00
    outer loop
      vertex   -1.350000e+02 1.300000e+02 -4.905300e+00
      vertex   -1.350000e+02 1.255000e+02 -2.405300e+00
      vertex   -1.350000e+02 1.255000e+02 -3.405300e+00
    endloop
  endfacet
  facet normal 1.000000e+00 0.000000e+00 0.000000e+00
    outer loop
      vertex   -1.350000e+02 1.255000e+02 -3.405300e+00
      vertex   -1.350000e+02 1.254772e+02 -3.665773e+00
      vertex   -1.350000e+02 1.300000e+02 -4.905300e+00
    endloop
  endfacet
  facet normal 1.000000e+00 0.000000e+00 0.000000e+00
    outer loop
      vertex   -1.350000e+02 1.300000e+02 -4.905300e+00
      vertex   -1.350000e+02 1.254772e+02 -3.665773e+00
      vertex   -1.350000e+02 1.254095e+02 -3.918331e+00
    endloop
  endfacet
  facet normal 1.000000e+00 0.000000e+00 0.000000e+00
    outer loop
      vertex   -1.350000e+02 1.300000e+02 -4.905300e+00
      vertex   -1.350000e+02 1.254095e+02 -3.918331e+00
      vertex   -1.350000e+02 1.252990e+02 -4.155300e+00
    endloop
  endfacet
  facet normal 1.000000e+00 0.000000e+00 0.000000e+00
    outer loop
      vertex   -1.350000e+02 1.252990e+02 -4.155300e+00
      vertex   -1.350000e+02 1.251491e+02 -4.369482e+00
      vertex   -1.350000e+02 1.300000e+02 -4.905300e+00
    endloop
  endfacet
  facet normal 1.000000e+00 0.000000e+00 0.000000e+00
    outer loop
      vertex   -1.350000e+02 1.300000e+02 -4.905300e+00
      vertex   -1.350000e+02 1.251491e+02 -4.369482e+00
      vertex   -1.350000e+02 1.249642e+02 -4.554367e+00
    endloop
  endfacet
  facet normal 1.000000e+00 0.000000e+00 0.000000e+00
    outer loop
      vertex   -1.350000e+02 1.300000e+02 -4.905300e+00
      vertex   -1.350000e+02 1.249642e+02 -4.554367e+00
      vertex   -1.350000e+02 1.247500e+02 -4.704339e+00
    endloop
  endfacet
  facet normal 1.000000e+00 0.000000e+00 0.000000e+00
    outer loop
      vertex   -1.350000e+02 1.247500e+02 -4.704339e+00
      vertex   -1.350000e+02 1.245130e+02 -4.814839e+00
      vertex   -1.350000e+02 1.300000e+02 -4.905300e+00
    endloop
  endfacet
  facet normal 1.000000e+00 0.000000e+00 0.000000e+00
    outer loop
      vertex   -1.350000e+02 1.300000e+02 -4.905300e+00
      vertex   -1.350000e+02 1.245130e+02 -4.814839e+00
      vertex   -1.350000e+02 1.242605e+02 -4.882512e+00
    endloop
  endfacet
  facet normal 1.000000e+00 0.000000e+00 0.000000e+00
    outer loop
      vertex   -1.350000e+02 1.300000e+02 -4.905300e+00
      vertex   -1.350000e+02 1.242605e+02 -4.882512e+00
      vertex   -1.350000e+02 1.240000e+02 -4.905300e+00
    endloop
  endfacet
  facet normal 0.000000e+00 1.000000e+00 -0.000000e+00
    outer loop
      vertex   -1.015000e+02 1.115000e+02 -4.905300e+00
      vertex   -1.350000e+02 1.115000e+02 -4.905300e+00
      vertex   -1.015000e+02 1.115000e+02 1.094700e+00
    endloop
  endfacet
  facet normal 0.000000e+00 1.000000e+00 0.000000e+00
    outer loop
      vertex   -1.015000e+02 1.115000e+02 1.094700e+00
      vertex   -1.350000e+02 1.115000e+02 -4.905300e+00
      vertex   -1.350000e+02 1.115000e+02 1.094700e+00
    endloop
  endfacet
  facet normal 9.969173e-01 -7.845910e-02 0.000000e+00
    outer loop
      vertex   -1.005000e+02 1.125000e+02 -5.655300e+00
      vertex   -1.005000e+02 1.125000e+02 9.469957e-02
      vertex   -1.005246e+02 1.121871e+02 -5.655300e+00
    endloop
  endfacet
  facet normal 9.969173e-01 -7.845910e-02 0.000000e+00
    outer loop
      vertex   -1.005246e+02 1.121871e+02 -5.655300e+00
      vertex   -1.005000e+02 1.125000e+02 9.469957e-02
      vertex   -1.005246e+02 1.121871e+02 9.469957e-02
    endloop
  endfacet
  facet normal 9.723699e-01 -2.334454e-01 0.000000e+00
    outer loop
      vertex   -1.005246e+02 1.121871e+02 -5.655300e+00
      vertex   -1.005246e+02 1.121871e+02 9.469957e-02
      vertex   -1.005979e+02 1.118820e+02 -5.655300e+00
    endloop
  endfacet
  facet normal 9.723699e-01 -2.334454e-01 0.000000e+00
    outer loop
      vertex   -1.005979e+02 1.118820e+02 -5.655300e+00
      vertex   -1.005246e+02 1.121871e+02 9.469957e-02
      vertex   -1.005979e+02 1.118820e+02 9.469957e-02
    endloop
  endfacet
  facet normal 9.238795e-01 -3.826834e-01 0.000000e+00
    outer loop
      vertex   -1.005979e+02 1.118820e+02 -5.655300e+00
      vertex   -1.005979e+02 1.118820e+02 9.469957e-02
      vertex   -1.007180e+02 1.115920e+02 -5.655300e+00
    endloop
  endfacet
  facet normal 9.238795e-01 -3.826834e-01 0.000000e+00
    outer loop
      vertex   -1.007180e+02 1.115920e+02 -5.655300e+00
      vertex   -1.005979e+02 1.118820e+02 9.469957e-02
      vertex   -1.007180e+02 1.115920e+02 9.469957e-02
    endloop
  endfacet
  facet normal 8.526402e-01 -5.224986e-01 0.000000e+00
    outer loop
      vertex   -1.007180e+02 1.115920e+02 -5.655300e+00
      vertex   -1.007180e+02 1.115920e+02 9.469957e-02
      vertex   -1.008820e+02 1.113244e+02 -5.655300e+00
    endloop
  endfacet
  facet normal 8.526402e-01 -5.224986e-01 0.000000e+00
    outer loop
      vertex   -1.008820e+02 1.113244e+02 -5.655300e+00
      vertex   -1.007180e+02 1.115920e+02 9.469957e-02
      vertex   -1.008820e+02 1.113244e+02 9.469957e-02
    endloop
  endfacet
  facet normal 7.604060e-01 -6.494480e-01 0.000000e+00
    outer loop
      vertex   -1.008820e+02 1.113244e+02 -5.655300e+00
      vertex   -1.008820e+02 1.113244e+02 9.469957e-02
      vertex   -1.010858e+02 1.110858e+02 -5.655300e+00
    endloop
  endfacet
  facet normal 7.604060e-01 -6.494480e-01 0.000000e+00
    outer loop
      vertex   -1.010858e+02 1.110858e+02 -5.655300e+00
      vertex   -1.008820e+02 1.113244e+02 9.469957e-02
      vertex   -1.010858e+02 1.110858e+02 9.469957e-02
    endloop
  endfacet
  facet normal 6.494480e-01 -7.604060e-01 0.000000e+00
    outer loop
      vertex   -1.010858e+02 1.110858e+02 -5.655300e+00
      vertex   -1.010858e+02 1.110858e+02 9.469957e-02
      vertex   -1.013244e+02 1.108820e+02 -5.655300e+00
    endloop
  endfacet
  facet normal 6.494480e-01 -7.604060e-01 0.000000e+00
    outer loop
      vertex   -1.013244e+02 1.108820e+02 -5.655300e+00
      vertex   -1.010858e+02 1.110858e+02 9.469957e-02
      vertex   -1.013244e+02 1.108820e+02 9.469957e-02
    endloop
  endfacet
  facet normal 5.224986e-01 -8.526402e-01 0.000000e+00
    outer loop
      vertex   -1.013244e+02 1.108820e+02 -5.655300e+00
      vertex   -1.013244e+02 1.108820e+02 9.469957e-02
      vertex   -1.015920e+02 1.107180e+02 -5.655300e+00
    endloop
  endfacet
  facet normal 5.224986e-01 -8.526402e-01 0.000000e+00
    outer loop
      vertex   -1.015920e+02 1.107180e+02 -5.655300e+00
      vertex   -1.013244e+02 1.108820e+02 9.469957e-02
      vertex   -1.015920e+02 1.107180e+02 9.469957e-02
    endloop
  endfacet
  facet normal 3.826834e-01 -9.238795e-01 0.000000e+00
    outer loop
      vertex   -1.015920e+02 1.107180e+02 -5.655300e+00
      vertex   -1.015920e+02 1.107180e+02 9.469957e-02
      vertex   -1.018820e+02 1.105979e+02 -5.655300e+00
    endloop
  endfacet
  facet normal 3.826834e-01 -9.238795e-01 0.000000e+00
    outer loop
      vertex   -1.018820e+02 1.105979e+02 -5.655300e+00
      vertex   -1.015920e+02 1.107180e+02 9.469957e-02
      vertex   -1.018820e+02 1.105979e+02 9.469957e-02
    endloop
  endfacet
  facet normal 2.334454e-01 -9.723699e-01 0.000000e+00
    outer loop
      vertex   -1.018820e+02 1.105979e+02 -5.655300e+00
      vertex   -1.018820e+02 1.105979e+02 9.469957e-02
      vertex   -1.021871e+02 1.105246e+02 -5.655300e+00
    endloop
  endfacet
  facet normal 2.334454e-01 -9.723699e-01 0.000000e+00
    outer loop
      vertex   -1.021871e+02 1.105246e+02 -5.655300e+00
      vertex   -1.018820e+02 1.105979e+02 9.469957e-02
      vertex   -1.021871e+02 1.105246e+02 9.469957e-02
    endloop
  endfacet
  facet normal 7.845910e-02 -9.969173e-01 0.000000e+00
    outer loop
      vertex   -1.021871e+02 1.105246e+02 -5.655300e+00
      vertex   -1.021871e+02 1.105246e+02 9.469957e-02
      vertex   -1.025000e+02 1.105000e+02 -5.655300e+00
    endloop
  endfacet
  facet normal 7.845910e-02 -9.969173e-01 0.000000e+00
    outer loop
      vertex   -1.025000e+02 1.105000e+02 -5.655300e+00
      vertex   -1.021871e+02 1.105246e+02 9.469957e-02
      vertex   -1.025000e+02 1.105000e+02 9.469957e-02
    endloop
  endfacet
  facet normal -1.000000e+00 0.000000e+00 0.000000e+00
    outer loop
      vertex   -1.015000e+02 1.300000e+02 -4.905300e+00
      vertex   -1.015000e+02 1.115000e+02 -4.905300e+00
      vertex   -1.015000e+02 1.300000e+02 1.094700e+00
    endloop
  endfacet
  facet normal -1.000000e+00 -0.000000e+00 0.000000e+00
    outer loop
      vertex   -1.015000e+02 1.300000e+02 1.094700e+00
      vertex   -1.015000e+02 1.115000e+02 -4.905300e+00
      vertex   -1.015000e+02 1.115000e+02 1.094700e+00
    endloop
  endfacet
  facet normal -1.027209e-02 -1.305193e-01 -9.913926e-01
    outer loop
      vertex   -1.340000e+02 1.107500e+02 -5.905300e+00
      vertex   -1.340000e+02 1.106853e+02 -5.896782e+00
      vertex   -1.342738e+02 1.107715e+02 -5.905300e+00
    endloop
  endfacet
  facet normal -1.027209e-02 -1.305193e-01 -9.913926e-01
    outer loop
      vertex   -1.342738e+02 1.107715e+02 -5.905300e+00
      vertex   -1.340000e+02 1.106853e+02 -5.896782e+00
      vertex   -1.342839e+02 1.107076e+02 -5.896782e+00
    endloop
  endfacet
  facet normal -3.056334e-02 -1.273055e-01 -9.913926e-01
    outer loop
      vertex   -1.342738e+02 1.107715e+02 -5.905300e+00
      vertex   -1.342839e+02 1.107076e+02 -5.896782e+00
      vertex   -1.345408e+02 1.108357e+02 -5.905300e+00
    endloop
  endfacet
  facet normal -3.056334e-02 -1.273055e-01 -9.913926e-01
    outer loop
      vertex   -1.345408e+02 1.108357e+02 -5.905300e+00
      vertex   -1.342839e+02 1.107076e+02 -5.896782e+00
      vertex   -1.345608e+02 1.107741e+02 -5.896782e+00
    endloop
  endfacet
  facet normal -5.010202e-02 -1.209570e-01 -9.913926e-01
    outer loop
      vertex   -1.345408e+02 1.108357e+02 -5.905300e+00
      vertex   -1.345608e+02 1.107741e+02 -5.896782e+00
      vertex   -1.347945e+02 1.109407e+02 -5.905300e+00
    endloop
  endfacet
  facet normal -5.010202e-02 -1.209570e-01 -9.913926e-01
    outer loop
      vertex   -1.347945e+02 1.109407e+02 -5.905300e+00
      vertex   -1.345608e+02 1.107741e+02 -5.896782e+00
      vertex   -1.348239e+02 1.108831e+02 -5.896782e+00
    endloop
  endfacet
  facet normal -6.840703e-02 -1.116301e-01 -9.913926e-01
    outer loop
      vertex   -1.347945e+02 1.109407e+02 -5.905300e+00
      vertex   -1.348239e+02 1.108831e+02 -5.896782e+00
      vertex   -1.350286e+02 1.110842e+02 -5.905300e+00
    endloop
  endfacet
  facet normal -6.840703e-02 -1.116301e-01 -9.913926e-01
    outer loop
      vertex   -1.350286e+02 1.110842e+02 -5.905300e+00
      vertex   -1.348239e+02 1.108831e+02 -5.896782e+00
      vertex   -1.350667e+02 1.110319e+02 -5.896782e+00
    endloop
  endfacet
  facet normal -8.502762e-02 -9.955455e-02 -9.913926e-01
    outer loop
      vertex   -1.350286e+02 1.110842e+02 -5.905300e+00
      vertex   -1.350667e+02 1.110319e+02 -5.896782e+00
      vertex   -1.352374e+02 1.112626e+02 -5.905300e+00
    endloop
  endfacet
  facet normal -8.502762e-02 -9.955455e-02 -9.913926e-01
    outer loop
      vertex   -1.352374e+02 1.112626e+02 -5.905300e+00
      vertex   -1.350667e+02 1.110319e+02 -5.896782e+00
      vertex   -1.352832e+02 1.112168e+02 -5.896782e+00
    endloop
  endfacet
  facet normal -9.955455e-02 -8.502762e-02 -9.913926e-01
    outer loop
      vertex   -1.352374e+02 1.112626e+02 -5.905300e+00
      vertex   -1.352832e+02 1.112168e+02 -5.896782e+00
      vertex   -1.354158e+02 1.114714e+02 -5.905300e+00
    endloop
  endfacet
  facet normal -9.955455e-02 -8.502762e-02 -9.913926e-01
    outer loop
      vertex   -1.354158e+02 1.114714e+02 -5.905300e+00
      vertex   -1.352832e+02 1.112168e+02 -5.896782e+00
      vertex   -1.354681e+02 1.114333e+02 -5.896782e+00
    endloop
  endfacet
  facet normal -1.116301e-01 -6.840703e-02 -9.913926e-01
    outer loop
      vertex   -1.354158e+02 1.114714e+02 -5.905300e+00
      vertex   -1.354681e+02 1.114333e+02 -5.896782e+00
      vertex   -1.355593e+02 1.117055e+02 -5.905300e+00
    endloop
  endfacet
  facet normal -1.116301e-01 -6.840703e-02 -9.913926e-01
    outer loop
      vertex   -1.355593e+02 1.117055e+02 -5.905300e+00
      vertex   -1.354681e+02 1.114333e+02 -5.896782e+00
      vertex   -1.356169e+02 1.116761e+02 -5.896782e+00
    endloop
  endfacet
  facet normal -1.209570e-01 -5.010202e-02 -9.913926e-01
    outer loop
      vertex   -1.355593e+02 1.117055e+02 -5.905300e+00
      vertex   -1.356169e+02 1.116761e+02 -5.896782e+00
      vertex   -1.356644e+02 1.119592e+02 -5.905300e+00
    endloop
  endfacet
  facet normal -1.209570e-01 -5.010202e-02 -9.913926e-01
    outer loop
      vertex   -1.356644e+02 1.119592e+02 -5.905300e+00
      vertex   -1.356169e+02 1.116761e+02 -5.896782e+00
      vertex   -1.357259e+02 1.119392e+02 -5.896782e+00
    endloop
  endfacet
  facet normal -1.273055e-01 -3.056334e-02 -9.913926e-01
    outer loop
      vertex   -1.356644e+02 1.119592e+02 -5.905300e+00
      vertex   -1.357259e+02 1.119392e+02 -5.896782e+00
      vertex   -1.357285e+02 1.122262e+02 -5.905300e+00
    endloop
  endfacet
  facet normal -1.273055e-01 -3.056334e-02 -9.913926e-01
    outer loop
      vertex   -1.357285e+02 1.122262e+02 -5.905300e+00
      vertex   -1.357259e+02 1.119392e+02 -5.896782e+00
      vertex   -1.357924e+02 1.122161e+02 -5.896782e+00
    endloop
  endfacet
  facet normal -1.305193e-01 -1.027209e-02 -9.913926e-01
    outer loop
      vertex   -1.357285e+02 1.122262e+02 -5.905300e+00
      vertex   -1.357924e+02 1.122161e+02 -5.896782e+00
      vertex   -1.357500e+02 1.125000e+02 -5.905300e+00
    endloop
  endfacet
  facet normal -1.305193e-01 -1.027209e-02 -9.913926e-01
    outer loop
      vertex   -1.357500e+02 1.125000e+02 -5.905300e+00
      vertex   -1.357924e+02 1.122161e+02 -5.896782e+00
      vertex   -1.358147e+02 1.125000e+02 -5.896782e+00
    endloop
  endfacet
  facet normal -3.825100e-01 -3.010419e-02 -9.234608e-01
    outer loop
      vertex   -1.358147e+02 1.125000e+02 -5.896782e+00
      vertex   -1.357924e+02 1.122161e+02 -5.896782e+00
      vertex   -1.358519e+02 1.122067e+02 -5.871807e+00
    endloop
  endfacet
  facet normal -3.825100e-01 -3.010419e-02 -9.234608e-01
    outer loop
      vertex   -1.358147e+02 1.125000e+02 -5.896782e+00
      vertex   -1.358519e+02 1.122067e+02 -5.871807e+00
      vertex   -1.358750e+02 1.125000e+02 -5.871807e+00
    endloop
  endfacet
  facet normal -6.080639e-01 -4.785567e-02 -7.924444e-01
    outer loop
      vertex   -1.358750e+02 1.125000e+02 -5.871807e+00
      vertex   -1.358519e+02 1.122067e+02 -5.871807e+00
      vertex   -1.359031e+02 1.121986e+02 -5.832077e+00
    endloop
  endfacet
  facet normal -6.080639e-01 -4.785567e-02 -7.924444e-01
    outer loop
      vertex   -1.358750e+02 1.125000e+02 -5.871807e+00
      vertex   -1.359031e+02 1.121986e+02 -5.832077e+00
      vertex   -1.359268e+02 1.125000e+02 -5.832077e+00
    endloop
  endfacet
  facet normal -7.918114e-01 -6.231691e-02 -6.075782e-01
    outer loop
      vertex   -1.359268e+02 1.125000e+02 -5.832077e+00
      vertex   -1.359031e+02 1.121986e+02 -5.832077e+00
      vertex   -1.359423e+02 1.121924e+02 -5.780300e+00
    endloop
  endfacet
  facet normal -7.918114e-01 -6.231691e-02 -6.075782e-01
    outer loop
      vertex   -1.359268e+02 1.125000e+02 -5.832077e+00
      vertex   -1.359423e+02 1.121924e+02 -5.780300e+00
      vertex   -1.359665e+02 1.125000e+02 -5.780300e+00
    endloop
  endfacet
  facet normal -9.214470e-01 -7.251945e-02 -3.816758e-01
    outer loop
      vertex   -1.359665e+02 1.125000e+02 -5.780300e+00
      vertex   -1.359423e+02 1.121924e+02 -5.780300e+00
      vertex   -1.359670e+02 1.121885e+02 -5.720005e+00
    endloop
  endfacet
  facet normal -9.214470e-01 -7.251945e-02 -3.816758e-01
    outer loop
      vertex   -1.359665e+02 1.125000e+02 -5.780300e+00
      vertex   -1.359670e+02 1.121885e+02 -5.720005e+00
      vertex   -1.359915e+02 1.125000e+02 -5.720005e+00
    endloop
  endfacet
  facet normal -9.884404e-01 -7.779195e-02 -1.301306e-01
    outer loop
      vertex   -1.359915e+02 1.125000e+02 -5.720005e+00
      vertex   -1.359670e+02 1.121885e+02 -5.720005e+00
      vertex   -1.359754e+02 1.121871e+02 -5.655300e+00
    endloop
  endfacet
  facet normal -9.884404e-01 -7.779195e-02 -1.301306e-01
    outer loop
      vertex   -1.359915e+02 1.125000e+02 -5.720005e+00
      vertex   -1.359754e+02 1.121871e+02 -5.655300e+00
      vertex   -1.360000e+02 1.125000e+02 -5.655300e+00
    endloop
  endfacet
  facet normal -3.010419e-02 -3.825100e-01 -9.234608e-01
    outer loop
      vertex   -1.340000e+02 1.106853e+02 -5.896782e+00
      vertex   -1.340000e+02 1.106250e+02 -5.871807e+00
      vertex   -1.342839e+02 1.107076e+02 -5.896782e+00
    endloop
  endfacet
  facet normal -3.010419e-02 -3.825100e-01 -9.234608e-01
    outer loop
      vertex   -1.342839e+02 1.107076e+02 -5.896782e+00
      vertex   -1.340000e+02 1.106250e+02 -5.871807e+00
      vertex   -1.342933e+02 1.106481e+02 -5.871807e+00
    endloop
  endfacet
  facet normal -8.957130e-02 -3.730913e-01 -9.234608e-01
    outer loop
      vertex   -1.342839e+02 1.107076e+02 -5.896782e+00
      vertex   -1.342933e+02 1.106481e+02 -5.871807e+00
      vertex   -1.345608e+02 1.107741e+02 -5.896782e+00
    endloop
  endfacet
  facet normal -8.957130e-02 -3.730913e-01 -9.234608e-01
    outer loop
      vertex   -1.345608e+02 1.107741e+02 -5.896782e+00
      vertex   -1.342933e+02 1.106481e+02 -5.871807e+00
      vertex   -1.345794e+02 1.107168e+02 -5.871807e+00
    endloop
  endfacet
  facet normal -1.468329e-01 -3.544859e-01 -9.234608e-01
    outer loop
      vertex   -1.345608e+02 1.107741e+02 -5.896782e+00
      vertex   -1.345794e+02 1.107168e+02 -5.871807e+00
      vertex   -1.348239e+02 1.108831e+02 -5.896782e+00
    endloop
  endfacet
  facet normal -1.468329e-01 -3.544859e-01 -9.234608e-01
    outer loop
      vertex   -1.348239e+02 1.108831e+02 -5.896782e+00
      vertex   -1.345794e+02 1.107168e+02 -5.871807e+00
      vertex   -1.348512e+02 1.108294e+02 -5.871807e+00
    endloop
  endfacet
  facet normal -2.004789e-01 -3.271519e-01 -9.234608e-01
    outer loop
      vertex   -1.348239e+02 1.108831e+02 -5.896782e+00
      vertex   -1.348512e+02 1.108294e+02 -5.871807e+00
      vertex   -1.350667e+02 1.110319e+02 -5.896782e+00
    endloop
  endfacet
  facet normal -2.004789e-01 -3.271519e-01 -9.234608e-01
    outer loop
      vertex   -1.350667e+02 1.110319e+02 -5.896782e+00
      vertex   -1.348512e+02 1.108294e+02 -5.871807e+00
      vertex   -1.351021e+02 1.109831e+02 -5.871807e+00
    endloop
  endfacet
  facet normal -2.491885e-01 -2.917623e-01 -9.234608e-01
    outer loop
      vertex   -1.350667e+02 1.110319e+02 -5.896782e+00
      vertex   -1.351021e+02 1.109831e+02 -5.871807e+00
      vertex   -1.352832e+02 1.112168e+02 -5.896782e+00
    endloop
  endfacet
  facet normal -2.491885e-01 -2.917623e-01 -9.234608e-01
    outer loop
      vertex   -1.352832e+02 1.112168e+02 -5.896782e+00
      vertex   -1.351021e+02 1.109831e+02 -5.871807e+00
      vertex   -1.353258e+02 1.111742e+02 -5.871807e+00
    endloop
  endfacet
  facet normal -2.917623e-01 -2.491885e-01 -9.234608e-01
    outer loop
      vertex   -1.352832e+02 1.112168e+02 -5.896782e+00
      vertex   -1.353258e+02 1.111742e+02 -5.871807e+00
      vertex   -1.354681e+02 1.114333e+02 -5.896782e+00
    endloop
  endfacet
  facet normal -2.917623e-01 -2.491885e-01 -9.234608e-01
    outer loop
      vertex   -1.354681e+02 1.114333e+02 -5.896782e+00
      vertex   -1.353258e+02 1.111742e+02 -5.871807e+00
      vertex   -1.355169e+02 1.113979e+02 -5.871807e+00
    endloop
  endfacet
  facet normal -3.271519e-01 -2.004789e-01 -9.234608e-01
    outer loop
      vertex   -1.354681e+02 1.114333e+02 -5.896782e+00
      vertex   -1.355169e+02 1.113979e+02 -5.871807e+00
      vertex   -1.356169e+02 1.116761e+02 -5.896782e+00
    endloop
  endfacet
  facet normal -3.271519e-01 -2.004789e-01 -9.234608e-01
    outer loop
      vertex   -1.356169e+02 1.116761e+02 -5.896782e+00
      vertex   -1.355169e+02 1.113979e+02 -5.871807e+00
      vertex   -1.356706e+02 1.116488e+02 -5.871807e+00
    endloop
  endfacet
  facet normal -3.544859e-01 -1.468329e-01 -9.234608e-01
    outer loop
      vertex   -1.356169e+02 1.116761e+02 -5.896782e+00
      vertex   -1.356706e+02 1.116488e+02 -5.871807e+00
      vertex   -1.357259e+02 1.119392e+02 -5.896782e+00
    endloop
  endfacet
  facet normal -3.544859e-01 -1.468329e-01 -9.234608e-01
    outer loop
      vertex   -1.357259e+02 1.119392e+02 -5.896782e+00
      vertex   -1.356706e+02 1.116488e+02 -5.871807e+00
      vertex   -1.357832e+02 1.119206e+02 -5.871807e+00
    endloop
  endfacet
  facet normal -3.730913e-01 -8.957130e-02 -9.234608e-01
    outer loop
      vertex   -1.357259e+02 1.119392e+02 -5.896782e+00
      vertex   -1.357832e+02 1.119206e+02 -5.871807e+00
      vertex   -1.357924e+02 1.122161e+02 -5.896782e+00
    endloop
  endfacet
  facet normal -3.730913e-01 -8.957130e-02 -9.234608e-01
    outer loop
      vertex   -1.357924e+02 1.122161e+02 -5.896782e+00
      vertex   -1.357832e+02 1.119206e+02 -5.871807e+00
      vertex   -1.358519e+02 1.122067e+02 -5.871807e+00
    endloop
  endfacet
  facet normal -4.785567e-02 -6.080639e-01 -7.924444e-01
    outer loop
      vertex   -1.340000e+02 1.106250e+02 -5.871807e+00
      vertex   -1.340000e+02 1.105732e+02 -5.832077e+00
      vertex   -1.342933e+02 1.106481e+02 -5.871807e+00
    endloop
  endfacet
  facet normal -4.785567e-02 -6.080639e-01 -7.924444e-01
    outer loop
      vertex   -1.342933e+02 1.106481e+02 -5.871807e+00
      vertex   -1.340000e+02 1.105732e+02 -5.832077e+00
      vertex   -1.343014e+02 1.105969e+02 -5.832077e+00
    endloop
  endfacet
  facet normal -1.423886e-01 -5.930914e-01 -7.924444e-01
    outer loop
      vertex   -1.342933e+02 1.106481e+02 -5.871807e+00
      vertex   -1.343014e+02 1.105969e+02 -5.832077e+00
      vertex   -1.345794e+02 1.107168e+02 -5.871807e+00
    endloop
  endfacet
  facet normal -1.423886e-01 -5.930914e-01 -7.924444e-01
    outer loop
      vertex   -1.345794e+02 1.107168e+02 -5.871807e+00
      vertex   -1.343014e+02 1.105969e+02 -5.832077e+00
      vertex   -1.345954e+02 1.106675e+02 -5.832077e+00
    endloop
  endfacet
  facet normal -2.334155e-01 -5.635150e-01 -7.924444e-01
    outer loop
      vertex   -1.345794e+02 1.107168e+02 -5.871807e+00
      vertex   -1.345954e+02 1.106675e+02 -5.832077e+00
      vertex   -1.348512e+02 1.108294e+02 -5.871807e+00
    endloop
  endfacet
  facet normal -2.334155e-01 -5.635150e-01 -7.924444e-01
    outer loop
      vertex   -1.348512e+02 1.108294e+02 -5.871807e+00
      vertex   -1.345954e+02 1.106675e+02 -5.832077e+00
      vertex   -1.348747e+02 1.107832e+02 -5.832077e+00
    endloop
  endfacet
  facet normal -3.186950e-01 -5.200629e-01 -7.924444e-01
    outer loop
      vertex   -1.348512e+02 1.108294e+02 -5.871807e+00
      vertex   -1.348747e+02 1.107832e+02 -5.832077e+00
      vertex   -1.351021e+02 1.109831e+02 -5.871807e+00
    endloop
  endfacet
  facet normal -3.186950e-01 -5.200629e-01 -7.924444e-01
    outer loop
      vertex   -1.351021e+02 1.109831e+02 -5.871807e+00
      vertex   -1.348747e+02 1.107832e+02 -5.832077e+00
      vertex   -1.351325e+02 1.109412e+02 -5.832077e+00
    endloop
  endfacet
  facet normal -3.961271e-01 -4.638052e-01 -7.924444e-01
    outer loop
      vertex   -1.351021e+02 1.109831e+02 -5.871807e+00
      vertex   -1.351325e+02 1.109412e+02 -5.832077e+00
      vertex   -1.353258e+02 1.111742e+02 -5.871807e+00
    endloop
  endfacet
  facet normal -3.961271e-01 -4.638052e-01 -7.924444e-01
    outer loop
      vertex   -1.353258e+02 1.111742e+02 -5.871807e+00
      vertex   -1.351325e+02 1.109412e+02 -5.832077e+00
      vertex   -1.353624e+02 1.111376e+02 -5.832077e+00
    endloop
  endfacet
  facet normal -4.638052e-01 -3.961271e-01 -7.924444e-01
    outer loop
      vertex   -1.353258e+02 1.111742e+02 -5.871807e+00
      vertex   -1.353624e+02 1.111376e+02 -5.832077e+00
      vertex   -1.355169e+02 1.113979e+02 -5.871807e+00
    endloop
  endfacet
  facet normal -4.638052e-01 -3.961271e-01 -7.924444e-01
    outer loop
      vertex   -1.355169e+02 1.113979e+02 -5.871807e+00
      vertex   -1.353624e+02 1.111376e+02 -5.832077e+00
      vertex   -1.355588e+02 1.113675e+02 -5.832077e+00
    endloop
  endfacet
  facet normal -5.200629e-01 -3.186950e-01 -7.924444e-01
    outer loop
      vertex   -1.355169e+02 1.113979e+02 -5.871807e+00
      vertex   -1.355588e+02 1.113675e+02 -5.832077e+00
      vertex   -1.356706e+02 1.116488e+02 -5.871807e+00
    endloop
  endfacet
  facet normal -5.200629e-01 -3.186950e-01 -7.924444e-01
    outer loop
      vertex   -1.356706e+02 1.116488e+02 -5.871807e+00
      vertex   -1.355588e+02 1.113675e+02 -5.832077e+00
      vertex   -1.357168e+02 1.116253e+02 -5.832077e+00
    endloop
  endfacet
  facet normal -5.635150e-01 -2.334155e-01 -7.924444e-01
    outer loop
      vertex   -1.356706e+02 1.116488e+02 -5.871807e+00
      vertex   -1.357168e+02 1.116253e+02 -5.832077e+00
      vertex   -1.357832e+02 1.119206e+02 -5.871807e+00
    endloop
  endfacet
  facet normal -5.635150e-01 -2.334155e-01 -7.924444e-01
    outer loop
      vertex   -1.357832e+02 1.119206e+02 -5.871807e+00
      vertex   -1.357168e+02 1.116253e+02 -5.832077e+00
      vertex   -1.358325e+02 1.119046e+02 -5.832077e+00
    endloop
  endfacet
  facet normal -5.930914e-01 -1.423886e-01 -7.924444e-01
    outer loop
      vertex   -1.357832e+02 1.119206e+02 -5.871807e+00
      vertex   -1.358325e+02 1.119046e+02 -5.832077e+00
      vertex   -1.358519e+02 1.122067e+02 -5.871807e+00
    endloop
  endfacet
  facet normal -5.930914e-01 -1.423886e-01 -7.924444e-01
    outer loop
      vertex   -1.358519e+02 1.122067e+02 -5.871807e+00
      vertex   -1.358325e+02 1.119046e+02 -5.832077e+00
      vertex   -1.359031e+02 1.121986e+02 -5.832077e+00
    endloop
  endfacet
  facet normal -6.231691e-02 -7.918114e-01 -6.075782e-01
    outer loop
      vertex   -1.340000e+02 1.105732e+02 -5.832077e+00
      vertex   -1.340000e+02 1.105335e+02 -5.780300e+00
      vertex   -1.343014e+02 1.105969e+02 -5.832077e+00
    endloop
  endfacet
  facet normal -6.231691e-02 -7.918114e-01 -6.075782e-01
    outer loop
      vertex   -1.343014e+02 1.105969e+02 -5.832077e+00
      vertex   -1.340000e+02 1.105335e+02 -5.780300e+00
      vertex   -1.343076e+02 1.105577e+02 -5.780300e+00
    endloop
  endfacet
  facet normal -1.854163e-01 -7.723144e-01 -6.075782e-01
    outer loop
      vertex   -1.343014e+02 1.105969e+02 -5.832077e+00
      vertex   -1.343076e+02 1.105577e+02 -5.780300e+00
      vertex   -1.345954e+02 1.106675e+02 -5.832077e+00
    endloop
  endfacet
  facet normal -1.854163e-01 -7.723144e-01 -6.075782e-01
    outer loop
      vertex   -1.345954e+02 1.106675e+02 -5.832077e+00
      vertex   -1.343076e+02 1.105577e+02 -5.780300e+00
      vertex   -1.346077e+02 1.106297e+02 -5.780300e+00
    endloop
  endfacet
  facet normal -3.039501e-01 -7.338004e-01 -6.075782e-01
    outer loop
      vertex   -1.345954e+02 1.106675e+02 -5.832077e+00
      vertex   -1.346077e+02 1.106297e+02 -5.780300e+00
      vertex   -1.348747e+02 1.107832e+02 -5.832077e+00
    endloop
  endfacet
  facet normal -3.039501e-01 -7.338004e-01 -6.075782e-01
    outer loop
      vertex   -1.348747e+02 1.107832e+02 -5.832077e+00
      vertex   -1.346077e+02 1.106297e+02 -5.780300e+00
      vertex   -1.348928e+02 1.107478e+02 -5.780300e+00
    endloop
  endfacet
  facet normal -4.149996e-01 -6.772178e-01 -6.075782e-01
    outer loop
      vertex   -1.348747e+02 1.107832e+02 -5.832077e+00
      vertex   -1.348928e+02 1.107478e+02 -5.780300e+00
      vertex   -1.351325e+02 1.109412e+02 -5.832077e+00
    endloop
  endfacet
  facet normal -4.149996e-01 -6.772178e-01 -6.075782e-01
    outer loop
      vertex   -1.351325e+02 1.109412e+02 -5.832077e+00
      vertex   -1.348928e+02 1.107478e+02 -5.780300e+00
      vertex   -1.351559e+02 1.109091e+02 -5.780300e+00
    endloop
  endfacet
  facet normal -5.158305e-01 -6.039599e-01 -6.075782e-01
    outer loop
      vertex   -1.351325e+02 1.109412e+02 -5.832077e+00
      vertex   -1.351559e+02 1.109091e+02 -5.780300e+00
      vertex   -1.353624e+02 1.111376e+02 -5.832077e+00
    endloop
  endfacet
  facet normal -5.158305e-01 -6.039599e-01 -6.075782e-01
    outer loop
      vertex   -1.353624e+02 1.111376e+02 -5.832077e+00
      vertex   -1.351559e+02 1.109091e+02 -5.780300e+00
      vertex   -1.353905e+02 1.111095e+02 -5.780300e+00
    endloop
  endfacet
  facet normal -6.039599e-01 -5.158305e-01 -6.075782e-01
    outer loop
      vertex   -1.353624e+02 1.111376e+02 -5.832077e+00
      vertex   -1.353905e+02 1.111095e+02 -5.780300e+00
      vertex   -1.355588e+02 1.113675e+02 -5.832077e+00
    endloop
  endfacet
  facet normal -6.039599e-01 -5.158305e-01 -6.075782e-01
    outer loop
      vertex   -1.355588e+02 1.113675e+02 -5.832077e+00
      vertex   -1.353905e+02 1.111095e+02 -5.780300e+00
      vertex   -1.355909e+02 1.113441e+02 -5.780300e+00
    endloop
  endfacet
  facet normal -6.772178e-01 -4.149996e-01 -6.075782e-01
    outer loop
      vertex   -1.355588e+02 1.113675e+02 -5.832077e+00
      vertex   -1.355909e+02 1.113441e+02 -5.780300e+00
      vertex   -1.357168e+02 1.116253e+02 -5.832077e+00
    endloop
  endfacet
  facet normal -6.772178e-01 -4.149996e-01 -6.075782e-01
    outer loop
      vertex   -1.357168e+02 1.116253e+02 -5.832077e+00
      vertex   -1.355909e+02 1.113441e+02 -5.780300e+00
      vertex   -1.357522e+02 1.116072e+02 -5.780300e+00
    endloop
  endfacet
  facet normal -7.338004e-01 -3.039501e-01 -6.075782e-01
    outer loop
      vertex   -1.357168e+02 1.116253e+02 -5.832077e+00
      vertex   -1.357522e+02 1.116072e+02 -5.780300e+00
      vertex   -1.358325e+02 1.119046e+02 -5.832077e+00
    endloop
  endfacet
  facet normal -7.338004e-01 -3.039501e-01 -6.075782e-01
    outer loop
      vertex   -1.358325e+02 1.119046e+02 -5.832077e+00
      vertex   -1.357522e+02 1.116072e+02 -5.780300e+00
      vertex   -1.358703e+02 1.118923e+02 -5.780300e+00
    endloop
  endfacet
  facet normal -7.723144e-01 -1.854163e-01 -6.075782e-01
    outer loop
      vertex   -1.358325e+02 1.119046e+02 -5.832077e+00
      vertex   -1.358703e+02 1.118923e+02 -5.780300e+00
      vertex   -1.359031e+02 1.121986e+02 -5.832077e+00
    endloop
  endfacet
  facet normal -7.723144e-01 -1.854163e-01 -6.075782e-01
    outer loop
      vertex   -1.359031e+02 1.121986e+02 -5.832077e+00
      vertex   -1.358703e+02 1.118923e+02 -5.780300e+00
      vertex   -1.359423e+02 1.121924e+02 -5.780300e+00
    endloop
  endfacet
  facet normal -7.251945e-02 -9.214470e-01 -3.816758e-01
    outer loop
      vertex   -1.340000e+02 1.105335e+02 -5.780300e+00
      vertex   -1.340000e+02 1.105085e+02 -5.720005e+00
      vertex   -1.343076e+02 1.105577e+02 -5.780300e+00
    endloop
  endfacet
  facet normal -7.251945e-02 -9.214470e-01 -3.816758e-01
    outer loop
      vertex   -1.343076e+02 1.105577e+02 -5.780300e+00
      vertex   -1.340000e+02 1.105085e+02 -5.720005e+00
      vertex   -1.343115e+02 1.105330e+02 -5.720005e+00
    endloop
  endfacet
  facet normal -2.157727e-01 -8.987579e-01 -3.816758e-01
    outer loop
      vertex   -1.343076e+02 1.105577e+02 -5.780300e+00
      vertex   -1.343115e+02 1.105330e+02 -5.720005e+00
      vertex   -1.346077e+02 1.106297e+02 -5.780300e+00
    endloop
  endfacet
  facet normal -2.157727e-01 -8.987579e-01 -3.816758e-01
    outer loop
      vertex   -1.346077e+02 1.106297e+02 -5.780300e+00
      vertex   -1.343115e+02 1.105330e+02 -5.720005e+00
      vertex   -1.346154e+02 1.106060e+02 -5.720005e+00
    endloop
  endfacet
  facet normal -3.537129e-01 -8.539384e-01 -3.816758e-01
    outer loop
      vertex   -1.346077e+02 1.106297e+02 -5.780300e+00
      vertex   -1.346154e+02 1.106060e+02 -5.720005e+00
      vertex   -1.348928e+02 1.107478e+02 -5.780300e+00
    endloop
  endfacet
  facet normal -3.537129e-01 -8.539384e-01 -3.816758e-01
    outer loop
      vertex   -1.348928e+02 1.107478e+02 -5.780300e+00
      vertex   -1.346154e+02 1.106060e+02 -5.720005e+00
      vertex   -1.349041e+02 1.107256e+02 -5.720005e+00
    endloop
  endfacet
  facet normal -4.829435e-01 -7.880921e-01 -3.816758e-01
    outer loop
      vertex   -1.348928e+02 1.107478e+02 -5.780300e+00
      vertex   -1.349041e+02 1.107256e+02 -5.720005e+00
      vertex   -1.351559e+02 1.109091e+02 -5.780300e+00
    endloop
  endfacet
  facet normal -4.829435e-01 -7.880921e-01 -3.816758e-01
    outer loop
      vertex   -1.351559e+02 1.109091e+02 -5.780300e+00
      vertex   -1.349041e+02 1.107256e+02 -5.720005e+00
      vertex   -1.351706e+02 1.108889e+02 -5.720005e+00
    endloop
  endfacet
  facet normal -6.002824e-01 -7.028404e-01 -3.816758e-01
    outer loop
      vertex   -1.351559e+02 1.109091e+02 -5.780300e+00
      vertex   -1.351706e+02 1.108889e+02 -5.720005e+00
      vertex   -1.353905e+02 1.111095e+02 -5.780300e+00
    endloop
  endfacet
  facet normal -6.002824e-01 -7.028404e-01 -3.816758e-01
    outer loop
      vertex   -1.353905e+02 1.111095e+02 -5.780300e+00
      vertex   -1.351706e+02 1.108889e+02 -5.720005e+00
      vertex   -1.354082e+02 1.110918e+02 -5.720005e+00
    endloop
  endfacet
  facet normal -7.028404e-01 -6.002824e-01 -3.816758e-01
    outer loop
      vertex   -1.353905e+02 1.111095e+02 -5.780300e+00
      vertex   -1.354082e+02 1.110918e+02 -5.720005e+00
      vertex   -1.355909e+02 1.113441e+02 -5.780300e+00
    endloop
  endfacet
  facet normal -7.028404e-01 -6.002824e-01 -3.816758e-01
    outer loop
      vertex   -1.355909e+02 1.113441e+02 -5.780300e+00
      vertex   -1.354082e+02 1.110918e+02 -5.720005e+00
      vertex   -1.356111e+02 1.113294e+02 -5.720005e+00
    endloop
  endfacet
  facet normal -7.880921e-01 -4.829435e-01 -3.816758e-01
    outer loop
      vertex   -1.355909e+02 1.113441e+02 -5.780300e+00
      vertex   -1.356111e+02 1.113294e+02 -5.720005e+00
      vertex   -1.357522e+02 1.116072e+02 -5.780300e+00
    endloop
  endfacet
  facet normal -7.880921e-01 -4.829435e-01 -3.816758e-01
    outer loop
      vertex   -1.357522e+02 1.116072e+02 -5.780300e+00
      vertex   -1.356111e+02 1.113294e+02 -5.720005e+00
      vertex   -1.357744e+02 1.115959e+02 -5.720005e+00
    endloop
  endfacet
  facet normal -8.539384e-01 -3.537129e-01 -3.816758e-01
    outer loop
      vertex   -1.357522e+02 1.116072e+02 -5.780300e+00
      vertex   -1.357744e+02 1.115959e+02 -5.720005e+00
      vertex   -1.358703e+02 1.118923e+02 -5.780300e+00
    endloop
  endfacet
  facet normal -8.539384e-01 -3.537129e-01 -3.816758e-01
    outer loop
      vertex   -1.358703e+02 1.118923e+02 -5.780300e+00
      vertex   -1.357744e+02 1.115959e+02 -5.720005e+00
      vertex   -1.358940e+02 1.118846e+02 -5.720005e+00
    endloop
  endfacet
  facet normal -8.987579e-01 -2.157727e-01 -3.816758e-01
    outer loop
      vertex   -1.358703e+02 1.118923e+02 -5.780300e+00
      vertex   -1.358940e+02 1.118846e+02 -5.720005e+00
      vertex   -1.359423e+02 1.121924e+02 -5.780300e+00
    endloop
  endfacet
  facet normal -8.987579e-01 -2.157727e-01 -3.816758e-01
    outer loop
      vertex   -1.359423e+02 1.121924e+02 -5.780300e+00
      vertex   -1.358940e+02 1.118846e+02 -5.720005e+00
      vertex   -1.359670e+02 1.121885e+02 -5.720005e+00
    endloop
  endfacet
  facet normal -7.779195e-02 -9.884404e-01 -1.301306e-01
    outer loop
      vertex   -1.340000e+02 1.105085e+02 -5.720005e+00
      vertex   -1.340000e+02 1.105000e+02 -5.655300e+00
      vertex   -1.343115e+02 1.105330e+02 -5.720005e+00
    endloop
  endfacet
  facet normal -7.779195e-02 -9.884404e-01 -1.301306e-01
    outer loop
      vertex   -1.343115e+02 1.105330e+02 -5.720005e+00
      vertex   -1.340000e+02 1.105000e+02 -5.655300e+00
      vertex   -1.343129e+02 1.105246e+02 -5.655300e+00
    endloop
  endfacet
  facet normal -2.314603e-01 -9.641017e-01 -1.301306e-01
    outer loop
      vertex   -1.343115e+02 1.105330e+02 -5.720005e+00
      vertex   -1.343129e+02 1.105246e+02 -5.655300e+00
      vertex   -1.346154e+02 1.106060e+02 -5.720005e+00
    endloop
  endfacet
  facet normal -2.314603e-01 -9.641017e-01 -1.301306e-01
    outer loop
      vertex   -1.346154e+02 1.106060e+02 -5.720005e+00
      vertex   -1.343129e+02 1.105246e+02 -5.655300e+00
      vertex   -1.346180e+02 1.105979e+02 -5.655300e+00
    endloop
  endfacet
  facet normal -3.794294e-01 -9.160237e-01 -1.301306e-01
    outer loop
      vertex   -1.346154e+02 1.106060e+02 -5.720005e+00
      vertex   -1.346180e+02 1.105979e+02 -5.655300e+00
      vertex   -1.349041e+02 1.107256e+02 -5.720005e+00
    endloop
  endfacet
  facet normal -3.794294e-01 -9.160237e-01 -1.301306e-01
    outer loop
      vertex   -1.349041e+02 1.107256e+02 -5.720005e+00
      vertex   -1.346180e+02 1.105979e+02 -5.655300e+00
      vertex   -1.349080e+02 1.107180e+02 -5.655300e+00
    endloop
  endfacet
  facet normal -5.180557e-01 -8.453900e-01 -1.301306e-01
    outer loop
      vertex   -1.349041e+02 1.107256e+02 -5.720005e+00
      vertex   -1.349080e+02 1.107180e+02 -5.655300e+00
      vertex   -1.351706e+02 1.108889e+02 -5.720005e+00
    endloop
  endfacet
  facet normal -5.180557e-01 -8.453900e-01 -1.301306e-01
    outer loop
      vertex   -1.351706e+02 1.108889e+02 -5.720005e+00
      vertex   -1.349080e+02 1.107180e+02 -5.655300e+00
      vertex   -1.351756e+02 1.108820e+02 -5.655300e+00
    endloop
  endfacet
  facet normal -6.439257e-01 -7.539401e-01 -1.301306e-01
    outer loop
      vertex   -1.351706e+02 1.108889e+02 -5.720005e+00
      vertex   -1.351756e+02 1.108820e+02 -5.655300e+00
      vertex   -1.354082e+02 1.110918e+02 -5.720005e+00
    endloop
  endfacet
  facet normal -6.439257e-01 -7.539401e-01 -1.301306e-01
    outer loop
      vertex   -1.354082e+02 1.110918e+02 -5.720005e+00
      vertex   -1.351756e+02 1.108820e+02 -5.655300e+00
      vertex   -1.354142e+02 1.110858e+02 -5.655300e+00
    endloop
  endfacet
  facet normal -7.539401e-01 -6.439257e-01 -1.301306e-01
    outer loop
      vertex   -1.354082e+02 1.110918e+02 -5.720005e+00
      vertex   -1.354142e+02 1.110858e+02 -5.655300e+00
      vertex   -1.356111e+02 1.113294e+02 -5.720005e+00
    endloop
  endfacet
  facet normal -7.539401e-01 -6.439257e-01 -1.301306e-01
    outer loop
      vertex   -1.356111e+02 1.113294e+02 -5.720005e+00
      vertex   -1.354142e+02 1.110858e+02 -5.655300e+00
      vertex   -1.356180e+02 1.113244e+02 -5.655300e+00
    endloop
  endfacet
  facet normal -8.453900e-01 -5.180557e-01 -1.301306e-01
    outer loop
      vertex   -1.356111e+02 1.113294e+02 -5.720005e+00
      vertex   -1.356180e+02 1.113244e+02 -5.655300e+00
      vertex   -1.357744e+02 1.115959e+02 -5.720005e+00
    endloop
  endfacet
  facet normal -8.453900e-01 -5.180557e-01 -1.301306e-01
    outer loop
      vertex   -1.357744e+02 1.115959e+02 -5.720005e+00
      vertex   -1.356180e+02 1.113244e+02 -5.655300e+00
      vertex   -1.357820e+02 1.115920e+02 -5.655300e+00
    endloop
  endfacet
  facet normal -9.160237e-01 -3.794294e-01 -1.301306e-01
    outer loop
      vertex   -1.357744e+02 1.115959e+02 -5.720005e+00
      vertex   -1.357820e+02 1.115920e+02 -5.655300e+00
      vertex   -1.358940e+02 1.118846e+02 -5.720005e+00
    endloop
  endfacet
  facet normal -9.160237e-01 -3.794294e-01 -1.301306e-01
    outer loop
      vertex   -1.358940e+02 1.118846e+02 -5.720005e+00
      vertex   -1.357820e+02 1.115920e+02 -5.655300e+00
      vertex   -1.359021e+02 1.118820e+02 -5.655300e+00
    endloop
  endfacet
  facet normal -9.641017e-01 -2.314603e-01 -1.301306e-01
    outer loop
      vertex   -1.358940e+02 1.118846e+02 -5.720005e+00
      vertex   -1.359021e+02 1.118820e+02 -5.655300e+00
      vertex   -1.359670e+02 1.121885e+02 -5.720005e+00
    endloop
  endfacet
  facet normal -9.641017e-01 -2.314603e-01 -1.301306e-01
    outer loop
      vertex   -1.359670e+02 1.121885e+02 -5.720005e+00
      vertex   -1.359021e+02 1.118820e+02 -5.655300e+00
      vertex   -1.359754e+02 1.121871e+02 -5.655300e+00
    endloop
  endfacet
  facet normal -7.845910e-02 -9.969173e-01 0.000000e+00
    outer loop
      vertex   -1.340000e+02 1.105000e+02 -5.655300e+00
      vertex   -1.340000e+02 1.105000e+02 9.469957e-02
      vertex   -1.343129e+02 1.105246e+02 -5.655300e+00
    endloop
  endfacet
  facet normal -7.845910e-02 -9.969173e-01 0.000000e+00
    outer loop
      vertex   -1.343129e+02 1.105246e+02 -5.655300e+00
      vertex   -1.340000e+02 1.105000e+02 9.469957e-02
      vertex   -1.343129e+02 1.105246e+02 9.469957e-02
    endloop
  endfacet
  facet normal -2.334454e-01 -9.723699e-01 0.000000e+00
    outer loop
      vertex   -1.343129e+02 1.105246e+02 -5.655300e+00
      vertex   -1.343129e+02 1.105246e+02 9.469957e-02
      vertex   -1.346180e+02 1.105979e+02 -5.655300e+00
    endloop
  endfacet
  facet normal -2.334454e-01 -9.723699e-01 0.000000e+00
    outer loop
      vertex   -1.346180e+02 1.105979e+02 -5.655300e+00
      vertex   -1.343129e+02 1.105246e+02 9.469957e-02
      vertex   -1.346180e+02 1.105979e+02 9.469957e-02
    endloop
  endfacet
  facet normal -3.826834e-01 -9.238795e-01 0.000000e+00
    outer loop
      vertex   -1.346180e+02 1.105979e+02 -5.655300e+00
      vertex   -1.346180e+02 1.105979e+02 9.469957e-02
      vertex   -1.349080e+02 1.107180e+02 -5.655300e+00
    endloop
  endfacet
  facet normal -3.826834e-01 -9.238795e-01 0.000000e+00
    outer loop
      vertex   -1.349080e+02 1.107180e+02 -5.655300e+00
      vertex   -1.346180e+02 1.105979e+02 9.469957e-02
      vertex   -1.349080e+02 1.107180e+02 9.469957e-02
    endloop
  endfacet
  facet normal -5.224986e-01 -8.526402e-01 0.000000e+00
    outer loop
      vertex   -1.349080e+02 1.107180e+02 -5.655300e+00
      vertex   -1.349080e+02 1.107180e+02 9.469957e-02
      vertex   -1.351756e+02 1.108820e+02 -5.655300e+00
    endloop
  endfacet
  facet normal -5.224986e-01 -8.526402e-01 0.000000e+00
    outer loop
      vertex   -1.351756e+02 1.108820e+02 -5.655300e+00
      vertex   -1.349080e+02 1.107180e+02 9.469957e-02
      vertex   -1.351756e+02 1.108820e+02 9.469957e-02
    endloop
  endfacet
  facet normal -6.494480e-01 -7.604060e-01 0.000000e+00
    outer loop
      vertex   -1.351756e+02 1.108820e+02 -5.655300e+00
      vertex   -1.351756e+02 1.108820e+02 9.469957e-02
      vertex   -1.354142e+02 1.110858e+02 -5.655300e+00
    endloop
  endfacet
  facet normal -6.494480e-01 -7.604060e-01 0.000000e+00
    outer loop
      vertex   -1.354142e+02 1.110858e+02 -5.655300e+00
      vertex   -1.351756e+02 1.108820e+02 9.469957e-02
      vertex   -1.354142e+02 1.110858e+02 9.469957e-02
    endloop
  endfacet
  facet normal -7.604060e-01 -6.494480e-01 0.000000e+00
    outer loop
      vertex   -1.354142e+02 1.110858e+02 -5.655300e+00
      vertex   -1.354142e+02 1.110858e+02 9.469957e-02
      vertex   -1.356180e+02 1.113244e+02 -5.655300e+00
    endloop
  endfacet
  facet normal -7.604060e-01 -6.494480e-01 0.000000e+00
    outer loop
      vertex   -1.356180e+02 1.113244e+02 -5.655300e+00
      vertex   -1.354142e+02 1.110858e+02 9.469957e-02
      vertex   -1.356180e+02 1.113244e+02 9.469957e-02
    endloop
  endfacet
  facet normal -8.526402e-01 -5.224986e-01 0.000000e+00
    outer loop
      vertex   -1.356180e+02 1.113244e+02 -5.655300e+00
      vertex   -1.356180e+02 1.113244e+02 9.469957e-02
      vertex   -1.357820e+02 1.115920e+02 -5.655300e+00
    endloop
  endfacet
  facet normal -8.526402e-01 -5.224986e-01 0.000000e+00
    outer loop
      vertex   -1.357820e+02 1.115920e+02 -5.655300e+00
      vertex   -1.356180e+02 1.113244e+02 9.469957e-02
      vertex   -1.357820e+02 1.115920e+02 9.469957e-02
    endloop
  endfacet
  facet normal -9.238795e-01 -3.826834e-01 0.000000e+00
    outer loop
      vertex   -1.357820e+02 1.115920e+02 -5.655300e+00
      vertex   -1.357820e+02 1.115920e+02 9.469957e-02
      vertex   -1.359021e+02 1.118820e+02 -5.655300e+00
    endloop
  endfacet
  facet normal -9.238795e-01 -3.826834e-01 0.000000e+00
    outer loop
      vertex   -1.359021e+02 1.118820e+02 -5.655300e+00
      vertex   -1.357820e+02 1.115920e+02 9.469957e-02
      vertex   -1.359021e+02 1.118820e+02 9.469957e-02
    endloop
  endfacet
  facet normal -9.723699e-01 -2.334454e-01 0.000000e+00
    outer loop
      vertex   -1.359021e+02 1.118820e+02 -5.655300e+00
      vertex   -1.359021e+02 1.118820e+02 9.469957e-02
      vertex   -1.359754e+02 1.121871e+02 -5.655300e+00
    endloop
  endfacet
  facet normal -9.723699e-01 -2.334454e-01 0.000000e+00
    outer loop
      vertex   -1.359754e+02 1.121871e+02 -5.655300e+00
      vertex   -1.359021e+02 1.118820e+02 9.469957e-02
      vertex   -1.359754e+02 1.121871e+02 9.469957e-02
    endloop
  endfacet
  facet normal -9.969173e-01 -7.845910e-02 0.000000e+00
    outer loop
      vertex   -1.359754e+02 1.121871e+02 -5.655300e+00
      vertex   -1.359754e+02 1.121871e+02 9.469957e-02
      vertex   -1.360000e+02 1.125000e+02 -5.655300e+00
    endloop
  endfacet
  facet normal -9.969173e-01 -7.845910e-02 0.000000e+00
    outer loop
      vertex   -1.360000e+02 1.125000e+02 -5.655300e+00
      vertex   -1.359754e+02 1.121871e+02 9.469957e-02
      vertex   -1.360000e+02 1.125000e+02 9.469957e-02
    endloop
  endfacet
  facet normal -1.305262e-01 -8.325483e-15 -9.914449e-01
    outer loop
      vertex   -1.358147e+02 1.125000e+02 -5.896782e+00
      vertex   -1.358147e+02 1.138750e+02 -5.896782e+00
      vertex   -1.357500e+02 1.125000e+02 -5.905300e+00
    endloop
  endfacet
  facet normal -1.305262e-01 1.202907e-19 -9.914449e-01
    outer loop
      vertex   -1.357500e+02 1.125000e+02 -5.905300e+00
      vertex   -1.358147e+02 1.138750e+02 -5.896782e+00
      vertex   -1.358147e+02 1.152500e+02 -5.896782e+00
    endloop
  endfacet
  facet normal -1.305262e-01 1.202907e-19 -9.914449e-01
    outer loop
      vertex   -1.357500e+02 1.125000e+02 -5.905300e+00
      vertex   -1.358147e+02 1.152500e+02 -5.896782e+00
      vertex   -1.358147e+02 1.166250e+02 -5.896782e+00
    endloop
  endfacet
  facet normal -3.826834e-01 -0.000000e+00 -9.238795e-01
    outer loop
      vertex   -1.358147e+02 1.166250e+02 -5.896782e+00
      vertex   -1.358147e+02 1.152500e+02 -5.896782e+00
      vertex   -1.358750e+02 1.166250e+02 -5.871807e+00
    endloop
  endfacet
  facet normal -3.826834e-01 -3.639164e-19 -9.238795e-01
    outer loop
      vertex   -1.358147e+02 1.166250e+02 -5.896782e+00
      vertex   -1.358750e+02 1.166250e+02 -5.871807e+00
      vertex   -1.358750e+02 1.180000e+02 -5.871807e+00
    endloop
  endfacet
  facet normal -6.087614e-01 -0.000000e+00 -7.933533e-01
    outer loop
      vertex   -1.358750e+02 1.180000e+02 -5.871807e+00
      vertex   -1.358750e+02 1.166250e+02 -5.871807e+00
      vertex   -1.359268e+02 1.180000e+02 -5.832077e+00
    endloop
  endfacet
  facet normal -6.087614e-01 1.481068e-18 -7.933533e-01
    outer loop
      vertex   -1.358750e+02 1.180000e+02 -5.871807e+00
      vertex   -1.359268e+02 1.180000e+02 -5.832077e+00
      vertex   -1.359268e+02 1.193750e+02 -5.832077e+00
    endloop
  endfacet
  facet normal -7.933533e-01 -0.000000e+00 -6.087614e-01
    outer loop
      vertex   -1.359268e+02 1.193750e+02 -5.832077e+00
      vertex   -1.359268e+02 1.180000e+02 -5.832077e+00
      vertex   -1.359665e+02 1.193750e+02 -5.780300e+00
    endloop
  endfacet
  facet normal -7.933533e-01 1.139884e-18 -6.087614e-01
    outer loop
      vertex   -1.359268e+02 1.193750e+02 -5.832077e+00
      vertex   -1.359665e+02 1.193750e+02 -5.780300e+00
      vertex   -1.359665e+02 1.207500e+02 -5.780300e+00
    endloop
  endfacet
  facet normal -9.238795e-01 -0.000000e+00 -3.826834e-01
    outer loop
      vertex   -1.359665e+02 1.207500e+02 -5.780300e+00
      vertex   -1.359665e+02 1.193750e+02 -5.780300e+00
      vertex   -1.359915e+02 1.207500e+02 -5.720005e+00
    endloop
  endfacet
  facet normal -9.238795e-01 -4.937475e-16 -3.826834e-01
    outer loop
      vertex   -1.359665e+02 1.207500e+02 -5.780300e+00
      vertex   -1.359915e+02 1.207500e+02 -5.720005e+00
      vertex   -1.359915e+02 1.221250e+02 -5.720005e+00
    endloop
  endfacet
  facet normal -9.914449e-01 -1.686263e-16 -1.305262e-01
    outer loop
      vertex   -1.359915e+02 1.221250e+02 -5.720005e+00
      vertex   -1.359915e+02 1.207500e+02 -5.720005e+00
      vertex   -1.360000e+02 1.290000e+02 -5.655300e+00
    endloop
  endfacet
  facet normal -9.914449e-01 0.000000e+00 -1.305262e-01
    outer loop
      vertex   -1.359915e+02 1.221250e+02 -5.720005e+00
      vertex   -1.360000e+02 1.290000e+02 -5.655300e+00
      vertex   -1.359915e+02 1.235000e+02 -5.720005e+00
    endloop
  endfacet
  facet normal -9.914449e-01 0.000000e+00 -1.305262e-01
    outer loop
      vertex   -1.359915e+02 1.235000e+02 -5.720005e+00
      vertex   -1.360000e+02 1.290000e+02 -5.655300e+00
      vertex   -1.359915e+02 1.248750e+02 -5.720005e+00
    endloop
  endfacet
  facet normal -9.238795e-01 0.000000e+00 -3.826834e-01
    outer loop
      vertex   -1.359915e+02 1.235000e+02 -5.720005e+00
      vertex   -1.359915e+02 1.248750e+02 -5.720005e+00
      vertex   -1.359665e+02 1.235000e+02 -5.780300e+00
    endloop
  endfacet
  facet normal -9.238795e-01 0.000000e+00 -3.826834e-01
    outer loop
      vertex   -1.359665e+02 1.235000e+02 -5.780300e+00
      vertex   -1.359915e+02 1.248750e+02 -5.720005e+00
      vertex   -1.359665e+02 1.248750e+02 -5.780300e+00
    endloop
  endfacet
  facet normal -7.933533e-01 0.000000e+00 -6.087614e-01
    outer loop
      vertex   -1.359665e+02 1.235000e+02 -5.780300e+00
      vertex   -1.359665e+02 1.248750e+02 -5.780300e+00
      vertex   -1.359268e+02 1.235000e+02 -5.832077e+00
    endloop
  endfacet
  facet normal -7.933533e-01 0.000000e+00 -6.087614e-01
    outer loop
      vertex   -1.359268e+02 1.235000e+02 -5.832077e+00
      vertex   -1.359665e+02 1.248750e+02 -5.780300e+00
      vertex   -1.359268e+02 1.248750e+02 -5.832077e+00
    endloop
  endfacet
  facet normal -6.087614e-01 0.000000e+00 -7.933533e-01
    outer loop
      vertex   -1.359268e+02 1.235000e+02 -5.832077e+00
      vertex   -1.359268e+02 1.248750e+02 -5.832077e+00
      vertex   -1.358750e+02 1.235000e+02 -5.871807e+00
    endloop
  endfacet
  facet normal -6.087614e-01 5.124650e-16 -7.933533e-01
    outer loop
      vertex   -1.358750e+02 1.235000e+02 -5.871807e+00
      vertex   -1.359268e+02 1.248750e+02 -5.832077e+00
      vertex   -1.358750e+02 1.248750e+02 -5.871807e+00
    endloop
  endfacet
  facet normal -3.826834e-01 5.967781e-16 -9.238795e-01
    outer loop
      vertex   -1.358750e+02 1.235000e+02 -5.871807e+00
      vertex   -1.358750e+02 1.248750e+02 -5.871807e+00
      vertex   -1.358147e+02 1.235000e+02 -5.896782e+00
    endloop
  endfacet
  facet normal -3.826834e-01 -1.193556e-15 -9.238795e-01
    outer loop
      vertex   -1.358147e+02 1.235000e+02 -5.896782e+00
      vertex   -1.358750e+02 1.248750e+02 -5.871807e+00
      vertex   -1.358147e+02 1.248750e+02 -5.896782e+00
    endloop
  endfacet
  facet normal -1.305262e-01 -1.280844e-15 -9.914449e-01
    outer loop
      vertex   -1.358147e+02 1.235000e+02 -5.896782e+00
      vertex   -1.358147e+02 1.248750e+02 -5.896782e+00
      vertex   -1.357500e+02 1.290000e+02 -5.905300e+00
    endloop
  endfacet
  facet normal -1.305262e-01 1.944796e-19 -9.914449e-01
    outer loop
      vertex   -1.357500e+02 1.290000e+02 -5.905300e+00
      vertex   -1.358147e+02 1.248750e+02 -5.896782e+00
      vertex   -1.358147e+02 1.262500e+02 -5.896782e+00
    endloop
  endfacet
  facet normal -1.305262e-01 1.944796e-19 -9.914449e-01
    outer loop
      vertex   -1.357500e+02 1.290000e+02 -5.905300e+00
      vertex   -1.358147e+02 1.262500e+02 -5.896782e+00
      vertex   -1.358147e+02 1.276250e+02 -5.896782e+00
    endloop
  endfacet
  facet normal -3.826834e-01 -0.000000e+00 -9.238795e-01
    outer loop
      vertex   -1.358147e+02 1.276250e+02 -5.896782e+00
      vertex   -1.358147e+02 1.262500e+02 -5.896782e+00
      vertex   -1.358750e+02 1.276250e+02 -5.871807e+00
    endloop
  endfacet
  facet normal -3.826834e-01 -5.968590e-15 -9.238795e-01
    outer loop
      vertex   -1.358147e+02 1.276250e+02 -5.896782e+00
      vertex   -1.358750e+02 1.276250e+02 -5.871807e+00
      vertex   -1.358750e+02 1.290000e+02 -5.871807e+00
    endloop
  endfacet
  facet normal -6.087614e-01 -5.124650e-15 -7.933533e-01
    outer loop
      vertex   -1.358750e+02 1.290000e+02 -5.871807e+00
      vertex   -1.358750e+02 1.276250e+02 -5.871807e+00
      vertex   -1.359268e+02 1.290000e+02 -5.832077e+00
    endloop
  endfacet
  facet normal -6.087614e-01 -4.099720e-15 -7.933533e-01
    outer loop
      vertex   -1.359268e+02 1.290000e+02 -5.832077e+00
      vertex   -1.358750e+02 1.276250e+02 -5.871807e+00
      vertex   -1.359268e+02 1.276250e+02 -5.832077e+00
    endloop
  endfacet
  facet normal -7.933533e-01 -3.145826e-15 -6.087614e-01
    outer loop
      vertex   -1.359268e+02 1.290000e+02 -5.832077e+00
      vertex   -1.359268e+02 1.276250e+02 -5.832077e+00
      vertex   -1.359665e+02 1.290000e+02 -5.780300e+00
    endloop
  endfacet
  facet normal -7.933533e-01 -2.033116e-14 -6.087614e-01
    outer loop
      vertex   -1.359665e+02 1.290000e+02 -5.780300e+00
      vertex   -1.359268e+02 1.276250e+02 -5.832077e+00
      vertex   -1.359665e+02 1.276250e+02 -5.780300e+00
    endloop
  endfacet
  facet normal -9.238795e-01 -2.156883e-14 -3.826834e-01
    outer loop
      vertex   -1.359665e+02 1.290000e+02 -5.780300e+00
      vertex   -1.359665e+02 1.276250e+02 -5.780300e+00
      vertex   -1.359915e+02 1.290000e+02 -5.720005e+00
    endloop
  endfacet
  facet normal -9.238795e-01 -1.483161e-15 -3.826834e-01
    outer loop
      vertex   -1.359915e+02 1.290000e+02 -5.720005e+00
      vertex   -1.359665e+02 1.276250e+02 -5.780300e+00
      vertex   -1.359915e+02 1.276250e+02 -5.720005e+00
    endloop
  endfacet
  facet normal -9.914449e-01 -5.058788e-16 -1.305262e-01
    outer loop
      vertex   -1.359915e+02 1.290000e+02 -5.720005e+00
      vertex   -1.359915e+02 1.276250e+02 -5.720005e+00
      vertex   -1.360000e+02 1.290000e+02 -5.655300e+00
    endloop
  endfacet
  facet normal -9.914449e-01 6.035140e-19 -1.305262e-01
    outer loop
      vertex   -1.360000e+02 1.290000e+02 -5.655300e+00
      vertex   -1.359915e+02 1.276250e+02 -5.720005e+00
      vertex   -1.359915e+02 1.262500e+02 -5.720005e+00
    endloop
  endfacet
  facet normal -9.914449e-01 6.035140e-19 -1.305262e-01
    outer loop
      vertex   -1.360000e+02 1.290000e+02 -5.655300e+00
      vertex   -1.359915e+02 1.262500e+02 -5.720005e+00
      vertex   -1.359915e+02 1.248750e+02 -5.720005e+00
    endloop
  endfacet
  facet normal -9.238795e-01 0.000000e+00 -3.826834e-01
    outer loop
      vertex   -1.359915e+02 1.248750e+02 -5.720005e+00
      vertex   -1.359915e+02 1.262500e+02 -5.720005e+00
      vertex   -1.359665e+02 1.248750e+02 -5.780300e+00
    endloop
  endfacet
  facet normal -3.826834e-01 -7.758115e-15 -9.238795e-01
    outer loop
      vertex   -1.358147e+02 1.138750e+02 -5.896782e+00
      vertex   -1.358147e+02 1.125000e+02 -5.896782e+00
      vertex   -1.358750e+02 1.138750e+02 -5.871807e+00
    endloop
  endfacet
  facet normal -3.826834e-01 -5.967781e-15 -9.238795e-01
    outer loop
      vertex   -1.358750e+02 1.138750e+02 -5.871807e+00
      vertex   -1.358147e+02 1.125000e+02 -5.896782e+00
      vertex   -1.358750e+02 1.125000e+02 -5.871807e+00
    endloop
  endfacet
  facet normal -6.087614e-01 -5.124650e-15 -7.933533e-01
    outer loop
      vertex   -1.358750e+02 1.138750e+02 -5.871807e+00
      vertex   -1.358750e+02 1.125000e+02 -5.871807e+00
      vertex   -1.359268e+02 1.138750e+02 -5.832077e+00
    endloop
  endfacet
  facet normal -6.087614e-01 5.124650e-16 -7.933533e-01
    outer loop
      vertex   -1.359268e+02 1.138750e+02 -5.832077e+00
      vertex   -1.358750e+02 1.125000e+02 -5.871807e+00
      vertex   -1.359268e+02 1.125000e+02 -5.832077e+00
    endloop
  endfacet
  facet normal -7.933533e-01 3.932282e-16 -6.087614e-01
    outer loop
      vertex   -1.359268e+02 1.138750e+02 -5.832077e+00
      vertex   -1.359268e+02 1.125000e+02 -5.832077e+00
      vertex   -1.359665e+02 1.138750e+02 -5.780300e+00
    endloop
  endfacet
  facet normal -7.933533e-01 -3.932282e-16 -6.087614e-01
    outer loop
      vertex   -1.359665e+02 1.138750e+02 -5.780300e+00
      vertex   -1.359268e+02 1.125000e+02 -5.832077e+00
      vertex   -1.359665e+02 1.125000e+02 -5.780300e+00
    endloop
  endfacet
  facet normal -9.238795e-01 -2.471936e-16 -3.826834e-01
    outer loop
      vertex   -1.359665e+02 1.138750e+02 -5.780300e+00
      vertex   -1.359665e+02 1.125000e+02 -5.780300e+00
      vertex   -1.359915e+02 1.138750e+02 -5.720005e+00
    endloop
  endfacet
  facet normal -9.238795e-01 -0.000000e+00 -3.826834e-01
    outer loop
      vertex   -1.359915e+02 1.138750e+02 -5.720005e+00
      vertex   -1.359665e+02 1.125000e+02 -5.780300e+00
      vertex   -1.359915e+02 1.125000e+02 -5.720005e+00
    endloop
  endfacet
  facet normal -9.914449e-01 -0.000000e+00 -1.305262e-01
    outer loop
      vertex   -1.359915e+02 1.138750e+02 -5.720005e+00
      vertex   -1.359915e+02 1.125000e+02 -5.720005e+00
      vertex   -1.360000e+02 1.125000e+02 -5.655300e+00
    endloop
  endfacet
  facet normal -9.914449e-01 -2.107828e-17 -1.305262e-01
    outer loop
      vertex   -1.360000e+02 1.290000e+02 -5.655300e+00
      vertex   -1.359915e+02 1.207500e+02 -5.720005e+00
      vertex   -1.360000e+02 1.125000e+02 -5.655300e+00
    endloop
  endfacet
  facet normal -9.914449e-01 -3.436057e-19 -1.305262e-01
    outer loop
      vertex   -1.360000e+02 1.125000e+02 -5.655300e+00
      vertex   -1.359915e+02 1.207500e+02 -5.720005e+00
      vertex   -1.359915e+02 1.193750e+02 -5.720005e+00
    endloop
  endfacet
  facet normal -9.914449e-01 1.688048e-16 -1.305262e-01
    outer loop
      vertex   -1.360000e+02 1.125000e+02 -5.655300e+00
      vertex   -1.359915e+02 1.193750e+02 -5.720005e+00
      vertex   -1.359915e+02 1.180000e+02 -5.720005e+00
    endloop
  endfacet
  facet normal -9.238795e-01 4.943872e-16 -3.826834e-01
    outer loop
      vertex   -1.359915e+02 1.180000e+02 -5.720005e+00
      vertex   -1.359915e+02 1.193750e+02 -5.720005e+00
      vertex   -1.359665e+02 1.180000e+02 -5.780300e+00
    endloop
  endfacet
  facet normal -9.238795e-01 -8.053246e-20 -3.826834e-01
    outer loop
      vertex   -1.359915e+02 1.180000e+02 -5.720005e+00
      vertex   -1.359665e+02 1.180000e+02 -5.780300e+00
      vertex   -1.359665e+02 1.166250e+02 -5.780300e+00
    endloop
  endfacet
  facet normal -7.933533e-01 0.000000e+00 -6.087614e-01
    outer loop
      vertex   -1.359665e+02 1.166250e+02 -5.780300e+00
      vertex   -1.359665e+02 1.180000e+02 -5.780300e+00
      vertex   -1.359268e+02 1.166250e+02 -5.832077e+00
    endloop
  endfacet
  facet normal -7.933533e-01 -3.933803e-16 -6.087614e-01
    outer loop
      vertex   -1.359665e+02 1.166250e+02 -5.780300e+00
      vertex   -1.359268e+02 1.166250e+02 -5.832077e+00
      vertex   -1.359268e+02 1.152500e+02 -5.832077e+00
    endloop
  endfacet
  facet normal -6.087614e-01 -5.124650e-16 -7.933533e-01
    outer loop
      vertex   -1.359268e+02 1.152500e+02 -5.832077e+00
      vertex   -1.359268e+02 1.166250e+02 -5.832077e+00
      vertex   -1.358750e+02 1.152500e+02 -5.871807e+00
    endloop
  endfacet
  facet normal -6.087614e-01 1.107279e-18 -7.933533e-01
    outer loop
      vertex   -1.359268e+02 1.152500e+02 -5.832077e+00
      vertex   -1.358750e+02 1.152500e+02 -5.871807e+00
      vertex   -1.358750e+02 1.138750e+02 -5.871807e+00
    endloop
  endfacet
  facet normal -3.826834e-01 0.000000e+00 -9.238795e-01
    outer loop
      vertex   -1.358750e+02 1.138750e+02 -5.871807e+00
      vertex   -1.358750e+02 1.152500e+02 -5.871807e+00
      vertex   -1.358147e+02 1.138750e+02 -5.896782e+00
    endloop
  endfacet
  facet normal -3.826834e-01 -1.194365e-15 -9.238795e-01
    outer loop
      vertex   -1.358750e+02 1.290000e+02 -5.871807e+00
      vertex   -1.358147e+02 1.290000e+02 -5.896782e+00
      vertex   -1.358147e+02 1.276250e+02 -5.896782e+00
    endloop
  endfacet
  facet normal -1.305262e-01 -1.280844e-15 -9.914449e-01
    outer loop
      vertex   -1.358147e+02 1.276250e+02 -5.896782e+00
      vertex   -1.358147e+02 1.290000e+02 -5.896782e+00
      vertex   -1.357500e+02 1.290000e+02 -5.905300e+00
    endloop
  endfacet
  facet normal -1.305262e-01 -1.067370e-16 -9.914449e-01
    outer loop
      vertex   -1.357500e+02 1.125000e+02 -5.905300e+00
      vertex   -1.358147e+02 1.207500e+02 -5.896782e+00
      vertex   -1.357500e+02 1.290000e+02 -5.905300e+00
    endloop
  endfacet
  facet normal -1.305262e-01 -6.403757e-16 -9.914449e-01
    outer loop
      vertex   -1.357500e+02 1.290000e+02 -5.905300e+00
      vertex   -1.358147e+02 1.207500e+02 -5.896782e+00
      vertex   -1.358147e+02 1.221250e+02 -5.896782e+00
    endloop
  endfacet
  facet normal -1.305262e-01 4.610174e-20 -9.914449e-01
    outer loop
      vertex   -1.357500e+02 1.290000e+02 -5.905300e+00
      vertex   -1.358147e+02 1.221250e+02 -5.896782e+00
      vertex   -1.358147e+02 1.235000e+02 -5.896782e+00
    endloop
  endfacet
  facet normal -3.826834e-01 -0.000000e+00 -9.238795e-01
    outer loop
      vertex   -1.358147e+02 1.235000e+02 -5.896782e+00
      vertex   -1.358147e+02 1.221250e+02 -5.896782e+00
      vertex   -1.358750e+02 1.235000e+02 -5.871807e+00
    endloop
  endfacet
  facet normal -3.826834e-01 5.967781e-16 -9.238795e-01
    outer loop
      vertex   -1.358750e+02 1.166250e+02 -5.871807e+00
      vertex   -1.358147e+02 1.152500e+02 -5.896782e+00
      vertex   -1.358750e+02 1.152500e+02 -5.871807e+00
    endloop
  endfacet
  facet normal -3.826834e-01 -4.381054e-19 -9.238795e-01
    outer loop
      vertex   -1.358750e+02 1.152500e+02 -5.871807e+00
      vertex   -1.358147e+02 1.152500e+02 -5.896782e+00
      vertex   -1.358147e+02 1.138750e+02 -5.896782e+00
    endloop
  endfacet
  facet normal -1.305262e-01 0.000000e+00 -9.914449e-01
    outer loop
      vertex   -1.358147e+02 1.166250e+02 -5.896782e+00
      vertex   -1.358147e+02 1.180000e+02 -5.896782e+00
      vertex   -1.357500e+02 1.125000e+02 -5.905300e+00
    endloop
  endfacet
  facet normal -1.305262e-01 1.202907e-19 -9.914449e-01
    outer loop
      vertex   -1.357500e+02 1.125000e+02 -5.905300e+00
      vertex   -1.358147e+02 1.180000e+02 -5.896782e+00
      vertex   -1.358147e+02 1.193750e+02 -5.896782e+00
    endloop
  endfacet
  facet normal -1.305262e-01 1.202907e-19 -9.914449e-01
    outer loop
      vertex   -1.357500e+02 1.125000e+02 -5.905300e+00
      vertex   -1.358147e+02 1.193750e+02 -5.896782e+00
      vertex   -1.358147e+02 1.207500e+02 -5.896782e+00
    endloop
  endfacet
  facet normal -3.826834e-01 -0.000000e+00 -9.238795e-01
    outer loop
      vertex   -1.358147e+02 1.207500e+02 -5.896782e+00
      vertex   -1.358147e+02 1.193750e+02 -5.896782e+00
      vertex   -1.358750e+02 1.207500e+02 -5.871807e+00
    endloop
  endfacet
  facet normal -3.826834e-01 -5.971420e-16 -9.238795e-01
    outer loop
      vertex   -1.358147e+02 1.207500e+02 -5.896782e+00
      vertex   -1.358750e+02 1.207500e+02 -5.871807e+00
      vertex   -1.358750e+02 1.221250e+02 -5.871807e+00
    endloop
  endfacet
  facet normal -6.087614e-01 -5.124650e-16 -7.933533e-01
    outer loop
      vertex   -1.358750e+02 1.221250e+02 -5.871807e+00
      vertex   -1.358750e+02 1.207500e+02 -5.871807e+00
      vertex   -1.359268e+02 1.221250e+02 -5.832077e+00
    endloop
  endfacet
  facet normal -6.087614e-01 -5.104232e-16 -7.933533e-01
    outer loop
      vertex   -1.358750e+02 1.221250e+02 -5.871807e+00
      vertex   -1.359268e+02 1.221250e+02 -5.832077e+00
      vertex   -1.359268e+02 1.235000e+02 -5.832077e+00
    endloop
  endfacet
  facet normal -7.933533e-01 -3.932282e-16 -6.087614e-01
    outer loop
      vertex   -1.359268e+02 1.235000e+02 -5.832077e+00
      vertex   -1.359268e+02 1.221250e+02 -5.832077e+00
      vertex   -1.359665e+02 1.235000e+02 -5.780300e+00
    endloop
  endfacet
  facet normal -3.826834e-01 0.000000e+00 -9.238795e-01
    outer loop
      vertex   -1.358147e+02 1.166250e+02 -5.896782e+00
      vertex   -1.358750e+02 1.180000e+02 -5.871807e+00
      vertex   -1.358147e+02 1.180000e+02 -5.896782e+00
    endloop
  endfacet
  facet normal -3.826834e-01 -3.639164e-19 -9.238795e-01
    outer loop
      vertex   -1.358147e+02 1.180000e+02 -5.896782e+00
      vertex   -1.358750e+02 1.180000e+02 -5.871807e+00
      vertex   -1.358750e+02 1.193750e+02 -5.871807e+00
    endloop
  endfacet
  facet normal -3.826834e-01 0.000000e+00 -9.238795e-01
    outer loop
      vertex   -1.358147e+02 1.180000e+02 -5.896782e+00
      vertex   -1.358750e+02 1.193750e+02 -5.871807e+00
      vertex   -1.358147e+02 1.193750e+02 -5.896782e+00
    endloop
  endfacet
  facet normal -3.826834e-01 5.964884e-16 -9.238795e-01
    outer loop
      vertex   -1.358147e+02 1.193750e+02 -5.896782e+00
      vertex   -1.358750e+02 1.193750e+02 -5.871807e+00
      vertex   -1.358750e+02 1.207500e+02 -5.871807e+00
    endloop
  endfacet
  facet normal -3.826834e-01 -0.000000e+00 -9.238795e-01
    outer loop
      vertex   -1.358750e+02 1.235000e+02 -5.871807e+00
      vertex   -1.358147e+02 1.221250e+02 -5.896782e+00
      vertex   -1.358750e+02 1.221250e+02 -5.871807e+00
    endloop
  endfacet
  facet normal -3.826834e-01 -5.971420e-16 -9.238795e-01
    outer loop
      vertex   -1.358750e+02 1.221250e+02 -5.871807e+00
      vertex   -1.358147e+02 1.221250e+02 -5.896782e+00
      vertex   -1.358147e+02 1.207500e+02 -5.896782e+00
    endloop
  endfacet
  facet normal -3.826834e-01 -0.000000e+00 -9.238795e-01
    outer loop
      vertex   -1.358147e+02 1.262500e+02 -5.896782e+00
      vertex   -1.358147e+02 1.248750e+02 -5.896782e+00
      vertex   -1.358750e+02 1.262500e+02 -5.871807e+00
    endloop
  endfacet
  facet normal -3.826834e-01 -0.000000e+00 -9.238795e-01
    outer loop
      vertex   -1.358750e+02 1.262500e+02 -5.871807e+00
      vertex   -1.358147e+02 1.248750e+02 -5.896782e+00
      vertex   -1.358750e+02 1.248750e+02 -5.871807e+00
    endloop
  endfacet
  facet normal -6.087614e-01 -0.000000e+00 -7.933533e-01
    outer loop
      vertex   -1.358750e+02 1.262500e+02 -5.871807e+00
      vertex   -1.358750e+02 1.248750e+02 -5.871807e+00
      vertex   -1.359268e+02 1.262500e+02 -5.832077e+00
    endloop
  endfacet
  facet normal -6.087614e-01 -0.000000e+00 -7.933533e-01
    outer loop
      vertex   -1.359268e+02 1.262500e+02 -5.832077e+00
      vertex   -1.358750e+02 1.248750e+02 -5.871807e+00
      vertex   -1.359268e+02 1.248750e+02 -5.832077e+00
    endloop
  endfacet
  facet normal -7.933533e-01 -0.000000e+00 -6.087614e-01
    outer loop
      vertex   -1.359268e+02 1.262500e+02 -5.832077e+00
      vertex   -1.359268e+02 1.248750e+02 -5.832077e+00
      vertex   -1.359665e+02 1.262500e+02 -5.780300e+00
    endloop
  endfacet
  facet normal -7.933533e-01 -0.000000e+00 -6.087614e-01
    outer loop
      vertex   -1.359665e+02 1.262500e+02 -5.780300e+00
      vertex   -1.359268e+02 1.248750e+02 -5.832077e+00
      vertex   -1.359665e+02 1.248750e+02 -5.780300e+00
    endloop
  endfacet
  facet normal -9.238795e-01 -0.000000e+00 -3.826834e-01
    outer loop
      vertex   -1.359665e+02 1.262500e+02 -5.780300e+00
      vertex   -1.359665e+02 1.248750e+02 -5.780300e+00
      vertex   -1.359915e+02 1.262500e+02 -5.720005e+00
    endloop
  endfacet
  facet normal -6.087614e-01 -0.000000e+00 -7.933533e-01
    outer loop
      vertex   -1.359268e+02 1.152500e+02 -5.832077e+00
      vertex   -1.358750e+02 1.138750e+02 -5.871807e+00
      vertex   -1.359268e+02 1.138750e+02 -5.832077e+00
    endloop
  endfacet
  facet normal -6.087614e-01 -0.000000e+00 -7.933533e-01
    outer loop
      vertex   -1.359268e+02 1.180000e+02 -5.832077e+00
      vertex   -1.358750e+02 1.166250e+02 -5.871807e+00
      vertex   -1.359268e+02 1.166250e+02 -5.832077e+00
    endloop
  endfacet
  facet normal -6.087614e-01 5.137591e-16 -7.933533e-01
    outer loop
      vertex   -1.359268e+02 1.166250e+02 -5.832077e+00
      vertex   -1.358750e+02 1.166250e+02 -5.871807e+00
      vertex   -1.358750e+02 1.152500e+02 -5.871807e+00
    endloop
  endfacet
  facet normal -6.087614e-01 0.000000e+00 -7.933533e-01
    outer loop
      vertex   -1.358750e+02 1.180000e+02 -5.871807e+00
      vertex   -1.359268e+02 1.193750e+02 -5.832077e+00
      vertex   -1.358750e+02 1.193750e+02 -5.871807e+00
    endloop
  endfacet
  facet normal -6.087614e-01 -5.107970e-16 -7.933533e-01
    outer loop
      vertex   -1.358750e+02 1.193750e+02 -5.871807e+00
      vertex   -1.359268e+02 1.193750e+02 -5.832077e+00
      vertex   -1.359268e+02 1.207500e+02 -5.832077e+00
    endloop
  endfacet
  facet normal -6.087614e-01 5.124650e-16 -7.933533e-01
    outer loop
      vertex   -1.358750e+02 1.193750e+02 -5.871807e+00
      vertex   -1.359268e+02 1.207500e+02 -5.832077e+00
      vertex   -1.358750e+02 1.207500e+02 -5.871807e+00
    endloop
  endfacet
  facet normal -6.087614e-01 -5.104232e-16 -7.933533e-01
    outer loop
      vertex   -1.358750e+02 1.207500e+02 -5.871807e+00
      vertex   -1.359268e+02 1.207500e+02 -5.832077e+00
      vertex   -1.359268e+02 1.221250e+02 -5.832077e+00
    endloop
  endfacet
  facet normal -6.087614e-01 2.041751e-18 -7.933533e-01
    outer loop
      vertex   -1.359268e+02 1.235000e+02 -5.832077e+00
      vertex   -1.358750e+02 1.235000e+02 -5.871807e+00
      vertex   -1.358750e+02 1.221250e+02 -5.871807e+00
    endloop
  endfacet
  facet normal -6.087614e-01 -2.230378e-18 -7.933533e-01
    outer loop
      vertex   -1.359268e+02 1.276250e+02 -5.832077e+00
      vertex   -1.358750e+02 1.276250e+02 -5.871807e+00
      vertex   -1.358750e+02 1.262500e+02 -5.871807e+00
    endloop
  endfacet
  facet normal -3.826834e-01 0.000000e+00 -9.238795e-01
    outer loop
      vertex   -1.358750e+02 1.262500e+02 -5.871807e+00
      vertex   -1.358750e+02 1.276250e+02 -5.871807e+00
      vertex   -1.358147e+02 1.262500e+02 -5.896782e+00
    endloop
  endfacet
  facet normal -6.087614e-01 -1.024930e-15 -7.933533e-01
    outer loop
      vertex   -1.359268e+02 1.276250e+02 -5.832077e+00
      vertex   -1.358750e+02 1.262500e+02 -5.871807e+00
      vertex   -1.359268e+02 1.262500e+02 -5.832077e+00
    endloop
  endfacet
  facet normal -7.933533e-01 -0.000000e+00 -6.087614e-01
    outer loop
      vertex   -1.359268e+02 1.152500e+02 -5.832077e+00
      vertex   -1.359268e+02 1.138750e+02 -5.832077e+00
      vertex   -1.359665e+02 1.152500e+02 -5.780300e+00
    endloop
  endfacet
  facet normal -7.933533e-01 -0.000000e+00 -6.087614e-01
    outer loop
      vertex   -1.359665e+02 1.152500e+02 -5.780300e+00
      vertex   -1.359268e+02 1.138750e+02 -5.832077e+00
      vertex   -1.359665e+02 1.138750e+02 -5.780300e+00
    endloop
  endfacet
  facet normal -9.238795e-01 -0.000000e+00 -3.826834e-01
    outer loop
      vertex   -1.359665e+02 1.152500e+02 -5.780300e+00
      vertex   -1.359665e+02 1.138750e+02 -5.780300e+00
      vertex   -1.359915e+02 1.152500e+02 -5.720005e+00
    endloop
  endfacet
  facet normal -9.238795e-01 -0.000000e+00 -3.826834e-01
    outer loop
      vertex   -1.359915e+02 1.152500e+02 -5.720005e+00
      vertex   -1.359665e+02 1.138750e+02 -5.780300e+00
      vertex   -1.359915e+02 1.138750e+02 -5.720005e+00
    endloop
  endfacet
  facet normal -9.914449e-01 -0.000000e+00 -1.305262e-01
    outer loop
      vertex   -1.359915e+02 1.152500e+02 -5.720005e+00
      vertex   -1.359915e+02 1.138750e+02 -5.720005e+00
      vertex   -1.360000e+02 1.125000e+02 -5.655300e+00
    endloop
  endfacet
  facet normal -7.933533e-01 3.932282e-16 -6.087614e-01
    outer loop
      vertex   -1.359665e+02 1.193750e+02 -5.780300e+00
      vertex   -1.359268e+02 1.180000e+02 -5.832077e+00
      vertex   -1.359665e+02 1.180000e+02 -5.780300e+00
    endloop
  endfacet
  facet normal -7.933533e-01 -1.922501e-18 -6.087614e-01
    outer loop
      vertex   -1.359665e+02 1.180000e+02 -5.780300e+00
      vertex   -1.359268e+02 1.180000e+02 -5.832077e+00
      vertex   -1.359268e+02 1.166250e+02 -5.832077e+00
    endloop
  endfacet
  facet normal -7.933533e-01 -3.932282e-16 -6.087614e-01
    outer loop
      vertex   -1.359268e+02 1.193750e+02 -5.832077e+00
      vertex   -1.359665e+02 1.207500e+02 -5.780300e+00
      vertex   -1.359268e+02 1.207500e+02 -5.832077e+00
    endloop
  endfacet
  facet normal -7.933533e-01 -3.920883e-16 -6.087614e-01
    outer loop
      vertex   -1.359268e+02 1.207500e+02 -5.832077e+00
      vertex   -1.359665e+02 1.207500e+02 -5.780300e+00
      vertex   -1.359665e+02 1.221250e+02 -5.780300e+00
    endloop
  endfacet
  facet normal -7.933533e-01 -3.932282e-16 -6.087614e-01
    outer loop
      vertex   -1.359268e+02 1.207500e+02 -5.832077e+00
      vertex   -1.359665e+02 1.221250e+02 -5.780300e+00
      vertex   -1.359268e+02 1.221250e+02 -5.832077e+00
    endloop
  endfacet
  facet normal -7.933533e-01 -6.305427e-19 -6.087614e-01
    outer loop
      vertex   -1.359268e+02 1.221250e+02 -5.832077e+00
      vertex   -1.359665e+02 1.221250e+02 -5.780300e+00
      vertex   -1.359665e+02 1.235000e+02 -5.780300e+00
    endloop
  endfacet
  facet normal -7.933533e-01 -7.857950e-16 -6.087614e-01
    outer loop
      vertex   -1.359665e+02 1.276250e+02 -5.780300e+00
      vertex   -1.359268e+02 1.276250e+02 -5.832077e+00
      vertex   -1.359268e+02 1.262500e+02 -5.832077e+00
    endloop
  endfacet
  facet normal -7.933533e-01 3.932282e-16 -6.087614e-01
    outer loop
      vertex   -1.359665e+02 1.276250e+02 -5.780300e+00
      vertex   -1.359268e+02 1.262500e+02 -5.832077e+00
      vertex   -1.359665e+02 1.262500e+02 -5.780300e+00
    endloop
  endfacet
  facet normal -7.933533e-01 -1.520735e-19 -6.087614e-01
    outer loop
      vertex   -1.359268e+02 1.152500e+02 -5.832077e+00
      vertex   -1.359665e+02 1.152500e+02 -5.780300e+00
      vertex   -1.359665e+02 1.166250e+02 -5.780300e+00
    endloop
  endfacet
  facet normal -9.238795e-01 -0.000000e+00 -3.826834e-01
    outer loop
      vertex   -1.359665e+02 1.166250e+02 -5.780300e+00
      vertex   -1.359665e+02 1.152500e+02 -5.780300e+00
      vertex   -1.359915e+02 1.166250e+02 -5.720005e+00
    endloop
  endfacet
  facet normal -9.238795e-01 -8.053246e-20 -3.826834e-01
    outer loop
      vertex   -1.359665e+02 1.166250e+02 -5.780300e+00
      vertex   -1.359915e+02 1.166250e+02 -5.720005e+00
      vertex   -1.359915e+02 1.180000e+02 -5.720005e+00
    endloop
  endfacet
  facet normal -9.914449e-01 -0.000000e+00 -1.305262e-01
    outer loop
      vertex   -1.359915e+02 1.180000e+02 -5.720005e+00
      vertex   -1.359915e+02 1.166250e+02 -5.720005e+00
      vertex   -1.360000e+02 1.125000e+02 -5.655300e+00
    endloop
  endfacet
  facet normal -9.238795e-01 -0.000000e+00 -3.826834e-01
    outer loop
      vertex   -1.359915e+02 1.166250e+02 -5.720005e+00
      vertex   -1.359665e+02 1.152500e+02 -5.780300e+00
      vertex   -1.359915e+02 1.152500e+02 -5.720005e+00
    endloop
  endfacet
  facet normal -9.238795e-01 -0.000000e+00 -3.826834e-01
    outer loop
      vertex   -1.359915e+02 1.207500e+02 -5.720005e+00
      vertex   -1.359665e+02 1.193750e+02 -5.780300e+00
      vertex   -1.359915e+02 1.193750e+02 -5.720005e+00
    endloop
  endfacet
  facet normal -9.238795e-01 2.480891e-16 -3.826834e-01
    outer loop
      vertex   -1.359915e+02 1.193750e+02 -5.720005e+00
      vertex   -1.359665e+02 1.193750e+02 -5.780300e+00
      vertex   -1.359665e+02 1.180000e+02 -5.780300e+00
    endloop
  endfacet
  facet normal -9.238795e-01 -8.053246e-20 -3.826834e-01
    outer loop
      vertex   -1.359915e+02 1.235000e+02 -5.720005e+00
      vertex   -1.359665e+02 1.235000e+02 -5.780300e+00
      vertex   -1.359665e+02 1.221250e+02 -5.780300e+00
    endloop
  endfacet
  facet normal -9.238795e-01 -0.000000e+00 -3.826834e-01
    outer loop
      vertex   -1.359915e+02 1.235000e+02 -5.720005e+00
      vertex   -1.359665e+02 1.221250e+02 -5.780300e+00
      vertex   -1.359915e+02 1.221250e+02 -5.720005e+00
    endloop
  endfacet
  facet normal -9.238795e-01 -2.465539e-16 -3.826834e-01
    outer loop
      vertex   -1.359915e+02 1.221250e+02 -5.720005e+00
      vertex   -1.359665e+02 1.221250e+02 -5.780300e+00
      vertex   -1.359665e+02 1.207500e+02 -5.780300e+00
    endloop
  endfacet
  facet normal -9.238795e-01 2.471130e-16 -3.826834e-01
    outer loop
      vertex   -1.359915e+02 1.276250e+02 -5.720005e+00
      vertex   -1.359665e+02 1.276250e+02 -5.780300e+00
      vertex   -1.359665e+02 1.262500e+02 -5.780300e+00
    endloop
  endfacet
  facet normal -9.238795e-01 -0.000000e+00 -3.826834e-01
    outer loop
      vertex   -1.359915e+02 1.276250e+02 -5.720005e+00
      vertex   -1.359665e+02 1.262500e+02 -5.780300e+00
      vertex   -1.359915e+02 1.262500e+02 -5.720005e+00
    endloop
  endfacet
  facet normal -9.914449e-01 1.785609e-19 -1.305262e-01
    outer loop
      vertex   -1.360000e+02 1.125000e+02 -5.655300e+00
      vertex   -1.359915e+02 1.166250e+02 -5.720005e+00
      vertex   -1.359915e+02 1.152500e+02 -5.720005e+00
    endloop
  endfacet
  facet normal -1.000000e+00 -0.000000e+00 0.000000e+00
    outer loop
      vertex   -1.360000e+02 1.290000e+02 9.469957e-02
      vertex   -1.360000e+02 1.175000e+02 -9.053004e-01
      vertex   -1.360000e+02 1.125000e+02 9.469957e-02
    endloop
  endfacet
  facet normal -1.000000e+00 0.000000e+00 0.000000e+00
    outer loop
      vertex   -1.360000e+02 1.125000e+02 9.469957e-02
      vertex   -1.360000e+02 1.175000e+02 -9.053004e-01
      vertex   -1.360000e+02 1.172395e+02 -9.280888e-01
    endloop
  endfacet
  facet normal -1.000000e+00 0.000000e+00 0.000000e+00
    outer loop
      vertex   -1.360000e+02 1.125000e+02 9.469957e-02
      vertex   -1.360000e+02 1.172395e+02 -9.280888e-01
      vertex   -1.360000e+02 1.169870e+02 -9.957615e-01
    endloop
  endfacet
  facet normal -1.000000e+00 0.000000e+00 0.000000e+00
    outer loop
      vertex   -1.360000e+02 1.290000e+02 -5.655300e+00
      vertex   -1.360000e+02 1.255000e+02 -2.405300e+00
      vertex   -1.360000e+02 1.290000e+02 9.469957e-02
    endloop
  endfacet
  facet normal -1.000000e+00 0.000000e+00 0.000000e+00
    outer loop
      vertex   -1.360000e+02 1.290000e+02 9.469957e-02
      vertex   -1.360000e+02 1.255000e+02 -2.405300e+00
      vertex   -1.360000e+02 1.254772e+02 -2.144828e+00
    endloop
  endfacet
  facet normal -1.000000e+00 0.000000e+00 0.000000e+00
    outer loop
      vertex   -1.360000e+02 1.290000e+02 9.469957e-02
      vertex   -1.360000e+02 1.254772e+02 -2.144828e+00
      vertex   -1.360000e+02 1.254095e+02 -1.892270e+00
    endloop
  endfacet
  facet normal -1.000000e+00 0.000000e+00 0.000000e+00
    outer loop
      vertex   -1.360000e+02 1.125000e+02 -5.655300e+00
      vertex   -1.360000e+02 1.240000e+02 -4.905300e+00
      vertex   -1.360000e+02 1.290000e+02 -5.655300e+00
    endloop
  endfacet
  facet normal -1.000000e+00 0.000000e+00 0.000000e+00
    outer loop
      vertex   -1.360000e+02 1.290000e+02 -5.655300e+00
      vertex   -1.360000e+02 1.240000e+02 -4.905300e+00
      vertex   -1.360000e+02 1.242605e+02 -4.882512e+00
    endloop
  endfacet
  facet normal -1.000000e+00 0.000000e+00 0.000000e+00
    outer loop
      vertex   -1.360000e+02 1.290000e+02 -5.655300e+00
      vertex   -1.360000e+02 1.242605e+02 -4.882512e+00
      vertex   -1.360000e+02 1.245130e+02 -4.814839e+00
    endloop
  endfacet
  facet normal -1.000000e+00 0.000000e+00 0.000000e+00
    outer loop
      vertex   -1.360000e+02 1.125000e+02 9.469957e-02
      vertex   -1.360000e+02 1.160000e+02 -2.405300e+00
      vertex   -1.360000e+02 1.125000e+02 -5.655300e+00
    endloop
  endfacet
  facet normal -1.000000e+00 0.000000e+00 0.000000e+00
    outer loop
      vertex   -1.360000e+02 1.125000e+02 -5.655300e+00
      vertex   -1.360000e+02 1.160000e+02 -2.405300e+00
      vertex   -1.360000e+02 1.160000e+02 -3.405300e+00
    endloop
  endfacet
  facet normal -1.000000e+00 0.000000e+00 0.000000e+00
    outer loop
      vertex   -1.360000e+02 1.125000e+02 -5.655300e+00
      vertex   -1.360000e+02 1.160000e+02 -3.405300e+00
      vertex   -1.360000e+02 1.160228e+02 -3.665773e+00
    endloop
  endfacet
  facet normal -1.000000e+00 0.000000e+00 0.000000e+00
    outer loop
      vertex   -1.360000e+02 1.242605e+02 -9.280888e-01
      vertex   -1.360000e+02 1.240000e+02 -9.053004e-01
      vertex   -1.360000e+02 1.290000e+02 9.469957e-02
    endloop
  endfacet
  facet normal -1.000000e+00 0.000000e+00 0.000000e+00
    outer loop
      vertex   -1.360000e+02 1.290000e+02 9.469957e-02
      vertex   -1.360000e+02 1.240000e+02 -9.053004e-01
      vertex   -1.360000e+02 1.175000e+02 -9.053004e-01
    endloop
  endfacet
  facet normal -1.000000e+00 -0.000000e+00 0.000000e+00
    outer loop
      vertex   -1.360000e+02 1.169870e+02 -9.957615e-01
      vertex   -1.360000e+02 1.167500e+02 -1.106262e+00
      vertex   -1.360000e+02 1.125000e+02 9.469957e-02
    endloop
  endfacet
  facet normal -1.000000e+00 0.000000e+00 0.000000e+00
    outer loop
      vertex   -1.360000e+02 1.125000e+02 9.469957e-02
      vertex   -1.360000e+02 1.167500e+02 -1.106262e+00
      vertex   -1.360000e+02 1.165358e+02 -1.256234e+00
    endloop
  endfacet
  facet normal -1.000000e+00 0.000000e+00 0.000000e+00
    outer loop
      vertex   -1.360000e+02 1.125000e+02 9.469957e-02
      vertex   -1.360000e+02 1.165358e+02 -1.256234e+00
      vertex   -1.360000e+02 1.163509e+02 -1.441119e+00
    endloop
  endfacet
  facet normal -1.000000e+00 -0.000000e+00 0.000000e+00
    outer loop
      vertex   -1.360000e+02 1.163509e+02 -1.441119e+00
      vertex   -1.360000e+02 1.162010e+02 -1.655300e+00
      vertex   -1.360000e+02 1.125000e+02 9.469957e-02
    endloop
  endfacet
  facet normal -1.000000e+00 0.000000e+00 0.000000e+00
    outer loop
      vertex   -1.360000e+02 1.125000e+02 9.469957e-02
      vertex   -1.360000e+02 1.162010e+02 -1.655300e+00
      vertex   -1.360000e+02 1.160905e+02 -1.892270e+00
    endloop
  endfacet
  facet normal -1.000000e+00 0.000000e+00 0.000000e+00
    outer loop
      vertex   -1.360000e+02 1.125000e+02 9.469957e-02
      vertex   -1.360000e+02 1.160905e+02 -1.892270e+00
      vertex   -1.360000e+02 1.160228e+02 -2.144828e+00
    endloop
  endfacet
  facet normal -1.000000e+00 -0.000000e+00 0.000000e+00
    outer loop
      vertex   -1.360000e+02 1.160228e+02 -2.144828e+00
      vertex   -1.360000e+02 1.160000e+02 -2.405300e+00
      vertex   -1.360000e+02 1.125000e+02 9.469957e-02
    endloop
  endfacet
  facet normal -1.000000e+00 0.000000e+00 -0.000000e+00
    outer loop
      vertex   -1.360000e+02 1.160228e+02 -3.665773e+00
      vertex   -1.360000e+02 1.160905e+02 -3.918331e+00
      vertex   -1.360000e+02 1.125000e+02 -5.655300e+00
    endloop
  endfacet
  facet normal -1.000000e+00 0.000000e+00 0.000000e+00
    outer loop
      vertex   -1.360000e+02 1.125000e+02 -5.655300e+00
      vertex   -1.360000e+02 1.160905e+02 -3.918331e+00
      vertex   -1.360000e+02 1.162010e+02 -4.155300e+00
    endloop
  endfacet
  facet normal -1.000000e+00 0.000000e+00 0.000000e+00
    outer loop
      vertex   -1.360000e+02 1.125000e+02 -5.655300e+00
      vertex   -1.360000e+02 1.162010e+02 -4.155300e+00
      vertex   -1.360000e+02 1.163509e+02 -4.369482e+00
    endloop
  endfacet
  facet normal -1.000000e+00 0.000000e+00 -0.000000e+00
    outer loop
      vertex   -1.360000e+02 1.163509e+02 -4.369482e+00
      vertex   -1.360000e+02 1.165358e+02 -4.554367e+00
      vertex   -1.360000e+02 1.125000e+02 -5.655300e+00
    endloop
  endfacet
  facet normal -1.000000e+00 0.000000e+00 0.000000e+00
    outer loop
      vertex   -1.360000e+02 1.125000e+02 -5.655300e+00
      vertex   -1.360000e+02 1.165358e+02 -4.554367e+00
      vertex   -1.360000e+02 1.167500e+02 -4.704339e+00
    endloop
  endfacet
  facet normal -1.000000e+00 0.000000e+00 0.000000e+00
    outer loop
      vertex   -1.360000e+02 1.125000e+02 -5.655300e+00
      vertex   -1.360000e+02 1.167500e+02 -4.704339e+00
      vertex   -1.360000e+02 1.169870e+02 -4.814839e+00
    endloop
  endfacet
  facet normal -1.000000e+00 0.000000e+00 -0.000000e+00
    outer loop
      vertex   -1.360000e+02 1.169870e+02 -4.814839e+00
      vertex   -1.360000e+02 1.172395e+02 -4.882512e+00
      vertex   -1.360000e+02 1.125000e+02 -5.655300e+00
    endloop
  endfacet
  facet normal -1.000000e+00 0.000000e+00 0.000000e+00
    outer loop
      vertex   -1.360000e+02 1.125000e+02 -5.655300e+00
      vertex   -1.360000e+02 1.172395e+02 -4.882512e+00
      vertex   -1.360000e+02 1.175000e+02 -4.905300e+00
    endloop
  endfacet
  facet normal -1.000000e+00 0.000000e+00 0.000000e+00
    outer loop
      vertex   -1.360000e+02 1.125000e+02 -5.655300e+00
      vertex   -1.360000e+02 1.175000e+02 -4.905300e+00
      vertex   -1.360000e+02 1.240000e+02 -4.905300e+00
    endloop
  endfacet
  facet normal -1.000000e+00 0.000000e+00 0.000000e+00
    outer loop
      vertex   -1.360000e+02 1.245130e+02 -4.814839e+00
      vertex   -1.360000e+02 1.247500e+02 -4.704339e+00
      vertex   -1.360000e+02 1.290000e+02 -5.655300e+00
    endloop
  endfacet
  facet normal -1.000000e+00 0.000000e+00 0.000000e+00
    outer loop
      vertex   -1.360000e+02 1.290000e+02 -5.655300e+00
      vertex   -1.360000e+02 1.247500e+02 -4.704339e+00
      vertex   -1.360000e+02 1.249642e+02 -4.554367e+00
    endloop
  endfacet
  facet normal -1.000000e+00 0.000000e+00 0.000000e+00
    outer loop
      vertex   -1.360000e+02 1.290000e+02 -5.655300e+00
      vertex   -1.360000e+02 1.249642e+02 -4.554367e+00
      vertex   -1.360000e+02 1.251491e+02 -4.369482e+00
    endloop
  endfacet
  facet normal -1.000000e+00 0.000000e+00 0.000000e+00
    outer loop
      vertex   -1.360000e+02 1.251491e+02 -4.369482e+00
      vertex   -1.360000e+02 1.252990e+02 -4.155300e+00
      vertex   -1.360000e+02 1.290000e+02 -5.655300e+00
    endloop
  endfacet
  facet normal -1.000000e+00 0.000000e+00 0.000000e+00
    outer loop
      vertex   -1.360000e+02 1.290000e+02 -5.655300e+00
      vertex   -1.360000e+02 1.252990e+02 -4.155300e+00
      vertex   -1.360000e+02 1.254095e+02 -3.918331e+00
    endloop
  endfacet
  facet normal -1.000000e+00 0.000000e+00 0.000000e+00
    outer loop
      vertex   -1.360000e+02 1.290000e+02 -5.655300e+00
      vertex   -1.360000e+02 1.254095e+02 -3.918331e+00
      vertex   -1.360000e+02 1.254772e+02 -3.665773e+00
    endloop
  endfacet
  facet normal -1.000000e+00 0.000000e+00 0.000000e+00
    outer loop
      vertex   -1.360000e+02 1.254772e+02 -3.665773e+00
      vertex   -1.360000e+02 1.255000e+02 -3.405300e+00
      vertex   -1.360000e+02 1.290000e+02 -5.655300e+00
    endloop
  endfacet
  facet normal -1.000000e+00 0.000000e+00 0.000000e+00
    outer loop
      vertex   -1.360000e+02 1.290000e+02 -5.655300e+00
      vertex   -1.360000e+02 1.255000e+02 -3.405300e+00
      vertex   -1.360000e+02 1.255000e+02 -2.405300e+00
    endloop
  endfacet
  facet normal -1.000000e+00 0.000000e+00 0.000000e+00
    outer loop
      vertex   -1.360000e+02 1.254095e+02 -1.892270e+00
      vertex   -1.360000e+02 1.252990e+02 -1.655300e+00
      vertex   -1.360000e+02 1.290000e+02 9.469957e-02
    endloop
  endfacet
  facet normal -1.000000e+00 0.000000e+00 0.000000e+00
    outer loop
      vertex   -1.360000e+02 1.290000e+02 9.469957e-02
      vertex   -1.360000e+02 1.252990e+02 -1.655300e+00
      vertex   -1.360000e+02 1.251491e+02 -1.441119e+00
    endloop
  endfacet
  facet normal -1.000000e+00 0.000000e+00 0.000000e+00
    outer loop
      vertex   -1.360000e+02 1.290000e+02 9.469957e-02
      vertex   -1.360000e+02 1.251491e+02 -1.441119e+00
      vertex   -1.360000e+02 1.249642e+02 -1.256234e+00
    endloop
  endfacet
  facet normal -1.000000e+00 0.000000e+00 0.000000e+00
    outer loop
      vertex   -1.360000e+02 1.249642e+02 -1.256234e+00
      vertex   -1.360000e+02 1.247500e+02 -1.106262e+00
      vertex   -1.360000e+02 1.290000e+02 9.469957e-02
    endloop
  endfacet
  facet normal -1.000000e+00 0.000000e+00 0.000000e+00
    outer loop
      vertex   -1.360000e+02 1.290000e+02 9.469957e-02
      vertex   -1.360000e+02 1.247500e+02 -1.106262e+00
      vertex   -1.360000e+02 1.245130e+02 -9.957615e-01
    endloop
  endfacet
  facet normal -1.000000e+00 0.000000e+00 0.000000e+00
    outer loop
      vertex   -1.360000e+02 1.290000e+02 9.469957e-02
      vertex   -1.360000e+02 1.245130e+02 -9.957615e-01
      vertex   -1.360000e+02 1.242605e+02 -9.280888e-01
    endloop
  endfacet
  facet normal -1.305193e-01 1.027209e-02 -9.913926e-01
    outer loop
      vertex   -1.357500e+02 1.290000e+02 -5.905300e+00
      vertex   -1.358147e+02 1.290000e+02 -5.896782e+00
      vertex   -1.357285e+02 1.292738e+02 -5.905300e+00
    endloop
  endfacet
  facet normal -1.305193e-01 1.027209e-02 -9.913926e-01
    outer loop
      vertex   -1.357285e+02 1.292738e+02 -5.905300e+00
      vertex   -1.358147e+02 1.290000e+02 -5.896782e+00
      vertex   -1.357924e+02 1.292839e+02 -5.896782e+00
    endloop
  endfacet
  facet normal -1.273055e-01 3.056334e-02 -9.913926e-01
    outer loop
      vertex   -1.357285e+02 1.292738e+02 -5.905300e+00
      vertex   -1.357924e+02 1.292839e+02 -5.896782e+00
      vertex   -1.356644e+02 1.295408e+02 -5.905300e+00
    endloop
  endfacet
  facet normal -1.273055e-01 3.056334e-02 -9.913926e-01
    outer loop
      vertex   -1.356644e+02 1.295408e+02 -5.905300e+00
      vertex   -1.357924e+02 1.292839e+02 -5.896782e+00
      vertex   -1.357259e+02 1.295608e+02 -5.896782e+00
    endloop
  endfacet
  facet normal -1.209570e-01 5.010202e-02 -9.913926e-01
    outer loop
      vertex   -1.356644e+02 1.295408e+02 -5.905300e+00
      vertex   -1.357259e+02 1.295608e+02 -5.896782e+00
      vertex   -1.355593e+02 1.297945e+02 -5.905300e+00
    endloop
  endfacet
  facet normal -1.209570e-01 5.010202e-02 -9.913926e-01
    outer loop
      vertex   -1.355593e+02 1.297945e+02 -5.905300e+00
      vertex   -1.357259e+02 1.295608e+02 -5.896782e+00
      vertex   -1.356169e+02 1.298239e+02 -5.896782e+00
    endloop
  endfacet
  facet normal -1.116301e-01 6.840703e-02 -9.913926e-01
    outer loop
      vertex   -1.355593e+02 1.297945e+02 -5.905300e+00
      vertex   -1.356169e+02 1.298239e+02 -5.896782e+00
      vertex   -1.354158e+02 1.300286e+02 -5.905300e+00
    endloop
  endfacet
  facet normal -1.116301e-01 6.840703e-02 -9.913926e-01
    outer loop
      vertex   -1.354158e+02 1.300286e+02 -5.905300e+00
      vertex   -1.356169e+02 1.298239e+02 -5.896782e+00
      vertex   -1.354681e+02 1.300667e+02 -5.896782e+00
    endloop
  endfacet
  facet normal -9.955455e-02 8.502762e-02 -9.913926e-01
    outer loop
      vertex   -1.354158e+02 1.300286e+02 -5.905300e+00
      vertex   -1.354681e+02 1.300667e+02 -5.896782e+00
      vertex   -1.352374e+02 1.302374e+02 -5.905300e+00
    endloop
  endfacet
  facet normal -9.955455e-02 8.502762e-02 -9.913926e-01
    outer loop
      vertex   -1.352374e+02 1.302374e+02 -5.905300e+00
      vertex   -1.354681e+02 1.300667e+02 -5.896782e+00
      vertex   -1.352832e+02 1.302832e+02 -5.896782e+00
    endloop
  endfacet
  facet normal -8.502762e-02 9.955455e-02 -9.913926e-01
    outer loop
      vertex   -1.352374e+02 1.302374e+02 -5.905300e+00
      vertex   -1.352832e+02 1.302832e+02 -5.896782e+00
      vertex   -1.350286e+02 1.304158e+02 -5.905300e+00
    endloop
  endfacet
  facet normal -8.502762e-02 9.955455e-02 -9.913926e-01
    outer loop
      vertex   -1.350286e+02 1.304158e+02 -5.905300e+00
      vertex   -1.352832e+02 1.302832e+02 -5.896782e+00
      vertex   -1.350667e+02 1.304681e+02 -5.896782e+00
    endloop
  endfacet
  facet normal -6.840703e-02 1.116301e-01 -9.913926e-01
    outer loop
      vertex   -1.350286e+02 1.304158e+02 -5.905300e+00
      vertex   -1.350667e+02 1.304681e+02 -5.896782e+00
      vertex   -1.347945e+02 1.305593e+02 -5.905300e+00
    endloop
  endfacet
  facet normal -6.840703e-02 1.116301e-01 -9.913926e-01
    outer loop
      vertex   -1.347945e+02 1.305593e+02 -5.905300e+00
      vertex   -1.350667e+02 1.304681e+02 -5.896782e+00
      vertex   -1.348239e+02 1.306169e+02 -5.896782e+00
    endloop
  endfacet
  facet normal -5.010202e-02 1.209570e-01 -9.913926e-01
    outer loop
      vertex   -1.347945e+02 1.305593e+02 -5.905300e+00
      vertex   -1.348239e+02 1.306169e+02 -5.896782e+00
      vertex   -1.345408e+02 1.306644e+02 -5.905300e+00
    endloop
  endfacet
  facet normal -5.010202e-02 1.209570e-01 -9.913926e-01
    outer loop
      vertex   -1.345408e+02 1.306644e+02 -5.905300e+00
      vertex   -1.348239e+02 1.306169e+02 -5.896782e+00
      vertex   -1.345608e+02 1.307259e+02 -5.896782e+00
    endloop
  endfacet
  facet normal -3.056334e-02 1.273055e-01 -9.913926e-01
    outer loop
      vertex   -1.345408e+02 1.306644e+02 -5.905300e+00
      vertex   -1.345608e+02 1.307259e+02 -5.896782e+00
      vertex   -1.342738e+02 1.307285e+02 -5.905300e+00
    endloop
  endfacet
  facet normal -3.056334e-02 1.273055e-01 -9.913926e-01
    outer loop
      vertex   -1.342738e+02 1.307285e+02 -5.905300e+00
      vertex   -1.345608e+02 1.307259e+02 -5.896782e+00
      vertex   -1.342839e+02 1.307924e+02 -5.896782e+00
    endloop
  endfacet
  facet normal -1.027209e-02 1.305193e-01 -9.913926e-01
    outer loop
      vertex   -1.342738e+02 1.307285e+02 -5.905300e+00
      vertex   -1.342839e+02 1.307924e+02 -5.896782e+00
      vertex   -1.340000e+02 1.307500e+02 -5.905300e+00
    endloop
  endfacet
  facet normal -1.027209e-02 1.305193e-01 -9.913926e-01
    outer loop
      vertex   -1.340000e+02 1.307500e+02 -5.905300e+00
      vertex   -1.342839e+02 1.307924e+02 -5.896782e+00
      vertex   -1.340000e+02 1.308147e+02 -5.896782e+00
    endloop
  endfacet
  facet normal -3.010419e-02 3.825100e-01 -9.234608e-01
    outer loop
      vertex   -1.340000e+02 1.308147e+02 -5.896782e+00
      vertex   -1.342839e+02 1.307924e+02 -5.896782e+00
      vertex   -1.342933e+02 1.308519e+02 -5.871807e+00
    endloop
  endfacet
  facet normal -3.010419e-02 3.825100e-01 -9.234608e-01
    outer loop
      vertex   -1.340000e+02 1.308147e+02 -5.896782e+00
      vertex   -1.342933e+02 1.308519e+02 -5.871807e+00
      vertex   -1.340000e+02 1.308750e+02 -5.871807e+00
    endloop
  endfacet
  facet normal -4.785567e-02 6.080639e-01 -7.924444e-01
    outer loop
      vertex   -1.340000e+02 1.308750e+02 -5.871807e+00
      vertex   -1.342933e+02 1.308519e+02 -5.871807e+00
      vertex   -1.343014e+02 1.309031e+02 -5.832077e+00
    endloop
  endfacet
  facet normal -4.785567e-02 6.080639e-01 -7.924444e-01
    outer loop
      vertex   -1.340000e+02 1.308750e+02 -5.871807e+00
      vertex   -1.343014e+02 1.309031e+02 -5.832077e+00
      vertex   -1.340000e+02 1.309268e+02 -5.832077e+00
    endloop
  endfacet
  facet normal -6.231691e-02 7.918114e-01 -6.075782e-01
    outer loop
      vertex   -1.340000e+02 1.309268e+02 -5.832077e+00
      vertex   -1.343014e+02 1.309031e+02 -5.832077e+00
      vertex   -1.343076e+02 1.309423e+02 -5.780300e+00
    endloop
  endfacet
  facet normal -6.231691e-02 7.918114e-01 -6.075782e-01
    outer loop
      vertex   -1.340000e+02 1.309268e+02 -5.832077e+00
      vertex   -1.343076e+02 1.309423e+02 -5.780300e+00
      vertex   -1.340000e+02 1.309665e+02 -5.780300e+00
    endloop
  endfacet
  facet normal -7.251945e-02 9.214470e-01 -3.816758e-01
    outer loop
      vertex   -1.340000e+02 1.309665e+02 -5.780300e+00
      vertex   -1.343076e+02 1.309423e+02 -5.780300e+00
      vertex   -1.343115e+02 1.309670e+02 -5.720005e+00
    endloop
  endfacet
  facet normal -7.251945e-02 9.214470e-01 -3.816758e-01
    outer loop
      vertex   -1.340000e+02 1.309665e+02 -5.780300e+00
      vertex   -1.343115e+02 1.309670e+02 -5.720005e+00
      vertex   -1.340000e+02 1.309915e+02 -5.720005e+00
    endloop
  endfacet
  facet normal -7.779195e-02 9.884404e-01 -1.301306e-01
    outer loop
      vertex   -1.340000e+02 1.309915e+02 -5.720005e+00
      vertex   -1.343115e+02 1.309670e+02 -5.720005e+00
      vertex   -1.343129e+02 1.309754e+02 -5.655300e+00
    endloop
  endfacet
  facet normal -7.779195e-02 9.884404e-01 -1.301306e-01
    outer loop
      vertex   -1.340000e+02 1.309915e+02 -5.720005e+00
      vertex   -1.343129e+02 1.309754e+02 -5.655300e+00
      vertex   -1.340000e+02 1.310000e+02 -5.655300e+00
    endloop
  endfacet
  facet normal -3.825100e-01 3.010419e-02 -9.234608e-01
    outer loop
      vertex   -1.358147e+02 1.290000e+02 -5.896782e+00
      vertex   -1.358750e+02 1.290000e+02 -5.871807e+00
      vertex   -1.357924e+02 1.292839e+02 -5.896782e+00
    endloop
  endfacet
  facet normal -3.825100e-01 3.010419e-02 -9.234608e-01
    outer loop
      vertex   -1.357924e+02 1.292839e+02 -5.896782e+00
      vertex   -1.358750e+02 1.290000e+02 -5.871807e+00
      vertex   -1.358519e+02 1.292933e+02 -5.871807e+00
    endloop
  endfacet
  facet normal -3.730913e-01 8.957130e-02 -9.234608e-01
    outer loop
      vertex   -1.357924e+02 1.292839e+02 -5.896782e+00
      vertex   -1.358519e+02 1.292933e+02 -5.871807e+00
      vertex   -1.357259e+02 1.295608e+02 -5.896782e+00
    endloop
  endfacet
  facet normal -3.730913e-01 8.957130e-02 -9.234608e-01
    outer loop
      vertex   -1.357259e+02 1.295608e+02 -5.896782e+00
      vertex   -1.358519e+02 1.292933e+02 -5.871807e+00
      vertex   -1.357832e+02 1.295794e+02 -5.871807e+00
    endloop
  endfacet
  facet normal -3.544859e-01 1.468329e-01 -9.234608e-01
    outer loop
      vertex   -1.357259e+02 1.295608e+02 -5.896782e+00
      vertex   -1.357832e+02 1.295794e+02 -5.871807e+00
      vertex   -1.356169e+02 1.298239e+02 -5.896782e+00
    endloop
  endfacet
  facet normal -3.544859e-01 1.468329e-01 -9.234608e-01
    outer loop
      vertex   -1.356169e+02 1.298239e+02 -5.896782e+00
      vertex   -1.357832e+02 1.295794e+02 -5.871807e+00
      vertex   -1.356706e+02 1.298512e+02 -5.871807e+00
    endloop
  endfacet
  facet normal -3.271519e-01 2.004789e-01 -9.234608e-01
    outer loop
      vertex   -1.356169e+02 1.298239e+02 -5.896782e+00
      vertex   -1.356706e+02 1.298512e+02 -5.871807e+00
      vertex   -1.354681e+02 1.300667e+02 -5.896782e+00
    endloop
  endfacet
  facet normal -3.271519e-01 2.004789e-01 -9.234608e-01
    outer loop
      vertex   -1.354681e+02 1.300667e+02 -5.896782e+00
      vertex   -1.356706e+02 1.298512e+02 -5.871807e+00
      vertex   -1.355169e+02 1.301021e+02 -5.871807e+00
    endloop
  endfacet
  facet normal -2.917623e-01 2.491885e-01 -9.234608e-01
    outer loop
      vertex   -1.354681e+02 1.300667e+02 -5.896782e+00
      vertex   -1.355169e+02 1.301021e+02 -5.871807e+00
      vertex   -1.352832e+02 1.302832e+02 -5.896782e+00
    endloop
  endfacet
  facet normal -2.917623e-01 2.491885e-01 -9.234608e-01
    outer loop
      vertex   -1.352832e+02 1.302832e+02 -5.896782e+00
      vertex   -1.355169e+02 1.301021e+02 -5.871807e+00
      vertex   -1.353258e+02 1.303258e+02 -5.871807e+00
    endloop
  endfacet
  facet normal -2.491885e-01 2.917623e-01 -9.234608e-01
    outer loop
      vertex   -1.352832e+02 1.302832e+02 -5.896782e+00
      vertex   -1.353258e+02 1.303258e+02 -5.871807e+00
      vertex   -1.350667e+02 1.304681e+02 -5.896782e+00
    endloop
  endfacet
  facet normal -2.491885e-01 2.917623e-01 -9.234608e-01
    outer loop
      vertex   -1.350667e+02 1.304681e+02 -5.896782e+00
      vertex   -1.353258e+02 1.303258e+02 -5.871807e+00
      vertex   -1.351021e+02 1.305169e+02 -5.871807e+00
    endloop
  endfacet
  facet normal -2.004789e-01 3.271519e-01 -9.234608e-01
    outer loop
      vertex   -1.350667e+02 1.304681e+02 -5.896782e+00
      vertex   -1.351021e+02 1.305169e+02 -5.871807e+00
      vertex   -1.348239e+02 1.306169e+02 -5.896782e+00
    endloop
  endfacet
  facet normal -2.004789e-01 3.271519e-01 -9.234608e-01
    outer loop
      vertex   -1.348239e+02 1.306169e+02 -5.896782e+00
      vertex   -1.351021e+02 1.305169e+02 -5.871807e+00
      vertex   -1.348512e+02 1.306706e+02 -5.871807e+00
    endloop
  endfacet
  facet normal -1.468329e-01 3.544859e-01 -9.234608e-01
    outer loop
      vertex   -1.348239e+02 1.306169e+02 -5.896782e+00
      vertex   -1.348512e+02 1.306706e+02 -5.871807e+00
      vertex   -1.345608e+02 1.307259e+02 -5.896782e+00
    endloop
  endfacet
  facet normal -1.468329e-01 3.544859e-01 -9.234608e-01
    outer loop
      vertex   -1.345608e+02 1.307259e+02 -5.896782e+00
      vertex   -1.348512e+02 1.306706e+02 -5.871807e+00
      vertex   -1.345794e+02 1.307832e+02 -5.871807e+00
    endloop
  endfacet
  facet normal -8.957130e-02 3.730913e-01 -9.234608e-01
    outer loop
      vertex   -1.345608e+02 1.307259e+02 -5.896782e+00
      vertex   -1.345794e+02 1.307832e+02 -5.871807e+00
      vertex   -1.342839e+02 1.307924e+02 -5.896782e+00
    endloop
  endfacet
  facet normal -8.957130e-02 3.730913e-01 -9.234608e-01
    outer loop
      vertex   -1.342839e+02 1.307924e+02 -5.896782e+00
      vertex   -1.345794e+02 1.307832e+02 -5.871807e+00
      vertex   -1.342933e+02 1.308519e+02 -5.871807e+00
    endloop
  endfacet
  facet normal -6.080639e-01 4.785567e-02 -7.924444e-01
    outer loop
      vertex   -1.358750e+02 1.290000e+02 -5.871807e+00
      vertex   -1.359268e+02 1.290000e+02 -5.832077e+00
      vertex   -1.358519e+02 1.292933e+02 -5.871807e+00
    endloop
  endfacet
  facet normal -6.080639e-01 4.785567e-02 -7.924444e-01
    outer loop
      vertex   -1.358519e+02 1.292933e+02 -5.871807e+00
      vertex   -1.359268e+02 1.290000e+02 -5.832077e+00
      vertex   -1.359031e+02 1.293014e+02 -5.832077e+00
    endloop
  endfacet
  facet normal -5.930914e-01 1.423886e-01 -7.924444e-01
    outer loop
      vertex   -1.358519e+02 1.292933e+02 -5.871807e+00
      vertex   -1.359031e+02 1.293014e+02 -5.832077e+00
      vertex   -1.357832e+02 1.295794e+02 -5.871807e+00
    endloop
  endfacet
  facet normal -5.930914e-01 1.423886e-01 -7.924444e-01
    outer loop
      vertex   -1.357832e+02 1.295794e+02 -5.871807e+00
      vertex   -1.359031e+02 1.293014e+02 -5.832077e+00
      vertex   -1.358325e+02 1.295954e+02 -5.832077e+00
    endloop
  endfacet
  facet normal -5.635150e-01 2.334155e-01 -7.924444e-01
    outer loop
      vertex   -1.357832e+02 1.295794e+02 -5.871807e+00
      vertex   -1.358325e+02 1.295954e+02 -5.832077e+00
      vertex   -1.356706e+02 1.298512e+02 -5.871807e+00
    endloop
  endfacet
  facet normal -5.635150e-01 2.334155e-01 -7.924444e-01
    outer loop
      vertex   -1.356706e+02 1.298512e+02 -5.871807e+00
      vertex   -1.358325e+02 1.295954e+02 -5.832077e+00
      vertex   -1.357168e+02 1.298747e+02 -5.832077e+00
    endloop
  endfacet
  facet normal -5.200629e-01 3.186950e-01 -7.924444e-01
    outer loop
      vertex   -1.356706e+02 1.298512e+02 -5.871807e+00
      vertex   -1.357168e+02 1.298747e+02 -5.832077e+00
      vertex   -1.355169e+02 1.301021e+02 -5.871807e+00
    endloop
  endfacet
  facet normal -5.200629e-01 3.186950e-01 -7.924444e-01
    outer loop
      vertex   -1.355169e+02 1.301021e+02 -5.871807e+00
      vertex   -1.357168e+02 1.298747e+02 -5.832077e+00
      vertex   -1.355588e+02 1.301325e+02 -5.832077e+00
    endloop
  endfacet
  facet normal -4.638052e-01 3.961271e-01 -7.924444e-01
    outer loop
      vertex   -1.355169e+02 1.301021e+02 -5.871807e+00
      vertex   -1.355588e+02 1.301325e+02 -5.832077e+00
      vertex   -1.353258e+02 1.303258e+02 -5.871807e+00
    endloop
  endfacet
  facet normal -4.638052e-01 3.961271e-01 -7.924444e-01
    outer loop
      vertex   -1.353258e+02 1.303258e+02 -5.871807e+00
      vertex   -1.355588e+02 1.301325e+02 -5.832077e+00
      vertex   -1.353624e+02 1.303624e+02 -5.832077e+00
    endloop
  endfacet
  facet normal -3.961271e-01 4.638052e-01 -7.924444e-01
    outer loop
      vertex   -1.353258e+02 1.303258e+02 -5.871807e+00
      vertex   -1.353624e+02 1.303624e+02 -5.832077e+00
      vertex   -1.351021e+02 1.305169e+02 -5.871807e+00
    endloop
  endfacet
  facet normal -3.961271e-01 4.638052e-01 -7.924444e-01
    outer loop
      vertex   -1.351021e+02 1.305169e+02 -5.871807e+00
      vertex   -1.353624e+02 1.303624e+02 -5.832077e+00
      vertex   -1.351325e+02 1.305588e+02 -5.832077e+00
    endloop
  endfacet
  facet normal -3.186950e-01 5.200629e-01 -7.924444e-01
    outer loop
      vertex   -1.351021e+02 1.305169e+02 -5.871807e+00
      vertex   -1.351325e+02 1.305588e+02 -5.832077e+00
      vertex   -1.348512e+02 1.306706e+02 -5.871807e+00
    endloop
  endfacet
  facet normal -3.186950e-01 5.200629e-01 -7.924444e-01
    outer loop
      vertex   -1.348512e+02 1.306706e+02 -5.871807e+00
      vertex   -1.351325e+02 1.305588e+02 -5.832077e+00
      vertex   -1.348747e+02 1.307168e+02 -5.832077e+00
    endloop
  endfacet
  facet normal -2.334155e-01 5.635150e-01 -7.924444e-01
    outer loop
      vertex   -1.348512e+02 1.306706e+02 -5.871807e+00
      vertex   -1.348747e+02 1.307168e+02 -5.832077e+00
      vertex   -1.345794e+02 1.307832e+02 -5.871807e+00
    endloop
  endfacet
  facet normal -2.334155e-01 5.635150e-01 -7.924444e-01
    outer loop
      vertex   -1.345794e+02 1.307832e+02 -5.871807e+00
      vertex   -1.348747e+02 1.307168e+02 -5.832077e+00
      vertex   -1.345954e+02 1.308325e+02 -5.832077e+00
    endloop
  endfacet
  facet normal -1.423886e-01 5.930914e-01 -7.924444e-01
    outer loop
      vertex   -1.345794e+02 1.307832e+02 -5.871807e+00
      vertex   -1.345954e+02 1.308325e+02 -5.832077e+00
      vertex   -1.342933e+02 1.308519e+02 -5.871807e+00
    endloop
  endfacet
  facet normal -1.423886e-01 5.930914e-01 -7.924444e-01
    outer loop
      vertex   -1.342933e+02 1.308519e+02 -5.871807e+00
      vertex   -1.345954e+02 1.308325e+02 -5.832077e+00
      vertex   -1.343014e+02 1.309031e+02 -5.832077e+00
    endloop
  endfacet
  facet normal -7.918114e-01 6.231691e-02 -6.075782e-01
    outer loop
      vertex   -1.359268e+02 1.290000e+02 -5.832077e+00
      vertex   -1.359665e+02 1.290000e+02 -5.780300e+00
      vertex   -1.359031e+02 1.293014e+02 -5.832077e+00
    endloop
  endfacet
  facet normal -7.918114e-01 6.231691e-02 -6.075782e-01
    outer loop
      vertex   -1.359031e+02 1.293014e+02 -5.832077e+00
      vertex   -1.359665e+02 1.290000e+02 -5.780300e+00
      vertex   -1.359423e+02 1.293076e+02 -5.780300e+00
    endloop
  endfacet
  facet normal -7.723144e-01 1.854163e-01 -6.075782e-01
    outer loop
      vertex   -1.359031e+02 1.293014e+02 -5.832077e+00
      vertex   -1.359423e+02 1.293076e+02 -5.780300e+00
      vertex   -1.358325e+02 1.295954e+02 -5.832077e+00
    endloop
  endfacet
  facet normal -7.723144e-01 1.854163e-01 -6.075782e-01
    outer loop
      vertex   -1.358325e+02 1.295954e+02 -5.832077e+00
      vertex   -1.359423e+02 1.293076e+02 -5.780300e+00
      vertex   -1.358703e+02 1.296077e+02 -5.780300e+00
    endloop
  endfacet
  facet normal -7.338004e-01 3.039501e-01 -6.075782e-01
    outer loop
      vertex   -1.358325e+02 1.295954e+02 -5.832077e+00
      vertex   -1.358703e+02 1.296077e+02 -5.780300e+00
      vertex   -1.357168e+02 1.298747e+02 -5.832077e+00
    endloop
  endfacet
  facet normal -7.338004e-01 3.039501e-01 -6.075782e-01
    outer loop
      vertex   -1.357168e+02 1.298747e+02 -5.832077e+00
      vertex   -1.358703e+02 1.296077e+02 -5.780300e+00
      vertex   -1.357522e+02 1.298928e+02 -5.780300e+00
    endloop
  endfacet
  facet normal -6.772178e-01 4.149996e-01 -6.075782e-01
    outer loop
      vertex   -1.357168e+02 1.298747e+02 -5.832077e+00
      vertex   -1.357522e+02 1.298928e+02 -5.780300e+00
      vertex   -1.355588e+02 1.301325e+02 -5.832077e+00
    endloop
  endfacet
  facet normal -6.772178e-01 4.149996e-01 -6.075782e-01
    outer loop
      vertex   -1.355588e+02 1.301325e+02 -5.832077e+00
      vertex   -1.357522e+02 1.298928e+02 -5.780300e+00
      vertex   -1.355909e+02 1.301559e+02 -5.780300e+00
    endloop
  endfacet
  facet normal -6.039599e-01 5.158305e-01 -6.075782e-01
    outer loop
      vertex   -1.355588e+02 1.301325e+02 -5.832077e+00
      vertex   -1.355909e+02 1.301559e+02 -5.780300e+00
      vertex   -1.353624e+02 1.303624e+02 -5.832077e+00
    endloop
  endfacet
  facet normal -6.039599e-01 5.158305e-01 -6.075782e-01
    outer loop
      vertex   -1.353624e+02 1.303624e+02 -5.832077e+00
      vertex   -1.355909e+02 1.301559e+02 -5.780300e+00
      vertex   -1.353905e+02 1.303905e+02 -5.780300e+00
    endloop
  endfacet
  facet normal -5.158305e-01 6.039599e-01 -6.075782e-01
    outer loop
      vertex   -1.353624e+02 1.303624e+02 -5.832077e+00
      vertex   -1.353905e+02 1.303905e+02 -5.780300e+00
      vertex   -1.351325e+02 1.305588e+02 -5.832077e+00
    endloop
  endfacet
  facet normal -5.158305e-01 6.039599e-01 -6.075782e-01
    outer loop
      vertex   -1.351325e+02 1.305588e+02 -5.832077e+00
      vertex   -1.353905e+02 1.303905e+02 -5.780300e+00
      vertex   -1.351559e+02 1.305909e+02 -5.780300e+00
    endloop
  endfacet
  facet normal -4.149996e-01 6.772178e-01 -6.075782e-01
    outer loop
      vertex   -1.351325e+02 1.305588e+02 -5.832077e+00
      vertex   -1.351559e+02 1.305909e+02 -5.780300e+00
      vertex   -1.348747e+02 1.307168e+02 -5.832077e+00
    endloop
  endfacet
  facet normal -4.149996e-01 6.772178e-01 -6.075782e-01
    outer loop
      vertex   -1.348747e+02 1.307168e+02 -5.832077e+00
      vertex   -1.351559e+02 1.305909e+02 -5.780300e+00
      vertex   -1.348928e+02 1.307522e+02 -5.780300e+00
    endloop
  endfacet
  facet normal -3.039501e-01 7.338004e-01 -6.075782e-01
    outer loop
      vertex   -1.348747e+02 1.307168e+02 -5.832077e+00
      vertex   -1.348928e+02 1.307522e+02 -5.780300e+00
      vertex   -1.345954e+02 1.308325e+02 -5.832077e+00
    endloop
  endfacet
  facet normal -3.039501e-01 7.338004e-01 -6.075782e-01
    outer loop
      vertex   -1.345954e+02 1.308325e+02 -5.832077e+00
      vertex   -1.348928e+02 1.307522e+02 -5.780300e+00
      vertex   -1.346077e+02 1.308703e+02 -5.780300e+00
    endloop
  endfacet
  facet normal -1.854163e-01 7.723144e-01 -6.075782e-01
    outer loop
      vertex   -1.345954e+02 1.308325e+02 -5.832077e+00
      vertex   -1.346077e+02 1.308703e+02 -5.780300e+00
      vertex   -1.343014e+02 1.309031e+02 -5.832077e+00
    endloop
  endfacet
  facet normal -1.854163e-01 7.723144e-01 -6.075782e-01
    outer loop
      vertex   -1.343014e+02 1.309031e+02 -5.832077e+00
      vertex   -1.346077e+02 1.308703e+02 -5.780300e+00
      vertex   -1.343076e+02 1.309423e+02 -5.780300e+00
    endloop
  endfacet
  facet normal -9.214470e-01 7.251945e-02 -3.816758e-01
    outer loop
      vertex   -1.359665e+02 1.290000e+02 -5.780300e+00
      vertex   -1.359915e+02 1.290000e+02 -5.720005e+00
      vertex   -1.359423e+02 1.293076e+02 -5.780300e+00
    endloop
  endfacet
  facet normal -9.214470e-01 7.251945e-02 -3.816758e-01
    outer loop
      vertex   -1.359423e+02 1.293076e+02 -5.780300e+00
      vertex   -1.359915e+02 1.290000e+02 -5.720005e+00
      vertex   -1.359670e+02 1.293115e+02 -5.720005e+00
    endloop
  endfacet
  facet normal -8.987579e-01 2.157727e-01 -3.816758e-01
    outer loop
      vertex   -1.359423e+02 1.293076e+02 -5.780300e+00
      vertex   -1.359670e+02 1.293115e+02 -5.720005e+00
      vertex   -1.358703e+02 1.296077e+02 -5.780300e+00
    endloop
  endfacet
  facet normal -8.987579e-01 2.157727e-01 -3.816758e-01
    outer loop
      vertex   -1.358703e+02 1.296077e+02 -5.780300e+00
      vertex   -1.359670e+02 1.293115e+02 -5.720005e+00
      vertex   -1.358940e+02 1.296154e+02 -5.720005e+00
    endloop
  endfacet
  facet normal -8.539384e-01 3.537129e-01 -3.816758e-01
    outer loop
      vertex   -1.358703e+02 1.296077e+02 -5.780300e+00
      vertex   -1.358940e+02 1.296154e+02 -5.720005e+00
      vertex   -1.357522e+02 1.298928e+02 -5.780300e+00
    endloop
  endfacet
  facet normal -8.539384e-01 3.537129e-01 -3.816758e-01
    outer loop
      vertex   -1.357522e+02 1.298928e+02 -5.780300e+00
      vertex   -1.358940e+02 1.296154e+02 -5.720005e+00
      vertex   -1.357744e+02 1.299041e+02 -5.720005e+00
    endloop
  endfacet
  facet normal -7.880921e-01 4.829435e-01 -3.816758e-01
    outer loop
      vertex   -1.357522e+02 1.298928e+02 -5.780300e+00
      vertex   -1.357744e+02 1.299041e+02 -5.720005e+00
      vertex   -1.355909e+02 1.301559e+02 -5.780300e+00
    endloop
  endfacet
  facet normal -7.880921e-01 4.829435e-01 -3.816758e-01
    outer loop
      vertex   -1.355909e+02 1.301559e+02 -5.780300e+00
      vertex   -1.357744e+02 1.299041e+02 -5.720005e+00
      vertex   -1.356111e+02 1.301706e+02 -5.720005e+00
    endloop
  endfacet
  facet normal -7.028404e-01 6.002824e-01 -3.816758e-01
    outer loop
      vertex   -1.355909e+02 1.301559e+02 -5.780300e+00
      vertex   -1.356111e+02 1.301706e+02 -5.720005e+00
      vertex   -1.353905e+02 1.303905e+02 -5.780300e+00
    endloop
  endfacet
  facet normal -7.028404e-01 6.002824e-01 -3.816758e-01
    outer loop
      vertex   -1.353905e+02 1.303905e+02 -5.780300e+00
      vertex   -1.356111e+02 1.301706e+02 -5.720005e+00
      vertex   -1.354082e+02 1.304082e+02 -5.720005e+00
    endloop
  endfacet
  facet normal -6.002824e-01 7.028404e-01 -3.816758e-01
    outer loop
      vertex   -1.353905e+02 1.303905e+02 -5.780300e+00
      vertex   -1.354082e+02 1.304082e+02 -5.720005e+00
      vertex   -1.351559e+02 1.305909e+02 -5.780300e+00
    endloop
  endfacet
  facet normal -6.002824e-01 7.028404e-01 -3.816758e-01
    outer loop
      vertex   -1.351559e+02 1.305909e+02 -5.780300e+00
      vertex   -1.354082e+02 1.304082e+02 -5.720005e+00
      vertex   -1.351706e+02 1.306111e+02 -5.720005e+00
    endloop
  endfacet
  facet normal -4.829435e-01 7.880921e-01 -3.816758e-01
    outer loop
      vertex   -1.351559e+02 1.305909e+02 -5.780300e+00
      vertex   -1.351706e+02 1.306111e+02 -5.720005e+00
      vertex   -1.348928e+02 1.307522e+02 -5.780300e+00
    endloop
  endfacet
  facet normal -4.829435e-01 7.880921e-01 -3.816758e-01
    outer loop
      vertex   -1.348928e+02 1.307522e+02 -5.780300e+00
      vertex   -1.351706e+02 1.306111e+02 -5.720005e+00
      vertex   -1.349041e+02 1.307744e+02 -5.720005e+00
    endloop
  endfacet
  facet normal -3.537129e-01 8.539384e-01 -3.816758e-01
    outer loop
      vertex   -1.348928e+02 1.307522e+02 -5.780300e+00
      vertex   -1.349041e+02 1.307744e+02 -5.720005e+00
      vertex   -1.346077e+02 1.308703e+02 -5.780300e+00
    endloop
  endfacet
  facet normal -3.537129e-01 8.539384e-01 -3.816758e-01
    outer loop
      vertex   -1.346077e+02 1.308703e+02 -5.780300e+00
      vertex   -1.349041e+02 1.307744e+02 -5.720005e+00
      vertex   -1.346154e+02 1.308940e+02 -5.720005e+00
    endloop
  endfacet
  facet normal -2.157727e-01 8.987579e-01 -3.816758e-01
    outer loop
      vertex   -1.346077e+02 1.308703e+02 -5.780300e+00
      vertex   -1.346154e+02 1.308940e+02 -5.720005e+00
      vertex   -1.343076e+02 1.309423e+02 -5.780300e+00
    endloop
  endfacet
  facet normal -2.157727e-01 8.987579e-01 -3.816758e-01
    outer loop
      vertex   -1.343076e+02 1.309423e+02 -5.780300e+00
      vertex   -1.346154e+02 1.308940e+02 -5.720005e+00
      vertex   -1.343115e+02 1.309670e+02 -5.720005e+00
    endloop
  endfacet
  facet normal -9.884404e-01 7.779195e-02 -1.301306e-01
    outer loop
      vertex   -1.359915e+02 1.290000e+02 -5.720005e+00
      vertex   -1.360000e+02 1.290000e+02 -5.655300e+00
      vertex   -1.359670e+02 1.293115e+02 -5.720005e+00
    endloop
  endfacet
  facet normal -9.884404e-01 7.779195e-02 -1.301306e-01
    outer loop
      vertex   -1.359670e+02 1.293115e+02 -5.720005e+00
      vertex   -1.360000e+02 1.290000e+02 -5.655300e+00
      vertex   -1.359754e+02 1.293129e+02 -5.655300e+00
    endloop
  endfacet
  facet normal -9.641017e-01 2.314603e-01 -1.301306e-01
    outer loop
      vertex   -1.359670e+02 1.293115e+02 -5.720005e+00
      vertex   -1.359754e+02 1.293129e+02 -5.655300e+00
      vertex   -1.358940e+02 1.296154e+02 -5.720005e+00
    endloop
  endfacet
  facet normal -9.641017e-01 2.314603e-01 -1.301306e-01
    outer loop
      vertex   -1.358940e+02 1.296154e+02 -5.720005e+00
      vertex   -1.359754e+02 1.293129e+02 -5.655300e+00
      vertex   -1.359021e+02 1.296180e+02 -5.655300e+00
    endloop
  endfacet
  facet normal -9.160237e-01 3.794294e-01 -1.301306e-01
    outer loop
      vertex   -1.358940e+02 1.296154e+02 -5.720005e+00
      vertex   -1.359021e+02 1.296180e+02 -5.655300e+00
      vertex   -1.357744e+02 1.299041e+02 -5.720005e+00
    endloop
  endfacet
  facet normal -9.160237e-01 3.794294e-01 -1.301306e-01
    outer loop
      vertex   -1.357744e+02 1.299041e+02 -5.720005e+00
      vertex   -1.359021e+02 1.296180e+02 -5.655300e+00
      vertex   -1.357820e+02 1.299080e+02 -5.655300e+00
    endloop
  endfacet
  facet normal -8.453900e-01 5.180557e-01 -1.301306e-01
    outer loop
      vertex   -1.357744e+02 1.299041e+02 -5.720005e+00
      vertex   -1.357820e+02 1.299080e+02 -5.655300e+00
      vertex   -1.356111e+02 1.301706e+02 -5.720005e+00
    endloop
  endfacet
  facet normal -8.453900e-01 5.180557e-01 -1.301306e-01
    outer loop
      vertex   -1.356111e+02 1.301706e+02 -5.720005e+00
      vertex   -1.357820e+02 1.299080e+02 -5.655300e+00
      vertex   -1.356180e+02 1.301756e+02 -5.655300e+00
    endloop
  endfacet
  facet normal -7.539401e-01 6.439257e-01 -1.301306e-01
    outer loop
      vertex   -1.356111e+02 1.301706e+02 -5.720005e+00
      vertex   -1.356180e+02 1.301756e+02 -5.655300e+00
      vertex   -1.354082e+02 1.304082e+02 -5.720005e+00
    endloop
  endfacet
  facet normal -7.539401e-01 6.439257e-01 -1.301306e-01
    outer loop
      vertex   -1.354082e+02 1.304082e+02 -5.720005e+00
      vertex   -1.356180e+02 1.301756e+02 -5.655300e+00
      vertex   -1.354142e+02 1.304142e+02 -5.655300e+00
    endloop
  endfacet
  facet normal -6.439257e-01 7.539401e-01 -1.301306e-01
    outer loop
      vertex   -1.354082e+02 1.304082e+02 -5.720005e+00
      vertex   -1.354142e+02 1.304142e+02 -5.655300e+00
      vertex   -1.351706e+02 1.306111e+02 -5.720005e+00
    endloop
  endfacet
  facet normal -6.439257e-01 7.539401e-01 -1.301306e-01
    outer loop
      vertex   -1.351706e+02 1.306111e+02 -5.720005e+00
      vertex   -1.354142e+02 1.304142e+02 -5.655300e+00
      vertex   -1.351756e+02 1.306180e+02 -5.655300e+00
    endloop
  endfacet
  facet normal -5.180557e-01 8.453900e-01 -1.301306e-01
    outer loop
      vertex   -1.351706e+02 1.306111e+02 -5.720005e+00
      vertex   -1.351756e+02 1.306180e+02 -5.655300e+00
      vertex   -1.349041e+02 1.307744e+02 -5.720005e+00
    endloop
  endfacet
  facet normal -5.180557e-01 8.453900e-01 -1.301306e-01
    outer loop
      vertex   -1.349041e+02 1.307744e+02 -5.720005e+00
      vertex   -1.351756e+02 1.306180e+02 -5.655300e+00
      vertex   -1.349080e+02 1.307820e+02 -5.655300e+00
    endloop
  endfacet
  facet normal -3.794294e-01 9.160237e-01 -1.301306e-01
    outer loop
      vertex   -1.349041e+02 1.307744e+02 -5.720005e+00
      vertex   -1.349080e+02 1.307820e+02 -5.655300e+00
      vertex   -1.346154e+02 1.308940e+02 -5.720005e+00
    endloop
  endfacet
  facet normal -3.794294e-01 9.160237e-01 -1.301306e-01
    outer loop
      vertex   -1.346154e+02 1.308940e+02 -5.720005e+00
      vertex   -1.349080e+02 1.307820e+02 -5.655300e+00
      vertex   -1.346180e+02 1.309021e+02 -5.655300e+00
    endloop
  endfacet
  facet normal -2.314603e-01 9.641017e-01 -1.301306e-01
    outer loop
      vertex   -1.346154e+02 1.308940e+02 -5.720005e+00
      vertex   -1.346180e+02 1.309021e+02 -5.655300e+00
      vertex   -1.343115e+02 1.309670e+02 -5.720005e+00
    endloop
  endfacet
  facet normal -2.314603e-01 9.641017e-01 -1.301306e-01
    outer loop
      vertex   -1.343115e+02 1.309670e+02 -5.720005e+00
      vertex   -1.346180e+02 1.309021e+02 -5.655300e+00
      vertex   -1.343129e+02 1.309754e+02 -5.655300e+00
    endloop
  endfacet
  facet normal 0.000000e+00 1.305262e-01 -9.914449e-01
    outer loop
      vertex   -1.340000e+02 1.308147e+02 -5.896782e+00
      vertex   -1.326304e+02 1.308147e+02 -5.896782e+00
      vertex   -1.340000e+02 1.307500e+02 -5.905300e+00
    endloop
  endfacet
  facet normal 3.548121e-19 1.305262e-01 -9.914449e-01
    outer loop
      vertex   -1.340000e+02 1.307500e+02 -5.905300e+00
      vertex   -1.326304e+02 1.308147e+02 -5.896782e+00
      vertex   -1.312609e+02 1.308147e+02 -5.896782e+00
    endloop
  endfacet
  facet normal 3.548121e-19 1.305262e-01 -9.914449e-01
    outer loop
      vertex   -1.340000e+02 1.307500e+02 -5.905300e+00
      vertex   -1.312609e+02 1.308147e+02 -5.896782e+00
      vertex   -1.298913e+02 1.308147e+02 -5.896782e+00
    endloop
  endfacet
  facet normal 0.000000e+00 3.826834e-01 -9.238795e-01
    outer loop
      vertex   -1.298913e+02 1.308147e+02 -5.896782e+00
      vertex   -1.312609e+02 1.308147e+02 -5.896782e+00
      vertex   -1.298913e+02 1.308750e+02 -5.871807e+00
    endloop
  endfacet
  facet normal -1.086474e-18 3.826834e-01 -9.238795e-01
    outer loop
      vertex   -1.298913e+02 1.308147e+02 -5.896782e+00
      vertex   -1.298913e+02 1.308750e+02 -5.871807e+00
      vertex   -1.285217e+02 1.308750e+02 -5.871807e+00
    endloop
  endfacet
  facet normal 0.000000e+00 6.087614e-01 -7.933533e-01
    outer loop
      vertex   -1.285217e+02 1.308750e+02 -5.871807e+00
      vertex   -1.298913e+02 1.308750e+02 -5.871807e+00
      vertex   -1.285217e+02 1.309268e+02 -5.832077e+00
    endloop
  endfacet
  facet normal -2.425125e-18 6.087614e-01 -7.933533e-01
    outer loop
      vertex   -1.285217e+02 1.308750e+02 -5.871807e+00
      vertex   -1.285217e+02 1.309268e+02 -5.832077e+00
      vertex   -1.271522e+02 1.309268e+02 -5.832077e+00
    endloop
  endfacet
  facet normal 0.000000e+00 7.933533e-01 -6.087614e-01
    outer loop
      vertex   -1.271522e+02 1.309268e+02 -5.832077e+00
      vertex   -1.285217e+02 1.309268e+02 -5.832077e+00
      vertex   -1.271522e+02 1.309665e+02 -5.780300e+00
    endloop
  endfacet
  facet normal 1.113413e-18 7.933533e-01 -6.087614e-01
    outer loop
      vertex   -1.271522e+02 1.309268e+02 -5.832077e+00
      vertex   -1.271522e+02 1.309665e+02 -5.780300e+00
      vertex   -1.257826e+02 1.309665e+02 -5.780300e+00
    endloop
  endfacet
  facet normal 0.000000e+00 9.238795e-01 -3.826834e-01
    outer loop
      vertex   -1.257826e+02 1.309665e+02 -5.780300e+00
      vertex   -1.271522e+02 1.309665e+02 -5.780300e+00
      vertex   -1.257826e+02 1.309915e+02 -5.720005e+00
    endloop
  endfacet
  facet normal 3.377699e-19 9.238795e-01 -3.826834e-01
    outer loop
      vertex   -1.257826e+02 1.309665e+02 -5.780300e+00
      vertex   -1.257826e+02 1.309915e+02 -5.720005e+00
      vertex   -1.244130e+02 1.309915e+02 -5.720005e+00
    endloop
  endfacet
  facet normal 0.000000e+00 9.914449e-01 -1.305262e-01
    outer loop
      vertex   -1.244130e+02 1.309915e+02 -5.720005e+00
      vertex   -1.257826e+02 1.309915e+02 -5.720005e+00
      vertex   -1.340000e+02 1.310000e+02 -5.655300e+00
    endloop
  endfacet
  facet normal 0.000000e+00 9.914449e-01 -1.305262e-01
    outer loop
      vertex   -1.244130e+02 1.309915e+02 -5.720005e+00
      vertex   -1.340000e+02 1.310000e+02 -5.655300e+00
      vertex   -1.230435e+02 1.309915e+02 -5.720005e+00
    endloop
  endfacet
  facet normal 0.000000e+00 9.914449e-01 -1.305262e-01
    outer loop
      vertex   -1.230435e+02 1.309915e+02 -5.720005e+00
      vertex   -1.340000e+02 1.310000e+02 -5.655300e+00
      vertex   -1.216739e+02 1.309915e+02 -5.720005e+00
    endloop
  endfacet
  facet normal 0.000000e+00 9.238795e-01 -3.826834e-01
    outer loop
      vertex   -1.230435e+02 1.309915e+02 -5.720005e+00
      vertex   -1.216739e+02 1.309915e+02 -5.720005e+00
      vertex   -1.230435e+02 1.309665e+02 -5.780300e+00
    endloop
  endfacet
  facet normal 0.000000e+00 9.238795e-01 -3.826834e-01
    outer loop
      vertex   -1.230435e+02 1.309665e+02 -5.780300e+00
      vertex   -1.216739e+02 1.309915e+02 -5.720005e+00
      vertex   -1.216739e+02 1.309665e+02 -5.780300e+00
    endloop
  endfacet
  facet normal 0.000000e+00 7.933533e-01 -6.087614e-01
    outer loop
      vertex   -1.230435e+02 1.309665e+02 -5.780300e+00
      vertex   -1.216739e+02 1.309665e+02 -5.780300e+00
      vertex   -1.230435e+02 1.309268e+02 -5.832077e+00
    endloop
  endfacet
  facet normal 0.000000e+00 7.933533e-01 -6.087614e-01
    outer loop
      vertex   -1.230435e+02 1.309268e+02 -5.832077e+00
      vertex   -1.216739e+02 1.309665e+02 -5.780300e+00
      vertex   -1.216739e+02 1.309268e+02 -5.832077e+00
    endloop
  endfacet
  facet normal 0.000000e+00 6.087614e-01 -7.933533e-01
    outer loop
      vertex   -1.230435e+02 1.309268e+02 -5.832077e+00
      vertex   -1.216739e+02 1.309268e+02 -5.832077e+00
      vertex   -1.230435e+02 1.308750e+02 -5.871807e+00
    endloop
  endfacet
  facet normal 5.144985e-16 6.087614e-01 -7.933533e-01
    outer loop
      vertex   -1.230435e+02 1.308750e+02 -5.871807e+00
      vertex   -1.216739e+02 1.309268e+02 -5.832077e+00
      vertex   -1.216739e+02 1.308750e+02 -5.871807e+00
    endloop
  endfacet
  facet normal 5.991462e-16 3.826834e-01 -9.238795e-01
    outer loop
      vertex   -1.230435e+02 1.308750e+02 -5.871807e+00
      vertex   -1.216739e+02 1.308750e+02 -5.871807e+00
      vertex   -1.230435e+02 1.308147e+02 -5.896782e+00
    endloop
  endfacet
  facet normal 0.000000e+00 3.826834e-01 -9.238795e-01
    outer loop
      vertex   -1.230435e+02 1.308147e+02 -5.896782e+00
      vertex   -1.216739e+02 1.308750e+02 -5.871807e+00
      vertex   -1.216739e+02 1.308147e+02 -5.896782e+00
    endloop
  endfacet
  facet normal 0.000000e+00 1.305262e-01 -9.914449e-01
    outer loop
      vertex   -1.230435e+02 1.308147e+02 -5.896782e+00
      vertex   -1.216739e+02 1.308147e+02 -5.896782e+00
      vertex   -1.340000e+02 1.307500e+02 -5.905300e+00
    endloop
  endfacet
  facet normal 3.548121e-19 1.305262e-01 -9.914449e-01
    outer loop
      vertex   -1.340000e+02 1.307500e+02 -5.905300e+00
      vertex   -1.216739e+02 1.308147e+02 -5.896782e+00
      vertex   -1.203043e+02 1.308147e+02 -5.896782e+00
    endloop
  endfacet
  facet normal 3.548121e-19 1.305262e-01 -9.914449e-01
    outer loop
      vertex   -1.340000e+02 1.307500e+02 -5.905300e+00
      vertex   -1.203043e+02 1.308147e+02 -5.896782e+00
      vertex   -1.189348e+02 1.308147e+02 -5.896782e+00
    endloop
  endfacet
  facet normal 0.000000e+00 3.826834e-01 -9.238795e-01
    outer loop
      vertex   -1.189348e+02 1.308147e+02 -5.896782e+00
      vertex   -1.203043e+02 1.308147e+02 -5.896782e+00
      vertex   -1.189348e+02 1.308750e+02 -5.871807e+00
    endloop
  endfacet
  facet normal 1.190555e-18 3.826834e-01 -9.238795e-01
    outer loop
      vertex   -1.189348e+02 1.308147e+02 -5.896782e+00
      vertex   -1.189348e+02 1.308750e+02 -5.871807e+00
      vertex   -1.175652e+02 1.308750e+02 -5.871807e+00
    endloop
  endfacet
  facet normal 0.000000e+00 6.087614e-01 -7.933533e-01
    outer loop
      vertex   -1.175652e+02 1.308750e+02 -5.871807e+00
      vertex   -1.189348e+02 1.308750e+02 -5.871807e+00
      vertex   -1.175652e+02 1.309268e+02 -5.832077e+00
    endloop
  endfacet
  facet normal -2.237489e-18 6.087614e-01 -7.933533e-01
    outer loop
      vertex   -1.175652e+02 1.308750e+02 -5.871807e+00
      vertex   -1.175652e+02 1.309268e+02 -5.832077e+00
      vertex   -1.161957e+02 1.309268e+02 -5.832077e+00
    endloop
  endfacet
  facet normal 0.000000e+00 7.933533e-01 -6.087614e-01
    outer loop
      vertex   -1.161957e+02 1.309268e+02 -5.832077e+00
      vertex   -1.175652e+02 1.309268e+02 -5.832077e+00
      vertex   -1.161957e+02 1.309665e+02 -5.780300e+00
    endloop
  endfacet
  facet normal -1.144408e-18 7.933533e-01 -6.087614e-01
    outer loop
      vertex   -1.161957e+02 1.309268e+02 -5.832077e+00
      vertex   -1.161957e+02 1.309665e+02 -5.780300e+00
      vertex   -1.148261e+02 1.309665e+02 -5.780300e+00
    endloop
  endfacet
  facet normal 0.000000e+00 9.238795e-01 -3.826834e-01
    outer loop
      vertex   -1.148261e+02 1.309665e+02 -5.780300e+00
      vertex   -1.161957e+02 1.309665e+02 -5.780300e+00
      vertex   -1.148261e+02 1.309915e+02 -5.720005e+00
    endloop
  endfacet
  facet normal -4.952882e-16 9.238795e-01 -3.826834e-01
    outer loop
      vertex   -1.148261e+02 1.309665e+02 -5.780300e+00
      vertex   -1.148261e+02 1.309915e+02 -5.720005e+00
      vertex   -1.134565e+02 1.309915e+02 -5.720005e+00
    endloop
  endfacet
  facet normal -1.692954e-16 9.914449e-01 -1.305262e-01
    outer loop
      vertex   -1.134565e+02 1.309915e+02 -5.720005e+00
      vertex   -1.148261e+02 1.309915e+02 -5.720005e+00
      vertex   -1.025000e+02 1.310000e+02 -5.655300e+00
    endloop
  endfacet
  facet normal 0.000000e+00 9.914449e-01 -1.305262e-01
    outer loop
      vertex   -1.134565e+02 1.309915e+02 -5.720005e+00
      vertex   -1.025000e+02 1.310000e+02 -5.655300e+00
      vertex   -1.120870e+02 1.309915e+02 -5.720005e+00
    endloop
  endfacet
  facet normal 0.000000e+00 9.914449e-01 -1.305262e-01
    outer loop
      vertex   -1.120870e+02 1.309915e+02 -5.720005e+00
      vertex   -1.025000e+02 1.310000e+02 -5.655300e+00
      vertex   -1.107174e+02 1.309915e+02 -5.720005e+00
    endloop
  endfacet
  facet normal 0.000000e+00 9.238795e-01 -3.826834e-01
    outer loop
      vertex   -1.120870e+02 1.309915e+02 -5.720005e+00
      vertex   -1.107174e+02 1.309915e+02 -5.720005e+00
      vertex   -1.120870e+02 1.309665e+02 -5.780300e+00
    endloop
  endfacet
  facet normal 0.000000e+00 9.238795e-01 -3.826834e-01
    outer loop
      vertex   -1.120870e+02 1.309665e+02 -5.780300e+00
      vertex   -1.107174e+02 1.309915e+02 -5.720005e+00
      vertex   -1.107174e+02 1.309665e+02 -5.780300e+00
    endloop
  endfacet
  facet normal 0.000000e+00 7.933533e-01 -6.087614e-01
    outer loop
      vertex   -1.120870e+02 1.309665e+02 -5.780300e+00
      vertex   -1.107174e+02 1.309665e+02 -5.780300e+00
      vertex   -1.120870e+02 1.309268e+02 -5.832077e+00
    endloop
  endfacet
  facet normal 0.000000e+00 7.933533e-01 -6.087614e-01
    outer loop
      vertex   -1.120870e+02 1.309268e+02 -5.832077e+00
      vertex   -1.107174e+02 1.309665e+02 -5.780300e+00
      vertex   -1.107174e+02 1.309268e+02 -5.832077e+00
    endloop
  endfacet
  facet normal 0.000000e+00 6.087614e-01 -7.933533e-01
    outer loop
      vertex   -1.120870e+02 1.309268e+02 -5.832077e+00
      vertex   -1.107174e+02 1.309268e+02 -5.832077e+00
      vertex   -1.120870e+02 1.308750e+02 -5.871807e+00
    endloop
  endfacet
  facet normal 0.000000e+00 6.087614e-01 -7.933533e-01
    outer loop
      vertex   -1.120870e+02 1.308750e+02 -5.871807e+00
      vertex   -1.107174e+02 1.309268e+02 -5.832077e+00
      vertex   -1.107174e+02 1.308750e+02 -5.871807e+00
    endloop
  endfacet
  facet normal 0.000000e+00 3.826834e-01 -9.238795e-01
    outer loop
      vertex   -1.120870e+02 1.308750e+02 -5.871807e+00
      vertex   -1.107174e+02 1.308750e+02 -5.871807e+00
      vertex   -1.120870e+02 1.308147e+02 -5.896782e+00
    endloop
  endfacet
  facet normal 0.000000e+00 3.826834e-01 -9.238795e-01
    outer loop
      vertex   -1.120870e+02 1.308147e+02 -5.896782e+00
      vertex   -1.107174e+02 1.308750e+02 -5.871807e+00
      vertex   -1.107174e+02 1.308147e+02 -5.896782e+00
    endloop
  endfacet
  facet normal 0.000000e+00 1.305262e-01 -9.914449e-01
    outer loop
      vertex   -1.120870e+02 1.308147e+02 -5.896782e+00
      vertex   -1.107174e+02 1.308147e+02 -5.896782e+00
      vertex   -1.025000e+02 1.307500e+02 -5.905300e+00
    endloop
  endfacet
  facet normal 2.803287e-19 1.305262e-01 -9.914449e-01
    outer loop
      vertex   -1.025000e+02 1.307500e+02 -5.905300e+00
      vertex   -1.107174e+02 1.308147e+02 -5.896782e+00
      vertex   -1.093478e+02 1.308147e+02 -5.896782e+00
    endloop
  endfacet
  facet normal 2.803287e-19 1.305262e-01 -9.914449e-01
    outer loop
      vertex   -1.025000e+02 1.307500e+02 -5.905300e+00
      vertex   -1.093478e+02 1.308147e+02 -5.896782e+00
      vertex   -1.079783e+02 1.308147e+02 -5.896782e+00
    endloop
  endfacet
  facet normal 0.000000e+00 3.826834e-01 -9.238795e-01
    outer loop
      vertex   -1.079783e+02 1.308147e+02 -5.896782e+00
      vertex   -1.093478e+02 1.308147e+02 -5.896782e+00
      vertex   -1.079783e+02 1.308750e+02 -5.871807e+00
    endloop
  endfacet
  facet normal 8.926211e-19 3.826834e-01 -9.238795e-01
    outer loop
      vertex   -1.079783e+02 1.308147e+02 -5.896782e+00
      vertex   -1.079783e+02 1.308750e+02 -5.871807e+00
      vertex   -1.066087e+02 1.308750e+02 -5.871807e+00
    endloop
  endfacet
  facet normal 0.000000e+00 6.087614e-01 -7.933533e-01
    outer loop
      vertex   -1.066087e+02 1.308750e+02 -5.871807e+00
      vertex   -1.079783e+02 1.308750e+02 -5.871807e+00
      vertex   -1.066087e+02 1.309268e+02 -5.832077e+00
    endloop
  endfacet
  facet normal -2.425125e-18 6.087614e-01 -7.933533e-01
    outer loop
      vertex   -1.066087e+02 1.308750e+02 -5.871807e+00
      vertex   -1.066087e+02 1.309268e+02 -5.832077e+00
      vertex   -1.052391e+02 1.309268e+02 -5.832077e+00
    endloop
  endfacet
  facet normal 0.000000e+00 7.933533e-01 -6.087614e-01
    outer loop
      vertex   -1.052391e+02 1.309268e+02 -5.832077e+00
      vertex   -1.066087e+02 1.309268e+02 -5.832077e+00
      vertex   -1.052391e+02 1.309665e+02 -5.780300e+00
    endloop
  endfacet
  facet normal 1.449762e-18 7.933533e-01 -6.087614e-01
    outer loop
      vertex   -1.052391e+02 1.309268e+02 -5.832077e+00
      vertex   -1.052391e+02 1.309665e+02 -5.780300e+00
      vertex   -1.038696e+02 1.309665e+02 -5.780300e+00
    endloop
  endfacet
  facet normal 0.000000e+00 9.238795e-01 -3.826834e-01
    outer loop
      vertex   -1.038696e+02 1.309665e+02 -5.780300e+00
      vertex   -1.052391e+02 1.309665e+02 -5.780300e+00
      vertex   -1.038696e+02 1.309915e+02 -5.720005e+00
    endloop
  endfacet
  facet normal -2.066062e-14 9.238795e-01 -3.826834e-01
    outer loop
      vertex   -1.038696e+02 1.309665e+02 -5.780300e+00
      vertex   -1.038696e+02 1.309915e+02 -5.720005e+00
      vertex   -1.025000e+02 1.309915e+02 -5.720005e+00
    endloop
  endfacet
  facet normal -2.108271e-14 9.914449e-01 -1.305262e-01
    outer loop
      vertex   -1.025000e+02 1.309915e+02 -5.720005e+00
      vertex   -1.038696e+02 1.309915e+02 -5.720005e+00
      vertex   -1.025000e+02 1.310000e+02 -5.655300e+00
    endloop
  endfacet
  facet normal 5.645606e-19 9.914449e-01 -1.305262e-01
    outer loop
      vertex   -1.025000e+02 1.310000e+02 -5.655300e+00
      vertex   -1.038696e+02 1.309915e+02 -5.720005e+00
      vertex   -1.052391e+02 1.309915e+02 -5.720005e+00
    endloop
  endfacet
  facet normal 5.645606e-19 9.914449e-01 -1.305262e-01
    outer loop
      vertex   -1.025000e+02 1.310000e+02 -5.655300e+00
      vertex   -1.052391e+02 1.309915e+02 -5.720005e+00
      vertex   -1.066087e+02 1.309915e+02 -5.720005e+00
    endloop
  endfacet
  facet normal 0.000000e+00 9.238795e-01 -3.826834e-01
    outer loop
      vertex   -1.066087e+02 1.309915e+02 -5.720005e+00
      vertex   -1.052391e+02 1.309915e+02 -5.720005e+00
      vertex   -1.066087e+02 1.309665e+02 -5.780300e+00
    endloop
  endfacet
  facet normal -4.952882e-16 9.238795e-01 -3.826834e-01
    outer loop
      vertex   -1.066087e+02 1.309915e+02 -5.720005e+00
      vertex   -1.066087e+02 1.309665e+02 -5.780300e+00
      vertex   -1.079783e+02 1.309665e+02 -5.780300e+00
    endloop
  endfacet
  facet normal -7.895772e-16 7.933533e-01 -6.087614e-01
    outer loop
      vertex   -1.079783e+02 1.309665e+02 -5.780300e+00
      vertex   -1.066087e+02 1.309665e+02 -5.780300e+00
      vertex   -1.079783e+02 1.309268e+02 -5.832077e+00
    endloop
  endfacet
  facet normal 3.949413e-16 7.933533e-01 -6.087614e-01
    outer loop
      vertex   -1.079783e+02 1.309665e+02 -5.780300e+00
      vertex   -1.079783e+02 1.309268e+02 -5.832077e+00
      vertex   -1.093478e+02 1.309268e+02 -5.832077e+00
    endloop
  endfacet
  facet normal 5.144985e-16 6.087614e-01 -7.933533e-01
    outer loop
      vertex   -1.093478e+02 1.309268e+02 -5.832077e+00
      vertex   -1.079783e+02 1.309268e+02 -5.832077e+00
      vertex   -1.093478e+02 1.308750e+02 -5.871807e+00
    endloop
  endfacet
  facet normal 2.239229e-18 6.087614e-01 -7.933533e-01
    outer loop
      vertex   -1.093478e+02 1.309268e+02 -5.832077e+00
      vertex   -1.093478e+02 1.308750e+02 -5.871807e+00
      vertex   -1.107174e+02 1.308750e+02 -5.871807e+00
    endloop
  endfacet
  facet normal 0.000000e+00 3.826834e-01 -9.238795e-01
    outer loop
      vertex   -1.107174e+02 1.308750e+02 -5.871807e+00
      vertex   -1.093478e+02 1.308750e+02 -5.871807e+00
      vertex   -1.107174e+02 1.308147e+02 -5.896782e+00
    endloop
  endfacet
  facet normal 0.000000e+00 3.826834e-01 -9.238795e-01
    outer loop
      vertex   -1.326304e+02 1.308147e+02 -5.896782e+00
      vertex   -1.340000e+02 1.308147e+02 -5.896782e+00
      vertex   -1.326304e+02 1.308750e+02 -5.871807e+00
    endloop
  endfacet
  facet normal 2.995731e-15 3.826834e-01 -9.238795e-01
    outer loop
      vertex   -1.326304e+02 1.308750e+02 -5.871807e+00
      vertex   -1.340000e+02 1.308147e+02 -5.896782e+00
      vertex   -1.340000e+02 1.308750e+02 -5.871807e+00
    endloop
  endfacet
  facet normal 2.572493e-15 6.087614e-01 -7.933533e-01
    outer loop
      vertex   -1.326304e+02 1.308750e+02 -5.871807e+00
      vertex   -1.340000e+02 1.308750e+02 -5.871807e+00
      vertex   -1.326304e+02 1.309268e+02 -5.832077e+00
    endloop
  endfacet
  facet normal 2.572493e-15 6.087614e-01 -7.933533e-01
    outer loop
      vertex   -1.326304e+02 1.309268e+02 -5.832077e+00
      vertex   -1.340000e+02 1.308750e+02 -5.871807e+00
      vertex   -1.340000e+02 1.309268e+02 -5.832077e+00
    endloop
  endfacet
  facet normal 1.973943e-15 7.933533e-01 -6.087614e-01
    outer loop
      vertex   -1.326304e+02 1.309268e+02 -5.832077e+00
      vertex   -1.340000e+02 1.309268e+02 -5.832077e+00
      vertex   -1.326304e+02 1.309665e+02 -5.780300e+00
    endloop
  endfacet
  facet normal 1.922747e-14 7.933533e-01 -6.087614e-01
    outer loop
      vertex   -1.326304e+02 1.309665e+02 -5.780300e+00
      vertex   -1.340000e+02 1.309268e+02 -5.832077e+00
      vertex   -1.340000e+02 1.309665e+02 -5.780300e+00
    endloop
  endfacet
  facet normal 2.090990e-14 9.238795e-01 -3.826834e-01
    outer loop
      vertex   -1.326304e+02 1.309665e+02 -5.780300e+00
      vertex   -1.340000e+02 1.309665e+02 -5.780300e+00
      vertex   -1.326304e+02 1.309915e+02 -5.720005e+00
    endloop
  endfacet
  facet normal 2.066173e-14 9.238795e-01 -3.826834e-01
    outer loop
      vertex   -1.326304e+02 1.309915e+02 -5.720005e+00
      vertex   -1.340000e+02 1.309665e+02 -5.780300e+00
      vertex   -1.340000e+02 1.309915e+02 -5.720005e+00
    endloop
  endfacet
  facet normal 2.108271e-14 9.914449e-01 -1.305262e-01
    outer loop
      vertex   -1.326304e+02 1.309915e+02 -5.720005e+00
      vertex   -1.340000e+02 1.309915e+02 -5.720005e+00
      vertex   -1.340000e+02 1.310000e+02 -5.655300e+00
    endloop
  endfacet
  facet normal 0.000000e+00 9.914449e-01 -1.305262e-01
    outer loop
      vertex   -1.025000e+02 1.310000e+02 -5.655300e+00
      vertex   -1.189348e+02 1.309915e+02 -5.720005e+00
      vertex   -1.340000e+02 1.310000e+02 -5.655300e+00
    endloop
  endfacet
  facet normal -1.241981e-19 9.914449e-01 -1.305262e-01
    outer loop
      vertex   -1.340000e+02 1.310000e+02 -5.655300e+00
      vertex   -1.189348e+02 1.309915e+02 -5.720005e+00
      vertex   -1.203043e+02 1.309915e+02 -5.720005e+00
    endloop
  endfacet
  facet normal -1.241981e-19 9.914449e-01 -1.305262e-01
    outer loop
      vertex   -1.340000e+02 1.310000e+02 -5.655300e+00
      vertex   -1.203043e+02 1.309915e+02 -5.720005e+00
      vertex   -1.216739e+02 1.309915e+02 -5.720005e+00
    endloop
  endfacet
  facet normal 0.000000e+00 9.238795e-01 -3.826834e-01
    outer loop
      vertex   -1.216739e+02 1.309915e+02 -5.720005e+00
      vertex   -1.203043e+02 1.309915e+02 -5.720005e+00
      vertex   -1.216739e+02 1.309665e+02 -5.780300e+00
    endloop
  endfacet
  facet normal -2.115795e-14 9.238795e-01 -3.826834e-01
    outer loop
      vertex   -1.025000e+02 1.309915e+02 -5.720005e+00
      vertex   -1.025000e+02 1.309665e+02 -5.780300e+00
      vertex   -1.038696e+02 1.309665e+02 -5.780300e+00
    endloop
  endfacet
  facet normal -1.962226e-14 7.933533e-01 -6.087614e-01
    outer loop
      vertex   -1.038696e+02 1.309665e+02 -5.780300e+00
      vertex   -1.025000e+02 1.309665e+02 -5.780300e+00
      vertex   -1.038696e+02 1.309268e+02 -5.832077e+00
    endloop
  endfacet
  facet normal 1.449762e-18 7.933533e-01 -6.087614e-01
    outer loop
      vertex   -1.038696e+02 1.309665e+02 -5.780300e+00
      vertex   -1.038696e+02 1.309268e+02 -5.832077e+00
      vertex   -1.052391e+02 1.309268e+02 -5.832077e+00
    endloop
  endfacet
  facet normal 0.000000e+00 6.087614e-01 -7.933533e-01
    outer loop
      vertex   -1.052391e+02 1.309268e+02 -5.832077e+00
      vertex   -1.038696e+02 1.309268e+02 -5.832077e+00
      vertex   -1.052391e+02 1.308750e+02 -5.871807e+00
    endloop
  endfacet
  facet normal 5.167378e-16 6.087614e-01 -7.933533e-01
    outer loop
      vertex   -1.052391e+02 1.309268e+02 -5.832077e+00
      vertex   -1.052391e+02 1.308750e+02 -5.871807e+00
      vertex   -1.066087e+02 1.308750e+02 -5.871807e+00
    endloop
  endfacet
  facet normal 5.991462e-16 3.826834e-01 -9.238795e-01
    outer loop
      vertex   -1.066087e+02 1.308750e+02 -5.871807e+00
      vertex   -1.052391e+02 1.308750e+02 -5.871807e+00
      vertex   -1.066087e+02 1.308147e+02 -5.896782e+00
    endloop
  endfacet
  facet normal 8.926211e-19 3.826834e-01 -9.238795e-01
    outer loop
      vertex   -1.066087e+02 1.308750e+02 -5.871807e+00
      vertex   -1.066087e+02 1.308147e+02 -5.896782e+00
      vertex   -1.079783e+02 1.308147e+02 -5.896782e+00
    endloop
  endfacet
  facet normal 0.000000e+00 1.305262e-01 -9.914449e-01
    outer loop
      vertex   -1.079783e+02 1.308147e+02 -5.896782e+00
      vertex   -1.066087e+02 1.308147e+02 -5.896782e+00
      vertex   -1.025000e+02 1.307500e+02 -5.905300e+00
    endloop
  endfacet
  facet normal -2.277831e-14 7.933533e-01 -6.087614e-01
    outer loop
      vertex   -1.025000e+02 1.309665e+02 -5.780300e+00
      vertex   -1.025000e+02 1.309268e+02 -5.832077e+00
      vertex   -1.038696e+02 1.309268e+02 -5.832077e+00
    endloop
  endfacet
  facet normal -2.086521e-14 6.087614e-01 -7.933533e-01
    outer loop
      vertex   -1.038696e+02 1.309268e+02 -5.832077e+00
      vertex   -1.025000e+02 1.309268e+02 -5.832077e+00
      vertex   -1.038696e+02 1.308750e+02 -5.871807e+00
    endloop
  endfacet
  facet normal 2.239229e-18 6.087614e-01 -7.933533e-01
    outer loop
      vertex   -1.038696e+02 1.309268e+02 -5.832077e+00
      vertex   -1.038696e+02 1.308750e+02 -5.871807e+00
      vertex   -1.052391e+02 1.308750e+02 -5.871807e+00
    endloop
  endfacet
  facet normal 0.000000e+00 3.826834e-01 -9.238795e-01
    outer loop
      vertex   -1.052391e+02 1.308750e+02 -5.871807e+00
      vertex   -1.038696e+02 1.308750e+02 -5.871807e+00
      vertex   -1.052391e+02 1.308147e+02 -5.896782e+00
    endloop
  endfacet
  facet normal 8.181378e-19 3.826834e-01 -9.238795e-01
    outer loop
      vertex   -1.052391e+02 1.308750e+02 -5.871807e+00
      vertex   -1.052391e+02 1.308147e+02 -5.896782e+00
      vertex   -1.066087e+02 1.308147e+02 -5.896782e+00
    endloop
  endfacet
  facet normal 0.000000e+00 1.305262e-01 -9.914449e-01
    outer loop
      vertex   -1.066087e+02 1.308147e+02 -5.896782e+00
      vertex   -1.052391e+02 1.308147e+02 -5.896782e+00
      vertex   -1.025000e+02 1.307500e+02 -5.905300e+00
    endloop
  endfacet
  facet normal -2.086432e-14 6.087614e-01 -7.933533e-01
    outer loop
      vertex   -1.025000e+02 1.309268e+02 -5.832077e+00
      vertex   -1.025000e+02 1.308750e+02 -5.871807e+00
      vertex   -1.038696e+02 1.308750e+02 -5.871807e+00
    endloop
  endfacet
  facet normal -1.752792e-14 3.826834e-01 -9.238795e-01
    outer loop
      vertex   -1.038696e+02 1.308750e+02 -5.871807e+00
      vertex   -1.025000e+02 1.308750e+02 -5.871807e+00
      vertex   -1.038696e+02 1.308147e+02 -5.896782e+00
    endloop
  endfacet
  facet normal 8.181378e-19 3.826834e-01 -9.238795e-01
    outer loop
      vertex   -1.038696e+02 1.308750e+02 -5.871807e+00
      vertex   -1.038696e+02 1.308147e+02 -5.896782e+00
      vertex   -1.052391e+02 1.308147e+02 -5.896782e+00
    endloop
  endfacet
  facet normal 0.000000e+00 1.305262e-01 -9.914449e-01
    outer loop
      vertex   -1.052391e+02 1.308147e+02 -5.896782e+00
      vertex   -1.038696e+02 1.308147e+02 -5.896782e+00
      vertex   -1.025000e+02 1.307500e+02 -5.905300e+00
    endloop
  endfacet
  facet normal -2.995217e-15 3.826834e-01 -9.238795e-01
    outer loop
      vertex   -1.025000e+02 1.308750e+02 -5.871807e+00
      vertex   -1.025000e+02 1.308147e+02 -5.896782e+00
      vertex   -1.038696e+02 1.308147e+02 -5.896782e+00
    endloop
  endfacet
  facet normal -3.214816e-15 1.305262e-01 -9.914449e-01
    outer loop
      vertex   -1.038696e+02 1.308147e+02 -5.896782e+00
      vertex   -1.025000e+02 1.308147e+02 -5.896782e+00
      vertex   -1.025000e+02 1.307500e+02 -5.905300e+00
    endloop
  endfacet
  facet normal 0.000000e+00 1.305262e-01 -9.914449e-01
    outer loop
      vertex   -1.340000e+02 1.307500e+02 -5.905300e+00
      vertex   -1.175652e+02 1.308147e+02 -5.896782e+00
      vertex   -1.025000e+02 1.307500e+02 -5.905300e+00
    endloop
  endfacet
  facet normal -6.426083e-16 1.305262e-01 -9.914449e-01
    outer loop
      vertex   -1.025000e+02 1.307500e+02 -5.905300e+00
      vertex   -1.175652e+02 1.308147e+02 -5.896782e+00
      vertex   -1.161957e+02 1.308147e+02 -5.896782e+00
    endloop
  endfacet
  facet normal 2.803287e-19 1.305262e-01 -9.914449e-01
    outer loop
      vertex   -1.025000e+02 1.307500e+02 -5.905300e+00
      vertex   -1.161957e+02 1.308147e+02 -5.896782e+00
      vertex   -1.148261e+02 1.308147e+02 -5.896782e+00
    endloop
  endfacet
  facet normal 0.000000e+00 3.826834e-01 -9.238795e-01
    outer loop
      vertex   -1.148261e+02 1.308147e+02 -5.896782e+00
      vertex   -1.161957e+02 1.308147e+02 -5.896782e+00
      vertex   -1.148261e+02 1.308750e+02 -5.871807e+00
    endloop
  endfacet
  facet normal 9.671045e-19 3.826834e-01 -9.238795e-01
    outer loop
      vertex   -1.148261e+02 1.308147e+02 -5.896782e+00
      vertex   -1.148261e+02 1.308750e+02 -5.871807e+00
      vertex   -1.134565e+02 1.308750e+02 -5.871807e+00
    endloop
  endfacet
  facet normal 0.000000e+00 6.087614e-01 -7.933533e-01
    outer loop
      vertex   -1.134565e+02 1.308750e+02 -5.871807e+00
      vertex   -1.148261e+02 1.308750e+02 -5.871807e+00
      vertex   -1.134565e+02 1.309268e+02 -5.832077e+00
    endloop
  endfacet
  facet normal -2.425125e-18 6.087614e-01 -7.933533e-01
    outer loop
      vertex   -1.134565e+02 1.308750e+02 -5.871807e+00
      vertex   -1.134565e+02 1.309268e+02 -5.832077e+00
      vertex   -1.120870e+02 1.309268e+02 -5.832077e+00
    endloop
  endfacet
  facet normal 0.000000e+00 7.933533e-01 -6.087614e-01
    outer loop
      vertex   -1.120870e+02 1.309268e+02 -5.832077e+00
      vertex   -1.134565e+02 1.309268e+02 -5.832077e+00
      vertex   -1.120870e+02 1.309665e+02 -5.780300e+00
    endloop
  endfacet
  facet normal 0.000000e+00 3.826834e-01 -9.238795e-01
    outer loop
      vertex   -1.312609e+02 1.308147e+02 -5.896782e+00
      vertex   -1.326304e+02 1.308147e+02 -5.896782e+00
      vertex   -1.312609e+02 1.308750e+02 -5.871807e+00
    endloop
  endfacet
  facet normal 0.000000e+00 3.826834e-01 -9.238795e-01
    outer loop
      vertex   -1.312609e+02 1.308750e+02 -5.871807e+00
      vertex   -1.326304e+02 1.308147e+02 -5.896782e+00
      vertex   -1.326304e+02 1.308750e+02 -5.871807e+00
    endloop
  endfacet
  facet normal 0.000000e+00 6.087614e-01 -7.933533e-01
    outer loop
      vertex   -1.312609e+02 1.308750e+02 -5.871807e+00
      vertex   -1.326304e+02 1.308750e+02 -5.871807e+00
      vertex   -1.312609e+02 1.309268e+02 -5.832077e+00
    endloop
  endfacet
  facet normal 0.000000e+00 6.087614e-01 -7.933533e-01
    outer loop
      vertex   -1.312609e+02 1.309268e+02 -5.832077e+00
      vertex   -1.326304e+02 1.308750e+02 -5.871807e+00
      vertex   -1.326304e+02 1.309268e+02 -5.832077e+00
    endloop
  endfacet
  facet normal 0.000000e+00 7.933533e-01 -6.087614e-01
    outer loop
      vertex   -1.312609e+02 1.309268e+02 -5.832077e+00
      vertex   -1.326304e+02 1.309268e+02 -5.832077e+00
      vertex   -1.312609e+02 1.309665e+02 -5.780300e+00
    endloop
  endfacet
  facet normal 0.000000e+00 7.933533e-01 -6.087614e-01
    outer loop
      vertex   -1.312609e+02 1.309665e+02 -5.780300e+00
      vertex   -1.326304e+02 1.309268e+02 -5.832077e+00
      vertex   -1.326304e+02 1.309665e+02 -5.780300e+00
    endloop
  endfacet
  facet normal 0.000000e+00 9.238795e-01 -3.826834e-01
    outer loop
      vertex   -1.312609e+02 1.309665e+02 -5.780300e+00
      vertex   -1.326304e+02 1.309665e+02 -5.780300e+00
      vertex   -1.312609e+02 1.309915e+02 -5.720005e+00
    endloop
  endfacet
  facet normal 0.000000e+00 9.238795e-01 -3.826834e-01
    outer loop
      vertex   -1.312609e+02 1.309915e+02 -5.720005e+00
      vertex   -1.326304e+02 1.309665e+02 -5.780300e+00
      vertex   -1.326304e+02 1.309915e+02 -5.720005e+00
    endloop
  endfacet
  facet normal 0.000000e+00 9.914449e-01 -1.305262e-01
    outer loop
      vertex   -1.312609e+02 1.309915e+02 -5.720005e+00
      vertex   -1.326304e+02 1.309915e+02 -5.720005e+00
      vertex   -1.340000e+02 1.310000e+02 -5.655300e+00
    endloop
  endfacet
  facet normal 0.000000e+00 1.305262e-01 -9.914449e-01
    outer loop
      vertex   -1.298913e+02 1.308147e+02 -5.896782e+00
      vertex   -1.285217e+02 1.308147e+02 -5.896782e+00
      vertex   -1.340000e+02 1.307500e+02 -5.905300e+00
    endloop
  endfacet
  facet normal 3.548121e-19 1.305262e-01 -9.914449e-01
    outer loop
      vertex   -1.340000e+02 1.307500e+02 -5.905300e+00
      vertex   -1.285217e+02 1.308147e+02 -5.896782e+00
      vertex   -1.271522e+02 1.308147e+02 -5.896782e+00
    endloop
  endfacet
  facet normal 3.548121e-19 1.305262e-01 -9.914449e-01
    outer loop
      vertex   -1.340000e+02 1.307500e+02 -5.905300e+00
      vertex   -1.271522e+02 1.308147e+02 -5.896782e+00
      vertex   -1.257826e+02 1.308147e+02 -5.896782e+00
    endloop
  endfacet
  facet normal 0.000000e+00 3.826834e-01 -9.238795e-01
    outer loop
      vertex   -1.257826e+02 1.308147e+02 -5.896782e+00
      vertex   -1.271522e+02 1.308147e+02 -5.896782e+00
      vertex   -1.257826e+02 1.308750e+02 -5.871807e+00
    endloop
  endfacet
  facet normal -1.160957e-18 3.826834e-01 -9.238795e-01
    outer loop
      vertex   -1.257826e+02 1.308147e+02 -5.896782e+00
      vertex   -1.257826e+02 1.308750e+02 -5.871807e+00
      vertex   -1.244130e+02 1.308750e+02 -5.871807e+00
    endloop
  endfacet
  facet normal 0.000000e+00 6.087614e-01 -7.933533e-01
    outer loop
      vertex   -1.244130e+02 1.308750e+02 -5.871807e+00
      vertex   -1.257826e+02 1.308750e+02 -5.871807e+00
      vertex   -1.244130e+02 1.309268e+02 -5.832077e+00
    endloop
  endfacet
  facet normal -2.425125e-18 6.087614e-01 -7.933533e-01
    outer loop
      vertex   -1.244130e+02 1.308750e+02 -5.871807e+00
      vertex   -1.244130e+02 1.309268e+02 -5.832077e+00
      vertex   -1.230435e+02 1.309268e+02 -5.832077e+00
    endloop
  endfacet
  facet normal 0.000000e+00 7.933533e-01 -6.087614e-01
    outer loop
      vertex   -1.230435e+02 1.309268e+02 -5.832077e+00
      vertex   -1.244130e+02 1.309268e+02 -5.832077e+00
      vertex   -1.230435e+02 1.309665e+02 -5.780300e+00
    endloop
  endfacet
  facet normal 0.000000e+00 3.826834e-01 -9.238795e-01
    outer loop
      vertex   -1.298913e+02 1.308147e+02 -5.896782e+00
      vertex   -1.285217e+02 1.308750e+02 -5.871807e+00
      vertex   -1.285217e+02 1.308147e+02 -5.896782e+00
    endloop
  endfacet
  facet normal 5.980598e-16 3.826834e-01 -9.238795e-01
    outer loop
      vertex   -1.285217e+02 1.308147e+02 -5.896782e+00
      vertex   -1.285217e+02 1.308750e+02 -5.871807e+00
      vertex   -1.271522e+02 1.308750e+02 -5.871807e+00
    endloop
  endfacet
  facet normal 0.000000e+00 3.826834e-01 -9.238795e-01
    outer loop
      vertex   -1.285217e+02 1.308147e+02 -5.896782e+00
      vertex   -1.271522e+02 1.308750e+02 -5.871807e+00
      vertex   -1.271522e+02 1.308147e+02 -5.896782e+00
    endloop
  endfacet
  facet normal -1.160957e-18 3.826834e-01 -9.238795e-01
    outer loop
      vertex   -1.271522e+02 1.308147e+02 -5.896782e+00
      vertex   -1.271522e+02 1.308750e+02 -5.871807e+00
      vertex   -1.257826e+02 1.308750e+02 -5.871807e+00
    endloop
  endfacet
  facet normal 0.000000e+00 1.305262e-01 -9.914449e-01
    outer loop
      vertex   -1.230435e+02 1.308147e+02 -5.896782e+00
      vertex   -1.340000e+02 1.307500e+02 -5.905300e+00
      vertex   -1.244130e+02 1.308147e+02 -5.896782e+00
    endloop
  endfacet
  facet normal 0.000000e+00 1.305262e-01 -9.914449e-01
    outer loop
      vertex   -1.244130e+02 1.308147e+02 -5.896782e+00
      vertex   -1.340000e+02 1.307500e+02 -5.905300e+00
      vertex   -1.257826e+02 1.308147e+02 -5.896782e+00
    endloop
  endfacet
  facet normal 0.000000e+00 3.826834e-01 -9.238795e-01
    outer loop
      vertex   -1.244130e+02 1.308147e+02 -5.896782e+00
      vertex   -1.257826e+02 1.308147e+02 -5.896782e+00
      vertex   -1.244130e+02 1.308750e+02 -5.871807e+00
    endloop
  endfacet
  facet normal -1.160957e-18 3.826834e-01 -9.238795e-01
    outer loop
      vertex   -1.230435e+02 1.308750e+02 -5.871807e+00
      vertex   -1.230435e+02 1.308147e+02 -5.896782e+00
      vertex   -1.244130e+02 1.308147e+02 -5.896782e+00
    endloop
  endfacet
  facet normal 0.000000e+00 3.826834e-01 -9.238795e-01
    outer loop
      vertex   -1.230435e+02 1.308750e+02 -5.871807e+00
      vertex   -1.244130e+02 1.308147e+02 -5.896782e+00
      vertex   -1.244130e+02 1.308750e+02 -5.871807e+00
    endloop
  endfacet
  facet normal 0.000000e+00 1.305262e-01 -9.914449e-01
    outer loop
      vertex   -1.175652e+02 1.308147e+02 -5.896782e+00
      vertex   -1.340000e+02 1.307500e+02 -5.905300e+00
      vertex   -1.189348e+02 1.308147e+02 -5.896782e+00
    endloop
  endfacet
  facet normal 0.000000e+00 3.826834e-01 -9.238795e-01
    outer loop
      vertex   -1.203043e+02 1.308147e+02 -5.896782e+00
      vertex   -1.216739e+02 1.308147e+02 -5.896782e+00
      vertex   -1.203043e+02 1.308750e+02 -5.871807e+00
    endloop
  endfacet
  facet normal 0.000000e+00 3.826834e-01 -9.238795e-01
    outer loop
      vertex   -1.203043e+02 1.308750e+02 -5.871807e+00
      vertex   -1.216739e+02 1.308147e+02 -5.896782e+00
      vertex   -1.216739e+02 1.308750e+02 -5.871807e+00
    endloop
  endfacet
  facet normal 0.000000e+00 6.087614e-01 -7.933533e-01
    outer loop
      vertex   -1.203043e+02 1.308750e+02 -5.871807e+00
      vertex   -1.216739e+02 1.308750e+02 -5.871807e+00
      vertex   -1.203043e+02 1.309268e+02 -5.832077e+00
    endloop
  endfacet
  facet normal 0.000000e+00 6.087614e-01 -7.933533e-01
    outer loop
      vertex   -1.203043e+02 1.309268e+02 -5.832077e+00
      vertex   -1.216739e+02 1.308750e+02 -5.871807e+00
      vertex   -1.216739e+02 1.309268e+02 -5.832077e+00
    endloop
  endfacet
  facet normal 0.000000e+00 7.933533e-01 -6.087614e-01
    outer loop
      vertex   -1.203043e+02 1.309268e+02 -5.832077e+00
      vertex   -1.216739e+02 1.309268e+02 -5.832077e+00
      vertex   -1.203043e+02 1.309665e+02 -5.780300e+00
    endloop
  endfacet
  facet normal -3.947886e-16 7.933533e-01 -6.087614e-01
    outer loop
      vertex   -1.203043e+02 1.309665e+02 -5.780300e+00
      vertex   -1.216739e+02 1.309268e+02 -5.832077e+00
      vertex   -1.216739e+02 1.309665e+02 -5.780300e+00
    endloop
  endfacet
  facet normal -2.481745e-16 9.238795e-01 -3.826834e-01
    outer loop
      vertex   -1.203043e+02 1.309665e+02 -5.780300e+00
      vertex   -1.216739e+02 1.309665e+02 -5.780300e+00
      vertex   -1.203043e+02 1.309915e+02 -5.720005e+00
    endloop
  endfacet
  facet normal 0.000000e+00 3.826834e-01 -9.238795e-01
    outer loop
      vertex   -1.189348e+02 1.308147e+02 -5.896782e+00
      vertex   -1.175652e+02 1.308750e+02 -5.871807e+00
      vertex   -1.175652e+02 1.308147e+02 -5.896782e+00
    endloop
  endfacet
  facet normal 1.199483e-15 3.826834e-01 -9.238795e-01
    outer loop
      vertex   -1.175652e+02 1.308147e+02 -5.896782e+00
      vertex   -1.175652e+02 1.308750e+02 -5.871807e+00
      vertex   -1.161957e+02 1.308750e+02 -5.871807e+00
    endloop
  endfacet
  facet normal -5.991462e-16 3.826834e-01 -9.238795e-01
    outer loop
      vertex   -1.175652e+02 1.308147e+02 -5.896782e+00
      vertex   -1.161957e+02 1.308750e+02 -5.871807e+00
      vertex   -1.161957e+02 1.308147e+02 -5.896782e+00
    endloop
  endfacet
  facet normal 9.671045e-19 3.826834e-01 -9.238795e-01
    outer loop
      vertex   -1.161957e+02 1.308147e+02 -5.896782e+00
      vertex   -1.161957e+02 1.308750e+02 -5.871807e+00
      vertex   -1.148261e+02 1.308750e+02 -5.871807e+00
    endloop
  endfacet
  facet normal 0.000000e+00 1.305262e-01 -9.914449e-01
    outer loop
      vertex   -1.120870e+02 1.308147e+02 -5.896782e+00
      vertex   -1.025000e+02 1.307500e+02 -5.905300e+00
      vertex   -1.134565e+02 1.308147e+02 -5.896782e+00
    endloop
  endfacet
  facet normal 0.000000e+00 1.305262e-01 -9.914449e-01
    outer loop
      vertex   -1.134565e+02 1.308147e+02 -5.896782e+00
      vertex   -1.025000e+02 1.307500e+02 -5.905300e+00
      vertex   -1.148261e+02 1.308147e+02 -5.896782e+00
    endloop
  endfacet
  facet normal 0.000000e+00 3.826834e-01 -9.238795e-01
    outer loop
      vertex   -1.134565e+02 1.308147e+02 -5.896782e+00
      vertex   -1.148261e+02 1.308147e+02 -5.896782e+00
      vertex   -1.134565e+02 1.308750e+02 -5.871807e+00
    endloop
  endfacet
  facet normal 8.926211e-19 3.826834e-01 -9.238795e-01
    outer loop
      vertex   -1.120870e+02 1.308750e+02 -5.871807e+00
      vertex   -1.120870e+02 1.308147e+02 -5.896782e+00
      vertex   -1.134565e+02 1.308147e+02 -5.896782e+00
    endloop
  endfacet
  facet normal 5.991462e-16 3.826834e-01 -9.238795e-01
    outer loop
      vertex   -1.120870e+02 1.308750e+02 -5.871807e+00
      vertex   -1.134565e+02 1.308147e+02 -5.896782e+00
      vertex   -1.134565e+02 1.308750e+02 -5.871807e+00
    endloop
  endfacet
  facet normal 0.000000e+00 3.826834e-01 -9.238795e-01
    outer loop
      vertex   -1.079783e+02 1.308750e+02 -5.871807e+00
      vertex   -1.093478e+02 1.308147e+02 -5.896782e+00
      vertex   -1.093478e+02 1.308750e+02 -5.871807e+00
    endloop
  endfacet
  facet normal 8.926211e-19 3.826834e-01 -9.238795e-01
    outer loop
      vertex   -1.093478e+02 1.308750e+02 -5.871807e+00
      vertex   -1.093478e+02 1.308147e+02 -5.896782e+00
      vertex   -1.107174e+02 1.308147e+02 -5.896782e+00
    endloop
  endfacet
  facet normal -1.086474e-18 3.826834e-01 -9.238795e-01
    outer loop
      vertex   -1.312609e+02 1.308147e+02 -5.896782e+00
      vertex   -1.312609e+02 1.308750e+02 -5.871807e+00
      vertex   -1.298913e+02 1.308750e+02 -5.871807e+00
    endloop
  endfacet
  facet normal 0.000000e+00 6.087614e-01 -7.933533e-01
    outer loop
      vertex   -1.298913e+02 1.308750e+02 -5.871807e+00
      vertex   -1.312609e+02 1.308750e+02 -5.871807e+00
      vertex   -1.298913e+02 1.309268e+02 -5.832077e+00
    endloop
  endfacet
  facet normal 5.167378e-16 6.087614e-01 -7.933533e-01
    outer loop
      vertex   -1.298913e+02 1.308750e+02 -5.871807e+00
      vertex   -1.298913e+02 1.309268e+02 -5.832077e+00
      vertex   -1.285217e+02 1.309268e+02 -5.832077e+00
    endloop
  endfacet
  facet normal 3.947886e-16 7.933533e-01 -6.087614e-01
    outer loop
      vertex   -1.285217e+02 1.309268e+02 -5.832077e+00
      vertex   -1.298913e+02 1.309268e+02 -5.832077e+00
      vertex   -1.285217e+02 1.309665e+02 -5.780300e+00
    endloop
  endfacet
  facet normal 1.113413e-18 7.933533e-01 -6.087614e-01
    outer loop
      vertex   -1.285217e+02 1.309268e+02 -5.832077e+00
      vertex   -1.285217e+02 1.309665e+02 -5.780300e+00
      vertex   -1.271522e+02 1.309665e+02 -5.780300e+00
    endloop
  endfacet
  facet normal 0.000000e+00 9.238795e-01 -3.826834e-01
    outer loop
      vertex   -1.271522e+02 1.309665e+02 -5.780300e+00
      vertex   -1.285217e+02 1.309665e+02 -5.780300e+00
      vertex   -1.271522e+02 1.309915e+02 -5.720005e+00
    endloop
  endfacet
  facet normal 3.377699e-19 9.238795e-01 -3.826834e-01
    outer loop
      vertex   -1.271522e+02 1.309665e+02 -5.780300e+00
      vertex   -1.271522e+02 1.309915e+02 -5.720005e+00
      vertex   -1.257826e+02 1.309915e+02 -5.720005e+00
    endloop
  endfacet
  facet normal 0.000000e+00 9.914449e-01 -1.305262e-01
    outer loop
      vertex   -1.257826e+02 1.309915e+02 -5.720005e+00
      vertex   -1.271522e+02 1.309915e+02 -5.720005e+00
      vertex   -1.340000e+02 1.310000e+02 -5.655300e+00
    endloop
  endfacet
  facet normal 0.000000e+00 6.087614e-01 -7.933533e-01
    outer loop
      vertex   -1.298913e+02 1.309268e+02 -5.832077e+00
      vertex   -1.312609e+02 1.308750e+02 -5.871807e+00
      vertex   -1.312609e+02 1.309268e+02 -5.832077e+00
    endloop
  endfacet
  facet normal 5.144985e-16 6.087614e-01 -7.933533e-01
    outer loop
      vertex   -1.285217e+02 1.308750e+02 -5.871807e+00
      vertex   -1.271522e+02 1.309268e+02 -5.832077e+00
      vertex   -1.271522e+02 1.308750e+02 -5.871807e+00
    endloop
  endfacet
  facet normal 2.239229e-18 6.087614e-01 -7.933533e-01
    outer loop
      vertex   -1.271522e+02 1.308750e+02 -5.871807e+00
      vertex   -1.271522e+02 1.309268e+02 -5.832077e+00
      vertex   -1.257826e+02 1.309268e+02 -5.832077e+00
    endloop
  endfacet
  facet normal 0.000000e+00 6.087614e-01 -7.933533e-01
    outer loop
      vertex   -1.271522e+02 1.308750e+02 -5.871807e+00
      vertex   -1.257826e+02 1.309268e+02 -5.832077e+00
      vertex   -1.257826e+02 1.308750e+02 -5.871807e+00
    endloop
  endfacet
  facet normal 5.167378e-16 6.087614e-01 -7.933533e-01
    outer loop
      vertex   -1.257826e+02 1.308750e+02 -5.871807e+00
      vertex   -1.257826e+02 1.309268e+02 -5.832077e+00
      vertex   -1.244130e+02 1.309268e+02 -5.832077e+00
    endloop
  endfacet
  facet normal -2.425125e-18 6.087614e-01 -7.933533e-01
    outer loop
      vertex   -1.230435e+02 1.309268e+02 -5.832077e+00
      vertex   -1.230435e+02 1.308750e+02 -5.871807e+00
      vertex   -1.244130e+02 1.308750e+02 -5.871807e+00
    endloop
  endfacet
  facet normal 1.190555e-18 3.826834e-01 -9.238795e-01
    outer loop
      vertex   -1.203043e+02 1.308147e+02 -5.896782e+00
      vertex   -1.203043e+02 1.308750e+02 -5.871807e+00
      vertex   -1.189348e+02 1.308750e+02 -5.871807e+00
    endloop
  endfacet
  facet normal 0.000000e+00 6.087614e-01 -7.933533e-01
    outer loop
      vertex   -1.189348e+02 1.308750e+02 -5.871807e+00
      vertex   -1.203043e+02 1.308750e+02 -5.871807e+00
      vertex   -1.189348e+02 1.309268e+02 -5.832077e+00
    endloop
  endfacet
  facet normal -2.237489e-18 6.087614e-01 -7.933533e-01
    outer loop
      vertex   -1.189348e+02 1.308750e+02 -5.871807e+00
      vertex   -1.189348e+02 1.309268e+02 -5.832077e+00
      vertex   -1.175652e+02 1.309268e+02 -5.832077e+00
    endloop
  endfacet
  facet normal 0.000000e+00 7.933533e-01 -6.087614e-01
    outer loop
      vertex   -1.175652e+02 1.309268e+02 -5.832077e+00
      vertex   -1.189348e+02 1.309268e+02 -5.832077e+00
      vertex   -1.175652e+02 1.309665e+02 -5.780300e+00
    endloop
  endfacet
  facet normal -1.144408e-18 7.933533e-01 -6.087614e-01
    outer loop
      vertex   -1.175652e+02 1.309268e+02 -5.832077e+00
      vertex   -1.175652e+02 1.309665e+02 -5.780300e+00
      vertex   -1.161957e+02 1.309665e+02 -5.780300e+00
    endloop
  endfacet
  facet normal 0.000000e+00 9.238795e-01 -3.826834e-01
    outer loop
      vertex   -1.161957e+02 1.309665e+02 -5.780300e+00
      vertex   -1.175652e+02 1.309665e+02 -5.780300e+00
      vertex   -1.161957e+02 1.309915e+02 -5.720005e+00
    endloop
  endfacet
  facet normal 1.060796e-18 9.238795e-01 -3.826834e-01
    outer loop
      vertex   -1.161957e+02 1.309665e+02 -5.780300e+00
      vertex   -1.161957e+02 1.309915e+02 -5.720005e+00
      vertex   -1.148261e+02 1.309915e+02 -5.720005e+00
    endloop
  endfacet
  facet normal 0.000000e+00 9.914449e-01 -1.305262e-01
    outer loop
      vertex   -1.148261e+02 1.309915e+02 -5.720005e+00
      vertex   -1.161957e+02 1.309915e+02 -5.720005e+00
      vertex   -1.025000e+02 1.310000e+02 -5.655300e+00
    endloop
  endfacet
  facet normal 1.028997e-15 6.087614e-01 -7.933533e-01
    outer loop
      vertex   -1.189348e+02 1.309268e+02 -5.832077e+00
      vertex   -1.203043e+02 1.308750e+02 -5.871807e+00
      vertex   -1.203043e+02 1.309268e+02 -5.832077e+00
    endloop
  endfacet
  facet normal 1.028997e-15 6.087614e-01 -7.933533e-01
    outer loop
      vertex   -1.175652e+02 1.308750e+02 -5.871807e+00
      vertex   -1.161957e+02 1.309268e+02 -5.832077e+00
      vertex   -1.161957e+02 1.308750e+02 -5.871807e+00
    endloop
  endfacet
  facet normal 2.239229e-18 6.087614e-01 -7.933533e-01
    outer loop
      vertex   -1.161957e+02 1.308750e+02 -5.871807e+00
      vertex   -1.161957e+02 1.309268e+02 -5.832077e+00
      vertex   -1.148261e+02 1.309268e+02 -5.832077e+00
    endloop
  endfacet
  facet normal 0.000000e+00 6.087614e-01 -7.933533e-01
    outer loop
      vertex   -1.161957e+02 1.308750e+02 -5.871807e+00
      vertex   -1.148261e+02 1.309268e+02 -5.832077e+00
      vertex   -1.148261e+02 1.308750e+02 -5.871807e+00
    endloop
  endfacet
  facet normal 5.167378e-16 6.087614e-01 -7.933533e-01
    outer loop
      vertex   -1.148261e+02 1.308750e+02 -5.871807e+00
      vertex   -1.148261e+02 1.309268e+02 -5.832077e+00
      vertex   -1.134565e+02 1.309268e+02 -5.832077e+00
    endloop
  endfacet
  facet normal 5.167378e-16 6.087614e-01 -7.933533e-01
    outer loop
      vertex   -1.120870e+02 1.309268e+02 -5.832077e+00
      vertex   -1.120870e+02 1.308750e+02 -5.871807e+00
      vertex   -1.134565e+02 1.308750e+02 -5.871807e+00
    endloop
  endfacet
  facet normal 0.000000e+00 6.087614e-01 -7.933533e-01
    outer loop
      vertex   -1.093478e+02 1.309268e+02 -5.832077e+00
      vertex   -1.107174e+02 1.308750e+02 -5.871807e+00
      vertex   -1.107174e+02 1.309268e+02 -5.832077e+00
    endloop
  endfacet
  facet normal 0.000000e+00 6.087614e-01 -7.933533e-01
    outer loop
      vertex   -1.066087e+02 1.309268e+02 -5.832077e+00
      vertex   -1.079783e+02 1.308750e+02 -5.871807e+00
      vertex   -1.079783e+02 1.309268e+02 -5.832077e+00
    endloop
  endfacet
  facet normal -2.425125e-18 6.087614e-01 -7.933533e-01
    outer loop
      vertex   -1.079783e+02 1.309268e+02 -5.832077e+00
      vertex   -1.079783e+02 1.308750e+02 -5.871807e+00
      vertex   -1.093478e+02 1.308750e+02 -5.871807e+00
    endloop
  endfacet
  facet normal 0.000000e+00 7.933533e-01 -6.087614e-01
    outer loop
      vertex   -1.298913e+02 1.309268e+02 -5.832077e+00
      vertex   -1.312609e+02 1.309268e+02 -5.832077e+00
      vertex   -1.298913e+02 1.309665e+02 -5.780300e+00
    endloop
  endfacet
  facet normal 0.000000e+00 7.933533e-01 -6.087614e-01
    outer loop
      vertex   -1.298913e+02 1.309665e+02 -5.780300e+00
      vertex   -1.312609e+02 1.309268e+02 -5.832077e+00
      vertex   -1.312609e+02 1.309665e+02 -5.780300e+00
    endloop
  endfacet
  facet normal 0.000000e+00 9.238795e-01 -3.826834e-01
    outer loop
      vertex   -1.298913e+02 1.309665e+02 -5.780300e+00
      vertex   -1.312609e+02 1.309665e+02 -5.780300e+00
      vertex   -1.298913e+02 1.309915e+02 -5.720005e+00
    endloop
  endfacet
  facet normal -2.481745e-16 9.238795e-01 -3.826834e-01
    outer loop
      vertex   -1.298913e+02 1.309915e+02 -5.720005e+00
      vertex   -1.312609e+02 1.309665e+02 -5.780300e+00
      vertex   -1.312609e+02 1.309915e+02 -5.720005e+00
    endloop
  endfacet
  facet normal -8.464770e-17 9.914449e-01 -1.305262e-01
    outer loop
      vertex   -1.298913e+02 1.309915e+02 -5.720005e+00
      vertex   -1.312609e+02 1.309915e+02 -5.720005e+00
      vertex   -1.340000e+02 1.310000e+02 -5.655300e+00
    endloop
  endfacet
  facet normal 0.000000e+00 7.933533e-01 -6.087614e-01
    outer loop
      vertex   -1.271522e+02 1.309268e+02 -5.832077e+00
      vertex   -1.257826e+02 1.309665e+02 -5.780300e+00
      vertex   -1.257826e+02 1.309268e+02 -5.832077e+00
    endloop
  endfacet
  facet normal 1.113413e-18 7.933533e-01 -6.087614e-01
    outer loop
      vertex   -1.257826e+02 1.309268e+02 -5.832077e+00
      vertex   -1.257826e+02 1.309665e+02 -5.780300e+00
      vertex   -1.244130e+02 1.309665e+02 -5.780300e+00
    endloop
  endfacet
  facet normal 3.947886e-16 7.933533e-01 -6.087614e-01
    outer loop
      vertex   -1.257826e+02 1.309268e+02 -5.832077e+00
      vertex   -1.244130e+02 1.309665e+02 -5.780300e+00
      vertex   -1.244130e+02 1.309268e+02 -5.832077e+00
    endloop
  endfacet
  facet normal -6.640398e-19 7.933533e-01 -6.087614e-01
    outer loop
      vertex   -1.244130e+02 1.309268e+02 -5.832077e+00
      vertex   -1.244130e+02 1.309665e+02 -5.780300e+00
      vertex   -1.230435e+02 1.309665e+02 -5.780300e+00
    endloop
  endfacet
  facet normal 7.895772e-16 7.933533e-01 -6.087614e-01
    outer loop
      vertex   -1.189348e+02 1.309268e+02 -5.832077e+00
      vertex   -1.203043e+02 1.309268e+02 -5.832077e+00
      vertex   -1.189348e+02 1.309665e+02 -5.780300e+00
    endloop
  endfacet
  facet normal 0.000000e+00 7.933533e-01 -6.087614e-01
    outer loop
      vertex   -1.189348e+02 1.309665e+02 -5.780300e+00
      vertex   -1.203043e+02 1.309268e+02 -5.832077e+00
      vertex   -1.203043e+02 1.309665e+02 -5.780300e+00
    endloop
  endfacet
  facet normal 0.000000e+00 9.238795e-01 -3.826834e-01
    outer loop
      vertex   -1.189348e+02 1.309665e+02 -5.780300e+00
      vertex   -1.203043e+02 1.309665e+02 -5.780300e+00
      vertex   -1.189348e+02 1.309915e+02 -5.720005e+00
    endloop
  endfacet
  facet normal 0.000000e+00 9.238795e-01 -3.826834e-01
    outer loop
      vertex   -1.189348e+02 1.309915e+02 -5.720005e+00
      vertex   -1.203043e+02 1.309665e+02 -5.780300e+00
      vertex   -1.203043e+02 1.309915e+02 -5.720005e+00
    endloop
  endfacet
  facet normal 0.000000e+00 7.933533e-01 -6.087614e-01
    outer loop
      vertex   -1.161957e+02 1.309268e+02 -5.832077e+00
      vertex   -1.148261e+02 1.309665e+02 -5.780300e+00
      vertex   -1.148261e+02 1.309268e+02 -5.832077e+00
    endloop
  endfacet
  facet normal -1.144408e-18 7.933533e-01 -6.087614e-01
    outer loop
      vertex   -1.148261e+02 1.309268e+02 -5.832077e+00
      vertex   -1.148261e+02 1.309665e+02 -5.780300e+00
      vertex   -1.134565e+02 1.309665e+02 -5.780300e+00
    endloop
  endfacet
  facet normal 3.947886e-16 7.933533e-01 -6.087614e-01
    outer loop
      vertex   -1.148261e+02 1.309268e+02 -5.832077e+00
      vertex   -1.134565e+02 1.309665e+02 -5.780300e+00
      vertex   -1.134565e+02 1.309268e+02 -5.832077e+00
    endloop
  endfacet
  facet normal 1.930129e-18 7.933533e-01 -6.087614e-01
    outer loop
      vertex   -1.134565e+02 1.309268e+02 -5.832077e+00
      vertex   -1.134565e+02 1.309665e+02 -5.780300e+00
      vertex   -1.120870e+02 1.309665e+02 -5.780300e+00
    endloop
  endfacet
  facet normal 0.000000e+00 7.933533e-01 -6.087614e-01
    outer loop
      vertex   -1.093478e+02 1.309268e+02 -5.832077e+00
      vertex   -1.107174e+02 1.309268e+02 -5.832077e+00
      vertex   -1.093478e+02 1.309665e+02 -5.780300e+00
    endloop
  endfacet
  facet normal 0.000000e+00 7.933533e-01 -6.087614e-01
    outer loop
      vertex   -1.093478e+02 1.309665e+02 -5.780300e+00
      vertex   -1.107174e+02 1.309268e+02 -5.832077e+00
      vertex   -1.107174e+02 1.309665e+02 -5.780300e+00
    endloop
  endfacet
  facet normal 0.000000e+00 9.238795e-01 -3.826834e-01
    outer loop
      vertex   -1.093478e+02 1.309665e+02 -5.780300e+00
      vertex   -1.107174e+02 1.309665e+02 -5.780300e+00
      vertex   -1.093478e+02 1.309915e+02 -5.720005e+00
    endloop
  endfacet
  facet normal 0.000000e+00 9.238795e-01 -3.826834e-01
    outer loop
      vertex   -1.093478e+02 1.309915e+02 -5.720005e+00
      vertex   -1.107174e+02 1.309665e+02 -5.780300e+00
      vertex   -1.107174e+02 1.309915e+02 -5.720005e+00
    endloop
  endfacet
  facet normal 0.000000e+00 9.914449e-01 -1.305262e-01
    outer loop
      vertex   -1.093478e+02 1.309915e+02 -5.720005e+00
      vertex   -1.107174e+02 1.309915e+02 -5.720005e+00
      vertex   -1.025000e+02 1.310000e+02 -5.655300e+00
    endloop
  endfacet
  facet normal 0.000000e+00 7.933533e-01 -6.087614e-01
    outer loop
      vertex   -1.052391e+02 1.309665e+02 -5.780300e+00
      vertex   -1.066087e+02 1.309268e+02 -5.832077e+00
      vertex   -1.066087e+02 1.309665e+02 -5.780300e+00
    endloop
  endfacet
  facet normal 1.449762e-18 7.933533e-01 -6.087614e-01
    outer loop
      vertex   -1.066087e+02 1.309665e+02 -5.780300e+00
      vertex   -1.066087e+02 1.309268e+02 -5.832077e+00
      vertex   -1.079783e+02 1.309268e+02 -5.832077e+00
    endloop
  endfacet
  facet normal -1.961124e-18 7.933533e-01 -6.087614e-01
    outer loop
      vertex   -1.298913e+02 1.309268e+02 -5.832077e+00
      vertex   -1.298913e+02 1.309665e+02 -5.780300e+00
      vertex   -1.285217e+02 1.309665e+02 -5.780300e+00
    endloop
  endfacet
  facet normal 0.000000e+00 9.238795e-01 -3.826834e-01
    outer loop
      vertex   -1.285217e+02 1.309665e+02 -5.780300e+00
      vertex   -1.298913e+02 1.309665e+02 -5.780300e+00
      vertex   -1.285217e+02 1.309915e+02 -5.720005e+00
    endloop
  endfacet
  facet normal 3.377699e-19 9.238795e-01 -3.826834e-01
    outer loop
      vertex   -1.285217e+02 1.309665e+02 -5.780300e+00
      vertex   -1.285217e+02 1.309915e+02 -5.720005e+00
      vertex   -1.271522e+02 1.309915e+02 -5.720005e+00
    endloop
  endfacet
  facet normal 0.000000e+00 9.914449e-01 -1.305262e-01
    outer loop
      vertex   -1.271522e+02 1.309915e+02 -5.720005e+00
      vertex   -1.285217e+02 1.309915e+02 -5.720005e+00
      vertex   -1.340000e+02 1.310000e+02 -5.655300e+00
    endloop
  endfacet
  facet normal 0.000000e+00 9.238795e-01 -3.826834e-01
    outer loop
      vertex   -1.285217e+02 1.309915e+02 -5.720005e+00
      vertex   -1.298913e+02 1.309665e+02 -5.780300e+00
      vertex   -1.298913e+02 1.309915e+02 -5.720005e+00
    endloop
  endfacet
  facet normal 3.377699e-19 9.238795e-01 -3.826834e-01
    outer loop
      vertex   -1.230435e+02 1.309915e+02 -5.720005e+00
      vertex   -1.230435e+02 1.309665e+02 -5.780300e+00
      vertex   -1.244130e+02 1.309665e+02 -5.780300e+00
    endloop
  endfacet
  facet normal 0.000000e+00 9.238795e-01 -3.826834e-01
    outer loop
      vertex   -1.230435e+02 1.309915e+02 -5.720005e+00
      vertex   -1.244130e+02 1.309665e+02 -5.780300e+00
      vertex   -1.244130e+02 1.309915e+02 -5.720005e+00
    endloop
  endfacet
  facet normal 3.377699e-19 9.238795e-01 -3.826834e-01
    outer loop
      vertex   -1.244130e+02 1.309915e+02 -5.720005e+00
      vertex   -1.244130e+02 1.309665e+02 -5.780300e+00
      vertex   -1.257826e+02 1.309665e+02 -5.780300e+00
    endloop
  endfacet
  facet normal -1.144408e-18 7.933533e-01 -6.087614e-01
    outer loop
      vertex   -1.189348e+02 1.309268e+02 -5.832077e+00
      vertex   -1.189348e+02 1.309665e+02 -5.780300e+00
      vertex   -1.175652e+02 1.309665e+02 -5.780300e+00
    endloop
  endfacet
  facet normal 0.000000e+00 9.238795e-01 -3.826834e-01
    outer loop
      vertex   -1.175652e+02 1.309665e+02 -5.780300e+00
      vertex   -1.189348e+02 1.309665e+02 -5.780300e+00
      vertex   -1.175652e+02 1.309915e+02 -5.720005e+00
    endloop
  endfacet
  facet normal 1.060796e-18 9.238795e-01 -3.826834e-01
    outer loop
      vertex   -1.175652e+02 1.309665e+02 -5.780300e+00
      vertex   -1.175652e+02 1.309915e+02 -5.720005e+00
      vertex   -1.161957e+02 1.309915e+02 -5.720005e+00
    endloop
  endfacet
  facet normal 0.000000e+00 9.914449e-01 -1.305262e-01
    outer loop
      vertex   -1.161957e+02 1.309915e+02 -5.720005e+00
      vertex   -1.175652e+02 1.309915e+02 -5.720005e+00
      vertex   -1.025000e+02 1.310000e+02 -5.655300e+00
    endloop
  endfacet
  facet normal 0.000000e+00 9.238795e-01 -3.826834e-01
    outer loop
      vertex   -1.175652e+02 1.309915e+02 -5.720005e+00
      vertex   -1.189348e+02 1.309665e+02 -5.780300e+00
      vertex   -1.189348e+02 1.309915e+02 -5.720005e+00
    endloop
  endfacet
  facet normal -3.852558e-19 9.238795e-01 -3.826834e-01
    outer loop
      vertex   -1.120870e+02 1.309915e+02 -5.720005e+00
      vertex   -1.120870e+02 1.309665e+02 -5.780300e+00
      vertex   -1.134565e+02 1.309665e+02 -5.780300e+00
    endloop
  endfacet
  facet normal 0.000000e+00 9.238795e-01 -3.826834e-01
    outer loop
      vertex   -1.120870e+02 1.309915e+02 -5.720005e+00
      vertex   -1.134565e+02 1.309665e+02 -5.780300e+00
      vertex   -1.134565e+02 1.309915e+02 -5.720005e+00
    endloop
  endfacet
  facet normal -3.852558e-19 9.238795e-01 -3.826834e-01
    outer loop
      vertex   -1.134565e+02 1.309915e+02 -5.720005e+00
      vertex   -1.134565e+02 1.309665e+02 -5.780300e+00
      vertex   -1.148261e+02 1.309665e+02 -5.780300e+00
    endloop
  endfacet
  facet normal 1.930129e-18 7.933533e-01 -6.087614e-01
    outer loop
      vertex   -1.093478e+02 1.309268e+02 -5.832077e+00
      vertex   -1.093478e+02 1.309665e+02 -5.780300e+00
      vertex   -1.079783e+02 1.309665e+02 -5.780300e+00
    endloop
  endfacet
  facet normal 0.000000e+00 9.238795e-01 -3.826834e-01
    outer loop
      vertex   -1.079783e+02 1.309665e+02 -5.780300e+00
      vertex   -1.093478e+02 1.309665e+02 -5.780300e+00
      vertex   -1.079783e+02 1.309915e+02 -5.720005e+00
    endloop
  endfacet
  facet normal -3.852558e-19 9.238795e-01 -3.826834e-01
    outer loop
      vertex   -1.079783e+02 1.309665e+02 -5.780300e+00
      vertex   -1.079783e+02 1.309915e+02 -5.720005e+00
      vertex   -1.066087e+02 1.309915e+02 -5.720005e+00
    endloop
  endfacet
  facet normal 0.000000e+00 9.914449e-01 -1.305262e-01
    outer loop
      vertex   -1.066087e+02 1.309915e+02 -5.720005e+00
      vertex   -1.079783e+02 1.309915e+02 -5.720005e+00
      vertex   -1.025000e+02 1.310000e+02 -5.655300e+00
    endloop
  endfacet
  facet normal 0.000000e+00 9.238795e-01 -3.826834e-01
    outer loop
      vertex   -1.079783e+02 1.309915e+02 -5.720005e+00
      vertex   -1.093478e+02 1.309665e+02 -5.780300e+00
      vertex   -1.093478e+02 1.309915e+02 -5.720005e+00
    endloop
  endfacet
  facet normal 0.000000e+00 9.238795e-01 -3.826834e-01
    outer loop
      vertex   -1.038696e+02 1.309915e+02 -5.720005e+00
      vertex   -1.052391e+02 1.309665e+02 -5.780300e+00
      vertex   -1.052391e+02 1.309915e+02 -5.720005e+00
    endloop
  endfacet
  facet normal 1.060796e-18 9.238795e-01 -3.826834e-01
    outer loop
      vertex   -1.052391e+02 1.309915e+02 -5.720005e+00
      vertex   -1.052391e+02 1.309665e+02 -5.780300e+00
      vertex   -1.066087e+02 1.309665e+02 -5.780300e+00
    endloop
  endfacet
  facet normal -1.241981e-19 9.914449e-01 -1.305262e-01
    outer loop
      vertex   -1.340000e+02 1.310000e+02 -5.655300e+00
      vertex   -1.285217e+02 1.309915e+02 -5.720005e+00
      vertex   -1.298913e+02 1.309915e+02 -5.720005e+00
    endloop
  endfacet
  facet normal -1.241981e-19 9.914449e-01 -1.305262e-01
    outer loop
      vertex   -1.025000e+02 1.310000e+02 -5.655300e+00
      vertex   -1.175652e+02 1.309915e+02 -5.720005e+00
      vertex   -1.189348e+02 1.309915e+02 -5.720005e+00
    endloop
  endfacet
  facet normal 5.645606e-19 9.914449e-01 -1.305262e-01
    outer loop
      vertex   -1.025000e+02 1.310000e+02 -5.655300e+00
      vertex   -1.079783e+02 1.309915e+02 -5.720005e+00
      vertex   -1.093478e+02 1.309915e+02 -5.720005e+00
    endloop
  endfacet
  facet normal 1.027209e-02 1.305193e-01 -9.913926e-01
    outer loop
      vertex   -1.025000e+02 1.307500e+02 -5.905300e+00
      vertex   -1.025000e+02 1.308147e+02 -5.896782e+00
      vertex   -1.022262e+02 1.307285e+02 -5.905300e+00
    endloop
  endfacet
  facet normal 1.027209e-02 1.305193e-01 -9.913926e-01
    outer loop
      vertex   -1.022262e+02 1.307285e+02 -5.905300e+00
      vertex   -1.025000e+02 1.308147e+02 -5.896782e+00
      vertex   -1.022161e+02 1.307924e+02 -5.896782e+00
    endloop
  endfacet
  facet normal 3.056334e-02 1.273055e-01 -9.913926e-01
    outer loop
      vertex   -1.022262e+02 1.307285e+02 -5.905300e+00
      vertex   -1.022161e+02 1.307924e+02 -5.896782e+00
      vertex   -1.019592e+02 1.306644e+02 -5.905300e+00
    endloop
  endfacet
  facet normal 3.056334e-02 1.273055e-01 -9.913926e-01
    outer loop
      vertex   -1.019592e+02 1.306644e+02 -5.905300e+00
      vertex   -1.022161e+02 1.307924e+02 -5.896782e+00
      vertex   -1.019392e+02 1.307259e+02 -5.896782e+00
    endloop
  endfacet
  facet normal 5.010202e-02 1.209570e-01 -9.913926e-01
    outer loop
      vertex   -1.019592e+02 1.306644e+02 -5.905300e+00
      vertex   -1.019392e+02 1.307259e+02 -5.896782e+00
      vertex   -1.017055e+02 1.305593e+02 -5.905300e+00
    endloop
  endfacet
  facet normal 5.010202e-02 1.209570e-01 -9.913926e-01
    outer loop
      vertex   -1.017055e+02 1.305593e+02 -5.905300e+00
      vertex   -1.019392e+02 1.307259e+02 -5.896782e+00
      vertex   -1.016761e+02 1.306169e+02 -5.896782e+00
    endloop
  endfacet
  facet normal 6.840703e-02 1.116301e-01 -9.913926e-01
    outer loop
      vertex   -1.017055e+02 1.305593e+02 -5.905300e+00
      vertex   -1.016761e+02 1.306169e+02 -5.896782e+00
      vertex   -1.014714e+02 1.304158e+02 -5.905300e+00
    endloop
  endfacet
  facet normal 6.840703e-02 1.116301e-01 -9.913926e-01
    outer loop
      vertex   -1.014714e+02 1.304158e+02 -5.905300e+00
      vertex   -1.016761e+02 1.306169e+02 -5.896782e+00
      vertex   -1.014333e+02 1.304681e+02 -5.896782e+00
    endloop
  endfacet
  facet normal 8.502762e-02 9.955455e-02 -9.913926e-01
    outer loop
      vertex   -1.014714e+02 1.304158e+02 -5.905300e+00
      vertex   -1.014333e+02 1.304681e+02 -5.896782e+00
      vertex   -1.012626e+02 1.302374e+02 -5.905300e+00
    endloop
  endfacet
  facet normal 8.502762e-02 9.955455e-02 -9.913926e-01
    outer loop
      vertex   -1.012626e+02 1.302374e+02 -5.905300e+00
      vertex   -1.014333e+02 1.304681e+02 -5.896782e+00
      vertex   -1.012168e+02 1.302832e+02 -5.896782e+00
    endloop
  endfacet
  facet normal 9.955455e-02 8.502762e-02 -9.913926e-01
    outer loop
      vertex   -1.012626e+02 1.302374e+02 -5.905300e+00
      vertex   -1.012168e+02 1.302832e+02 -5.896782e+00
      vertex   -1.010842e+02 1.300286e+02 -5.905300e+00
    endloop
  endfacet
  facet normal 9.955455e-02 8.502762e-02 -9.913926e-01
    outer loop
      vertex   -1.010842e+02 1.300286e+02 -5.905300e+00
      vertex   -1.012168e+02 1.302832e+02 -5.896782e+00
      vertex   -1.010319e+02 1.300667e+02 -5.896782e+00
    endloop
  endfacet
  facet normal 1.116301e-01 6.840703e-02 -9.913926e-01
    outer loop
      vertex   -1.010842e+02 1.300286e+02 -5.905300e+00
      vertex   -1.010319e+02 1.300667e+02 -5.896782e+00
      vertex   -1.009407e+02 1.297945e+02 -5.905300e+00
    endloop
  endfacet
  facet normal 1.116301e-01 6.840703e-02 -9.913926e-01
    outer loop
      vertex   -1.009407e+02 1.297945e+02 -5.905300e+00
      vertex   -1.010319e+02 1.300667e+02 -5.896782e+00
      vertex   -1.008831e+02 1.298239e+02 -5.896782e+00
    endloop
  endfacet
  facet normal 1.209570e-01 5.010202e-02 -9.913926e-01
    outer loop
      vertex   -1.009407e+02 1.297945e+02 -5.905300e+00
      vertex   -1.008831e+02 1.298239e+02 -5.896782e+00
      vertex   -1.008357e+02 1.295408e+02 -5.905300e+00
    endloop
  endfacet
  facet normal 1.209570e-01 5.010202e-02 -9.913926e-01
    outer loop
      vertex   -1.008357e+02 1.295408e+02 -5.905300e+00
      vertex   -1.008831e+02 1.298239e+02 -5.896782e+00
      vertex   -1.007741e+02 1.295608e+02 -5.896782e+00
    endloop
  endfacet
  facet normal 1.273055e-01 3.056334e-02 -9.913926e-01
    outer loop
      vertex   -1.008357e+02 1.295408e+02 -5.905300e+00
      vertex   -1.007741e+02 1.295608e+02 -5.896782e+00
      vertex   -1.007715e+02 1.292738e+02 -5.905300e+00
    endloop
  endfacet
  facet normal 1.273055e-01 3.056334e-02 -9.913926e-01
    outer loop
      vertex   -1.007715e+02 1.292738e+02 -5.905300e+00
      vertex   -1.007741e+02 1.295608e+02 -5.896782e+00
      vertex   -1.007076e+02 1.292839e+02 -5.896782e+00
    endloop
  endfacet
  facet normal 1.305193e-01 1.027209e-02 -9.913926e-01
    outer loop
      vertex   -1.007715e+02 1.292738e+02 -5.905300e+00
      vertex   -1.007076e+02 1.292839e+02 -5.896782e+00
      vertex   -1.007500e+02 1.290000e+02 -5.905300e+00
    endloop
  endfacet
  facet normal 1.305193e-01 1.027209e-02 -9.913926e-01
    outer loop
      vertex   -1.007500e+02 1.290000e+02 -5.905300e+00
      vertex   -1.007076e+02 1.292839e+02 -5.896782e+00
      vertex   -1.006853e+02 1.290000e+02 -5.896782e+00
    endloop
  endfacet
  facet normal 3.825100e-01 3.010419e-02 -9.234608e-01
    outer loop
      vertex   -1.006853e+02 1.290000e+02 -5.896782e+00
      vertex   -1.007076e+02 1.292839e+02 -5.896782e+00
      vertex   -1.006481e+02 1.292933e+02 -5.871807e+00
    endloop
  endfacet
  facet normal 3.825100e-01 3.010419e-02 -9.234608e-01
    outer loop
      vertex   -1.006853e+02 1.290000e+02 -5.896782e+00
      vertex   -1.006481e+02 1.292933e+02 -5.871807e+00
      vertex   -1.006250e+02 1.290000e+02 -5.871807e+00
    endloop
  endfacet
  facet normal 6.080639e-01 4.785567e-02 -7.924444e-01
    outer loop
      vertex   -1.006250e+02 1.290000e+02 -5.871807e+00
      vertex   -1.006481e+02 1.292933e+02 -5.871807e+00
      vertex   -1.005969e+02 1.293014e+02 -5.832077e+00
    endloop
  endfacet
  facet normal 6.080639e-01 4.785567e-02 -7.924444e-01
    outer loop
      vertex   -1.006250e+02 1.290000e+02 -5.871807e+00
      vertex   -1.005969e+02 1.293014e+02 -5.832077e+00
      vertex   -1.005732e+02 1.290000e+02 -5.832077e+00
    endloop
  endfacet
  facet normal 7.918114e-01 6.231691e-02 -6.075782e-01
    outer loop
      vertex   -1.005732e+02 1.290000e+02 -5.832077e+00
      vertex   -1.005969e+02 1.293014e+02 -5.832077e+00
      vertex   -1.005577e+02 1.293076e+02 -5.780300e+00
    endloop
  endfacet
  facet normal 7.918114e-01 6.231691e-02 -6.075782e-01
    outer loop
      vertex   -1.005732e+02 1.290000e+02 -5.832077e+00
      vertex   -1.005577e+02 1.293076e+02 -5.780300e+00
      vertex   -1.005335e+02 1.290000e+02 -5.780300e+00
    endloop
  endfacet
  facet normal 9.214470e-01 7.251945e-02 -3.816758e-01
    outer loop
      vertex   -1.005335e+02 1.290000e+02 -5.780300e+00
      vertex   -1.005577e+02 1.293076e+02 -5.780300e+00
      vertex   -1.005330e+02 1.293115e+02 -5.720005e+00
    endloop
  endfacet
  facet normal 9.214470e-01 7.251945e-02 -3.816758e-01
    outer loop
      vertex   -1.005335e+02 1.290000e+02 -5.780300e+00
      vertex   -1.005330e+02 1.293115e+02 -5.720005e+00
      vertex   -1.005085e+02 1.290000e+02 -5.720005e+00
    endloop
  endfacet
  facet normal 9.884404e-01 7.779195e-02 -1.301306e-01
    outer loop
      vertex   -1.005085e+02 1.290000e+02 -5.720005e+00
      vertex   -1.005330e+02 1.293115e+02 -5.720005e+00
      vertex   -1.005246e+02 1.293129e+02 -5.655300e+00
    endloop
  endfacet
  facet normal 9.884404e-01 7.779195e-02 -1.301306e-01
    outer loop
      vertex   -1.005085e+02 1.290000e+02 -5.720005e+00
      vertex   -1.005246e+02 1.293129e+02 -5.655300e+00
      vertex   -1.005000e+02 1.290000e+02 -5.655300e+00
    endloop
  endfacet
  facet normal 3.010419e-02 3.825100e-01 -9.234608e-01
    outer loop
      vertex   -1.025000e+02 1.308147e+02 -5.896782e+00
      vertex   -1.025000e+02 1.308750e+02 -5.871807e+00
      vertex   -1.022161e+02 1.307924e+02 -5.896782e+00
    endloop
  endfacet
  facet normal 3.010419e-02 3.825100e-01 -9.234608e-01
    outer loop
      vertex   -1.022161e+02 1.307924e+02 -5.896782e+00
      vertex   -1.025000e+02 1.308750e+02 -5.871807e+00
      vertex   -1.022067e+02 1.308519e+02 -5.871807e+00
    endloop
  endfacet
  facet normal 8.957130e-02 3.730913e-01 -9.234608e-01
    outer loop
      vertex   -1.022161e+02 1.307924e+02 -5.896782e+00
      vertex   -1.022067e+02 1.308519e+02 -5.871807e+00
      vertex   -1.019392e+02 1.307259e+02 -5.896782e+00
    endloop
  endfacet
  facet normal 8.957130e-02 3.730913e-01 -9.234608e-01
    outer loop
      vertex   -1.019392e+02 1.307259e+02 -5.896782e+00
      vertex   -1.022067e+02 1.308519e+02 -5.871807e+00
      vertex   -1.019206e+02 1.307832e+02 -5.871807e+00
    endloop
  endfacet
  facet normal 1.468329e-01 3.544859e-01 -9.234608e-01
    outer loop
      vertex   -1.019392e+02 1.307259e+02 -5.896782e+00
      vertex   -1.019206e+02 1.307832e+02 -5.871807e+00
      vertex   -1.016761e+02 1.306169e+02 -5.896782e+00
    endloop
  endfacet
  facet normal 1.468329e-01 3.544859e-01 -9.234608e-01
    outer loop
      vertex   -1.016761e+02 1.306169e+02 -5.896782e+00
      vertex   -1.019206e+02 1.307832e+02 -5.871807e+00
      vertex   -1.016488e+02 1.306706e+02 -5.871807e+00
    endloop
  endfacet
  facet normal 2.004789e-01 3.271519e-01 -9.234608e-01
    outer loop
      vertex   -1.016761e+02 1.306169e+02 -5.896782e+00
      vertex   -1.016488e+02 1.306706e+02 -5.871807e+00
      vertex   -1.014333e+02 1.304681e+02 -5.896782e+00
    endloop
  endfacet
  facet normal 2.004789e-01 3.271519e-01 -9.234608e-01
    outer loop
      vertex   -1.014333e+02 1.304681e+02 -5.896782e+00
      vertex   -1.016488e+02 1.306706e+02 -5.871807e+00
      vertex   -1.013979e+02 1.305169e+02 -5.871807e+00
    endloop
  endfacet
  facet normal 2.491885e-01 2.917623e-01 -9.234608e-01
    outer loop
      vertex   -1.014333e+02 1.304681e+02 -5.896782e+00
      vertex   -1.013979e+02 1.305169e+02 -5.871807e+00
      vertex   -1.012168e+02 1.302832e+02 -5.896782e+00
    endloop
  endfacet
  facet normal 2.491885e-01 2.917623e-01 -9.234608e-01
    outer loop
      vertex   -1.012168e+02 1.302832e+02 -5.896782e+00
      vertex   -1.013979e+02 1.305169e+02 -5.871807e+00
      vertex   -1.011742e+02 1.303258e+02 -5.871807e+00
    endloop
  endfacet
  facet normal 2.917623e-01 2.491885e-01 -9.234608e-01
    outer loop
      vertex   -1.012168e+02 1.302832e+02 -5.896782e+00
      vertex   -1.011742e+02 1.303258e+02 -5.871807e+00
      vertex   -1.010319e+02 1.300667e+02 -5.896782e+00
    endloop
  endfacet
  facet normal 2.917623e-01 2.491885e-01 -9.234608e-01
    outer loop
      vertex   -1.010319e+02 1.300667e+02 -5.896782e+00
      vertex   -1.011742e+02 1.303258e+02 -5.871807e+00
      vertex   -1.009831e+02 1.301021e+02 -5.871807e+00
    endloop
  endfacet
  facet normal 3.271519e-01 2.004789e-01 -9.234608e-01
    outer loop
      vertex   -1.010319e+02 1.300667e+02 -5.896782e+00
      vertex   -1.009831e+02 1.301021e+02 -5.871807e+00
      vertex   -1.008831e+02 1.298239e+02 -5.896782e+00
    endloop
  endfacet
  facet normal 3.271519e-01 2.004789e-01 -9.234608e-01
    outer loop
      vertex   -1.008831e+02 1.298239e+02 -5.896782e+00
      vertex   -1.009831e+02 1.301021e+02 -5.871807e+00
      vertex   -1.008294e+02 1.298512e+02 -5.871807e+00
    endloop
  endfacet
  facet normal 3.544859e-01 1.468329e-01 -9.234608e-01
    outer loop
      vertex   -1.008831e+02 1.298239e+02 -5.896782e+00
      vertex   -1.008294e+02 1.298512e+02 -5.871807e+00
      vertex   -1.007741e+02 1.295608e+02 -5.896782e+00
    endloop
  endfacet
  facet normal 3.544859e-01 1.468329e-01 -9.234608e-01
    outer loop
      vertex   -1.007741e+02 1.295608e+02 -5.896782e+00
      vertex   -1.008294e+02 1.298512e+02 -5.871807e+00
      vertex   -1.007168e+02 1.295794e+02 -5.871807e+00
    endloop
  endfacet
  facet normal 3.730913e-01 8.957130e-02 -9.234608e-01
    outer loop
      vertex   -1.007741e+02 1.295608e+02 -5.896782e+00
      vertex   -1.007168e+02 1.295794e+02 -5.871807e+00
      vertex   -1.007076e+02 1.292839e+02 -5.896782e+00
    endloop
  endfacet
  facet normal 3.730913e-01 8.957130e-02 -9.234608e-01
    outer loop
      vertex   -1.007076e+02 1.292839e+02 -5.896782e+00
      vertex   -1.007168e+02 1.295794e+02 -5.871807e+00
      vertex   -1.006481e+02 1.292933e+02 -5.871807e+00
    endloop
  endfacet
  facet normal 4.785567e-02 6.080639e-01 -7.924444e-01
    outer loop
      vertex   -1.025000e+02 1.308750e+02 -5.871807e+00
      vertex   -1.025000e+02 1.309268e+02 -5.832077e+00
      vertex   -1.022067e+02 1.308519e+02 -5.871807e+00
    endloop
  endfacet
  facet normal 4.785567e-02 6.080639e-01 -7.924444e-01
    outer loop
      vertex   -1.022067e+02 1.308519e+02 -5.871807e+00
      vertex   -1.025000e+02 1.309268e+02 -5.832077e+00
      vertex   -1.021986e+02 1.309031e+02 -5.832077e+00
    endloop
  endfacet
  facet normal 1.423886e-01 5.930914e-01 -7.924444e-01
    outer loop
      vertex   -1.022067e+02 1.308519e+02 -5.871807e+00
      vertex   -1.021986e+02 1.309031e+02 -5.832077e+00
      vertex   -1.019206e+02 1.307832e+02 -5.871807e+00
    endloop
  endfacet
  facet normal 1.423886e-01 5.930914e-01 -7.924444e-01
    outer loop
      vertex   -1.019206e+02 1.307832e+02 -5.871807e+00
      vertex   -1.021986e+02 1.309031e+02 -5.832077e+00
      vertex   -1.019046e+02 1.308325e+02 -5.832077e+00
    endloop
  endfacet
  facet normal 2.334155e-01 5.635150e-01 -7.924444e-01
    outer loop
      vertex   -1.019206e+02 1.307832e+02 -5.871807e+00
      vertex   -1.019046e+02 1.308325e+02 -5.832077e+00
      vertex   -1.016488e+02 1.306706e+02 -5.871807e+00
    endloop
  endfacet
  facet normal 2.334155e-01 5.635150e-01 -7.924444e-01
    outer loop
      vertex   -1.016488e+02 1.306706e+02 -5.871807e+00
      vertex   -1.019046e+02 1.308325e+02 -5.832077e+00
      vertex   -1.016253e+02 1.307168e+02 -5.832077e+00
    endloop
  endfacet
  facet normal 3.186950e-01 5.200629e-01 -7.924444e-01
    outer loop
      vertex   -1.016488e+02 1.306706e+02 -5.871807e+00
      vertex   -1.016253e+02 1.307168e+02 -5.832077e+00
      vertex   -1.013979e+02 1.305169e+02 -5.871807e+00
    endloop
  endfacet
  facet normal 3.186950e-01 5.200629e-01 -7.924444e-01
    outer loop
      vertex   -1.013979e+02 1.305169e+02 -5.871807e+00
      vertex   -1.016253e+02 1.307168e+02 -5.832077e+00
      vertex   -1.013675e+02 1.305588e+02 -5.832077e+00
    endloop
  endfacet
  facet normal 3.961271e-01 4.638052e-01 -7.924444e-01
    outer loop
      vertex   -1.013979e+02 1.305169e+02 -5.871807e+00
      vertex   -1.013675e+02 1.305588e+02 -5.832077e+00
      vertex   -1.011742e+02 1.303258e+02 -5.871807e+00
    endloop
  endfacet
  facet normal 3.961271e-01 4.638052e-01 -7.924444e-01
    outer loop
      vertex   -1.011742e+02 1.303258e+02 -5.871807e+00
      vertex   -1.013675e+02 1.305588e+02 -5.832077e+00
      vertex   -1.011376e+02 1.303624e+02 -5.832077e+00
    endloop
  endfacet
  facet normal 4.638052e-01 3.961271e-01 -7.924444e-01
    outer loop
      vertex   -1.011742e+02 1.303258e+02 -5.871807e+00
      vertex   -1.011376e+02 1.303624e+02 -5.832077e+00
      vertex   -1.009831e+02 1.301021e+02 -5.871807e+00
    endloop
  endfacet
  facet normal 4.638052e-01 3.961271e-01 -7.924444e-01
    outer loop
      vertex   -1.009831e+02 1.301021e+02 -5.871807e+00
      vertex   -1.011376e+02 1.303624e+02 -5.832077e+00
      vertex   -1.009412e+02 1.301325e+02 -5.832077e+00
    endloop
  endfacet
  facet normal 5.200629e-01 3.186950e-01 -7.924444e-01
    outer loop
      vertex   -1.009831e+02 1.301021e+02 -5.871807e+00
      vertex   -1.009412e+02 1.301325e+02 -5.832077e+00
      vertex   -1.008294e+02 1.298512e+02 -5.871807e+00
    endloop
  endfacet
  facet normal 5.200629e-01 3.186950e-01 -7.924444e-01
    outer loop
      vertex   -1.008294e+02 1.298512e+02 -5.871807e+00
      vertex   -1.009412e+02 1.301325e+02 -5.832077e+00
      vertex   -1.007832e+02 1.298747e+02 -5.832077e+00
    endloop
  endfacet
  facet normal 5.635150e-01 2.334155e-01 -7.924444e-01
    outer loop
      vertex   -1.008294e+02 1.298512e+02 -5.871807e+00
      vertex   -1.007832e+02 1.298747e+02 -5.832077e+00
      vertex   -1.007168e+02 1.295794e+02 -5.871807e+00
    endloop
  endfacet
  facet normal 5.635150e-01 2.334155e-01 -7.924444e-01
    outer loop
      vertex   -1.007168e+02 1.295794e+02 -5.871807e+00
      vertex   -1.007832e+02 1.298747e+02 -5.832077e+00
      vertex   -1.006675e+02 1.295954e+02 -5.832077e+00
    endloop
  endfacet
  facet normal 5.930914e-01 1.423886e-01 -7.924444e-01
    outer loop
      vertex   -1.007168e+02 1.295794e+02 -5.871807e+00
      vertex   -1.006675e+02 1.295954e+02 -5.832077e+00
      vertex   -1.006481e+02 1.292933e+02 -5.871807e+00
    endloop
  endfacet
  facet normal 5.930914e-01 1.423886e-01 -7.924444e-01
    outer loop
      vertex   -1.006481e+02 1.292933e+02 -5.871807e+00
      vertex   -1.006675e+02 1.295954e+02 -5.832077e+00
      vertex   -1.005969e+02 1.293014e+02 -5.832077e+00
    endloop
  endfacet
  facet normal 6.231691e-02 7.918114e-01 -6.075782e-01
    outer loop
      vertex   -1.025000e+02 1.309268e+02 -5.832077e+00
      vertex   -1.025000e+02 1.309665e+02 -5.780300e+00
      vertex   -1.021986e+02 1.309031e+02 -5.832077e+00
    endloop
  endfacet
  facet normal 6.231691e-02 7.918114e-01 -6.075782e-01
    outer loop
      vertex   -1.021986e+02 1.309031e+02 -5.832077e+00
      vertex   -1.025000e+02 1.309665e+02 -5.780300e+00
      vertex   -1.021924e+02 1.309423e+02 -5.780300e+00
    endloop
  endfacet
  facet normal 1.854163e-01 7.723144e-01 -6.075782e-01
    outer loop
      vertex   -1.021986e+02 1.309031e+02 -5.832077e+00
      vertex   -1.021924e+02 1.309423e+02 -5.780300e+00
      vertex   -1.019046e+02 1.308325e+02 -5.832077e+00
    endloop
  endfacet
  facet normal 1.854163e-01 7.723144e-01 -6.075782e-01
    outer loop
      vertex   -1.019046e+02 1.308325e+02 -5.832077e+00
      vertex   -1.021924e+02 1.309423e+02 -5.780300e+00
      vertex   -1.018923e+02 1.308703e+02 -5.780300e+00
    endloop
  endfacet
  facet normal 3.039501e-01 7.338004e-01 -6.075782e-01
    outer loop
      vertex   -1.019046e+02 1.308325e+02 -5.832077e+00
      vertex   -1.018923e+02 1.308703e+02 -5.780300e+00
      vertex   -1.016253e+02 1.307168e+02 -5.832077e+00
    endloop
  endfacet
  facet normal 3.039501e-01 7.338004e-01 -6.075782e-01
    outer loop
      vertex   -1.016253e+02 1.307168e+02 -5.832077e+00
      vertex   -1.018923e+02 1.308703e+02 -5.780300e+00
      vertex   -1.016072e+02 1.307522e+02 -5.780300e+00
    endloop
  endfacet
  facet normal 4.149996e-01 6.772178e-01 -6.075782e-01
    outer loop
      vertex   -1.016253e+02 1.307168e+02 -5.832077e+00
      vertex   -1.016072e+02 1.307522e+02 -5.780300e+00
      vertex   -1.013675e+02 1.305588e+02 -5.832077e+00
    endloop
  endfacet
  facet normal 4.149996e-01 6.772178e-01 -6.075782e-01
    outer loop
      vertex   -1.013675e+02 1.305588e+02 -5.832077e+00
      vertex   -1.016072e+02 1.307522e+02 -5.780300e+00
      vertex   -1.013441e+02 1.305909e+02 -5.780300e+00
    endloop
  endfacet
  facet normal 5.158305e-01 6.039599e-01 -6.075782e-01
    outer loop
      vertex   -1.013675e+02 1.305588e+02 -5.832077e+00
      vertex   -1.013441e+02 1.305909e+02 -5.780300e+00
      vertex   -1.011376e+02 1.303624e+02 -5.832077e+00
    endloop
  endfacet
  facet normal 5.158305e-01 6.039599e-01 -6.075782e-01
    outer loop
      vertex   -1.011376e+02 1.303624e+02 -5.832077e+00
      vertex   -1.013441e+02 1.305909e+02 -5.780300e+00
      vertex   -1.011095e+02 1.303905e+02 -5.780300e+00
    endloop
  endfacet
  facet normal 6.039599e-01 5.158305e-01 -6.075782e-01
    outer loop
      vertex   -1.011376e+02 1.303624e+02 -5.832077e+00
      vertex   -1.011095e+02 1.303905e+02 -5.780300e+00
      vertex   -1.009412e+02 1.301325e+02 -5.832077e+00
    endloop
  endfacet
  facet normal 6.039599e-01 5.158305e-01 -6.075782e-01
    outer loop
      vertex   -1.009412e+02 1.301325e+02 -5.832077e+00
      vertex   -1.011095e+02 1.303905e+02 -5.780300e+00
      vertex   -1.009091e+02 1.301559e+02 -5.780300e+00
    endloop
  endfacet
  facet normal 6.772178e-01 4.149996e-01 -6.075782e-01
    outer loop
      vertex   -1.009412e+02 1.301325e+02 -5.832077e+00
      vertex   -1.009091e+02 1.301559e+02 -5.780300e+00
      vertex   -1.007832e+02 1.298747e+02 -5.832077e+00
    endloop
  endfacet
  facet normal 6.772178e-01 4.149996e-01 -6.075782e-01
    outer loop
      vertex   -1.007832e+02 1.298747e+02 -5.832077e+00
      vertex   -1.009091e+02 1.301559e+02 -5.780300e+00
      vertex   -1.007478e+02 1.298928e+02 -5.780300e+00
    endloop
  endfacet
  facet normal 7.338004e-01 3.039501e-01 -6.075782e-01
    outer loop
      vertex   -1.007832e+02 1.298747e+02 -5.832077e+00
      vertex   -1.007478e+02 1.298928e+02 -5.780300e+00
      vertex   -1.006675e+02 1.295954e+02 -5.832077e+00
    endloop
  endfacet
  facet normal 7.338004e-01 3.039501e-01 -6.075782e-01
    outer loop
      vertex   -1.006675e+02 1.295954e+02 -5.832077e+00
      vertex   -1.007478e+02 1.298928e+02 -5.780300e+00
      vertex   -1.006297e+02 1.296077e+02 -5.780300e+00
    endloop
  endfacet
  facet normal 7.723144e-01 1.854163e-01 -6.075782e-01
    outer loop
      vertex   -1.006675e+02 1.295954e+02 -5.832077e+00
      vertex   -1.006297e+02 1.296077e+02 -5.780300e+00
      vertex   -1.005969e+02 1.293014e+02 -5.832077e+00
    endloop
  endfacet
  facet normal 7.723144e-01 1.854163e-01 -6.075782e-01
    outer loop
      vertex   -1.005969e+02 1.293014e+02 -5.832077e+00
      vertex   -1.006297e+02 1.296077e+02 -5.780300e+00
      vertex   -1.005577e+02 1.293076e+02 -5.780300e+00
    endloop
  endfacet
  facet normal 7.251945e-02 9.214470e-01 -3.816758e-01
    outer loop
      vertex   -1.025000e+02 1.309665e+02 -5.780300e+00
      vertex   -1.025000e+02 1.309915e+02 -5.720005e+00
      vertex   -1.021924e+02 1.309423e+02 -5.780300e+00
    endloop
  endfacet
  facet normal 7.251945e-02 9.214470e-01 -3.816758e-01
    outer loop
      vertex   -1.021924e+02 1.309423e+02 -5.780300e+00
      vertex   -1.025000e+02 1.309915e+02 -5.720005e+00
      vertex   -1.021885e+02 1.309670e+02 -5.720005e+00
    endloop
  endfacet
  facet normal 2.157727e-01 8.987579e-01 -3.816758e-01
    outer loop
      vertex   -1.021924e+02 1.309423e+02 -5.780300e+00
      vertex   -1.021885e+02 1.309670e+02 -5.720005e+00
      vertex   -1.018923e+02 1.308703e+02 -5.780300e+00
    endloop
  endfacet
  facet normal 2.157727e-01 8.987579e-01 -3.816758e-01
    outer loop
      vertex   -1.018923e+02 1.308703e+02 -5.780300e+00
      vertex   -1.021885e+02 1.309670e+02 -5.720005e+00
      vertex   -1.018846e+02 1.308940e+02 -5.720005e+00
    endloop
  endfacet
  facet normal 3.537129e-01 8.539384e-01 -3.816758e-01
    outer loop
      vertex   -1.018923e+02 1.308703e+02 -5.780300e+00
      vertex   -1.018846e+02 1.308940e+02 -5.720005e+00
      vertex   -1.016072e+02 1.307522e+02 -5.780300e+00
    endloop
  endfacet
  facet normal 3.537129e-01 8.539384e-01 -3.816758e-01
    outer loop
      vertex   -1.016072e+02 1.307522e+02 -5.780300e+00
      vertex   -1.018846e+02 1.308940e+02 -5.720005e+00
      vertex   -1.015959e+02 1.307744e+02 -5.720005e+00
    endloop
  endfacet
  facet normal 4.829435e-01 7.880921e-01 -3.816758e-01
    outer loop
      vertex   -1.016072e+02 1.307522e+02 -5.780300e+00
      vertex   -1.015959e+02 1.307744e+02 -5.720005e+00
      vertex   -1.013441e+02 1.305909e+02 -5.780300e+00
    endloop
  endfacet
  facet normal 4.829435e-01 7.880921e-01 -3.816758e-01
    outer loop
      vertex   -1.013441e+02 1.305909e+02 -5.780300e+00
      vertex   -1.015959e+02 1.307744e+02 -5.720005e+00
      vertex   -1.013294e+02 1.306111e+02 -5.720005e+00
    endloop
  endfacet
  facet normal 6.002824e-01 7.028404e-01 -3.816758e-01
    outer loop
      vertex   -1.013441e+02 1.305909e+02 -5.780300e+00
      vertex   -1.013294e+02 1.306111e+02 -5.720005e+00
      vertex   -1.011095e+02 1.303905e+02 -5.780300e+00
    endloop
  endfacet
  facet normal 6.002824e-01 7.028404e-01 -3.816758e-01
    outer loop
      vertex   -1.011095e+02 1.303905e+02 -5.780300e+00
      vertex   -1.013294e+02 1.306111e+02 -5.720005e+00
      vertex   -1.010918e+02 1.304082e+02 -5.720005e+00
    endloop
  endfacet
  facet normal 7.028404e-01 6.002824e-01 -3.816758e-01
    outer loop
      vertex   -1.011095e+02 1.303905e+02 -5.780300e+00
      vertex   -1.010918e+02 1.304082e+02 -5.720005e+00
      vertex   -1.009091e+02 1.301559e+02 -5.780300e+00
    endloop
  endfacet
  facet normal 7.028404e-01 6.002824e-01 -3.816758e-01
    outer loop
      vertex   -1.009091e+02 1.301559e+02 -5.780300e+00
      vertex   -1.010918e+02 1.304082e+02 -5.720005e+00
      vertex   -1.008889e+02 1.301706e+02 -5.720005e+00
    endloop
  endfacet
  facet normal 7.880921e-01 4.829435e-01 -3.816758e-01
    outer loop
      vertex   -1.009091e+02 1.301559e+02 -5.780300e+00
      vertex   -1.008889e+02 1.301706e+02 -5.720005e+00
      vertex   -1.007478e+02 1.298928e+02 -5.780300e+00
    endloop
  endfacet
  facet normal 7.880921e-01 4.829435e-01 -3.816758e-01
    outer loop
      vertex   -1.007478e+02 1.298928e+02 -5.780300e+00
      vertex   -1.008889e+02 1.301706e+02 -5.720005e+00
      vertex   -1.007256e+02 1.299041e+02 -5.720005e+00
    endloop
  endfacet
  facet normal 8.539384e-01 3.537129e-01 -3.816758e-01
    outer loop
      vertex   -1.007478e+02 1.298928e+02 -5.780300e+00
      vertex   -1.007256e+02 1.299041e+02 -5.720005e+00
      vertex   -1.006297e+02 1.296077e+02 -5.780300e+00
    endloop
  endfacet
  facet normal 8.539384e-01 3.537129e-01 -3.816758e-01
    outer loop
      vertex   -1.006297e+02 1.296077e+02 -5.780300e+00
      vertex   -1.007256e+02 1.299041e+02 -5.720005e+00
      vertex   -1.006060e+02 1.296154e+02 -5.720005e+00
    endloop
  endfacet
  facet normal 8.987579e-01 2.157727e-01 -3.816758e-01
    outer loop
      vertex   -1.006297e+02 1.296077e+02 -5.780300e+00
      vertex   -1.006060e+02 1.296154e+02 -5.720005e+00
      vertex   -1.005577e+02 1.293076e+02 -5.780300e+00
    endloop
  endfacet
  facet normal 8.987579e-01 2.157727e-01 -3.816758e-01
    outer loop
      vertex   -1.005577e+02 1.293076e+02 -5.780300e+00
      vertex   -1.006060e+02 1.296154e+02 -5.720005e+00
      vertex   -1.005330e+02 1.293115e+02 -5.720005e+00
    endloop
  endfacet
  facet normal 7.779195e-02 9.884404e-01 -1.301306e-01
    outer loop
      vertex   -1.025000e+02 1.309915e+02 -5.720005e+00
      vertex   -1.025000e+02 1.310000e+02 -5.655300e+00
      vertex   -1.021885e+02 1.309670e+02 -5.720005e+00
    endloop
  endfacet
  facet normal 7.779195e-02 9.884404e-01 -1.301306e-01
    outer loop
      vertex   -1.021885e+02 1.309670e+02 -5.720005e+00
      vertex   -1.025000e+02 1.310000e+02 -5.655300e+00
      vertex   -1.021871e+02 1.309754e+02 -5.655300e+00
    endloop
  endfacet
  facet normal 2.314603e-01 9.641017e-01 -1.301306e-01
    outer loop
      vertex   -1.021885e+02 1.309670e+02 -5.720005e+00
      vertex   -1.021871e+02 1.309754e+02 -5.655300e+00
      vertex   -1.018846e+02 1.308940e+02 -5.720005e+00
    endloop
  endfacet
  facet normal 2.314603e-01 9.641017e-01 -1.301306e-01
    outer loop
      vertex   -1.018846e+02 1.308940e+02 -5.720005e+00
      vertex   -1.021871e+02 1.309754e+02 -5.655300e+00
      vertex   -1.018820e+02 1.309021e+02 -5.655300e+00
    endloop
  endfacet
  facet normal 3.794294e-01 9.160237e-01 -1.301306e-01
    outer loop
      vertex   -1.018846e+02 1.308940e+02 -5.720005e+00
      vertex   -1.018820e+02 1.309021e+02 -5.655300e+00
      vertex   -1.015959e+02 1.307744e+02 -5.720005e+00
    endloop
  endfacet
  facet normal 3.794294e-01 9.160237e-01 -1.301306e-01
    outer loop
      vertex   -1.015959e+02 1.307744e+02 -5.720005e+00
      vertex   -1.018820e+02 1.309021e+02 -5.655300e+00
      vertex   -1.015920e+02 1.307820e+02 -5.655300e+00
    endloop
  endfacet
  facet normal 5.180557e-01 8.453900e-01 -1.301306e-01
    outer loop
      vertex   -1.015959e+02 1.307744e+02 -5.720005e+00
      vertex   -1.015920e+02 1.307820e+02 -5.655300e+00
      vertex   -1.013294e+02 1.306111e+02 -5.720005e+00
    endloop
  endfacet
  facet normal 5.180557e-01 8.453900e-01 -1.301306e-01
    outer loop
      vertex   -1.013294e+02 1.306111e+02 -5.720005e+00
      vertex   -1.015920e+02 1.307820e+02 -5.655300e+00
      vertex   -1.013244e+02 1.306180e+02 -5.655300e+00
    endloop
  endfacet
  facet normal 6.439257e-01 7.539401e-01 -1.301306e-01
    outer loop
      vertex   -1.013294e+02 1.306111e+02 -5.720005e+00
      vertex   -1.013244e+02 1.306180e+02 -5.655300e+00
      vertex   -1.010918e+02 1.304082e+02 -5.720005e+00
    endloop
  endfacet
  facet normal 6.439257e-01 7.539401e-01 -1.301306e-01
    outer loop
      vertex   -1.010918e+02 1.304082e+02 -5.720005e+00
      vertex   -1.013244e+02 1.306180e+02 -5.655300e+00
      vertex   -1.010858e+02 1.304142e+02 -5.655300e+00
    endloop
  endfacet
  facet normal 7.539401e-01 6.439257e-01 -1.301306e-01
    outer loop
      vertex   -1.010918e+02 1.304082e+02 -5.720005e+00
      vertex   -1.010858e+02 1.304142e+02 -5.655300e+00
      vertex   -1.008889e+02 1.301706e+02 -5.720005e+00
    endloop
  endfacet
  facet normal 7.539401e-01 6.439257e-01 -1.301306e-01
    outer loop
      vertex   -1.008889e+02 1.301706e+02 -5.720005e+00
      vertex   -1.010858e+02 1.304142e+02 -5.655300e+00
      vertex   -1.008820e+02 1.301756e+02 -5.655300e+00
    endloop
  endfacet
  facet normal 8.453900e-01 5.180557e-01 -1.301306e-01
    outer loop
      vertex   -1.008889e+02 1.301706e+02 -5.720005e+00
      vertex   -1.008820e+02 1.301756e+02 -5.655300e+00
      vertex   -1.007256e+02 1.299041e+02 -5.720005e+00
    endloop
  endfacet
  facet normal 8.453900e-01 5.180557e-01 -1.301306e-01
    outer loop
      vertex   -1.007256e+02 1.299041e+02 -5.720005e+00
      vertex   -1.008820e+02 1.301756e+02 -5.655300e+00
      vertex   -1.007180e+02 1.299080e+02 -5.655300e+00
    endloop
  endfacet
  facet normal 9.160237e-01 3.794294e-01 -1.301306e-01
    outer loop
      vertex   -1.007256e+02 1.299041e+02 -5.720005e+00
      vertex   -1.007180e+02 1.299080e+02 -5.655300e+00
      vertex   -1.006060e+02 1.296154e+02 -5.720005e+00
    endloop
  endfacet
  facet normal 9.160237e-01 3.794294e-01 -1.301306e-01
    outer loop
      vertex   -1.006060e+02 1.296154e+02 -5.720005e+00
      vertex   -1.007180e+02 1.299080e+02 -5.655300e+00
      vertex   -1.005979e+02 1.296180e+02 -5.655300e+00
    endloop
  endfacet
  facet normal 9.641017e-01 2.314603e-01 -1.301306e-01
    outer loop
      vertex   -1.006060e+02 1.296154e+02 -5.720005e+00
      vertex   -1.005979e+02 1.296180e+02 -5.655300e+00
      vertex   -1.005330e+02 1.293115e+02 -5.720005e+00
    endloop
  endfacet
  facet normal 9.641017e-01 2.314603e-01 -1.301306e-01
    outer loop
      vertex   -1.005330e+02 1.293115e+02 -5.720005e+00
      vertex   -1.005979e+02 1.296180e+02 -5.655300e+00
      vertex   -1.005246e+02 1.293129e+02 -5.655300e+00
    endloop
  endfacet
  facet normal 1.305262e-01 7.044639e-15 -9.914449e-01
    outer loop
      vertex   -1.006853e+02 1.290000e+02 -5.896782e+00
      vertex   -1.006853e+02 1.276250e+02 -5.896782e+00
      vertex   -1.007500e+02 1.290000e+02 -5.905300e+00
    endloop
  endfacet
  facet normal 1.305262e-01 1.308428e-19 -9.914449e-01
    outer loop
      vertex   -1.007500e+02 1.290000e+02 -5.905300e+00
      vertex   -1.006853e+02 1.276250e+02 -5.896782e+00
      vertex   -1.006853e+02 1.262500e+02 -5.896782e+00
    endloop
  endfacet
  facet normal 1.305262e-01 1.308428e-19 -9.914449e-01
    outer loop
      vertex   -1.007500e+02 1.290000e+02 -5.905300e+00
      vertex   -1.006853e+02 1.262500e+02 -5.896782e+00
      vertex   -1.006853e+02 1.248750e+02 -5.896782e+00
    endloop
  endfacet
  facet normal 3.826834e-01 0.000000e+00 -9.238795e-01
    outer loop
      vertex   -1.006853e+02 1.248750e+02 -5.896782e+00
      vertex   -1.006853e+02 1.262500e+02 -5.896782e+00
      vertex   -1.006250e+02 1.248750e+02 -5.871807e+00
    endloop
  endfacet
  facet normal 3.826834e-01 -9.338014e-19 -9.238795e-01
    outer loop
      vertex   -1.006853e+02 1.248750e+02 -5.896782e+00
      vertex   -1.006250e+02 1.248750e+02 -5.871807e+00
      vertex   -1.006250e+02 1.235000e+02 -5.871807e+00
    endloop
  endfacet
  facet normal 6.087614e-01 0.000000e+00 -7.933533e-01
    outer loop
      vertex   -1.006250e+02 1.235000e+02 -5.871807e+00
      vertex   -1.006250e+02 1.248750e+02 -5.871807e+00
      vertex   -1.005732e+02 1.235000e+02 -5.832077e+00
    endloop
  endfacet
  facet normal 6.087614e-01 -2.338001e-18 -7.933533e-01
    outer loop
      vertex   -1.006250e+02 1.235000e+02 -5.871807e+00
      vertex   -1.005732e+02 1.235000e+02 -5.832077e+00
      vertex   -1.005732e+02 1.221250e+02 -5.832077e+00
    endloop
  endfacet
  facet normal 7.933533e-01 0.000000e+00 -6.087614e-01
    outer loop
      vertex   -1.005732e+02 1.221250e+02 -5.832077e+00
      vertex   -1.005732e+02 1.235000e+02 -5.832077e+00
      vertex   -1.005335e+02 1.221250e+02 -5.780300e+00
    endloop
  endfacet
  facet normal 7.933533e-01 7.026180e-19 -6.087614e-01
    outer loop
      vertex   -1.005732e+02 1.221250e+02 -5.832077e+00
      vertex   -1.005335e+02 1.221250e+02 -5.780300e+00
      vertex   -1.005335e+02 1.207500e+02 -5.780300e+00
    endloop
  endfacet
  facet normal 9.238795e-01 0.000000e+00 -3.826834e-01
    outer loop
      vertex   -1.005335e+02 1.207500e+02 -5.780300e+00
      vertex   -1.005335e+02 1.221250e+02 -5.780300e+00
      vertex   -1.005085e+02 1.207500e+02 -5.720005e+00
    endloop
  endfacet
  facet normal 9.238795e-01 -4.952827e-16 -3.826834e-01
    outer loop
      vertex   -1.005335e+02 1.207500e+02 -5.780300e+00
      vertex   -1.005085e+02 1.207500e+02 -5.720005e+00
      vertex   -1.005085e+02 1.193750e+02 -5.720005e+00
    endloop
  endfacet
  facet normal 9.914449e-01 -1.686263e-16 -1.305262e-01
    outer loop
      vertex   -1.005085e+02 1.193750e+02 -5.720005e+00
      vertex   -1.005085e+02 1.207500e+02 -5.720005e+00
      vertex   -1.005000e+02 1.125000e+02 -5.655300e+00
    endloop
  endfacet
  facet normal 9.914449e-01 0.000000e+00 -1.305262e-01
    outer loop
      vertex   -1.005085e+02 1.193750e+02 -5.720005e+00
      vertex   -1.005000e+02 1.125000e+02 -5.655300e+00
      vertex   -1.005085e+02 1.180000e+02 -5.720005e+00
    endloop
  endfacet
  facet normal 9.914449e-01 0.000000e+00 -1.305262e-01
    outer loop
      vertex   -1.005085e+02 1.180000e+02 -5.720005e+00
      vertex   -1.005000e+02 1.125000e+02 -5.655300e+00
      vertex   -1.005085e+02 1.166250e+02 -5.720005e+00
    endloop
  endfacet
  facet normal 9.238795e-01 0.000000e+00 -3.826834e-01
    outer loop
      vertex   -1.005085e+02 1.180000e+02 -5.720005e+00
      vertex   -1.005085e+02 1.166250e+02 -5.720005e+00
      vertex   -1.005335e+02 1.180000e+02 -5.780300e+00
    endloop
  endfacet
  facet normal 9.238795e-01 0.000000e+00 -3.826834e-01
    outer loop
      vertex   -1.005335e+02 1.180000e+02 -5.780300e+00
      vertex   -1.005085e+02 1.166250e+02 -5.720005e+00
      vertex   -1.005335e+02 1.166250e+02 -5.780300e+00
    endloop
  endfacet
  facet normal 7.933533e-01 0.000000e+00 -6.087614e-01
    outer loop
      vertex   -1.005335e+02 1.180000e+02 -5.780300e+00
      vertex   -1.005335e+02 1.166250e+02 -5.780300e+00
      vertex   -1.005732e+02 1.180000e+02 -5.832077e+00
    endloop
  endfacet
  facet normal 7.933533e-01 0.000000e+00 -6.087614e-01
    outer loop
      vertex   -1.005732e+02 1.180000e+02 -5.832077e+00
      vertex   -1.005335e+02 1.166250e+02 -5.780300e+00
      vertex   -1.005732e+02 1.166250e+02 -5.832077e+00
    endloop
  endfacet
  facet normal 6.087614e-01 0.000000e+00 -7.933533e-01
    outer loop
      vertex   -1.005732e+02 1.180000e+02 -5.832077e+00
      vertex   -1.005732e+02 1.166250e+02 -5.832077e+00
      vertex   -1.006250e+02 1.180000e+02 -5.871807e+00
    endloop
  endfacet
  facet normal 6.087614e-01 -5.124650e-16 -7.933533e-01
    outer loop
      vertex   -1.006250e+02 1.180000e+02 -5.871807e+00
      vertex   -1.005732e+02 1.166250e+02 -5.832077e+00
      vertex   -1.006250e+02 1.166250e+02 -5.871807e+00
    endloop
  endfacet
  facet normal 3.826834e-01 -5.967781e-16 -9.238795e-01
    outer loop
      vertex   -1.006250e+02 1.180000e+02 -5.871807e+00
      vertex   -1.006250e+02 1.166250e+02 -5.871807e+00
      vertex   -1.006853e+02 1.180000e+02 -5.896782e+00
    endloop
  endfacet
  facet normal 3.826834e-01 0.000000e+00 -9.238795e-01
    outer loop
      vertex   -1.006853e+02 1.180000e+02 -5.896782e+00
      vertex   -1.006250e+02 1.166250e+02 -5.871807e+00
      vertex   -1.006853e+02 1.166250e+02 -5.896782e+00
    endloop
  endfacet
  facet normal 1.305262e-01 0.000000e+00 -9.914449e-01
    outer loop
      vertex   -1.006853e+02 1.180000e+02 -5.896782e+00
      vertex   -1.006853e+02 1.166250e+02 -5.896782e+00
      vertex   -1.007500e+02 1.125000e+02 -5.905300e+00
    endloop
  endfacet
  facet normal 1.305262e-01 -1.753505e-20 -9.914449e-01
    outer loop
      vertex   -1.007500e+02 1.125000e+02 -5.905300e+00
      vertex   -1.006853e+02 1.166250e+02 -5.896782e+00
      vertex   -1.006853e+02 1.152500e+02 -5.896782e+00
    endloop
  endfacet
  facet normal 1.305262e-01 -1.753505e-20 -9.914449e-01
    outer loop
      vertex   -1.007500e+02 1.125000e+02 -5.905300e+00
      vertex   -1.006853e+02 1.152500e+02 -5.896782e+00
      vertex   -1.006853e+02 1.138750e+02 -5.896782e+00
    endloop
  endfacet
  facet normal 3.826834e-01 0.000000e+00 -9.238795e-01
    outer loop
      vertex   -1.006853e+02 1.138750e+02 -5.896782e+00
      vertex   -1.006853e+02 1.152500e+02 -5.896782e+00
      vertex   -1.006250e+02 1.138750e+02 -5.871807e+00
    endloop
  endfacet
  facet normal 3.826834e-01 5.966733e-15 -9.238795e-01
    outer loop
      vertex   -1.006853e+02 1.138750e+02 -5.896782e+00
      vertex   -1.006250e+02 1.138750e+02 -5.871807e+00
      vertex   -1.006250e+02 1.125000e+02 -5.871807e+00
    endloop
  endfacet
  facet normal 6.087614e-01 5.124650e-15 -7.933533e-01
    outer loop
      vertex   -1.006250e+02 1.125000e+02 -5.871807e+00
      vertex   -1.006250e+02 1.138750e+02 -5.871807e+00
      vertex   -1.005732e+02 1.125000e+02 -5.832077e+00
    endloop
  endfacet
  facet normal 6.087614e-01 4.612185e-15 -7.933533e-01
    outer loop
      vertex   -1.005732e+02 1.125000e+02 -5.832077e+00
      vertex   -1.006250e+02 1.138750e+02 -5.871807e+00
      vertex   -1.005732e+02 1.138750e+02 -5.832077e+00
    endloop
  endfacet
  facet normal 7.933533e-01 3.539054e-15 -6.087614e-01
    outer loop
      vertex   -1.005732e+02 1.125000e+02 -5.832077e+00
      vertex   -1.005732e+02 1.138750e+02 -5.832077e+00
      vertex   -1.005335e+02 1.125000e+02 -5.780300e+00
    endloop
  endfacet
  facet normal 7.933533e-01 1.954470e-14 -6.087614e-01
    outer loop
      vertex   -1.005335e+02 1.125000e+02 -5.780300e+00
      vertex   -1.005732e+02 1.138750e+02 -5.832077e+00
      vertex   -1.005335e+02 1.138750e+02 -5.780300e+00
    endloop
  endfacet
  facet normal 9.238795e-01 2.107445e-14 -3.826834e-01
    outer loop
      vertex   -1.005335e+02 1.125000e+02 -5.780300e+00
      vertex   -1.005335e+02 1.138750e+02 -5.780300e+00
      vertex   -1.005085e+02 1.125000e+02 -5.720005e+00
    endloop
  endfacet
  facet normal 9.238795e-01 1.078442e-14 -3.826834e-01
    outer loop
      vertex   -1.005085e+02 1.125000e+02 -5.720005e+00
      vertex   -1.005335e+02 1.138750e+02 -5.780300e+00
      vertex   -1.005085e+02 1.138750e+02 -5.720005e+00
    endloop
  endfacet
  facet normal 9.914449e-01 1.066831e-14 -1.305262e-01
    outer loop
      vertex   -1.005085e+02 1.125000e+02 -5.720005e+00
      vertex   -1.005085e+02 1.138750e+02 -5.720005e+00
      vertex   -1.005000e+02 1.125000e+02 -5.655300e+00
    endloop
  endfacet
  facet normal 9.914449e-01 3.436057e-19 -1.305262e-01
    outer loop
      vertex   -1.005000e+02 1.125000e+02 -5.655300e+00
      vertex   -1.005085e+02 1.138750e+02 -5.720005e+00
      vertex   -1.005085e+02 1.152500e+02 -5.720005e+00
    endloop
  endfacet
  facet normal 9.914449e-01 3.436057e-19 -1.305262e-01
    outer loop
      vertex   -1.005000e+02 1.125000e+02 -5.655300e+00
      vertex   -1.005085e+02 1.152500e+02 -5.720005e+00
      vertex   -1.005085e+02 1.166250e+02 -5.720005e+00
    endloop
  endfacet
  facet normal 9.238795e-01 0.000000e+00 -3.826834e-01
    outer loop
      vertex   -1.005085e+02 1.166250e+02 -5.720005e+00
      vertex   -1.005085e+02 1.152500e+02 -5.720005e+00
      vertex   -1.005335e+02 1.166250e+02 -5.780300e+00
    endloop
  endfacet
  facet normal 3.826834e-01 6.564559e-15 -9.238795e-01
    outer loop
      vertex   -1.006853e+02 1.276250e+02 -5.896782e+00
      vertex   -1.006853e+02 1.290000e+02 -5.896782e+00
      vertex   -1.006250e+02 1.276250e+02 -5.871807e+00
    endloop
  endfacet
  facet normal 3.826834e-01 4.177447e-15 -9.238795e-01
    outer loop
      vertex   -1.006250e+02 1.276250e+02 -5.871807e+00
      vertex   -1.006853e+02 1.290000e+02 -5.896782e+00
      vertex   -1.006250e+02 1.290000e+02 -5.871807e+00
    endloop
  endfacet
  facet normal 6.087614e-01 3.587255e-15 -7.933533e-01
    outer loop
      vertex   -1.006250e+02 1.276250e+02 -5.871807e+00
      vertex   -1.006250e+02 1.290000e+02 -5.871807e+00
      vertex   -1.005732e+02 1.276250e+02 -5.832077e+00
    endloop
  endfacet
  facet normal 6.087614e-01 -1.537395e-15 -7.933533e-01
    outer loop
      vertex   -1.005732e+02 1.276250e+02 -5.832077e+00
      vertex   -1.006250e+02 1.290000e+02 -5.871807e+00
      vertex   -1.005732e+02 1.290000e+02 -5.832077e+00
    endloop
  endfacet
  facet normal 7.933533e-01 -1.179685e-15 -6.087614e-01
    outer loop
      vertex   -1.005732e+02 1.276250e+02 -5.832077e+00
      vertex   -1.005732e+02 1.290000e+02 -5.832077e+00
      vertex   -1.005335e+02 1.276250e+02 -5.780300e+00
    endloop
  endfacet
  facet normal 7.933533e-01 0.000000e+00 -6.087614e-01
    outer loop
      vertex   -1.005335e+02 1.276250e+02 -5.780300e+00
      vertex   -1.005732e+02 1.290000e+02 -5.832077e+00
      vertex   -1.005335e+02 1.290000e+02 -5.780300e+00
    endloop
  endfacet
  facet normal 9.238795e-01 0.000000e+00 -3.826834e-01
    outer loop
      vertex   -1.005335e+02 1.276250e+02 -5.780300e+00
      vertex   -1.005335e+02 1.290000e+02 -5.780300e+00
      vertex   -1.005085e+02 1.276250e+02 -5.720005e+00
    endloop
  endfacet
  facet normal 9.238795e-01 -2.471936e-16 -3.826834e-01
    outer loop
      vertex   -1.005085e+02 1.276250e+02 -5.720005e+00
      vertex   -1.005335e+02 1.290000e+02 -5.780300e+00
      vertex   -1.005085e+02 1.290000e+02 -5.720005e+00
    endloop
  endfacet
  facet normal 9.914449e-01 -8.431313e-17 -1.305262e-01
    outer loop
      vertex   -1.005085e+02 1.276250e+02 -5.720005e+00
      vertex   -1.005085e+02 1.290000e+02 -5.720005e+00
      vertex   -1.005000e+02 1.290000e+02 -5.655300e+00
    endloop
  endfacet
  facet normal 9.914449e-01 -2.107828e-17 -1.305262e-01
    outer loop
      vertex   -1.005000e+02 1.125000e+02 -5.655300e+00
      vertex   -1.005085e+02 1.207500e+02 -5.720005e+00
      vertex   -1.005000e+02 1.290000e+02 -5.655300e+00
    endloop
  endfacet
  facet normal 9.914449e-01 -6.035140e-19 -1.305262e-01
    outer loop
      vertex   -1.005000e+02 1.290000e+02 -5.655300e+00
      vertex   -1.005085e+02 1.207500e+02 -5.720005e+00
      vertex   -1.005085e+02 1.221250e+02 -5.720005e+00
    endloop
  endfacet
  facet normal 9.914449e-01 -6.035140e-19 -1.305262e-01
    outer loop
      vertex   -1.005000e+02 1.290000e+02 -5.655300e+00
      vertex   -1.005085e+02 1.221250e+02 -5.720005e+00
      vertex   -1.005085e+02 1.235000e+02 -5.720005e+00
    endloop
  endfacet
  facet normal 9.238795e-01 0.000000e+00 -3.826834e-01
    outer loop
      vertex   -1.005085e+02 1.235000e+02 -5.720005e+00
      vertex   -1.005085e+02 1.221250e+02 -5.720005e+00
      vertex   -1.005335e+02 1.235000e+02 -5.780300e+00
    endloop
  endfacet
  facet normal 9.238795e-01 -2.463929e-16 -3.826834e-01
    outer loop
      vertex   -1.005085e+02 1.235000e+02 -5.720005e+00
      vertex   -1.005335e+02 1.235000e+02 -5.780300e+00
      vertex   -1.005335e+02 1.248750e+02 -5.780300e+00
    endloop
  endfacet
  facet normal 7.933533e-01 -3.932282e-16 -6.087614e-01
    outer loop
      vertex   -1.005335e+02 1.248750e+02 -5.780300e+00
      vertex   -1.005335e+02 1.235000e+02 -5.780300e+00
      vertex   -1.005732e+02 1.248750e+02 -5.832077e+00
    endloop
  endfacet
  facet normal 7.933533e-01 1.994576e-18 -6.087614e-01
    outer loop
      vertex   -1.005335e+02 1.248750e+02 -5.780300e+00
      vertex   -1.005732e+02 1.248750e+02 -5.832077e+00
      vertex   -1.005732e+02 1.262500e+02 -5.832077e+00
    endloop
  endfacet
  facet normal 6.087614e-01 0.000000e+00 -7.933533e-01
    outer loop
      vertex   -1.005732e+02 1.262500e+02 -5.832077e+00
      vertex   -1.005732e+02 1.248750e+02 -5.832077e+00
      vertex   -1.006250e+02 1.262500e+02 -5.871807e+00
    endloop
  endfacet
  facet normal 6.087614e-01 -1.964212e-18 -7.933533e-01
    outer loop
      vertex   -1.005732e+02 1.262500e+02 -5.832077e+00
      vertex   -1.006250e+02 1.262500e+02 -5.871807e+00
      vertex   -1.006250e+02 1.276250e+02 -5.871807e+00
    endloop
  endfacet
  facet normal 3.826834e-01 0.000000e+00 -9.238795e-01
    outer loop
      vertex   -1.006250e+02 1.276250e+02 -5.871807e+00
      vertex   -1.006250e+02 1.262500e+02 -5.871807e+00
      vertex   -1.006853e+02 1.276250e+02 -5.896782e+00
    endloop
  endfacet
  facet normal 3.826834e-01 1.789286e-15 -9.238795e-01
    outer loop
      vertex   -1.006250e+02 1.125000e+02 -5.871807e+00
      vertex   -1.006853e+02 1.125000e+02 -5.896782e+00
      vertex   -1.006853e+02 1.138750e+02 -5.896782e+00
    endloop
  endfacet
  facet normal 1.305262e-01 1.921265e-15 -9.914449e-01
    outer loop
      vertex   -1.006853e+02 1.138750e+02 -5.896782e+00
      vertex   -1.006853e+02 1.125000e+02 -5.896782e+00
      vertex   -1.007500e+02 1.125000e+02 -5.905300e+00
    endloop
  endfacet
  facet normal 1.305262e-01 -1.067370e-16 -9.914449e-01
    outer loop
      vertex   -1.007500e+02 1.290000e+02 -5.905300e+00
      vertex   -1.006853e+02 1.207500e+02 -5.896782e+00
      vertex   -1.007500e+02 1.125000e+02 -5.905300e+00
    endloop
  endfacet
  facet normal 1.305262e-01 -6.403651e-16 -9.914449e-01
    outer loop
      vertex   -1.007500e+02 1.125000e+02 -5.905300e+00
      vertex   -1.006853e+02 1.207500e+02 -5.896782e+00
      vertex   -1.006853e+02 1.193750e+02 -5.896782e+00
    endloop
  endfacet
  facet normal 1.305262e-01 6.404042e-16 -9.914449e-01
    outer loop
      vertex   -1.007500e+02 1.125000e+02 -5.905300e+00
      vertex   -1.006853e+02 1.193750e+02 -5.896782e+00
      vertex   -1.006853e+02 1.180000e+02 -5.896782e+00
    endloop
  endfacet
  facet normal 3.826834e-01 5.967781e-16 -9.238795e-01
    outer loop
      vertex   -1.006853e+02 1.180000e+02 -5.896782e+00
      vertex   -1.006853e+02 1.193750e+02 -5.896782e+00
      vertex   -1.006250e+02 1.180000e+02 -5.871807e+00
    endloop
  endfacet
  facet normal 3.826834e-01 -5.967781e-16 -9.238795e-01
    outer loop
      vertex   -1.006250e+02 1.248750e+02 -5.871807e+00
      vertex   -1.006853e+02 1.262500e+02 -5.896782e+00
      vertex   -1.006250e+02 1.262500e+02 -5.871807e+00
    endloop
  endfacet
  facet normal 3.826834e-01 -8.596125e-19 -9.238795e-01
    outer loop
      vertex   -1.006250e+02 1.262500e+02 -5.871807e+00
      vertex   -1.006853e+02 1.262500e+02 -5.896782e+00
      vertex   -1.006853e+02 1.276250e+02 -5.896782e+00
    endloop
  endfacet
  facet normal 1.305262e-01 0.000000e+00 -9.914449e-01
    outer loop
      vertex   -1.006853e+02 1.248750e+02 -5.896782e+00
      vertex   -1.006853e+02 1.235000e+02 -5.896782e+00
      vertex   -1.007500e+02 1.290000e+02 -5.905300e+00
    endloop
  endfacet
  facet normal 1.305262e-01 1.308428e-19 -9.914449e-01
    outer loop
      vertex   -1.007500e+02 1.290000e+02 -5.905300e+00
      vertex   -1.006853e+02 1.235000e+02 -5.896782e+00
      vertex   -1.006853e+02 1.221250e+02 -5.896782e+00
    endloop
  endfacet
  facet normal 1.305262e-01 1.308428e-19 -9.914449e-01
    outer loop
      vertex   -1.007500e+02 1.290000e+02 -5.905300e+00
      vertex   -1.006853e+02 1.221250e+02 -5.896782e+00
      vertex   -1.006853e+02 1.207500e+02 -5.896782e+00
    endloop
  endfacet
  facet normal 3.826834e-01 0.000000e+00 -9.238795e-01
    outer loop
      vertex   -1.006853e+02 1.207500e+02 -5.896782e+00
      vertex   -1.006853e+02 1.221250e+02 -5.896782e+00
      vertex   -1.006250e+02 1.207500e+02 -5.871807e+00
    endloop
  endfacet
  facet normal 3.826834e-01 2.760385e-15 -9.238795e-01
    outer loop
      vertex   -1.006853e+02 1.207500e+02 -5.896782e+00
      vertex   -1.006250e+02 1.207500e+02 -5.871807e+00
      vertex   -1.006250e+02 1.193750e+02 -5.871807e+00
    endloop
  endfacet
  facet normal 6.087614e-01 5.266721e-15 -7.933533e-01
    outer loop
      vertex   -1.006250e+02 1.193750e+02 -5.871807e+00
      vertex   -1.006250e+02 1.207500e+02 -5.871807e+00
      vertex   -1.005732e+02 1.193750e+02 -5.832077e+00
    endloop
  endfacet
  facet normal 6.087614e-01 -2.228645e-18 -7.933533e-01
    outer loop
      vertex   -1.006250e+02 1.193750e+02 -5.871807e+00
      vertex   -1.005732e+02 1.193750e+02 -5.832077e+00
      vertex   -1.005732e+02 1.180000e+02 -5.832077e+00
    endloop
  endfacet
  facet normal 7.933533e-01 0.000000e+00 -6.087614e-01
    outer loop
      vertex   -1.005732e+02 1.180000e+02 -5.832077e+00
      vertex   -1.005732e+02 1.193750e+02 -5.832077e+00
      vertex   -1.005335e+02 1.180000e+02 -5.780300e+00
    endloop
  endfacet
  facet normal 3.826834e-01 0.000000e+00 -9.238795e-01
    outer loop
      vertex   -1.006853e+02 1.248750e+02 -5.896782e+00
      vertex   -1.006250e+02 1.235000e+02 -5.871807e+00
      vertex   -1.006853e+02 1.235000e+02 -5.896782e+00
    endloop
  endfacet
  facet normal 3.826834e-01 -9.338014e-19 -9.238795e-01
    outer loop
      vertex   -1.006853e+02 1.235000e+02 -5.896782e+00
      vertex   -1.006250e+02 1.235000e+02 -5.871807e+00
      vertex   -1.006250e+02 1.221250e+02 -5.871807e+00
    endloop
  endfacet
  facet normal 3.826834e-01 0.000000e+00 -9.238795e-01
    outer loop
      vertex   -1.006853e+02 1.235000e+02 -5.896782e+00
      vertex   -1.006250e+02 1.221250e+02 -5.871807e+00
      vertex   -1.006853e+02 1.221250e+02 -5.896782e+00
    endloop
  endfacet
  facet normal 3.826834e-01 -5.977861e-16 -9.238795e-01
    outer loop
      vertex   -1.006853e+02 1.221250e+02 -5.896782e+00
      vertex   -1.006250e+02 1.221250e+02 -5.871807e+00
      vertex   -1.006250e+02 1.207500e+02 -5.871807e+00
    endloop
  endfacet
  facet normal 3.826834e-01 0.000000e+00 -9.238795e-01
    outer loop
      vertex   -1.006250e+02 1.180000e+02 -5.871807e+00
      vertex   -1.006853e+02 1.193750e+02 -5.896782e+00
      vertex   -1.006250e+02 1.193750e+02 -5.871807e+00
    endloop
  endfacet
  facet normal 3.826834e-01 -5.960774e-16 -9.238795e-01
    outer loop
      vertex   -1.006250e+02 1.193750e+02 -5.871807e+00
      vertex   -1.006853e+02 1.193750e+02 -5.896782e+00
      vertex   -1.006853e+02 1.207500e+02 -5.896782e+00
    endloop
  endfacet
  facet normal 3.826834e-01 0.000000e+00 -9.238795e-01
    outer loop
      vertex   -1.006853e+02 1.152500e+02 -5.896782e+00
      vertex   -1.006853e+02 1.166250e+02 -5.896782e+00
      vertex   -1.006250e+02 1.152500e+02 -5.871807e+00
    endloop
  endfacet
  facet normal 3.826834e-01 0.000000e+00 -9.238795e-01
    outer loop
      vertex   -1.006250e+02 1.152500e+02 -5.871807e+00
      vertex   -1.006853e+02 1.166250e+02 -5.896782e+00
      vertex   -1.006250e+02 1.166250e+02 -5.871807e+00
    endloop
  endfacet
  facet normal 6.087614e-01 0.000000e+00 -7.933533e-01
    outer loop
      vertex   -1.006250e+02 1.152500e+02 -5.871807e+00
      vertex   -1.006250e+02 1.166250e+02 -5.871807e+00
      vertex   -1.005732e+02 1.152500e+02 -5.832077e+00
    endloop
  endfacet
  facet normal 6.087614e-01 5.124650e-16 -7.933533e-01
    outer loop
      vertex   -1.005732e+02 1.152500e+02 -5.832077e+00
      vertex   -1.006250e+02 1.166250e+02 -5.871807e+00
      vertex   -1.005732e+02 1.166250e+02 -5.832077e+00
    endloop
  endfacet
  facet normal 7.933533e-01 3.932282e-16 -6.087614e-01
    outer loop
      vertex   -1.005732e+02 1.152500e+02 -5.832077e+00
      vertex   -1.005732e+02 1.166250e+02 -5.832077e+00
      vertex   -1.005335e+02 1.152500e+02 -5.780300e+00
    endloop
  endfacet
  facet normal 7.933533e-01 0.000000e+00 -6.087614e-01
    outer loop
      vertex   -1.005335e+02 1.152500e+02 -5.780300e+00
      vertex   -1.005732e+02 1.166250e+02 -5.832077e+00
      vertex   -1.005335e+02 1.166250e+02 -5.780300e+00
    endloop
  endfacet
  facet normal 9.238795e-01 0.000000e+00 -3.826834e-01
    outer loop
      vertex   -1.005335e+02 1.152500e+02 -5.780300e+00
      vertex   -1.005335e+02 1.166250e+02 -5.780300e+00
      vertex   -1.005085e+02 1.152500e+02 -5.720005e+00
    endloop
  endfacet
  facet normal 6.087614e-01 5.124650e-16 -7.933533e-01
    outer loop
      vertex   -1.005732e+02 1.262500e+02 -5.832077e+00
      vertex   -1.006250e+02 1.276250e+02 -5.871807e+00
      vertex   -1.005732e+02 1.276250e+02 -5.832077e+00
    endloop
  endfacet
  facet normal 6.087614e-01 5.124650e-16 -7.933533e-01
    outer loop
      vertex   -1.005732e+02 1.235000e+02 -5.832077e+00
      vertex   -1.006250e+02 1.248750e+02 -5.871807e+00
      vertex   -1.005732e+02 1.248750e+02 -5.832077e+00
    endloop
  endfacet
  facet normal 6.087614e-01 -5.144292e-16 -7.933533e-01
    outer loop
      vertex   -1.005732e+02 1.248750e+02 -5.832077e+00
      vertex   -1.006250e+02 1.248750e+02 -5.871807e+00
      vertex   -1.006250e+02 1.262500e+02 -5.871807e+00
    endloop
  endfacet
  facet normal 6.087614e-01 0.000000e+00 -7.933533e-01
    outer loop
      vertex   -1.006250e+02 1.235000e+02 -5.871807e+00
      vertex   -1.005732e+02 1.221250e+02 -5.832077e+00
      vertex   -1.006250e+02 1.221250e+02 -5.871807e+00
    endloop
  endfacet
  facet normal 6.087614e-01 -2.338001e-18 -7.933533e-01
    outer loop
      vertex   -1.006250e+02 1.221250e+02 -5.871807e+00
      vertex   -1.005732e+02 1.221250e+02 -5.832077e+00
      vertex   -1.005732e+02 1.207500e+02 -5.832077e+00
    endloop
  endfacet
  facet normal 6.087614e-01 -5.124650e-16 -7.933533e-01
    outer loop
      vertex   -1.006250e+02 1.221250e+02 -5.871807e+00
      vertex   -1.005732e+02 1.207500e+02 -5.832077e+00
      vertex   -1.006250e+02 1.207500e+02 -5.871807e+00
    endloop
  endfacet
  facet normal 6.087614e-01 2.307917e-18 -7.933533e-01
    outer loop
      vertex   -1.006250e+02 1.207500e+02 -5.871807e+00
      vertex   -1.005732e+02 1.207500e+02 -5.832077e+00
      vertex   -1.005732e+02 1.193750e+02 -5.832077e+00
    endloop
  endfacet
  facet normal 6.087614e-01 -2.228645e-18 -7.933533e-01
    outer loop
      vertex   -1.005732e+02 1.180000e+02 -5.832077e+00
      vertex   -1.006250e+02 1.180000e+02 -5.871807e+00
      vertex   -1.006250e+02 1.193750e+02 -5.871807e+00
    endloop
  endfacet
  facet normal 6.087614e-01 2.230378e-18 -7.933533e-01
    outer loop
      vertex   -1.005732e+02 1.138750e+02 -5.832077e+00
      vertex   -1.006250e+02 1.138750e+02 -5.871807e+00
      vertex   -1.006250e+02 1.152500e+02 -5.871807e+00
    endloop
  endfacet
  facet normal 3.826834e-01 0.000000e+00 -9.238795e-01
    outer loop
      vertex   -1.006250e+02 1.152500e+02 -5.871807e+00
      vertex   -1.006250e+02 1.138750e+02 -5.871807e+00
      vertex   -1.006853e+02 1.152500e+02 -5.896782e+00
    endloop
  endfacet
  facet normal 6.087614e-01 0.000000e+00 -7.933533e-01
    outer loop
      vertex   -1.005732e+02 1.138750e+02 -5.832077e+00
      vertex   -1.006250e+02 1.152500e+02 -5.871807e+00
      vertex   -1.005732e+02 1.152500e+02 -5.832077e+00
    endloop
  endfacet
  facet normal 7.933533e-01 3.932282e-16 -6.087614e-01
    outer loop
      vertex   -1.005732e+02 1.262500e+02 -5.832077e+00
      vertex   -1.005732e+02 1.276250e+02 -5.832077e+00
      vertex   -1.005335e+02 1.262500e+02 -5.780300e+00
    endloop
  endfacet
  facet normal 7.933533e-01 0.000000e+00 -6.087614e-01
    outer loop
      vertex   -1.005335e+02 1.262500e+02 -5.780300e+00
      vertex   -1.005732e+02 1.276250e+02 -5.832077e+00
      vertex   -1.005335e+02 1.276250e+02 -5.780300e+00
    endloop
  endfacet
  facet normal 9.238795e-01 0.000000e+00 -3.826834e-01
    outer loop
      vertex   -1.005335e+02 1.262500e+02 -5.780300e+00
      vertex   -1.005335e+02 1.276250e+02 -5.780300e+00
      vertex   -1.005085e+02 1.262500e+02 -5.720005e+00
    endloop
  endfacet
  facet normal 9.238795e-01 0.000000e+00 -3.826834e-01
    outer loop
      vertex   -1.005085e+02 1.262500e+02 -5.720005e+00
      vertex   -1.005335e+02 1.276250e+02 -5.780300e+00
      vertex   -1.005085e+02 1.276250e+02 -5.720005e+00
    endloop
  endfacet
  facet normal 9.914449e-01 0.000000e+00 -1.305262e-01
    outer loop
      vertex   -1.005085e+02 1.262500e+02 -5.720005e+00
      vertex   -1.005085e+02 1.276250e+02 -5.720005e+00
      vertex   -1.005000e+02 1.290000e+02 -5.655300e+00
    endloop
  endfacet
  facet normal 7.933533e-01 0.000000e+00 -6.087614e-01
    outer loop
      vertex   -1.005335e+02 1.221250e+02 -5.780300e+00
      vertex   -1.005732e+02 1.235000e+02 -5.832077e+00
      vertex   -1.005335e+02 1.235000e+02 -5.780300e+00
    endloop
  endfacet
  facet normal 7.933533e-01 3.921604e-16 -6.087614e-01
    outer loop
      vertex   -1.005335e+02 1.235000e+02 -5.780300e+00
      vertex   -1.005732e+02 1.235000e+02 -5.832077e+00
      vertex   -1.005732e+02 1.248750e+02 -5.832077e+00
    endloop
  endfacet
  facet normal 7.933533e-01 0.000000e+00 -6.087614e-01
    outer loop
      vertex   -1.005732e+02 1.221250e+02 -5.832077e+00
      vertex   -1.005335e+02 1.207500e+02 -5.780300e+00
      vertex   -1.005732e+02 1.207500e+02 -5.832077e+00
    endloop
  endfacet
  facet normal 7.933533e-01 -3.955880e-16 -6.087614e-01
    outer loop
      vertex   -1.005732e+02 1.207500e+02 -5.832077e+00
      vertex   -1.005335e+02 1.207500e+02 -5.780300e+00
      vertex   -1.005335e+02 1.193750e+02 -5.780300e+00
    endloop
  endfacet
  facet normal 7.933533e-01 0.000000e+00 -6.087614e-01
    outer loop
      vertex   -1.005732e+02 1.207500e+02 -5.832077e+00
      vertex   -1.005335e+02 1.193750e+02 -5.780300e+00
      vertex   -1.005732e+02 1.193750e+02 -5.832077e+00
    endloop
  endfacet
  facet normal 7.933533e-01 -3.938175e-16 -6.087614e-01
    outer loop
      vertex   -1.005732e+02 1.193750e+02 -5.832077e+00
      vertex   -1.005335e+02 1.193750e+02 -5.780300e+00
      vertex   -1.005335e+02 1.180000e+02 -5.780300e+00
    endloop
  endfacet
  facet normal 7.933533e-01 1.181087e-18 -6.087614e-01
    outer loop
      vertex   -1.005335e+02 1.138750e+02 -5.780300e+00
      vertex   -1.005732e+02 1.138750e+02 -5.832077e+00
      vertex   -1.005732e+02 1.152500e+02 -5.832077e+00
    endloop
  endfacet
  facet normal 7.933533e-01 0.000000e+00 -6.087614e-01
    outer loop
      vertex   -1.005335e+02 1.138750e+02 -5.780300e+00
      vertex   -1.005732e+02 1.152500e+02 -5.832077e+00
      vertex   -1.005335e+02 1.152500e+02 -5.780300e+00
    endloop
  endfacet
  facet normal 7.933533e-01 1.994576e-18 -6.087614e-01
    outer loop
      vertex   -1.005732e+02 1.262500e+02 -5.832077e+00
      vertex   -1.005335e+02 1.262500e+02 -5.780300e+00
      vertex   -1.005335e+02 1.248750e+02 -5.780300e+00
    endloop
  endfacet
  facet normal 9.238795e-01 0.000000e+00 -3.826834e-01
    outer loop
      vertex   -1.005335e+02 1.248750e+02 -5.780300e+00
      vertex   -1.005335e+02 1.262500e+02 -5.780300e+00
      vertex   -1.005085e+02 1.248750e+02 -5.720005e+00
    endloop
  endfacet
  facet normal 9.238795e-01 -2.463929e-16 -3.826834e-01
    outer loop
      vertex   -1.005335e+02 1.248750e+02 -5.780300e+00
      vertex   -1.005085e+02 1.248750e+02 -5.720005e+00
      vertex   -1.005085e+02 1.235000e+02 -5.720005e+00
    endloop
  endfacet
  facet normal 9.914449e-01 -8.431313e-17 -1.305262e-01
    outer loop
      vertex   -1.005085e+02 1.235000e+02 -5.720005e+00
      vertex   -1.005085e+02 1.248750e+02 -5.720005e+00
      vertex   -1.005000e+02 1.290000e+02 -5.655300e+00
    endloop
  endfacet
  facet normal 9.238795e-01 0.000000e+00 -3.826834e-01
    outer loop
      vertex   -1.005085e+02 1.248750e+02 -5.720005e+00
      vertex   -1.005335e+02 1.262500e+02 -5.780300e+00
      vertex   -1.005085e+02 1.262500e+02 -5.720005e+00
    endloop
  endfacet
  facet normal 9.238795e-01 0.000000e+00 -3.826834e-01
    outer loop
      vertex   -1.005085e+02 1.207500e+02 -5.720005e+00
      vertex   -1.005335e+02 1.221250e+02 -5.780300e+00
      vertex   -1.005085e+02 1.221250e+02 -5.720005e+00
    endloop
  endfacet
  facet normal 9.238795e-01 8.053246e-20 -3.826834e-01
    outer loop
      vertex   -1.005085e+02 1.221250e+02 -5.720005e+00
      vertex   -1.005335e+02 1.221250e+02 -5.780300e+00
      vertex   -1.005335e+02 1.235000e+02 -5.780300e+00
    endloop
  endfacet
  facet normal 9.238795e-01 -2.463929e-16 -3.826834e-01
    outer loop
      vertex   -1.005085e+02 1.180000e+02 -5.720005e+00
      vertex   -1.005335e+02 1.180000e+02 -5.780300e+00
      vertex   -1.005335e+02 1.193750e+02 -5.780300e+00
    endloop
  endfacet
  facet normal 9.238795e-01 0.000000e+00 -3.826834e-01
    outer loop
      vertex   -1.005085e+02 1.180000e+02 -5.720005e+00
      vertex   -1.005335e+02 1.193750e+02 -5.780300e+00
      vertex   -1.005085e+02 1.193750e+02 -5.720005e+00
    endloop
  endfacet
  facet normal 9.238795e-01 -2.480891e-16 -3.826834e-01
    outer loop
      vertex   -1.005085e+02 1.193750e+02 -5.720005e+00
      vertex   -1.005335e+02 1.193750e+02 -5.780300e+00
      vertex   -1.005335e+02 1.207500e+02 -5.780300e+00
    endloop
  endfacet
  facet normal 9.238795e-01 8.053246e-20 -3.826834e-01
    outer loop
      vertex   -1.005085e+02 1.138750e+02 -5.720005e+00
      vertex   -1.005335e+02 1.138750e+02 -5.780300e+00
      vertex   -1.005335e+02 1.152500e+02 -5.780300e+00
    endloop
  endfacet
  facet normal 9.238795e-01 0.000000e+00 -3.826834e-01
    outer loop
      vertex   -1.005085e+02 1.138750e+02 -5.720005e+00
      vertex   -1.005335e+02 1.152500e+02 -5.780300e+00
      vertex   -1.005085e+02 1.152500e+02 -5.720005e+00
    endloop
  endfacet
  facet normal 9.914449e-01 3.436057e-19 -1.305262e-01
    outer loop
      vertex   -1.005000e+02 1.290000e+02 -5.655300e+00
      vertex   -1.005085e+02 1.248750e+02 -5.720005e+00
      vertex   -1.005085e+02 1.262500e+02 -5.720005e+00
    endloop
  endfacet
  facet normal 1.000000e+00 0.000000e+00 0.000000e+00
    outer loop
      vertex   -1.005000e+02 1.290000e+02 9.469957e-02
      vertex   -1.005000e+02 1.125000e+02 9.469957e-02
      vertex   -1.005000e+02 1.290000e+02 -5.655300e+00
    endloop
  endfacet
  facet normal 1.000000e+00 0.000000e+00 0.000000e+00
    outer loop
      vertex   -1.005000e+02 1.290000e+02 -5.655300e+00
      vertex   -1.005000e+02 1.125000e+02 9.469957e-02
      vertex   -1.005000e+02 1.125000e+02 -5.655300e+00
    endloop
  endfacet
  facet normal 1.305193e-01 -1.027209e-02 -9.913926e-01
    outer loop
      vertex   -1.007500e+02 1.125000e+02 -5.905300e+00
      vertex   -1.006853e+02 1.125000e+02 -5.896782e+00
      vertex   -1.007715e+02 1.122262e+02 -5.905300e+00
    endloop
  endfacet
  facet normal 1.305193e-01 -1.027209e-02 -9.913926e-01
    outer loop
      vertex   -1.007715e+02 1.122262e+02 -5.905300e+00
      vertex   -1.006853e+02 1.125000e+02 -5.896782e+00
      vertex   -1.007076e+02 1.122161e+02 -5.896782e+00
    endloop
  endfacet
  facet normal 1.273055e-01 -3.056334e-02 -9.913926e-01
    outer loop
      vertex   -1.007715e+02 1.122262e+02 -5.905300e+00
      vertex   -1.007076e+02 1.122161e+02 -5.896782e+00
      vertex   -1.008357e+02 1.119592e+02 -5.905300e+00
    endloop
  endfacet
  facet normal 1.273055e-01 -3.056334e-02 -9.913926e-01
    outer loop
      vertex   -1.008357e+02 1.119592e+02 -5.905300e+00
      vertex   -1.007076e+02 1.122161e+02 -5.896782e+00
      vertex   -1.007741e+02 1.119392e+02 -5.896782e+00
    endloop
  endfacet
  facet normal 1.209570e-01 -5.010202e-02 -9.913926e-01
    outer loop
      vertex   -1.008357e+02 1.119592e+02 -5.905300e+00
      vertex   -1.007741e+02 1.119392e+02 -5.896782e+00
      vertex   -1.009407e+02 1.117055e+02 -5.905300e+00
    endloop
  endfacet
  facet normal 1.209570e-01 -5.010202e-02 -9.913926e-01
    outer loop
      vertex   -1.009407e+02 1.117055e+02 -5.905300e+00
      vertex   -1.007741e+02 1.119392e+02 -5.896782e+00
      vertex   -1.008831e+02 1.116761e+02 -5.896782e+00
    endloop
  endfacet
  facet normal 1.116301e-01 -6.840703e-02 -9.913926e-01
    outer loop
      vertex   -1.009407e+02 1.117055e+02 -5.905300e+00
      vertex   -1.008831e+02 1.116761e+02 -5.896782e+00
      vertex   -1.010842e+02 1.114714e+02 -5.905300e+00
    endloop
  endfacet
  facet normal 1.116301e-01 -6.840703e-02 -9.913926e-01
    outer loop
      vertex   -1.010842e+02 1.114714e+02 -5.905300e+00
      vertex   -1.008831e+02 1.116761e+02 -5.896782e+00
      vertex   -1.010319e+02 1.114333e+02 -5.896782e+00
    endloop
  endfacet
  facet normal 9.955455e-02 -8.502762e-02 -9.913926e-01
    outer loop
      vertex   -1.010842e+02 1.114714e+02 -5.905300e+00
      vertex   -1.010319e+02 1.114333e+02 -5.896782e+00
      vertex   -1.012626e+02 1.112626e+02 -5.905300e+00
    endloop
  endfacet
  facet normal 9.955455e-02 -8.502762e-02 -9.913926e-01
    outer loop
      vertex   -1.012626e+02 1.112626e+02 -5.905300e+00
      vertex   -1.010319e+02 1.114333e+02 -5.896782e+00
      vertex   -1.012168e+02 1.112168e+02 -5.896782e+00
    endloop
  endfacet
  facet normal 8.502762e-02 -9.955455e-02 -9.913926e-01
    outer loop
      vertex   -1.012626e+02 1.112626e+02 -5.905300e+00
      vertex   -1.012168e+02 1.112168e+02 -5.896782e+00
      vertex   -1.014714e+02 1.110842e+02 -5.905300e+00
    endloop
  endfacet
  facet normal 8.502762e-02 -9.955455e-02 -9.913926e-01
    outer loop
      vertex   -1.014714e+02 1.110842e+02 -5.905300e+00
      vertex   -1.012168e+02 1.112168e+02 -5.896782e+00
      vertex   -1.014333e+02 1.110319e+02 -5.896782e+00
    endloop
  endfacet
  facet normal 6.840703e-02 -1.116301e-01 -9.913926e-01
    outer loop
      vertex   -1.014714e+02 1.110842e+02 -5.905300e+00
      vertex   -1.014333e+02 1.110319e+02 -5.896782e+00
      vertex   -1.017055e+02 1.109407e+02 -5.905300e+00
    endloop
  endfacet
  facet normal 6.840703e-02 -1.116301e-01 -9.913926e-01
    outer loop
      vertex   -1.017055e+02 1.109407e+02 -5.905300e+00
      vertex   -1.014333e+02 1.110319e+02 -5.896782e+00
      vertex   -1.016761e+02 1.108831e+02 -5.896782e+00
    endloop
  endfacet
  facet normal 5.010202e-02 -1.209570e-01 -9.913926e-01
    outer loop
      vertex   -1.017055e+02 1.109407e+02 -5.905300e+00
      vertex   -1.016761e+02 1.108831e+02 -5.896782e+00
      vertex   -1.019592e+02 1.108357e+02 -5.905300e+00
    endloop
  endfacet
  facet normal 5.010202e-02 -1.209570e-01 -9.913926e-01
    outer loop
      vertex   -1.019592e+02 1.108357e+02 -5.905300e+00
      vertex   -1.016761e+02 1.108831e+02 -5.896782e+00
      vertex   -1.019392e+02 1.107741e+02 -5.896782e+00
    endloop
  endfacet
  facet normal 3.056334e-02 -1.273055e-01 -9.913926e-01
    outer loop
      vertex   -1.019592e+02 1.108357e+02 -5.905300e+00
      vertex   -1.019392e+02 1.107741e+02 -5.896782e+00
      vertex   -1.022262e+02 1.107715e+02 -5.905300e+00
    endloop
  endfacet
  facet normal 3.056334e-02 -1.273055e-01 -9.913926e-01
    outer loop
      vertex   -1.022262e+02 1.107715e+02 -5.905300e+00
      vertex   -1.019392e+02 1.107741e+02 -5.896782e+00
      vertex   -1.022161e+02 1.107076e+02 -5.896782e+00
    endloop
  endfacet
  facet normal 1.027209e-02 -1.305193e-01 -9.913926e-01
    outer loop
      vertex   -1.022262e+02 1.107715e+02 -5.905300e+00
      vertex   -1.022161e+02 1.107076e+02 -5.896782e+00
      vertex   -1.025000e+02 1.107500e+02 -5.905300e+00
    endloop
  endfacet
  facet normal 1.027209e-02 -1.305193e-01 -9.913926e-01
    outer loop
      vertex   -1.025000e+02 1.107500e+02 -5.905300e+00
      vertex   -1.022161e+02 1.107076e+02 -5.896782e+00
      vertex   -1.025000e+02 1.106853e+02 -5.896782e+00
    endloop
  endfacet
  facet normal 3.010419e-02 -3.825100e-01 -9.234608e-01
    outer loop
      vertex   -1.025000e+02 1.106853e+02 -5.896782e+00
      vertex   -1.022161e+02 1.107076e+02 -5.896782e+00
      vertex   -1.022067e+02 1.106481e+02 -5.871807e+00
    endloop
  endfacet
  facet normal 3.010419e-02 -3.825100e-01 -9.234608e-01
    outer loop
      vertex   -1.025000e+02 1.106853e+02 -5.896782e+00
      vertex   -1.022067e+02 1.106481e+02 -5.871807e+00
      vertex   -1.025000e+02 1.106250e+02 -5.871807e+00
    endloop
  endfacet
  facet normal 4.785567e-02 -6.080639e-01 -7.924444e-01
    outer loop
      vertex   -1.025000e+02 1.106250e+02 -5.871807e+00
      vertex   -1.022067e+02 1.106481e+02 -5.871807e+00
      vertex   -1.021986e+02 1.105969e+02 -5.832077e+00
    endloop
  endfacet
  facet normal 4.785567e-02 -6.080639e-01 -7.924444e-01
    outer loop
      vertex   -1.025000e+02 1.106250e+02 -5.871807e+00
      vertex   -1.021986e+02 1.105969e+02 -5.832077e+00
      vertex   -1.025000e+02 1.105732e+02 -5.832077e+00
    endloop
  endfacet
  facet normal 6.231691e-02 -7.918114e-01 -6.075782e-01
    outer loop
      vertex   -1.025000e+02 1.105732e+02 -5.832077e+00
      vertex   -1.021986e+02 1.105969e+02 -5.832077e+00
      vertex   -1.021924e+02 1.105577e+02 -5.780300e+00
    endloop
  endfacet
  facet normal 6.231691e-02 -7.918114e-01 -6.075782e-01
    outer loop
      vertex   -1.025000e+02 1.105732e+02 -5.832077e+00
      vertex   -1.021924e+02 1.105577e+02 -5.780300e+00
      vertex   -1.025000e+02 1.105335e+02 -5.780300e+00
    endloop
  endfacet
  facet normal 7.251945e-02 -9.214470e-01 -3.816758e-01
    outer loop
      vertex   -1.025000e+02 1.105335e+02 -5.780300e+00
      vertex   -1.021924e+02 1.105577e+02 -5.780300e+00
      vertex   -1.021885e+02 1.105330e+02 -5.720005e+00
    endloop
  endfacet
  facet normal 7.251945e-02 -9.214470e-01 -3.816758e-01
    outer loop
      vertex   -1.025000e+02 1.105335e+02 -5.780300e+00
      vertex   -1.021885e+02 1.105330e+02 -5.720005e+00
      vertex   -1.025000e+02 1.105085e+02 -5.720005e+00
    endloop
  endfacet
  facet normal 7.779195e-02 -9.884404e-01 -1.301306e-01
    outer loop
      vertex   -1.025000e+02 1.105085e+02 -5.720005e+00
      vertex   -1.021885e+02 1.105330e+02 -5.720005e+00
      vertex   -1.021871e+02 1.105246e+02 -5.655300e+00
    endloop
  endfacet
  facet normal 7.779195e-02 -9.884404e-01 -1.301306e-01
    outer loop
      vertex   -1.025000e+02 1.105085e+02 -5.720005e+00
      vertex   -1.021871e+02 1.105246e+02 -5.655300e+00
      vertex   -1.025000e+02 1.105000e+02 -5.655300e+00
    endloop
  endfacet
  facet normal 3.825100e-01 -3.010419e-02 -9.234608e-01
    outer loop
      vertex   -1.006853e+02 1.125000e+02 -5.896782e+00
      vertex   -1.006250e+02 1.125000e+02 -5.871807e+00
      vertex   -1.007076e+02 1.122161e+02 -5.896782e+00
    endloop
  endfacet
  facet normal 3.825100e-01 -3.010419e-02 -9.234608e-01
    outer loop
      vertex   -1.007076e+02 1.122161e+02 -5.896782e+00
      vertex   -1.006250e+02 1.125000e+02 -5.871807e+00
      vertex   -1.006481e+02 1.122067e+02 -5.871807e+00
    endloop
  endfacet
  facet normal 3.730913e-01 -8.957130e-02 -9.234608e-01
    outer loop
      vertex   -1.007076e+02 1.122161e+02 -5.896782e+00
      vertex   -1.006481e+02 1.122067e+02 -5.871807e+00
      vertex   -1.007741e+02 1.119392e+02 -5.896782e+00
    endloop
  endfacet
  facet normal 3.730913e-01 -8.957130e-02 -9.234608e-01
    outer loop
      vertex   -1.007741e+02 1.119392e+02 -5.896782e+00
      vertex   -1.006481e+02 1.122067e+02 -5.871807e+00
      vertex   -1.007168e+02 1.119206e+02 -5.871807e+00
    endloop
  endfacet
  facet normal 3.544859e-01 -1.468329e-01 -9.234608e-01
    outer loop
      vertex   -1.007741e+02 1.119392e+02 -5.896782e+00
      vertex   -1.007168e+02 1.119206e+02 -5.871807e+00
      vertex   -1.008831e+02 1.116761e+02 -5.896782e+00
    endloop
  endfacet
  facet normal 3.544859e-01 -1.468329e-01 -9.234608e-01
    outer loop
      vertex   -1.008831e+02 1.116761e+02 -5.896782e+00
      vertex   -1.007168e+02 1.119206e+02 -5.871807e+00
      vertex   -1.008294e+02 1.116488e+02 -5.871807e+00
    endloop
  endfacet
  facet normal 3.271519e-01 -2.004789e-01 -9.234608e-01
    outer loop
      vertex   -1.008831e+02 1.116761e+02 -5.896782e+00
      vertex   -1.008294e+02 1.116488e+02 -5.871807e+00
      vertex   -1.010319e+02 1.114333e+02 -5.896782e+00
    endloop
  endfacet
  facet normal 3.271519e-01 -2.004789e-01 -9.234608e-01
    outer loop
      vertex   -1.010319e+02 1.114333e+02 -5.896782e+00
      vertex   -1.008294e+02 1.116488e+02 -5.871807e+00
      vertex   -1.009831e+02 1.113979e+02 -5.871807e+00
    endloop
  endfacet
  facet normal 2.917623e-01 -2.491885e-01 -9.234608e-01
    outer loop
      vertex   -1.010319e+02 1.114333e+02 -5.896782e+00
      vertex   -1.009831e+02 1.113979e+02 -5.871807e+00
      vertex   -1.012168e+02 1.112168e+02 -5.896782e+00
    endloop
  endfacet
  facet normal 2.917623e-01 -2.491885e-01 -9.234608e-01
    outer loop
      vertex   -1.012168e+02 1.112168e+02 -5.896782e+00
      vertex   -1.009831e+02 1.113979e+02 -5.871807e+00
      vertex   -1.011742e+02 1.111742e+02 -5.871807e+00
    endloop
  endfacet
  facet normal 2.491885e-01 -2.917623e-01 -9.234608e-01
    outer loop
      vertex   -1.012168e+02 1.112168e+02 -5.896782e+00
      vertex   -1.011742e+02 1.111742e+02 -5.871807e+00
      vertex   -1.014333e+02 1.110319e+02 -5.896782e+00
    endloop
  endfacet
  facet normal 2.491885e-01 -2.917623e-01 -9.234608e-01
    outer loop
      vertex   -1.014333e+02 1.110319e+02 -5.896782e+00
      vertex   -1.011742e+02 1.111742e+02 -5.871807e+00
      vertex   -1.013979e+02 1.109831e+02 -5.871807e+00
    endloop
  endfacet
  facet normal 2.004789e-01 -3.271519e-01 -9.234608e-01
    outer loop
      vertex   -1.014333e+02 1.110319e+02 -5.896782e+00
      vertex   -1.013979e+02 1.109831e+02 -5.871807e+00
      vertex   -1.016761e+02 1.108831e+02 -5.896782e+00
    endloop
  endfacet
  facet normal 2.004789e-01 -3.271519e-01 -9.234608e-01
    outer loop
      vertex   -1.016761e+02 1.108831e+02 -5.896782e+00
      vertex   -1.013979e+02 1.109831e+02 -5.871807e+00
      vertex   -1.016488e+02 1.108294e+02 -5.871807e+00
    endloop
  endfacet
  facet normal 1.468329e-01 -3.544859e-01 -9.234608e-01
    outer loop
      vertex   -1.016761e+02 1.108831e+02 -5.896782e+00
      vertex   -1.016488e+02 1.108294e+02 -5.871807e+00
      vertex   -1.019392e+02 1.107741e+02 -5.896782e+00
    endloop
  endfacet
  facet normal 1.468329e-01 -3.544859e-01 -9.234608e-01
    outer loop
      vertex   -1.019392e+02 1.107741e+02 -5.896782e+00
      vertex   -1.016488e+02 1.108294e+02 -5.871807e+00
      vertex   -1.019206e+02 1.107168e+02 -5.871807e+00
    endloop
  endfacet
  facet normal 8.957130e-02 -3.730913e-01 -9.234608e-01
    outer loop
      vertex   -1.019392e+02 1.107741e+02 -5.896782e+00
      vertex   -1.019206e+02 1.107168e+02 -5.871807e+00
      vertex   -1.022161e+02 1.107076e+02 -5.896782e+00
    endloop
  endfacet
  facet normal 8.957130e-02 -3.730913e-01 -9.234608e-01
    outer loop
      vertex   -1.022161e+02 1.107076e+02 -5.896782e+00
      vertex   -1.019206e+02 1.107168e+02 -5.871807e+00
      vertex   -1.022067e+02 1.106481e+02 -5.871807e+00
    endloop
  endfacet
  facet normal 6.080639e-01 -4.785567e-02 -7.924444e-01
    outer loop
      vertex   -1.006250e+02 1.125000e+02 -5.871807e+00
      vertex   -1.005732e+02 1.125000e+02 -5.832077e+00
      vertex   -1.006481e+02 1.122067e+02 -5.871807e+00
    endloop
  endfacet
  facet normal 6.080639e-01 -4.785567e-02 -7.924444e-01
    outer loop
      vertex   -1.006481e+02 1.122067e+02 -5.871807e+00
      vertex   -1.005732e+02 1.125000e+02 -5.832077e+00
      vertex   -1.005969e+02 1.121986e+02 -5.832077e+00
    endloop
  endfacet
  facet normal 5.930914e-01 -1.423886e-01 -7.924444e-01
    outer loop
      vertex   -1.006481e+02 1.122067e+02 -5.871807e+00
      vertex   -1.005969e+02 1.121986e+02 -5.832077e+00
      vertex   -1.007168e+02 1.119206e+02 -5.871807e+00
    endloop
  endfacet
  facet normal 5.930914e-01 -1.423886e-01 -7.924444e-01
    outer loop
      vertex   -1.007168e+02 1.119206e+02 -5.871807e+00
      vertex   -1.005969e+02 1.121986e+02 -5.832077e+00
      vertex   -1.006675e+02 1.119046e+02 -5.832077e+00
    endloop
  endfacet
  facet normal 5.635150e-01 -2.334155e-01 -7.924444e-01
    outer loop
      vertex   -1.007168e+02 1.119206e+02 -5.871807e+00
      vertex   -1.006675e+02 1.119046e+02 -5.832077e+00
      vertex   -1.008294e+02 1.116488e+02 -5.871807e+00
    endloop
  endfacet
  facet normal 5.635150e-01 -2.334155e-01 -7.924444e-01
    outer loop
      vertex   -1.008294e+02 1.116488e+02 -5.871807e+00
      vertex   -1.006675e+02 1.119046e+02 -5.832077e+00
      vertex   -1.007832e+02 1.116253e+02 -5.832077e+00
    endloop
  endfacet
  facet normal 5.200629e-01 -3.186950e-01 -7.924444e-01
    outer loop
      vertex   -1.008294e+02 1.116488e+02 -5.871807e+00
      vertex   -1.007832e+02 1.116253e+02 -5.832077e+00
      vertex   -1.009831e+02 1.113979e+02 -5.871807e+00
    endloop
  endfacet
  facet normal 5.200629e-01 -3.186950e-01 -7.924444e-01
    outer loop
      vertex   -1.009831e+02 1.113979e+02 -5.871807e+00
      vertex   -1.007832e+02 1.116253e+02 -5.832077e+00
      vertex   -1.009412e+02 1.113675e+02 -5.832077e+00
    endloop
  endfacet
  facet normal 4.638052e-01 -3.961271e-01 -7.924444e-01
    outer loop
      vertex   -1.009831e+02 1.113979e+02 -5.871807e+00
      vertex   -1.009412e+02 1.113675e+02 -5.832077e+00
      vertex   -1.011742e+02 1.111742e+02 -5.871807e+00
    endloop
  endfacet
  facet normal 4.638052e-01 -3.961271e-01 -7.924444e-01
    outer loop
      vertex   -1.011742e+02 1.111742e+02 -5.871807e+00
      vertex   -1.009412e+02 1.113675e+02 -5.832077e+00
      vertex   -1.011376e+02 1.111376e+02 -5.832077e+00
    endloop
  endfacet
  facet normal 3.961271e-01 -4.638052e-01 -7.924444e-01
    outer loop
      vertex   -1.011742e+02 1.111742e+02 -5.871807e+00
      vertex   -1.011376e+02 1.111376e+02 -5.832077e+00
      vertex   -1.013979e+02 1.109831e+02 -5.871807e+00
    endloop
  endfacet
  facet normal 3.961271e-01 -4.638052e-01 -7.924444e-01
    outer loop
      vertex   -1.013979e+02 1.109831e+02 -5.871807e+00
      vertex   -1.011376e+02 1.111376e+02 -5.832077e+00
      vertex   -1.013675e+02 1.109412e+02 -5.832077e+00
    endloop
  endfacet
  facet normal 3.186950e-01 -5.200629e-01 -7.924444e-01
    outer loop
      vertex   -1.013979e+02 1.109831e+02 -5.871807e+00
      vertex   -1.013675e+02 1.109412e+02 -5.832077e+00
      vertex   -1.016488e+02 1.108294e+02 -5.871807e+00
    endloop
  endfacet
  facet normal 3.186950e-01 -5.200629e-01 -7.924444e-01
    outer loop
      vertex   -1.016488e+02 1.108294e+02 -5.871807e+00
      vertex   -1.013675e+02 1.109412e+02 -5.832077e+00
      vertex   -1.016253e+02 1.107832e+02 -5.832077e+00
    endloop
  endfacet
  facet normal 2.334155e-01 -5.635150e-01 -7.924444e-01
    outer loop
      vertex   -1.016488e+02 1.108294e+02 -5.871807e+00
      vertex   -1.016253e+02 1.107832e+02 -5.832077e+00
      vertex   -1.019206e+02 1.107168e+02 -5.871807e+00
    endloop
  endfacet
  facet normal 2.334155e-01 -5.635150e-01 -7.924444e-01
    outer loop
      vertex   -1.019206e+02 1.107168e+02 -5.871807e+00
      vertex   -1.016253e+02 1.107832e+02 -5.832077e+00
      vertex   -1.019046e+02 1.106675e+02 -5.832077e+00
    endloop
  endfacet
  facet normal 1.423886e-01 -5.930914e-01 -7.924444e-01
    outer loop
      vertex   -1.019206e+02 1.107168e+02 -5.871807e+00
      vertex   -1.019046e+02 1.106675e+02 -5.832077e+00
      vertex   -1.022067e+02 1.106481e+02 -5.871807e+00
    endloop
  endfacet
  facet normal 1.423886e-01 -5.930914e-01 -7.924444e-01
    outer loop
      vertex   -1.022067e+02 1.106481e+02 -5.871807e+00
      vertex   -1.019046e+02 1.106675e+02 -5.832077e+00
      vertex   -1.021986e+02 1.105969e+02 -5.832077e+00
    endloop
  endfacet
  facet normal 7.918114e-01 -6.231691e-02 -6.075782e-01
    outer loop
      vertex   -1.005732e+02 1.125000e+02 -5.832077e+00
      vertex   -1.005335e+02 1.125000e+02 -5.780300e+00
      vertex   -1.005969e+02 1.121986e+02 -5.832077e+00
    endloop
  endfacet
  facet normal 7.918114e-01 -6.231691e-02 -6.075782e-01
    outer loop
      vertex   -1.005969e+02 1.121986e+02 -5.832077e+00
      vertex   -1.005335e+02 1.125000e+02 -5.780300e+00
      vertex   -1.005577e+02 1.121924e+02 -5.780300e+00
    endloop
  endfacet
  facet normal 7.723144e-01 -1.854163e-01 -6.075782e-01
    outer loop
      vertex   -1.005969e+02 1.121986e+02 -5.832077e+00
      vertex   -1.005577e+02 1.121924e+02 -5.780300e+00
      vertex   -1.006675e+02 1.119046e+02 -5.832077e+00
    endloop
  endfacet
  facet normal 7.723144e-01 -1.854163e-01 -6.075782e-01
    outer loop
      vertex   -1.006675e+02 1.119046e+02 -5.832077e+00
      vertex   -1.005577e+02 1.121924e+02 -5.780300e+00
      vertex   -1.006297e+02 1.118923e+02 -5.780300e+00
    endloop
  endfacet
  facet normal 7.338004e-01 -3.039501e-01 -6.075782e-01
    outer loop
      vertex   -1.006675e+02 1.119046e+02 -5.832077e+00
      vertex   -1.006297e+02 1.118923e+02 -5.780300e+00
      vertex   -1.007832e+02 1.116253e+02 -5.832077e+00
    endloop
  endfacet
  facet normal 7.338004e-01 -3.039501e-01 -6.075782e-01
    outer loop
      vertex   -1.007832e+02 1.116253e+02 -5.832077e+00
      vertex   -1.006297e+02 1.118923e+02 -5.780300e+00
      vertex   -1.007478e+02 1.116072e+02 -5.780300e+00
    endloop
  endfacet
  facet normal 6.772178e-01 -4.149996e-01 -6.075782e-01
    outer loop
      vertex   -1.007832e+02 1.116253e+02 -5.832077e+00
      vertex   -1.007478e+02 1.116072e+02 -5.780300e+00
      vertex   -1.009412e+02 1.113675e+02 -5.832077e+00
    endloop
  endfacet
  facet normal 6.772178e-01 -4.149996e-01 -6.075782e-01
    outer loop
      vertex   -1.009412e+02 1.113675e+02 -5.832077e+00
      vertex   -1.007478e+02 1.116072e+02 -5.780300e+00
      vertex   -1.009091e+02 1.113441e+02 -5.780300e+00
    endloop
  endfacet
  facet normal 6.039599e-01 -5.158305e-01 -6.075782e-01
    outer loop
      vertex   -1.009412e+02 1.113675e+02 -5.832077e+00
      vertex   -1.009091e+02 1.113441e+02 -5.780300e+00
      vertex   -1.011376e+02 1.111376e+02 -5.832077e+00
    endloop
  endfacet
  facet normal 6.039599e-01 -5.158305e-01 -6.075782e-01
    outer loop
      vertex   -1.011376e+02 1.111376e+02 -5.832077e+00
      vertex   -1.009091e+02 1.113441e+02 -5.780300e+00
      vertex   -1.011095e+02 1.111095e+02 -5.780300e+00
    endloop
  endfacet
  facet normal 5.158305e-01 -6.039599e-01 -6.075782e-01
    outer loop
      vertex   -1.011376e+02 1.111376e+02 -5.832077e+00
      vertex   -1.011095e+02 1.111095e+02 -5.780300e+00
      vertex   -1.013675e+02 1.109412e+02 -5.832077e+00
    endloop
  endfacet
  facet normal 5.158305e-01 -6.039599e-01 -6.075782e-01
    outer loop
      vertex   -1.013675e+02 1.109412e+02 -5.832077e+00
      vertex   -1.011095e+02 1.111095e+02 -5.780300e+00
      vertex   -1.013441e+02 1.109091e+02 -5.780300e+00
    endloop
  endfacet
  facet normal 4.149996e-01 -6.772178e-01 -6.075782e-01
    outer loop
      vertex   -1.013675e+02 1.109412e+02 -5.832077e+00
      vertex   -1.013441e+02 1.109091e+02 -5.780300e+00
      vertex   -1.016253e+02 1.107832e+02 -5.832077e+00
    endloop
  endfacet
  facet normal 4.149996e-01 -6.772178e-01 -6.075782e-01
    outer loop
      vertex   -1.016253e+02 1.107832e+02 -5.832077e+00
      vertex   -1.013441e+02 1.109091e+02 -5.780300e+00
      vertex   -1.016072e+02 1.107478e+02 -5.780300e+00
    endloop
  endfacet
  facet normal 3.039501e-01 -7.338004e-01 -6.075782e-01
    outer loop
      vertex   -1.016253e+02 1.107832e+02 -5.832077e+00
      vertex   -1.016072e+02 1.107478e+02 -5.780300e+00
      vertex   -1.019046e+02 1.106675e+02 -5.832077e+00
    endloop
  endfacet
  facet normal 3.039501e-01 -7.338004e-01 -6.075782e-01
    outer loop
      vertex   -1.019046e+02 1.106675e+02 -5.832077e+00
      vertex   -1.016072e+02 1.107478e+02 -5.780300e+00
      vertex   -1.018923e+02 1.106297e+02 -5.780300e+00
    endloop
  endfacet
  facet normal 1.854163e-01 -7.723144e-01 -6.075782e-01
    outer loop
      vertex   -1.019046e+02 1.106675e+02 -5.832077e+00
      vertex   -1.018923e+02 1.106297e+02 -5.780300e+00
      vertex   -1.021986e+02 1.105969e+02 -5.832077e+00
    endloop
  endfacet
  facet normal 1.854163e-01 -7.723144e-01 -6.075782e-01
    outer loop
      vertex   -1.021986e+02 1.105969e+02 -5.832077e+00
      vertex   -1.018923e+02 1.106297e+02 -5.780300e+00
      vertex   -1.021924e+02 1.105577e+02 -5.780300e+00
    endloop
  endfacet
  facet normal 9.214470e-01 -7.251945e-02 -3.816758e-01
    outer loop
      vertex   -1.005335e+02 1.125000e+02 -5.780300e+00
      vertex   -1.005085e+02 1.125000e+02 -5.720005e+00
      vertex   -1.005577e+02 1.121924e+02 -5.780300e+00
    endloop
  endfacet
  facet normal 9.214470e-01 -7.251945e-02 -3.816758e-01
    outer loop
      vertex   -1.005577e+02 1.121924e+02 -5.780300e+00
      vertex   -1.005085e+02 1.125000e+02 -5.720005e+00
      vertex   -1.005330e+02 1.121885e+02 -5.720005e+00
    endloop
  endfacet
  facet normal 8.987579e-01 -2.157727e-01 -3.816758e-01
    outer loop
      vertex   -1.005577e+02 1.121924e+02 -5.780300e+00
      vertex   -1.005330e+02 1.121885e+02 -5.720005e+00
      vertex   -1.006297e+02 1.118923e+02 -5.780300e+00
    endloop
  endfacet
  facet normal 8.987579e-01 -2.157727e-01 -3.816758e-01
    outer loop
      vertex   -1.006297e+02 1.118923e+02 -5.780300e+00
      vertex   -1.005330e+02 1.121885e+02 -5.720005e+00
      vertex   -1.006060e+02 1.118846e+02 -5.720005e+00
    endloop
  endfacet
  facet normal 8.539384e-01 -3.537129e-01 -3.816758e-01
    outer loop
      vertex   -1.006297e+02 1.118923e+02 -5.780300e+00
      vertex   -1.006060e+02 1.118846e+02 -5.720005e+00
      vertex   -1.007478e+02 1.116072e+02 -5.780300e+00
    endloop
  endfacet
  facet normal 8.539384e-01 -3.537129e-01 -3.816758e-01
    outer loop
      vertex   -1.007478e+02 1.116072e+02 -5.780300e+00
      vertex   -1.006060e+02 1.118846e+02 -5.720005e+00
      vertex   -1.007256e+02 1.115959e+02 -5.720005e+00
    endloop
  endfacet
  facet normal 7.880921e-01 -4.829435e-01 -3.816758e-01
    outer loop
      vertex   -1.007478e+02 1.116072e+02 -5.780300e+00
      vertex   -1.007256e+02 1.115959e+02 -5.720005e+00
      vertex   -1.009091e+02 1.113441e+02 -5.780300e+00
    endloop
  endfacet
  facet normal 7.880921e-01 -4.829435e-01 -3.816758e-01
    outer loop
      vertex   -1.009091e+02 1.113441e+02 -5.780300e+00
      vertex   -1.007256e+02 1.115959e+02 -5.720005e+00
      vertex   -1.008889e+02 1.113294e+02 -5.720005e+00
    endloop
  endfacet
  facet normal 7.028404e-01 -6.002824e-01 -3.816758e-01
    outer loop
      vertex   -1.009091e+02 1.113441e+02 -5.780300e+00
      vertex   -1.008889e+02 1.113294e+02 -5.720005e+00
      vertex   -1.011095e+02 1.111095e+02 -5.780300e+00
    endloop
  endfacet
  facet normal 7.028404e-01 -6.002824e-01 -3.816758e-01
    outer loop
      vertex   -1.011095e+02 1.111095e+02 -5.780300e+00
      vertex   -1.008889e+02 1.113294e+02 -5.720005e+00
      vertex   -1.010918e+02 1.110918e+02 -5.720005e+00
    endloop
  endfacet
  facet normal 6.002824e-01 -7.028404e-01 -3.816758e-01
    outer loop
      vertex   -1.011095e+02 1.111095e+02 -5.780300e+00
      vertex   -1.010918e+02 1.110918e+02 -5.720005e+00
      vertex   -1.013441e+02 1.109091e+02 -5.780300e+00
    endloop
  endfacet
  facet normal 6.002824e-01 -7.028404e-01 -3.816758e-01
    outer loop
      vertex   -1.013441e+02 1.109091e+02 -5.780300e+00
      vertex   -1.010918e+02 1.110918e+02 -5.720005e+00
      vertex   -1.013294e+02 1.108889e+02 -5.720005e+00
    endloop
  endfacet
  facet normal 4.829435e-01 -7.880921e-01 -3.816758e-01
    outer loop
      vertex   -1.013441e+02 1.109091e+02 -5.780300e+00
      vertex   -1.013294e+02 1.108889e+02 -5.720005e+00
      vertex   -1.016072e+02 1.107478e+02 -5.780300e+00
    endloop
  endfacet
  facet normal 4.829435e-01 -7.880921e-01 -3.816758e-01
    outer loop
      vertex   -1.016072e+02 1.107478e+02 -5.780300e+00
      vertex   -1.013294e+02 1.108889e+02 -5.720005e+00
      vertex   -1.015959e+02 1.107256e+02 -5.720005e+00
    endloop
  endfacet
  facet normal 3.537129e-01 -8.539384e-01 -3.816758e-01
    outer loop
      vertex   -1.016072e+02 1.107478e+02 -5.780300e+00
      vertex   -1.015959e+02 1.107256e+02 -5.720005e+00
      vertex   -1.018923e+02 1.106297e+02 -5.780300e+00
    endloop
  endfacet
  facet normal 3.537129e-01 -8.539384e-01 -3.816758e-01
    outer loop
      vertex   -1.018923e+02 1.106297e+02 -5.780300e+00
      vertex   -1.015959e+02 1.107256e+02 -5.720005e+00
      vertex   -1.018846e+02 1.106060e+02 -5.720005e+00
    endloop
  endfacet
  facet normal 2.157727e-01 -8.987579e-01 -3.816758e-01
    outer loop
      vertex   -1.018923e+02 1.106297e+02 -5.780300e+00
      vertex   -1.018846e+02 1.106060e+02 -5.720005e+00
      vertex   -1.021924e+02 1.105577e+02 -5.780300e+00
    endloop
  endfacet
  facet normal 2.157727e-01 -8.987579e-01 -3.816758e-01
    outer loop
      vertex   -1.021924e+02 1.105577e+02 -5.780300e+00
      vertex   -1.018846e+02 1.106060e+02 -5.720005e+00
      vertex   -1.021885e+02 1.105330e+02 -5.720005e+00
    endloop
  endfacet
  facet normal 9.884404e-01 -7.779195e-02 -1.301306e-01
    outer loop
      vertex   -1.005085e+02 1.125000e+02 -5.720005e+00
      vertex   -1.005000e+02 1.125000e+02 -5.655300e+00
      vertex   -1.005330e+02 1.121885e+02 -5.720005e+00
    endloop
  endfacet
  facet normal 9.884404e-01 -7.779195e-02 -1.301306e-01
    outer loop
      vertex   -1.005330e+02 1.121885e+02 -5.720005e+00
      vertex   -1.005000e+02 1.125000e+02 -5.655300e+00
      vertex   -1.005246e+02 1.121871e+02 -5.655300e+00
    endloop
  endfacet
  facet normal 9.641017e-01 -2.314603e-01 -1.301306e-01
    outer loop
      vertex   -1.005330e+02 1.121885e+02 -5.720005e+00
      vertex   -1.005246e+02 1.121871e+02 -5.655300e+00
      vertex   -1.006060e+02 1.118846e+02 -5.720005e+00
    endloop
  endfacet
  facet normal 9.641017e-01 -2.314603e-01 -1.301306e-01
    outer loop
      vertex   -1.006060e+02 1.118846e+02 -5.720005e+00
      vertex   -1.005246e+02 1.121871e+02 -5.655300e+00
      vertex   -1.005979e+02 1.118820e+02 -5.655300e+00
    endloop
  endfacet
  facet normal 9.160237e-01 -3.794294e-01 -1.301306e-01
    outer loop
      vertex   -1.006060e+02 1.118846e+02 -5.720005e+00
      vertex   -1.005979e+02 1.118820e+02 -5.655300e+00
      vertex   -1.007256e+02 1.115959e+02 -5.720005e+00
    endloop
  endfacet
  facet normal 9.160237e-01 -3.794294e-01 -1.301306e-01
    outer loop
      vertex   -1.007256e+02 1.115959e+02 -5.720005e+00
      vertex   -1.005979e+02 1.118820e+02 -5.655300e+00
      vertex   -1.007180e+02 1.115920e+02 -5.655300e+00
    endloop
  endfacet
  facet normal 8.453900e-01 -5.180557e-01 -1.301306e-01
    outer loop
      vertex   -1.007256e+02 1.115959e+02 -5.720005e+00
      vertex   -1.007180e+02 1.115920e+02 -5.655300e+00
      vertex   -1.008889e+02 1.113294e+02 -5.720005e+00
    endloop
  endfacet
  facet normal 8.453900e-01 -5.180557e-01 -1.301306e-01
    outer loop
      vertex   -1.008889e+02 1.113294e+02 -5.720005e+00
      vertex   -1.007180e+02 1.115920e+02 -5.655300e+00
      vertex   -1.008820e+02 1.113244e+02 -5.655300e+00
    endloop
  endfacet
  facet normal 7.539401e-01 -6.439257e-01 -1.301306e-01
    outer loop
      vertex   -1.008889e+02 1.113294e+02 -5.720005e+00
      vertex   -1.008820e+02 1.113244e+02 -5.655300e+00
      vertex   -1.010918e+02 1.110918e+02 -5.720005e+00
    endloop
  endfacet
  facet normal 7.539401e-01 -6.439257e-01 -1.301306e-01
    outer loop
      vertex   -1.010918e+02 1.110918e+02 -5.720005e+00
      vertex   -1.008820e+02 1.113244e+02 -5.655300e+00
      vertex   -1.010858e+02 1.110858e+02 -5.655300e+00
    endloop
  endfacet
  facet normal 6.439257e-01 -7.539401e-01 -1.301306e-01
    outer loop
      vertex   -1.010918e+02 1.110918e+02 -5.720005e+00
      vertex   -1.010858e+02 1.110858e+02 -5.655300e+00
      vertex   -1.013294e+02 1.108889e+02 -5.720005e+00
    endloop
  endfacet
  facet normal 6.439257e-01 -7.539401e-01 -1.301306e-01
    outer loop
      vertex   -1.013294e+02 1.108889e+02 -5.720005e+00
      vertex   -1.010858e+02 1.110858e+02 -5.655300e+00
      vertex   -1.013244e+02 1.108820e+02 -5.655300e+00
    endloop
  endfacet
  facet normal 5.180557e-01 -8.453900e-01 -1.301306e-01
    outer loop
      vertex   -1.013294e+02 1.108889e+02 -5.720005e+00
      vertex   -1.013244e+02 1.108820e+02 -5.655300e+00
      vertex   -1.015959e+02 1.107256e+02 -5.720005e+00
    endloop
  endfacet
  facet normal 5.180557e-01 -8.453900e-01 -1.301306e-01
    outer loop
      vertex   -1.015959e+02 1.107256e+02 -5.720005e+00
      vertex   -1.013244e+02 1.108820e+02 -5.655300e+00
      vertex   -1.015920e+02 1.107180e+02 -5.655300e+00
    endloop
  endfacet
  facet normal 3.794294e-01 -9.160237e-01 -1.301306e-01
    outer loop
      vertex   -1.015959e+02 1.107256e+02 -5.720005e+00
      vertex   -1.015920e+02 1.107180e+02 -5.655300e+00
      vertex   -1.018846e+02 1.106060e+02 -5.720005e+00
    endloop
  endfacet
  facet normal 3.794294e-01 -9.160237e-01 -1.301306e-01
    outer loop
      vertex   -1.018846e+02 1.106060e+02 -5.720005e+00
      vertex   -1.015920e+02 1.107180e+02 -5.655300e+00
      vertex   -1.018820e+02 1.105979e+02 -5.655300e+00
    endloop
  endfacet
  facet normal 2.314603e-01 -9.641017e-01 -1.301306e-01
    outer loop
      vertex   -1.018846e+02 1.106060e+02 -5.720005e+00
      vertex   -1.018820e+02 1.105979e+02 -5.655300e+00
      vertex   -1.021885e+02 1.105330e+02 -5.720005e+00
    endloop
  endfacet
  facet normal 2.314603e-01 -9.641017e-01 -1.301306e-01
    outer loop
      vertex   -1.021885e+02 1.105330e+02 -5.720005e+00
      vertex   -1.018820e+02 1.105979e+02 -5.655300e+00
      vertex   -1.021871e+02 1.105246e+02 -5.655300e+00
    endloop
  endfacet
  facet normal 2.108271e-14 -9.914449e-01 -1.305262e-01
    outer loop
      vertex   -1.340000e+02 1.105085e+02 -5.720005e+00
      vertex   -1.326304e+02 1.105085e+02 -5.720005e+00
      vertex   -1.340000e+02 1.105000e+02 -5.655300e+00
    endloop
  endfacet
  facet normal -5.858246e-19 -9.914449e-01 -1.305262e-01
    outer loop
      vertex   -1.340000e+02 1.105000e+02 -5.655300e+00
      vertex   -1.326304e+02 1.105085e+02 -5.720005e+00
      vertex   -1.312609e+02 1.105085e+02 -5.720005e+00
    endloop
  endfacet
  facet normal -5.858246e-19 -9.914449e-01 -1.305262e-01
    outer loop
      vertex   -1.340000e+02 1.105000e+02 -5.655300e+00
      vertex   -1.312609e+02 1.105085e+02 -5.720005e+00
      vertex   -1.298913e+02 1.105085e+02 -5.720005e+00
    endloop
  endfacet
  facet normal -0.000000e+00 -9.238795e-01 -3.826834e-01
    outer loop
      vertex   -1.298913e+02 1.105085e+02 -5.720005e+00
      vertex   -1.312609e+02 1.105085e+02 -5.720005e+00
      vertex   -1.298913e+02 1.105335e+02 -5.780300e+00
    endloop
  endfacet
  facet normal 4.303837e-19 -9.238795e-01 -3.826834e-01
    outer loop
      vertex   -1.298913e+02 1.105085e+02 -5.720005e+00
      vertex   -1.298913e+02 1.105335e+02 -5.780300e+00
      vertex   -1.285217e+02 1.105335e+02 -5.780300e+00
    endloop
  endfacet
  facet normal -0.000000e+00 -7.933533e-01 -6.087614e-01
    outer loop
      vertex   -1.285217e+02 1.105335e+02 -5.780300e+00
      vertex   -1.298913e+02 1.105335e+02 -5.780300e+00
      vertex   -1.285217e+02 1.105732e+02 -5.832077e+00
    endloop
  endfacet
  facet normal 3.954527e-16 -7.933533e-01 -6.087614e-01
    outer loop
      vertex   -1.285217e+02 1.105335e+02 -5.780300e+00
      vertex   -1.285217e+02 1.105732e+02 -5.832077e+00
      vertex   -1.271522e+02 1.105732e+02 -5.832077e+00
    endloop
  endfacet
  facet normal 5.144985e-16 -6.087614e-01 -7.933533e-01
    outer loop
      vertex   -1.271522e+02 1.105732e+02 -5.832077e+00
      vertex   -1.285217e+02 1.105732e+02 -5.832077e+00
      vertex   -1.271522e+02 1.106250e+02 -5.871807e+00
    endloop
  endfacet
  facet normal 1.752427e-18 -6.087614e-01 -7.933533e-01
    outer loop
      vertex   -1.271522e+02 1.105732e+02 -5.832077e+00
      vertex   -1.271522e+02 1.106250e+02 -5.871807e+00
      vertex   -1.257826e+02 1.106250e+02 -5.871807e+00
    endloop
  endfacet
  facet normal -0.000000e+00 -3.826834e-01 -9.238795e-01
    outer loop
      vertex   -1.257826e+02 1.106250e+02 -5.871807e+00
      vertex   -1.271522e+02 1.106250e+02 -5.871807e+00
      vertex   -1.257826e+02 1.106853e+02 -5.896782e+00
    endloop
  endfacet
  facet normal -6.742717e-20 -3.826834e-01 -9.238795e-01
    outer loop
      vertex   -1.257826e+02 1.106250e+02 -5.871807e+00
      vertex   -1.257826e+02 1.106853e+02 -5.896782e+00
      vertex   -1.244130e+02 1.106853e+02 -5.896782e+00
    endloop
  endfacet
  facet normal -0.000000e+00 -1.305262e-01 -9.914449e-01
    outer loop
      vertex   -1.244130e+02 1.106853e+02 -5.896782e+00
      vertex   -1.257826e+02 1.106853e+02 -5.896782e+00
      vertex   -1.340000e+02 1.107500e+02 -5.905300e+00
    endloop
  endfacet
  facet normal 0.000000e+00 -1.305262e-01 -9.914449e-01
    outer loop
      vertex   -1.244130e+02 1.106853e+02 -5.896782e+00
      vertex   -1.340000e+02 1.107500e+02 -5.905300e+00
      vertex   -1.230435e+02 1.106853e+02 -5.896782e+00
    endloop
  endfacet
  facet normal 6.429631e-16 -1.305262e-01 -9.914449e-01
    outer loop
      vertex   -1.230435e+02 1.106853e+02 -5.896782e+00
      vertex   -1.340000e+02 1.107500e+02 -5.905300e+00
      vertex   -1.216739e+02 1.106853e+02 -5.896782e+00
    endloop
  endfacet
  facet normal 5.991462e-16 -3.826834e-01 -9.238795e-01
    outer loop
      vertex   -1.230435e+02 1.106853e+02 -5.896782e+00
      vertex   -1.216739e+02 1.106853e+02 -5.896782e+00
      vertex   -1.230435e+02 1.106250e+02 -5.871807e+00
    endloop
  endfacet
  facet normal 0.000000e+00 -3.826834e-01 -9.238795e-01
    outer loop
      vertex   -1.230435e+02 1.106250e+02 -5.871807e+00
      vertex   -1.216739e+02 1.106853e+02 -5.896782e+00
      vertex   -1.216739e+02 1.106250e+02 -5.871807e+00
    endloop
  endfacet
  facet normal 0.000000e+00 -6.087614e-01 -7.933533e-01
    outer loop
      vertex   -1.230435e+02 1.106250e+02 -5.871807e+00
      vertex   -1.216739e+02 1.106250e+02 -5.871807e+00
      vertex   -1.230435e+02 1.105732e+02 -5.832077e+00
    endloop
  endfacet
  facet normal 0.000000e+00 -6.087614e-01 -7.933533e-01
    outer loop
      vertex   -1.230435e+02 1.105732e+02 -5.832077e+00
      vertex   -1.216739e+02 1.106250e+02 -5.871807e+00
      vertex   -1.216739e+02 1.105732e+02 -5.832077e+00
    endloop
  endfacet
  facet normal 0.000000e+00 -7.933533e-01 -6.087614e-01
    outer loop
      vertex   -1.230435e+02 1.105732e+02 -5.832077e+00
      vertex   -1.216739e+02 1.105732e+02 -5.832077e+00
      vertex   -1.230435e+02 1.105335e+02 -5.780300e+00
    endloop
  endfacet
  facet normal 0.000000e+00 -7.933533e-01 -6.087614e-01
    outer loop
      vertex   -1.230435e+02 1.105335e+02 -5.780300e+00
      vertex   -1.216739e+02 1.105732e+02 -5.832077e+00
      vertex   -1.216739e+02 1.105335e+02 -5.780300e+00
    endloop
  endfacet
  facet normal 0.000000e+00 -9.238795e-01 -3.826834e-01
    outer loop
      vertex   -1.230435e+02 1.105335e+02 -5.780300e+00
      vertex   -1.216739e+02 1.105335e+02 -5.780300e+00
      vertex   -1.230435e+02 1.105085e+02 -5.720005e+00
    endloop
  endfacet
  facet normal 0.000000e+00 -9.238795e-01 -3.826834e-01
    outer loop
      vertex   -1.230435e+02 1.105085e+02 -5.720005e+00
      vertex   -1.216739e+02 1.105335e+02 -5.780300e+00
      vertex   -1.216739e+02 1.105085e+02 -5.720005e+00
    endloop
  endfacet
  facet normal 0.000000e+00 -9.914449e-01 -1.305262e-01
    outer loop
      vertex   -1.230435e+02 1.105085e+02 -5.720005e+00
      vertex   -1.216739e+02 1.105085e+02 -5.720005e+00
      vertex   -1.340000e+02 1.105000e+02 -5.655300e+00
    endloop
  endfacet
  facet normal -3.237052e-19 -9.914449e-01 -1.305262e-01
    outer loop
      vertex   -1.340000e+02 1.105000e+02 -5.655300e+00
      vertex   -1.216739e+02 1.105085e+02 -5.720005e+00
      vertex   -1.203043e+02 1.105085e+02 -5.720005e+00
    endloop
  endfacet
  facet normal -3.237052e-19 -9.914449e-01 -1.305262e-01
    outer loop
      vertex   -1.340000e+02 1.105000e+02 -5.655300e+00
      vertex   -1.203043e+02 1.105085e+02 -5.720005e+00
      vertex   -1.189348e+02 1.105085e+02 -5.720005e+00
    endloop
  endfacet
  facet normal -0.000000e+00 -9.238795e-01 -3.826834e-01
    outer loop
      vertex   -1.189348e+02 1.105085e+02 -5.720005e+00
      vertex   -1.203043e+02 1.105085e+02 -5.720005e+00
      vertex   -1.189348e+02 1.105335e+02 -5.780300e+00
    endloop
  endfacet
  facet normal 4.303837e-19 -9.238795e-01 -3.826834e-01
    outer loop
      vertex   -1.189348e+02 1.105085e+02 -5.720005e+00
      vertex   -1.189348e+02 1.105335e+02 -5.780300e+00
      vertex   -1.175652e+02 1.105335e+02 -5.780300e+00
    endloop
  endfacet
  facet normal -0.000000e+00 -7.933533e-01 -6.087614e-01
    outer loop
      vertex   -1.175652e+02 1.105335e+02 -5.780300e+00
      vertex   -1.189348e+02 1.105335e+02 -5.780300e+00
      vertex   -1.175652e+02 1.105732e+02 -5.832077e+00
    endloop
  endfacet
  facet normal 1.144408e-18 -7.933533e-01 -6.087614e-01
    outer loop
      vertex   -1.175652e+02 1.105335e+02 -5.780300e+00
      vertex   -1.175652e+02 1.105732e+02 -5.832077e+00
      vertex   -1.161957e+02 1.105732e+02 -5.832077e+00
    endloop
  endfacet
  facet normal -0.000000e+00 -6.087614e-01 -7.933533e-01
    outer loop
      vertex   -1.161957e+02 1.105732e+02 -5.832077e+00
      vertex   -1.175652e+02 1.105732e+02 -5.832077e+00
      vertex   -1.161957e+02 1.106250e+02 -5.871807e+00
    endloop
  endfacet
  facet normal 2.347279e-18 -6.087614e-01 -7.933533e-01
    outer loop
      vertex   -1.161957e+02 1.105732e+02 -5.832077e+00
      vertex   -1.161957e+02 1.106250e+02 -5.871807e+00
      vertex   -1.148261e+02 1.106250e+02 -5.871807e+00
    endloop
  endfacet
  facet normal -0.000000e+00 -3.826834e-01 -9.238795e-01
    outer loop
      vertex   -1.148261e+02 1.106250e+02 -5.871807e+00
      vertex   -1.161957e+02 1.106250e+02 -5.871807e+00
      vertex   -1.148261e+02 1.106853e+02 -5.896782e+00
    endloop
  endfacet
  facet normal 9.375070e-19 -3.826834e-01 -9.238795e-01
    outer loop
      vertex   -1.148261e+02 1.106250e+02 -5.871807e+00
      vertex   -1.148261e+02 1.106853e+02 -5.896782e+00
      vertex   -1.134565e+02 1.106853e+02 -5.896782e+00
    endloop
  endfacet
  facet normal -0.000000e+00 -1.305262e-01 -9.914449e-01
    outer loop
      vertex   -1.134565e+02 1.106853e+02 -5.896782e+00
      vertex   -1.148261e+02 1.106853e+02 -5.896782e+00
      vertex   -1.025000e+02 1.107500e+02 -5.905300e+00
    endloop
  endfacet
  facet normal 0.000000e+00 -1.305262e-01 -9.914449e-01
    outer loop
      vertex   -1.134565e+02 1.106853e+02 -5.896782e+00
      vertex   -1.025000e+02 1.107500e+02 -5.905300e+00
      vertex   -1.120870e+02 1.106853e+02 -5.896782e+00
    endloop
  endfacet
  facet normal 0.000000e+00 -1.305262e-01 -9.914449e-01
    outer loop
      vertex   -1.120870e+02 1.106853e+02 -5.896782e+00
      vertex   -1.025000e+02 1.107500e+02 -5.905300e+00
      vertex   -1.107174e+02 1.106853e+02 -5.896782e+00
    endloop
  endfacet
  facet normal 0.000000e+00 -3.826834e-01 -9.238795e-01
    outer loop
      vertex   -1.120870e+02 1.106853e+02 -5.896782e+00
      vertex   -1.107174e+02 1.106853e+02 -5.896782e+00
      vertex   -1.120870e+02 1.106250e+02 -5.871807e+00
    endloop
  endfacet
  facet normal 0.000000e+00 -3.826834e-01 -9.238795e-01
    outer loop
      vertex   -1.120870e+02 1.106250e+02 -5.871807e+00
      vertex   -1.107174e+02 1.106853e+02 -5.896782e+00
      vertex   -1.107174e+02 1.106250e+02 -5.871807e+00
    endloop
  endfacet
  facet normal 0.000000e+00 -6.087614e-01 -7.933533e-01
    outer loop
      vertex   -1.120870e+02 1.106250e+02 -5.871807e+00
      vertex   -1.107174e+02 1.106250e+02 -5.871807e+00
      vertex   -1.120870e+02 1.105732e+02 -5.832077e+00
    endloop
  endfacet
  facet normal 0.000000e+00 -6.087614e-01 -7.933533e-01
    outer loop
      vertex   -1.120870e+02 1.105732e+02 -5.832077e+00
      vertex   -1.107174e+02 1.106250e+02 -5.871807e+00
      vertex   -1.107174e+02 1.105732e+02 -5.832077e+00
    endloop
  endfacet
  facet normal 0.000000e+00 -7.933533e-01 -6.087614e-01
    outer loop
      vertex   -1.120870e+02 1.105732e+02 -5.832077e+00
      vertex   -1.107174e+02 1.105732e+02 -5.832077e+00
      vertex   -1.120870e+02 1.105335e+02 -5.780300e+00
    endloop
  endfacet
  facet normal 0.000000e+00 -7.933533e-01 -6.087614e-01
    outer loop
      vertex   -1.120870e+02 1.105335e+02 -5.780300e+00
      vertex   -1.107174e+02 1.105732e+02 -5.832077e+00
      vertex   -1.107174e+02 1.105335e+02 -5.780300e+00
    endloop
  endfacet
  facet normal 0.000000e+00 -9.238795e-01 -3.826834e-01
    outer loop
      vertex   -1.120870e+02 1.105335e+02 -5.780300e+00
      vertex   -1.107174e+02 1.105335e+02 -5.780300e+00
      vertex   -1.120870e+02 1.105085e+02 -5.720005e+00
    endloop
  endfacet
  facet normal 0.000000e+00 -9.238795e-01 -3.826834e-01
    outer loop
      vertex   -1.120870e+02 1.105085e+02 -5.720005e+00
      vertex   -1.107174e+02 1.105335e+02 -5.780300e+00
      vertex   -1.107174e+02 1.105085e+02 -5.720005e+00
    endloop
  endfacet
  facet normal 0.000000e+00 -9.914449e-01 -1.305262e-01
    outer loop
      vertex   -1.120870e+02 1.105085e+02 -5.720005e+00
      vertex   -1.107174e+02 1.105085e+02 -5.720005e+00
      vertex   -1.025000e+02 1.105000e+02 -5.655300e+00
    endloop
  endfacet
  facet normal -3.237052e-19 -9.914449e-01 -1.305262e-01
    outer loop
      vertex   -1.025000e+02 1.105000e+02 -5.655300e+00
      vertex   -1.107174e+02 1.105085e+02 -5.720005e+00
      vertex   -1.093478e+02 1.105085e+02 -5.720005e+00
    endloop
  endfacet
  facet normal -3.237052e-19 -9.914449e-01 -1.305262e-01
    outer loop
      vertex   -1.025000e+02 1.105000e+02 -5.655300e+00
      vertex   -1.093478e+02 1.105085e+02 -5.720005e+00
      vertex   -1.079783e+02 1.105085e+02 -5.720005e+00
    endloop
  endfacet
  facet normal -0.000000e+00 -9.238795e-01 -3.826834e-01
    outer loop
      vertex   -1.079783e+02 1.105085e+02 -5.720005e+00
      vertex   -1.093478e+02 1.105085e+02 -5.720005e+00
      vertex   -1.079783e+02 1.105335e+02 -5.780300e+00
    endloop
  endfacet
  facet normal -2.477441e-16 -9.238795e-01 -3.826834e-01
    outer loop
      vertex   -1.079783e+02 1.105085e+02 -5.720005e+00
      vertex   -1.079783e+02 1.105335e+02 -5.780300e+00
      vertex   -1.066087e+02 1.105335e+02 -5.780300e+00
    endloop
  endfacet
  facet normal -3.947886e-16 -7.933533e-01 -6.087614e-01
    outer loop
      vertex   -1.066087e+02 1.105335e+02 -5.780300e+00
      vertex   -1.079783e+02 1.105335e+02 -5.780300e+00
      vertex   -1.066087e+02 1.105732e+02 -5.832077e+00
    endloop
  endfacet
  facet normal -1.449762e-18 -7.933533e-01 -6.087614e-01
    outer loop
      vertex   -1.066087e+02 1.105335e+02 -5.780300e+00
      vertex   -1.066087e+02 1.105732e+02 -5.832077e+00
      vertex   -1.052391e+02 1.105732e+02 -5.832077e+00
    endloop
  endfacet
  facet normal -0.000000e+00 -6.087614e-01 -7.933533e-01
    outer loop
      vertex   -1.052391e+02 1.105732e+02 -5.832077e+00
      vertex   -1.066087e+02 1.105732e+02 -5.832077e+00
      vertex   -1.052391e+02 1.106250e+02 -5.871807e+00
    endloop
  endfacet
  facet normal 1.596735e-18 -6.087614e-01 -7.933533e-01
    outer loop
      vertex   -1.052391e+02 1.105732e+02 -5.832077e+00
      vertex   -1.052391e+02 1.106250e+02 -5.871807e+00
      vertex   -1.038696e+02 1.106250e+02 -5.871807e+00
    endloop
  endfacet
  facet normal -0.000000e+00 -3.826834e-01 -9.238795e-01
    outer loop
      vertex   -1.038696e+02 1.106250e+02 -5.871807e+00
      vertex   -1.052391e+02 1.106250e+02 -5.871807e+00
      vertex   -1.038696e+02 1.106853e+02 -5.896782e+00
    endloop
  endfacet
  facet normal 7.190618e-15 -3.826834e-01 -9.238795e-01
    outer loop
      vertex   -1.038696e+02 1.106250e+02 -5.871807e+00
      vertex   -1.038696e+02 1.106853e+02 -5.896782e+00
      vertex   -1.025000e+02 1.106853e+02 -5.896782e+00
    endloop
  endfacet
  facet normal 7.715557e-15 -1.305262e-01 -9.914449e-01
    outer loop
      vertex   -1.025000e+02 1.106853e+02 -5.896782e+00
      vertex   -1.038696e+02 1.106853e+02 -5.896782e+00
      vertex   -1.025000e+02 1.107500e+02 -5.905300e+00
    endloop
  endfacet
  facet normal 6.012017e-19 -1.305262e-01 -9.914449e-01
    outer loop
      vertex   -1.025000e+02 1.107500e+02 -5.905300e+00
      vertex   -1.038696e+02 1.106853e+02 -5.896782e+00
      vertex   -1.052391e+02 1.106853e+02 -5.896782e+00
    endloop
  endfacet
  facet normal 6.012017e-19 -1.305262e-01 -9.914449e-01
    outer loop
      vertex   -1.025000e+02 1.107500e+02 -5.905300e+00
      vertex   -1.052391e+02 1.106853e+02 -5.896782e+00
      vertex   -1.066087e+02 1.106853e+02 -5.896782e+00
    endloop
  endfacet
  facet normal 0.000000e+00 -3.826834e-01 -9.238795e-01
    outer loop
      vertex   -1.066087e+02 1.106853e+02 -5.896782e+00
      vertex   -1.052391e+02 1.106853e+02 -5.896782e+00
      vertex   -1.066087e+02 1.106250e+02 -5.871807e+00
    endloop
  endfacet
  facet normal 8.630236e-19 -3.826834e-01 -9.238795e-01
    outer loop
      vertex   -1.066087e+02 1.106853e+02 -5.896782e+00
      vertex   -1.066087e+02 1.106250e+02 -5.871807e+00
      vertex   -1.079783e+02 1.106250e+02 -5.871807e+00
    endloop
  endfacet
  facet normal 0.000000e+00 -6.087614e-01 -7.933533e-01
    outer loop
      vertex   -1.079783e+02 1.106250e+02 -5.871807e+00
      vertex   -1.066087e+02 1.106250e+02 -5.871807e+00
      vertex   -1.079783e+02 1.105732e+02 -5.832077e+00
    endloop
  endfacet
  facet normal 1.972007e-18 -6.087614e-01 -7.933533e-01
    outer loop
      vertex   -1.079783e+02 1.106250e+02 -5.871807e+00
      vertex   -1.079783e+02 1.105732e+02 -5.832077e+00
      vertex   -1.093478e+02 1.105732e+02 -5.832077e+00
    endloop
  endfacet
  facet normal 0.000000e+00 -7.933533e-01 -6.087614e-01
    outer loop
      vertex   -1.093478e+02 1.105732e+02 -5.832077e+00
      vertex   -1.079783e+02 1.105732e+02 -5.832077e+00
      vertex   -1.093478e+02 1.105335e+02 -5.780300e+00
    endloop
  endfacet
  facet normal -1.930129e-18 -7.933533e-01 -6.087614e-01
    outer loop
      vertex   -1.093478e+02 1.105732e+02 -5.832077e+00
      vertex   -1.093478e+02 1.105335e+02 -5.780300e+00
      vertex   -1.107174e+02 1.105335e+02 -5.780300e+00
    endloop
  endfacet
  facet normal 0.000000e+00 -9.238795e-01 -3.826834e-01
    outer loop
      vertex   -1.107174e+02 1.105335e+02 -5.780300e+00
      vertex   -1.093478e+02 1.105335e+02 -5.780300e+00
      vertex   -1.107174e+02 1.105085e+02 -5.720005e+00
    endloop
  endfacet
  facet normal 2.066173e-14 -9.238795e-01 -3.826834e-01
    outer loop
      vertex   -1.326304e+02 1.105085e+02 -5.720005e+00
      vertex   -1.340000e+02 1.105085e+02 -5.720005e+00
      vertex   -1.326304e+02 1.105335e+02 -5.780300e+00
    endloop
  endfacet
  facet normal 1.157174e-14 -9.238795e-01 -3.826834e-01
    outer loop
      vertex   -1.326304e+02 1.105335e+02 -5.780300e+00
      vertex   -1.340000e+02 1.105085e+02 -5.720005e+00
      vertex   -1.340000e+02 1.105335e+02 -5.780300e+00
    endloop
  endfacet
  facet normal 1.139029e-14 -7.933533e-01 -6.087614e-01
    outer loop
      vertex   -1.326304e+02 1.105335e+02 -5.780300e+00
      vertex   -1.340000e+02 1.105335e+02 -5.780300e+00
      vertex   -1.326304e+02 1.105732e+02 -5.832077e+00
    endloop
  endfacet
  facet normal 3.553098e-15 -7.933533e-01 -6.087614e-01
    outer loop
      vertex   -1.326304e+02 1.105732e+02 -5.832077e+00
      vertex   -1.340000e+02 1.105335e+02 -5.780300e+00
      vertex   -1.340000e+02 1.105732e+02 -5.832077e+00
    endloop
  endfacet
  facet normal 4.630487e-15 -6.087614e-01 -7.933533e-01
    outer loop
      vertex   -1.326304e+02 1.105732e+02 -5.832077e+00
      vertex   -1.340000e+02 1.105732e+02 -5.832077e+00
      vertex   -1.326304e+02 1.106250e+02 -5.871807e+00
    endloop
  endfacet
  facet normal 5.144985e-15 -6.087614e-01 -7.933533e-01
    outer loop
      vertex   -1.326304e+02 1.106250e+02 -5.871807e+00
      vertex   -1.340000e+02 1.105732e+02 -5.832077e+00
      vertex   -1.340000e+02 1.106250e+02 -5.871807e+00
    endloop
  endfacet
  facet normal 5.991462e-15 -3.826834e-01 -9.238795e-01
    outer loop
      vertex   -1.326304e+02 1.106250e+02 -5.871807e+00
      vertex   -1.340000e+02 1.106250e+02 -5.871807e+00
      vertex   -1.326304e+02 1.106853e+02 -5.896782e+00
    endloop
  endfacet
  facet normal 1.797439e-15 -3.826834e-01 -9.238795e-01
    outer loop
      vertex   -1.326304e+02 1.106853e+02 -5.896782e+00
      vertex   -1.340000e+02 1.106250e+02 -5.871807e+00
      vertex   -1.340000e+02 1.106853e+02 -5.896782e+00
    endloop
  endfacet
  facet normal 1.928889e-15 -1.305262e-01 -9.914449e-01
    outer loop
      vertex   -1.326304e+02 1.106853e+02 -5.896782e+00
      vertex   -1.340000e+02 1.106853e+02 -5.896782e+00
      vertex   -1.340000e+02 1.107500e+02 -5.905300e+00
    endloop
  endfacet
  facet normal -0.000000e+00 -1.305262e-01 -9.914449e-01
    outer loop
      vertex   -1.025000e+02 1.107500e+02 -5.905300e+00
      vertex   -1.189348e+02 1.106853e+02 -5.896782e+00
      vertex   -1.340000e+02 1.107500e+02 -5.905300e+00
    endloop
  endfacet
  facet normal 6.012017e-19 -1.305262e-01 -9.914449e-01
    outer loop
      vertex   -1.340000e+02 1.107500e+02 -5.905300e+00
      vertex   -1.189348e+02 1.106853e+02 -5.896782e+00
      vertex   -1.203043e+02 1.106853e+02 -5.896782e+00
    endloop
  endfacet
  facet normal 6.012017e-19 -1.305262e-01 -9.914449e-01
    outer loop
      vertex   -1.340000e+02 1.107500e+02 -5.905300e+00
      vertex   -1.203043e+02 1.106853e+02 -5.896782e+00
      vertex   -1.216739e+02 1.106853e+02 -5.896782e+00
    endloop
  endfacet
  facet normal 0.000000e+00 -3.826834e-01 -9.238795e-01
    outer loop
      vertex   -1.216739e+02 1.106853e+02 -5.896782e+00
      vertex   -1.203043e+02 1.106853e+02 -5.896782e+00
      vertex   -1.216739e+02 1.106250e+02 -5.871807e+00
    endloop
  endfacet
  facet normal 5.392956e-15 -3.826834e-01 -9.238795e-01
    outer loop
      vertex   -1.025000e+02 1.106853e+02 -5.896782e+00
      vertex   -1.025000e+02 1.106250e+02 -5.871807e+00
      vertex   -1.038696e+02 1.106250e+02 -5.871807e+00
    endloop
  endfacet
  facet normal 4.630487e-15 -6.087614e-01 -7.933533e-01
    outer loop
      vertex   -1.038696e+02 1.106250e+02 -5.871807e+00
      vertex   -1.025000e+02 1.106250e+02 -5.871807e+00
      vertex   -1.038696e+02 1.105732e+02 -5.832077e+00
    endloop
  endfacet
  facet normal 1.596735e-18 -6.087614e-01 -7.933533e-01
    outer loop
      vertex   -1.038696e+02 1.106250e+02 -5.871807e+00
      vertex   -1.038696e+02 1.105732e+02 -5.832077e+00
      vertex   -1.052391e+02 1.105732e+02 -5.832077e+00
    endloop
  endfacet
  facet normal 0.000000e+00 -7.933533e-01 -6.087614e-01
    outer loop
      vertex   -1.052391e+02 1.105732e+02 -5.832077e+00
      vertex   -1.038696e+02 1.105732e+02 -5.832077e+00
      vertex   -1.052391e+02 1.105335e+02 -5.780300e+00
    endloop
  endfacet
  facet normal -1.449762e-18 -7.933533e-01 -6.087614e-01
    outer loop
      vertex   -1.052391e+02 1.105732e+02 -5.832077e+00
      vertex   -1.052391e+02 1.105335e+02 -5.780300e+00
      vertex   -1.066087e+02 1.105335e+02 -5.780300e+00
    endloop
  endfacet
  facet normal 0.000000e+00 -9.238795e-01 -3.826834e-01
    outer loop
      vertex   -1.066087e+02 1.105335e+02 -5.780300e+00
      vertex   -1.052391e+02 1.105335e+02 -5.780300e+00
      vertex   -1.066087e+02 1.105085e+02 -5.720005e+00
    endloop
  endfacet
  facet normal -2.926420e-19 -9.238795e-01 -3.826834e-01
    outer loop
      vertex   -1.066087e+02 1.105335e+02 -5.780300e+00
      vertex   -1.066087e+02 1.105085e+02 -5.720005e+00
      vertex   -1.079783e+02 1.105085e+02 -5.720005e+00
    endloop
  endfacet
  facet normal 0.000000e+00 -9.914449e-01 -1.305262e-01
    outer loop
      vertex   -1.079783e+02 1.105085e+02 -5.720005e+00
      vertex   -1.066087e+02 1.105085e+02 -5.720005e+00
      vertex   -1.025000e+02 1.105000e+02 -5.655300e+00
    endloop
  endfacet
  facet normal -1.544499e-15 -6.087614e-01 -7.933533e-01
    outer loop
      vertex   -1.025000e+02 1.106250e+02 -5.871807e+00
      vertex   -1.025000e+02 1.105732e+02 -5.832077e+00
      vertex   -1.038696e+02 1.105732e+02 -5.832077e+00
    endloop
  endfacet
  facet normal -1.184366e-15 -7.933533e-01 -6.087614e-01
    outer loop
      vertex   -1.038696e+02 1.105732e+02 -5.832077e+00
      vertex   -1.025000e+02 1.105732e+02 -5.832077e+00
      vertex   -1.038696e+02 1.105335e+02 -5.780300e+00
    endloop
  endfacet
  facet normal -1.449762e-18 -7.933533e-01 -6.087614e-01
    outer loop
      vertex   -1.038696e+02 1.105732e+02 -5.832077e+00
      vertex   -1.038696e+02 1.105335e+02 -5.780300e+00
      vertex   -1.052391e+02 1.105335e+02 -5.780300e+00
    endloop
  endfacet
  facet normal 0.000000e+00 -9.238795e-01 -3.826834e-01
    outer loop
      vertex   -1.052391e+02 1.105335e+02 -5.780300e+00
      vertex   -1.038696e+02 1.105335e+02 -5.780300e+00
      vertex   -1.052391e+02 1.105085e+02 -5.720005e+00
    endloop
  endfacet
  facet normal -2.926420e-19 -9.238795e-01 -3.826834e-01
    outer loop
      vertex   -1.052391e+02 1.105335e+02 -5.780300e+00
      vertex   -1.052391e+02 1.105085e+02 -5.720005e+00
      vertex   -1.066087e+02 1.105085e+02 -5.720005e+00
    endloop
  endfacet
  facet normal 0.000000e+00 -9.914449e-01 -1.305262e-01
    outer loop
      vertex   -1.066087e+02 1.105085e+02 -5.720005e+00
      vertex   -1.052391e+02 1.105085e+02 -5.720005e+00
      vertex   -1.025000e+02 1.105000e+02 -5.655300e+00
    endloop
  endfacet
  facet normal 3.959330e-16 -7.933533e-01 -6.087614e-01
    outer loop
      vertex   -1.025000e+02 1.105732e+02 -5.832077e+00
      vertex   -1.025000e+02 1.105335e+02 -5.780300e+00
      vertex   -1.038696e+02 1.105335e+02 -5.780300e+00
    endloop
  endfacet
  facet normal 2.481745e-16 -9.238795e-01 -3.826834e-01
    outer loop
      vertex   -1.038696e+02 1.105335e+02 -5.780300e+00
      vertex   -1.025000e+02 1.105335e+02 -5.780300e+00
      vertex   -1.038696e+02 1.105085e+02 -5.720005e+00
    endloop
  endfacet
  facet normal -2.926420e-19 -9.238795e-01 -3.826834e-01
    outer loop
      vertex   -1.038696e+02 1.105335e+02 -5.780300e+00
      vertex   -1.038696e+02 1.105085e+02 -5.720005e+00
      vertex   -1.052391e+02 1.105085e+02 -5.720005e+00
    endloop
  endfacet
  facet normal 0.000000e+00 -9.914449e-01 -1.305262e-01
    outer loop
      vertex   -1.052391e+02 1.105085e+02 -5.720005e+00
      vertex   -1.038696e+02 1.105085e+02 -5.720005e+00
      vertex   -1.025000e+02 1.105000e+02 -5.655300e+00
    endloop
  endfacet
  facet normal -4.968986e-16 -9.238795e-01 -3.826834e-01
    outer loop
      vertex   -1.025000e+02 1.105335e+02 -5.780300e+00
      vertex   -1.025000e+02 1.105085e+02 -5.720005e+00
      vertex   -1.038696e+02 1.105085e+02 -5.720005e+00
    endloop
  endfacet
  facet normal -1.692954e-16 -9.914449e-01 -1.305262e-01
    outer loop
      vertex   -1.038696e+02 1.105085e+02 -5.720005e+00
      vertex   -1.025000e+02 1.105085e+02 -5.720005e+00
      vertex   -1.025000e+02 1.105000e+02 -5.655300e+00
    endloop
  endfacet
  facet normal 0.000000e+00 -9.914449e-01 -1.305262e-01
    outer loop
      vertex   -1.340000e+02 1.105000e+02 -5.655300e+00
      vertex   -1.175652e+02 1.105085e+02 -5.720005e+00
      vertex   -1.025000e+02 1.105000e+02 -5.655300e+00
    endloop
  endfacet
  facet normal -3.237052e-19 -9.914449e-01 -1.305262e-01
    outer loop
      vertex   -1.025000e+02 1.105000e+02 -5.655300e+00
      vertex   -1.175652e+02 1.105085e+02 -5.720005e+00
      vertex   -1.161957e+02 1.105085e+02 -5.720005e+00
    endloop
  endfacet
  facet normal -3.237052e-19 -9.914449e-01 -1.305262e-01
    outer loop
      vertex   -1.025000e+02 1.105000e+02 -5.655300e+00
      vertex   -1.161957e+02 1.105085e+02 -5.720005e+00
      vertex   -1.148261e+02 1.105085e+02 -5.720005e+00
    endloop
  endfacet
  facet normal -0.000000e+00 -9.238795e-01 -3.826834e-01
    outer loop
      vertex   -1.148261e+02 1.105085e+02 -5.720005e+00
      vertex   -1.161957e+02 1.105085e+02 -5.720005e+00
      vertex   -1.148261e+02 1.105335e+02 -5.780300e+00
    endloop
  endfacet
  facet normal 4.303837e-19 -9.238795e-01 -3.826834e-01
    outer loop
      vertex   -1.148261e+02 1.105085e+02 -5.720005e+00
      vertex   -1.148261e+02 1.105335e+02 -5.780300e+00
      vertex   -1.134565e+02 1.105335e+02 -5.780300e+00
    endloop
  endfacet
  facet normal -0.000000e+00 -7.933533e-01 -6.087614e-01
    outer loop
      vertex   -1.134565e+02 1.105335e+02 -5.780300e+00
      vertex   -1.148261e+02 1.105335e+02 -5.780300e+00
      vertex   -1.134565e+02 1.105732e+02 -5.832077e+00
    endloop
  endfacet
  facet normal -1.930129e-18 -7.933533e-01 -6.087614e-01
    outer loop
      vertex   -1.134565e+02 1.105335e+02 -5.780300e+00
      vertex   -1.134565e+02 1.105732e+02 -5.832077e+00
      vertex   -1.120870e+02 1.105732e+02 -5.832077e+00
    endloop
  endfacet
  facet normal -0.000000e+00 -6.087614e-01 -7.933533e-01
    outer loop
      vertex   -1.120870e+02 1.105732e+02 -5.832077e+00
      vertex   -1.134565e+02 1.105732e+02 -5.832077e+00
      vertex   -1.120870e+02 1.106250e+02 -5.871807e+00
    endloop
  endfacet
  facet normal -0.000000e+00 -9.238795e-01 -3.826834e-01
    outer loop
      vertex   -1.312609e+02 1.105085e+02 -5.720005e+00
      vertex   -1.326304e+02 1.105085e+02 -5.720005e+00
      vertex   -1.312609e+02 1.105335e+02 -5.780300e+00
    endloop
  endfacet
  facet normal -0.000000e+00 -9.238795e-01 -3.826834e-01
    outer loop
      vertex   -1.312609e+02 1.105335e+02 -5.780300e+00
      vertex   -1.326304e+02 1.105085e+02 -5.720005e+00
      vertex   -1.326304e+02 1.105335e+02 -5.780300e+00
    endloop
  endfacet
  facet normal -0.000000e+00 -7.933533e-01 -6.087614e-01
    outer loop
      vertex   -1.312609e+02 1.105335e+02 -5.780300e+00
      vertex   -1.326304e+02 1.105335e+02 -5.780300e+00
      vertex   -1.312609e+02 1.105732e+02 -5.832077e+00
    endloop
  endfacet
  facet normal -0.000000e+00 -7.933533e-01 -6.087614e-01
    outer loop
      vertex   -1.312609e+02 1.105732e+02 -5.832077e+00
      vertex   -1.326304e+02 1.105335e+02 -5.780300e+00
      vertex   -1.326304e+02 1.105732e+02 -5.832077e+00
    endloop
  endfacet
  facet normal -0.000000e+00 -6.087614e-01 -7.933533e-01
    outer loop
      vertex   -1.312609e+02 1.105732e+02 -5.832077e+00
      vertex   -1.326304e+02 1.105732e+02 -5.832077e+00
      vertex   -1.312609e+02 1.106250e+02 -5.871807e+00
    endloop
  endfacet
  facet normal -0.000000e+00 -6.087614e-01 -7.933533e-01
    outer loop
      vertex   -1.312609e+02 1.106250e+02 -5.871807e+00
      vertex   -1.326304e+02 1.105732e+02 -5.832077e+00
      vertex   -1.326304e+02 1.106250e+02 -5.871807e+00
    endloop
  endfacet
  facet normal -0.000000e+00 -3.826834e-01 -9.238795e-01
    outer loop
      vertex   -1.312609e+02 1.106250e+02 -5.871807e+00
      vertex   -1.326304e+02 1.106250e+02 -5.871807e+00
      vertex   -1.312609e+02 1.106853e+02 -5.896782e+00
    endloop
  endfacet
  facet normal -0.000000e+00 -3.826834e-01 -9.238795e-01
    outer loop
      vertex   -1.312609e+02 1.106853e+02 -5.896782e+00
      vertex   -1.326304e+02 1.106250e+02 -5.871807e+00
      vertex   -1.326304e+02 1.106853e+02 -5.896782e+00
    endloop
  endfacet
  facet normal -0.000000e+00 -1.305262e-01 -9.914449e-01
    outer loop
      vertex   -1.312609e+02 1.106853e+02 -5.896782e+00
      vertex   -1.326304e+02 1.106853e+02 -5.896782e+00
      vertex   -1.340000e+02 1.107500e+02 -5.905300e+00
    endloop
  endfacet
  facet normal 0.000000e+00 -9.914449e-01 -1.305262e-01
    outer loop
      vertex   -1.298913e+02 1.105085e+02 -5.720005e+00
      vertex   -1.285217e+02 1.105085e+02 -5.720005e+00
      vertex   -1.340000e+02 1.105000e+02 -5.655300e+00
    endloop
  endfacet
  facet normal -5.858246e-19 -9.914449e-01 -1.305262e-01
    outer loop
      vertex   -1.340000e+02 1.105000e+02 -5.655300e+00
      vertex   -1.285217e+02 1.105085e+02 -5.720005e+00
      vertex   -1.271522e+02 1.105085e+02 -5.720005e+00
    endloop
  endfacet
  facet normal -5.858246e-19 -9.914449e-01 -1.305262e-01
    outer loop
      vertex   -1.340000e+02 1.105000e+02 -5.655300e+00
      vertex   -1.271522e+02 1.105085e+02 -5.720005e+00
      vertex   -1.257826e+02 1.105085e+02 -5.720005e+00
    endloop
  endfacet
  facet normal -0.000000e+00 -9.238795e-01 -3.826834e-01
    outer loop
      vertex   -1.257826e+02 1.105085e+02 -5.720005e+00
      vertex   -1.271522e+02 1.105085e+02 -5.720005e+00
      vertex   -1.257826e+02 1.105335e+02 -5.780300e+00
    endloop
  endfacet
  facet normal 4.303837e-19 -9.238795e-01 -3.826834e-01
    outer loop
      vertex   -1.257826e+02 1.105085e+02 -5.720005e+00
      vertex   -1.257826e+02 1.105335e+02 -5.780300e+00
      vertex   -1.244130e+02 1.105335e+02 -5.780300e+00
    endloop
  endfacet
  facet normal -0.000000e+00 -7.933533e-01 -6.087614e-01
    outer loop
      vertex   -1.244130e+02 1.105335e+02 -5.780300e+00
      vertex   -1.257826e+02 1.105335e+02 -5.780300e+00
      vertex   -1.244130e+02 1.105732e+02 -5.832077e+00
    endloop
  endfacet
  facet normal -2.410497e-18 -7.933533e-01 -6.087614e-01
    outer loop
      vertex   -1.244130e+02 1.105335e+02 -5.780300e+00
      vertex   -1.244130e+02 1.105732e+02 -5.832077e+00
      vertex   -1.230435e+02 1.105732e+02 -5.832077e+00
    endloop
  endfacet
  facet normal -0.000000e+00 -6.087614e-01 -7.933533e-01
    outer loop
      vertex   -1.230435e+02 1.105732e+02 -5.832077e+00
      vertex   -1.244130e+02 1.105732e+02 -5.832077e+00
      vertex   -1.230435e+02 1.106250e+02 -5.871807e+00
    endloop
  endfacet
  facet normal 0.000000e+00 -9.238795e-01 -3.826834e-01
    outer loop
      vertex   -1.298913e+02 1.105085e+02 -5.720005e+00
      vertex   -1.285217e+02 1.105335e+02 -5.780300e+00
      vertex   -1.285217e+02 1.105085e+02 -5.720005e+00
    endloop
  endfacet
  facet normal 4.303837e-19 -9.238795e-01 -3.826834e-01
    outer loop
      vertex   -1.285217e+02 1.105085e+02 -5.720005e+00
      vertex   -1.285217e+02 1.105335e+02 -5.780300e+00
      vertex   -1.271522e+02 1.105335e+02 -5.780300e+00
    endloop
  endfacet
  facet normal 0.000000e+00 -9.238795e-01 -3.826834e-01
    outer loop
      vertex   -1.285217e+02 1.105085e+02 -5.720005e+00
      vertex   -1.271522e+02 1.105335e+02 -5.780300e+00
      vertex   -1.271522e+02 1.105085e+02 -5.720005e+00
    endloop
  endfacet
  facet normal 4.303837e-19 -9.238795e-01 -3.826834e-01
    outer loop
      vertex   -1.271522e+02 1.105085e+02 -5.720005e+00
      vertex   -1.271522e+02 1.105335e+02 -5.780300e+00
      vertex   -1.257826e+02 1.105335e+02 -5.780300e+00
    endloop
  endfacet
  facet normal -0.000000e+00 -9.914449e-01 -1.305262e-01
    outer loop
      vertex   -1.230435e+02 1.105085e+02 -5.720005e+00
      vertex   -1.340000e+02 1.105000e+02 -5.655300e+00
      vertex   -1.244130e+02 1.105085e+02 -5.720005e+00
    endloop
  endfacet
  facet normal -8.464770e-17 -9.914449e-01 -1.305262e-01
    outer loop
      vertex   -1.244130e+02 1.105085e+02 -5.720005e+00
      vertex   -1.340000e+02 1.105000e+02 -5.655300e+00
      vertex   -1.257826e+02 1.105085e+02 -5.720005e+00
    endloop
  endfacet
  facet normal -2.481745e-16 -9.238795e-01 -3.826834e-01
    outer loop
      vertex   -1.244130e+02 1.105085e+02 -5.720005e+00
      vertex   -1.257826e+02 1.105085e+02 -5.720005e+00
      vertex   -1.244130e+02 1.105335e+02 -5.780300e+00
    endloop
  endfacet
  facet normal 1.153409e-18 -9.238795e-01 -3.826834e-01
    outer loop
      vertex   -1.230435e+02 1.105335e+02 -5.780300e+00
      vertex   -1.230435e+02 1.105085e+02 -5.720005e+00
      vertex   -1.244130e+02 1.105085e+02 -5.720005e+00
    endloop
  endfacet
  facet normal -0.000000e+00 -9.238795e-01 -3.826834e-01
    outer loop
      vertex   -1.230435e+02 1.105335e+02 -5.780300e+00
      vertex   -1.244130e+02 1.105085e+02 -5.720005e+00
      vertex   -1.244130e+02 1.105335e+02 -5.780300e+00
    endloop
  endfacet
  facet normal -0.000000e+00 -9.914449e-01 -1.305262e-01
    outer loop
      vertex   -1.175652e+02 1.105085e+02 -5.720005e+00
      vertex   -1.340000e+02 1.105000e+02 -5.655300e+00
      vertex   -1.189348e+02 1.105085e+02 -5.720005e+00
    endloop
  endfacet
  facet normal -0.000000e+00 -9.238795e-01 -3.826834e-01
    outer loop
      vertex   -1.203043e+02 1.105085e+02 -5.720005e+00
      vertex   -1.216739e+02 1.105085e+02 -5.720005e+00
      vertex   -1.203043e+02 1.105335e+02 -5.780300e+00
    endloop
  endfacet
  facet normal -0.000000e+00 -9.238795e-01 -3.826834e-01
    outer loop
      vertex   -1.203043e+02 1.105335e+02 -5.780300e+00
      vertex   -1.216739e+02 1.105085e+02 -5.720005e+00
      vertex   -1.216739e+02 1.105335e+02 -5.780300e+00
    endloop
  endfacet
  facet normal -0.000000e+00 -7.933533e-01 -6.087614e-01
    outer loop
      vertex   -1.203043e+02 1.105335e+02 -5.780300e+00
      vertex   -1.216739e+02 1.105335e+02 -5.780300e+00
      vertex   -1.203043e+02 1.105732e+02 -5.832077e+00
    endloop
  endfacet
  facet normal 3.947886e-16 -7.933533e-01 -6.087614e-01
    outer loop
      vertex   -1.203043e+02 1.105732e+02 -5.832077e+00
      vertex   -1.216739e+02 1.105335e+02 -5.780300e+00
      vertex   -1.216739e+02 1.105732e+02 -5.832077e+00
    endloop
  endfacet
  facet normal 5.144985e-16 -6.087614e-01 -7.933533e-01
    outer loop
      vertex   -1.203043e+02 1.105732e+02 -5.832077e+00
      vertex   -1.216739e+02 1.105732e+02 -5.832077e+00
      vertex   -1.203043e+02 1.106250e+02 -5.871807e+00
    endloop
  endfacet
  facet normal -0.000000e+00 -6.087614e-01 -7.933533e-01
    outer loop
      vertex   -1.203043e+02 1.106250e+02 -5.871807e+00
      vertex   -1.216739e+02 1.105732e+02 -5.832077e+00
      vertex   -1.216739e+02 1.106250e+02 -5.871807e+00
    endloop
  endfacet
  facet normal -0.000000e+00 -3.826834e-01 -9.238795e-01
    outer loop
      vertex   -1.203043e+02 1.106250e+02 -5.871807e+00
      vertex   -1.216739e+02 1.106250e+02 -5.871807e+00
      vertex   -1.203043e+02 1.106853e+02 -5.896782e+00
    endloop
  endfacet
  facet normal 0.000000e+00 -9.238795e-01 -3.826834e-01
    outer loop
      vertex   -1.189348e+02 1.105085e+02 -5.720005e+00
      vertex   -1.175652e+02 1.105335e+02 -5.780300e+00
      vertex   -1.175652e+02 1.105085e+02 -5.720005e+00
    endloop
  endfacet
  facet normal 4.303837e-19 -9.238795e-01 -3.826834e-01
    outer loop
      vertex   -1.175652e+02 1.105085e+02 -5.720005e+00
      vertex   -1.175652e+02 1.105335e+02 -5.780300e+00
      vertex   -1.161957e+02 1.105335e+02 -5.780300e+00
    endloop
  endfacet
  facet normal 0.000000e+00 -9.238795e-01 -3.826834e-01
    outer loop
      vertex   -1.175652e+02 1.105085e+02 -5.720005e+00
      vertex   -1.161957e+02 1.105335e+02 -5.780300e+00
      vertex   -1.161957e+02 1.105085e+02 -5.720005e+00
    endloop
  endfacet
  facet normal 4.303837e-19 -9.238795e-01 -3.826834e-01
    outer loop
      vertex   -1.161957e+02 1.105085e+02 -5.720005e+00
      vertex   -1.161957e+02 1.105335e+02 -5.780300e+00
      vertex   -1.148261e+02 1.105335e+02 -5.780300e+00
    endloop
  endfacet
  facet normal -0.000000e+00 -9.914449e-01 -1.305262e-01
    outer loop
      vertex   -1.120870e+02 1.105085e+02 -5.720005e+00
      vertex   -1.025000e+02 1.105000e+02 -5.655300e+00
      vertex   -1.134565e+02 1.105085e+02 -5.720005e+00
    endloop
  endfacet
  facet normal -0.000000e+00 -9.914449e-01 -1.305262e-01
    outer loop
      vertex   -1.134565e+02 1.105085e+02 -5.720005e+00
      vertex   -1.025000e+02 1.105000e+02 -5.655300e+00
      vertex   -1.148261e+02 1.105085e+02 -5.720005e+00
    endloop
  endfacet
  facet normal -0.000000e+00 -9.238795e-01 -3.826834e-01
    outer loop
      vertex   -1.134565e+02 1.105085e+02 -5.720005e+00
      vertex   -1.148261e+02 1.105085e+02 -5.720005e+00
      vertex   -1.134565e+02 1.105335e+02 -5.780300e+00
    endloop
  endfacet
  facet normal 4.303837e-19 -9.238795e-01 -3.826834e-01
    outer loop
      vertex   -1.120870e+02 1.105335e+02 -5.780300e+00
      vertex   -1.120870e+02 1.105085e+02 -5.720005e+00
      vertex   -1.134565e+02 1.105085e+02 -5.720005e+00
    endloop
  endfacet
  facet normal -0.000000e+00 -9.238795e-01 -3.826834e-01
    outer loop
      vertex   -1.120870e+02 1.105335e+02 -5.780300e+00
      vertex   -1.134565e+02 1.105085e+02 -5.720005e+00
      vertex   -1.134565e+02 1.105335e+02 -5.780300e+00
    endloop
  endfacet
  facet normal -0.000000e+00 -9.238795e-01 -3.826834e-01
    outer loop
      vertex   -1.079783e+02 1.105335e+02 -5.780300e+00
      vertex   -1.093478e+02 1.105085e+02 -5.720005e+00
      vertex   -1.093478e+02 1.105335e+02 -5.780300e+00
    endloop
  endfacet
  facet normal 4.303837e-19 -9.238795e-01 -3.826834e-01
    outer loop
      vertex   -1.093478e+02 1.105335e+02 -5.780300e+00
      vertex   -1.093478e+02 1.105085e+02 -5.720005e+00
      vertex   -1.107174e+02 1.105085e+02 -5.720005e+00
    endloop
  endfacet
  facet normal 4.303837e-19 -9.238795e-01 -3.826834e-01
    outer loop
      vertex   -1.312609e+02 1.105085e+02 -5.720005e+00
      vertex   -1.312609e+02 1.105335e+02 -5.780300e+00
      vertex   -1.298913e+02 1.105335e+02 -5.780300e+00
    endloop
  endfacet
  facet normal -0.000000e+00 -7.933533e-01 -6.087614e-01
    outer loop
      vertex   -1.298913e+02 1.105335e+02 -5.780300e+00
      vertex   -1.312609e+02 1.105335e+02 -5.780300e+00
      vertex   -1.298913e+02 1.105732e+02 -5.832077e+00
    endloop
  endfacet
  facet normal 6.640398e-19 -7.933533e-01 -6.087614e-01
    outer loop
      vertex   -1.298913e+02 1.105335e+02 -5.780300e+00
      vertex   -1.298913e+02 1.105732e+02 -5.832077e+00
      vertex   -1.285217e+02 1.105732e+02 -5.832077e+00
    endloop
  endfacet
  facet normal -0.000000e+00 -6.087614e-01 -7.933533e-01
    outer loop
      vertex   -1.285217e+02 1.105732e+02 -5.832077e+00
      vertex   -1.298913e+02 1.105732e+02 -5.832077e+00
      vertex   -1.285217e+02 1.106250e+02 -5.871807e+00
    endloop
  endfacet
  facet normal 1.940063e-18 -6.087614e-01 -7.933533e-01
    outer loop
      vertex   -1.285217e+02 1.105732e+02 -5.832077e+00
      vertex   -1.285217e+02 1.106250e+02 -5.871807e+00
      vertex   -1.271522e+02 1.106250e+02 -5.871807e+00
    endloop
  endfacet
  facet normal -0.000000e+00 -3.826834e-01 -9.238795e-01
    outer loop
      vertex   -1.271522e+02 1.106250e+02 -5.871807e+00
      vertex   -1.285217e+02 1.106250e+02 -5.871807e+00
      vertex   -1.271522e+02 1.106853e+02 -5.896782e+00
    endloop
  endfacet
  facet normal -6.742717e-20 -3.826834e-01 -9.238795e-01
    outer loop
      vertex   -1.271522e+02 1.106250e+02 -5.871807e+00
      vertex   -1.271522e+02 1.106853e+02 -5.896782e+00
      vertex   -1.257826e+02 1.106853e+02 -5.896782e+00
    endloop
  endfacet
  facet normal -0.000000e+00 -1.305262e-01 -9.914449e-01
    outer loop
      vertex   -1.257826e+02 1.106853e+02 -5.896782e+00
      vertex   -1.271522e+02 1.106853e+02 -5.896782e+00
      vertex   -1.340000e+02 1.107500e+02 -5.905300e+00
    endloop
  endfacet
  facet normal -0.000000e+00 -7.933533e-01 -6.087614e-01
    outer loop
      vertex   -1.298913e+02 1.105732e+02 -5.832077e+00
      vertex   -1.312609e+02 1.105335e+02 -5.780300e+00
      vertex   -1.312609e+02 1.105732e+02 -5.832077e+00
    endloop
  endfacet
  facet normal 0.000000e+00 -7.933533e-01 -6.087614e-01
    outer loop
      vertex   -1.285217e+02 1.105335e+02 -5.780300e+00
      vertex   -1.271522e+02 1.105732e+02 -5.832077e+00
      vertex   -1.271522e+02 1.105335e+02 -5.780300e+00
    endloop
  endfacet
  facet normal -2.410497e-18 -7.933533e-01 -6.087614e-01
    outer loop
      vertex   -1.271522e+02 1.105335e+02 -5.780300e+00
      vertex   -1.271522e+02 1.105732e+02 -5.832077e+00
      vertex   -1.257826e+02 1.105732e+02 -5.832077e+00
    endloop
  endfacet
  facet normal 0.000000e+00 -7.933533e-01 -6.087614e-01
    outer loop
      vertex   -1.271522e+02 1.105335e+02 -5.780300e+00
      vertex   -1.257826e+02 1.105732e+02 -5.832077e+00
      vertex   -1.257826e+02 1.105335e+02 -5.780300e+00
    endloop
  endfacet
  facet normal -2.410497e-18 -7.933533e-01 -6.087614e-01
    outer loop
      vertex   -1.257826e+02 1.105335e+02 -5.780300e+00
      vertex   -1.257826e+02 1.105732e+02 -5.832077e+00
      vertex   -1.244130e+02 1.105732e+02 -5.832077e+00
    endloop
  endfacet
  facet normal -2.410497e-18 -7.933533e-01 -6.087614e-01
    outer loop
      vertex   -1.230435e+02 1.105732e+02 -5.832077e+00
      vertex   -1.230435e+02 1.105335e+02 -5.780300e+00
      vertex   -1.244130e+02 1.105335e+02 -5.780300e+00
    endloop
  endfacet
  facet normal -2.470211e-16 -9.238795e-01 -3.826834e-01
    outer loop
      vertex   -1.203043e+02 1.105085e+02 -5.720005e+00
      vertex   -1.203043e+02 1.105335e+02 -5.780300e+00
      vertex   -1.189348e+02 1.105335e+02 -5.780300e+00
    endloop
  endfacet
  facet normal -3.947886e-16 -7.933533e-01 -6.087614e-01
    outer loop
      vertex   -1.189348e+02 1.105335e+02 -5.780300e+00
      vertex   -1.203043e+02 1.105335e+02 -5.780300e+00
      vertex   -1.189348e+02 1.105732e+02 -5.832077e+00
    endloop
  endfacet
  facet normal 1.144408e-18 -7.933533e-01 -6.087614e-01
    outer loop
      vertex   -1.189348e+02 1.105335e+02 -5.780300e+00
      vertex   -1.189348e+02 1.105732e+02 -5.832077e+00
      vertex   -1.175652e+02 1.105732e+02 -5.832077e+00
    endloop
  endfacet
  facet normal -0.000000e+00 -6.087614e-01 -7.933533e-01
    outer loop
      vertex   -1.175652e+02 1.105732e+02 -5.832077e+00
      vertex   -1.189348e+02 1.105732e+02 -5.832077e+00
      vertex   -1.175652e+02 1.106250e+02 -5.871807e+00
    endloop
  endfacet
  facet normal -1.031127e-15 -6.087614e-01 -7.933533e-01
    outer loop
      vertex   -1.175652e+02 1.105732e+02 -5.832077e+00
      vertex   -1.175652e+02 1.106250e+02 -5.871807e+00
      vertex   -1.161957e+02 1.106250e+02 -5.871807e+00
    endloop
  endfacet
  facet normal -1.198292e-15 -3.826834e-01 -9.238795e-01
    outer loop
      vertex   -1.161957e+02 1.106250e+02 -5.871807e+00
      vertex   -1.175652e+02 1.106250e+02 -5.871807e+00
      vertex   -1.161957e+02 1.106853e+02 -5.896782e+00
    endloop
  endfacet
  facet normal 9.375070e-19 -3.826834e-01 -9.238795e-01
    outer loop
      vertex   -1.161957e+02 1.106250e+02 -5.871807e+00
      vertex   -1.161957e+02 1.106853e+02 -5.896782e+00
      vertex   -1.148261e+02 1.106853e+02 -5.896782e+00
    endloop
  endfacet
  facet normal -0.000000e+00 -1.305262e-01 -9.914449e-01
    outer loop
      vertex   -1.148261e+02 1.106853e+02 -5.896782e+00
      vertex   -1.161957e+02 1.106853e+02 -5.896782e+00
      vertex   -1.025000e+02 1.107500e+02 -5.905300e+00
    endloop
  endfacet
  facet normal -0.000000e+00 -7.933533e-01 -6.087614e-01
    outer loop
      vertex   -1.189348e+02 1.105732e+02 -5.832077e+00
      vertex   -1.203043e+02 1.105335e+02 -5.780300e+00
      vertex   -1.203043e+02 1.105732e+02 -5.832077e+00
    endloop
  endfacet
  facet normal 0.000000e+00 -7.933533e-01 -6.087614e-01
    outer loop
      vertex   -1.175652e+02 1.105335e+02 -5.780300e+00
      vertex   -1.161957e+02 1.105732e+02 -5.832077e+00
      vertex   -1.161957e+02 1.105335e+02 -5.780300e+00
    endloop
  endfacet
  facet normal 1.144408e-18 -7.933533e-01 -6.087614e-01
    outer loop
      vertex   -1.161957e+02 1.105335e+02 -5.780300e+00
      vertex   -1.161957e+02 1.105732e+02 -5.832077e+00
      vertex   -1.148261e+02 1.105732e+02 -5.832077e+00
    endloop
  endfacet
  facet normal 0.000000e+00 -7.933533e-01 -6.087614e-01
    outer loop
      vertex   -1.161957e+02 1.105335e+02 -5.780300e+00
      vertex   -1.148261e+02 1.105732e+02 -5.832077e+00
      vertex   -1.148261e+02 1.105335e+02 -5.780300e+00
    endloop
  endfacet
  facet normal 3.959330e-16 -7.933533e-01 -6.087614e-01
    outer loop
      vertex   -1.148261e+02 1.105335e+02 -5.780300e+00
      vertex   -1.148261e+02 1.105732e+02 -5.832077e+00
      vertex   -1.134565e+02 1.105732e+02 -5.832077e+00
    endloop
  endfacet
  facet normal -1.930129e-18 -7.933533e-01 -6.087614e-01
    outer loop
      vertex   -1.120870e+02 1.105732e+02 -5.832077e+00
      vertex   -1.120870e+02 1.105335e+02 -5.780300e+00
      vertex   -1.134565e+02 1.105335e+02 -5.780300e+00
    endloop
  endfacet
  facet normal -0.000000e+00 -7.933533e-01 -6.087614e-01
    outer loop
      vertex   -1.093478e+02 1.105732e+02 -5.832077e+00
      vertex   -1.107174e+02 1.105335e+02 -5.780300e+00
      vertex   -1.107174e+02 1.105732e+02 -5.832077e+00
    endloop
  endfacet
  facet normal 7.895772e-16 -7.933533e-01 -6.087614e-01
    outer loop
      vertex   -1.066087e+02 1.105732e+02 -5.832077e+00
      vertex   -1.079783e+02 1.105335e+02 -5.780300e+00
      vertex   -1.079783e+02 1.105732e+02 -5.832077e+00
    endloop
  endfacet
  facet normal -1.930129e-18 -7.933533e-01 -6.087614e-01
    outer loop
      vertex   -1.079783e+02 1.105732e+02 -5.832077e+00
      vertex   -1.079783e+02 1.105335e+02 -5.780300e+00
      vertex   -1.093478e+02 1.105335e+02 -5.780300e+00
    endloop
  endfacet
  facet normal -0.000000e+00 -6.087614e-01 -7.933533e-01
    outer loop
      vertex   -1.298913e+02 1.105732e+02 -5.832077e+00
      vertex   -1.312609e+02 1.105732e+02 -5.832077e+00
      vertex   -1.298913e+02 1.106250e+02 -5.871807e+00
    endloop
  endfacet
  facet normal -0.000000e+00 -6.087614e-01 -7.933533e-01
    outer loop
      vertex   -1.298913e+02 1.106250e+02 -5.871807e+00
      vertex   -1.312609e+02 1.105732e+02 -5.832077e+00
      vertex   -1.312609e+02 1.106250e+02 -5.871807e+00
    endloop
  endfacet
  facet normal -0.000000e+00 -3.826834e-01 -9.238795e-01
    outer loop
      vertex   -1.298913e+02 1.106250e+02 -5.871807e+00
      vertex   -1.312609e+02 1.106250e+02 -5.871807e+00
      vertex   -1.298913e+02 1.106853e+02 -5.896782e+00
    endloop
  endfacet
  facet normal -0.000000e+00 -3.826834e-01 -9.238795e-01
    outer loop
      vertex   -1.298913e+02 1.106853e+02 -5.896782e+00
      vertex   -1.312609e+02 1.106250e+02 -5.871807e+00
      vertex   -1.312609e+02 1.106853e+02 -5.896782e+00
    endloop
  endfacet
  facet normal -0.000000e+00 -1.305262e-01 -9.914449e-01
    outer loop
      vertex   -1.298913e+02 1.106853e+02 -5.896782e+00
      vertex   -1.312609e+02 1.106853e+02 -5.896782e+00
      vertex   -1.340000e+02 1.107500e+02 -5.905300e+00
    endloop
  endfacet
  facet normal 0.000000e+00 -6.087614e-01 -7.933533e-01
    outer loop
      vertex   -1.271522e+02 1.105732e+02 -5.832077e+00
      vertex   -1.257826e+02 1.106250e+02 -5.871807e+00
      vertex   -1.257826e+02 1.105732e+02 -5.832077e+00
    endloop
  endfacet
  facet normal -5.127461e-16 -6.087614e-01 -7.933533e-01
    outer loop
      vertex   -1.257826e+02 1.105732e+02 -5.832077e+00
      vertex   -1.257826e+02 1.106250e+02 -5.871807e+00
      vertex   -1.244130e+02 1.106250e+02 -5.871807e+00
    endloop
  endfacet
  facet normal 0.000000e+00 -6.087614e-01 -7.933533e-01
    outer loop
      vertex   -1.257826e+02 1.105732e+02 -5.832077e+00
      vertex   -1.244130e+02 1.106250e+02 -5.871807e+00
      vertex   -1.244130e+02 1.105732e+02 -5.832077e+00
    endloop
  endfacet
  facet normal 1.564791e-18 -6.087614e-01 -7.933533e-01
    outer loop
      vertex   -1.244130e+02 1.105732e+02 -5.832077e+00
      vertex   -1.244130e+02 1.106250e+02 -5.871807e+00
      vertex   -1.230435e+02 1.106250e+02 -5.871807e+00
    endloop
  endfacet
  facet normal -0.000000e+00 -6.087614e-01 -7.933533e-01
    outer loop
      vertex   -1.189348e+02 1.105732e+02 -5.832077e+00
      vertex   -1.203043e+02 1.105732e+02 -5.832077e+00
      vertex   -1.189348e+02 1.106250e+02 -5.871807e+00
    endloop
  endfacet
  facet normal 1.263324e-14 -6.087614e-01 -7.933533e-01
    outer loop
      vertex   -1.189348e+02 1.106250e+02 -5.871807e+00
      vertex   -1.203043e+02 1.105732e+02 -5.832077e+00
      vertex   -1.203043e+02 1.106250e+02 -5.871807e+00
    endloop
  endfacet
  facet normal 7.941584e-15 -3.826834e-01 -9.238795e-01
    outer loop
      vertex   -1.189348e+02 1.106250e+02 -5.871807e+00
      vertex   -1.203043e+02 1.106250e+02 -5.871807e+00
      vertex   -1.189348e+02 1.106853e+02 -5.896782e+00
    endloop
  endfacet
  facet normal -0.000000e+00 -3.826834e-01 -9.238795e-01
    outer loop
      vertex   -1.189348e+02 1.106853e+02 -5.896782e+00
      vertex   -1.203043e+02 1.106250e+02 -5.871807e+00
      vertex   -1.203043e+02 1.106853e+02 -5.896782e+00
    endloop
  endfacet
  facet normal 0.000000e+00 -6.087614e-01 -7.933533e-01
    outer loop
      vertex   -1.161957e+02 1.105732e+02 -5.832077e+00
      vertex   -1.148261e+02 1.106250e+02 -5.871807e+00
      vertex   -1.148261e+02 1.105732e+02 -5.832077e+00
    endloop
  endfacet
  facet normal 2.347279e-18 -6.087614e-01 -7.933533e-01
    outer loop
      vertex   -1.148261e+02 1.105732e+02 -5.832077e+00
      vertex   -1.148261e+02 1.106250e+02 -5.871807e+00
      vertex   -1.134565e+02 1.106250e+02 -5.871807e+00
    endloop
  endfacet
  facet normal 5.144985e-16 -6.087614e-01 -7.933533e-01
    outer loop
      vertex   -1.148261e+02 1.105732e+02 -5.832077e+00
      vertex   -1.134565e+02 1.106250e+02 -5.871807e+00
      vertex   -1.134565e+02 1.105732e+02 -5.832077e+00
    endloop
  endfacet
  facet normal 2.159643e-18 -6.087614e-01 -7.933533e-01
    outer loop
      vertex   -1.134565e+02 1.105732e+02 -5.832077e+00
      vertex   -1.134565e+02 1.106250e+02 -5.871807e+00
      vertex   -1.120870e+02 1.106250e+02 -5.871807e+00
    endloop
  endfacet
  facet normal -0.000000e+00 -6.087614e-01 -7.933533e-01
    outer loop
      vertex   -1.093478e+02 1.105732e+02 -5.832077e+00
      vertex   -1.107174e+02 1.105732e+02 -5.832077e+00
      vertex   -1.093478e+02 1.106250e+02 -5.871807e+00
    endloop
  endfacet
  facet normal -5.144985e-16 -6.087614e-01 -7.933533e-01
    outer loop
      vertex   -1.093478e+02 1.106250e+02 -5.871807e+00
      vertex   -1.107174e+02 1.105732e+02 -5.832077e+00
      vertex   -1.107174e+02 1.106250e+02 -5.871807e+00
    endloop
  endfacet
  facet normal -5.991462e-16 -3.826834e-01 -9.238795e-01
    outer loop
      vertex   -1.093478e+02 1.106250e+02 -5.871807e+00
      vertex   -1.107174e+02 1.106250e+02 -5.871807e+00
      vertex   -1.093478e+02 1.106853e+02 -5.896782e+00
    endloop
  endfacet
  facet normal -0.000000e+00 -3.826834e-01 -9.238795e-01
    outer loop
      vertex   -1.093478e+02 1.106853e+02 -5.896782e+00
      vertex   -1.107174e+02 1.106250e+02 -5.871807e+00
      vertex   -1.107174e+02 1.106853e+02 -5.896782e+00
    endloop
  endfacet
  facet normal -0.000000e+00 -1.305262e-01 -9.914449e-01
    outer loop
      vertex   -1.093478e+02 1.106853e+02 -5.896782e+00
      vertex   -1.107174e+02 1.106853e+02 -5.896782e+00
      vertex   -1.025000e+02 1.107500e+02 -5.905300e+00
    endloop
  endfacet
  facet normal -0.000000e+00 -6.087614e-01 -7.933533e-01
    outer loop
      vertex   -1.052391e+02 1.106250e+02 -5.871807e+00
      vertex   -1.066087e+02 1.105732e+02 -5.832077e+00
      vertex   -1.066087e+02 1.106250e+02 -5.871807e+00
    endloop
  endfacet
  facet normal 1.030594e-15 -6.087614e-01 -7.933533e-01
    outer loop
      vertex   -1.066087e+02 1.106250e+02 -5.871807e+00
      vertex   -1.066087e+02 1.105732e+02 -5.832077e+00
      vertex   -1.079783e+02 1.105732e+02 -5.832077e+00
    endloop
  endfacet
  facet normal 1.940063e-18 -6.087614e-01 -7.933533e-01
    outer loop
      vertex   -1.298913e+02 1.105732e+02 -5.832077e+00
      vertex   -1.298913e+02 1.106250e+02 -5.871807e+00
      vertex   -1.285217e+02 1.106250e+02 -5.871807e+00
    endloop
  endfacet
  facet normal -0.000000e+00 -3.826834e-01 -9.238795e-01
    outer loop
      vertex   -1.285217e+02 1.106250e+02 -5.871807e+00
      vertex   -1.298913e+02 1.106250e+02 -5.871807e+00
      vertex   -1.285217e+02 1.106853e+02 -5.896782e+00
    endloop
  endfacet
  facet normal -6.742717e-20 -3.826834e-01 -9.238795e-01
    outer loop
      vertex   -1.285217e+02 1.106250e+02 -5.871807e+00
      vertex   -1.285217e+02 1.106853e+02 -5.896782e+00
      vertex   -1.271522e+02 1.106853e+02 -5.896782e+00
    endloop
  endfacet
  facet normal -0.000000e+00 -1.305262e-01 -9.914449e-01
    outer loop
      vertex   -1.271522e+02 1.106853e+02 -5.896782e+00
      vertex   -1.285217e+02 1.106853e+02 -5.896782e+00
      vertex   -1.340000e+02 1.107500e+02 -5.905300e+00
    endloop
  endfacet
  facet normal -0.000000e+00 -3.826834e-01 -9.238795e-01
    outer loop
      vertex   -1.285217e+02 1.106853e+02 -5.896782e+00
      vertex   -1.298913e+02 1.106250e+02 -5.871807e+00
      vertex   -1.298913e+02 1.106853e+02 -5.896782e+00
    endloop
  endfacet
  facet normal -1.419105e-19 -3.826834e-01 -9.238795e-01
    outer loop
      vertex   -1.230435e+02 1.106853e+02 -5.896782e+00
      vertex   -1.230435e+02 1.106250e+02 -5.871807e+00
      vertex   -1.244130e+02 1.106250e+02 -5.871807e+00
    endloop
  endfacet
  facet normal -0.000000e+00 -3.826834e-01 -9.238795e-01
    outer loop
      vertex   -1.230435e+02 1.106853e+02 -5.896782e+00
      vertex   -1.244130e+02 1.106250e+02 -5.871807e+00
      vertex   -1.244130e+02 1.106853e+02 -5.896782e+00
    endloop
  endfacet
  facet normal -5.992882e-16 -3.826834e-01 -9.238795e-01
    outer loop
      vertex   -1.244130e+02 1.106853e+02 -5.896782e+00
      vertex   -1.244130e+02 1.106250e+02 -5.871807e+00
      vertex   -1.257826e+02 1.106250e+02 -5.871807e+00
    endloop
  endfacet
  facet normal -2.129439e-18 -6.087614e-01 -7.933533e-01
    outer loop
      vertex   -1.189348e+02 1.105732e+02 -5.832077e+00
      vertex   -1.189348e+02 1.106250e+02 -5.871807e+00
      vertex   -1.175652e+02 1.106250e+02 -5.871807e+00
    endloop
  endfacet
  facet normal -0.000000e+00 -3.826834e-01 -9.238795e-01
    outer loop
      vertex   -1.175652e+02 1.106250e+02 -5.871807e+00
      vertex   -1.189348e+02 1.106250e+02 -5.871807e+00
      vertex   -1.175652e+02 1.106853e+02 -5.896782e+00
    endloop
  endfacet
  facet normal 1.086474e-18 -3.826834e-01 -9.238795e-01
    outer loop
      vertex   -1.175652e+02 1.106250e+02 -5.871807e+00
      vertex   -1.175652e+02 1.106853e+02 -5.896782e+00
      vertex   -1.161957e+02 1.106853e+02 -5.896782e+00
    endloop
  endfacet
  facet normal -0.000000e+00 -1.305262e-01 -9.914449e-01
    outer loop
      vertex   -1.161957e+02 1.106853e+02 -5.896782e+00
      vertex   -1.175652e+02 1.106853e+02 -5.896782e+00
      vertex   -1.025000e+02 1.107500e+02 -5.905300e+00
    endloop
  endfacet
  facet normal -0.000000e+00 -3.826834e-01 -9.238795e-01
    outer loop
      vertex   -1.175652e+02 1.106853e+02 -5.896782e+00
      vertex   -1.189348e+02 1.106250e+02 -5.871807e+00
      vertex   -1.189348e+02 1.106853e+02 -5.896782e+00
    endloop
  endfacet
  facet normal 9.375070e-19 -3.826834e-01 -9.238795e-01
    outer loop
      vertex   -1.120870e+02 1.106853e+02 -5.896782e+00
      vertex   -1.120870e+02 1.106250e+02 -5.871807e+00
      vertex   -1.134565e+02 1.106250e+02 -5.871807e+00
    endloop
  endfacet
  facet normal -0.000000e+00 -3.826834e-01 -9.238795e-01
    outer loop
      vertex   -1.120870e+02 1.106853e+02 -5.896782e+00
      vertex   -1.134565e+02 1.106250e+02 -5.871807e+00
      vertex   -1.134565e+02 1.106853e+02 -5.896782e+00
    endloop
  endfacet
  facet normal 9.375070e-19 -3.826834e-01 -9.238795e-01
    outer loop
      vertex   -1.134565e+02 1.106853e+02 -5.896782e+00
      vertex   -1.134565e+02 1.106250e+02 -5.871807e+00
      vertex   -1.148261e+02 1.106250e+02 -5.871807e+00
    endloop
  endfacet
  facet normal 1.972007e-18 -6.087614e-01 -7.933533e-01
    outer loop
      vertex   -1.093478e+02 1.105732e+02 -5.832077e+00
      vertex   -1.093478e+02 1.106250e+02 -5.871807e+00
      vertex   -1.079783e+02 1.106250e+02 -5.871807e+00
    endloop
  endfacet
  facet normal -0.000000e+00 -3.826834e-01 -9.238795e-01
    outer loop
      vertex   -1.079783e+02 1.106250e+02 -5.871807e+00
      vertex   -1.093478e+02 1.106250e+02 -5.871807e+00
      vertex   -1.079783e+02 1.106853e+02 -5.896782e+00
    endloop
  endfacet
  facet normal 8.630236e-19 -3.826834e-01 -9.238795e-01
    outer loop
      vertex   -1.079783e+02 1.106250e+02 -5.871807e+00
      vertex   -1.079783e+02 1.106853e+02 -5.896782e+00
      vertex   -1.066087e+02 1.106853e+02 -5.896782e+00
    endloop
  endfacet
  facet normal -0.000000e+00 -1.305262e-01 -9.914449e-01
    outer loop
      vertex   -1.066087e+02 1.106853e+02 -5.896782e+00
      vertex   -1.079783e+02 1.106853e+02 -5.896782e+00
      vertex   -1.025000e+02 1.107500e+02 -5.905300e+00
    endloop
  endfacet
  facet normal -0.000000e+00 -3.826834e-01 -9.238795e-01
    outer loop
      vertex   -1.079783e+02 1.106853e+02 -5.896782e+00
      vertex   -1.093478e+02 1.106250e+02 -5.871807e+00
      vertex   -1.093478e+02 1.106853e+02 -5.896782e+00
    endloop
  endfacet
  facet normal -0.000000e+00 -3.826834e-01 -9.238795e-01
    outer loop
      vertex   -1.038696e+02 1.106853e+02 -5.896782e+00
      vertex   -1.052391e+02 1.106250e+02 -5.871807e+00
      vertex   -1.052391e+02 1.106853e+02 -5.896782e+00
    endloop
  endfacet
  facet normal 8.630236e-19 -3.826834e-01 -9.238795e-01
    outer loop
      vertex   -1.052391e+02 1.106853e+02 -5.896782e+00
      vertex   -1.052391e+02 1.106250e+02 -5.871807e+00
      vertex   -1.066087e+02 1.106250e+02 -5.871807e+00
    endloop
  endfacet
  facet normal -5.373124e-19 -1.305262e-01 -9.914449e-01
    outer loop
      vertex   -1.340000e+02 1.107500e+02 -5.905300e+00
      vertex   -1.285217e+02 1.106853e+02 -5.896782e+00
      vertex   -1.298913e+02 1.106853e+02 -5.896782e+00
    endloop
  endfacet
  facet normal 6.012017e-19 -1.305262e-01 -9.914449e-01
    outer loop
      vertex   -1.025000e+02 1.107500e+02 -5.905300e+00
      vertex   -1.175652e+02 1.106853e+02 -5.896782e+00
      vertex   -1.189348e+02 1.106853e+02 -5.896782e+00
    endloop
  endfacet
  facet normal 6.012017e-19 -1.305262e-01 -9.914449e-01
    outer loop
      vertex   -1.025000e+02 1.107500e+02 -5.905300e+00
      vertex   -1.079783e+02 1.106853e+02 -5.896782e+00
      vertex   -1.093478e+02 1.106853e+02 -5.896782e+00
    endloop
  endfacet
  facet normal -0.000000e+00 -1.000000e+00 -0.000000e+00
    outer loop
      vertex   -1.025000e+02 1.105000e+02 9.469957e-02
      vertex   -1.340000e+02 1.105000e+02 9.469957e-02
      vertex   -1.025000e+02 1.105000e+02 -5.655300e+00
    endloop
  endfacet
  facet normal 0.000000e+00 -1.000000e+00 0.000000e+00
    outer loop
      vertex   -1.025000e+02 1.105000e+02 -5.655300e+00
      vertex   -1.340000e+02 1.105000e+02 9.469957e-02
      vertex   -1.340000e+02 1.105000e+02 -5.655300e+00
    endloop
  endfacet
  facet normal 0.000000e+00 0.000000e+00 -1.000000e+00
    outer loop
      vertex   -1.342738e+02 1.107715e+02 -5.905300e+00
      vertex   -1.345408e+02 1.108357e+02 -5.905300e+00
      vertex   -1.340000e+02 1.107500e+02 -5.905300e+00
    endloop
  endfacet
  facet normal 0.000000e+00 0.000000e+00 -1.000000e+00
    outer loop
      vertex   -1.340000e+02 1.107500e+02 -5.905300e+00
      vertex   -1.345408e+02 1.108357e+02 -5.905300e+00
      vertex   -1.347945e+02 1.109407e+02 -5.905300e+00
    endloop
  endfacet
  facet normal 0.000000e+00 0.000000e+00 -1.000000e+00
    outer loop
      vertex   -1.340000e+02 1.107500e+02 -5.905300e+00
      vertex   -1.347945e+02 1.109407e+02 -5.905300e+00
      vertex   -1.350286e+02 1.110842e+02 -5.905300e+00
    endloop
  endfacet
  facet normal 0.000000e+00 0.000000e+00 -1.000000e+00
    outer loop
      vertex   -1.350286e+02 1.110842e+02 -5.905300e+00
      vertex   -1.352374e+02 1.112626e+02 -5.905300e+00
      vertex   -1.340000e+02 1.107500e+02 -5.905300e+00
    endloop
  endfacet
  facet normal 0.000000e+00 0.000000e+00 -1.000000e+00
    outer loop
      vertex   -1.340000e+02 1.107500e+02 -5.905300e+00
      vertex   -1.352374e+02 1.112626e+02 -5.905300e+00
      vertex   -1.354158e+02 1.114714e+02 -5.905300e+00
    endloop
  endfacet
  facet normal 0.000000e+00 0.000000e+00 -1.000000e+00
    outer loop
      vertex   -1.340000e+02 1.107500e+02 -5.905300e+00
      vertex   -1.354158e+02 1.114714e+02 -5.905300e+00
      vertex   -1.355593e+02 1.117055e+02 -5.905300e+00
    endloop
  endfacet
  facet normal 0.000000e+00 0.000000e+00 -1.000000e+00
    outer loop
      vertex   -1.355593e+02 1.117055e+02 -5.905300e+00
      vertex   -1.356644e+02 1.119592e+02 -5.905300e+00
      vertex   -1.340000e+02 1.107500e+02 -5.905300e+00
    endloop
  endfacet
  facet normal 0.000000e+00 0.000000e+00 -1.000000e+00
    outer loop
      vertex   -1.340000e+02 1.107500e+02 -5.905300e+00
      vertex   -1.356644e+02 1.119592e+02 -5.905300e+00
      vertex   -1.357285e+02 1.122262e+02 -5.905300e+00
    endloop
  endfacet
  facet normal 0.000000e+00 0.000000e+00 -1.000000e+00
    outer loop
      vertex   -1.340000e+02 1.107500e+02 -5.905300e+00
      vertex   -1.357285e+02 1.122262e+02 -5.905300e+00
      vertex   -1.357500e+02 1.125000e+02 -5.905300e+00
    endloop
  endfacet
  facet normal 0.000000e+00 -1.076580e-16 -1.000000e+00
    outer loop
      vertex   -1.357500e+02 1.290000e+02 -5.905300e+00
      vertex   -1.007500e+02 1.290000e+02 -5.905300e+00
      vertex   -1.357500e+02 1.125000e+02 -5.905300e+00
    endloop
  endfacet
  facet normal 0.000000e+00 -1.076580e-16 -1.000000e+00
    outer loop
      vertex   -1.357500e+02 1.125000e+02 -5.905300e+00
      vertex   -1.007500e+02 1.290000e+02 -5.905300e+00
      vertex   -1.007500e+02 1.125000e+02 -5.905300e+00
    endloop
  endfacet
  facet normal 0.000000e+00 0.000000e+00 -1.000000e+00
    outer loop
      vertex   -1.357500e+02 1.125000e+02 -5.905300e+00
      vertex   -1.007500e+02 1.125000e+02 -5.905300e+00
      vertex   -1.340000e+02 1.107500e+02 -5.905300e+00
    endloop
  endfacet
  facet normal 0.000000e+00 0.000000e+00 -1.000000e+00
    outer loop
      vertex   -1.340000e+02 1.107500e+02 -5.905300e+00
      vertex   -1.007500e+02 1.125000e+02 -5.905300e+00
      vertex   -1.025000e+02 1.107500e+02 -5.905300e+00
    endloop
  endfacet
  facet normal 0.000000e+00 0.000000e+00 -1.000000e+00
    outer loop
      vertex   -1.025000e+02 1.107500e+02 -5.905300e+00
      vertex   -1.007500e+02 1.125000e+02 -5.905300e+00
      vertex   -1.007715e+02 1.122262e+02 -5.905300e+00
    endloop
  endfacet
  facet normal 0.000000e+00 0.000000e+00 -1.000000e+00
    outer loop
      vertex   -1.025000e+02 1.107500e+02 -5.905300e+00
      vertex   -1.007715e+02 1.122262e+02 -5.905300e+00
      vertex   -1.008357e+02 1.119592e+02 -5.905300e+00
    endloop
  endfacet
  facet normal 0.000000e+00 -0.000000e+00 -1.000000e+00
    outer loop
      vertex   -1.357285e+02 1.292738e+02 -5.905300e+00
      vertex   -1.340000e+02 1.307500e+02 -5.905300e+00
      vertex   -1.357500e+02 1.290000e+02 -5.905300e+00
    endloop
  endfacet
  facet normal 0.000000e+00 0.000000e+00 -1.000000e+00
    outer loop
      vertex   -1.357500e+02 1.290000e+02 -5.905300e+00
      vertex   -1.340000e+02 1.307500e+02 -5.905300e+00
      vertex   -1.025000e+02 1.307500e+02 -5.905300e+00
    endloop
  endfacet
  facet normal 0.000000e+00 0.000000e+00 -1.000000e+00
    outer loop
      vertex   -1.357500e+02 1.290000e+02 -5.905300e+00
      vertex   -1.025000e+02 1.307500e+02 -5.905300e+00
      vertex   -1.007500e+02 1.290000e+02 -5.905300e+00
    endloop
  endfacet
  facet normal 0.000000e+00 0.000000e+00 -1.000000e+00
    outer loop
      vertex   -1.007500e+02 1.290000e+02 -5.905300e+00
      vertex   -1.025000e+02 1.307500e+02 -5.905300e+00
      vertex   -1.007715e+02 1.292738e+02 -5.905300e+00
    endloop
  endfacet
  facet normal 0.000000e+00 0.000000e+00 -1.000000e+00
    outer loop
      vertex   -1.007715e+02 1.292738e+02 -5.905300e+00
      vertex   -1.025000e+02 1.307500e+02 -5.905300e+00
      vertex   -1.008357e+02 1.295408e+02 -5.905300e+00
    endloop
  endfacet
  facet normal 0.000000e+00 0.000000e+00 -1.000000e+00
    outer loop
      vertex   -1.008357e+02 1.295408e+02 -5.905300e+00
      vertex   -1.025000e+02 1.307500e+02 -5.905300e+00
      vertex   -1.009407e+02 1.297945e+02 -5.905300e+00
    endloop
  endfacet
  facet normal 0.000000e+00 0.000000e+00 -1.000000e+00
    outer loop
      vertex   -1.009407e+02 1.297945e+02 -5.905300e+00
      vertex   -1.025000e+02 1.307500e+02 -5.905300e+00
      vertex   -1.010842e+02 1.300286e+02 -5.905300e+00
    endloop
  endfacet
  facet normal 0.000000e+00 0.000000e+00 -1.000000e+00
    outer loop
      vertex   -1.010842e+02 1.300286e+02 -5.905300e+00
      vertex   -1.025000e+02 1.307500e+02 -5.905300e+00
      vertex   -1.012626e+02 1.302374e+02 -5.905300e+00
    endloop
  endfacet
  facet normal 0.000000e+00 0.000000e+00 -1.000000e+00
    outer loop
      vertex   -1.012626e+02 1.302374e+02 -5.905300e+00
      vertex   -1.025000e+02 1.307500e+02 -5.905300e+00
      vertex   -1.014714e+02 1.304158e+02 -5.905300e+00
    endloop
  endfacet
  facet normal 0.000000e+00 0.000000e+00 -1.000000e+00
    outer loop
      vertex   -1.014714e+02 1.304158e+02 -5.905300e+00
      vertex   -1.025000e+02 1.307500e+02 -5.905300e+00
      vertex   -1.017055e+02 1.305593e+02 -5.905300e+00
    endloop
  endfacet
  facet normal 0.000000e+00 0.000000e+00 -1.000000e+00
    outer loop
      vertex   -1.017055e+02 1.305593e+02 -5.905300e+00
      vertex   -1.025000e+02 1.307500e+02 -5.905300e+00
      vertex   -1.019592e+02 1.306644e+02 -5.905300e+00
    endloop
  endfacet
  facet normal 0.000000e+00 0.000000e+00 -1.000000e+00
    outer loop
      vertex   -1.019592e+02 1.306644e+02 -5.905300e+00
      vertex   -1.025000e+02 1.307500e+02 -5.905300e+00
      vertex   -1.022262e+02 1.307285e+02 -5.905300e+00
    endloop
  endfacet
  facet normal 0.000000e+00 0.000000e+00 -1.000000e+00
    outer loop
      vertex   -1.357285e+02 1.292738e+02 -5.905300e+00
      vertex   -1.356644e+02 1.295408e+02 -5.905300e+00
      vertex   -1.340000e+02 1.307500e+02 -5.905300e+00
    endloop
  endfacet
  facet normal 0.000000e+00 0.000000e+00 -1.000000e+00
    outer loop
      vertex   -1.340000e+02 1.307500e+02 -5.905300e+00
      vertex   -1.356644e+02 1.295408e+02 -5.905300e+00
      vertex   -1.355593e+02 1.297945e+02 -5.905300e+00
    endloop
  endfacet
  facet normal 0.000000e+00 0.000000e+00 -1.000000e+00
    outer loop
      vertex   -1.340000e+02 1.307500e+02 -5.905300e+00
      vertex   -1.355593e+02 1.297945e+02 -5.905300e+00
      vertex   -1.354158e+02 1.300286e+02 -5.905300e+00
    endloop
  endfacet
  facet normal 0.000000e+00 0.000000e+00 -1.000000e+00
    outer loop
      vertex   -1.354158e+02 1.300286e+02 -5.905300e+00
      vertex   -1.352374e+02 1.302374e+02 -5.905300e+00
      vertex   -1.340000e+02 1.307500e+02 -5.905300e+00
    endloop
  endfacet
  facet normal 0.000000e+00 0.000000e+00 -1.000000e+00
    outer loop
      vertex   -1.340000e+02 1.307500e+02 -5.905300e+00
      vertex   -1.352374e+02 1.302374e+02 -5.905300e+00
      vertex   -1.350286e+02 1.304158e+02 -5.905300e+00
    endloop
  endfacet
  facet normal 0.000000e+00 0.000000e+00 -1.000000e+00
    outer loop
      vertex   -1.340000e+02 1.307500e+02 -5.905300e+00
      vertex   -1.350286e+02 1.304158e+02 -5.905300e+00
      vertex   -1.347945e+02 1.305593e+02 -5.905300e+00
    endloop
  endfacet
  facet normal 0.000000e+00 0.000000e+00 -1.000000e+00
    outer loop
      vertex   -1.347945e+02 1.305593e+02 -5.905300e+00
      vertex   -1.345408e+02 1.306644e+02 -5.905300e+00
      vertex   -1.340000e+02 1.307500e+02 -5.905300e+00
    endloop
  endfacet
  facet normal 0.000000e+00 0.000000e+00 -1.000000e+00
    outer loop
      vertex   -1.340000e+02 1.307500e+02 -5.905300e+00
      vertex   -1.345408e+02 1.306644e+02 -5.905300e+00
      vertex   -1.342738e+02 1.307285e+02 -5.905300e+00
    endloop
  endfacet
  facet normal 0.000000e+00 0.000000e+00 -1.000000e+00
    outer loop
      vertex   -1.008357e+02 1.119592e+02 -5.905300e+00
      vertex   -1.009407e+02 1.117055e+02 -5.905300e+00
      vertex   -1.025000e+02 1.107500e+02 -5.905300e+00
    endloop
  endfacet
  facet normal 0.000000e+00 0.000000e+00 -1.000000e+00
    outer loop
      vertex   -1.025000e+02 1.107500e+02 -5.905300e+00
      vertex   -1.009407e+02 1.117055e+02 -5.905300e+00
      vertex   -1.010842e+02 1.114714e+02 -5.905300e+00
    endloop
  endfacet
  facet normal 0.000000e+00 0.000000e+00 -1.000000e+00
    outer loop
      vertex   -1.025000e+02 1.107500e+02 -5.905300e+00
      vertex   -1.010842e+02 1.114714e+02 -5.905300e+00
      vertex   -1.012626e+02 1.112626e+02 -5.905300e+00
    endloop
  endfacet
  facet normal 0.000000e+00 0.000000e+00 -1.000000e+00
    outer loop
      vertex   -1.012626e+02 1.112626e+02 -5.905300e+00
      vertex   -1.014714e+02 1.110842e+02 -5.905300e+00
      vertex   -1.025000e+02 1.107500e+02 -5.905300e+00
    endloop
  endfacet
  facet normal 0.000000e+00 0.000000e+00 -1.000000e+00
    outer loop
      vertex   -1.025000e+02 1.107500e+02 -5.905300e+00
      vertex   -1.014714e+02 1.110842e+02 -5.905300e+00
      vertex   -1.017055e+02 1.109407e+02 -5.905300e+00
    endloop
  endfacet
  facet normal 0.000000e+00 0.000000e+00 -1.000000e+00
    outer loop
      vertex   -1.025000e+02 1.107500e+02 -5.905300e+00
      vertex   -1.017055e+02 1.109407e+02 -5.905300e+00
      vertex   -1.019592e+02 1.108357e+02 -5.905300e+00
    endloop
  endfacet
  facet normal 0.000000e+00 0.000000e+00 -1.000000e+00
    outer loop
      vertex   -1.019592e+02 1.108357e+02 -5.905300e+00
      vertex   -1.022262e+02 1.107715e+02 -5.905300e+00
      vertex   -1.025000e+02 1.107500e+02 -5.905300e+00
    endloop
  endfacet
  facet normal -0.000000e+00 9.961947e-01 8.715574e-02
    outer loop
      vertex   -1.360000e+02 1.160000e+02 -3.405300e+00
      vertex   -1.350000e+02 1.160000e+02 -3.405300e+00
      vertex   -1.360000e+02 1.160228e+02 -3.665773e+00
    endloop
  endfacet
  facet normal -0.000000e+00 9.961947e-01 8.715574e-02
    outer loop
      vertex   -1.360000e+02 1.160228e+02 -3.665773e+00
      vertex   -1.350000e+02 1.160000e+02 -3.405300e+00
      vertex   -1.350000e+02 1.160228e+02 -3.665773e+00
    endloop
  endfacet
  facet normal -0.000000e+00 9.659258e-01 2.588190e-01
    outer loop
      vertex   -1.360000e+02 1.160228e+02 -3.665773e+00
      vertex   -1.350000e+02 1.160228e+02 -3.665773e+00
      vertex   -1.360000e+02 1.160905e+02 -3.918331e+00
    endloop
  endfacet
  facet normal -0.000000e+00 9.659258e-01 2.588190e-01
    outer loop
      vertex   -1.360000e+02 1.160905e+02 -3.918331e+00
      vertex   -1.350000e+02 1.160228e+02 -3.665773e+00
      vertex   -1.350000e+02 1.160905e+02 -3.918331e+00
    endloop
  endfacet
  facet normal -0.000000e+00 9.063078e-01 4.226183e-01
    outer loop
      vertex   -1.360000e+02 1.160905e+02 -3.918331e+00
      vertex   -1.350000e+02 1.160905e+02 -3.918331e+00
      vertex   -1.360000e+02 1.162010e+02 -4.155300e+00
    endloop
  endfacet
  facet normal -0.000000e+00 9.063078e-01 4.226183e-01
    outer loop
      vertex   -1.360000e+02 1.162010e+02 -4.155300e+00
      vertex   -1.350000e+02 1.160905e+02 -3.918331e+00
      vertex   -1.350000e+02 1.162010e+02 -4.155300e+00
    endloop
  endfacet
  facet normal -0.000000e+00 8.191520e-01 5.735764e-01
    outer loop
      vertex   -1.360000e+02 1.162010e+02 -4.155300e+00
      vertex   -1.350000e+02 1.162010e+02 -4.155300e+00
      vertex   -1.360000e+02 1.163509e+02 -4.369482e+00
    endloop
  endfacet
  facet normal -0.000000e+00 8.191520e-01 5.735764e-01
    outer loop
      vertex   -1.360000e+02 1.163509e+02 -4.369482e+00
      vertex   -1.350000e+02 1.162010e+02 -4.155300e+00
      vertex   -1.350000e+02 1.163509e+02 -4.369482e+00
    endloop
  endfacet
  facet normal -0.000000e+00 7.071068e-01 7.071068e-01
    outer loop
      vertex   -1.360000e+02 1.163509e+02 -4.369482e+00
      vertex   -1.350000e+02 1.163509e+02 -4.369482e+00
      vertex   -1.360000e+02 1.165358e+02 -4.554367e+00
    endloop
  endfacet
  facet normal -0.000000e+00 7.071068e-01 7.071068e-01
    outer loop
      vertex   -1.360000e+02 1.165358e+02 -4.554367e+00
      vertex   -1.350000e+02 1.163509e+02 -4.369482e+00
      vertex   -1.350000e+02 1.165358e+02 -4.554367e+00
    endloop
  endfacet
  facet normal -0.000000e+00 5.735764e-01 8.191520e-01
    outer loop
      vertex   -1.360000e+02 1.165358e+02 -4.554367e+00
      vertex   -1.350000e+02 1.165358e+02 -4.554367e+00
      vertex   -1.360000e+02 1.167500e+02 -4.704339e+00
    endloop
  endfacet
  facet normal -0.000000e+00 5.735764e-01 8.191520e-01
    outer loop
      vertex   -1.360000e+02 1.167500e+02 -4.704339e+00
      vertex   -1.350000e+02 1.165358e+02 -4.554367e+00
      vertex   -1.350000e+02 1.167500e+02 -4.704339e+00
    endloop
  endfacet
  facet normal -0.000000e+00 4.226183e-01 9.063078e-01
    outer loop
      vertex   -1.360000e+02 1.167500e+02 -4.704339e+00
      vertex   -1.350000e+02 1.167500e+02 -4.704339e+00
      vertex   -1.360000e+02 1.169870e+02 -4.814839e+00
    endloop
  endfacet
  facet normal -0.000000e+00 4.226183e-01 9.063078e-01
    outer loop
      vertex   -1.360000e+02 1.169870e+02 -4.814839e+00
      vertex   -1.350000e+02 1.167500e+02 -4.704339e+00
      vertex   -1.350000e+02 1.169870e+02 -4.814839e+00
    endloop
  endfacet
  facet normal -0.000000e+00 2.588190e-01 9.659258e-01
    outer loop
      vertex   -1.360000e+02 1.169870e+02 -4.814839e+00
      vertex   -1.350000e+02 1.169870e+02 -4.814839e+00
      vertex   -1.360000e+02 1.172395e+02 -4.882512e+00
    endloop
  endfacet
  facet normal -0.000000e+00 2.588190e-01 9.659258e-01
    outer loop
      vertex   -1.360000e+02 1.172395e+02 -4.882512e+00
      vertex   -1.350000e+02 1.169870e+02 -4.814839e+00
      vertex   -1.350000e+02 1.172395e+02 -4.882512e+00
    endloop
  endfacet
  facet normal -0.000000e+00 8.715574e-02 9.961947e-01
    outer loop
      vertex   -1.360000e+02 1.172395e+02 -4.882512e+00
      vertex   -1.350000e+02 1.172395e+02 -4.882512e+00
      vertex   -1.360000e+02 1.175000e+02 -4.905300e+00
    endloop
  endfacet
  facet normal -0.000000e+00 8.715574e-02 9.961947e-01
    outer loop
      vertex   -1.360000e+02 1.175000e+02 -4.905300e+00
      vertex   -1.350000e+02 1.172395e+02 -4.882512e+00
      vertex   -1.350000e+02 1.175000e+02 -4.905300e+00
    endloop
  endfacet
  facet normal 0.000000e+00 1.000000e+00 0.000000e+00
    outer loop
      vertex   -1.350000e+02 1.160000e+02 -2.405300e+00
      vertex   -1.350000e+02 1.160000e+02 -3.405300e+00
      vertex   -1.360000e+02 1.160000e+02 -2.405300e+00
    endloop
  endfacet
  facet normal 0.000000e+00 1.000000e+00 0.000000e+00
    outer loop
      vertex   -1.360000e+02 1.160000e+02 -2.405300e+00
      vertex   -1.350000e+02 1.160000e+02 -3.405300e+00
      vertex   -1.360000e+02 1.160000e+02 -3.405300e+00
    endloop
  endfacet
  facet normal 0.000000e+00 8.715574e-02 -9.961947e-01
    outer loop
      vertex   -1.360000e+02 1.175000e+02 -9.053004e-01
      vertex   -1.350000e+02 1.175000e+02 -9.053004e-01
      vertex   -1.360000e+02 1.172395e+02 -9.280888e-01
    endloop
  endfacet
  facet normal 0.000000e+00 8.715574e-02 -9.961947e-01
    outer loop
      vertex   -1.360000e+02 1.172395e+02 -9.280888e-01
      vertex   -1.350000e+02 1.175000e+02 -9.053004e-01
      vertex   -1.350000e+02 1.172395e+02 -9.280888e-01
    endloop
  endfacet
  facet normal 0.000000e+00 2.588190e-01 -9.659258e-01
    outer loop
      vertex   -1.360000e+02 1.172395e+02 -9.280888e-01
      vertex   -1.350000e+02 1.172395e+02 -9.280888e-01
      vertex   -1.360000e+02 1.169870e+02 -9.957615e-01
    endloop
  endfacet
  facet normal -3.217179e-16 2.588190e-01 -9.659258e-01
    outer loop
      vertex   -1.360000e+02 1.169870e+02 -9.957615e-01
      vertex   -1.350000e+02 1.172395e+02 -9.280888e-01
      vertex   -1.350000e+02 1.169870e+02 -9.957615e-01
    endloop
  endfacet
  facet normal -3.018611e-16 4.226183e-01 -9.063078e-01
    outer loop
      vertex   -1.360000e+02 1.169870e+02 -9.957615e-01
      vertex   -1.350000e+02 1.169870e+02 -9.957615e-01
      vertex   -1.360000e+02 1.167500e+02 -1.106262e+00
    endloop
  endfacet
  facet normal 0.000000e+00 4.226183e-01 -9.063078e-01
    outer loop
      vertex   -1.360000e+02 1.167500e+02 -1.106262e+00
      vertex   -1.350000e+02 1.169870e+02 -9.957615e-01
      vertex   -1.350000e+02 1.167500e+02 -1.106262e+00
    endloop
  endfacet
  facet normal 0.000000e+00 5.735764e-01 -8.191520e-01
    outer loop
      vertex   -1.360000e+02 1.167500e+02 -1.106262e+00
      vertex   -1.350000e+02 1.167500e+02 -1.106262e+00
      vertex   -1.360000e+02 1.165358e+02 -1.256234e+00
    endloop
  endfacet
  facet normal -1.818883e-16 5.735764e-01 -8.191520e-01
    outer loop
      vertex   -1.360000e+02 1.165358e+02 -1.256234e+00
      vertex   -1.350000e+02 1.167500e+02 -1.106262e+00
      vertex   -1.350000e+02 1.165358e+02 -1.256234e+00
    endloop
  endfacet
  facet normal -1.570092e-16 7.071068e-01 -7.071068e-01
    outer loop
      vertex   -1.360000e+02 1.165358e+02 -1.256234e+00
      vertex   -1.350000e+02 1.165358e+02 -1.256234e+00
      vertex   -1.360000e+02 1.163509e+02 -1.441119e+00
    endloop
  endfacet
  facet normal 0.000000e+00 7.071068e-01 -7.071068e-01
    outer loop
      vertex   -1.360000e+02 1.163509e+02 -1.441119e+00
      vertex   -1.350000e+02 1.165358e+02 -1.256234e+00
      vertex   -1.350000e+02 1.163509e+02 -1.441119e+00
    endloop
  endfacet
  facet normal 0.000000e+00 8.191520e-01 -5.735764e-01
    outer loop
      vertex   -1.360000e+02 1.163509e+02 -1.441119e+00
      vertex   -1.350000e+02 1.163509e+02 -1.441119e+00
      vertex   -1.360000e+02 1.162010e+02 -1.655300e+00
    endloop
  endfacet
  facet normal 0.000000e+00 8.191520e-01 -5.735764e-01
    outer loop
      vertex   -1.360000e+02 1.162010e+02 -1.655300e+00
      vertex   -1.350000e+02 1.163509e+02 -1.441119e+00
      vertex   -1.350000e+02 1.162010e+02 -1.655300e+00
    endloop
  endfacet
  facet normal 0.000000e+00 9.063078e-01 -4.226183e-01
    outer loop
      vertex   -1.360000e+02 1.162010e+02 -1.655300e+00
      vertex   -1.350000e+02 1.162010e+02 -1.655300e+00
      vertex   -1.360000e+02 1.160905e+02 -1.892270e+00
    endloop
  endfacet
  facet normal -2.815203e-16 9.063078e-01 -4.226183e-01
    outer loop
      vertex   -1.360000e+02 1.160905e+02 -1.892270e+00
      vertex   -1.350000e+02 1.162010e+02 -1.655300e+00
      vertex   -1.350000e+02 1.160905e+02 -1.892270e+00
    endloop
  endfacet
  facet normal -1.724081e-16 9.659258e-01 -2.588190e-01
    outer loop
      vertex   -1.360000e+02 1.160905e+02 -1.892270e+00
      vertex   -1.350000e+02 1.160905e+02 -1.892270e+00
      vertex   -1.360000e+02 1.160228e+02 -2.144828e+00
    endloop
  endfacet
  facet normal -1.149387e-16 9.659258e-01 -2.588190e-01
    outer loop
      vertex   -1.360000e+02 1.160228e+02 -2.144828e+00
      vertex   -1.350000e+02 1.160905e+02 -1.892270e+00
      vertex   -1.350000e+02 1.160228e+02 -2.144828e+00
    endloop
  endfacet
  facet normal -3.870492e-17 9.961947e-01 -8.715574e-02
    outer loop
      vertex   -1.360000e+02 1.160228e+02 -2.144828e+00
      vertex   -1.350000e+02 1.160228e+02 -2.144828e+00
      vertex   -1.360000e+02 1.160000e+02 -2.405300e+00
    endloop
  endfacet
  facet normal 0.000000e+00 9.961947e-01 -8.715574e-02
    outer loop
      vertex   -1.360000e+02 1.160000e+02 -2.405300e+00
      vertex   -1.350000e+02 1.160228e+02 -2.144828e+00
      vertex   -1.350000e+02 1.160000e+02 -2.405300e+00
    endloop
  endfacet
  facet normal 0.000000e+00 3.416071e-16 -1.000000e+00
    outer loop
      vertex   -1.350000e+02 1.240000e+02 -9.053004e-01
      vertex   -1.350000e+02 1.175000e+02 -9.053004e-01
      vertex   -1.360000e+02 1.240000e+02 -9.053004e-01
    endloop
  endfacet
  facet normal 0.000000e+00 3.416071e-16 -1.000000e+00
    outer loop
      vertex   -1.360000e+02 1.240000e+02 -9.053004e-01
      vertex   -1.350000e+02 1.175000e+02 -9.053004e-01
      vertex   -1.360000e+02 1.175000e+02 -9.053004e-01
    endloop
  endfacet
  facet normal 0.000000e+00 -9.961947e-01 -8.715574e-02
    outer loop
      vertex   -1.360000e+02 1.255000e+02 -2.405300e+00
      vertex   -1.350000e+02 1.255000e+02 -2.405300e+00
      vertex   -1.360000e+02 1.254772e+02 -2.144828e+00
    endloop
  endfacet
  facet normal 0.000000e+00 -9.961947e-01 -8.715574e-02
    outer loop
      vertex   -1.360000e+02 1.254772e+02 -2.144828e+00
      vertex   -1.350000e+02 1.255000e+02 -2.405300e+00
      vertex   -1.350000e+02 1.254772e+02 -2.144828e+00
    endloop
  endfacet
  facet normal 0.000000e+00 -9.659258e-01 -2.588190e-01
    outer loop
      vertex   -1.360000e+02 1.254772e+02 -2.144828e+00
      vertex   -1.350000e+02 1.254772e+02 -2.144828e+00
      vertex   -1.360000e+02 1.254095e+02 -1.892270e+00
    endloop
  endfacet
  facet normal 0.000000e+00 -9.659258e-01 -2.588190e-01
    outer loop
      vertex   -1.360000e+02 1.254095e+02 -1.892270e+00
      vertex   -1.350000e+02 1.254772e+02 -2.144828e+00
      vertex   -1.350000e+02 1.254095e+02 -1.892270e+00
    endloop
  endfacet
  facet normal 0.000000e+00 -9.063078e-01 -4.226183e-01
    outer loop
      vertex   -1.360000e+02 1.254095e+02 -1.892270e+00
      vertex   -1.350000e+02 1.254095e+02 -1.892270e+00
      vertex   -1.360000e+02 1.252990e+02 -1.655300e+00
    endloop
  endfacet
  facet normal -9.384010e-17 -9.063078e-01 -4.226183e-01
    outer loop
      vertex   -1.360000e+02 1.252990e+02 -1.655300e+00
      vertex   -1.350000e+02 1.254095e+02 -1.892270e+00
      vertex   -1.350000e+02 1.252990e+02 -1.655300e+00
    endloop
  endfacet
  facet normal -1.273596e-16 -8.191520e-01 -5.735764e-01
    outer loop
      vertex   -1.360000e+02 1.252990e+02 -1.655300e+00
      vertex   -1.350000e+02 1.252990e+02 -1.655300e+00
      vertex   -1.360000e+02 1.251491e+02 -1.441119e+00
    endloop
  endfacet
  facet normal 0.000000e+00 -8.191520e-01 -5.735764e-01
    outer loop
      vertex   -1.360000e+02 1.251491e+02 -1.441119e+00
      vertex   -1.350000e+02 1.252990e+02 -1.655300e+00
      vertex   -1.350000e+02 1.251491e+02 -1.441119e+00
    endloop
  endfacet
  facet normal 0.000000e+00 -7.071068e-01 -7.071068e-01
    outer loop
      vertex   -1.360000e+02 1.251491e+02 -1.441119e+00
      vertex   -1.350000e+02 1.251491e+02 -1.441119e+00
      vertex   -1.360000e+02 1.249642e+02 -1.256234e+00
    endloop
  endfacet
  facet normal 0.000000e+00 -7.071068e-01 -7.071068e-01
    outer loop
      vertex   -1.360000e+02 1.249642e+02 -1.256234e+00
      vertex   -1.350000e+02 1.251491e+02 -1.441119e+00
      vertex   -1.350000e+02 1.249642e+02 -1.256234e+00
    endloop
  endfacet
  facet normal 0.000000e+00 -5.735764e-01 -8.191520e-01
    outer loop
      vertex   -1.360000e+02 1.249642e+02 -1.256234e+00
      vertex   -1.350000e+02 1.249642e+02 -1.256234e+00
      vertex   -1.360000e+02 1.247500e+02 -1.106262e+00
    endloop
  endfacet
  facet normal 0.000000e+00 -5.735764e-01 -8.191520e-01
    outer loop
      vertex   -1.360000e+02 1.247500e+02 -1.106262e+00
      vertex   -1.350000e+02 1.249642e+02 -1.256234e+00
      vertex   -1.350000e+02 1.247500e+02 -1.106262e+00
    endloop
  endfacet
  facet normal 0.000000e+00 -4.226183e-01 -9.063078e-01
    outer loop
      vertex   -1.360000e+02 1.247500e+02 -1.106262e+00
      vertex   -1.350000e+02 1.247500e+02 -1.106262e+00
      vertex   -1.360000e+02 1.245130e+02 -9.957615e-01
    endloop
  endfacet
  facet normal 0.000000e+00 -4.226183e-01 -9.063078e-01
    outer loop
      vertex   -1.360000e+02 1.245130e+02 -9.957615e-01
      vertex   -1.350000e+02 1.247500e+02 -1.106262e+00
      vertex   -1.350000e+02 1.245130e+02 -9.957615e-01
    endloop
  endfacet
  facet normal 0.000000e+00 -2.588190e-01 -9.659258e-01
    outer loop
      vertex   -1.360000e+02 1.245130e+02 -9.957615e-01
      vertex   -1.350000e+02 1.245130e+02 -9.957615e-01
      vertex   -1.360000e+02 1.242605e+02 -9.280888e-01
    endloop
  endfacet
  facet normal 0.000000e+00 -2.588190e-01 -9.659258e-01
    outer loop
      vertex   -1.360000e+02 1.242605e+02 -9.280888e-01
      vertex   -1.350000e+02 1.245130e+02 -9.957615e-01
      vertex   -1.350000e+02 1.242605e+02 -9.280888e-01
    endloop
  endfacet
  facet normal 0.000000e+00 -8.715574e-02 -9.961947e-01
    outer loop
      vertex   -1.360000e+02 1.242605e+02 -9.280888e-01
      vertex   -1.350000e+02 1.242605e+02 -9.280888e-01
      vertex   -1.360000e+02 1.240000e+02 -9.053004e-01
    endloop
  endfacet
  facet normal 0.000000e+00 -8.715574e-02 -9.961947e-01
    outer loop
      vertex   -1.360000e+02 1.240000e+02 -9.053004e-01
      vertex   -1.350000e+02 1.242605e+02 -9.280888e-01
      vertex   -1.350000e+02 1.240000e+02 -9.053004e-01
    endloop
  endfacet
  facet normal 0.000000e+00 -1.000000e+00 0.000000e+00
    outer loop
      vertex   -1.350000e+02 1.255000e+02 -3.405300e+00
      vertex   -1.350000e+02 1.255000e+02 -2.405300e+00
      vertex   -1.360000e+02 1.255000e+02 -3.405300e+00
    endloop
  endfacet
  facet normal 0.000000e+00 -1.000000e+00 0.000000e+00
    outer loop
      vertex   -1.360000e+02 1.255000e+02 -3.405300e+00
      vertex   -1.350000e+02 1.255000e+02 -2.405300e+00
      vertex   -1.360000e+02 1.255000e+02 -2.405300e+00
    endloop
  endfacet
  facet normal 0.000000e+00 -8.715574e-02 9.961947e-01
    outer loop
      vertex   -1.360000e+02 1.240000e+02 -4.905300e+00
      vertex   -1.350000e+02 1.240000e+02 -4.905300e+00
      vertex   -1.360000e+02 1.242605e+02 -4.882512e+00
    endloop
  endfacet
  facet normal 0.000000e+00 -8.715574e-02 9.961947e-01
    outer loop
      vertex   -1.360000e+02 1.242605e+02 -4.882512e+00
      vertex   -1.350000e+02 1.240000e+02 -4.905300e+00
      vertex   -1.350000e+02 1.242605e+02 -4.882512e+00
    endloop
  endfacet
  facet normal 0.000000e+00 -2.588190e-01 9.659258e-01
    outer loop
      vertex   -1.360000e+02 1.242605e+02 -4.882512e+00
      vertex   -1.350000e+02 1.242605e+02 -4.882512e+00
      vertex   -1.360000e+02 1.245130e+02 -4.814839e+00
    endloop
  endfacet
  facet normal 0.000000e+00 -2.588190e-01 9.659258e-01
    outer loop
      vertex   -1.360000e+02 1.245130e+02 -4.814839e+00
      vertex   -1.350000e+02 1.242605e+02 -4.882512e+00
      vertex   -1.350000e+02 1.245130e+02 -4.814839e+00
    endloop
  endfacet
  facet normal 0.000000e+00 -4.226183e-01 9.063078e-01
    outer loop
      vertex   -1.360000e+02 1.245130e+02 -4.814839e+00
      vertex   -1.350000e+02 1.245130e+02 -4.814839e+00
      vertex   -1.360000e+02 1.247500e+02 -4.704339e+00
    endloop
  endfacet
  facet normal 8.049630e-16 -4.226183e-01 9.063078e-01
    outer loop
      vertex   -1.360000e+02 1.247500e+02 -4.704339e+00
      vertex   -1.350000e+02 1.245130e+02 -4.814839e+00
      vertex   -1.350000e+02 1.247500e+02 -4.704339e+00
    endloop
  endfacet
  facet normal 7.275532e-16 -5.735764e-01 8.191520e-01
    outer loop
      vertex   -1.360000e+02 1.247500e+02 -4.704339e+00
      vertex   -1.350000e+02 1.247500e+02 -4.704339e+00
      vertex   -1.360000e+02 1.249642e+02 -4.554367e+00
    endloop
  endfacet
  facet normal 0.000000e+00 -5.735764e-01 8.191520e-01
    outer loop
      vertex   -1.360000e+02 1.249642e+02 -4.554367e+00
      vertex   -1.350000e+02 1.247500e+02 -4.704339e+00
      vertex   -1.350000e+02 1.249642e+02 -4.554367e+00
    endloop
  endfacet
  facet normal 0.000000e+00 -7.071068e-01 7.071068e-01
    outer loop
      vertex   -1.360000e+02 1.249642e+02 -4.554367e+00
      vertex   -1.350000e+02 1.249642e+02 -4.554367e+00
      vertex   -1.360000e+02 1.251491e+02 -4.369482e+00
    endloop
  endfacet
  facet normal 0.000000e+00 -7.071068e-01 7.071068e-01
    outer loop
      vertex   -1.360000e+02 1.251491e+02 -4.369482e+00
      vertex   -1.350000e+02 1.249642e+02 -4.554367e+00
      vertex   -1.350000e+02 1.251491e+02 -4.369482e+00
    endloop
  endfacet
  facet normal 0.000000e+00 -8.191520e-01 5.735764e-01
    outer loop
      vertex   -1.360000e+02 1.251491e+02 -4.369482e+00
      vertex   -1.350000e+02 1.251491e+02 -4.369482e+00
      vertex   -1.360000e+02 1.252990e+02 -4.155300e+00
    endloop
  endfacet
  facet normal 0.000000e+00 -8.191520e-01 5.735764e-01
    outer loop
      vertex   -1.360000e+02 1.252990e+02 -4.155300e+00
      vertex   -1.350000e+02 1.251491e+02 -4.369482e+00
      vertex   -1.350000e+02 1.252990e+02 -4.155300e+00
    endloop
  endfacet
  facet normal 0.000000e+00 -9.063078e-01 4.226183e-01
    outer loop
      vertex   -1.360000e+02 1.252990e+02 -4.155300e+00
      vertex   -1.350000e+02 1.252990e+02 -4.155300e+00
      vertex   -1.360000e+02 1.254095e+02 -3.918331e+00
    endloop
  endfacet
  facet normal 0.000000e+00 -9.063078e-01 4.226183e-01
    outer loop
      vertex   -1.360000e+02 1.254095e+02 -3.918331e+00
      vertex   -1.350000e+02 1.252990e+02 -4.155300e+00
      vertex   -1.350000e+02 1.254095e+02 -3.918331e+00
    endloop
  endfacet
  facet normal 0.000000e+00 -9.659258e-01 2.588190e-01
    outer loop
      vertex   -1.360000e+02 1.254095e+02 -3.918331e+00
      vertex   -1.350000e+02 1.254095e+02 -3.918331e+00
      vertex   -1.360000e+02 1.254772e+02 -3.665773e+00
    endloop
  endfacet
  facet normal 0.000000e+00 -9.659258e-01 2.588190e-01
    outer loop
      vertex   -1.360000e+02 1.254772e+02 -3.665773e+00
      vertex   -1.350000e+02 1.254095e+02 -3.918331e+00
      vertex   -1.350000e+02 1.254772e+02 -3.665773e+00
    endloop
  endfacet
  facet normal 0.000000e+00 -9.961947e-01 8.715574e-02
    outer loop
      vertex   -1.360000e+02 1.254772e+02 -3.665773e+00
      vertex   -1.350000e+02 1.254772e+02 -3.665773e+00
      vertex   -1.360000e+02 1.255000e+02 -3.405300e+00
    endloop
  endfacet
  facet normal 0.000000e+00 -9.961947e-01 8.715574e-02
    outer loop
      vertex   -1.360000e+02 1.255000e+02 -3.405300e+00
      vertex   -1.350000e+02 1.254772e+02 -3.665773e+00
      vertex   -1.350000e+02 1.255000e+02 -3.405300e+00
    endloop
  endfacet
  facet normal 0.000000e+00 -1.000000e+00 0.000000e+00
    outer loop
      vertex   -1.350000e+02 1.300000e+02 -4.905300e+00
      vertex   -1.015000e+02 1.300000e+02 -4.905300e+00
      vertex   -1.350000e+02 1.300000e+02 1.094700e+00
    endloop
  endfacet
  facet normal 0.000000e+00 -1.000000e+00 0.000000e+00
    outer loop
      vertex   -1.350000e+02 1.300000e+02 1.094700e+00
      vertex   -1.015000e+02 1.300000e+02 -4.905300e+00
      vertex   -1.015000e+02 1.300000e+02 1.094700e+00
    endloop
  endfacet
  facet normal -0.000000e+00 1.480297e-16 1.000000e+00
    outer loop
      vertex   -1.350000e+02 1.115000e+02 -4.905300e+00
      vertex   -1.015000e+02 1.115000e+02 -4.905300e+00
      vertex   -1.350000e+02 1.175000e+02 -4.905300e+00
    endloop
  endfacet
  facet normal -9.315304e-18 9.601929e-17 1.000000e+00
    outer loop
      vertex   -1.350000e+02 1.175000e+02 -4.905300e+00
      vertex   -1.015000e+02 1.115000e+02 -4.905300e+00
      vertex   -1.015000e+02 1.300000e+02 -4.905300e+00
    endloop
  endfacet
  facet normal -7.545948e-17 2.732857e-16 1.000000e+00
    outer loop
      vertex   -1.350000e+02 1.175000e+02 -4.905300e+00
      vertex   -1.015000e+02 1.300000e+02 -4.905300e+00
      vertex   -1.350000e+02 1.240000e+02 -4.905300e+00
    endloop
  endfacet
  facet normal 0.000000e+00 -1.480297e-16 1.000000e+00
    outer loop
      vertex   -1.350000e+02 1.240000e+02 -4.905300e+00
      vertex   -1.015000e+02 1.300000e+02 -4.905300e+00
      vertex   -1.350000e+02 1.300000e+02 -4.905300e+00
    endloop
  endfacet
  facet normal 0.000000e+00 2.732857e-16 1.000000e+00
    outer loop
      vertex   -1.350000e+02 1.240000e+02 -4.905300e+00
      vertex   -1.360000e+02 1.240000e+02 -4.905300e+00
      vertex   -1.350000e+02 1.175000e+02 -4.905300e+00
    endloop
  endfacet
  facet normal 0.000000e+00 2.732857e-16 1.000000e+00
    outer loop
      vertex   -1.350000e+02 1.175000e+02 -4.905300e+00
      vertex   -1.360000e+02 1.240000e+02 -4.905300e+00
      vertex   -1.360000e+02 1.175000e+02 -4.905300e+00
    endloop
  endfacet
endsolid
