solid ASCII
  facet normal 9.999569e-01 -9.279648e-03 0.000000e+00
    outer loop
      vertex   1.620097e+01 5.871033e+01 1.803000e+00
      vertex   1.620097e+01 5.871033e+01 2.645313e+00
      vertex   1.620094e+01 5.870670e+01 1.821745e+00
    endloop
  endfacet
  facet normal 9.999569e-01 -9.279648e-03 2.846416e-15
    outer loop
      vertex   1.620094e+01 5.870670e+01 1.821745e+00
      vertex   1.620097e+01 5.871033e+01 2.645313e+00
      vertex   1.620091e+01 5.870379e+01 2.643905e+00
    endloop
  endfacet
  facet normal 9.999569e-01 -9.279648e-03 -2.960040e-15
    outer loop
      vertex   1.620094e+01 5.870670e+01 1.821745e+00
      vertex   1.620091e+01 5.870379e+01 2.643905e+00
      vertex   1.620092e+01 5.870452e+01 1.840712e+00
    endloop
  endfacet
  facet normal 9.999569e-01 -9.279648e-03 -6.363252e-22
    outer loop
      vertex   1.620092e+01 5.870452e+01 1.840712e+00
      vertex   1.620091e+01 5.870379e+01 2.643905e+00
      vertex   1.620091e+01 5.870379e+01 1.859790e+00
    endloop
  endfacet
  facet normal 1.110746e-16 -2.106079e-01 9.775706e-01
    outer loop
      vertex   1.620091e+01 5.870379e+01 2.643905e+00
      vertex   1.620097e+01 5.871033e+01 2.645313e+00
      vertex   5.671424e-01 5.870379e+01 2.643905e+00
    endloop
  endfacet
  facet normal -3.559494e-17 -2.106079e-01 9.775706e-01
    outer loop
      vertex   5.671424e-01 5.870379e+01 2.643905e+00
      vertex   1.620097e+01 5.871033e+01 2.645313e+00
      vertex   2.977349e-02 5.880335e+01 2.665354e+00
    endloop
  endfacet
  facet normal -1.583418e-15 -2.106079e-01 9.775706e-01
    outer loop
      vertex   5.671424e-01 5.870379e+01 2.643905e+00
      vertex   2.977349e-02 5.880335e+01 2.665354e+00
      vertex   2.938855e-01 5.872889e+01 2.649313e+00
    endloop
  endfacet
  facet normal -6.822492e-17 -2.106079e-01 9.775706e-01
    outer loop
      vertex   1.706999e+01 5.952228e+01 2.820241e+00
      vertex   -4.362621e-01 5.908881e+01 2.726854e+00
      vertex   1.620097e+01 5.871033e+01 2.645313e+00
    endloop
  endfacet
  facet normal -1.788983e-16 -2.106079e-01 9.775706e-01
    outer loop
      vertex   1.620097e+01 5.871033e+01 2.645313e+00
      vertex   -4.362621e-01 5.908881e+01 2.726854e+00
      vertex   -2.163547e-01 5.892468e+01 2.691493e+00
    endloop
  endfacet
  facet normal 1.462350e-16 -2.106079e-01 9.775706e-01
    outer loop
      vertex   1.620097e+01 5.871033e+01 2.645313e+00
      vertex   -2.163547e-01 5.892468e+01 2.691493e+00
      vertex   2.977349e-02 5.880335e+01 2.665354e+00
    endloop
  endfacet
  facet normal -1.434373e-16 -2.106079e-01 9.775706e-01
    outer loop
      vertex   -7.691003e-01 5.952228e+01 2.820241e+00
      vertex   -6.225892e-01 5.929026e+01 2.770254e+00
      vertex   1.706999e+01 5.952228e+01 2.820241e+00
    endloop
  endfacet
  facet normal -1.227396e-16 -2.106079e-01 9.775706e-01
    outer loop
      vertex   1.706999e+01 5.952228e+01 2.820241e+00
      vertex   -6.225892e-01 5.929026e+01 2.770254e+00
      vertex   -4.362621e-01 5.908881e+01 2.726854e+00
    endloop
  endfacet
  facet normal 6.996921e-01 7.144445e-01 -3.216226e-15
    outer loop
      vertex   1.603136e+01 9.102937e+01 2.632686e+00
      vertex   1.656016e+01 9.051149e+01 2.731892e+00
      vertex   1.603136e+01 9.102937e+01 1.859790e+00
    endloop
  endfacet
  facet normal 6.996921e-01 7.144445e-01 -8.080383e-11
    outer loop
      vertex   1.603136e+01 9.102937e+01 1.859790e+00
      vertex   1.656016e+01 9.051149e+01 2.731892e+00
      vertex   1.628664e+01 9.077937e+01 1.609790e+00
    endloop
  endfacet
  facet normal 6.996921e-01 7.144445e-01 8.000317e-14
    outer loop
      vertex   1.603136e+01 9.102937e+01 1.859790e+00
      vertex   1.628664e+01 9.077937e+01 1.609790e+00
      vertex   1.623683e+01 9.082814e+01 1.614594e+00
    endloop
  endfacet
  facet normal 6.996921e-01 7.144445e-01 -1.000968e-10
    outer loop
      vertex   1.656016e+01 9.051149e+01 2.731892e+00
      vertex   1.656016e+01 9.051149e+01 1.609790e+00
      vertex   1.628664e+01 9.077937e+01 1.609790e+00
    endloop
  endfacet
  facet normal 6.996921e-01 7.144445e-01 1.105357e-13
    outer loop
      vertex   1.623683e+01 9.082814e+01 1.614594e+00
      vertex   1.618895e+01 9.087504e+01 1.628820e+00
      vertex   1.603136e+01 9.102937e+01 1.859790e+00
    endloop
  endfacet
  facet normal 6.996921e-01 7.144445e-01 -1.648923e-13
    outer loop
      vertex   1.603136e+01 9.102937e+01 1.859790e+00
      vertex   1.618895e+01 9.087504e+01 1.628820e+00
      vertex   1.614481e+01 9.091826e+01 1.651923e+00
    endloop
  endfacet
  facet normal 6.996921e-01 7.144445e-01 3.292950e-13
    outer loop
      vertex   1.603136e+01 9.102937e+01 1.859790e+00
      vertex   1.614481e+01 9.091826e+01 1.651923e+00
      vertex   1.610613e+01 9.095615e+01 1.683014e+00
    endloop
  endfacet
  facet normal 6.996921e-01 7.144445e-01 -4.643476e-14
    outer loop
      vertex   1.610613e+01 9.095615e+01 1.683014e+00
      vertex   1.607438e+01 9.098724e+01 1.720898e+00
      vertex   1.603136e+01 9.102937e+01 1.859790e+00
    endloop
  endfacet
  facet normal 6.996921e-01 7.144445e-01 -1.576510e-13
    outer loop
      vertex   1.603136e+01 9.102937e+01 1.859790e+00
      vertex   1.607438e+01 9.098724e+01 1.720898e+00
      vertex   1.605080e+01 9.101034e+01 1.764119e+00
    endloop
  endfacet
  facet normal 6.996921e-01 7.144445e-01 3.826724e-13
    outer loop
      vertex   1.603136e+01 9.102937e+01 1.859790e+00
      vertex   1.605080e+01 9.101034e+01 1.764119e+00
      vertex   1.603259e+01 9.102817e+01 1.835286e+00
    endloop
  endfacet
  facet normal 6.996921e-01 7.144445e-01 4.221060e-13
    outer loop
      vertex   1.603259e+01 9.102817e+01 1.835286e+00
      vertex   1.605080e+01 9.101034e+01 1.764119e+00
      vertex   1.603627e+01 9.102457e+01 1.811018e+00
    endloop
  endfacet
  facet normal 6.996921e-01 7.144445e-01 7.388166e-12
    outer loop
      vertex   1.603136e+01 9.102937e+01 4.380790e+00
      vertex   1.656016e+01 9.051149e+01 4.380790e+00
      vertex   1.603136e+01 9.102937e+01 4.380454e+00
    endloop
  endfacet
  facet normal 6.996921e-01 7.144445e-01 1.241944e-08
    outer loop
      vertex   1.603136e+01 9.102937e+01 4.380454e+00
      vertex   1.656016e+01 9.051149e+01 4.380790e+00
      vertex   1.656016e+01 9.051149e+01 4.380454e+00
    endloop
  endfacet
  facet normal 0.000000e+00 1.000000e+00 0.000000e+00
    outer loop
      vertex   1.603136e+01 9.102937e+01 4.380790e+00
      vertex   3.311194e+01 9.102937e+01 7.609790e+00
      vertex   1.943803e+01 9.102937e+01 4.380790e+00
    endloop
  endfacet
  facet normal -0.000000e+00 1.000000e+00 0.000000e+00
    outer loop
      vertex   1.943803e+01 9.102937e+01 4.380790e+00
      vertex   3.311194e+01 9.102937e+01 7.609790e+00
      vertex   3.311194e+01 9.102937e+01 4.380454e+00
    endloop
  endfacet
  facet normal 0.000000e+00 1.000000e+00 0.000000e+00
    outer loop
      vertex   1.943803e+01 9.102937e+01 4.380790e+00
      vertex   3.311194e+01 9.102937e+01 4.380454e+00
      vertex   1.943803e+01 9.102937e+01 4.380454e+00
    endloop
  endfacet
  facet normal 0.000000e+00 1.000000e+00 0.000000e+00
    outer loop
      vertex   1.603136e+01 9.102937e+01 4.380454e+00
      vertex   5.671424e-01 9.102937e+01 4.380454e+00
      vertex   1.603136e+01 9.102937e+01 4.380790e+00
    endloop
  endfacet
  facet normal 0.000000e+00 1.000000e+00 0.000000e+00
    outer loop
      vertex   1.603136e+01 9.102937e+01 4.380790e+00
      vertex   5.671424e-01 9.102937e+01 4.380454e+00
      vertex   5.671424e-01 9.102937e+01 7.609790e+00
    endloop
  endfacet
  facet normal 0.000000e+00 1.000000e+00 -0.000000e+00
    outer loop
      vertex   1.603136e+01 9.102937e+01 4.380790e+00
      vertex   5.671424e-01 9.102937e+01 7.609790e+00
      vertex   3.311194e+01 9.102937e+01 7.609790e+00
    endloop
  endfacet
  facet normal 0.000000e+00 0.000000e+00 -1.000000e+00
    outer loop
      vertex   1.656016e+01 9.051149e+01 4.380454e+00
      vertex   -1.803403e-01 9.082986e+01 4.380454e+00
      vertex   1.603136e+01 9.102937e+01 4.380454e+00
    endloop
  endfacet
  facet normal 0.000000e+00 0.000000e+00 -1.000000e+00
    outer loop
      vertex   1.603136e+01 9.102937e+01 4.380454e+00
      vertex   -1.803403e-01 9.082986e+01 4.380454e+00
      vertex   5.593257e-02 9.093957e+01 4.380454e+00
    endloop
  endfacet
  facet normal -0.000000e+00 0.000000e+00 -1.000000e+00
    outer loop
      vertex   1.603136e+01 9.102937e+01 4.380454e+00
      vertex   5.593257e-02 9.093957e+01 4.380454e+00
      vertex   5.671424e-01 9.102937e+01 4.380454e+00
    endloop
  endfacet
  facet normal 0.000000e+00 0.000000e+00 -1.000000e+00
    outer loop
      vertex   5.671424e-01 9.102937e+01 4.380454e+00
      vertex   5.593257e-02 9.093957e+01 4.380454e+00
      vertex   3.076239e-01 9.100675e+01 4.380454e+00
    endloop
  endfacet
  facet normal 0.000000e+00 0.000000e+00 -1.000000e+00
    outer loop
      vertex   1.700872e+01 9.004877e+01 4.380454e+00
      vertex   -7.289808e-01 9.028440e+01 4.380454e+00
      vertex   1.656016e+01 9.051149e+01 4.380454e+00
    endloop
  endfacet
  facet normal 0.000000e+00 0.000000e+00 -1.000000e+00
    outer loop
      vertex   1.656016e+01 9.051149e+01 4.380454e+00
      vertex   -7.289808e-01 9.028440e+01 4.380454e+00
      vertex   -5.788060e-01 9.049726e+01 4.380454e+00
    endloop
  endfacet
  facet normal -0.000000e+00 0.000000e+00 -1.000000e+00
    outer loop
      vertex   1.656016e+01 9.051149e+01 4.380454e+00
      vertex   -5.788060e-01 9.049726e+01 4.380454e+00
      vertex   -3.940685e-01 9.068092e+01 4.380454e+00
    endloop
  endfacet
  facet normal 0.000000e+00 0.000000e+00 -1.000000e+00
    outer loop
      vertex   1.700872e+01 9.004877e+01 4.380454e+00
      vertex   -8.400637e-01 9.004877e+01 4.380454e+00
      vertex   -7.289808e-01 9.028440e+01 4.380454e+00
    endloop
  endfacet
  facet normal 0.000000e+00 0.000000e+00 -1.000000e+00
    outer loop
      vertex   -3.940685e-01 9.068092e+01 4.380454e+00
      vertex   -1.803403e-01 9.082986e+01 4.380454e+00
      vertex   1.656016e+01 9.051149e+01 4.380454e+00
    endloop
  endfacet
  facet normal 4.641953e-13 1.881409e-01 9.821420e-01
    outer loop
      vertex   1.603136e+01 9.102937e+01 2.632686e+00
      vertex   -2.827407e-01 9.076537e+01 2.683258e+00
      vertex   1.656016e+01 9.051149e+01 2.731892e+00
    endloop
  endfacet
  facet normal 8.805374e-13 1.881409e-01 9.821420e-01
    outer loop
      vertex   1.656016e+01 9.051149e+01 2.731892e+00
      vertex   -2.827407e-01 9.076537e+01 2.683258e+00
      vertex   -5.121749e-01 9.057104e+01 2.720484e+00
    endloop
  endfacet
  facet normal 8.817665e-13 1.881409e-01 9.821420e-01
    outer loop
      vertex   1.656016e+01 9.051149e+01 2.731892e+00
      vertex   -5.121749e-01 9.057104e+01 2.720484e+00
      vertex   -6.982421e-01 9.033485e+01 2.765729e+00
    endloop
  endfacet
  facet normal -2.568771e-16 1.881409e-01 9.821420e-01
    outer loop
      vertex   -2.827407e-01 9.076537e+01 2.683258e+00
      vertex   1.603136e+01 9.102937e+01 2.632686e+00
      vertex   -1.915810e-02 9.091004e+01 2.655545e+00
    endloop
  endfacet
  facet normal -5.641892e-17 1.881409e-01 9.821420e-01
    outer loop
      vertex   -1.915810e-02 9.091004e+01 2.655545e+00
      vertex   1.603136e+01 9.102937e+01 2.632686e+00
      vertex   5.671424e-01 9.102937e+01 2.632686e+00
    endloop
  endfacet
  facet normal 1.232189e-14 1.881409e-01 9.821420e-01
    outer loop
      vertex   -1.915810e-02 9.091004e+01 2.655545e+00
      vertex   5.671424e-01 9.102937e+01 2.632686e+00
      vertex   2.679820e-01 9.099924e+01 2.638458e+00
    endloop
  endfacet
  facet normal 1.282555e-13 1.881409e-01 9.821420e-01
    outer loop
      vertex   1.656016e+01 9.051149e+01 2.731892e+00
      vertex   -6.982421e-01 9.033485e+01 2.765729e+00
      vertex   1.675593e+01 9.030417e+01 2.771606e+00
    endloop
  endfacet
  facet normal 9.837668e-17 1.881409e-01 9.821420e-01
    outer loop
      vertex   1.675593e+01 9.030417e+01 2.771606e+00
      vertex   -6.982421e-01 9.033485e+01 2.765729e+00
      vertex   -8.334662e-01 9.006630e+01 2.817173e+00
    endloop
  endfacet
  facet normal 9.629474e-20 1.881409e-01 9.821420e-01
    outer loop
      vertex   1.675593e+01 9.030417e+01 2.771606e+00
      vertex   -8.334662e-01 9.006630e+01 2.817173e+00
      vertex   1.699107e+01 9.006630e+01 2.817173e+00
    endloop
  endfacet
  facet normal 0.000000e+00 1.000000e+00 -0.000000e+00
    outer loop
      vertex   1.603136e+01 9.102937e+01 1.859790e+00
      vertex   5.671424e-01 9.102937e+01 1.859790e+00
      vertex   1.603136e+01 9.102937e+01 2.632686e+00
    endloop
  endfacet
  facet normal 0.000000e+00 1.000000e+00 0.000000e+00
    outer loop
      vertex   1.603136e+01 9.102937e+01 2.632686e+00
      vertex   5.671424e-01 9.102937e+01 1.859790e+00
      vertex   5.671424e-01 9.102937e+01 2.632686e+00
    endloop
  endfacet
  facet normal 0.000000e+00 0.000000e+00 -1.000000e+00
    outer loop
      vertex   1.603136e+01 9.102937e+01 4.380790e+00
      vertex   1.943803e+01 9.102937e+01 4.380790e+00
      vertex   1.656016e+01 9.051149e+01 4.380790e+00
    endloop
  endfacet
  facet normal 0.000000e+00 0.000000e+00 -1.000000e+00
    outer loop
      vertex   1.656016e+01 9.051149e+01 4.380790e+00
      vertex   1.943803e+01 9.102937e+01 4.380790e+00
      vertex   1.946953e+01 9.088116e+01 4.380790e+00
    endloop
  endfacet
  facet normal 0.000000e+00 0.000000e+00 -1.000000e+00
    outer loop
      vertex   1.656016e+01 9.051149e+01 4.380790e+00
      vertex   1.946953e+01 9.088116e+01 4.380790e+00
      vertex   1.948667e+01 9.074395e+01 4.380790e+00
    endloop
  endfacet
  facet normal -5.552551e-16 6.990388e-15 -1.000000e+00
    outer loop
      vertex   1.948667e+01 9.074395e+01 4.380790e+00
      vertex   1.948889e+01 9.061707e+01 4.380790e+00
      vertex   1.656016e+01 9.051149e+01 4.380790e+00
    endloop
  endfacet
  facet normal -3.313898e-17 -7.493435e-15 -1.000000e+00
    outer loop
      vertex   1.656016e+01 9.051149e+01 4.380790e+00
      vertex   1.948889e+01 9.061707e+01 4.380790e+00
      vertex   1.947772e+01 9.049859e+01 4.380790e+00
    endloop
  endfacet
  facet normal 0.000000e+00 0.000000e+00 -1.000000e+00
    outer loop
      vertex   1.656016e+01 9.051149e+01 4.380790e+00
      vertex   1.947772e+01 9.049859e+01 4.380790e+00
      vertex   1.700872e+01 9.004877e+01 4.380790e+00
    endloop
  endfacet
  facet normal 0.000000e+00 0.000000e+00 -1.000000e+00
    outer loop
      vertex   1.700872e+01 9.004877e+01 4.380790e+00
      vertex   1.947772e+01 9.049859e+01 4.380790e+00
      vertex   1.941943e+01 9.027534e+01 4.380790e+00
    endloop
  endfacet
  facet normal 0.000000e+00 0.000000e+00 -1.000000e+00
    outer loop
      vertex   1.700872e+01 9.004877e+01 4.380790e+00
      vertex   1.941943e+01 9.027534e+01 4.380790e+00
      vertex   1.936878e+01 9.016395e+01 4.380790e+00
    endloop
  endfacet
  facet normal -3.884656e-16 7.959499e-15 -1.000000e+00
    outer loop
      vertex   1.936878e+01 9.016395e+01 4.380790e+00
      vertex   1.929510e+01 9.004877e+01 4.380790e+00
      vertex   1.700872e+01 9.004877e+01 4.380790e+00
    endloop
  endfacet
  facet normal -3.884656e-16 -1.006113e-14 -1.000000e+00
    outer loop
      vertex   1.700872e+01 9.004877e+01 4.380790e+00
      vertex   1.929510e+01 9.004877e+01 4.380790e+00
      vertex   1.922368e+01 8.996324e+01 4.380790e+00
    endloop
  endfacet
  facet normal 0.000000e+00 0.000000e+00 -1.000000e+00
    outer loop
      vertex   1.700872e+01 9.004877e+01 4.380790e+00
      vertex   1.922368e+01 8.996324e+01 4.380790e+00
      vertex   1.719649e+01 8.986430e+01 4.380790e+00
    endloop
  endfacet
  facet normal -1.034801e-15 2.120181e-14 -1.000000e+00
    outer loop
      vertex   1.719649e+01 8.986430e+01 4.380790e+00
      vertex   1.922368e+01 8.996324e+01 4.380790e+00
      vertex   1.913528e+01 8.987515e+01 4.380790e+00
    endloop
  endfacet
  facet normal -8.669516e-16 -8.809053e-15 -1.000000e+00
    outer loop
      vertex   1.719649e+01 8.986430e+01 4.380790e+00
      vertex   1.913528e+01 8.987515e+01 4.380790e+00
      vertex   1.891548e+01 8.969513e+01 4.380790e+00
    endloop
  endfacet
  facet normal 0.000000e+00 0.000000e+00 -1.000000e+00
    outer loop
      vertex   1.891548e+01 8.969513e+01 4.380790e+00
      vertex   1.737213e+01 8.969513e+01 4.380790e+00
      vertex   1.719649e+01 8.986430e+01 4.380790e+00
    endloop
  endfacet
  facet normal -6.234061e-01 7.818982e-01 0.000000e+00
    outer loop
      vertex   1.891548e+01 8.969513e+01 1.609790e+00
      vertex   1.891548e+01 8.969513e+01 4.380790e+00
      vertex   1.908512e+01 8.983039e+01 1.609790e+00
    endloop
  endfacet
  facet normal -6.336205e-01 7.736434e-01 -1.028290e-03
    outer loop
      vertex   1.908512e+01 8.983039e+01 1.609790e+00
      vertex   1.891548e+01 8.969513e+01 4.380790e+00
      vertex   1.913528e+01 8.987515e+01 4.380790e+00
    endloop
  endfacet
  facet normal -6.921087e-01 7.217928e-01 8.678690e-04
    outer loop
      vertex   1.908512e+01 8.983039e+01 1.609790e+00
      vertex   1.913528e+01 8.987515e+01 4.380790e+00
      vertex   1.922372e+01 8.996328e+01 1.609790e+00
    endloop
  endfacet
  facet normal -7.058713e-01 7.083401e-01 7.516935e-07
    outer loop
      vertex   1.922372e+01 8.996328e+01 1.609790e+00
      vertex   1.913528e+01 8.987515e+01 4.380790e+00
      vertex   1.922368e+01 8.996324e+01 4.380790e+00
    endloop
  endfacet
  facet normal -7.675757e-01 6.409583e-01 -8.368102e-07
    outer loop
      vertex   1.922372e+01 8.996328e+01 1.609790e+00
      vertex   1.922368e+01 8.996324e+01 4.380790e+00
      vertex   1.929510e+01 9.004877e+01 2.817173e+00
    endloop
  endfacet
  facet normal -7.675682e-01 6.409673e-01 5.233128e-15
    outer loop
      vertex   1.929510e+01 9.004877e+01 2.817173e+00
      vertex   1.922368e+01 8.996324e+01 4.380790e+00
      vertex   1.929510e+01 9.004877e+01 4.380454e+00
    endloop
  endfacet
  facet normal -7.675682e-01 6.409673e-01 0.000000e+00
    outer loop
      vertex   1.929510e+01 9.004877e+01 4.380454e+00
      vertex   1.922368e+01 8.996324e+01 4.380790e+00
      vertex   1.929510e+01 9.004877e+01 4.380790e+00
    endloop
  endfacet
  facet normal -8.423812e-01 5.388821e-01 0.000000e+00
    outer loop
      vertex   1.929510e+01 9.004877e+01 4.380454e+00
      vertex   1.929510e+01 9.004877e+01 4.380790e+00
      vertex   1.936878e+01 9.016395e+01 4.380790e+00
    endloop
  endfacet
  facet normal -1.556366e-01 9.669117e-02 9.830707e-01
    outer loop
      vertex   1.929510e+01 9.004877e+01 4.380454e+00
      vertex   1.936878e+01 9.016395e+01 4.380790e+00
      vertex   1.937930e+01 9.018430e+01 4.380454e+00
    endloop
  endfacet
  facet normal -2.553850e-01 1.161214e-01 -9.598408e-01
    outer loop
      vertex   1.937930e+01 9.018430e+01 4.380454e+00
      vertex   1.936878e+01 9.016395e+01 4.380790e+00
      vertex   1.941943e+01 9.027534e+01 4.380790e+00
    endloop
  endfacet
  facet normal -7.859499e-01 3.483358e-01 -5.108276e-01
    outer loop
      vertex   1.937930e+01 9.018430e+01 4.380454e+00
      vertex   1.941943e+01 9.027534e+01 4.380790e+00
      vertex   1.941799e+01 9.027160e+01 4.380454e+00
    endloop
  endfacet
  facet normal -8.145812e-01 2.669652e-01 5.149631e-01
    outer loop
      vertex   1.941799e+01 9.027160e+01 4.380454e+00
      vertex   1.941943e+01 9.027534e+01 4.380790e+00
      vertex   1.945196e+01 9.037523e+01 4.380454e+00
    endloop
  endfacet
  facet normal -5.215520e-02 1.361846e-02 -9.985461e-01
    outer loop
      vertex   1.945196e+01 9.037523e+01 4.380454e+00
      vertex   1.941943e+01 9.027534e+01 4.380790e+00
      vertex   1.947772e+01 9.049859e+01 4.380790e+00
    endloop
  endfacet
  facet normal -9.732615e-01 2.030173e-01 1.074524e-01
    outer loop
      vertex   1.945196e+01 9.037523e+01 4.380454e+00
      vertex   1.947772e+01 9.049859e+01 4.380790e+00
      vertex   1.947907e+01 9.050522e+01 4.380454e+00
    endloop
  endfacet
  facet normal -4.224113e-01 3.981620e-02 -9.055293e-01
    outer loop
      vertex   1.947907e+01 9.050522e+01 4.380454e+00
      vertex   1.947772e+01 9.049859e+01 4.380790e+00
      vertex   1.948889e+01 9.061707e+01 4.380790e+00
    endloop
  endfacet
  facet normal -1.427752e-01 9.559866e-03 9.897090e-01
    outer loop
      vertex   1.947907e+01 9.050522e+01 4.380454e+00
      vertex   1.948889e+01 9.061707e+01 4.380790e+00
      vertex   1.948978e+01 9.066508e+01 4.380454e+00
    endloop
  endfacet
  facet normal -1.915854e-01 -3.354688e-03 -9.814702e-01
    outer loop
      vertex   1.948978e+01 9.066508e+01 4.380454e+00
      vertex   1.948889e+01 9.061707e+01 4.380790e+00
      vertex   1.948667e+01 9.074395e+01 4.380790e+00
    endloop
  endfacet
  facet normal -1.047267e-01 -8.365446e-03 9.944659e-01
    outer loop
      vertex   1.948978e+01 9.066508e+01 4.380454e+00
      vertex   1.948667e+01 9.074395e+01 4.380790e+00
      vertex   1.947520e+01 9.084750e+01 4.380454e+00
    endloop
  endfacet
  facet normal -2.229433e-01 -2.785284e-02 -9.744334e-01
    outer loop
      vertex   1.947520e+01 9.084750e+01 4.380454e+00
      vertex   1.948667e+01 9.074395e+01 4.380790e+00
      vertex   1.946953e+01 9.088116e+01 4.380790e+00
    endloop
  endfacet
  facet normal -2.688749e-01 -5.495361e-02 9.616061e-01
    outer loop
      vertex   1.947520e+01 9.084750e+01 4.380454e+00
      vertex   1.946953e+01 9.088116e+01 4.380790e+00
      vertex   1.943803e+01 9.102937e+01 4.380454e+00
    endloop
  endfacet
  facet normal -9.781584e-01 -2.078609e-01 0.000000e+00
    outer loop
      vertex   1.943803e+01 9.102937e+01 4.380454e+00
      vertex   1.946953e+01 9.088116e+01 4.380790e+00
      vertex   1.943803e+01 9.102937e+01 4.380790e+00
    endloop
  endfacet
  facet normal -7.833742e-01 6.215461e-01 2.307626e-03
    outer loop
      vertex   1.922372e+01 8.996328e+01 1.609790e+00
      vertex   1.929510e+01 9.004877e+01 2.817173e+00
      vertex   1.932468e+01 9.009053e+01 1.609790e+00
    endloop
  endfacet
  facet normal -8.069228e-01 5.906565e-01 6.620132e-04
    outer loop
      vertex   1.932468e+01 9.009053e+01 1.609790e+00
      vertex   1.929510e+01 9.004877e+01 2.817173e+00
      vertex   1.930794e+01 9.006630e+01 2.817173e+00
    endloop
  endfacet
  facet normal -8.671545e-01 4.980351e-01 -2.032331e-03
    outer loop
      vertex   1.932468e+01 9.009053e+01 1.609790e+00
      vertex   1.930794e+01 9.006630e+01 2.817173e+00
      vertex   1.939719e+01 9.022158e+01 2.787427e+00
    endloop
  endfacet
  facet normal -8.723153e-01 4.889434e-01 -7.028689e-04
    outer loop
      vertex   1.932468e+01 9.009053e+01 1.609790e+00
      vertex   1.939719e+01 9.022158e+01 2.787427e+00
      vertex   1.939283e+01 9.021212e+01 1.609790e+00
    endloop
  endfacet
  facet normal -9.436830e-01 3.308499e-01 8.306928e-04
    outer loop
      vertex   1.939283e+01 9.021212e+01 1.609790e+00
      vertex   1.939719e+01 9.022158e+01 2.787427e+00
      vertex   1.945472e+01 9.038575e+01 2.755979e+00
    endloop
  endfacet
  facet normal -9.520101e-01 3.060252e-01 5.040763e-03
    outer loop
      vertex   1.939283e+01 9.021212e+01 1.609790e+00
      vertex   1.945472e+01 9.038575e+01 2.755979e+00
      vertex   1.946929e+01 9.044995e+01 1.609790e+00
    endloop
  endfacet
  facet normal -9.844052e-01 1.758958e-01 -2.660131e-03
    outer loop
      vertex   1.946929e+01 9.044995e+01 1.609790e+00
      vertex   1.945472e+01 9.038575e+01 2.755979e+00
      vertex   1.948424e+01 9.055053e+01 2.724414e+00
    endloop
  endfacet
  facet normal -9.906779e-01 1.362216e-01 1.003942e-03
    outer loop
      vertex   1.946929e+01 9.044995e+01 1.609790e+00
      vertex   1.948424e+01 9.055053e+01 2.724414e+00
      vertex   1.948637e+01 9.057421e+01 1.609790e+00
    endloop
  endfacet
  facet normal -9.995903e-01 2.859225e-02 -1.300221e-03
    outer loop
      vertex   1.948637e+01 9.057421e+01 1.609790e+00
      vertex   1.948424e+01 9.055053e+01 2.724414e+00
      vertex   1.948876e+01 9.070709e+01 2.694422e+00
    endloop
  endfacet
  facet normal -9.998383e-01 1.798344e-02 -7.068968e-16
    outer loop
      vertex   1.948637e+01 9.057421e+01 1.609790e+00
      vertex   1.948876e+01 9.070709e+01 2.694422e+00
      vertex   1.948876e+01 9.070709e+01 1.609790e+00
    endloop
  endfacet
  facet normal 7.180115e-01 6.960312e-01 4.940612e-10
    outer loop
      vertex   1.656016e+01 9.051149e+01 4.380790e+00
      vertex   1.700872e+01 9.004877e+01 4.380790e+00
      vertex   1.656016e+01 9.051149e+01 4.380454e+00
    endloop
  endfacet
  facet normal 7.180115e-01 6.960312e-01 -5.220159e-11
    outer loop
      vertex   1.656016e+01 9.051149e+01 4.380454e+00
      vertex   1.700872e+01 9.004877e+01 4.380790e+00
      vertex   1.700872e+01 9.004877e+01 4.380454e+00
    endloop
  endfacet
  facet normal 7.008028e-01 7.133550e-01 -5.232942e-11
    outer loop
      vertex   1.700872e+01 9.004877e+01 4.380454e+00
      vertex   1.700872e+01 9.004877e+01 4.380790e+00
      vertex   1.719649e+01 8.986430e+01 4.380790e+00
    endloop
  endfacet
  facet normal 7.008028e-01 7.133550e-01 -3.487654e-05
    outer loop
      vertex   1.700872e+01 9.004877e+01 4.380454e+00
      vertex   1.719649e+01 8.986430e+01 4.380790e+00
      vertex   1.718079e+01 8.987959e+01 1.609790e+00
    endloop
  endfacet
  facet normal 6.940593e-01 7.199178e-01 3.953074e-05
    outer loop
      vertex   1.718079e+01 8.987959e+01 1.609790e+00
      vertex   1.719649e+01 8.986430e+01 4.380790e+00
      vertex   1.737213e+01 8.969513e+01 1.609790e+00
    endloop
  endfacet
  facet normal 6.937358e-01 7.202295e-01 -4.447212e-15
    outer loop
      vertex   1.737213e+01 8.969513e+01 1.609790e+00
      vertex   1.719649e+01 8.986430e+01 4.380790e+00
      vertex   1.737213e+01 8.969513e+01 4.380790e+00
    endloop
  endfacet
  facet normal 7.010884e-01 7.130743e-01 1.752623e-14
    outer loop
      vertex   1.700872e+01 9.004877e+01 4.380454e+00
      vertex   1.718079e+01 8.987959e+01 1.609790e+00
      vertex   1.700872e+01 9.004877e+01 2.817173e+00
    endloop
  endfacet
  facet normal 7.017330e-01 7.124400e-01 1.807314e-04
    outer loop
      vertex   1.700872e+01 9.004877e+01 2.817173e+00
      vertex   1.718079e+01 8.987959e+01 1.609790e+00
      vertex   1.697575e+01 9.008155e+01 1.609790e+00
    endloop
  endfacet
  facet normal 7.047416e-01 7.094641e-01 1.775708e-05
    outer loop
      vertex   1.700872e+01 9.004877e+01 2.817173e+00
      vertex   1.697575e+01 9.008155e+01 1.609790e+00
      vertex   1.699107e+01 9.006630e+01 2.817173e+00
    endloop
  endfacet
  facet normal 7.111968e-01 7.029929e-01 -1.458730e-04
    outer loop
      vertex   1.699107e+01 9.006630e+01 2.817173e+00
      vertex   1.697575e+01 9.008155e+01 1.609790e+00
      vertex   1.675593e+01 9.030417e+01 2.771606e+00
    endloop
  endfacet
  facet normal 7.190049e-01 6.949992e-01 2.863142e-03
    outer loop
      vertex   1.675593e+01 9.030417e+01 2.771606e+00
      vertex   1.697575e+01 9.008155e+01 1.609790e+00
      vertex   1.656016e+01 9.051149e+01 1.609790e+00
    endloop
  endfacet
  facet normal 7.270667e-01 6.865668e-01 4.456399e-11
    outer loop
      vertex   1.675593e+01 9.030417e+01 2.771606e+00
      vertex   1.656016e+01 9.051149e+01 1.609790e+00
      vertex   1.656016e+01 9.051149e+01 2.731892e+00
    endloop
  endfacet
  facet normal -5.041188e-03 9.987703e-01 -4.931932e-02
    outer loop
      vertex   1.603259e+01 9.102817e+01 1.835286e+00
      vertex   1.497668e+01 9.102085e+01 1.795086e+00
      vertex   1.603136e+01 9.102937e+01 1.859790e+00
    endloop
  endfacet
  facet normal 2.240098e-17 9.914449e-01 -1.305262e-01
    outer loop
      vertex   1.603136e+01 9.102937e+01 1.859790e+00
      vertex   1.497668e+01 9.102085e+01 1.795086e+00
      vertex   1.366672e+01 9.102085e+01 1.795086e+00
    endloop
  endfacet
  facet normal 4.382324e-17 9.914449e-01 -1.305262e-01
    outer loop
      vertex   1.603136e+01 9.102937e+01 1.859790e+00
      vertex   1.366672e+01 9.102085e+01 1.795086e+00
      vertex   1.235676e+01 9.102085e+01 1.795086e+00
    endloop
  endfacet
  facet normal 1.297336e-16 9.238795e-01 -3.826834e-01
    outer loop
      vertex   1.235676e+01 9.102085e+01 1.795086e+00
      vertex   1.366672e+01 9.102085e+01 1.795086e+00
      vertex   1.235676e+01 9.099588e+01 1.734790e+00
    endloop
  endfacet
  facet normal 1.295496e-16 9.238795e-01 -3.826834e-01
    outer loop
      vertex   1.235676e+01 9.102085e+01 1.795086e+00
      vertex   1.235676e+01 9.099588e+01 1.734790e+00
      vertex   1.104680e+01 9.099588e+01 1.734790e+00
    endloop
  endfacet
  facet normal 2.063764e-16 7.933533e-01 -6.087614e-01
    outer loop
      vertex   1.104680e+01 9.099588e+01 1.734790e+00
      vertex   1.235676e+01 9.099588e+01 1.734790e+00
      vertex   1.104680e+01 9.095615e+01 1.683014e+00
    endloop
  endfacet
  facet normal 7.238332e-16 7.933533e-01 -6.087614e-01
    outer loop
      vertex   1.104680e+01 9.099588e+01 1.734790e+00
      vertex   1.104680e+01 9.095615e+01 1.683014e+00
      vertex   9.736846e+00 9.095615e+01 1.683014e+00
    endloop
  endfacet
  facet normal 9.413424e-16 6.087614e-01 -7.933533e-01
    outer loop
      vertex   9.736846e+00 9.095615e+01 1.683014e+00
      vertex   1.104680e+01 9.095615e+01 1.683014e+00
      vertex   9.736846e+00 9.090437e+01 1.643284e+00
    endloop
  endfacet
  facet normal 8.346491e-19 6.087614e-01 -7.933533e-01
    outer loop
      vertex   9.736846e+00 9.095615e+01 1.683014e+00
      vertex   9.736846e+00 9.090437e+01 1.643284e+00
      vertex   8.426889e+00 9.090437e+01 1.643284e+00
    endloop
  endfacet
  facet normal 0.000000e+00 3.826834e-01 -9.238795e-01
    outer loop
      vertex   8.426889e+00 9.090437e+01 1.643284e+00
      vertex   9.736846e+00 9.090437e+01 1.643284e+00
      vertex   8.426889e+00 9.084408e+01 1.618309e+00
    endloop
  endfacet
  facet normal -1.111473e-18 3.826834e-01 -9.238795e-01
    outer loop
      vertex   8.426889e+00 9.090437e+01 1.643284e+00
      vertex   8.426889e+00 9.084408e+01 1.618309e+00
      vertex   7.116931e+00 9.084408e+01 1.618309e+00
    endloop
  endfacet
  facet normal 0.000000e+00 1.305262e-01 -9.914449e-01
    outer loop
      vertex   7.116931e+00 9.084408e+01 1.618309e+00
      vertex   8.426889e+00 9.084408e+01 1.618309e+00
      vertex   5.671424e-01 9.077937e+01 1.609790e+00
    endloop
  endfacet
  facet normal 0.000000e+00 1.305262e-01 -9.914449e-01
    outer loop
      vertex   7.116931e+00 9.084408e+01 1.618309e+00
      vertex   5.671424e-01 9.077937e+01 1.609790e+00
      vertex   5.806973e+00 9.084408e+01 1.618309e+00
    endloop
  endfacet
  facet normal 2.663928e-15 1.305262e-01 -9.914449e-01
    outer loop
      vertex   5.806973e+00 9.084408e+01 1.618309e+00
      vertex   5.671424e-01 9.077937e+01 1.609790e+00
      vertex   4.497016e+00 9.084408e+01 1.618309e+00
    endloop
  endfacet
  facet normal 8.146351e-15 3.826834e-01 -9.238795e-01
    outer loop
      vertex   5.806973e+00 9.084408e+01 1.618309e+00
      vertex   4.497016e+00 9.084408e+01 1.618309e+00
      vertex   5.806973e+00 9.090437e+01 1.643284e+00
    endloop
  endfacet
  facet normal 1.566024e-16 3.826834e-01 -9.238795e-01
    outer loop
      vertex   5.806973e+00 9.090437e+01 1.643284e+00
      vertex   4.497016e+00 9.084408e+01 1.618309e+00
      vertex   4.497016e+00 9.090437e+01 1.643284e+00
    endloop
  endfacet
  facet normal 1.344775e-16 6.087614e-01 -7.933533e-01
    outer loop
      vertex   5.806973e+00 9.090437e+01 1.643284e+00
      vertex   4.497016e+00 9.090437e+01 1.643284e+00
      vertex   5.806973e+00 9.095615e+01 1.683014e+00
    endloop
  endfacet
  facet normal 1.075820e-15 6.087614e-01 -7.933533e-01
    outer loop
      vertex   5.806973e+00 9.095615e+01 1.683014e+00
      vertex   4.497016e+00 9.090437e+01 1.643284e+00
      vertex   4.497016e+00 9.095615e+01 1.683014e+00
    endloop
  endfacet
  facet normal 8.255057e-16 7.933533e-01 -6.087614e-01
    outer loop
      vertex   5.806973e+00 9.095615e+01 1.683014e+00
      vertex   4.497016e+00 9.095615e+01 1.683014e+00
      vertex   5.806973e+00 9.099588e+01 1.734790e+00
    endloop
  endfacet
  facet normal 2.063764e-16 7.933533e-01 -6.087614e-01
    outer loop
      vertex   5.806973e+00 9.099588e+01 1.734790e+00
      vertex   4.497016e+00 9.095615e+01 1.683014e+00
      vertex   4.497016e+00 9.099588e+01 1.734790e+00
    endloop
  endfacet
  facet normal 1.297336e-16 9.238795e-01 -3.826834e-01
    outer loop
      vertex   5.806973e+00 9.099588e+01 1.734790e+00
      vertex   4.497016e+00 9.099588e+01 1.734790e+00
      vertex   5.806973e+00 9.102085e+01 1.795086e+00
    endloop
  endfacet
  facet normal 6.486682e-17 9.238795e-01 -3.826834e-01
    outer loop
      vertex   5.806973e+00 9.102085e+01 1.795086e+00
      vertex   4.497016e+00 9.099588e+01 1.734790e+00
      vertex   4.497016e+00 9.102085e+01 1.795086e+00
    endloop
  endfacet
  facet normal 2.212486e-17 9.914449e-01 -1.305262e-01
    outer loop
      vertex   5.806973e+00 9.102085e+01 1.795086e+00
      vertex   4.497016e+00 9.102085e+01 1.795086e+00
      vertex   5.671424e-01 9.102937e+01 1.859790e+00
    endloop
  endfacet
  facet normal 4.384073e-17 9.914449e-01 -1.305262e-01
    outer loop
      vertex   5.671424e-01 9.102937e+01 1.859790e+00
      vertex   4.497016e+00 9.102085e+01 1.795086e+00
      vertex   3.187058e+00 9.102085e+01 1.795086e+00
    endloop
  endfacet
  facet normal 4.370371e-17 9.914449e-01 -1.305262e-01
    outer loop
      vertex   5.671424e-01 9.102937e+01 1.859790e+00
      vertex   3.187058e+00 9.102085e+01 1.795086e+00
      vertex   1.877100e+00 9.102085e+01 1.795086e+00
    endloop
  endfacet
  facet normal 1.297336e-16 9.238795e-01 -3.826834e-01
    outer loop
      vertex   1.877100e+00 9.102085e+01 1.795086e+00
      vertex   3.187058e+00 9.102085e+01 1.795086e+00
      vertex   1.877100e+00 9.099588e+01 1.734790e+00
    endloop
  endfacet
  facet normal -1.940286e-16 9.238795e-01 -3.826834e-01
    outer loop
      vertex   1.877100e+00 9.102085e+01 1.795086e+00
      vertex   1.877100e+00 9.099588e+01 1.734790e+00
      vertex   5.671424e-01 9.099588e+01 1.734790e+00
    endloop
  endfacet
  facet normal -3.095646e-16 7.933533e-01 -6.087614e-01
    outer loop
      vertex   5.671424e-01 9.099588e+01 1.734790e+00
      vertex   1.877100e+00 9.099588e+01 1.734790e+00
      vertex   5.671424e-01 9.095615e+01 1.683014e+00
    endloop
  endfacet
  facet normal 8.255057e-16 7.933533e-01 -6.087614e-01
    outer loop
      vertex   5.671424e-01 9.095615e+01 1.683014e+00
      vertex   1.877100e+00 9.099588e+01 1.734790e+00
      vertex   1.877100e+00 9.095615e+01 1.683014e+00
    endloop
  endfacet
  facet normal 1.075820e-15 6.087614e-01 -7.933533e-01
    outer loop
      vertex   5.671424e-01 9.095615e+01 1.683014e+00
      vertex   1.877100e+00 9.095615e+01 1.683014e+00
      vertex   5.671424e-01 9.090437e+01 1.643284e+00
    endloop
  endfacet
  facet normal 1.885615e-14 6.087614e-01 -7.933533e-01
    outer loop
      vertex   5.671424e-01 9.090437e+01 1.643284e+00
      vertex   1.877100e+00 9.095615e+01 1.683014e+00
      vertex   1.877100e+00 9.090437e+01 1.643284e+00
    endloop
  endfacet
  facet normal 1.488025e-14 3.826834e-01 -9.238795e-01
    outer loop
      vertex   5.671424e-01 9.090437e+01 1.643284e+00
      vertex   1.877100e+00 9.090437e+01 1.643284e+00
      vertex   5.671424e-01 9.084408e+01 1.618309e+00
    endloop
  endfacet
  facet normal 1.190178e-14 3.826834e-01 -9.238795e-01
    outer loop
      vertex   5.671424e-01 9.084408e+01 1.618309e+00
      vertex   1.877100e+00 9.090437e+01 1.643284e+00
      vertex   1.877100e+00 9.084408e+01 1.618309e+00
    endloop
  endfacet
  facet normal 1.277218e-14 1.305262e-01 -9.914449e-01
    outer loop
      vertex   5.671424e-01 9.084408e+01 1.618309e+00
      vertex   1.877100e+00 9.084408e+01 1.618309e+00
      vertex   5.671424e-01 9.077937e+01 1.609790e+00
    endloop
  endfacet
  facet normal -2.564991e-19 1.305262e-01 -9.914449e-01
    outer loop
      vertex   5.671424e-01 9.077937e+01 1.609790e+00
      vertex   1.877100e+00 9.084408e+01 1.618309e+00
      vertex   3.187058e+00 9.084408e+01 1.618309e+00
    endloop
  endfacet
  facet normal -2.564991e-19 1.305262e-01 -9.914449e-01
    outer loop
      vertex   5.671424e-01 9.077937e+01 1.609790e+00
      vertex   3.187058e+00 9.084408e+01 1.618309e+00
      vertex   4.497016e+00 9.084408e+01 1.618309e+00
    endloop
  endfacet
  facet normal 0.000000e+00 3.826834e-01 -9.238795e-01
    outer loop
      vertex   4.497016e+00 9.084408e+01 1.618309e+00
      vertex   3.187058e+00 9.084408e+01 1.618309e+00
      vertex   4.497016e+00 9.090437e+01 1.643284e+00
    endloop
  endfacet
  facet normal -1.258827e-03 9.891480e-01 -1.469169e-01
    outer loop
      vertex   1.603259e+01 9.102817e+01 1.835286e+00
      vertex   1.603627e+01 9.102457e+01 1.811018e+00
      vertex   1.497668e+01 9.102085e+01 1.795086e+00
    endloop
  endfacet
  facet normal 1.005199e-03 9.570263e-01 -2.899994e-01
    outer loop
      vertex   1.497668e+01 9.102085e+01 1.795086e+00
      vertex   1.603627e+01 9.102457e+01 1.811018e+00
      vertex   1.605080e+01 9.101034e+01 1.764119e+00
    endloop
  endfacet
  facet normal -1.991197e-03 9.238777e-01 -3.826827e-01
    outer loop
      vertex   1.497668e+01 9.102085e+01 1.795086e+00
      vertex   1.605080e+01 9.101034e+01 1.764119e+00
      vertex   1.497668e+01 9.099588e+01 1.734790e+00
    endloop
  endfacet
  facet normal 9.817539e-04 8.821435e-01 -4.709797e-01
    outer loop
      vertex   1.497668e+01 9.099588e+01 1.734790e+00
      vertex   1.605080e+01 9.101034e+01 1.764119e+00
      vertex   1.607438e+01 9.098724e+01 1.720898e+00
    endloop
  endfacet
  facet normal -1.460784e-03 7.933525e-01 -6.087608e-01
    outer loop
      vertex   1.497668e+01 9.099588e+01 1.734790e+00
      vertex   1.607438e+01 9.098724e+01 1.720898e+00
      vertex   1.497668e+01 9.095615e+01 1.683014e+00
    endloop
  endfacet
  facet normal -1.122465e-15 7.730105e-01 -6.343933e-01
    outer loop
      vertex   1.497668e+01 9.095615e+01 1.683014e+00
      vertex   1.607438e+01 9.098724e+01 1.720898e+00
      vertex   1.610613e+01 9.095615e+01 1.683014e+00
    endloop
  endfacet
  facet normal -1.367728e-15 6.343933e-01 -7.730105e-01
    outer loop
      vertex   1.497668e+01 9.095615e+01 1.683014e+00
      vertex   1.610613e+01 9.095615e+01 1.683014e+00
      vertex   1.614481e+01 9.091826e+01 1.651923e+00
    endloop
  endfacet
  facet normal -1.372711e-03 6.087609e-01 -7.933526e-01
    outer loop
      vertex   1.497668e+01 9.095615e+01 1.683014e+00
      vertex   1.614481e+01 9.091826e+01 1.651923e+00
      vertex   1.497668e+01 9.090437e+01 1.643284e+00
    endloop
  endfacet
  facet normal 9.045745e-04 4.721148e-01 -8.815366e-01
    outer loop
      vertex   1.497668e+01 9.090437e+01 1.643284e+00
      vertex   1.614481e+01 9.091826e+01 1.651923e+00
      vertex   1.618895e+01 9.087504e+01 1.628820e+00
    endloop
  endfacet
  facet normal -1.764278e-03 3.826828e-01 -9.238781e-01
    outer loop
      vertex   1.497668e+01 9.090437e+01 1.643284e+00
      vertex   1.618895e+01 9.087504e+01 1.628820e+00
      vertex   1.497668e+01 9.084408e+01 1.618309e+00
    endloop
  endfacet
  facet normal 8.599577e-04 2.910886e-01 -9.566957e-01
    outer loop
      vertex   1.497668e+01 9.084408e+01 1.618309e+00
      vertex   1.618895e+01 9.087504e+01 1.628820e+00
      vertex   1.623683e+01 9.082814e+01 1.614594e+00
    endloop
  endfacet
  facet normal 0.000000e+00 2.270763e-01 -9.738770e-01
    outer loop
      vertex   1.497668e+01 9.084408e+01 1.618309e+00
      vertex   1.623683e+01 9.082814e+01 1.614594e+00
      vertex   1.366672e+01 9.084408e+01 1.618309e+00
    endloop
  endfacet
  facet normal 0.000000e+00 2.270763e-01 -9.738770e-01
    outer loop
      vertex   1.366672e+01 9.084408e+01 1.618309e+00
      vertex   1.623683e+01 9.082814e+01 1.614594e+00
      vertex   1.235676e+01 9.084408e+01 1.618309e+00
    endloop
  endfacet
  facet normal 0.000000e+00 3.826834e-01 -9.238795e-01
    outer loop
      vertex   1.366672e+01 9.084408e+01 1.618309e+00
      vertex   1.235676e+01 9.084408e+01 1.618309e+00
      vertex   1.366672e+01 9.090437e+01 1.643284e+00
    endloop
  endfacet
  facet normal 1.566024e-16 3.826834e-01 -9.238795e-01
    outer loop
      vertex   1.366672e+01 9.090437e+01 1.643284e+00
      vertex   1.235676e+01 9.084408e+01 1.618309e+00
      vertex   1.235676e+01 9.090437e+01 1.643284e+00
    endloop
  endfacet
  facet normal 1.344775e-16 6.087614e-01 -7.933533e-01
    outer loop
      vertex   1.366672e+01 9.090437e+01 1.643284e+00
      vertex   1.235676e+01 9.090437e+01 1.643284e+00
      vertex   1.366672e+01 9.095615e+01 1.683014e+00
    endloop
  endfacet
  facet normal -5.528225e-15 6.087614e-01 -7.933533e-01
    outer loop
      vertex   1.366672e+01 9.095615e+01 1.683014e+00
      vertex   1.235676e+01 9.090437e+01 1.643284e+00
      vertex   1.235676e+01 9.095615e+01 1.683014e+00
    endloop
  endfacet
  facet normal -7.781054e-15 7.933533e-01 -6.087614e-01
    outer loop
      vertex   1.366672e+01 9.095615e+01 1.683014e+00
      vertex   1.235676e+01 9.095615e+01 1.683014e+00
      vertex   1.366672e+01 9.099588e+01 1.734790e+00
    endloop
  endfacet
  facet normal 3.095646e-16 7.933533e-01 -6.087614e-01
    outer loop
      vertex   1.366672e+01 9.099588e+01 1.734790e+00
      vertex   1.235676e+01 9.095615e+01 1.683014e+00
      vertex   1.235676e+01 9.099588e+01 1.734790e+00
    endloop
  endfacet
  facet normal 1.946005e-16 9.238795e-01 -3.826834e-01
    outer loop
      vertex   1.366672e+01 9.099588e+01 1.734790e+00
      vertex   1.235676e+01 9.099588e+01 1.734790e+00
      vertex   1.366672e+01 9.102085e+01 1.795086e+00
    endloop
  endfacet
  facet normal -8.861020e-17 9.801714e-02 -9.951847e-01
    outer loop
      vertex   1.628664e+01 9.077937e+01 1.609790e+00
      vertex   5.671424e-01 9.077937e+01 1.609790e+00
      vertex   1.623683e+01 9.082814e+01 1.614594e+00
    endloop
  endfacet
  facet normal -2.053533e-04 1.631478e-01 -9.866016e-01
    outer loop
      vertex   1.623683e+01 9.082814e+01 1.614594e+00
      vertex   5.671424e-01 9.077937e+01 1.609790e+00
      vertex   1.104680e+01 9.084408e+01 1.618309e+00
    endloop
  endfacet
  facet normal -1.651637e-16 2.270763e-01 -9.738770e-01
    outer loop
      vertex   1.623683e+01 9.082814e+01 1.614594e+00
      vertex   1.104680e+01 9.084408e+01 1.618309e+00
      vertex   1.235676e+01 9.084408e+01 1.618309e+00
    endloop
  endfacet
  facet normal -1.566024e-16 3.826834e-01 -9.238795e-01
    outer loop
      vertex   1.235676e+01 9.084408e+01 1.618309e+00
      vertex   1.104680e+01 9.084408e+01 1.618309e+00
      vertex   1.235676e+01 9.090437e+01 1.643284e+00
    endloop
  endfacet
  facet normal -5.846320e-16 9.238795e-01 -3.826834e-01
    outer loop
      vertex   5.671424e-01 9.099588e+01 1.734790e+00
      vertex   5.671424e-01 9.102085e+01 1.795086e+00
      vertex   1.877100e+00 9.102085e+01 1.795086e+00
    endloop
  endfacet
  facet normal -1.991238e-16 9.914449e-01 -1.305262e-01
    outer loop
      vertex   1.877100e+00 9.102085e+01 1.795086e+00
      vertex   5.671424e-01 9.102085e+01 1.795086e+00
      vertex   5.671424e-01 9.102937e+01 1.859790e+00
    endloop
  endfacet
  facet normal 1.874174e-18 9.914449e-01 -1.305262e-01
    outer loop
      vertex   1.603136e+01 9.102937e+01 1.859790e+00
      vertex   8.426889e+00 9.102085e+01 1.795086e+00
      vertex   5.671424e-01 9.102937e+01 1.859790e+00
    endloop
  endfacet
  facet normal 4.411478e-17 9.914449e-01 -1.305262e-01
    outer loop
      vertex   5.671424e-01 9.102937e+01 1.859790e+00
      vertex   8.426889e+00 9.102085e+01 1.795086e+00
      vertex   7.116931e+00 9.102085e+01 1.795086e+00
    endloop
  endfacet
  facet normal 2.185289e-17 9.914449e-01 -1.305262e-01
    outer loop
      vertex   5.671424e-01 9.102937e+01 1.859790e+00
      vertex   7.116931e+00 9.102085e+01 1.795086e+00
      vertex   5.806973e+00 9.102085e+01 1.795086e+00
    endloop
  endfacet
  facet normal 6.486682e-17 9.238795e-01 -3.826834e-01
    outer loop
      vertex   5.806973e+00 9.102085e+01 1.795086e+00
      vertex   7.116931e+00 9.102085e+01 1.795086e+00
      vertex   5.806973e+00 9.099588e+01 1.734790e+00
    endloop
  endfacet
  facet normal 6.576195e-17 9.238795e-01 -3.826834e-01
    outer loop
      vertex   1.366672e+01 9.099588e+01 1.734790e+00
      vertex   1.366672e+01 9.102085e+01 1.795086e+00
      vertex   1.497668e+01 9.102085e+01 1.795086e+00
    endloop
  endfacet
  facet normal 4.424973e-17 9.914449e-01 -1.305262e-01
    outer loop
      vertex   1.235676e+01 9.102085e+01 1.795086e+00
      vertex   1.104680e+01 9.102085e+01 1.795086e+00
      vertex   1.603136e+01 9.102937e+01 1.859790e+00
    endloop
  endfacet
  facet normal 2.269252e-17 9.914449e-01 -1.305262e-01
    outer loop
      vertex   1.603136e+01 9.102937e+01 1.859790e+00
      vertex   1.104680e+01 9.102085e+01 1.795086e+00
      vertex   9.736846e+00 9.102085e+01 1.795086e+00
    endloop
  endfacet
  facet normal 2.198991e-17 9.914449e-01 -1.305262e-01
    outer loop
      vertex   1.603136e+01 9.102937e+01 1.859790e+00
      vertex   9.736846e+00 9.102085e+01 1.795086e+00
      vertex   8.426889e+00 9.102085e+01 1.795086e+00
    endloop
  endfacet
  facet normal 6.486682e-17 9.238795e-01 -3.826834e-01
    outer loop
      vertex   8.426889e+00 9.102085e+01 1.795086e+00
      vertex   9.736846e+00 9.102085e+01 1.795086e+00
      vertex   8.426889e+00 9.099588e+01 1.734790e+00
    endloop
  endfacet
  facet normal 1.299275e-16 9.238795e-01 -3.826834e-01
    outer loop
      vertex   8.426889e+00 9.102085e+01 1.795086e+00
      vertex   8.426889e+00 9.099588e+01 1.734790e+00
      vertex   7.116931e+00 9.099588e+01 1.734790e+00
    endloop
  endfacet
  facet normal 2.063764e-16 7.933533e-01 -6.087614e-01
    outer loop
      vertex   7.116931e+00 9.099588e+01 1.734790e+00
      vertex   8.426889e+00 9.099588e+01 1.734790e+00
      vertex   7.116931e+00 9.095615e+01 1.683014e+00
    endloop
  endfacet
  facet normal 6.212728e-16 7.933533e-01 -6.087614e-01
    outer loop
      vertex   7.116931e+00 9.099588e+01 1.734790e+00
      vertex   7.116931e+00 9.095615e+01 1.683014e+00
      vertex   5.806973e+00 9.095615e+01 1.683014e+00
    endloop
  endfacet
  facet normal 8.068650e-16 6.087614e-01 -7.933533e-01
    outer loop
      vertex   5.806973e+00 9.095615e+01 1.683014e+00
      vertex   7.116931e+00 9.095615e+01 1.683014e+00
      vertex   5.806973e+00 9.090437e+01 1.643284e+00
    endloop
  endfacet
  facet normal 1.297336e-16 9.238795e-01 -3.826834e-01
    outer loop
      vertex   1.235676e+01 9.102085e+01 1.795086e+00
      vertex   1.104680e+01 9.099588e+01 1.734790e+00
      vertex   1.104680e+01 9.102085e+01 1.795086e+00
    endloop
  endfacet
  facet normal 6.468274e-17 9.238795e-01 -3.826834e-01
    outer loop
      vertex   1.104680e+01 9.102085e+01 1.795086e+00
      vertex   1.104680e+01 9.099588e+01 1.734790e+00
      vertex   9.736846e+00 9.099588e+01 1.734790e+00
    endloop
  endfacet
  facet normal 6.486682e-17 9.238795e-01 -3.826834e-01
    outer loop
      vertex   1.104680e+01 9.102085e+01 1.795086e+00
      vertex   9.736846e+00 9.099588e+01 1.734790e+00
      vertex   9.736846e+00 9.102085e+01 1.795086e+00
    endloop
  endfacet
  facet normal 1.944164e-16 9.238795e-01 -3.826834e-01
    outer loop
      vertex   9.736846e+00 9.102085e+01 1.795086e+00
      vertex   9.736846e+00 9.099588e+01 1.734790e+00
      vertex   8.426889e+00 9.099588e+01 1.734790e+00
    endloop
  endfacet
  facet normal 1.297336e-16 9.238795e-01 -3.826834e-01
    outer loop
      vertex   5.806973e+00 9.099588e+01 1.734790e+00
      vertex   7.116931e+00 9.102085e+01 1.795086e+00
      vertex   7.116931e+00 9.099588e+01 1.734790e+00
    endloop
  endfacet
  facet normal 1.299275e-16 9.238795e-01 -3.826834e-01
    outer loop
      vertex   7.116931e+00 9.099588e+01 1.734790e+00
      vertex   7.116931e+00 9.102085e+01 1.795086e+00
      vertex   8.426889e+00 9.102085e+01 1.795086e+00
    endloop
  endfacet
  facet normal 1.297336e-16 9.238795e-01 -3.826834e-01
    outer loop
      vertex   3.187058e+00 9.102085e+01 1.795086e+00
      vertex   4.497016e+00 9.102085e+01 1.795086e+00
      vertex   3.187058e+00 9.099588e+01 1.734790e+00
    endloop
  endfacet
  facet normal 1.297336e-16 9.238795e-01 -3.826834e-01
    outer loop
      vertex   3.187058e+00 9.099588e+01 1.734790e+00
      vertex   4.497016e+00 9.102085e+01 1.795086e+00
      vertex   4.497016e+00 9.099588e+01 1.734790e+00
    endloop
  endfacet
  facet normal 2.063764e-16 7.933533e-01 -6.087614e-01
    outer loop
      vertex   3.187058e+00 9.099588e+01 1.734790e+00
      vertex   4.497016e+00 9.099588e+01 1.734790e+00
      vertex   3.187058e+00 9.095615e+01 1.683014e+00
    endloop
  endfacet
  facet normal 6.191293e-16 7.933533e-01 -6.087614e-01
    outer loop
      vertex   3.187058e+00 9.095615e+01 1.683014e+00
      vertex   4.497016e+00 9.099588e+01 1.734790e+00
      vertex   4.497016e+00 9.095615e+01 1.683014e+00
    endloop
  endfacet
  facet normal 8.068650e-16 6.087614e-01 -7.933533e-01
    outer loop
      vertex   3.187058e+00 9.095615e+01 1.683014e+00
      vertex   4.497016e+00 9.095615e+01 1.683014e+00
      vertex   3.187058e+00 9.090437e+01 1.643284e+00
    endloop
  endfacet
  facet normal -1.293914e-14 6.087614e-01 -7.933533e-01
    outer loop
      vertex   3.187058e+00 9.090437e+01 1.643284e+00
      vertex   4.497016e+00 9.095615e+01 1.683014e+00
      vertex   4.497016e+00 9.090437e+01 1.643284e+00
    endloop
  endfacet
  facet normal -7.989748e-15 3.826834e-01 -9.238795e-01
    outer loop
      vertex   3.187058e+00 9.090437e+01 1.643284e+00
      vertex   4.497016e+00 9.090437e+01 1.643284e+00
      vertex   3.187058e+00 9.084408e+01 1.618309e+00
    endloop
  endfacet
  facet normal 1.011885e-16 7.933533e-01 -6.087614e-01
    outer loop
      vertex   1.366672e+01 9.095615e+01 1.683014e+00
      vertex   1.366672e+01 9.099588e+01 1.734790e+00
      vertex   1.497668e+01 9.099588e+01 1.734790e+00
    endloop
  endfacet
  facet normal 6.486682e-17 9.238795e-01 -3.826834e-01
    outer loop
      vertex   1.497668e+01 9.099588e+01 1.734790e+00
      vertex   1.366672e+01 9.099588e+01 1.734790e+00
      vertex   1.497668e+01 9.102085e+01 1.795086e+00
    endloop
  endfacet
  facet normal 6.191293e-16 7.933533e-01 -6.087614e-01
    outer loop
      vertex   1.104680e+01 9.095615e+01 1.683014e+00
      vertex   1.235676e+01 9.099588e+01 1.734790e+00
      vertex   1.235676e+01 9.095615e+01 1.683014e+00
    endloop
  endfacet
  facet normal 1.031882e-16 7.933533e-01 -6.087614e-01
    outer loop
      vertex   1.104680e+01 9.099588e+01 1.734790e+00
      vertex   9.736846e+00 9.095615e+01 1.683014e+00
      vertex   9.736846e+00 9.099588e+01 1.734790e+00
    endloop
  endfacet
  facet normal 7.240843e-16 7.933533e-01 -6.087614e-01
    outer loop
      vertex   9.736846e+00 9.099588e+01 1.734790e+00
      vertex   9.736846e+00 9.095615e+01 1.683014e+00
      vertex   8.426889e+00 9.095615e+01 1.683014e+00
    endloop
  endfacet
  facet normal 3.095646e-16 7.933533e-01 -6.087614e-01
    outer loop
      vertex   9.736846e+00 9.099588e+01 1.734790e+00
      vertex   8.426889e+00 9.095615e+01 1.683014e+00
      vertex   8.426889e+00 9.099588e+01 1.734790e+00
    endloop
  endfacet
  facet normal 7.208699e-16 7.933533e-01 -6.087614e-01
    outer loop
      vertex   8.426889e+00 9.099588e+01 1.734790e+00
      vertex   8.426889e+00 9.095615e+01 1.683014e+00
      vertex   7.116931e+00 9.095615e+01 1.683014e+00
    endloop
  endfacet
  facet normal 2.053055e-16 7.933533e-01 -6.087614e-01
    outer loop
      vertex   5.806973e+00 9.095615e+01 1.683014e+00
      vertex   5.806973e+00 9.099588e+01 1.734790e+00
      vertex   7.116931e+00 9.099588e+01 1.734790e+00
    endloop
  endfacet
  facet normal 2.059333e-16 7.933533e-01 -6.087614e-01
    outer loop
      vertex   1.877100e+00 9.095615e+01 1.683014e+00
      vertex   1.877100e+00 9.099588e+01 1.734790e+00
      vertex   3.187058e+00 9.099588e+01 1.734790e+00
    endloop
  endfacet
  facet normal 1.297336e-16 9.238795e-01 -3.826834e-01
    outer loop
      vertex   3.187058e+00 9.099588e+01 1.734790e+00
      vertex   1.877100e+00 9.099588e+01 1.734790e+00
      vertex   3.187058e+00 9.102085e+01 1.795086e+00
    endloop
  endfacet
  facet normal 7.223175e-16 7.933533e-01 -6.087614e-01
    outer loop
      vertex   1.877100e+00 9.095615e+01 1.683014e+00
      vertex   3.187058e+00 9.099588e+01 1.734790e+00
      vertex   3.187058e+00 9.095615e+01 1.683014e+00
    endloop
  endfacet
  facet normal 1.076834e-15 6.087614e-01 -7.933533e-01
    outer loop
      vertex   1.366672e+01 9.090437e+01 1.643284e+00
      vertex   1.366672e+01 9.095615e+01 1.683014e+00
      vertex   1.497668e+01 9.095615e+01 1.683014e+00
    endloop
  endfacet
  facet normal 8.255057e-16 7.933533e-01 -6.087614e-01
    outer loop
      vertex   1.497668e+01 9.095615e+01 1.683014e+00
      vertex   1.366672e+01 9.095615e+01 1.683014e+00
      vertex   1.497668e+01 9.099588e+01 1.734790e+00
    endloop
  endfacet
  facet normal 8.068650e-16 6.087614e-01 -7.933533e-01
    outer loop
      vertex   1.104680e+01 9.095615e+01 1.683014e+00
      vertex   1.235676e+01 9.095615e+01 1.683014e+00
      vertex   1.104680e+01 9.090437e+01 1.643284e+00
    endloop
  endfacet
  facet normal 1.344775e-16 6.087614e-01 -7.933533e-01
    outer loop
      vertex   1.104680e+01 9.090437e+01 1.643284e+00
      vertex   1.235676e+01 9.095615e+01 1.683014e+00
      vertex   1.235676e+01 9.090437e+01 1.643284e+00
    endloop
  endfacet
  facet normal 1.566024e-16 3.826834e-01 -9.238795e-01
    outer loop
      vertex   1.104680e+01 9.090437e+01 1.643284e+00
      vertex   1.235676e+01 9.090437e+01 1.643284e+00
      vertex   1.104680e+01 9.084408e+01 1.618309e+00
    endloop
  endfacet
  facet normal 9.413424e-16 6.087614e-01 -7.933533e-01
    outer loop
      vertex   9.736846e+00 9.095615e+01 1.683014e+00
      vertex   8.426889e+00 9.090437e+01 1.643284e+00
      vertex   8.426889e+00 9.095615e+01 1.683014e+00
    endloop
  endfacet
  facet normal 2.669099e-16 6.087614e-01 -7.933533e-01
    outer loop
      vertex   8.426889e+00 9.095615e+01 1.683014e+00
      vertex   8.426889e+00 9.090437e+01 1.643284e+00
      vertex   7.116931e+00 9.090437e+01 1.643284e+00
    endloop
  endfacet
  facet normal 9.413424e-16 6.087614e-01 -7.933533e-01
    outer loop
      vertex   8.426889e+00 9.095615e+01 1.683014e+00
      vertex   7.116931e+00 9.090437e+01 1.643284e+00
      vertex   7.116931e+00 9.095615e+01 1.683014e+00
    endloop
  endfacet
  facet normal 1.347236e-16 6.087614e-01 -7.933533e-01
    outer loop
      vertex   7.116931e+00 9.095615e+01 1.683014e+00
      vertex   7.116931e+00 9.090437e+01 1.643284e+00
      vertex   5.806973e+00 9.090437e+01 1.643284e+00
    endloop
  endfacet
  facet normal 9.415903e-16 6.087614e-01 -7.933533e-01
    outer loop
      vertex   1.877100e+00 9.090437e+01 1.643284e+00
      vertex   1.877100e+00 9.095615e+01 1.683014e+00
      vertex   3.187058e+00 9.095615e+01 1.683014e+00
    endloop
  endfacet
  facet normal 0.000000e+00 6.087614e-01 -7.933533e-01
    outer loop
      vertex   1.877100e+00 9.090437e+01 1.643284e+00
      vertex   3.187058e+00 9.095615e+01 1.683014e+00
      vertex   3.187058e+00 9.090437e+01 1.643284e+00
    endloop
  endfacet
  facet normal 1.554130e-16 3.826834e-01 -9.238795e-01
    outer loop
      vertex   1.366672e+01 9.084408e+01 1.618309e+00
      vertex   1.366672e+01 9.090437e+01 1.643284e+00
      vertex   1.497668e+01 9.090437e+01 1.643284e+00
    endloop
  endfacet
  facet normal 1.344775e-16 6.087614e-01 -7.933533e-01
    outer loop
      vertex   1.497668e+01 9.090437e+01 1.643284e+00
      vertex   1.366672e+01 9.090437e+01 1.643284e+00
      vertex   1.497668e+01 9.095615e+01 1.683014e+00
    endloop
  endfacet
  facet normal 0.000000e+00 3.826834e-01 -9.238795e-01
    outer loop
      vertex   1.497668e+01 9.084408e+01 1.618309e+00
      vertex   1.366672e+01 9.084408e+01 1.618309e+00
      vertex   1.497668e+01 9.090437e+01 1.643284e+00
    endloop
  endfacet
  facet normal 1.356064e-16 6.087614e-01 -7.933533e-01
    outer loop
      vertex   1.104680e+01 9.095615e+01 1.683014e+00
      vertex   1.104680e+01 9.090437e+01 1.643284e+00
      vertex   9.736846e+00 9.090437e+01 1.643284e+00
    endloop
  endfacet
  facet normal 1.566024e-16 3.826834e-01 -9.238795e-01
    outer loop
      vertex   9.736846e+00 9.090437e+01 1.643284e+00
      vertex   1.104680e+01 9.090437e+01 1.643284e+00
      vertex   9.736846e+00 9.084408e+01 1.618309e+00
    endloop
  endfacet
  facet normal -1.111473e-18 3.826834e-01 -9.238795e-01
    outer loop
      vertex   9.736846e+00 9.090437e+01 1.643284e+00
      vertex   9.736846e+00 9.084408e+01 1.618309e+00
      vertex   8.426889e+00 9.084408e+01 1.618309e+00
    endloop
  endfacet
  facet normal 0.000000e+00 1.305262e-01 -9.914449e-01
    outer loop
      vertex   8.426889e+00 9.084408e+01 1.618309e+00
      vertex   9.736846e+00 9.084408e+01 1.618309e+00
      vertex   5.671424e-01 9.077937e+01 1.609790e+00
    endloop
  endfacet
  facet normal 0.000000e+00 3.826834e-01 -9.238795e-01
    outer loop
      vertex   9.736846e+00 9.084408e+01 1.618309e+00
      vertex   1.104680e+01 9.090437e+01 1.643284e+00
      vertex   1.104680e+01 9.084408e+01 1.618309e+00
    endloop
  endfacet
  facet normal 1.574516e-16 3.826834e-01 -9.238795e-01
    outer loop
      vertex   5.806973e+00 9.084408e+01 1.618309e+00
      vertex   5.806973e+00 9.090437e+01 1.643284e+00
      vertex   7.116931e+00 9.090437e+01 1.643284e+00
    endloop
  endfacet
  facet normal 0.000000e+00 3.826834e-01 -9.238795e-01
    outer loop
      vertex   5.806973e+00 9.084408e+01 1.618309e+00
      vertex   7.116931e+00 9.090437e+01 1.643284e+00
      vertex   7.116931e+00 9.084408e+01 1.618309e+00
    endloop
  endfacet
  facet normal 3.134004e-16 3.826834e-01 -9.238795e-01
    outer loop
      vertex   7.116931e+00 9.084408e+01 1.618309e+00
      vertex   7.116931e+00 9.090437e+01 1.643284e+00
      vertex   8.426889e+00 9.090437e+01 1.643284e+00
    endloop
  endfacet
  facet normal 7.391748e-19 3.826834e-01 -9.238795e-01
    outer loop
      vertex   1.877100e+00 9.084408e+01 1.618309e+00
      vertex   1.877100e+00 9.090437e+01 1.643284e+00
      vertex   3.187058e+00 9.090437e+01 1.643284e+00
    endloop
  endfacet
  facet normal 0.000000e+00 3.826834e-01 -9.238795e-01
    outer loop
      vertex   1.877100e+00 9.084408e+01 1.618309e+00
      vertex   3.187058e+00 9.090437e+01 1.643284e+00
      vertex   3.187058e+00 9.084408e+01 1.618309e+00
    endloop
  endfacet
  facet normal 2.502716e-19 1.305262e-01 -9.914449e-01
    outer loop
      vertex   5.671424e-01 9.077937e+01 1.609790e+00
      vertex   9.736846e+00 9.084408e+01 1.618309e+00
      vertex   1.104680e+01 9.084408e+01 1.618309e+00
    endloop
  endfacet
  facet normal 0.000000e+00 -0.000000e+00 -1.000000e+00
    outer loop
      vertex   5.671424e-01 9.077937e+01 1.609790e+00
      vertex   1.628664e+01 9.077937e+01 1.609790e+00
      vertex   2.235955e-02 8.969513e+01 1.609790e+00
    endloop
  endfacet
  facet normal 0.000000e+00 0.000000e+00 -1.000000e+00
    outer loop
      vertex   2.235955e-02 8.969513e+01 1.609790e+00
      vertex   1.628664e+01 9.077937e+01 1.609790e+00
      vertex   1.656016e+01 9.051149e+01 1.609790e+00
    endloop
  endfacet
  facet normal 0.000000e+00 0.000000e+00 -1.000000e+00
    outer loop
      vertex   2.235955e-02 8.969513e+01 1.609790e+00
      vertex   1.656016e+01 9.051149e+01 1.609790e+00
      vertex   1.697575e+01 9.008155e+01 1.609790e+00
    endloop
  endfacet
  facet normal -2.449310e-17 1.074576e-15 -1.000000e+00
    outer loop
      vertex   1.697575e+01 9.008155e+01 1.609790e+00
      vertex   1.718079e+01 8.987959e+01 1.609790e+00
      vertex   2.235955e-02 8.969513e+01 1.609790e+00
    endloop
  endfacet
  facet normal 0.000000e+00 -1.203741e-15 -1.000000e+00
    outer loop
      vertex   2.235955e-02 8.969513e+01 1.609790e+00
      vertex   1.718079e+01 8.987959e+01 1.609790e+00
      vertex   1.737213e+01 8.969513e+01 1.609790e+00
    endloop
  endfacet
  facet normal 0.000000e+00 0.000000e+00 -1.000000e+00
    outer loop
      vertex   2.235955e-02 6.009025e+01 1.609790e+00
      vertex   -6.828576e-01 8.952937e+01 1.609790e+00
      vertex   2.235955e-02 8.969513e+01 1.609790e+00
    endloop
  endfacet
  facet normal -0.000000e+00 0.000000e+00 -1.000000e+00
    outer loop
      vertex   2.235955e-02 8.969513e+01 1.609790e+00
      vertex   -6.828576e-01 8.952937e+01 1.609790e+00
      vertex   -6.588392e-01 8.977323e+01 1.609790e+00
    endloop
  endfacet
  facet normal 0.000000e+00 0.000000e+00 -1.000000e+00
    outer loop
      vertex   2.235955e-02 8.969513e+01 1.609790e+00
      vertex   -6.588392e-01 8.977323e+01 1.609790e+00
      vertex   -5.877070e-01 9.000773e+01 1.609790e+00
    endloop
  endfacet
  facet normal -0.000000e+00 0.000000e+00 -1.000000e+00
    outer loop
      vertex   1.767788e+01 6.009025e+01 1.609790e+00
      vertex   1.646155e+01 5.895379e+01 1.609790e+00
      vertex   2.235955e-02 6.009025e+01 1.609790e+00
    endloop
  endfacet
  facet normal 0.000000e+00 0.000000e+00 -1.000000e+00
    outer loop
      vertex   2.235955e-02 6.009025e+01 1.609790e+00
      vertex   1.646155e+01 5.895379e+01 1.609790e+00
      vertex   5.671424e-01 5.895379e+01 1.609790e+00
    endloop
  endfacet
  facet normal 0.000000e+00 0.000000e+00 -1.000000e+00
    outer loop
      vertex   2.235955e-02 6.009025e+01 1.609790e+00
      vertex   5.671424e-01 5.895379e+01 1.609790e+00
      vertex   3.232795e-01 5.897781e+01 1.609790e+00
    endloop
  endfacet
  facet normal 0.000000e+00 0.000000e+00 -1.000000e+00
    outer loop
      vertex   3.232795e-01 5.897781e+01 1.609790e+00
      vertex   8.878811e-02 5.904894e+01 1.609790e+00
      vertex   2.235955e-02 6.009025e+01 1.609790e+00
    endloop
  endfacet
  facet normal 0.000000e+00 -0.000000e+00 -1.000000e+00
    outer loop
      vertex   2.235955e-02 6.009025e+01 1.609790e+00
      vertex   8.878811e-02 5.904894e+01 1.609790e+00
      vertex   -1.273204e-01 5.916446e+01 1.609790e+00
    endloop
  endfacet
  facet normal 0.000000e+00 0.000000e+00 -1.000000e+00
    outer loop
      vertex   2.235955e-02 6.009025e+01 1.609790e+00
      vertex   -1.273204e-01 5.916446e+01 1.609790e+00
      vertex   -3.167411e-01 5.931991e+01 1.609790e+00
    endloop
  endfacet
  facet normal 0.000000e+00 0.000000e+00 -1.000000e+00
    outer loop
      vertex   -3.167411e-01 5.931991e+01 1.609790e+00
      vertex   -4.721946e-01 5.950933e+01 1.609790e+00
      vertex   2.235955e-02 6.009025e+01 1.609790e+00
    endloop
  endfacet
  facet normal 0.000000e+00 0.000000e+00 -1.000000e+00
    outer loop
      vertex   2.235955e-02 6.009025e+01 1.609790e+00
      vertex   -4.721946e-01 5.950933e+01 1.609790e+00
      vertex   -5.877070e-01 5.972544e+01 1.609790e+00
    endloop
  endfacet
  facet normal 0.000000e+00 0.000000e+00 -1.000000e+00
    outer loop
      vertex   2.235955e-02 6.009025e+01 1.609790e+00
      vertex   -5.877070e-01 5.972544e+01 1.609790e+00
      vertex   -6.588392e-01 5.995993e+01 1.609790e+00
    endloop
  endfacet
  facet normal 0.000000e+00 0.000000e+00 -1.000000e+00
    outer loop
      vertex   -6.588392e-01 5.995993e+01 1.609790e+00
      vertex   -6.828576e-01 6.020379e+01 1.609790e+00
      vertex   2.235955e-02 6.009025e+01 1.609790e+00
    endloop
  endfacet
  facet normal 0.000000e+00 0.000000e+00 -1.000000e+00
    outer loop
      vertex   2.235955e-02 6.009025e+01 1.609790e+00
      vertex   -6.828576e-01 6.020379e+01 1.609790e+00
      vertex   -6.828576e-01 8.952937e+01 1.609790e+00
    endloop
  endfacet
  facet normal 0.000000e+00 0.000000e+00 -1.000000e+00
    outer loop
      vertex   -5.877070e-01 9.000773e+01 1.609790e+00
      vertex   -4.721946e-01 9.022383e+01 1.609790e+00
      vertex   2.235955e-02 8.969513e+01 1.609790e+00
    endloop
  endfacet
  facet normal 0.000000e+00 0.000000e+00 -1.000000e+00
    outer loop
      vertex   2.235955e-02 8.969513e+01 1.609790e+00
      vertex   -4.721946e-01 9.022383e+01 1.609790e+00
      vertex   -3.167411e-01 9.041325e+01 1.609790e+00
    endloop
  endfacet
  facet normal 0.000000e+00 0.000000e+00 -1.000000e+00
    outer loop
      vertex   2.235955e-02 8.969513e+01 1.609790e+00
      vertex   -3.167411e-01 9.041325e+01 1.609790e+00
      vertex   -1.273204e-01 9.056871e+01 1.609790e+00
    endloop
  endfacet
  facet normal 0.000000e+00 0.000000e+00 -1.000000e+00
    outer loop
      vertex   -1.273204e-01 9.056871e+01 1.609790e+00
      vertex   8.878811e-02 9.068422e+01 1.609790e+00
      vertex   2.235955e-02 8.969513e+01 1.609790e+00
    endloop
  endfacet
  facet normal 0.000000e+00 0.000000e+00 -1.000000e+00
    outer loop
      vertex   2.235955e-02 8.969513e+01 1.609790e+00
      vertex   8.878811e-02 9.068422e+01 1.609790e+00
      vertex   3.232795e-01 9.075535e+01 1.609790e+00
    endloop
  endfacet
  facet normal 0.000000e+00 0.000000e+00 -1.000000e+00
    outer loop
      vertex   2.235955e-02 8.969513e+01 1.609790e+00
      vertex   3.232795e-01 9.075535e+01 1.609790e+00
      vertex   5.671424e-01 9.077937e+01 1.609790e+00
    endloop
  endfacet
  facet normal 0.000000e+00 -1.000000e+00 0.000000e+00
    outer loop
      vertex   1.737213e+01 8.969513e+01 1.609790e+00
      vertex   1.737213e+01 8.969513e+01 4.380790e+00
      vertex   2.235955e-02 8.969513e+01 1.609790e+00
    endloop
  endfacet
  facet normal 0.000000e+00 -1.000000e+00 0.000000e+00
    outer loop
      vertex   2.235955e-02 8.969513e+01 1.609790e+00
      vertex   1.737213e+01 8.969513e+01 4.380790e+00
      vertex   2.235955e-02 8.969513e+01 8.094700e+00
    endloop
  endfacet
  facet normal 0.000000e+00 -1.000000e+00 0.000000e+00
    outer loop
      vertex   2.235955e-02 8.969513e+01 8.094700e+00
      vertex   1.737213e+01 8.969513e+01 4.380790e+00
      vertex   3.363551e+01 8.969513e+01 8.094700e+00
    endloop
  endfacet
  facet normal 0.000000e+00 -1.000000e+00 0.000000e+00
    outer loop
      vertex   3.363551e+01 8.969513e+01 8.094700e+00
      vertex   1.737213e+01 8.969513e+01 4.380790e+00
      vertex   1.891548e+01 8.969513e+01 4.380790e+00
    endloop
  endfacet
  facet normal 0.000000e+00 -1.000000e+00 -0.000000e+00
    outer loop
      vertex   3.363551e+01 8.969513e+01 8.094700e+00
      vertex   1.891548e+01 8.969513e+01 4.380790e+00
      vertex   3.363551e+01 8.969513e+01 1.609790e+00
    endloop
  endfacet
  facet normal 0.000000e+00 -1.000000e+00 0.000000e+00
    outer loop
      vertex   3.363551e+01 8.969513e+01 1.609790e+00
      vertex   1.891548e+01 8.969513e+01 4.380790e+00
      vertex   1.891548e+01 8.969513e+01 1.609790e+00
    endloop
  endfacet
  facet normal 0.000000e+00 0.000000e+00 -1.000000e+00
    outer loop
      vertex   1.891548e+01 8.969513e+01 1.609790e+00
      vertex   1.908512e+01 8.983039e+01 1.609790e+00
      vertex   3.363551e+01 8.969513e+01 1.609790e+00
    endloop
  endfacet
  facet normal 0.000000e+00 0.000000e+00 -1.000000e+00
    outer loop
      vertex   3.363551e+01 8.969513e+01 1.609790e+00
      vertex   1.908512e+01 8.983039e+01 1.609790e+00
      vertex   1.922372e+01 8.996328e+01 1.609790e+00
    endloop
  endfacet
  facet normal 0.000000e+00 0.000000e+00 -1.000000e+00
    outer loop
      vertex   3.363551e+01 8.969513e+01 1.609790e+00
      vertex   1.922372e+01 8.996328e+01 1.609790e+00
      vertex   1.932468e+01 9.009053e+01 1.609790e+00
    endloop
  endfacet
  facet normal 0.000000e+00 0.000000e+00 -1.000000e+00
    outer loop
      vertex   1.932468e+01 9.009053e+01 1.609790e+00
      vertex   1.939283e+01 9.021212e+01 1.609790e+00
      vertex   3.363551e+01 8.969513e+01 1.609790e+00
    endloop
  endfacet
  facet normal 0.000000e+00 0.000000e+00 -1.000000e+00
    outer loop
      vertex   3.363551e+01 8.969513e+01 1.609790e+00
      vertex   1.939283e+01 9.021212e+01 1.609790e+00
      vertex   3.311194e+01 9.102937e+01 1.609790e+00
    endloop
  endfacet
  facet normal 0.000000e+00 0.000000e+00 -1.000000e+00
    outer loop
      vertex   3.363551e+01 8.969513e+01 1.609790e+00
      vertex   3.311194e+01 9.102937e+01 1.609790e+00
      vertex   3.340457e+01 9.100055e+01 1.609790e+00
    endloop
  endfacet
  facet normal 0.000000e+00 0.000000e+00 -1.000000e+00
    outer loop
      vertex   1.939283e+01 9.021212e+01 1.609790e+00
      vertex   1.946929e+01 9.044995e+01 1.609790e+00
      vertex   3.311194e+01 9.102937e+01 1.609790e+00
    endloop
  endfacet
  facet normal 0.000000e+00 0.000000e+00 -1.000000e+00
    outer loop
      vertex   3.311194e+01 9.102937e+01 1.609790e+00
      vertex   1.946929e+01 9.044995e+01 1.609790e+00
      vertex   1.948637e+01 9.057421e+01 1.609790e+00
    endloop
  endfacet
  facet normal 0.000000e+00 0.000000e+00 -1.000000e+00
    outer loop
      vertex   3.311194e+01 9.102937e+01 1.609790e+00
      vertex   1.948637e+01 9.057421e+01 1.609790e+00
      vertex   1.949274e+01 9.086177e+01 1.609790e+00
    endloop
  endfacet
  facet normal 4.001981e-13 -8.869153e-15 -1.000000e+00
    outer loop
      vertex   1.949274e+01 9.086177e+01 1.609790e+00
      vertex   1.948637e+01 9.057421e+01 1.609790e+00
      vertex   1.948876e+01 9.070709e+01 1.609790e+00
    endloop
  endfacet
  facet normal 0.000000e+00 0.000000e+00 -1.000000e+00
    outer loop
      vertex   1.949274e+01 9.086177e+01 1.609790e+00
      vertex   1.946983e+01 9.102937e+01 1.609790e+00
      vertex   3.311194e+01 9.102937e+01 1.609790e+00
    endloop
  endfacet
  facet normal 0.000000e+00 0.000000e+00 -1.000000e+00
    outer loop
      vertex   3.340457e+01 9.100055e+01 1.609790e+00
      vertex   3.368596e+01 9.091519e+01 1.609790e+00
      vertex   3.363551e+01 8.969513e+01 1.609790e+00
    endloop
  endfacet
  facet normal 0.000000e+00 0.000000e+00 -1.000000e+00
    outer loop
      vertex   3.363551e+01 8.969513e+01 1.609790e+00
      vertex   3.368596e+01 9.091519e+01 1.609790e+00
      vertex   3.394529e+01 9.077658e+01 1.609790e+00
    endloop
  endfacet
  facet normal 0.000000e+00 0.000000e+00 -1.000000e+00
    outer loop
      vertex   3.363551e+01 8.969513e+01 1.609790e+00
      vertex   3.394529e+01 9.077658e+01 1.609790e+00
      vertex   3.417260e+01 9.059003e+01 1.609790e+00
    endloop
  endfacet
  facet normal 0.000000e+00 -0.000000e+00 -1.000000e+00
    outer loop
      vertex   3.417260e+01 9.059003e+01 1.609790e+00
      vertex   3.435914e+01 9.036273e+01 1.609790e+00
      vertex   3.363551e+01 8.969513e+01 1.609790e+00
    endloop
  endfacet
  facet normal 0.000000e+00 0.000000e+00 -1.000000e+00
    outer loop
      vertex   3.363551e+01 8.969513e+01 1.609790e+00
      vertex   3.435914e+01 9.036273e+01 1.609790e+00
      vertex   3.449776e+01 9.010340e+01 1.609790e+00
    endloop
  endfacet
  facet normal 0.000000e+00 0.000000e+00 -1.000000e+00
    outer loop
      vertex   3.363551e+01 8.969513e+01 1.609790e+00
      vertex   3.449776e+01 9.010340e+01 1.609790e+00
      vertex   3.458312e+01 8.982201e+01 1.609790e+00
    endloop
  endfacet
  facet normal 0.000000e+00 -0.000000e+00 -1.000000e+00
    outer loop
      vertex   3.458312e+01 8.982201e+01 1.609790e+00
      vertex   3.461194e+01 8.952937e+01 1.609790e+00
      vertex   3.363551e+01 8.969513e+01 1.609790e+00
    endloop
  endfacet
  facet normal 0.000000e+00 0.000000e+00 -1.000000e+00
    outer loop
      vertex   3.363551e+01 8.969513e+01 1.609790e+00
      vertex   3.461194e+01 8.952937e+01 1.609790e+00
      vertex   3.363551e+01 6.009025e+01 1.609790e+00
    endloop
  endfacet
  facet normal 0.000000e+00 0.000000e+00 -1.000000e+00
    outer loop
      vertex   3.363551e+01 6.009025e+01 1.609790e+00
      vertex   3.461194e+01 8.952937e+01 1.609790e+00
      vertex   3.461194e+01 6.020379e+01 1.609790e+00
    endloop
  endfacet
  facet normal 0.000000e+00 0.000000e+00 -1.000000e+00
    outer loop
      vertex   3.363551e+01 6.009025e+01 1.609790e+00
      vertex   3.461194e+01 6.020379e+01 1.609790e+00
      vertex   3.458312e+01 5.991116e+01 1.609790e+00
    endloop
  endfacet
  facet normal -0.000000e+00 0.000000e+00 -1.000000e+00
    outer loop
      vertex   3.458312e+01 5.991116e+01 1.609790e+00
      vertex   3.449776e+01 5.962977e+01 1.609790e+00
      vertex   3.363551e+01 6.009025e+01 1.609790e+00
    endloop
  endfacet
  facet normal 0.000000e+00 0.000000e+00 -1.000000e+00
    outer loop
      vertex   3.363551e+01 6.009025e+01 1.609790e+00
      vertex   3.449776e+01 5.962977e+01 1.609790e+00
      vertex   3.435914e+01 5.937044e+01 1.609790e+00
    endloop
  endfacet
  facet normal 0.000000e+00 0.000000e+00 -1.000000e+00
    outer loop
      vertex   3.363551e+01 6.009025e+01 1.609790e+00
      vertex   3.435914e+01 5.937044e+01 1.609790e+00
      vertex   3.417260e+01 5.914313e+01 1.609790e+00
    endloop
  endfacet
  facet normal -0.000000e+00 0.000000e+00 -1.000000e+00
    outer loop
      vertex   3.417260e+01 5.914313e+01 1.609790e+00
      vertex   3.394529e+01 5.895659e+01 1.609790e+00
      vertex   3.363551e+01 6.009025e+01 1.609790e+00
    endloop
  endfacet
  facet normal 0.000000e+00 0.000000e+00 -1.000000e+00
    outer loop
      vertex   3.363551e+01 6.009025e+01 1.609790e+00
      vertex   3.394529e+01 5.895659e+01 1.609790e+00
      vertex   3.368596e+01 5.881797e+01 1.609790e+00
    endloop
  endfacet
  facet normal 0.000000e+00 -0.000000e+00 -1.000000e+00
    outer loop
      vertex   3.363551e+01 6.009025e+01 1.609790e+00
      vertex   3.368596e+01 5.881797e+01 1.609790e+00
      vertex   3.340457e+01 5.873262e+01 1.609790e+00
    endloop
  endfacet
  facet normal -0.000000e+00 0.000000e+00 -1.000000e+00
    outer loop
      vertex   3.340457e+01 5.873262e+01 1.609790e+00
      vertex   3.311194e+01 5.870379e+01 1.609790e+00
      vertex   3.363551e+01 6.009025e+01 1.609790e+00
    endloop
  endfacet
  facet normal 0.000000e+00 0.000000e+00 -1.000000e+00
    outer loop
      vertex   3.363551e+01 6.009025e+01 1.609790e+00
      vertex   3.311194e+01 5.870379e+01 1.609790e+00
      vertex   1.944970e+01 5.920700e+01 1.609790e+00
    endloop
  endfacet
  facet normal 0.000000e+00 0.000000e+00 -1.000000e+00
    outer loop
      vertex   3.363551e+01 6.009025e+01 1.609790e+00
      vertex   1.944970e+01 5.920700e+01 1.609790e+00
      vertex   1.941071e+01 5.929321e+01 1.609790e+00
    endloop
  endfacet
  facet normal 0.000000e+00 0.000000e+00 -1.000000e+00
    outer loop
      vertex   1.946603e+01 5.870379e+01 1.609790e+00
      vertex   1.949412e+01 5.892109e+01 1.609790e+00
      vertex   3.311194e+01 5.870379e+01 1.609790e+00
    endloop
  endfacet
  facet normal 0.000000e+00 0.000000e+00 -1.000000e+00
    outer loop
      vertex   3.311194e+01 5.870379e+01 1.609790e+00
      vertex   1.949412e+01 5.892109e+01 1.609790e+00
      vertex   1.947638e+01 5.911668e+01 1.609790e+00
    endloop
  endfacet
  facet normal 0.000000e+00 0.000000e+00 -1.000000e+00
    outer loop
      vertex   3.311194e+01 5.870379e+01 1.609790e+00
      vertex   1.947638e+01 5.911668e+01 1.609790e+00
      vertex   1.944970e+01 5.920700e+01 1.609790e+00
    endloop
  endfacet
  facet normal 0.000000e+00 0.000000e+00 -1.000000e+00
    outer loop
      vertex   1.941071e+01 5.929321e+01 1.609790e+00
      vertex   1.929452e+01 5.945823e+01 1.609790e+00
      vertex   3.363551e+01 6.009025e+01 1.609790e+00
    endloop
  endfacet
  facet normal 0.000000e+00 0.000000e+00 -1.000000e+00
    outer loop
      vertex   3.363551e+01 6.009025e+01 1.609790e+00
      vertex   1.929452e+01 5.945823e+01 1.609790e+00
      vertex   1.912777e+01 5.962258e+01 1.609790e+00
    endloop
  endfacet
  facet normal 0.000000e+00 0.000000e+00 -1.000000e+00
    outer loop
      vertex   3.363551e+01 6.009025e+01 1.609790e+00
      vertex   1.912777e+01 5.962258e+01 1.609790e+00
      vertex   1.891960e+01 5.979163e+01 1.609790e+00
    endloop
  endfacet
  facet normal 0.000000e+00 0.000000e+00 -1.000000e+00
    outer loop
      vertex   1.891960e+01 5.979163e+01 1.609790e+00
      vertex   1.869533e+01 5.995541e+01 1.609790e+00
      vertex   3.363551e+01 6.009025e+01 1.609790e+00
    endloop
  endfacet
  facet normal -0.000000e+00 0.000000e+00 -1.000000e+00
    outer loop
      vertex   3.363551e+01 6.009025e+01 1.609790e+00
      vertex   1.869533e+01 5.995541e+01 1.609790e+00
      vertex   1.849001e+01 6.009025e+01 1.609790e+00
    endloop
  endfacet
  facet normal -9.994658e-01 3.268225e-02 -1.284610e-15
    outer loop
      vertex   1.948876e+01 9.070709e+01 2.694422e+00
      vertex   1.949343e+01 9.084975e+01 2.667095e+00
      vertex   1.948876e+01 9.070709e+01 1.609790e+00
    endloop
  endfacet
  facet normal -9.996682e-01 2.574047e-02 9.375118e-04
    outer loop
      vertex   1.948876e+01 9.070709e+01 1.609790e+00
      vertex   1.949343e+01 9.084975e+01 2.667095e+00
      vertex   1.949274e+01 9.086177e+01 1.609790e+00
    endloop
  endfacet
  facet normal -9.914614e-01 -1.303977e-01 -8.427110e-04
    outer loop
      vertex   1.949274e+01 9.086177e+01 1.609790e+00
      vertex   1.949343e+01 9.084975e+01 2.667095e+00
      vertex   1.946983e+01 9.102937e+01 2.632686e+00
    endloop
  endfacet
  facet normal -9.907844e-01 -1.354482e-01 -1.186096e-18
    outer loop
      vertex   1.949274e+01 9.086177e+01 1.609790e+00
      vertex   1.946983e+01 9.102937e+01 2.632686e+00
      vertex   1.946983e+01 9.102937e+01 1.609790e+00
    endloop
  endfacet
  facet normal -5.512740e-16 1.881409e-01 9.821420e-01
    outer loop
      vertex   1.949343e+01 9.084975e+01 2.667095e+00
      vertex   1.948876e+01 9.070709e+01 2.694422e+00
      vertex   3.049417e+01 9.102937e+01 2.632686e+00
    endloop
  endfacet
  facet normal 5.510161e-16 1.881409e-01 9.821420e-01
    outer loop
      vertex   3.049417e+01 9.102937e+01 2.632686e+00
      vertex   1.948876e+01 9.070709e+01 2.694422e+00
      vertex   1.948424e+01 9.055053e+01 2.724414e+00
    endloop
  endfacet
  facet normal 3.351575e-16 1.881409e-01 9.821420e-01
    outer loop
      vertex   3.049417e+01 9.102937e+01 2.632686e+00
      vertex   1.948424e+01 9.055053e+01 2.724414e+00
      vertex   3.451164e+01 9.006630e+01 2.817173e+00
    endloop
  endfacet
  facet normal -8.494780e-16 1.881409e-01 9.821420e-01
    outer loop
      vertex   3.451164e+01 9.006630e+01 2.817173e+00
      vertex   1.948424e+01 9.055053e+01 2.724414e+00
      vertex   1.945472e+01 9.038575e+01 2.755979e+00
    endloop
  endfacet
  facet normal -8.852104e-16 1.881409e-01 9.821420e-01
    outer loop
      vertex   3.451164e+01 9.006630e+01 2.817173e+00
      vertex   1.945472e+01 9.038575e+01 2.755979e+00
      vertex   1.939719e+01 9.022158e+01 2.787427e+00
    endloop
  endfacet
  facet normal -3.228439e-20 1.881409e-01 9.821420e-01
    outer loop
      vertex   1.939719e+01 9.022158e+01 2.787427e+00
      vertex   1.930794e+01 9.006630e+01 2.817173e+00
      vertex   3.451164e+01 9.006630e+01 2.817173e+00
    endloop
  endfacet
  facet normal 0.000000e+00 1.881409e-01 9.821420e-01
    outer loop
      vertex   3.049417e+01 9.102937e+01 2.632686e+00
      vertex   1.946983e+01 9.102937e+01 2.632686e+00
      vertex   1.949343e+01 9.084975e+01 2.667095e+00
    endloop
  endfacet
  facet normal 0.000000e+00 0.000000e+00 -1.000000e+00
    outer loop
      vertex   1.929510e+01 9.004877e+01 4.380454e+00
      vertex   1.937930e+01 9.018430e+01 4.380454e+00
      vertex   3.451914e+01 9.004877e+01 4.380454e+00
    endloop
  endfacet
  facet normal 0.000000e+00 0.000000e+00 -1.000000e+00
    outer loop
      vertex   3.451914e+01 9.004877e+01 4.380454e+00
      vertex   1.937930e+01 9.018430e+01 4.380454e+00
      vertex   3.440806e+01 9.028440e+01 4.380454e+00
    endloop
  endfacet
  facet normal 6.795945e-17 -1.020349e-14 -1.000000e+00
    outer loop
      vertex   3.440806e+01 9.028440e+01 4.380454e+00
      vertex   1.937930e+01 9.018430e+01 4.380454e+00
      vertex   1.941799e+01 9.027160e+01 4.380454e+00
    endloop
  endfacet
  facet normal 5.926771e-17 -1.942399e-17 -1.000000e+00
    outer loop
      vertex   3.440806e+01 9.028440e+01 4.380454e+00
      vertex   1.941799e+01 9.027160e+01 4.380454e+00
      vertex   1.945196e+01 9.037523e+01 4.380454e+00
    endloop
  endfacet
  facet normal 5.964122e-17 4.207761e-17 -1.000000e+00
    outer loop
      vertex   3.440806e+01 9.028440e+01 4.380454e+00
      vertex   1.945196e+01 9.037523e+01 4.380454e+00
      vertex   3.425789e+01 9.049726e+01 4.380454e+00
    endloop
  endfacet
  facet normal 3.682136e-18 6.831657e-15 -1.000000e+00
    outer loop
      vertex   3.425789e+01 9.049726e+01 4.380454e+00
      vertex   1.945196e+01 9.037523e+01 4.380454e+00
      vertex   1.947907e+01 9.050522e+01 4.380454e+00
    endloop
  endfacet
  facet normal 0.000000e+00 0.000000e+00 -1.000000e+00
    outer loop
      vertex   3.425789e+01 9.049726e+01 4.380454e+00
      vertex   1.947907e+01 9.050522e+01 4.380454e+00
      vertex   3.407315e+01 9.068092e+01 4.380454e+00
    endloop
  endfacet
  facet normal -6.694264e-17 5.560369e-15 -1.000000e+00
    outer loop
      vertex   3.407315e+01 9.068092e+01 4.380454e+00
      vertex   1.947907e+01 9.050522e+01 4.380454e+00
      vertex   1.948978e+01 9.066508e+01 4.380454e+00
    endloop
  endfacet
  facet normal -6.080872e-17 -8.726285e-17 -1.000000e+00
    outer loop
      vertex   3.407315e+01 9.068092e+01 4.380454e+00
      vertex   1.948978e+01 9.066508e+01 4.380454e+00
      vertex   3.385942e+01 9.082986e+01 4.380454e+00
    endloop
  endfacet
  facet normal -6.175279e-17 -4.932741e-18 -1.000000e+00
    outer loop
      vertex   3.385942e+01 9.082986e+01 4.380454e+00
      vertex   1.948978e+01 9.066508e+01 4.380454e+00
      vertex   1.947520e+01 9.084750e+01 4.380454e+00
    endloop
  endfacet
  facet normal -6.191027e-17 -1.333284e-16 -1.000000e+00
    outer loop
      vertex   3.385942e+01 9.082986e+01 4.380454e+00
      vertex   1.947520e+01 9.084750e+01 4.380454e+00
      vertex   3.362315e+01 9.093957e+01 4.380454e+00
    endloop
  endfacet
  facet normal -6.053532e-17 -3.446137e-16 -1.000000e+00
    outer loop
      vertex   3.362315e+01 9.093957e+01 4.380454e+00
      vertex   1.947520e+01 9.084750e+01 4.380454e+00
      vertex   3.311194e+01 9.102937e+01 4.380454e+00
    endloop
  endfacet
  facet normal 0.000000e+00 0.000000e+00 -1.000000e+00
    outer loop
      vertex   3.362315e+01 9.093957e+01 4.380454e+00
      vertex   3.311194e+01 9.102937e+01 4.380454e+00
      vertex   3.337146e+01 9.100675e+01 4.380454e+00
    endloop
  endfacet
  facet normal 0.000000e+00 -4.883632e-15 -1.000000e+00
    outer loop
      vertex   1.947520e+01 9.084750e+01 4.380454e+00
      vertex   1.943803e+01 9.102937e+01 4.380454e+00
      vertex   3.311194e+01 9.102937e+01 4.380454e+00
    endloop
  endfacet
  facet normal 0.000000e+00 0.000000e+00 1.000000e+00
    outer loop
      vertex   1.929510e+01 9.004877e+01 2.817173e+00
      vertex   3.451481e+01 9.006035e+01 2.817173e+00
      vertex   1.930794e+01 9.006630e+01 2.817173e+00
    endloop
  endfacet
  facet normal 0.000000e+00 0.000000e+00 1.000000e+00
    outer loop
      vertex   1.930794e+01 9.006630e+01 2.817173e+00
      vertex   3.451481e+01 9.006035e+01 2.817173e+00
      vertex   3.451261e+01 9.006613e+01 2.817173e+00
    endloop
  endfacet
  facet normal -0.000000e+00 0.000000e+00 1.000000e+00
    outer loop
      vertex   1.930794e+01 9.006630e+01 2.817173e+00
      vertex   3.451261e+01 9.006613e+01 2.817173e+00
      vertex   3.451164e+01 9.006630e+01 2.817173e+00
    endloop
  endfacet
  facet normal 0.000000e+00 0.000000e+00 1.000000e+00
    outer loop
      vertex   3.451914e+01 9.004877e+01 2.817173e+00
      vertex   3.451699e+01 9.005456e+01 2.817173e+00
      vertex   1.929510e+01 9.004877e+01 2.817173e+00
    endloop
  endfacet
  facet normal 0.000000e+00 0.000000e+00 1.000000e+00
    outer loop
      vertex   1.929510e+01 9.004877e+01 2.817173e+00
      vertex   3.451699e+01 9.005456e+01 2.817173e+00
      vertex   3.451481e+01 9.006035e+01 2.817173e+00
    endloop
  endfacet
  facet normal 0.000000e+00 1.000000e+00 0.000000e+00
    outer loop
      vertex   1.929510e+01 9.004877e+01 2.817173e+00
      vertex   1.929510e+01 9.004877e+01 4.380454e+00
      vertex   3.451914e+01 9.004877e+01 2.817173e+00
    endloop
  endfacet
  facet normal 0.000000e+00 1.000000e+00 -0.000000e+00
    outer loop
      vertex   3.451914e+01 9.004877e+01 2.817173e+00
      vertex   1.929510e+01 9.004877e+01 4.380454e+00
      vertex   3.451914e+01 9.004877e+01 4.380454e+00
    endloop
  endfacet
  facet normal 5.162021e-04 -9.514624e-01 -3.077647e-01
    outer loop
      vertex   1.621477e+01 5.872322e+01 1.763158e+00
      vertex   1.620097e+01 5.871033e+01 1.803000e+00
      vertex   1.513701e+01 5.871231e+01 1.795086e+00
    endloop
  endfacet
  facet normal -4.178358e-04 -9.818209e-01 -1.898094e-01
    outer loop
      vertex   1.513701e+01 5.871231e+01 1.795086e+00
      vertex   1.620097e+01 5.871033e+01 1.803000e+00
      vertex   1.620094e+01 5.870670e+01 1.821745e+00
    endloop
  endfacet
  facet normal -2.370370e-03 -9.934398e-01 -1.143320e-01
    outer loop
      vertex   1.513701e+01 5.871231e+01 1.795086e+00
      vertex   1.620094e+01 5.870670e+01 1.821745e+00
      vertex   1.620092e+01 5.870452e+01 1.840712e+00
    endloop
  endfacet
  facet normal -0.000000e+00 -9.992707e-01 -3.818417e-02
    outer loop
      vertex   1.620091e+01 5.870379e+01 1.859790e+00
      vertex   5.671424e-01 5.870379e+01 1.859790e+00
      vertex   1.620092e+01 5.870452e+01 1.840712e+00
    endloop
  endfacet
  facet normal -1.326831e-04 -9.892065e-01 -1.465280e-01
    outer loop
      vertex   1.620092e+01 5.870452e+01 1.840712e+00
      vertex   5.671424e-01 5.870379e+01 1.859790e+00
      vertex   8.514344e+00 5.871231e+01 1.795086e+00
    endloop
  endfacet
  facet normal 6.862587e-20 -9.857378e-01 -1.682885e-01
    outer loop
      vertex   1.620092e+01 5.870452e+01 1.840712e+00
      vertex   8.514344e+00 5.871231e+01 1.795086e+00
      vertex   9.838878e+00 5.871231e+01 1.795086e+00
    endloop
  endfacet
  facet normal -0.000000e+00 -9.238795e-01 -3.826834e-01
    outer loop
      vertex   9.838878e+00 5.871231e+01 1.795086e+00
      vertex   8.514344e+00 5.871231e+01 1.795086e+00
      vertex   9.838878e+00 5.873729e+01 1.734790e+00
    endloop
  endfacet
  facet normal -6.194265e-21 -9.238795e-01 -3.826834e-01
    outer loop
      vertex   9.838878e+00 5.871231e+01 1.795086e+00
      vertex   9.838878e+00 5.873729e+01 1.734790e+00
      vertex   1.116341e+01 5.873729e+01 1.734790e+00
    endloop
  endfacet
  facet normal -0.000000e+00 -7.933533e-01 -6.087614e-01
    outer loop
      vertex   1.116341e+01 5.873729e+01 1.734790e+00
      vertex   9.838878e+00 5.873729e+01 1.734790e+00
      vertex   1.116341e+01 5.877702e+01 1.683014e+00
    endloop
  endfacet
  facet normal -2.455039e-18 -7.933533e-01 -6.087614e-01
    outer loop
      vertex   1.116341e+01 5.873729e+01 1.734790e+00
      vertex   1.116341e+01 5.877702e+01 1.683014e+00
      vertex   1.248795e+01 5.877702e+01 1.683014e+00
    endloop
  endfacet
  facet normal -0.000000e+00 -6.087614e-01 -7.933533e-01
    outer loop
      vertex   1.248795e+01 5.877702e+01 1.683014e+00
      vertex   1.116341e+01 5.877702e+01 1.683014e+00
      vertex   1.248795e+01 5.882879e+01 1.643284e+00
    endloop
  endfacet
  facet normal -3.001796e-19 -6.087614e-01 -7.933533e-01
    outer loop
      vertex   1.248795e+01 5.877702e+01 1.683014e+00
      vertex   1.248795e+01 5.882879e+01 1.643284e+00
      vertex   1.381248e+01 5.882879e+01 1.643284e+00
    endloop
  endfacet
  facet normal -0.000000e+00 -3.826834e-01 -9.238795e-01
    outer loop
      vertex   1.381248e+01 5.882879e+01 1.643284e+00
      vertex   1.248795e+01 5.882879e+01 1.643284e+00
      vertex   1.381248e+01 5.888909e+01 1.618309e+00
    endloop
  endfacet
  facet normal -3.091832e-16 -3.826834e-01 -9.238795e-01
    outer loop
      vertex   1.381248e+01 5.882879e+01 1.643284e+00
      vertex   1.381248e+01 5.888909e+01 1.618309e+00
      vertex   1.513701e+01 5.888909e+01 1.618309e+00
    endloop
  endfacet
  facet normal -3.324113e-16 -1.305262e-01 -9.914449e-01
    outer loop
      vertex   1.513701e+01 5.888909e+01 1.618309e+00
      vertex   1.381248e+01 5.888909e+01 1.618309e+00
      vertex   1.646155e+01 5.895379e+01 1.609790e+00
    endloop
  endfacet
  facet normal 1.912416e-03 -1.689086e-01 -9.856299e-01
    outer loop
      vertex   1.513701e+01 5.888909e+01 1.618309e+00
      vertex   1.646155e+01 5.895379e+01 1.609790e+00
      vertex   1.637347e+01 5.887150e+01 1.623721e+00
    endloop
  endfacet
  facet normal 1.750511e-16 -9.914449e-01 -1.305262e-01
    outer loop
      vertex   5.671424e-01 5.871231e+01 1.795086e+00
      vertex   1.891676e+00 5.871231e+01 1.795086e+00
      vertex   5.671424e-01 5.870379e+01 1.859790e+00
    endloop
  endfacet
  facet normal -6.915431e-21 -9.914449e-01 -1.305262e-01
    outer loop
      vertex   5.671424e-01 5.870379e+01 1.859790e+00
      vertex   1.891676e+00 5.871231e+01 1.795086e+00
      vertex   3.216210e+00 5.871231e+01 1.795086e+00
    endloop
  endfacet
  facet normal -6.915431e-21 -9.914449e-01 -1.305262e-01
    outer loop
      vertex   5.671424e-01 5.870379e+01 1.859790e+00
      vertex   3.216210e+00 5.871231e+01 1.795086e+00
      vertex   4.540743e+00 5.871231e+01 1.795086e+00
    endloop
  endfacet
  facet normal -0.000000e+00 -9.238795e-01 -3.826834e-01
    outer loop
      vertex   4.540743e+00 5.871231e+01 1.795086e+00
      vertex   3.216210e+00 5.871231e+01 1.795086e+00
      vertex   4.540743e+00 5.873729e+01 1.734790e+00
    endloop
  endfacet
  facet normal 6.484033e-17 -9.238795e-01 -3.826834e-01
    outer loop
      vertex   4.540743e+00 5.871231e+01 1.795086e+00
      vertex   4.540743e+00 5.873729e+01 1.734790e+00
      vertex   5.865277e+00 5.873729e+01 1.734790e+00
    endloop
  endfacet
  facet normal 1.020527e-16 -7.933533e-01 -6.087614e-01
    outer loop
      vertex   5.865277e+00 5.873729e+01 1.734790e+00
      vertex   4.540743e+00 5.873729e+01 1.734790e+00
      vertex   5.865277e+00 5.877702e+01 1.683014e+00
    endloop
  endfacet
  facet normal 2.016503e-16 -7.933533e-01 -6.087614e-01
    outer loop
      vertex   5.865277e+00 5.873729e+01 1.734790e+00
      vertex   5.865277e+00 5.877702e+01 1.683014e+00
      vertex   7.189811e+00 5.877702e+01 1.683014e+00
    endloop
  endfacet
  facet normal 2.659953e-16 -6.087614e-01 -7.933533e-01
    outer loop
      vertex   7.189811e+00 5.877702e+01 1.683014e+00
      vertex   5.865277e+00 5.877702e+01 1.683014e+00
      vertex   7.189811e+00 5.882879e+01 1.643284e+00
    endloop
  endfacet
  facet normal 2.256798e-18 -6.087614e-01 -7.933533e-01
    outer loop
      vertex   7.189811e+00 5.877702e+01 1.683014e+00
      vertex   7.189811e+00 5.882879e+01 1.643284e+00
      vertex   8.514344e+00 5.882879e+01 1.643284e+00
    endloop
  endfacet
  facet normal -0.000000e+00 -3.826834e-01 -9.238795e-01
    outer loop
      vertex   8.514344e+00 5.882879e+01 1.643284e+00
      vertex   7.189811e+00 5.882879e+01 1.643284e+00
      vertex   8.514344e+00 5.888909e+01 1.618309e+00
    endloop
  endfacet
  facet normal 5.748281e-19 -3.826834e-01 -9.238795e-01
    outer loop
      vertex   8.514344e+00 5.882879e+01 1.643284e+00
      vertex   8.514344e+00 5.888909e+01 1.618309e+00
      vertex   9.838878e+00 5.888909e+01 1.618309e+00
    endloop
  endfacet
  facet normal -0.000000e+00 -1.305262e-01 -9.914449e-01
    outer loop
      vertex   9.838878e+00 5.888909e+01 1.618309e+00
      vertex   8.514344e+00 5.888909e+01 1.618309e+00
      vertex   1.646155e+01 5.895379e+01 1.609790e+00
    endloop
  endfacet
  facet normal -1.662057e-16 -1.305262e-01 -9.914449e-01
    outer loop
      vertex   9.838878e+00 5.888909e+01 1.618309e+00
      vertex   1.646155e+01 5.895379e+01 1.609790e+00
      vertex   1.116341e+01 5.888909e+01 1.618309e+00
    endloop
  endfacet
  facet normal 0.000000e+00 -1.305262e-01 -9.914449e-01
    outer loop
      vertex   1.116341e+01 5.888909e+01 1.618309e+00
      vertex   1.646155e+01 5.895379e+01 1.609790e+00
      vertex   1.248795e+01 5.888909e+01 1.618309e+00
    endloop
  endfacet
  facet normal 0.000000e+00 -3.826834e-01 -9.238795e-01
    outer loop
      vertex   1.116341e+01 5.888909e+01 1.618309e+00
      vertex   1.248795e+01 5.888909e+01 1.618309e+00
      vertex   1.116341e+01 5.882879e+01 1.643284e+00
    endloop
  endfacet
  facet normal 0.000000e+00 -3.826834e-01 -9.238795e-01
    outer loop
      vertex   1.116341e+01 5.882879e+01 1.643284e+00
      vertex   1.248795e+01 5.888909e+01 1.618309e+00
      vertex   1.248795e+01 5.882879e+01 1.643284e+00
    endloop
  endfacet
  facet normal 0.000000e+00 -6.087614e-01 -7.933533e-01
    outer loop
      vertex   1.116341e+01 5.882879e+01 1.643284e+00
      vertex   1.248795e+01 5.882879e+01 1.643284e+00
      vertex   1.116341e+01 5.877702e+01 1.683014e+00
    endloop
  endfacet
  facet normal 5.132239e-16 -9.238795e-01 -3.826834e-01
    outer loop
      vertex   1.891676e+00 5.871231e+01 1.795086e+00
      vertex   5.671424e-01 5.871231e+01 1.795086e+00
      vertex   1.891676e+00 5.873729e+01 1.734790e+00
    endloop
  endfacet
  facet normal 3.207649e-16 -9.238795e-01 -3.826834e-01
    outer loop
      vertex   1.891676e+00 5.873729e+01 1.734790e+00
      vertex   5.671424e-01 5.871231e+01 1.795086e+00
      vertex   5.671424e-01 5.873729e+01 1.734790e+00
    endloop
  endfacet
  facet normal 5.102633e-16 -7.933533e-01 -6.087614e-01
    outer loop
      vertex   1.891676e+00 5.873729e+01 1.734790e+00
      vertex   5.671424e-01 5.873729e+01 1.734790e+00
      vertex   1.891676e+00 5.877702e+01 1.683014e+00
    endloop
  endfacet
  facet normal 8.164213e-16 -7.933533e-01 -6.087614e-01
    outer loop
      vertex   1.891676e+00 5.877702e+01 1.683014e+00
      vertex   5.671424e-01 5.873729e+01 1.734790e+00
      vertex   5.671424e-01 5.877702e+01 1.683014e+00
    endloop
  endfacet
  facet normal 1.063981e-15 -6.087614e-01 -7.933533e-01
    outer loop
      vertex   1.891676e+00 5.877702e+01 1.683014e+00
      vertex   5.671424e-01 5.877702e+01 1.683014e+00
      vertex   1.891676e+00 5.882879e+01 1.643284e+00
    endloop
  endfacet
  facet normal 2.260960e-15 -6.087614e-01 -7.933533e-01
    outer loop
      vertex   1.891676e+00 5.882879e+01 1.643284e+00
      vertex   5.671424e-01 5.877702e+01 1.683014e+00
      vertex   5.671424e-01 5.882879e+01 1.643284e+00
    endloop
  endfacet
  facet normal 2.632943e-15 -3.826834e-01 -9.238795e-01
    outer loop
      vertex   1.891676e+00 5.882879e+01 1.643284e+00
      vertex   5.671424e-01 5.882879e+01 1.643284e+00
      vertex   1.891676e+00 5.888909e+01 1.618309e+00
    endloop
  endfacet
  facet normal 3.097580e-15 -3.826834e-01 -9.238795e-01
    outer loop
      vertex   1.891676e+00 5.888909e+01 1.618309e+00
      vertex   5.671424e-01 5.882879e+01 1.643284e+00
      vertex   5.671424e-01 5.888909e+01 1.618309e+00
    endloop
  endfacet
  facet normal 3.324113e-15 -1.305262e-01 -9.914449e-01
    outer loop
      vertex   1.891676e+00 5.888909e+01 1.618309e+00
      vertex   5.671424e-01 5.888909e+01 1.618309e+00
      vertex   5.671424e-01 5.895379e+01 1.609790e+00
    endloop
  endfacet
  facet normal -0.000000e+00 -1.305262e-01 -9.914449e-01
    outer loop
      vertex   1.646155e+01 5.895379e+01 1.609790e+00
      vertex   8.514344e+00 5.888909e+01 1.618309e+00
      vertex   5.671424e-01 5.895379e+01 1.609790e+00
    endloop
  endfacet
  facet normal 2.814145e-19 -1.305262e-01 -9.914449e-01
    outer loop
      vertex   5.671424e-01 5.895379e+01 1.609790e+00
      vertex   8.514344e+00 5.888909e+01 1.618309e+00
      vertex   7.189811e+00 5.888909e+01 1.618309e+00
    endloop
  endfacet
  facet normal -1.659242e-16 -1.305262e-01 -9.914449e-01
    outer loop
      vertex   5.671424e-01 5.895379e+01 1.609790e+00
      vertex   7.189811e+00 5.888909e+01 1.618309e+00
      vertex   5.865277e+00 5.888909e+01 1.618309e+00
    endloop
  endfacet
  facet normal -1.548790e-16 -3.826834e-01 -9.238795e-01
    outer loop
      vertex   5.865277e+00 5.888909e+01 1.618309e+00
      vertex   7.189811e+00 5.888909e+01 1.618309e+00
      vertex   5.865277e+00 5.882879e+01 1.643284e+00
    endloop
  endfacet
  facet normal -7.154435e-20 -3.826834e-01 -9.238795e-01
    outer loop
      vertex   5.865277e+00 5.888909e+01 1.618309e+00
      vertex   5.865277e+00 5.882879e+01 1.643284e+00
      vertex   4.540743e+00 5.882879e+01 1.643284e+00
    endloop
  endfacet
  facet normal 0.000000e+00 -6.087614e-01 -7.933533e-01
    outer loop
      vertex   4.540743e+00 5.882879e+01 1.643284e+00
      vertex   5.865277e+00 5.882879e+01 1.643284e+00
      vertex   4.540743e+00 5.877702e+01 1.683014e+00
    endloop
  endfacet
  facet normal 2.353806e-18 -6.087614e-01 -7.933533e-01
    outer loop
      vertex   4.540743e+00 5.882879e+01 1.643284e+00
      vertex   4.540743e+00 5.877702e+01 1.683014e+00
      vertex   3.216210e+00 5.877702e+01 1.683014e+00
    endloop
  endfacet
  facet normal 0.000000e+00 -7.933533e-01 -6.087614e-01
    outer loop
      vertex   3.216210e+00 5.877702e+01 1.683014e+00
      vertex   4.540743e+00 5.877702e+01 1.683014e+00
      vertex   3.216210e+00 5.873729e+01 1.734790e+00
    endloop
  endfacet
  facet normal -7.413312e-19 -7.933533e-01 -6.087614e-01
    outer loop
      vertex   3.216210e+00 5.877702e+01 1.683014e+00
      vertex   3.216210e+00 5.873729e+01 1.734790e+00
      vertex   1.891676e+00 5.873729e+01 1.734790e+00
    endloop
  endfacet
  facet normal 0.000000e+00 -9.238795e-01 -3.826834e-01
    outer loop
      vertex   1.891676e+00 5.873729e+01 1.734790e+00
      vertex   3.216210e+00 5.873729e+01 1.734790e+00
      vertex   1.891676e+00 5.871231e+01 1.795086e+00
    endloop
  endfacet
  facet normal -1.398042e-03 -3.826831e-01 -9.238786e-01
    outer loop
      vertex   1.513701e+01 5.888909e+01 1.618309e+00
      vertex   1.637347e+01 5.887150e+01 1.623721e+00
      vertex   1.513701e+01 5.882879e+01 1.643284e+00
    endloop
  endfacet
  facet normal -4.041655e-04 -4.067247e-01 -9.135507e-01
    outer loop
      vertex   1.513701e+01 5.882879e+01 1.643284e+00
      vertex   1.637347e+01 5.887150e+01 1.623721e+00
      vertex   1.633254e+01 5.883325e+01 1.640769e+00
    endloop
  endfacet
  facet normal 3.162407e-04 -5.540716e-01 -8.324689e-01
    outer loop
      vertex   1.513701e+01 5.882879e+01 1.643284e+00
      vertex   1.633254e+01 5.883325e+01 1.640769e+00
      vertex   1.629522e+01 5.879839e+01 1.663962e+00
    endloop
  endfacet
  facet normal -1.817893e-03 -6.087604e-01 -7.933520e-01
    outer loop
      vertex   1.513701e+01 5.882879e+01 1.643284e+00
      vertex   1.629522e+01 5.879839e+01 1.663962e+00
      vertex   1.513701e+01 5.877702e+01 1.683014e+00
    endloop
  endfacet
  facet normal 6.694012e-04 -6.854283e-01 -7.281398e-01
    outer loop
      vertex   1.513701e+01 5.877702e+01 1.683014e+00
      vertex   1.629522e+01 5.879839e+01 1.663962e+00
      vertex   1.626257e+01 5.876788e+01 1.692650e+00
    endloop
  endfacet
  facet normal -1.290259e-03 -7.965333e-01 -6.045933e-01
    outer loop
      vertex   1.513701e+01 5.877702e+01 1.683014e+00
      vertex   1.626257e+01 5.876788e+01 1.692650e+00
      vertex   1.623550e+01 5.874259e+01 1.726027e+00
    endloop
  endfacet
  facet normal -1.027384e-03 -7.933529e-01 -6.087611e-01
    outer loop
      vertex   1.513701e+01 5.877702e+01 1.683014e+00
      vertex   1.623550e+01 5.874259e+01 1.726027e+00
      vertex   1.513701e+01 5.873729e+01 1.734790e+00
    endloop
  endfacet
  facet normal 5.931523e-04 -8.867990e-01 -4.621550e-01
    outer loop
      vertex   1.513701e+01 5.873729e+01 1.734790e+00
      vertex   1.623550e+01 5.874259e+01 1.726027e+00
      vertex   1.621477e+01 5.872322e+01 1.763158e+00
    endloop
  endfacet
  facet normal -1.982456e-03 -9.238777e-01 -3.826827e-01
    outer loop
      vertex   1.513701e+01 5.873729e+01 1.734790e+00
      vertex   1.621477e+01 5.872322e+01 1.763158e+00
      vertex   1.513701e+01 5.871231e+01 1.795086e+00
    endloop
  endfacet
  facet normal -0.000000e+00 -9.238795e-01 -3.826834e-01
    outer loop
      vertex   4.540743e+00 5.873729e+01 1.734790e+00
      vertex   3.216210e+00 5.871231e+01 1.795086e+00
      vertex   3.216210e+00 5.873729e+01 1.734790e+00
    endloop
  endfacet
  facet normal 6.873374e-19 -9.238795e-01 -3.826834e-01
    outer loop
      vertex   3.216210e+00 5.873729e+01 1.734790e+00
      vertex   3.216210e+00 5.871231e+01 1.795086e+00
      vertex   1.891676e+00 5.871231e+01 1.795086e+00
    endloop
  endfacet
  facet normal 0.000000e+00 -9.914449e-01 -1.305262e-01
    outer loop
      vertex   4.540743e+00 5.871231e+01 1.795086e+00
      vertex   5.865277e+00 5.871231e+01 1.795086e+00
      vertex   5.671424e-01 5.870379e+01 1.859790e+00
    endloop
  endfacet
  facet normal -6.915431e-21 -9.914449e-01 -1.305262e-01
    outer loop
      vertex   5.671424e-01 5.870379e+01 1.859790e+00
      vertex   5.865277e+00 5.871231e+01 1.795086e+00
      vertex   7.189811e+00 5.871231e+01 1.795086e+00
    endloop
  endfacet
  facet normal -6.915431e-21 -9.914449e-01 -1.305262e-01
    outer loop
      vertex   5.671424e-01 5.870379e+01 1.859790e+00
      vertex   7.189811e+00 5.871231e+01 1.795086e+00
      vertex   8.514344e+00 5.871231e+01 1.795086e+00
    endloop
  endfacet
  facet normal -0.000000e+00 -9.238795e-01 -3.826834e-01
    outer loop
      vertex   8.514344e+00 5.871231e+01 1.795086e+00
      vertex   7.189811e+00 5.871231e+01 1.795086e+00
      vertex   8.514344e+00 5.873729e+01 1.734790e+00
    endloop
  endfacet
  facet normal 1.279260e-16 -9.238795e-01 -3.826834e-01
    outer loop
      vertex   8.514344e+00 5.871231e+01 1.795086e+00
      vertex   8.514344e+00 5.873729e+01 1.734790e+00
      vertex   9.838878e+00 5.873729e+01 1.734790e+00
    endloop
  endfacet
  facet normal 2.041053e-16 -7.933533e-01 -6.087614e-01
    outer loop
      vertex   9.838878e+00 5.873729e+01 1.734790e+00
      vertex   8.514344e+00 5.873729e+01 1.734790e+00
      vertex   9.838878e+00 5.877702e+01 1.683014e+00
    endloop
  endfacet
  facet normal -2.455039e-18 -7.933533e-01 -6.087614e-01
    outer loop
      vertex   9.838878e+00 5.873729e+01 1.734790e+00
      vertex   9.838878e+00 5.877702e+01 1.683014e+00
      vertex   1.116341e+01 5.877702e+01 1.683014e+00
    endloop
  endfacet
  facet normal -0.000000e+00 -6.087614e-01 -7.933533e-01
    outer loop
      vertex   1.116341e+01 5.877702e+01 1.683014e+00
      vertex   9.838878e+00 5.877702e+01 1.683014e+00
      vertex   1.116341e+01 5.882879e+01 1.643284e+00
    endloop
  endfacet
  facet normal 0.000000e+00 -9.238795e-01 -3.826834e-01
    outer loop
      vertex   4.540743e+00 5.871231e+01 1.795086e+00
      vertex   5.865277e+00 5.873729e+01 1.734790e+00
      vertex   5.865277e+00 5.871231e+01 1.795086e+00
    endloop
  endfacet
  facet normal -3.799978e-19 -9.238795e-01 -3.826834e-01
    outer loop
      vertex   5.865277e+00 5.871231e+01 1.795086e+00
      vertex   5.865277e+00 5.873729e+01 1.734790e+00
      vertex   7.189811e+00 5.873729e+01 1.734790e+00
    endloop
  endfacet
  facet normal 0.000000e+00 -9.238795e-01 -3.826834e-01
    outer loop
      vertex   5.865277e+00 5.871231e+01 1.795086e+00
      vertex   7.189811e+00 5.873729e+01 1.734790e+00
      vertex   7.189811e+00 5.871231e+01 1.795086e+00
    endloop
  endfacet
  facet normal -3.799978e-19 -9.238795e-01 -3.826834e-01
    outer loop
      vertex   7.189811e+00 5.871231e+01 1.795086e+00
      vertex   7.189811e+00 5.873729e+01 1.734790e+00
      vertex   8.514344e+00 5.873729e+01 1.734790e+00
    endloop
  endfacet
  facet normal -2.821186e-17 -9.857378e-01 -1.682885e-01
    outer loop
      vertex   9.838878e+00 5.871231e+01 1.795086e+00
      vertex   1.116341e+01 5.871231e+01 1.795086e+00
      vertex   1.620092e+01 5.870452e+01 1.840712e+00
    endloop
  endfacet
  facet normal 1.518254e-19 -9.857378e-01 -1.682885e-01
    outer loop
      vertex   1.620092e+01 5.870452e+01 1.840712e+00
      vertex   1.116341e+01 5.871231e+01 1.795086e+00
      vertex   1.248795e+01 5.871231e+01 1.795086e+00
    endloop
  endfacet
  facet normal 1.518254e-19 -9.857378e-01 -1.682885e-01
    outer loop
      vertex   1.620092e+01 5.870452e+01 1.840712e+00
      vertex   1.248795e+01 5.871231e+01 1.795086e+00
      vertex   1.381248e+01 5.871231e+01 1.795086e+00
    endloop
  endfacet
  facet normal -0.000000e+00 -9.238795e-01 -3.826834e-01
    outer loop
      vertex   1.381248e+01 5.871231e+01 1.795086e+00
      vertex   1.248795e+01 5.871231e+01 1.795086e+00
      vertex   1.381248e+01 5.873729e+01 1.734790e+00
    endloop
  endfacet
  facet normal 3.676093e-19 -9.238795e-01 -3.826834e-01
    outer loop
      vertex   1.381248e+01 5.871231e+01 1.795086e+00
      vertex   1.381248e+01 5.873729e+01 1.734790e+00
      vertex   1.513701e+01 5.873729e+01 1.734790e+00
    endloop
  endfacet
  facet normal -0.000000e+00 -7.933533e-01 -6.087614e-01
    outer loop
      vertex   1.513701e+01 5.873729e+01 1.734790e+00
      vertex   1.381248e+01 5.873729e+01 1.734790e+00
      vertex   1.513701e+01 5.877702e+01 1.683014e+00
    endloop
  endfacet
  facet normal -6.415299e-17 -9.238795e-01 -3.826834e-01
    outer loop
      vertex   9.838878e+00 5.871231e+01 1.795086e+00
      vertex   1.116341e+01 5.873729e+01 1.734790e+00
      vertex   1.116341e+01 5.871231e+01 1.795086e+00
    endloop
  endfacet
  facet normal -1.073529e-18 -9.238795e-01 -3.826834e-01
    outer loop
      vertex   1.116341e+01 5.871231e+01 1.795086e+00
      vertex   1.116341e+01 5.873729e+01 1.734790e+00
      vertex   1.248795e+01 5.873729e+01 1.734790e+00
    endloop
  endfacet
  facet normal 0.000000e+00 -9.238795e-01 -3.826834e-01
    outer loop
      vertex   1.116341e+01 5.871231e+01 1.795086e+00
      vertex   1.248795e+01 5.873729e+01 1.734790e+00
      vertex   1.248795e+01 5.871231e+01 1.795086e+00
    endloop
  endfacet
  facet normal 6.307946e-17 -9.238795e-01 -3.826834e-01
    outer loop
      vertex   1.248795e+01 5.871231e+01 1.795086e+00
      vertex   1.248795e+01 5.873729e+01 1.734790e+00
      vertex   1.381248e+01 5.873729e+01 1.734790e+00
    endloop
  endfacet
  facet normal -0.000000e+00 -9.857378e-01 -1.682885e-01
    outer loop
      vertex   1.513701e+01 5.871231e+01 1.795086e+00
      vertex   1.620092e+01 5.870452e+01 1.840712e+00
      vertex   1.381248e+01 5.871231e+01 1.795086e+00
    endloop
  endfacet
  facet normal 3.676093e-19 -9.238795e-01 -3.826834e-01
    outer loop
      vertex   1.513701e+01 5.873729e+01 1.734790e+00
      vertex   1.513701e+01 5.871231e+01 1.795086e+00
      vertex   1.381248e+01 5.871231e+01 1.795086e+00
    endloop
  endfacet
  facet normal -0.000000e+00 -7.933533e-01 -6.087614e-01
    outer loop
      vertex   3.216210e+00 5.877702e+01 1.683014e+00
      vertex   1.891676e+00 5.873729e+01 1.734790e+00
      vertex   1.891676e+00 5.877702e+01 1.683014e+00
    endloop
  endfacet
  facet normal -0.000000e+00 -7.933533e-01 -6.087614e-01
    outer loop
      vertex   5.865277e+00 5.877702e+01 1.683014e+00
      vertex   4.540743e+00 5.873729e+01 1.734790e+00
      vertex   4.540743e+00 5.877702e+01 1.683014e+00
    endloop
  endfacet
  facet normal -7.413312e-19 -7.933533e-01 -6.087614e-01
    outer loop
      vertex   4.540743e+00 5.877702e+01 1.683014e+00
      vertex   4.540743e+00 5.873729e+01 1.734790e+00
      vertex   3.216210e+00 5.873729e+01 1.734790e+00
    endloop
  endfacet
  facet normal 0.000000e+00 -7.933533e-01 -6.087614e-01
    outer loop
      vertex   5.865277e+00 5.873729e+01 1.734790e+00
      vertex   7.189811e+00 5.877702e+01 1.683014e+00
      vertex   7.189811e+00 5.873729e+01 1.734790e+00
    endloop
  endfacet
  facet normal 9.723764e-19 -7.933533e-01 -6.087614e-01
    outer loop
      vertex   7.189811e+00 5.873729e+01 1.734790e+00
      vertex   7.189811e+00 5.877702e+01 1.683014e+00
      vertex   8.514344e+00 5.877702e+01 1.683014e+00
    endloop
  endfacet
  facet normal 0.000000e+00 -7.933533e-01 -6.087614e-01
    outer loop
      vertex   7.189811e+00 5.873729e+01 1.734790e+00
      vertex   8.514344e+00 5.877702e+01 1.683014e+00
      vertex   8.514344e+00 5.873729e+01 1.734790e+00
    endloop
  endfacet
  facet normal 9.723764e-19 -7.933533e-01 -6.087614e-01
    outer loop
      vertex   8.514344e+00 5.873729e+01 1.734790e+00
      vertex   8.514344e+00 5.877702e+01 1.683014e+00
      vertex   9.838878e+00 5.877702e+01 1.683014e+00
    endloop
  endfacet
  facet normal 0.000000e+00 -7.933533e-01 -6.087614e-01
    outer loop
      vertex   1.116341e+01 5.873729e+01 1.734790e+00
      vertex   1.248795e+01 5.877702e+01 1.683014e+00
      vertex   1.248795e+01 5.873729e+01 1.734790e+00
    endloop
  endfacet
  facet normal -2.455039e-18 -7.933533e-01 -6.087614e-01
    outer loop
      vertex   1.248795e+01 5.873729e+01 1.734790e+00
      vertex   1.248795e+01 5.877702e+01 1.683014e+00
      vertex   1.381248e+01 5.877702e+01 1.683014e+00
    endloop
  endfacet
  facet normal 1.020527e-16 -7.933533e-01 -6.087614e-01
    outer loop
      vertex   1.248795e+01 5.873729e+01 1.734790e+00
      vertex   1.381248e+01 5.877702e+01 1.683014e+00
      vertex   1.381248e+01 5.873729e+01 1.734790e+00
    endloop
  endfacet
  facet normal 8.482015e-19 -7.933533e-01 -6.087614e-01
    outer loop
      vertex   1.381248e+01 5.873729e+01 1.734790e+00
      vertex   1.381248e+01 5.877702e+01 1.683014e+00
      vertex   1.513701e+01 5.877702e+01 1.683014e+00
    endloop
  endfacet
  facet normal -0.000000e+00 -6.087614e-01 -7.933533e-01
    outer loop
      vertex   3.216210e+00 5.877702e+01 1.683014e+00
      vertex   1.891676e+00 5.877702e+01 1.683014e+00
      vertex   3.216210e+00 5.882879e+01 1.643284e+00
    endloop
  endfacet
  facet normal -0.000000e+00 -6.087614e-01 -7.933533e-01
    outer loop
      vertex   3.216210e+00 5.882879e+01 1.643284e+00
      vertex   1.891676e+00 5.877702e+01 1.683014e+00
      vertex   1.891676e+00 5.882879e+01 1.643284e+00
    endloop
  endfacet
  facet normal -0.000000e+00 -3.826834e-01 -9.238795e-01
    outer loop
      vertex   3.216210e+00 5.882879e+01 1.643284e+00
      vertex   1.891676e+00 5.882879e+01 1.643284e+00
      vertex   3.216210e+00 5.888909e+01 1.618309e+00
    endloop
  endfacet
  facet normal -3.097580e-16 -3.826834e-01 -9.238795e-01
    outer loop
      vertex   3.216210e+00 5.888909e+01 1.618309e+00
      vertex   1.891676e+00 5.882879e+01 1.643284e+00
      vertex   1.891676e+00 5.888909e+01 1.618309e+00
    endloop
  endfacet
  facet normal -3.324113e-16 -1.305262e-01 -9.914449e-01
    outer loop
      vertex   3.216210e+00 5.888909e+01 1.618309e+00
      vertex   1.891676e+00 5.888909e+01 1.618309e+00
      vertex   5.671424e-01 5.895379e+01 1.609790e+00
    endloop
  endfacet
  facet normal -0.000000e+00 -6.087614e-01 -7.933533e-01
    outer loop
      vertex   7.189811e+00 5.882879e+01 1.643284e+00
      vertex   5.865277e+00 5.877702e+01 1.683014e+00
      vertex   5.865277e+00 5.882879e+01 1.643284e+00
    endloop
  endfacet
  facet normal 2.353806e-18 -6.087614e-01 -7.933533e-01
    outer loop
      vertex   5.865277e+00 5.882879e+01 1.643284e+00
      vertex   5.865277e+00 5.877702e+01 1.683014e+00
      vertex   4.540743e+00 5.877702e+01 1.683014e+00
    endloop
  endfacet
  facet normal 0.000000e+00 -6.087614e-01 -7.933533e-01
    outer loop
      vertex   7.189811e+00 5.877702e+01 1.683014e+00
      vertex   8.514344e+00 5.882879e+01 1.643284e+00
      vertex   8.514344e+00 5.877702e+01 1.683014e+00
    endloop
  endfacet
  facet normal -1.307408e-16 -6.087614e-01 -7.933533e-01
    outer loop
      vertex   8.514344e+00 5.877702e+01 1.683014e+00
      vertex   8.514344e+00 5.882879e+01 1.643284e+00
      vertex   9.838878e+00 5.882879e+01 1.643284e+00
    endloop
  endfacet
  facet normal 0.000000e+00 -6.087614e-01 -7.933533e-01
    outer loop
      vertex   8.514344e+00 5.877702e+01 1.683014e+00
      vertex   9.838878e+00 5.882879e+01 1.643284e+00
      vertex   9.838878e+00 5.877702e+01 1.683014e+00
    endloop
  endfacet
  facet normal -3.001796e-19 -6.087614e-01 -7.933533e-01
    outer loop
      vertex   9.838878e+00 5.877702e+01 1.683014e+00
      vertex   9.838878e+00 5.882879e+01 1.643284e+00
      vertex   1.116341e+01 5.882879e+01 1.643284e+00
    endloop
  endfacet
  facet normal -3.001796e-19 -6.087614e-01 -7.933533e-01
    outer loop
      vertex   1.513701e+01 5.882879e+01 1.643284e+00
      vertex   1.513701e+01 5.877702e+01 1.683014e+00
      vertex   1.381248e+01 5.877702e+01 1.683014e+00
    endloop
  endfacet
  facet normal -0.000000e+00 -6.087614e-01 -7.933533e-01
    outer loop
      vertex   1.513701e+01 5.882879e+01 1.643284e+00
      vertex   1.381248e+01 5.877702e+01 1.683014e+00
      vertex   1.381248e+01 5.882879e+01 1.643284e+00
    endloop
  endfacet
  facet normal -3.001796e-19 -6.087614e-01 -7.933533e-01
    outer loop
      vertex   1.381248e+01 5.882879e+01 1.643284e+00
      vertex   1.381248e+01 5.877702e+01 1.683014e+00
      vertex   1.248795e+01 5.877702e+01 1.683014e+00
    endloop
  endfacet
  facet normal -2.635444e-16 -6.087614e-01 -7.933533e-01
    outer loop
      vertex   3.216210e+00 5.877702e+01 1.683014e+00
      vertex   3.216210e+00 5.882879e+01 1.643284e+00
      vertex   4.540743e+00 5.882879e+01 1.643284e+00
    endloop
  endfacet
  facet normal -3.097580e-16 -3.826834e-01 -9.238795e-01
    outer loop
      vertex   4.540743e+00 5.882879e+01 1.643284e+00
      vertex   3.216210e+00 5.882879e+01 1.643284e+00
      vertex   4.540743e+00 5.888909e+01 1.618309e+00
    endloop
  endfacet
  facet normal -7.154435e-20 -3.826834e-01 -9.238795e-01
    outer loop
      vertex   4.540743e+00 5.882879e+01 1.643284e+00
      vertex   4.540743e+00 5.888909e+01 1.618309e+00
      vertex   5.865277e+00 5.888909e+01 1.618309e+00
    endloop
  endfacet
  facet normal -0.000000e+00 -1.305262e-01 -9.914449e-01
    outer loop
      vertex   5.865277e+00 5.888909e+01 1.618309e+00
      vertex   4.540743e+00 5.888909e+01 1.618309e+00
      vertex   5.671424e-01 5.895379e+01 1.609790e+00
    endloop
  endfacet
  facet normal -0.000000e+00 -3.826834e-01 -9.238795e-01
    outer loop
      vertex   4.540743e+00 5.888909e+01 1.618309e+00
      vertex   3.216210e+00 5.882879e+01 1.643284e+00
      vertex   3.216210e+00 5.888909e+01 1.618309e+00
    endloop
  endfacet
  facet normal -0.000000e+00 -3.826834e-01 -9.238795e-01
    outer loop
      vertex   8.514344e+00 5.888909e+01 1.618309e+00
      vertex   7.189811e+00 5.882879e+01 1.643284e+00
      vertex   7.189811e+00 5.888909e+01 1.618309e+00
    endloop
  endfacet
  facet normal 5.748281e-19 -3.826834e-01 -9.238795e-01
    outer loop
      vertex   7.189811e+00 5.888909e+01 1.618309e+00
      vertex   7.189811e+00 5.882879e+01 1.643284e+00
      vertex   5.865277e+00 5.882879e+01 1.643284e+00
    endloop
  endfacet
  facet normal 5.748281e-19 -3.826834e-01 -9.238795e-01
    outer loop
      vertex   1.116341e+01 5.888909e+01 1.618309e+00
      vertex   1.116341e+01 5.882879e+01 1.643284e+00
      vertex   9.838878e+00 5.882879e+01 1.643284e+00
    endloop
  endfacet
  facet normal -1.548790e-16 -3.826834e-01 -9.238795e-01
    outer loop
      vertex   1.116341e+01 5.888909e+01 1.618309e+00
      vertex   9.838878e+00 5.882879e+01 1.643284e+00
      vertex   9.838878e+00 5.888909e+01 1.618309e+00
    endloop
  endfacet
  facet normal -1.549506e-16 -3.826834e-01 -9.238795e-01
    outer loop
      vertex   9.838878e+00 5.888909e+01 1.618309e+00
      vertex   9.838878e+00 5.882879e+01 1.643284e+00
      vertex   8.514344e+00 5.882879e+01 1.643284e+00
    endloop
  endfacet
  facet normal -0.000000e+00 -3.826834e-01 -9.238795e-01
    outer loop
      vertex   1.381248e+01 5.888909e+01 1.618309e+00
      vertex   1.248795e+01 5.882879e+01 1.643284e+00
      vertex   1.248795e+01 5.888909e+01 1.618309e+00
    endloop
  endfacet
  facet normal -6.409011e-19 -3.826834e-01 -9.238795e-01
    outer loop
      vertex   1.513701e+01 5.888909e+01 1.618309e+00
      vertex   1.513701e+01 5.882879e+01 1.643284e+00
      vertex   1.381248e+01 5.882879e+01 1.643284e+00
    endloop
  endfacet
  facet normal -3.649579e-19 -1.305262e-01 -9.914449e-01
    outer loop
      vertex   5.671424e-01 5.895379e+01 1.609790e+00
      vertex   4.540743e+00 5.888909e+01 1.618309e+00
      vertex   3.216210e+00 5.888909e+01 1.618309e+00
    endloop
  endfacet
  facet normal -3.264501e-19 -1.305262e-01 -9.914449e-01
    outer loop
      vertex   1.646155e+01 5.895379e+01 1.609790e+00
      vertex   1.381248e+01 5.888909e+01 1.618309e+00
      vertex   1.248795e+01 5.888909e+01 1.618309e+00
    endloop
  endfacet
  facet normal -9.867515e-01 -9.718654e-02 -1.299083e-01
    outer loop
      vertex   -9.328576e-01 6.020379e+01 1.859790e+00
      vertex   -9.243391e-01 6.020379e+01 1.795086e+00
      vertex   -9.040355e-01 5.991116e+01 1.859790e+00
    endloop
  endfacet
  facet normal -9.867515e-01 -9.718654e-02 -1.299083e-01
    outer loop
      vertex   -9.040355e-01 5.991116e+01 1.859790e+00
      vertex   -9.243391e-01 6.020379e+01 1.795086e+00
      vertex   -8.956807e-01 5.991282e+01 1.795086e+00
    endloop
  endfacet
  facet normal -9.488312e-01 -2.878248e-01 -1.299083e-01
    outer loop
      vertex   -9.040355e-01 5.991116e+01 1.859790e+00
      vertex   -8.956807e-01 5.991282e+01 1.795086e+00
      vertex   -8.186769e-01 5.962977e+01 1.859790e+00
    endloop
  endfacet
  facet normal -9.488312e-01 -2.878248e-01 -1.299083e-01
    outer loop
      vertex   -8.186769e-01 5.962977e+01 1.859790e+00
      vertex   -8.956807e-01 5.991282e+01 1.795086e+00
      vertex   -8.108068e-01 5.963303e+01 1.795086e+00
    endloop
  endfacet
  facet normal -8.744479e-01 -4.674021e-01 -1.299083e-01
    outer loop
      vertex   -8.186769e-01 5.962977e+01 1.859790e+00
      vertex   -8.108068e-01 5.963303e+01 1.795086e+00
      vertex   -6.800620e-01 5.937044e+01 1.859790e+00
    endloop
  endfacet
  facet normal -8.744479e-01 -4.674021e-01 -1.299083e-01
    outer loop
      vertex   -6.800620e-01 5.937044e+01 1.859790e+00
      vertex   -8.108068e-01 5.963303e+01 1.795086e+00
      vertex   -6.729791e-01 5.937517e+01 1.795086e+00
    endloop
  endfacet
  facet normal -7.664600e-01 -6.290174e-01 -1.299083e-01
    outer loop
      vertex   -6.800620e-01 5.937044e+01 1.859790e+00
      vertex   -6.729791e-01 5.937517e+01 1.795086e+00
      vertex   -4.935178e-01 5.914313e+01 1.859790e+00
    endloop
  endfacet
  facet normal -7.664600e-01 -6.290174e-01 -1.299083e-01
    outer loop
      vertex   -4.935178e-01 5.914313e+01 1.859790e+00
      vertex   -6.729791e-01 5.937517e+01 1.795086e+00
      vertex   -4.874942e-01 5.914916e+01 1.795086e+00
    endloop
  endfacet
  facet normal -6.290174e-01 -7.664600e-01 -1.299083e-01
    outer loop
      vertex   -4.935178e-01 5.914313e+01 1.859790e+00
      vertex   -4.874942e-01 5.914916e+01 1.795086e+00
      vertex   -2.662129e-01 5.895659e+01 1.859790e+00
    endloop
  endfacet
  facet normal -6.290174e-01 -7.664600e-01 -1.299083e-01
    outer loop
      vertex   -2.662129e-01 5.895659e+01 1.859790e+00
      vertex   -4.874942e-01 5.914916e+01 1.795086e+00
      vertex   -2.614803e-01 5.896367e+01 1.795086e+00
    endloop
  endfacet
  facet normal -4.674021e-01 -8.744479e-01 -1.299083e-01
    outer loop
      vertex   -2.662129e-01 5.895659e+01 1.859790e+00
      vertex   -2.614803e-01 5.896367e+01 1.795086e+00
      vertex   -6.882743e-03 5.881797e+01 1.859790e+00
    endloop
  endfacet
  facet normal -4.674021e-01 -8.744479e-01 -1.299083e-01
    outer loop
      vertex   -6.882743e-03 5.881797e+01 1.859790e+00
      vertex   -2.614803e-01 5.896367e+01 1.795086e+00
      vertex   -3.622838e-03 5.882584e+01 1.795086e+00
    endloop
  endfacet
  facet normal -2.878248e-01 -9.488312e-01 -1.299083e-01
    outer loop
      vertex   -6.882743e-03 5.881797e+01 1.859790e+00
      vertex   -3.622838e-03 5.882584e+01 1.795086e+00
      vertex   2.745069e-01 5.873262e+01 1.859790e+00
    endloop
  endfacet
  facet normal -2.878248e-01 -9.488312e-01 -1.299083e-01
    outer loop
      vertex   2.745069e-01 5.873262e+01 1.859790e+00
      vertex   -3.622838e-03 5.882584e+01 1.795086e+00
      vertex   2.761688e-01 5.874097e+01 1.795086e+00
    endloop
  endfacet
  facet normal -9.718654e-02 -9.867515e-01 -1.299083e-01
    outer loop
      vertex   2.745069e-01 5.873262e+01 1.859790e+00
      vertex   2.761688e-01 5.874097e+01 1.795086e+00
      vertex   5.671424e-01 5.870379e+01 1.859790e+00
    endloop
  endfacet
  facet normal -9.718654e-02 -9.867515e-01 -1.299083e-01
    outer loop
      vertex   5.671424e-01 5.870379e+01 1.859790e+00
      vertex   2.761688e-01 5.874097e+01 1.795086e+00
      vertex   5.671424e-01 5.871231e+01 1.795086e+00
    endloop
  endfacet
  facet normal -9.061980e-02 -9.200783e-01 -3.811089e-01
    outer loop
      vertex   5.671424e-01 5.871231e+01 1.795086e+00
      vertex   2.761688e-01 5.874097e+01 1.795086e+00
      vertex   2.810412e-01 5.876547e+01 1.734790e+00
    endloop
  endfacet
  facet normal -9.061980e-02 -9.200783e-01 -3.811089e-01
    outer loop
      vertex   5.671424e-01 5.871231e+01 1.795086e+00
      vertex   2.810412e-01 5.876547e+01 1.734790e+00
      vertex   5.671424e-01 5.873729e+01 1.734790e+00
    endloop
  endfacet
  facet normal -7.790103e-02 -7.909424e-01 -6.069115e-01
    outer loop
      vertex   5.671424e-01 5.873729e+01 1.734790e+00
      vertex   2.810412e-01 5.876547e+01 1.734790e+00
      vertex   2.887921e-01 5.880443e+01 1.683014e+00
    endloop
  endfacet
  facet normal -7.790103e-02 -7.909424e-01 -6.069115e-01
    outer loop
      vertex   5.671424e-01 5.873729e+01 1.734790e+00
      vertex   2.887921e-01 5.880443e+01 1.683014e+00
      vertex   5.671424e-01 5.877702e+01 1.683014e+00
    endloop
  endfacet
  facet normal -5.985029e-02 -6.076701e-01 -7.919311e-01
    outer loop
      vertex   5.671424e-01 5.877702e+01 1.683014e+00
      vertex   2.887921e-01 5.880443e+01 1.683014e+00
      vertex   2.988932e-01 5.885521e+01 1.643284e+00
    endloop
  endfacet
  facet normal -5.985029e-02 -6.076701e-01 -7.919311e-01
    outer loop
      vertex   5.671424e-01 5.877702e+01 1.683014e+00
      vertex   2.988932e-01 5.885521e+01 1.643284e+00
      vertex   5.671424e-01 5.882879e+01 1.643284e+00
    endloop
  endfacet
  facet normal -3.766428e-02 -3.824119e-01 -9.232240e-01
    outer loop
      vertex   5.671424e-01 5.882879e+01 1.643284e+00
      vertex   2.988932e-01 5.885521e+01 1.643284e+00
      vertex   3.106562e-01 5.891435e+01 1.618309e+00
    endloop
  endfacet
  facet normal -3.766428e-02 -3.824119e-01 -9.232240e-01
    outer loop
      vertex   5.671424e-01 5.882879e+01 1.643284e+00
      vertex   3.106562e-01 5.891435e+01 1.618309e+00
      vertex   5.671424e-01 5.888909e+01 1.618309e+00
    endloop
  endfacet
  facet normal -1.285465e-02 -1.305154e-01 -9.913629e-01
    outer loop
      vertex   5.671424e-01 5.888909e+01 1.618309e+00
      vertex   3.106562e-01 5.891435e+01 1.618309e+00
      vertex   3.232795e-01 5.897781e+01 1.609790e+00
    endloop
  endfacet
  facet normal -1.285465e-02 -1.305154e-01 -9.913629e-01
    outer loop
      vertex   5.671424e-01 5.888909e+01 1.618309e+00
      vertex   3.232795e-01 5.897781e+01 1.609790e+00
      vertex   5.671424e-01 5.895379e+01 1.609790e+00
    endloop
  endfacet
  facet normal -9.200783e-01 -9.061980e-02 -3.811089e-01
    outer loop
      vertex   -9.243391e-01 6.020379e+01 1.795086e+00
      vertex   -8.993639e-01 6.020379e+01 1.734790e+00
      vertex   -8.956807e-01 5.991282e+01 1.795086e+00
    endloop
  endfacet
  facet normal -9.200783e-01 -9.061980e-02 -3.811089e-01
    outer loop
      vertex   -8.956807e-01 5.991282e+01 1.795086e+00
      vertex   -8.993639e-01 6.020379e+01 1.734790e+00
      vertex   -8.711854e-01 5.991769e+01 1.734790e+00
    endloop
  endfacet
  facet normal -8.847202e-01 -2.683769e-01 -3.811089e-01
    outer loop
      vertex   -8.956807e-01 5.991282e+01 1.795086e+00
      vertex   -8.711854e-01 5.991769e+01 1.734790e+00
      vertex   -8.108068e-01 5.963303e+01 1.795086e+00
    endloop
  endfacet
  facet normal -8.847202e-01 -2.683769e-01 -3.811089e-01
    outer loop
      vertex   -8.108068e-01 5.963303e+01 1.795086e+00
      vertex   -8.711854e-01 5.991769e+01 1.734790e+00
      vertex   -7.877328e-01 5.964259e+01 1.734790e+00
    endloop
  endfacet
  facet normal -8.153628e-01 -4.358205e-01 -3.811089e-01
    outer loop
      vertex   -8.108068e-01 5.963303e+01 1.795086e+00
      vertex   -7.877328e-01 5.964259e+01 1.734790e+00
      vertex   -6.729791e-01 5.937517e+01 1.795086e+00
    endloop
  endfacet
  facet normal -8.153628e-01 -4.358205e-01 -3.811089e-01
    outer loop
      vertex   -6.729791e-01 5.937517e+01 1.795086e+00
      vertex   -7.877328e-01 5.964259e+01 1.734790e+00
      vertex   -6.522131e-01 5.938905e+01 1.734790e+00
    endloop
  endfacet
  facet normal -7.146715e-01 -5.865157e-01 -3.811089e-01
    outer loop
      vertex   -6.729791e-01 5.937517e+01 1.795086e+00
      vertex   -6.522131e-01 5.938905e+01 1.734790e+00
      vertex   -4.874942e-01 5.914916e+01 1.795086e+00
    endloop
  endfacet
  facet normal -7.146715e-01 -5.865157e-01 -3.811089e-01
    outer loop
      vertex   -4.874942e-01 5.914916e+01 1.795086e+00
      vertex   -6.522131e-01 5.938905e+01 1.734790e+00
      vertex   -4.698342e-01 5.916682e+01 1.734790e+00
    endloop
  endfacet
  facet normal -5.865157e-01 -7.146715e-01 -3.811089e-01
    outer loop
      vertex   -4.874942e-01 5.914916e+01 1.795086e+00
      vertex   -4.698342e-01 5.916682e+01 1.734790e+00
      vertex   -2.614803e-01 5.896367e+01 1.795086e+00
    endloop
  endfacet
  facet normal -5.865157e-01 -7.146715e-01 -3.811089e-01
    outer loop
      vertex   -2.614803e-01 5.896367e+01 1.795086e+00
      vertex   -4.698342e-01 5.916682e+01 1.734790e+00
      vertex   -2.476049e-01 5.898444e+01 1.734790e+00
    endloop
  endfacet
  facet normal -4.358205e-01 -8.153628e-01 -3.811089e-01
    outer loop
      vertex   -2.614803e-01 5.896367e+01 1.795086e+00
      vertex   -2.476049e-01 5.898444e+01 1.734790e+00
      vertex   -3.622838e-03 5.882584e+01 1.795086e+00
    endloop
  endfacet
  facet normal -4.358205e-01 -8.153628e-01 -3.811089e-01
    outer loop
      vertex   -3.622838e-03 5.882584e+01 1.795086e+00
      vertex   -2.476049e-01 5.898444e+01 1.734790e+00
      vertex   5.934721e-03 5.884892e+01 1.734790e+00
    endloop
  endfacet
  facet normal -2.683769e-01 -8.847202e-01 -3.811089e-01
    outer loop
      vertex   -3.622838e-03 5.882584e+01 1.795086e+00
      vertex   5.934721e-03 5.884892e+01 1.734790e+00
      vertex   2.761688e-01 5.874097e+01 1.795086e+00
    endloop
  endfacet
  facet normal -2.683769e-01 -8.847202e-01 -3.811089e-01
    outer loop
      vertex   2.761688e-01 5.874097e+01 1.795086e+00
      vertex   5.934721e-03 5.884892e+01 1.734790e+00
      vertex   2.810412e-01 5.876547e+01 1.734790e+00
    endloop
  endfacet
  facet normal -7.909424e-01 -7.790103e-02 -6.069115e-01
    outer loop
      vertex   -8.993639e-01 6.020379e+01 1.734790e+00
      vertex   -8.596343e-01 6.020379e+01 1.683014e+00
      vertex   -8.711854e-01 5.991769e+01 1.734790e+00
    endloop
  endfacet
  facet normal -7.909424e-01 -7.790103e-02 -6.069115e-01
    outer loop
      vertex   -8.711854e-01 5.991769e+01 1.734790e+00
      vertex   -8.596343e-01 6.020379e+01 1.683014e+00
      vertex   -8.322192e-01 5.992544e+01 1.683014e+00
    endloop
  endfacet
  facet normal -7.605469e-01 -2.307094e-01 -6.069115e-01
    outer loop
      vertex   -8.711854e-01 5.991769e+01 1.734790e+00
      vertex   -8.322192e-01 5.992544e+01 1.683014e+00
      vertex   -7.877328e-01 5.964259e+01 1.734790e+00
    endloop
  endfacet
  facet normal -7.605469e-01 -2.307094e-01 -6.069115e-01
    outer loop
      vertex   -7.877328e-01 5.964259e+01 1.734790e+00
      vertex   -8.322192e-01 5.992544e+01 1.683014e+00
      vertex   -7.510274e-01 5.965779e+01 1.683014e+00
    endloop
  endfacet
  facet normal -7.009241e-01 -3.746517e-01 -6.069115e-01
    outer loop
      vertex   -7.877328e-01 5.964259e+01 1.734790e+00
      vertex   -7.510274e-01 5.965779e+01 1.683014e+00
      vertex   -6.522131e-01 5.938905e+01 1.734790e+00
    endloop
  endfacet
  facet normal -7.009241e-01 -3.746517e-01 -6.069115e-01
    outer loop
      vertex   -6.522131e-01 5.938905e+01 1.734790e+00
      vertex   -7.510274e-01 5.965779e+01 1.683014e+00
      vertex   -6.191791e-01 5.941112e+01 1.683014e+00
    endloop
  endfacet
  facet normal -6.143651e-01 -5.041964e-01 -6.069115e-01
    outer loop
      vertex   -6.522131e-01 5.938905e+01 1.734790e+00
      vertex   -6.191791e-01 5.941112e+01 1.683014e+00
      vertex   -4.698342e-01 5.916682e+01 1.734790e+00
    endloop
  endfacet
  facet normal -6.143651e-01 -5.041964e-01 -6.069115e-01
    outer loop
      vertex   -4.698342e-01 5.916682e+01 1.734790e+00
      vertex   -6.191791e-01 5.941112e+01 1.683014e+00
      vertex   -4.417411e-01 5.919491e+01 1.683014e+00
    endloop
  endfacet
  facet normal -5.041964e-01 -6.143651e-01 -6.069115e-01
    outer loop
      vertex   -4.698342e-01 5.916682e+01 1.734790e+00
      vertex   -4.417411e-01 5.919491e+01 1.683014e+00
      vertex   -2.476049e-01 5.898444e+01 1.734790e+00
    endloop
  endfacet
  facet normal -5.041964e-01 -6.143651e-01 -6.069115e-01
    outer loop
      vertex   -2.476049e-01 5.898444e+01 1.734790e+00
      vertex   -4.417411e-01 5.919491e+01 1.683014e+00
      vertex   -2.255323e-01 5.901747e+01 1.683014e+00
    endloop
  endfacet
  facet normal -3.746517e-01 -7.009241e-01 -6.069115e-01
    outer loop
      vertex   -2.476049e-01 5.898444e+01 1.734790e+00
      vertex   -2.255323e-01 5.901747e+01 1.683014e+00
      vertex   5.934721e-03 5.884892e+01 1.734790e+00
    endloop
  endfacet
  facet normal -3.746517e-01 -7.009241e-01 -6.069115e-01
    outer loop
      vertex   5.934721e-03 5.884892e+01 1.734790e+00
      vertex   -2.255323e-01 5.901747e+01 1.683014e+00
      vertex   2.113860e-02 5.888562e+01 1.683014e+00
    endloop
  endfacet
  facet normal -2.307094e-01 -7.605469e-01 -6.069115e-01
    outer loop
      vertex   5.934721e-03 5.884892e+01 1.734790e+00
      vertex   2.113860e-02 5.888562e+01 1.683014e+00
      vertex   2.810412e-01 5.876547e+01 1.734790e+00
    endloop
  endfacet
  facet normal -2.307094e-01 -7.605469e-01 -6.069115e-01
    outer loop
      vertex   2.810412e-01 5.876547e+01 1.734790e+00
      vertex   2.113860e-02 5.888562e+01 1.683014e+00
      vertex   2.887921e-01 5.880443e+01 1.683014e+00
    endloop
  endfacet
  facet normal -6.076701e-01 -5.985029e-02 -7.919311e-01
    outer loop
      vertex   -8.596343e-01 6.020379e+01 1.683014e+00
      vertex   -8.078576e-01 6.020379e+01 1.643284e+00
      vertex   -8.322192e-01 5.992544e+01 1.683014e+00
    endloop
  endfacet
  facet normal -6.076701e-01 -5.985029e-02 -7.919311e-01
    outer loop
      vertex   -8.322192e-01 5.992544e+01 1.683014e+00
      vertex   -8.078576e-01 6.020379e+01 1.643284e+00
      vertex   -7.814374e-01 5.993554e+01 1.643284e+00
    endloop
  endfacet
  facet normal -5.843177e-01 -1.772508e-01 -7.919311e-01
    outer loop
      vertex   -8.322192e-01 5.992544e+01 1.683014e+00
      vertex   -7.814374e-01 5.993554e+01 1.643284e+00
      vertex   -7.510274e-01 5.965779e+01 1.683014e+00
    endloop
  endfacet
  facet normal -5.843177e-01 -1.772508e-01 -7.919311e-01
    outer loop
      vertex   -7.510274e-01 5.965779e+01 1.683014e+00
      vertex   -7.814374e-01 5.993554e+01 1.643284e+00
      vertex   -7.031920e-01 5.967760e+01 1.643284e+00
    endloop
  endfacet
  facet normal -5.385103e-01 -2.878397e-01 -7.919311e-01
    outer loop
      vertex   -7.510274e-01 5.965779e+01 1.683014e+00
      vertex   -7.031920e-01 5.967760e+01 1.643284e+00
      vertex   -6.191791e-01 5.941112e+01 1.683014e+00
    endloop
  endfacet
  facet normal -5.385103e-01 -2.878397e-01 -7.919311e-01
    outer loop
      vertex   -6.191791e-01 5.941112e+01 1.683014e+00
      vertex   -7.031920e-01 5.967760e+01 1.643284e+00
      vertex   -5.761283e-01 5.943988e+01 1.643284e+00
    endloop
  endfacet
  facet normal -4.720082e-01 -3.873671e-01 -7.919311e-01
    outer loop
      vertex   -6.191791e-01 5.941112e+01 1.683014e+00
      vertex   -5.761283e-01 5.943988e+01 1.643284e+00
      vertex   -4.417411e-01 5.919491e+01 1.683014e+00
    endloop
  endfacet
  facet normal -4.720082e-01 -3.873671e-01 -7.919311e-01
    outer loop
      vertex   -4.417411e-01 5.919491e+01 1.683014e+00
      vertex   -5.761283e-01 5.943988e+01 1.643284e+00
      vertex   -4.051294e-01 5.923152e+01 1.643284e+00
    endloop
  endfacet
  facet normal -3.873671e-01 -4.720082e-01 -7.919311e-01
    outer loop
      vertex   -4.417411e-01 5.919491e+01 1.683014e+00
      vertex   -4.051294e-01 5.923152e+01 1.643284e+00
      vertex   -2.255323e-01 5.901747e+01 1.683014e+00
    endloop
  endfacet
  facet normal -3.873671e-01 -4.720082e-01 -7.919311e-01
    outer loop
      vertex   -2.255323e-01 5.901747e+01 1.683014e+00
      vertex   -4.051294e-01 5.923152e+01 1.643284e+00
      vertex   -1.967667e-01 5.906052e+01 1.643284e+00
    endloop
  endfacet
  facet normal -2.878397e-01 -5.385103e-01 -7.919311e-01
    outer loop
      vertex   -2.255323e-01 5.901747e+01 1.683014e+00
      vertex   -1.967667e-01 5.906052e+01 1.643284e+00
      vertex   2.113860e-02 5.888562e+01 1.683014e+00
    endloop
  endfacet
  facet normal -2.878397e-01 -5.385103e-01 -7.919311e-01
    outer loop
      vertex   2.113860e-02 5.888562e+01 1.683014e+00
      vertex   -1.967667e-01 5.906052e+01 1.643284e+00
      vertex   4.095269e-02 5.893346e+01 1.643284e+00
    endloop
  endfacet
  facet normal -1.772508e-01 -5.843177e-01 -7.919311e-01
    outer loop
      vertex   2.113860e-02 5.888562e+01 1.683014e+00
      vertex   4.095269e-02 5.893346e+01 1.643284e+00
      vertex   2.887921e-01 5.880443e+01 1.683014e+00
    endloop
  endfacet
  facet normal -1.772508e-01 -5.843177e-01 -7.919311e-01
    outer loop
      vertex   2.887921e-01 5.880443e+01 1.683014e+00
      vertex   4.095269e-02 5.893346e+01 1.643284e+00
      vertex   2.988932e-01 5.885521e+01 1.643284e+00
    endloop
  endfacet
  facet normal -3.824119e-01 -3.766428e-02 -9.232240e-01
    outer loop
      vertex   -8.078576e-01 6.020379e+01 1.643284e+00
      vertex   -7.475624e-01 6.020379e+01 1.618309e+00
      vertex   -7.814374e-01 5.993554e+01 1.643284e+00
    endloop
  endfacet
  facet normal -3.824119e-01 -3.766428e-02 -9.232240e-01
    outer loop
      vertex   -7.814374e-01 5.993554e+01 1.643284e+00
      vertex   -7.475624e-01 6.020379e+01 1.618309e+00
      vertex   -7.223007e-01 5.994731e+01 1.618309e+00
    endloop
  endfacet
  facet normal -3.677160e-01 -1.115454e-01 -9.232240e-01
    outer loop
      vertex   -7.814374e-01 5.993554e+01 1.643284e+00
      vertex   -7.223007e-01 5.994731e+01 1.618309e+00
      vertex   -7.031920e-01 5.967760e+01 1.643284e+00
    endloop
  endfacet
  facet normal -3.677160e-01 -1.115454e-01 -9.232240e-01
    outer loop
      vertex   -7.031920e-01 5.967760e+01 1.643284e+00
      vertex   -7.223007e-01 5.994731e+01 1.618309e+00
      vertex   -6.474864e-01 5.970068e+01 1.618309e+00
    endloop
  endfacet
  facet normal -3.388890e-01 -1.811400e-01 -9.232240e-01
    outer loop
      vertex   -7.031920e-01 5.967760e+01 1.643284e+00
      vertex   -6.474864e-01 5.970068e+01 1.618309e+00
      vertex   -5.761283e-01 5.943988e+01 1.643284e+00
    endloop
  endfacet
  facet normal -3.388890e-01 -1.811400e-01 -9.232240e-01
    outer loop
      vertex   -5.761283e-01 5.943988e+01 1.643284e+00
      vertex   -6.474864e-01 5.970068e+01 1.618309e+00
      vertex   -5.259947e-01 5.947338e+01 1.618309e+00
    endloop
  endfacet
  facet normal -2.970387e-01 -2.437734e-01 -9.232240e-01
    outer loop
      vertex   -5.761283e-01 5.943988e+01 1.643284e+00
      vertex   -5.259947e-01 5.947338e+01 1.618309e+00
      vertex   -4.051294e-01 5.923152e+01 1.643284e+00
    endloop
  endfacet
  facet normal -2.970387e-01 -2.437734e-01 -9.232240e-01
    outer loop
      vertex   -4.051294e-01 5.923152e+01 1.643284e+00
      vertex   -5.259947e-01 5.947338e+01 1.618309e+00
      vertex   -3.624942e-01 5.927416e+01 1.618309e+00
    endloop
  endfacet
  facet normal -2.437734e-01 -2.970387e-01 -9.232240e-01
    outer loop
      vertex   -4.051294e-01 5.923152e+01 1.643284e+00
      vertex   -3.624942e-01 5.927416e+01 1.618309e+00
      vertex   -1.967667e-01 5.906052e+01 1.643284e+00
    endloop
  endfacet
  facet normal -2.437734e-01 -2.970387e-01 -9.232240e-01
    outer loop
      vertex   -1.967667e-01 5.906052e+01 1.643284e+00
      vertex   -3.624942e-01 5.927416e+01 1.618309e+00
      vertex   -1.632684e-01 5.911066e+01 1.618309e+00
    endloop
  endfacet
  facet normal -1.811400e-01 -3.388890e-01 -9.232240e-01
    outer loop
      vertex   -1.967667e-01 5.906052e+01 1.643284e+00
      vertex   -1.632684e-01 5.911066e+01 1.618309e+00
      vertex   4.095269e-02 5.893346e+01 1.643284e+00
    endloop
  endfacet
  facet normal -1.811400e-01 -3.388890e-01 -9.232240e-01
    outer loop
      vertex   4.095269e-02 5.893346e+01 1.643284e+00
      vertex   -1.632684e-01 5.911066e+01 1.618309e+00
      vertex   6.402667e-02 5.898916e+01 1.618309e+00
    endloop
  endfacet
  facet normal -1.115454e-01 -3.677160e-01 -9.232240e-01
    outer loop
      vertex   4.095269e-02 5.893346e+01 1.643284e+00
      vertex   6.402667e-02 5.898916e+01 1.618309e+00
      vertex   2.988932e-01 5.885521e+01 1.643284e+00
    endloop
  endfacet
  facet normal -1.115454e-01 -3.677160e-01 -9.232240e-01
    outer loop
      vertex   2.988932e-01 5.885521e+01 1.643284e+00
      vertex   6.402667e-02 5.898916e+01 1.618309e+00
      vertex   3.106562e-01 5.891435e+01 1.618309e+00
    endloop
  endfacet
  facet normal -1.305154e-01 -1.285465e-02 -9.913629e-01
    outer loop
      vertex   -7.475624e-01 6.020379e+01 1.618309e+00
      vertex   -6.828576e-01 6.020379e+01 1.609790e+00
      vertex   -7.223007e-01 5.994731e+01 1.618309e+00
    endloop
  endfacet
  facet normal -1.305154e-01 -1.285465e-02 -9.913629e-01
    outer loop
      vertex   -7.223007e-01 5.994731e+01 1.618309e+00
      vertex   -6.828576e-01 6.020379e+01 1.609790e+00
      vertex   -6.588392e-01 5.995993e+01 1.609790e+00
    endloop
  endfacet
  facet normal -1.254998e-01 -3.806994e-02 -9.913629e-01
    outer loop
      vertex   -7.223007e-01 5.994731e+01 1.618309e+00
      vertex   -6.588392e-01 5.995993e+01 1.609790e+00
      vertex   -6.474864e-01 5.970068e+01 1.618309e+00
    endloop
  endfacet
  facet normal -1.254998e-01 -3.806994e-02 -9.913629e-01
    outer loop
      vertex   -6.474864e-01 5.970068e+01 1.618309e+00
      vertex   -6.588392e-01 5.995993e+01 1.609790e+00
      vertex   -5.877070e-01 5.972544e+01 1.609790e+00
    endloop
  endfacet
  facet normal -1.156613e-01 -6.182223e-02 -9.913629e-01
    outer loop
      vertex   -6.474864e-01 5.970068e+01 1.618309e+00
      vertex   -5.877070e-01 5.972544e+01 1.609790e+00
      vertex   -5.259947e-01 5.947338e+01 1.618309e+00
    endloop
  endfacet
  facet normal -1.156613e-01 -6.182223e-02 -9.913629e-01
    outer loop
      vertex   -5.259947e-01 5.947338e+01 1.618309e+00
      vertex   -5.877070e-01 5.972544e+01 1.609790e+00
      vertex   -4.721946e-01 5.950933e+01 1.609790e+00
    endloop
  endfacet
  facet normal -1.013779e-01 -8.319872e-02 -9.913629e-01
    outer loop
      vertex   -5.259947e-01 5.947338e+01 1.618309e+00
      vertex   -4.721946e-01 5.950933e+01 1.609790e+00
      vertex   -3.624942e-01 5.927416e+01 1.618309e+00
    endloop
  endfacet
  facet normal -1.013779e-01 -8.319872e-02 -9.913629e-01
    outer loop
      vertex   -3.624942e-01 5.927416e+01 1.618309e+00
      vertex   -4.721946e-01 5.950933e+01 1.609790e+00
      vertex   -3.167411e-01 5.931991e+01 1.609790e+00
    endloop
  endfacet
  facet normal -8.319872e-02 -1.013779e-01 -9.913629e-01
    outer loop
      vertex   -3.624942e-01 5.927416e+01 1.618309e+00
      vertex   -3.167411e-01 5.931991e+01 1.609790e+00
      vertex   -1.632684e-01 5.911066e+01 1.618309e+00
    endloop
  endfacet
  facet normal -8.319872e-02 -1.013779e-01 -9.913629e-01
    outer loop
      vertex   -1.632684e-01 5.911066e+01 1.618309e+00
      vertex   -3.167411e-01 5.931991e+01 1.609790e+00
      vertex   -1.273204e-01 5.916446e+01 1.609790e+00
    endloop
  endfacet
  facet normal -6.182223e-02 -1.156613e-01 -9.913629e-01
    outer loop
      vertex   -1.632684e-01 5.911066e+01 1.618309e+00
      vertex   -1.273204e-01 5.916446e+01 1.609790e+00
      vertex   6.402667e-02 5.898916e+01 1.618309e+00
    endloop
  endfacet
  facet normal -6.182223e-02 -1.156613e-01 -9.913629e-01
    outer loop
      vertex   6.402667e-02 5.898916e+01 1.618309e+00
      vertex   -1.273204e-01 5.916446e+01 1.609790e+00
      vertex   8.878811e-02 5.904894e+01 1.609790e+00
    endloop
  endfacet
  facet normal -3.806994e-02 -1.254998e-01 -9.913629e-01
    outer loop
      vertex   6.402667e-02 5.898916e+01 1.618309e+00
      vertex   8.878811e-02 5.904894e+01 1.609790e+00
      vertex   3.106562e-01 5.891435e+01 1.618309e+00
    endloop
  endfacet
  facet normal -3.806994e-02 -1.254998e-01 -9.913629e-01
    outer loop
      vertex   3.106562e-01 5.891435e+01 1.618309e+00
      vertex   8.878811e-02 5.904894e+01 1.609790e+00
      vertex   3.232795e-01 5.897781e+01 1.609790e+00
    endloop
  endfacet
  facet normal -9.914449e-01 4.106732e-16 -1.305262e-01
    outer loop
      vertex   -9.243391e-01 8.952937e+01 1.795086e+00
      vertex   -9.243391e-01 8.813291e+01 1.795086e+00
      vertex   -9.328576e-01 8.952937e+01 1.859790e+00
    endloop
  endfacet
  facet normal -9.914449e-01 3.157465e-16 -1.305262e-01
    outer loop
      vertex   -9.328576e-01 8.952937e+01 1.859790e+00
      vertex   -9.243391e-01 8.813291e+01 1.795086e+00
      vertex   -9.243391e-01 8.673646e+01 1.795086e+00
    endloop
  endfacet
  facet normal -9.914449e-01 3.157830e-16 -1.305262e-01
    outer loop
      vertex   -9.328576e-01 8.952937e+01 1.859790e+00
      vertex   -9.243391e-01 8.673646e+01 1.795086e+00
      vertex   -9.243391e-01 8.534000e+01 1.795086e+00
    endloop
  endfacet
  facet normal -9.238795e-01 2.938044e-16 -3.826834e-01
    outer loop
      vertex   -9.243391e-01 8.534000e+01 1.795086e+00
      vertex   -9.243391e-01 8.673646e+01 1.795086e+00
      vertex   -8.993639e-01 8.534000e+01 1.734790e+00
    endloop
  endfacet
  facet normal -9.238795e-01 3.665811e-16 -3.826834e-01
    outer loop
      vertex   -9.243391e-01 8.534000e+01 1.795086e+00
      vertex   -8.993639e-01 8.534000e+01 1.734790e+00
      vertex   -8.993639e-01 8.394355e+01 1.734790e+00
    endloop
  endfacet
  facet normal -7.933533e-01 3.153694e-16 -6.087614e-01
    outer loop
      vertex   -8.993639e-01 8.394355e+01 1.734790e+00
      vertex   -8.993639e-01 8.534000e+01 1.734790e+00
      vertex   -8.596343e-01 8.394355e+01 1.683014e+00
    endloop
  endfacet
  facet normal -7.933533e-01 3.439985e-16 -6.087614e-01
    outer loop
      vertex   -8.993639e-01 8.394355e+01 1.734790e+00
      vertex   -8.596343e-01 8.394355e+01 1.683014e+00
      vertex   -8.596343e-01 8.254709e+01 1.683014e+00
    endloop
  endfacet
  facet normal -6.087614e-01 2.126403e-16 -7.933533e-01
    outer loop
      vertex   -8.596343e-01 8.254709e+01 1.683014e+00
      vertex   -8.596343e-01 8.394355e+01 1.683014e+00
      vertex   -8.078576e-01 8.254709e+01 1.643284e+00
    endloop
  endfacet
  facet normal -6.087614e-01 1.369148e-16 -7.933533e-01
    outer loop
      vertex   -8.596343e-01 8.254709e+01 1.683014e+00
      vertex   -8.078576e-01 8.254709e+01 1.643284e+00
      vertex   -8.078576e-01 8.115063e+01 1.643284e+00
    endloop
  endfacet
  facet normal -3.826834e-01 -5.040886e-17 -9.238795e-01
    outer loop
      vertex   -8.078576e-01 8.115063e+01 1.643284e+00
      vertex   -8.078576e-01 8.254709e+01 1.643284e+00
      vertex   -7.475624e-01 8.115063e+01 1.618309e+00
    endloop
  endfacet
  facet normal -3.826834e-01 1.564824e-16 -9.238795e-01
    outer loop
      vertex   -8.078576e-01 8.115063e+01 1.643284e+00
      vertex   -7.475624e-01 8.115063e+01 1.618309e+00
      vertex   -7.475624e-01 7.975418e+01 1.618309e+00
    endloop
  endfacet
  facet normal -1.305262e-01 -5.387337e-17 -9.914449e-01
    outer loop
      vertex   -7.475624e-01 7.975418e+01 1.618309e+00
      vertex   -7.475624e-01 8.115063e+01 1.618309e+00
      vertex   -6.828576e-01 8.952937e+01 1.609790e+00
    endloop
  endfacet
  facet normal -1.305262e-01 -3.311895e-17 -9.914449e-01
    outer loop
      vertex   -7.475624e-01 7.975418e+01 1.618309e+00
      vertex   -6.828576e-01 8.952937e+01 1.609790e+00
      vertex   -7.475624e-01 7.835772e+01 1.618309e+00
    endloop
  endfacet
  facet normal -1.305262e-01 1.037721e-16 -9.914449e-01
    outer loop
      vertex   -7.475624e-01 7.835772e+01 1.618309e+00
      vertex   -6.828576e-01 8.952937e+01 1.609790e+00
      vertex   -7.475624e-01 7.696127e+01 1.618309e+00
    endloop
  endfacet
  facet normal -3.826834e-01 3.042444e-16 -9.238795e-01
    outer loop
      vertex   -7.475624e-01 7.835772e+01 1.618309e+00
      vertex   -7.475624e-01 7.696127e+01 1.618309e+00
      vertex   -8.078576e-01 7.835772e+01 1.643284e+00
    endloop
  endfacet
  facet normal -3.826834e-01 1.269178e-16 -9.238795e-01
    outer loop
      vertex   -8.078576e-01 7.835772e+01 1.643284e+00
      vertex   -7.475624e-01 7.696127e+01 1.618309e+00
      vertex   -8.078576e-01 7.696127e+01 1.643284e+00
    endloop
  endfacet
  facet normal -6.087614e-01 3.094369e-16 -7.933533e-01
    outer loop
      vertex   -8.078576e-01 7.835772e+01 1.643284e+00
      vertex   -8.078576e-01 7.696127e+01 1.643284e+00
      vertex   -8.596343e-01 7.835772e+01 1.683014e+00
    endloop
  endfacet
  facet normal -6.087614e-01 1.642420e-16 -7.933533e-01
    outer loop
      vertex   -8.596343e-01 7.835772e+01 1.683014e+00
      vertex   -8.078576e-01 7.696127e+01 1.643284e+00
      vertex   -8.596343e-01 7.696127e+01 1.683014e+00
    endloop
  endfacet
  facet normal -7.933533e-01 2.816467e-16 -6.087614e-01
    outer loop
      vertex   -8.596343e-01 7.835772e+01 1.683014e+00
      vertex   -8.596343e-01 7.696127e+01 1.683014e+00
      vertex   -8.993639e-01 7.835772e+01 1.734790e+00
    endloop
  endfacet
  facet normal -7.933533e-01 1.848501e-16 -6.087614e-01
    outer loop
      vertex   -8.993639e-01 7.835772e+01 1.734790e+00
      vertex   -8.596343e-01 7.696127e+01 1.683014e+00
      vertex   -8.993639e-01 7.696127e+01 1.734790e+00
    endloop
  endfacet
  facet normal -9.238795e-01 3.190088e-16 -3.826834e-01
    outer loop
      vertex   -8.993639e-01 7.835772e+01 1.734790e+00
      vertex   -8.993639e-01 7.696127e+01 1.734790e+00
      vertex   -9.243391e-01 7.835772e+01 1.795086e+00
    endloop
  endfacet
  facet normal -9.238795e-01 2.203533e-16 -3.826834e-01
    outer loop
      vertex   -9.243391e-01 7.835772e+01 1.795086e+00
      vertex   -8.993639e-01 7.696127e+01 1.734790e+00
      vertex   -9.243391e-01 7.696127e+01 1.795086e+00
    endloop
  endfacet
  facet normal -9.914449e-01 2.364682e-16 -1.305262e-01
    outer loop
      vertex   -9.243391e-01 7.835772e+01 1.795086e+00
      vertex   -9.243391e-01 7.696127e+01 1.795086e+00
      vertex   -9.328576e-01 8.952937e+01 1.859790e+00
    endloop
  endfacet
  facet normal -9.914449e-01 2.366029e-16 -1.305262e-01
    outer loop
      vertex   -9.328576e-01 8.952937e+01 1.859790e+00
      vertex   -9.243391e-01 7.696127e+01 1.795086e+00
      vertex   -9.243391e-01 7.556481e+01 1.795086e+00
    endloop
  endfacet
  facet normal -9.914449e-01 3.151556e-16 -1.305262e-01
    outer loop
      vertex   -9.328576e-01 8.952937e+01 1.859790e+00
      vertex   -9.243391e-01 7.556481e+01 1.795086e+00
      vertex   -9.243391e-01 7.416835e+01 1.795086e+00
    endloop
  endfacet
  facet normal -9.238795e-01 2.938044e-16 -3.826834e-01
    outer loop
      vertex   -9.243391e-01 7.416835e+01 1.795086e+00
      vertex   -9.243391e-01 7.556481e+01 1.795086e+00
      vertex   -8.993639e-01 7.416835e+01 1.734790e+00
    endloop
  endfacet
  facet normal -9.238795e-01 3.808350e-16 -3.826834e-01
    outer loop
      vertex   -9.243391e-01 7.416835e+01 1.795086e+00
      vertex   -8.993639e-01 7.416835e+01 1.734790e+00
      vertex   -8.993639e-01 7.277190e+01 1.734790e+00
    endloop
  endfacet
  facet normal -7.933533e-01 2.816467e-16 -6.087614e-01
    outer loop
      vertex   -8.993639e-01 7.277190e+01 1.734790e+00
      vertex   -8.993639e-01 7.416835e+01 1.734790e+00
      vertex   -8.596343e-01 7.277190e+01 1.683014e+00
    endloop
  endfacet
  facet normal -7.933533e-01 3.456049e-16 -6.087614e-01
    outer loop
      vertex   -8.993639e-01 7.277190e+01 1.734790e+00
      vertex   -8.596343e-01 7.277190e+01 1.683014e+00
      vertex   -8.596343e-01 7.137544e+01 1.683014e+00
    endloop
  endfacet
  facet normal -6.087614e-01 2.126403e-16 -7.933533e-01
    outer loop
      vertex   -8.596343e-01 7.137544e+01 1.683014e+00
      vertex   -8.596343e-01 7.277190e+01 1.683014e+00
      vertex   -8.078576e-01 7.137544e+01 1.643284e+00
    endloop
  endfacet
  facet normal -6.087614e-01 3.077634e-16 -7.933533e-01
    outer loop
      vertex   -8.596343e-01 7.137544e+01 1.683014e+00
      vertex   -8.078576e-01 7.137544e+01 1.643284e+00
      vertex   -8.078576e-01 6.997899e+01 1.643284e+00
    endloop
  endfacet
  facet normal -3.826834e-01 1.269178e-16 -9.238795e-01
    outer loop
      vertex   -8.078576e-01 6.997899e+01 1.643284e+00
      vertex   -8.078576e-01 7.137544e+01 1.643284e+00
      vertex   -7.475624e-01 6.997899e+01 1.618309e+00
    endloop
  endfacet
  facet normal -3.826834e-01 3.040151e-16 -9.238795e-01
    outer loop
      vertex   -8.078576e-01 6.997899e+01 1.643284e+00
      vertex   -7.475624e-01 6.997899e+01 1.618309e+00
      vertex   -7.475624e-01 6.858253e+01 1.618309e+00
    endloop
  endfacet
  facet normal -1.305262e-01 1.037721e-16 -9.914449e-01
    outer loop
      vertex   -7.475624e-01 6.858253e+01 1.618309e+00
      vertex   -7.475624e-01 6.997899e+01 1.618309e+00
      vertex   -6.828576e-01 6.020379e+01 1.609790e+00
    endloop
  endfacet
  facet normal -1.305262e-01 -5.387337e-17 -9.914449e-01
    outer loop
      vertex   -7.475624e-01 6.858253e+01 1.618309e+00
      vertex   -6.828576e-01 6.020379e+01 1.609790e+00
      vertex   -7.475624e-01 6.718607e+01 1.618309e+00
    endloop
  endfacet
  facet normal -1.305262e-01 -1.907644e-16 -9.914449e-01
    outer loop
      vertex   -7.475624e-01 6.718607e+01 1.618309e+00
      vertex   -6.828576e-01 6.020379e+01 1.609790e+00
      vertex   -7.475624e-01 6.578962e+01 1.618309e+00
    endloop
  endfacet
  facet normal -3.826834e-01 7.128890e-17 -9.238795e-01
    outer loop
      vertex   -7.475624e-01 6.718607e+01 1.618309e+00
      vertex   -7.475624e-01 6.578962e+01 1.618309e+00
      vertex   -8.078576e-01 6.718607e+01 1.643284e+00
    endloop
  endfacet
  facet normal -3.826834e-01 -1.973111e-16 -9.238795e-01
    outer loop
      vertex   -8.078576e-01 6.718607e+01 1.643284e+00
      vertex   -7.475624e-01 6.578962e+01 1.618309e+00
      vertex   -8.078576e-01 6.578962e+01 1.643284e+00
    endloop
  endfacet
  facet normal -6.087614e-01 8.743044e-18 -7.933533e-01
    outer loop
      vertex   -8.078576e-01 6.718607e+01 1.643284e+00
      vertex   -8.078576e-01 6.578962e+01 1.643284e+00
      vertex   -8.596343e-01 6.718607e+01 1.683014e+00
    endloop
  endfacet
  facet normal -6.087614e-01 1.642420e-16 -7.933533e-01
    outer loop
      vertex   -8.596343e-01 6.718607e+01 1.683014e+00
      vertex   -8.078576e-01 6.578962e+01 1.643284e+00
      vertex   -8.596343e-01 6.578962e+01 1.683014e+00
    endloop
  endfacet
  facet normal -7.933533e-01 2.816467e-16 -6.087614e-01
    outer loop
      vertex   -8.596343e-01 6.718607e+01 1.683014e+00
      vertex   -8.596343e-01 6.578962e+01 1.683014e+00
      vertex   -8.993639e-01 6.718607e+01 1.734790e+00
    endloop
  endfacet
  facet normal -7.933533e-01 1.217763e-16 -6.087614e-01
    outer loop
      vertex   -8.993639e-01 6.718607e+01 1.734790e+00
      vertex   -8.596343e-01 6.578962e+01 1.683014e+00
      vertex   -8.993639e-01 6.578962e+01 1.734790e+00
    endloop
  endfacet
  facet normal -9.238795e-01 2.455577e-16 -3.826834e-01
    outer loop
      vertex   -8.993639e-01 6.718607e+01 1.734790e+00
      vertex   -8.993639e-01 6.578962e+01 1.734790e+00
      vertex   -9.243391e-01 6.718607e+01 1.795086e+00
    endloop
  endfacet
  facet normal -9.238795e-01 2.938044e-16 -3.826834e-01
    outer loop
      vertex   -9.243391e-01 6.718607e+01 1.795086e+00
      vertex   -8.993639e-01 6.578962e+01 1.734790e+00
      vertex   -9.243391e-01 6.578962e+01 1.795086e+00
    endloop
  endfacet
  facet normal -9.914449e-01 3.152909e-16 -1.305262e-01
    outer loop
      vertex   -9.243391e-01 6.718607e+01 1.795086e+00
      vertex   -9.243391e-01 6.578962e+01 1.795086e+00
      vertex   -9.328576e-01 6.020379e+01 1.859790e+00
    endloop
  endfacet
  facet normal -9.914449e-01 3.156992e-16 -1.305262e-01
    outer loop
      vertex   -9.328576e-01 6.020379e+01 1.859790e+00
      vertex   -9.243391e-01 6.578962e+01 1.795086e+00
      vertex   -9.243391e-01 6.439316e+01 1.795086e+00
    endloop
  endfacet
  facet normal -9.914449e-01 3.157357e-16 -1.305262e-01
    outer loop
      vertex   -9.328576e-01 6.020379e+01 1.859790e+00
      vertex   -9.243391e-01 6.439316e+01 1.795086e+00
      vertex   -9.243391e-01 6.299671e+01 1.795086e+00
    endloop
  endfacet
  facet normal -9.238795e-01 2.938044e-16 -3.826834e-01
    outer loop
      vertex   -9.243391e-01 6.299671e+01 1.795086e+00
      vertex   -9.243391e-01 6.439316e+01 1.795086e+00
      vertex   -8.993639e-01 6.299671e+01 1.734790e+00
    endloop
  endfacet
  facet normal -9.238795e-01 3.056887e-16 -3.826834e-01
    outer loop
      vertex   -9.243391e-01 6.299671e+01 1.795086e+00
      vertex   -8.993639e-01 6.299671e+01 1.734790e+00
      vertex   -8.993639e-01 6.160025e+01 1.734790e+00
    endloop
  endfacet
  facet normal -7.933533e-01 2.185728e-16 -6.087614e-01
    outer loop
      vertex   -8.993639e-01 6.160025e+01 1.734790e+00
      vertex   -8.993639e-01 6.299671e+01 1.734790e+00
      vertex   -8.596343e-01 6.160025e+01 1.683014e+00
    endloop
  endfacet
  facet normal -7.933533e-01 8.881558e-15 -6.087614e-01
    outer loop
      vertex   -8.993639e-01 6.160025e+01 1.734790e+00
      vertex   -8.596343e-01 6.160025e+01 1.683014e+00
      vertex   -8.596343e-01 6.020379e+01 1.683014e+00
    endloop
  endfacet
  facet normal -6.087614e-01 8.732925e-15 -7.933533e-01
    outer loop
      vertex   -8.596343e-01 6.020379e+01 1.683014e+00
      vertex   -8.596343e-01 6.160025e+01 1.683014e+00
      vertex   -8.078576e-01 6.020379e+01 1.643284e+00
    endloop
  endfacet
  facet normal -6.087614e-01 6.904093e-15 -7.933533e-01
    outer loop
      vertex   -8.078576e-01 6.020379e+01 1.643284e+00
      vertex   -8.596343e-01 6.160025e+01 1.683014e+00
      vertex   -8.078576e-01 6.160025e+01 1.643284e+00
    endloop
  endfacet
  facet normal -3.826834e-01 6.976588e-15 -9.238795e-01
    outer loop
      vertex   -8.078576e-01 6.020379e+01 1.643284e+00
      vertex   -8.078576e-01 6.160025e+01 1.643284e+00
      vertex   -7.475624e-01 6.020379e+01 1.618309e+00
    endloop
  endfacet
  facet normal -3.826834e-01 4.675666e-15 -9.238795e-01
    outer loop
      vertex   -7.475624e-01 6.020379e+01 1.618309e+00
      vertex   -8.078576e-01 6.160025e+01 1.643284e+00
      vertex   -7.475624e-01 6.160025e+01 1.618309e+00
    endloop
  endfacet
  facet normal -1.305262e-01 4.928519e-15 -9.914449e-01
    outer loop
      vertex   -7.475624e-01 6.020379e+01 1.618309e+00
      vertex   -7.475624e-01 6.160025e+01 1.618309e+00
      vertex   -6.828576e-01 6.020379e+01 1.609790e+00
    endloop
  endfacet
  facet normal -1.305262e-01 -5.407954e-17 -9.914449e-01
    outer loop
      vertex   -6.828576e-01 6.020379e+01 1.609790e+00
      vertex   -7.475624e-01 6.160025e+01 1.618309e+00
      vertex   -7.475624e-01 6.299671e+01 1.618309e+00
    endloop
  endfacet
  facet normal -1.305262e-01 -5.438262e-17 -9.914449e-01
    outer loop
      vertex   -6.828576e-01 6.020379e+01 1.609790e+00
      vertex   -7.475624e-01 6.299671e+01 1.618309e+00
      vertex   -7.475624e-01 6.439316e+01 1.618309e+00
    endloop
  endfacet
  facet normal -3.826834e-01 1.573422e-16 -9.238795e-01
    outer loop
      vertex   -7.475624e-01 6.439316e+01 1.618309e+00
      vertex   -7.475624e-01 6.299671e+01 1.618309e+00
      vertex   -8.078576e-01 6.439316e+01 1.643284e+00
    endloop
  endfacet
  facet normal -3.826834e-01 9.592688e-17 -9.238795e-01
    outer loop
      vertex   -7.475624e-01 6.439316e+01 1.618309e+00
      vertex   -8.078576e-01 6.439316e+01 1.643284e+00
      vertex   -8.078576e-01 6.578962e+01 1.643284e+00
    endloop
  endfacet
  facet normal -6.087614e-01 2.610386e-16 -7.933533e-01
    outer loop
      vertex   -8.078576e-01 6.578962e+01 1.643284e+00
      vertex   -8.078576e-01 6.439316e+01 1.643284e+00
      vertex   -8.596343e-01 6.578962e+01 1.683014e+00
    endloop
  endfacet
  facet normal -9.238795e-01 2.581599e-16 -3.826834e-01
    outer loop
      vertex   -9.243391e-01 8.813291e+01 1.795086e+00
      vertex   -9.243391e-01 8.952937e+01 1.795086e+00
      vertex   -8.993639e-01 8.813291e+01 1.734790e+00
    endloop
  endfacet
  facet normal -9.238795e-01 5.267599e-16 -3.826834e-01
    outer loop
      vertex   -8.993639e-01 8.813291e+01 1.734790e+00
      vertex   -9.243391e-01 8.952937e+01 1.795086e+00
      vertex   -8.993639e-01 8.952937e+01 1.734790e+00
    endloop
  endfacet
  facet normal -7.933533e-01 4.077945e-16 -6.087614e-01
    outer loop
      vertex   -8.993639e-01 8.813291e+01 1.734790e+00
      vertex   -8.993639e-01 8.952937e+01 1.734790e+00
      vertex   -8.596343e-01 8.813291e+01 1.683014e+00
    endloop
  endfacet
  facet normal -7.933533e-01 2.816467e-16 -6.087614e-01
    outer loop
      vertex   -8.596343e-01 8.813291e+01 1.683014e+00
      vertex   -8.993639e-01 8.952937e+01 1.734790e+00
      vertex   -8.596343e-01 8.952937e+01 1.683014e+00
    endloop
  endfacet
  facet normal -6.087614e-01 1.642420e-16 -7.933533e-01
    outer loop
      vertex   -8.596343e-01 8.813291e+01 1.683014e+00
      vertex   -8.596343e-01 8.952937e+01 1.683014e+00
      vertex   -8.078576e-01 8.813291e+01 1.643284e+00
    endloop
  endfacet
  facet normal -6.087614e-01 2.903898e-16 -7.933533e-01
    outer loop
      vertex   -8.078576e-01 8.813291e+01 1.643284e+00
      vertex   -8.596343e-01 8.952937e+01 1.683014e+00
      vertex   -8.078576e-01 8.952937e+01 1.643284e+00
    endloop
  endfacet
  facet normal -3.826834e-01 1.825466e-16 -9.238795e-01
    outer loop
      vertex   -8.078576e-01 8.813291e+01 1.643284e+00
      vertex   -8.078576e-01 8.952937e+01 1.643284e+00
      vertex   -7.475624e-01 8.813291e+01 1.618309e+00
    endloop
  endfacet
  facet normal -3.826834e-01 1.216978e-16 -9.238795e-01
    outer loop
      vertex   -7.475624e-01 8.813291e+01 1.618309e+00
      vertex   -8.078576e-01 8.952937e+01 1.643284e+00
      vertex   -7.475624e-01 8.952937e+01 1.618309e+00
    endloop
  endfacet
  facet normal -1.305262e-01 4.150884e-17 -9.914449e-01
    outer loop
      vertex   -7.475624e-01 8.813291e+01 1.618309e+00
      vertex   -7.475624e-01 8.952937e+01 1.618309e+00
      vertex   -6.828576e-01 8.952937e+01 1.609790e+00
    endloop
  endfacet
  facet normal -1.305262e-01 -7.462779e-17 -9.914449e-01
    outer loop
      vertex   -7.475624e-01 7.696127e+01 1.618309e+00
      vertex   -6.828576e-01 8.952937e+01 1.609790e+00
      vertex   -7.475624e-01 7.556481e+01 1.618309e+00
    endloop
  endfacet
  facet normal -1.305262e-01 9.538043e-17 -9.914449e-01
    outer loop
      vertex   -7.475624e-01 7.556481e+01 1.618309e+00
      vertex   -6.828576e-01 8.952937e+01 1.609790e+00
      vertex   -6.828576e-01 6.020379e+01 1.609790e+00
    endloop
  endfacet
  facet normal -1.305262e-01 -5.387337e-17 -9.914449e-01
    outer loop
      vertex   -7.475624e-01 7.556481e+01 1.618309e+00
      vertex   -6.828576e-01 6.020379e+01 1.609790e+00
      vertex   -7.475624e-01 7.416835e+01 1.618309e+00
    endloop
  endfacet
  facet normal -1.305262e-01 1.037721e-16 -9.914449e-01
    outer loop
      vertex   -7.475624e-01 7.416835e+01 1.618309e+00
      vertex   -6.828576e-01 6.020379e+01 1.609790e+00
      vertex   -7.475624e-01 7.277190e+01 1.618309e+00
    endloop
  endfacet
  facet normal -3.826834e-01 3.042444e-16 -9.238795e-01
    outer loop
      vertex   -7.475624e-01 7.416835e+01 1.618309e+00
      vertex   -7.475624e-01 7.277190e+01 1.618309e+00
      vertex   -8.078576e-01 7.416835e+01 1.643284e+00
    endloop
  endfacet
  facet normal -3.826834e-01 1.269178e-16 -9.238795e-01
    outer loop
      vertex   -8.078576e-01 7.416835e+01 1.643284e+00
      vertex   -7.475624e-01 7.277190e+01 1.618309e+00
      vertex   -8.078576e-01 7.277190e+01 1.643284e+00
    endloop
  endfacet
  facet normal -6.087614e-01 3.094369e-16 -7.933533e-01
    outer loop
      vertex   -8.078576e-01 7.416835e+01 1.643284e+00
      vertex   -8.078576e-01 7.277190e+01 1.643284e+00
      vertex   -8.596343e-01 7.416835e+01 1.683014e+00
    endloop
  endfacet
  facet normal -6.087614e-01 1.642420e-16 -7.933533e-01
    outer loop
      vertex   -8.596343e-01 7.416835e+01 1.683014e+00
      vertex   -8.078576e-01 7.277190e+01 1.643284e+00
      vertex   -8.596343e-01 7.277190e+01 1.683014e+00
    endloop
  endfacet
  facet normal -7.933533e-01 2.816467e-16 -6.087614e-01
    outer loop
      vertex   -8.596343e-01 7.416835e+01 1.683014e+00
      vertex   -8.596343e-01 7.277190e+01 1.683014e+00
      vertex   -8.993639e-01 7.416835e+01 1.734790e+00
    endloop
  endfacet
  facet normal -7.933533e-01 1.008663e-14 -6.087614e-01
    outer loop
      vertex   -8.596343e-01 6.020379e+01 1.683014e+00
      vertex   -8.993639e-01 6.020379e+01 1.734790e+00
      vertex   -8.993639e-01 6.160025e+01 1.734790e+00
    endloop
  endfacet
  facet normal -9.238795e-01 1.039620e-14 -3.826834e-01
    outer loop
      vertex   -8.993639e-01 6.160025e+01 1.734790e+00
      vertex   -8.993639e-01 6.020379e+01 1.734790e+00
      vertex   -9.243391e-01 6.160025e+01 1.795086e+00
    endloop
  endfacet
  facet normal -9.238795e-01 2.214016e-16 -3.826834e-01
    outer loop
      vertex   -8.993639e-01 6.160025e+01 1.734790e+00
      vertex   -9.243391e-01 6.160025e+01 1.795086e+00
      vertex   -9.243391e-01 6.299671e+01 1.795086e+00
    endloop
  endfacet
  facet normal -9.914449e-01 2.364682e-16 -1.305262e-01
    outer loop
      vertex   -9.243391e-01 6.299671e+01 1.795086e+00
      vertex   -9.243391e-01 6.160025e+01 1.795086e+00
      vertex   -9.328576e-01 6.020379e+01 1.859790e+00
    endloop
  endfacet
  facet normal -9.238795e-01 1.106279e-14 -3.826834e-01
    outer loop
      vertex   -8.993639e-01 6.020379e+01 1.734790e+00
      vertex   -9.243391e-01 6.020379e+01 1.795086e+00
      vertex   -9.243391e-01 6.160025e+01 1.795086e+00
    endloop
  endfacet
  facet normal -9.914449e-01 1.151651e-14 -1.305262e-01
    outer loop
      vertex   -9.243391e-01 6.160025e+01 1.795086e+00
      vertex   -9.243391e-01 6.020379e+01 1.795086e+00
      vertex   -9.328576e-01 6.020379e+01 1.859790e+00
    endloop
  endfacet
  facet normal -9.914449e-01 8.267503e-16 -1.305262e-01
    outer loop
      vertex   -9.328576e-01 8.952937e+01 1.859790e+00
      vertex   -9.243391e-01 7.416835e+01 1.795086e+00
      vertex   -9.328576e-01 6.020379e+01 1.859790e+00
    endloop
  endfacet
  facet normal -9.914449e-01 2.360807e-16 -1.305262e-01
    outer loop
      vertex   -9.328576e-01 6.020379e+01 1.859790e+00
      vertex   -9.243391e-01 7.416835e+01 1.795086e+00
      vertex   -9.243391e-01 7.277190e+01 1.795086e+00
    endloop
  endfacet
  facet normal -9.914449e-01 3.158231e-16 -1.305262e-01
    outer loop
      vertex   -9.328576e-01 6.020379e+01 1.859790e+00
      vertex   -9.243391e-01 7.277190e+01 1.795086e+00
      vertex   -9.243391e-01 7.137544e+01 1.795086e+00
    endloop
  endfacet
  facet normal -9.238795e-01 2.938044e-16 -3.826834e-01
    outer loop
      vertex   -9.243391e-01 7.137544e+01 1.795086e+00
      vertex   -9.243391e-01 7.277190e+01 1.795086e+00
      vertex   -8.993639e-01 7.137544e+01 1.734790e+00
    endloop
  endfacet
  facet normal -9.238795e-01 3.054519e-16 -3.826834e-01
    outer loop
      vertex   -9.243391e-01 7.137544e+01 1.795086e+00
      vertex   -8.993639e-01 7.137544e+01 1.734790e+00
      vertex   -8.993639e-01 6.997899e+01 1.734790e+00
    endloop
  endfacet
  facet normal -7.933533e-01 2.185728e-16 -6.087614e-01
    outer loop
      vertex   -8.993639e-01 6.997899e+01 1.734790e+00
      vertex   -8.993639e-01 7.137544e+01 1.734790e+00
      vertex   -8.596343e-01 6.997899e+01 1.683014e+00
    endloop
  endfacet
  facet normal -7.933533e-01 2.823280e-16 -6.087614e-01
    outer loop
      vertex   -8.993639e-01 6.997899e+01 1.734790e+00
      vertex   -8.596343e-01 6.997899e+01 1.683014e+00
      vertex   -8.596343e-01 6.858253e+01 1.683014e+00
    endloop
  endfacet
  facet normal -6.087614e-01 1.642420e-16 -7.933533e-01
    outer loop
      vertex   -8.596343e-01 6.858253e+01 1.683014e+00
      vertex   -8.596343e-01 6.997899e+01 1.683014e+00
      vertex   -8.078576e-01 6.858253e+01 1.643284e+00
    endloop
  endfacet
  facet normal -6.087614e-01 3.110143e-16 -7.933533e-01
    outer loop
      vertex   -8.596343e-01 6.858253e+01 1.683014e+00
      vertex   -8.078576e-01 6.858253e+01 1.643284e+00
      vertex   -8.078576e-01 6.718607e+01 1.643284e+00
    endloop
  endfacet
  facet normal -3.826834e-01 1.269178e-16 -9.238795e-01
    outer loop
      vertex   -8.078576e-01 6.718607e+01 1.643284e+00
      vertex   -8.078576e-01 6.858253e+01 1.643284e+00
      vertex   -7.475624e-01 6.718607e+01 1.618309e+00
    endloop
  endfacet
  facet normal -9.238795e-01 2.938044e-16 -3.826834e-01
    outer loop
      vertex   -9.243391e-01 8.673646e+01 1.795086e+00
      vertex   -9.243391e-01 8.813291e+01 1.795086e+00
      vertex   -8.993639e-01 8.673646e+01 1.734790e+00
    endloop
  endfacet
  facet normal -9.238795e-01 3.064066e-16 -3.826834e-01
    outer loop
      vertex   -8.993639e-01 8.673646e+01 1.734790e+00
      vertex   -9.243391e-01 8.813291e+01 1.795086e+00
      vertex   -8.993639e-01 8.813291e+01 1.734790e+00
    endloop
  endfacet
  facet normal -7.933533e-01 2.185728e-16 -6.087614e-01
    outer loop
      vertex   -8.993639e-01 8.673646e+01 1.734790e+00
      vertex   -8.993639e-01 8.813291e+01 1.734790e+00
      vertex   -8.596343e-01 8.673646e+01 1.683014e+00
    endloop
  endfacet
  facet normal -7.933533e-01 4.077945e-16 -6.087614e-01
    outer loop
      vertex   -8.596343e-01 8.673646e+01 1.683014e+00
      vertex   -8.993639e-01 8.813291e+01 1.734790e+00
      vertex   -8.596343e-01 8.813291e+01 1.683014e+00
    endloop
  endfacet
  facet normal -6.087614e-01 2.610386e-16 -7.933533e-01
    outer loop
      vertex   -8.596343e-01 8.673646e+01 1.683014e+00
      vertex   -8.596343e-01 8.813291e+01 1.683014e+00
      vertex   -8.078576e-01 8.673646e+01 1.643284e+00
    endloop
  endfacet
  facet normal -6.087614e-01 2.610386e-16 -7.933533e-01
    outer loop
      vertex   -8.078576e-01 8.673646e+01 1.643284e+00
      vertex   -8.596343e-01 8.813291e+01 1.683014e+00
      vertex   -8.078576e-01 8.813291e+01 1.643284e+00
    endloop
  endfacet
  facet normal -3.826834e-01 9.649333e-17 -9.238795e-01
    outer loop
      vertex   -8.078576e-01 8.673646e+01 1.643284e+00
      vertex   -8.078576e-01 8.813291e+01 1.643284e+00
      vertex   -7.475624e-01 8.673646e+01 1.618309e+00
    endloop
  endfacet
  facet normal -3.826834e-01 1.573422e-16 -9.238795e-01
    outer loop
      vertex   -7.475624e-01 8.673646e+01 1.618309e+00
      vertex   -8.078576e-01 8.813291e+01 1.643284e+00
      vertex   -7.475624e-01 8.813291e+01 1.618309e+00
    endloop
  endfacet
  facet normal -1.305262e-01 -5.387337e-17 -9.914449e-01
    outer loop
      vertex   -7.475624e-01 8.673646e+01 1.618309e+00
      vertex   -7.475624e-01 8.813291e+01 1.618309e+00
      vertex   -6.828576e-01 8.952937e+01 1.609790e+00
    endloop
  endfacet
  facet normal -9.914449e-01 2.364682e-16 -1.305262e-01
    outer loop
      vertex   -9.243391e-01 8.534000e+01 1.795086e+00
      vertex   -9.243391e-01 8.394355e+01 1.795086e+00
      vertex   -9.328576e-01 8.952937e+01 1.859790e+00
    endloop
  endfacet
  facet normal -9.914449e-01 3.155495e-16 -1.305262e-01
    outer loop
      vertex   -9.328576e-01 8.952937e+01 1.859790e+00
      vertex   -9.243391e-01 8.394355e+01 1.795086e+00
      vertex   -9.243391e-01 8.254709e+01 1.795086e+00
    endloop
  endfacet
  facet normal -9.914449e-01 3.155861e-16 -1.305262e-01
    outer loop
      vertex   -9.328576e-01 8.952937e+01 1.859790e+00
      vertex   -9.243391e-01 8.254709e+01 1.795086e+00
      vertex   -9.243391e-01 8.115063e+01 1.795086e+00
    endloop
  endfacet
  facet normal -9.238795e-01 2.938044e-16 -3.826834e-01
    outer loop
      vertex   -9.243391e-01 8.115063e+01 1.795086e+00
      vertex   -9.243391e-01 8.254709e+01 1.795086e+00
      vertex   -8.993639e-01 8.115063e+01 1.734790e+00
    endloop
  endfacet
  facet normal -9.238795e-01 3.670764e-16 -3.826834e-01
    outer loop
      vertex   -9.243391e-01 8.115063e+01 1.795086e+00
      vertex   -8.993639e-01 8.115063e+01 1.734790e+00
      vertex   -8.993639e-01 7.975418e+01 1.734790e+00
    endloop
  endfacet
  facet normal -7.933533e-01 3.153694e-16 -6.087614e-01
    outer loop
      vertex   -8.993639e-01 7.975418e+01 1.734790e+00
      vertex   -8.993639e-01 8.115063e+01 1.734790e+00
      vertex   -8.596343e-01 7.975418e+01 1.683014e+00
    endloop
  endfacet
  facet normal -7.933533e-01 3.469286e-16 -6.087614e-01
    outer loop
      vertex   -8.993639e-01 7.975418e+01 1.734790e+00
      vertex   -8.596343e-01 7.975418e+01 1.683014e+00
      vertex   -8.596343e-01 7.835772e+01 1.683014e+00
    endloop
  endfacet
  facet normal -6.087614e-01 2.126403e-16 -7.933533e-01
    outer loop
      vertex   -8.596343e-01 7.835772e+01 1.683014e+00
      vertex   -8.596343e-01 7.975418e+01 1.683014e+00
      vertex   -8.078576e-01 7.835772e+01 1.643284e+00
    endloop
  endfacet
  facet normal -9.238795e-01 2.203533e-16 -3.826834e-01
    outer loop
      vertex   -9.243391e-01 8.534000e+01 1.795086e+00
      vertex   -8.993639e-01 8.394355e+01 1.734790e+00
      vertex   -9.243391e-01 8.394355e+01 1.795086e+00
    endloop
  endfacet
  facet normal -9.238795e-01 2.446248e-16 -3.826834e-01
    outer loop
      vertex   -9.243391e-01 8.394355e+01 1.795086e+00
      vertex   -8.993639e-01 8.394355e+01 1.734790e+00
      vertex   -8.993639e-01 8.254709e+01 1.734790e+00
    endloop
  endfacet
  facet normal -9.238795e-01 2.938044e-16 -3.826834e-01
    outer loop
      vertex   -9.243391e-01 8.394355e+01 1.795086e+00
      vertex   -8.993639e-01 8.254709e+01 1.734790e+00
      vertex   -9.243391e-01 8.254709e+01 1.795086e+00
    endloop
  endfacet
  facet normal -9.238795e-01 3.065341e-16 -3.826834e-01
    outer loop
      vertex   -9.243391e-01 8.254709e+01 1.795086e+00
      vertex   -8.993639e-01 8.254709e+01 1.734790e+00
      vertex   -8.993639e-01 8.115063e+01 1.734790e+00
    endloop
  endfacet
  facet normal -9.914449e-01 3.152909e-16 -1.305262e-01
    outer loop
      vertex   -9.243391e-01 7.835772e+01 1.795086e+00
      vertex   -9.328576e-01 8.952937e+01 1.859790e+00
      vertex   -9.243391e-01 7.975418e+01 1.795086e+00
    endloop
  endfacet
  facet normal -9.914449e-01 3.152909e-16 -1.305262e-01
    outer loop
      vertex   -9.243391e-01 7.975418e+01 1.795086e+00
      vertex   -9.328576e-01 8.952937e+01 1.859790e+00
      vertex   -9.243391e-01 8.115063e+01 1.795086e+00
    endloop
  endfacet
  facet normal -9.238795e-01 2.938044e-16 -3.826834e-01
    outer loop
      vertex   -9.243391e-01 7.975418e+01 1.795086e+00
      vertex   -9.243391e-01 8.115063e+01 1.795086e+00
      vertex   -8.993639e-01 7.975418e+01 1.734790e+00
    endloop
  endfacet
  facet normal -9.238795e-01 2.949922e-16 -3.826834e-01
    outer loop
      vertex   -8.993639e-01 7.835772e+01 1.734790e+00
      vertex   -9.243391e-01 7.835772e+01 1.795086e+00
      vertex   -9.243391e-01 7.975418e+01 1.795086e+00
    endloop
  endfacet
  facet normal -9.238795e-01 1.595044e-16 -3.826834e-01
    outer loop
      vertex   -8.993639e-01 7.835772e+01 1.734790e+00
      vertex   -9.243391e-01 7.975418e+01 1.795086e+00
      vertex   -8.993639e-01 7.975418e+01 1.734790e+00
    endloop
  endfacet
  facet normal -9.238795e-01 2.203533e-16 -3.826834e-01
    outer loop
      vertex   -9.243391e-01 7.556481e+01 1.795086e+00
      vertex   -9.243391e-01 7.696127e+01 1.795086e+00
      vertex   -8.993639e-01 7.556481e+01 1.734790e+00
    endloop
  endfacet
  facet normal -9.238795e-01 2.203533e-16 -3.826834e-01
    outer loop
      vertex   -8.993639e-01 7.556481e+01 1.734790e+00
      vertex   -9.243391e-01 7.696127e+01 1.795086e+00
      vertex   -8.993639e-01 7.696127e+01 1.734790e+00
    endloop
  endfacet
  facet normal -7.933533e-01 1.892217e-16 -6.087614e-01
    outer loop
      vertex   -8.993639e-01 7.556481e+01 1.734790e+00
      vertex   -8.993639e-01 7.696127e+01 1.734790e+00
      vertex   -8.596343e-01 7.556481e+01 1.683014e+00
    endloop
  endfacet
  facet normal -7.933533e-01 1.217763e-16 -6.087614e-01
    outer loop
      vertex   -8.596343e-01 7.556481e+01 1.683014e+00
      vertex   -8.993639e-01 7.696127e+01 1.734790e+00
      vertex   -8.596343e-01 7.696127e+01 1.683014e+00
    endloop
  endfacet
  facet normal -6.087614e-01 -1.030407e-17 -7.933533e-01
    outer loop
      vertex   -8.596343e-01 7.556481e+01 1.683014e+00
      vertex   -8.596343e-01 7.696127e+01 1.683014e+00
      vertex   -8.078576e-01 7.556481e+01 1.643284e+00
    endloop
  endfacet
  facet normal -6.087614e-01 3.809423e-17 -7.933533e-01
    outer loop
      vertex   -8.078576e-01 7.556481e+01 1.643284e+00
      vertex   -8.596343e-01 7.696127e+01 1.683014e+00
      vertex   -8.078576e-01 7.696127e+01 1.643284e+00
    endloop
  endfacet
  facet normal -3.826834e-01 -1.112577e-16 -9.238795e-01
    outer loop
      vertex   -8.078576e-01 7.556481e+01 1.643284e+00
      vertex   -8.078576e-01 7.696127e+01 1.643284e+00
      vertex   -7.475624e-01 7.556481e+01 1.618309e+00
    endloop
  endfacet
  facet normal -3.826834e-01 9.649333e-17 -9.238795e-01
    outer loop
      vertex   -7.475624e-01 7.556481e+01 1.618309e+00
      vertex   -8.078576e-01 7.696127e+01 1.643284e+00
      vertex   -7.475624e-01 7.696127e+01 1.618309e+00
    endloop
  endfacet
  facet normal -9.238795e-01 2.938044e-16 -3.826834e-01
    outer loop
      vertex   -8.993639e-01 7.137544e+01 1.734790e+00
      vertex   -9.243391e-01 7.277190e+01 1.795086e+00
      vertex   -8.993639e-01 7.277190e+01 1.734790e+00
    endloop
  endfacet
  facet normal -9.238795e-01 2.204110e-16 -3.826834e-01
    outer loop
      vertex   -8.993639e-01 7.277190e+01 1.734790e+00
      vertex   -9.243391e-01 7.277190e+01 1.795086e+00
      vertex   -9.243391e-01 7.416835e+01 1.795086e+00
    endloop
  endfacet
  facet normal -9.914449e-01 3.152909e-16 -1.305262e-01
    outer loop
      vertex   -9.243391e-01 7.137544e+01 1.795086e+00
      vertex   -9.243391e-01 6.997899e+01 1.795086e+00
      vertex   -9.328576e-01 6.020379e+01 1.859790e+00
    endloop
  endfacet
  facet normal -9.914449e-01 2.358838e-16 -1.305262e-01
    outer loop
      vertex   -9.328576e-01 6.020379e+01 1.859790e+00
      vertex   -9.243391e-01 6.997899e+01 1.795086e+00
      vertex   -9.243391e-01 6.858253e+01 1.795086e+00
    endloop
  endfacet
  facet normal -9.914449e-01 3.156261e-16 -1.305262e-01
    outer loop
      vertex   -9.328576e-01 6.020379e+01 1.859790e+00
      vertex   -9.243391e-01 6.858253e+01 1.795086e+00
      vertex   -9.243391e-01 6.718607e+01 1.795086e+00
    endloop
  endfacet
  facet normal -9.238795e-01 2.938044e-16 -3.826834e-01
    outer loop
      vertex   -9.243391e-01 6.718607e+01 1.795086e+00
      vertex   -9.243391e-01 6.858253e+01 1.795086e+00
      vertex   -8.993639e-01 6.718607e+01 1.734790e+00
    endloop
  endfacet
  facet normal -9.238795e-01 2.938044e-16 -3.826834e-01
    outer loop
      vertex   -9.243391e-01 7.137544e+01 1.795086e+00
      vertex   -8.993639e-01 6.997899e+01 1.734790e+00
      vertex   -9.243391e-01 6.997899e+01 1.795086e+00
    endloop
  endfacet
  facet normal -9.238795e-01 3.065123e-16 -3.826834e-01
    outer loop
      vertex   -9.243391e-01 6.997899e+01 1.795086e+00
      vertex   -8.993639e-01 6.997899e+01 1.734790e+00
      vertex   -8.993639e-01 6.858253e+01 1.734790e+00
    endloop
  endfacet
  facet normal -9.238795e-01 2.203533e-16 -3.826834e-01
    outer loop
      vertex   -9.243391e-01 6.997899e+01 1.795086e+00
      vertex   -8.993639e-01 6.858253e+01 1.734790e+00
      vertex   -9.243391e-01 6.858253e+01 1.795086e+00
    endloop
  endfacet
  facet normal -9.238795e-01 2.932970e-16 -3.826834e-01
    outer loop
      vertex   -9.243391e-01 6.858253e+01 1.795086e+00
      vertex   -8.993639e-01 6.858253e+01 1.734790e+00
      vertex   -8.993639e-01 6.718607e+01 1.734790e+00
    endloop
  endfacet
  facet normal -9.238795e-01 2.938044e-16 -3.826834e-01
    outer loop
      vertex   -9.243391e-01 6.439316e+01 1.795086e+00
      vertex   -9.243391e-01 6.578962e+01 1.795086e+00
      vertex   -8.993639e-01 6.439316e+01 1.734790e+00
    endloop
  endfacet
  facet normal -9.238795e-01 3.064066e-16 -3.826834e-01
    outer loop
      vertex   -8.993639e-01 6.439316e+01 1.734790e+00
      vertex   -9.243391e-01 6.578962e+01 1.795086e+00
      vertex   -8.993639e-01 6.578962e+01 1.734790e+00
    endloop
  endfacet
  facet normal -7.933533e-01 2.185728e-16 -6.087614e-01
    outer loop
      vertex   -8.993639e-01 6.439316e+01 1.734790e+00
      vertex   -8.993639e-01 6.578962e+01 1.734790e+00
      vertex   -8.596343e-01 6.439316e+01 1.683014e+00
    endloop
  endfacet
  facet normal -7.933533e-01 2.816467e-16 -6.087614e-01
    outer loop
      vertex   -8.596343e-01 6.439316e+01 1.683014e+00
      vertex   -8.993639e-01 6.578962e+01 1.734790e+00
      vertex   -8.596343e-01 6.578962e+01 1.683014e+00
    endloop
  endfacet
  facet normal -6.087614e-01 1.642420e-16 -7.933533e-01
    outer loop
      vertex   -8.596343e-01 6.439316e+01 1.683014e+00
      vertex   -8.596343e-01 6.578962e+01 1.683014e+00
      vertex   -8.078576e-01 6.439316e+01 1.643284e+00
    endloop
  endfacet
  facet normal -9.238795e-01 2.322811e-16 -3.826834e-01
    outer loop
      vertex   -9.243391e-01 8.673646e+01 1.795086e+00
      vertex   -8.993639e-01 8.673646e+01 1.734790e+00
      vertex   -8.993639e-01 8.534000e+01 1.734790e+00
    endloop
  endfacet
  facet normal -7.933533e-01 1.554990e-16 -6.087614e-01
    outer loop
      vertex   -8.993639e-01 8.534000e+01 1.734790e+00
      vertex   -8.993639e-01 8.673646e+01 1.734790e+00
      vertex   -8.596343e-01 8.534000e+01 1.683014e+00
    endloop
  endfacet
  facet normal -7.933533e-01 1.860485e-16 -6.087614e-01
    outer loop
      vertex   -8.993639e-01 8.534000e+01 1.734790e+00
      vertex   -8.596343e-01 8.534000e+01 1.683014e+00
      vertex   -8.596343e-01 8.394355e+01 1.683014e+00
    endloop
  endfacet
  facet normal -6.087614e-01 3.809423e-17 -7.933533e-01
    outer loop
      vertex   -8.596343e-01 8.394355e+01 1.683014e+00
      vertex   -8.596343e-01 8.534000e+01 1.683014e+00
      vertex   -8.078576e-01 8.394355e+01 1.643284e+00
    endloop
  endfacet
  facet normal -6.087614e-01 2.598245e-16 -7.933533e-01
    outer loop
      vertex   -8.596343e-01 8.394355e+01 1.683014e+00
      vertex   -8.078576e-01 8.394355e+01 1.643284e+00
      vertex   -8.078576e-01 8.254709e+01 1.643284e+00
    endloop
  endfacet
  facet normal -3.826834e-01 9.649333e-17 -9.238795e-01
    outer loop
      vertex   -8.078576e-01 8.254709e+01 1.643284e+00
      vertex   -8.078576e-01 8.394355e+01 1.643284e+00
      vertex   -7.475624e-01 8.254709e+01 1.618309e+00
    endloop
  endfacet
  facet normal -3.826834e-01 3.037838e-16 -9.238795e-01
    outer loop
      vertex   -8.078576e-01 8.254709e+01 1.643284e+00
      vertex   -7.475624e-01 8.254709e+01 1.618309e+00
      vertex   -7.475624e-01 8.115063e+01 1.618309e+00
    endloop
  endfacet
  facet normal -1.305262e-01 1.037721e-16 -9.914449e-01
    outer loop
      vertex   -7.475624e-01 8.115063e+01 1.618309e+00
      vertex   -7.475624e-01 8.254709e+01 1.618309e+00
      vertex   -6.828576e-01 8.952937e+01 1.609790e+00
    endloop
  endfacet
  facet normal -7.933533e-01 2.816467e-16 -6.087614e-01
    outer loop
      vertex   -8.596343e-01 8.534000e+01 1.683014e+00
      vertex   -8.993639e-01 8.673646e+01 1.734790e+00
      vertex   -8.596343e-01 8.673646e+01 1.683014e+00
    endloop
  endfacet
  facet normal -7.933533e-01 1.217763e-16 -6.087614e-01
    outer loop
      vertex   -8.993639e-01 8.394355e+01 1.734790e+00
      vertex   -8.596343e-01 8.254709e+01 1.683014e+00
      vertex   -8.993639e-01 8.254709e+01 1.734790e+00
    endloop
  endfacet
  facet normal -7.933533e-01 2.817244e-16 -6.087614e-01
    outer loop
      vertex   -8.993639e-01 8.254709e+01 1.734790e+00
      vertex   -8.596343e-01 8.254709e+01 1.683014e+00
      vertex   -8.596343e-01 8.115063e+01 1.683014e+00
    endloop
  endfacet
  facet normal -7.933533e-01 2.185728e-16 -6.087614e-01
    outer loop
      vertex   -8.993639e-01 8.254709e+01 1.734790e+00
      vertex   -8.596343e-01 8.115063e+01 1.683014e+00
      vertex   -8.993639e-01 8.115063e+01 1.734790e+00
    endloop
  endfacet
  facet normal -7.933533e-01 2.460813e-16 -6.087614e-01
    outer loop
      vertex   -8.993639e-01 8.115063e+01 1.734790e+00
      vertex   -8.596343e-01 8.115063e+01 1.683014e+00
      vertex   -8.596343e-01 7.975418e+01 1.683014e+00
    endloop
  endfacet
  facet normal -7.933533e-01 9.472504e-17 -6.087614e-01
    outer loop
      vertex   -8.596343e-01 7.835772e+01 1.683014e+00
      vertex   -8.993639e-01 7.835772e+01 1.734790e+00
      vertex   -8.993639e-01 7.975418e+01 1.734790e+00
    endloop
  endfacet
  facet normal -7.933533e-01 1.563833e-16 -6.087614e-01
    outer loop
      vertex   -8.596343e-01 7.416835e+01 1.683014e+00
      vertex   -8.993639e-01 7.416835e+01 1.734790e+00
      vertex   -8.993639e-01 7.556481e+01 1.734790e+00
    endloop
  endfacet
  facet normal -9.238795e-01 2.329555e-16 -3.826834e-01
    outer loop
      vertex   -8.993639e-01 7.556481e+01 1.734790e+00
      vertex   -8.993639e-01 7.416835e+01 1.734790e+00
      vertex   -9.243391e-01 7.556481e+01 1.795086e+00
    endloop
  endfacet
  facet normal -7.933533e-01 1.848501e-16 -6.087614e-01
    outer loop
      vertex   -8.596343e-01 7.416835e+01 1.683014e+00
      vertex   -8.993639e-01 7.556481e+01 1.734790e+00
      vertex   -8.596343e-01 7.556481e+01 1.683014e+00
    endloop
  endfacet
  facet normal -7.933533e-01 2.479240e-16 -6.087614e-01
    outer loop
      vertex   -8.596343e-01 6.997899e+01 1.683014e+00
      vertex   -8.993639e-01 7.137544e+01 1.734790e+00
      vertex   -8.596343e-01 7.137544e+01 1.683014e+00
    endloop
  endfacet
  facet normal -7.933533e-01 2.520592e-16 -6.087614e-01
    outer loop
      vertex   -8.596343e-01 7.137544e+01 1.683014e+00
      vertex   -8.993639e-01 7.137544e+01 1.734790e+00
      vertex   -8.993639e-01 7.277190e+01 1.734790e+00
    endloop
  endfacet
  facet normal -7.933533e-01 2.530689e-16 -6.087614e-01
    outer loop
      vertex   -8.596343e-01 6.718607e+01 1.683014e+00
      vertex   -8.993639e-01 6.718607e+01 1.734790e+00
      vertex   -8.993639e-01 6.858253e+01 1.734790e+00
    endloop
  endfacet
  facet normal -7.933533e-01 3.447206e-16 -6.087614e-01
    outer loop
      vertex   -8.596343e-01 6.718607e+01 1.683014e+00
      vertex   -8.993639e-01 6.858253e+01 1.734790e+00
      vertex   -8.596343e-01 6.858253e+01 1.683014e+00
    endloop
  endfacet
  facet normal -7.933533e-01 2.204668e-16 -6.087614e-01
    outer loop
      vertex   -8.596343e-01 6.858253e+01 1.683014e+00
      vertex   -8.993639e-01 6.858253e+01 1.734790e+00
      vertex   -8.993639e-01 6.997899e+01 1.734790e+00
    endloop
  endfacet
  facet normal -9.238795e-01 3.678565e-16 -3.826834e-01
    outer loop
      vertex   -9.243391e-01 6.439316e+01 1.795086e+00
      vertex   -8.993639e-01 6.439316e+01 1.734790e+00
      vertex   -8.993639e-01 6.299671e+01 1.734790e+00
    endloop
  endfacet
  facet normal -7.933533e-01 3.153694e-16 -6.087614e-01
    outer loop
      vertex   -8.993639e-01 6.299671e+01 1.734790e+00
      vertex   -8.993639e-01 6.439316e+01 1.734790e+00
      vertex   -8.596343e-01 6.299671e+01 1.683014e+00
    endloop
  endfacet
  facet normal -7.933533e-01 2.822170e-16 -6.087614e-01
    outer loop
      vertex   -8.993639e-01 6.299671e+01 1.734790e+00
      vertex   -8.596343e-01 6.299671e+01 1.683014e+00
      vertex   -8.596343e-01 6.160025e+01 1.683014e+00
    endloop
  endfacet
  facet normal -6.087614e-01 1.642420e-16 -7.933533e-01
    outer loop
      vertex   -8.596343e-01 6.160025e+01 1.683014e+00
      vertex   -8.596343e-01 6.299671e+01 1.683014e+00
      vertex   -8.078576e-01 6.160025e+01 1.643284e+00
    endloop
  endfacet
  facet normal -7.933533e-01 3.109979e-16 -6.087614e-01
    outer loop
      vertex   -8.596343e-01 6.299671e+01 1.683014e+00
      vertex   -8.993639e-01 6.439316e+01 1.734790e+00
      vertex   -8.596343e-01 6.439316e+01 1.683014e+00
    endloop
  endfacet
  facet normal -6.087614e-01 1.642420e-16 -7.933533e-01
    outer loop
      vertex   -8.596343e-01 8.534000e+01 1.683014e+00
      vertex   -8.596343e-01 8.673646e+01 1.683014e+00
      vertex   -8.078576e-01 8.534000e+01 1.643284e+00
    endloop
  endfacet
  facet normal -6.087614e-01 1.832891e-16 -7.933533e-01
    outer loop
      vertex   -8.078576e-01 8.534000e+01 1.643284e+00
      vertex   -8.596343e-01 8.673646e+01 1.683014e+00
      vertex   -8.078576e-01 8.673646e+01 1.643284e+00
    endloop
  endfacet
  facet normal -3.826834e-01 -1.998442e-17 -9.238795e-01
    outer loop
      vertex   -8.078576e-01 8.534000e+01 1.643284e+00
      vertex   -8.078576e-01 8.673646e+01 1.643284e+00
      vertex   -7.475624e-01 8.534000e+01 1.618309e+00
    endloop
  endfacet
  facet normal -3.826834e-01 3.042444e-16 -9.238795e-01
    outer loop
      vertex   -7.475624e-01 8.534000e+01 1.618309e+00
      vertex   -8.078576e-01 8.673646e+01 1.643284e+00
      vertex   -7.475624e-01 8.673646e+01 1.618309e+00
    endloop
  endfacet
  facet normal -1.305262e-01 1.037721e-16 -9.914449e-01
    outer loop
      vertex   -7.475624e-01 8.534000e+01 1.618309e+00
      vertex   -7.475624e-01 8.673646e+01 1.618309e+00
      vertex   -6.828576e-01 8.952937e+01 1.609790e+00
    endloop
  endfacet
  facet normal -6.087614e-01 1.642420e-16 -7.933533e-01
    outer loop
      vertex   -8.596343e-01 8.254709e+01 1.683014e+00
      vertex   -8.078576e-01 8.115063e+01 1.643284e+00
      vertex   -8.596343e-01 8.115063e+01 1.683014e+00
    endloop
  endfacet
  facet normal -6.087614e-01 1.362069e-16 -7.933533e-01
    outer loop
      vertex   -8.596343e-01 8.115063e+01 1.683014e+00
      vertex   -8.078576e-01 8.115063e+01 1.643284e+00
      vertex   -8.078576e-01 7.975418e+01 1.643284e+00
    endloop
  endfacet
  facet normal -6.087614e-01 8.649252e-17 -7.933533e-01
    outer loop
      vertex   -8.596343e-01 8.115063e+01 1.683014e+00
      vertex   -8.078576e-01 7.975418e+01 1.643284e+00
      vertex   -8.596343e-01 7.975418e+01 1.683014e+00
    endloop
  endfacet
  facet normal -6.087614e-01 3.091404e-16 -7.933533e-01
    outer loop
      vertex   -8.596343e-01 7.975418e+01 1.683014e+00
      vertex   -8.078576e-01 7.975418e+01 1.643284e+00
      vertex   -8.078576e-01 7.835772e+01 1.643284e+00
    endloop
  endfacet
  facet normal -6.087614e-01 4.035372e-17 -7.933533e-01
    outer loop
      vertex   -8.078576e-01 7.416835e+01 1.643284e+00
      vertex   -8.596343e-01 7.416835e+01 1.683014e+00
      vertex   -8.596343e-01 7.556481e+01 1.683014e+00
    endloop
  endfacet
  facet normal -6.087614e-01 3.094369e-16 -7.933533e-01
    outer loop
      vertex   -8.078576e-01 7.416835e+01 1.643284e+00
      vertex   -8.596343e-01 7.556481e+01 1.683014e+00
      vertex   -8.078576e-01 7.556481e+01 1.643284e+00
    endloop
  endfacet
  facet normal -6.087614e-01 2.610386e-16 -7.933533e-01
    outer loop
      vertex   -8.078576e-01 7.137544e+01 1.643284e+00
      vertex   -8.596343e-01 7.277190e+01 1.683014e+00
      vertex   -8.078576e-01 7.277190e+01 1.643284e+00
    endloop
  endfacet
  facet normal -6.087614e-01 1.348908e-16 -7.933533e-01
    outer loop
      vertex   -8.078576e-01 6.858253e+01 1.643284e+00
      vertex   -8.596343e-01 6.997899e+01 1.683014e+00
      vertex   -8.078576e-01 6.997899e+01 1.643284e+00
    endloop
  endfacet
  facet normal -6.087614e-01 8.644451e-17 -7.933533e-01
    outer loop
      vertex   -8.078576e-01 6.997899e+01 1.643284e+00
      vertex   -8.596343e-01 6.997899e+01 1.683014e+00
      vertex   -8.596343e-01 7.137544e+01 1.683014e+00
    endloop
  endfacet
  facet normal -6.087614e-01 2.110846e-16 -7.933533e-01
    outer loop
      vertex   -8.078576e-01 6.718607e+01 1.643284e+00
      vertex   -8.596343e-01 6.718607e+01 1.683014e+00
      vertex   -8.596343e-01 6.858253e+01 1.683014e+00
    endloop
  endfacet
  facet normal -6.087614e-01 1.348908e-16 -7.933533e-01
    outer loop
      vertex   -8.596343e-01 6.299671e+01 1.683014e+00
      vertex   -8.596343e-01 6.439316e+01 1.683014e+00
      vertex   -8.078576e-01 6.299671e+01 1.643284e+00
    endloop
  endfacet
  facet normal -6.087614e-01 2.610386e-16 -7.933533e-01
    outer loop
      vertex   -8.078576e-01 6.299671e+01 1.643284e+00
      vertex   -8.596343e-01 6.439316e+01 1.683014e+00
      vertex   -8.078576e-01 6.439316e+01 1.643284e+00
    endloop
  endfacet
  facet normal -3.826834e-01 9.649333e-17 -9.238795e-01
    outer loop
      vertex   -8.078576e-01 6.299671e+01 1.643284e+00
      vertex   -8.078576e-01 6.439316e+01 1.643284e+00
      vertex   -7.475624e-01 6.299671e+01 1.618309e+00
    endloop
  endfacet
  facet normal -6.087614e-01 3.082099e-16 -7.933533e-01
    outer loop
      vertex   -8.596343e-01 8.534000e+01 1.683014e+00
      vertex   -8.078576e-01 8.534000e+01 1.643284e+00
      vertex   -8.078576e-01 8.394355e+01 1.643284e+00
    endloop
  endfacet
  facet normal -3.826834e-01 1.269178e-16 -9.238795e-01
    outer loop
      vertex   -8.078576e-01 8.394355e+01 1.643284e+00
      vertex   -8.078576e-01 8.534000e+01 1.643284e+00
      vertex   -7.475624e-01 8.394355e+01 1.618309e+00
    endloop
  endfacet
  facet normal -3.826834e-01 1.037872e-17 -9.238795e-01
    outer loop
      vertex   -8.078576e-01 8.394355e+01 1.643284e+00
      vertex   -7.475624e-01 8.394355e+01 1.618309e+00
      vertex   -7.475624e-01 8.254709e+01 1.618309e+00
    endloop
  endfacet
  facet normal -1.305262e-01 -2.115188e-16 -9.914449e-01
    outer loop
      vertex   -7.475624e-01 8.254709e+01 1.618309e+00
      vertex   -7.475624e-01 8.394355e+01 1.618309e+00
      vertex   -6.828576e-01 8.952937e+01 1.609790e+00
    endloop
  endfacet
  facet normal -3.826834e-01 1.573422e-16 -9.238795e-01
    outer loop
      vertex   -7.475624e-01 8.394355e+01 1.618309e+00
      vertex   -8.078576e-01 8.534000e+01 1.643284e+00
      vertex   -7.475624e-01 8.534000e+01 1.618309e+00
    endloop
  endfacet
  facet normal -3.826834e-01 1.265194e-16 -9.238795e-01
    outer loop
      vertex   -7.475624e-01 7.835772e+01 1.618309e+00
      vertex   -8.078576e-01 7.835772e+01 1.643284e+00
      vertex   -8.078576e-01 7.975418e+01 1.643284e+00
    endloop
  endfacet
  facet normal -3.826834e-01 2.181911e-16 -9.238795e-01
    outer loop
      vertex   -7.475624e-01 7.835772e+01 1.618309e+00
      vertex   -8.078576e-01 7.975418e+01 1.643284e+00
      vertex   -7.475624e-01 7.975418e+01 1.618309e+00
    endloop
  endfacet
  facet normal -3.826834e-01 -4.990181e-17 -9.238795e-01
    outer loop
      vertex   -7.475624e-01 7.975418e+01 1.618309e+00
      vertex   -8.078576e-01 7.975418e+01 1.643284e+00
      vertex   -8.078576e-01 8.115063e+01 1.643284e+00
    endloop
  endfacet
  facet normal -3.826834e-01 1.281001e-16 -9.238795e-01
    outer loop
      vertex   -7.475624e-01 7.416835e+01 1.618309e+00
      vertex   -8.078576e-01 7.416835e+01 1.643284e+00
      vertex   -8.078576e-01 7.556481e+01 1.643284e+00
    endloop
  endfacet
  facet normal -3.826834e-01 1.573422e-16 -9.238795e-01
    outer loop
      vertex   -7.475624e-01 7.416835e+01 1.618309e+00
      vertex   -8.078576e-01 7.556481e+01 1.643284e+00
      vertex   -7.475624e-01 7.556481e+01 1.618309e+00
    endloop
  endfacet
  facet normal -3.826834e-01 9.649333e-17 -9.238795e-01
    outer loop
      vertex   -8.078576e-01 7.137544e+01 1.643284e+00
      vertex   -8.078576e-01 7.277190e+01 1.643284e+00
      vertex   -7.475624e-01 7.137544e+01 1.618309e+00
    endloop
  endfacet
  facet normal -3.826834e-01 1.044002e-17 -9.238795e-01
    outer loop
      vertex   -7.475624e-01 7.137544e+01 1.618309e+00
      vertex   -8.078576e-01 7.277190e+01 1.643284e+00
      vertex   -7.475624e-01 7.277190e+01 1.618309e+00
    endloop
  endfacet
  facet normal -1.305262e-01 -2.115188e-16 -9.914449e-01
    outer loop
      vertex   -7.475624e-01 7.137544e+01 1.618309e+00
      vertex   -7.475624e-01 7.277190e+01 1.618309e+00
      vertex   -6.828576e-01 6.020379e+01 1.609790e+00
    endloop
  endfacet
  facet normal -3.826834e-01 1.573422e-16 -9.238795e-01
    outer loop
      vertex   -7.475624e-01 6.718607e+01 1.618309e+00
      vertex   -8.078576e-01 6.858253e+01 1.643284e+00
      vertex   -7.475624e-01 6.858253e+01 1.618309e+00
    endloop
  endfacet
  facet normal -3.826834e-01 -4.927129e-17 -9.238795e-01
    outer loop
      vertex   -7.475624e-01 6.858253e+01 1.618309e+00
      vertex   -8.078576e-01 6.858253e+01 1.643284e+00
      vertex   -8.078576e-01 6.997899e+01 1.643284e+00
    endloop
  endfacet
  facet normal -3.826834e-01 3.042444e-16 -9.238795e-01
    outer loop
      vertex   -7.475624e-01 6.439316e+01 1.618309e+00
      vertex   -8.078576e-01 6.578962e+01 1.643284e+00
      vertex   -7.475624e-01 6.578962e+01 1.618309e+00
    endloop
  endfacet
  facet normal -3.826834e-01 1.272121e-16 -9.238795e-01
    outer loop
      vertex   -7.475624e-01 6.160025e+01 1.618309e+00
      vertex   -8.078576e-01 6.160025e+01 1.643284e+00
      vertex   -8.078576e-01 6.299671e+01 1.643284e+00
    endloop
  endfacet
  facet normal -6.087614e-01 3.094369e-16 -7.933533e-01
    outer loop
      vertex   -8.078576e-01 6.299671e+01 1.643284e+00
      vertex   -8.078576e-01 6.160025e+01 1.643284e+00
      vertex   -8.596343e-01 6.299671e+01 1.683014e+00
    endloop
  endfacet
  facet normal -3.826834e-01 1.573422e-16 -9.238795e-01
    outer loop
      vertex   -7.475624e-01 6.160025e+01 1.618309e+00
      vertex   -8.078576e-01 6.299671e+01 1.643284e+00
      vertex   -7.475624e-01 6.299671e+01 1.618309e+00
    endloop
  endfacet
  facet normal -1.305262e-01 -5.431476e-17 -9.914449e-01
    outer loop
      vertex   -6.828576e-01 8.952937e+01 1.609790e+00
      vertex   -7.475624e-01 8.394355e+01 1.618309e+00
      vertex   -7.475624e-01 8.534000e+01 1.618309e+00
    endloop
  endfacet
  facet normal -1.305262e-01 -5.360126e-17 -9.914449e-01
    outer loop
      vertex   -6.828576e-01 6.020379e+01 1.609790e+00
      vertex   -7.475624e-01 6.997899e+01 1.618309e+00
      vertex   -7.475624e-01 7.137544e+01 1.618309e+00
    endloop
  endfacet
  facet normal -3.826834e-01 1.573422e-16 -9.238795e-01
    outer loop
      vertex   -7.475624e-01 7.137544e+01 1.618309e+00
      vertex   -7.475624e-01 6.997899e+01 1.618309e+00
      vertex   -8.078576e-01 7.137544e+01 1.643284e+00
    endloop
  endfacet
  facet normal -1.305262e-01 1.035363e-16 -9.914449e-01
    outer loop
      vertex   -6.828576e-01 6.020379e+01 1.609790e+00
      vertex   -7.475624e-01 6.439316e+01 1.618309e+00
      vertex   -7.475624e-01 6.578962e+01 1.618309e+00
    endloop
  endfacet
  facet normal -9.718654e-02 9.867515e-01 -1.299083e-01
    outer loop
      vertex   5.671424e-01 9.102937e+01 1.859790e+00
      vertex   5.671424e-01 9.102085e+01 1.795086e+00
      vertex   2.745069e-01 9.100055e+01 1.859790e+00
    endloop
  endfacet
  facet normal -9.718654e-02 9.867515e-01 -1.299083e-01
    outer loop
      vertex   2.745069e-01 9.100055e+01 1.859790e+00
      vertex   5.671424e-01 9.102085e+01 1.795086e+00
      vertex   2.761688e-01 9.099219e+01 1.795086e+00
    endloop
  endfacet
  facet normal -2.878248e-01 9.488312e-01 -1.299083e-01
    outer loop
      vertex   2.745069e-01 9.100055e+01 1.859790e+00
      vertex   2.761688e-01 9.099219e+01 1.795086e+00
      vertex   -6.882743e-03 9.091519e+01 1.859790e+00
    endloop
  endfacet
  facet normal -2.878248e-01 9.488312e-01 -1.299083e-01
    outer loop
      vertex   -6.882743e-03 9.091519e+01 1.859790e+00
      vertex   2.761688e-01 9.099219e+01 1.795086e+00
      vertex   -3.622838e-03 9.090732e+01 1.795086e+00
    endloop
  endfacet
  facet normal -4.674021e-01 8.744479e-01 -1.299083e-01
    outer loop
      vertex   -6.882743e-03 9.091519e+01 1.859790e+00
      vertex   -3.622838e-03 9.090732e+01 1.795086e+00
      vertex   -2.662129e-01 9.077658e+01 1.859790e+00
    endloop
  endfacet
  facet normal -4.674021e-01 8.744479e-01 -1.299083e-01
    outer loop
      vertex   -2.662129e-01 9.077658e+01 1.859790e+00
      vertex   -3.622838e-03 9.090732e+01 1.795086e+00
      vertex   -2.614803e-01 9.076949e+01 1.795086e+00
    endloop
  endfacet
  facet normal -6.290174e-01 7.664600e-01 -1.299083e-01
    outer loop
      vertex   -2.662129e-01 9.077658e+01 1.859790e+00
      vertex   -2.614803e-01 9.076949e+01 1.795086e+00
      vertex   -4.935178e-01 9.059003e+01 1.859790e+00
    endloop
  endfacet
  facet normal -6.290174e-01 7.664600e-01 -1.299083e-01
    outer loop
      vertex   -4.935178e-01 9.059003e+01 1.859790e+00
      vertex   -2.614803e-01 9.076949e+01 1.795086e+00
      vertex   -4.874942e-01 9.058401e+01 1.795086e+00
    endloop
  endfacet
  facet normal -7.664600e-01 6.290174e-01 -1.299083e-01
    outer loop
      vertex   -4.935178e-01 9.059003e+01 1.859790e+00
      vertex   -4.874942e-01 9.058401e+01 1.795086e+00
      vertex   -6.800620e-01 9.036273e+01 1.859790e+00
    endloop
  endfacet
  facet normal -7.664600e-01 6.290174e-01 -1.299083e-01
    outer loop
      vertex   -6.800620e-01 9.036273e+01 1.859790e+00
      vertex   -4.874942e-01 9.058401e+01 1.795086e+00
      vertex   -6.729791e-01 9.035799e+01 1.795086e+00
    endloop
  endfacet
  facet normal -8.744479e-01 4.674021e-01 -1.299083e-01
    outer loop
      vertex   -6.800620e-01 9.036273e+01 1.859790e+00
      vertex   -6.729791e-01 9.035799e+01 1.795086e+00
      vertex   -8.186769e-01 9.010340e+01 1.859790e+00
    endloop
  endfacet
  facet normal -8.744479e-01 4.674021e-01 -1.299083e-01
    outer loop
      vertex   -8.186769e-01 9.010340e+01 1.859790e+00
      vertex   -6.729791e-01 9.035799e+01 1.795086e+00
      vertex   -8.108068e-01 9.010014e+01 1.795086e+00
    endloop
  endfacet
  facet normal -9.488312e-01 2.878248e-01 -1.299083e-01
    outer loop
      vertex   -8.186769e-01 9.010340e+01 1.859790e+00
      vertex   -8.108068e-01 9.010014e+01 1.795086e+00
      vertex   -9.040355e-01 8.982201e+01 1.859790e+00
    endloop
  endfacet
  facet normal -9.488312e-01 2.878248e-01 -1.299083e-01
    outer loop
      vertex   -9.040355e-01 8.982201e+01 1.859790e+00
      vertex   -8.108068e-01 9.010014e+01 1.795086e+00
      vertex   -8.956807e-01 8.982034e+01 1.795086e+00
    endloop
  endfacet
  facet normal -9.867515e-01 9.718654e-02 -1.299083e-01
    outer loop
      vertex   -9.040355e-01 8.982201e+01 1.859790e+00
      vertex   -8.956807e-01 8.982034e+01 1.795086e+00
      vertex   -9.328576e-01 8.952937e+01 1.859790e+00
    endloop
  endfacet
  facet normal -9.867515e-01 9.718654e-02 -1.299083e-01
    outer loop
      vertex   -9.328576e-01 8.952937e+01 1.859790e+00
      vertex   -8.956807e-01 8.982034e+01 1.795086e+00
      vertex   -9.243391e-01 8.952937e+01 1.795086e+00
    endloop
  endfacet
  facet normal -9.200783e-01 9.061980e-02 -3.811089e-01
    outer loop
      vertex   -9.243391e-01 8.952937e+01 1.795086e+00
      vertex   -8.956807e-01 8.982034e+01 1.795086e+00
      vertex   -8.711854e-01 8.981547e+01 1.734790e+00
    endloop
  endfacet
  facet normal -9.200783e-01 9.061980e-02 -3.811089e-01
    outer loop
      vertex   -9.243391e-01 8.952937e+01 1.795086e+00
      vertex   -8.711854e-01 8.981547e+01 1.734790e+00
      vertex   -8.993639e-01 8.952937e+01 1.734790e+00
    endloop
  endfacet
  facet normal -7.909424e-01 7.790103e-02 -6.069115e-01
    outer loop
      vertex   -8.993639e-01 8.952937e+01 1.734790e+00
      vertex   -8.711854e-01 8.981547e+01 1.734790e+00
      vertex   -8.322192e-01 8.980772e+01 1.683014e+00
    endloop
  endfacet
  facet normal -7.909424e-01 7.790103e-02 -6.069115e-01
    outer loop
      vertex   -8.993639e-01 8.952937e+01 1.734790e+00
      vertex   -8.322192e-01 8.980772e+01 1.683014e+00
      vertex   -8.596343e-01 8.952937e+01 1.683014e+00
    endloop
  endfacet
  facet normal -6.076701e-01 5.985029e-02 -7.919311e-01
    outer loop
      vertex   -8.596343e-01 8.952937e+01 1.683014e+00
      vertex   -8.322192e-01 8.980772e+01 1.683014e+00
      vertex   -7.814374e-01 8.979762e+01 1.643284e+00
    endloop
  endfacet
  facet normal -6.076701e-01 5.985029e-02 -7.919311e-01
    outer loop
      vertex   -8.596343e-01 8.952937e+01 1.683014e+00
      vertex   -7.814374e-01 8.979762e+01 1.643284e+00
      vertex   -8.078576e-01 8.952937e+01 1.643284e+00
    endloop
  endfacet
  facet normal -3.824119e-01 3.766428e-02 -9.232240e-01
    outer loop
      vertex   -8.078576e-01 8.952937e+01 1.643284e+00
      vertex   -7.814374e-01 8.979762e+01 1.643284e+00
      vertex   -7.223007e-01 8.978586e+01 1.618309e+00
    endloop
  endfacet
  facet normal -3.824119e-01 3.766428e-02 -9.232240e-01
    outer loop
      vertex   -8.078576e-01 8.952937e+01 1.643284e+00
      vertex   -7.223007e-01 8.978586e+01 1.618309e+00
      vertex   -7.475624e-01 8.952937e+01 1.618309e+00
    endloop
  endfacet
  facet normal -1.305154e-01 1.285465e-02 -9.913629e-01
    outer loop
      vertex   -7.475624e-01 8.952937e+01 1.618309e+00
      vertex   -7.223007e-01 8.978586e+01 1.618309e+00
      vertex   -6.588392e-01 8.977323e+01 1.609790e+00
    endloop
  endfacet
  facet normal -1.305154e-01 1.285465e-02 -9.913629e-01
    outer loop
      vertex   -7.475624e-01 8.952937e+01 1.618309e+00
      vertex   -6.588392e-01 8.977323e+01 1.609790e+00
      vertex   -6.828576e-01 8.952937e+01 1.609790e+00
    endloop
  endfacet
  facet normal -9.061980e-02 9.200783e-01 -3.811089e-01
    outer loop
      vertex   5.671424e-01 9.102085e+01 1.795086e+00
      vertex   5.671424e-01 9.099588e+01 1.734790e+00
      vertex   2.761688e-01 9.099219e+01 1.795086e+00
    endloop
  endfacet
  facet normal -9.061980e-02 9.200783e-01 -3.811089e-01
    outer loop
      vertex   2.761688e-01 9.099219e+01 1.795086e+00
      vertex   5.671424e-01 9.099588e+01 1.734790e+00
      vertex   2.810412e-01 9.096770e+01 1.734790e+00
    endloop
  endfacet
  facet normal -2.683769e-01 8.847202e-01 -3.811089e-01
    outer loop
      vertex   2.761688e-01 9.099219e+01 1.795086e+00
      vertex   2.810412e-01 9.096770e+01 1.734790e+00
      vertex   -3.622838e-03 9.090732e+01 1.795086e+00
    endloop
  endfacet
  facet normal -2.683769e-01 8.847202e-01 -3.811089e-01
    outer loop
      vertex   -3.622838e-03 9.090732e+01 1.795086e+00
      vertex   2.810412e-01 9.096770e+01 1.734790e+00
      vertex   5.934721e-03 9.088425e+01 1.734790e+00
    endloop
  endfacet
  facet normal -4.358205e-01 8.153628e-01 -3.811089e-01
    outer loop
      vertex   -3.622838e-03 9.090732e+01 1.795086e+00
      vertex   5.934721e-03 9.088425e+01 1.734790e+00
      vertex   -2.614803e-01 9.076949e+01 1.795086e+00
    endloop
  endfacet
  facet normal -4.358205e-01 8.153628e-01 -3.811089e-01
    outer loop
      vertex   -2.614803e-01 9.076949e+01 1.795086e+00
      vertex   5.934721e-03 9.088425e+01 1.734790e+00
      vertex   -2.476049e-01 9.074873e+01 1.734790e+00
    endloop
  endfacet
  facet normal -5.865157e-01 7.146715e-01 -3.811089e-01
    outer loop
      vertex   -2.614803e-01 9.076949e+01 1.795086e+00
      vertex   -2.476049e-01 9.074873e+01 1.734790e+00
      vertex   -4.874942e-01 9.058401e+01 1.795086e+00
    endloop
  endfacet
  facet normal -5.865157e-01 7.146715e-01 -3.811089e-01
    outer loop
      vertex   -4.874942e-01 9.058401e+01 1.795086e+00
      vertex   -2.476049e-01 9.074873e+01 1.734790e+00
      vertex   -4.698342e-01 9.056635e+01 1.734790e+00
    endloop
  endfacet
  facet normal -7.146715e-01 5.865157e-01 -3.811089e-01
    outer loop
      vertex   -4.874942e-01 9.058401e+01 1.795086e+00
      vertex   -4.698342e-01 9.056635e+01 1.734790e+00
      vertex   -6.729791e-01 9.035799e+01 1.795086e+00
    endloop
  endfacet
  facet normal -7.146715e-01 5.865157e-01 -3.811089e-01
    outer loop
      vertex   -6.729791e-01 9.035799e+01 1.795086e+00
      vertex   -4.698342e-01 9.056635e+01 1.734790e+00
      vertex   -6.522131e-01 9.034412e+01 1.734790e+00
    endloop
  endfacet
  facet normal -8.153628e-01 4.358205e-01 -3.811089e-01
    outer loop
      vertex   -6.729791e-01 9.035799e+01 1.795086e+00
      vertex   -6.522131e-01 9.034412e+01 1.734790e+00
      vertex   -8.108068e-01 9.010014e+01 1.795086e+00
    endloop
  endfacet
  facet normal -8.153628e-01 4.358205e-01 -3.811089e-01
    outer loop
      vertex   -8.108068e-01 9.010014e+01 1.795086e+00
      vertex   -6.522131e-01 9.034412e+01 1.734790e+00
      vertex   -7.877328e-01 9.009058e+01 1.734790e+00
    endloop
  endfacet
  facet normal -8.847202e-01 2.683769e-01 -3.811089e-01
    outer loop
      vertex   -8.108068e-01 9.010014e+01 1.795086e+00
      vertex   -7.877328e-01 9.009058e+01 1.734790e+00
      vertex   -8.956807e-01 8.982034e+01 1.795086e+00
    endloop
  endfacet
  facet normal -8.847202e-01 2.683769e-01 -3.811089e-01
    outer loop
      vertex   -8.956807e-01 8.982034e+01 1.795086e+00
      vertex   -7.877328e-01 9.009058e+01 1.734790e+00
      vertex   -8.711854e-01 8.981547e+01 1.734790e+00
    endloop
  endfacet
  facet normal -7.790103e-02 7.909424e-01 -6.069115e-01
    outer loop
      vertex   5.671424e-01 9.099588e+01 1.734790e+00
      vertex   5.671424e-01 9.095615e+01 1.683014e+00
      vertex   2.810412e-01 9.096770e+01 1.734790e+00
    endloop
  endfacet
  facet normal -7.790103e-02 7.909424e-01 -6.069115e-01
    outer loop
      vertex   2.810412e-01 9.096770e+01 1.734790e+00
      vertex   5.671424e-01 9.095615e+01 1.683014e+00
      vertex   2.887921e-01 9.092873e+01 1.683014e+00
    endloop
  endfacet
  facet normal -2.307094e-01 7.605469e-01 -6.069115e-01
    outer loop
      vertex   2.810412e-01 9.096770e+01 1.734790e+00
      vertex   2.887921e-01 9.092873e+01 1.683014e+00
      vertex   5.934721e-03 9.088425e+01 1.734790e+00
    endloop
  endfacet
  facet normal -2.307094e-01 7.605469e-01 -6.069115e-01
    outer loop
      vertex   5.934721e-03 9.088425e+01 1.734790e+00
      vertex   2.887921e-01 9.092873e+01 1.683014e+00
      vertex   2.113860e-02 9.084754e+01 1.683014e+00
    endloop
  endfacet
  facet normal -3.746517e-01 7.009241e-01 -6.069115e-01
    outer loop
      vertex   5.934721e-03 9.088425e+01 1.734790e+00
      vertex   2.113860e-02 9.084754e+01 1.683014e+00
      vertex   -2.476049e-01 9.074873e+01 1.734790e+00
    endloop
  endfacet
  facet normal -3.746517e-01 7.009241e-01 -6.069115e-01
    outer loop
      vertex   -2.476049e-01 9.074873e+01 1.734790e+00
      vertex   2.113860e-02 9.084754e+01 1.683014e+00
      vertex   -2.255323e-01 9.071569e+01 1.683014e+00
    endloop
  endfacet
  facet normal -5.041964e-01 6.143651e-01 -6.069115e-01
    outer loop
      vertex   -2.476049e-01 9.074873e+01 1.734790e+00
      vertex   -2.255323e-01 9.071569e+01 1.683014e+00
      vertex   -4.698342e-01 9.056635e+01 1.734790e+00
    endloop
  endfacet
  facet normal -5.041964e-01 6.143651e-01 -6.069115e-01
    outer loop
      vertex   -4.698342e-01 9.056635e+01 1.734790e+00
      vertex   -2.255323e-01 9.071569e+01 1.683014e+00
      vertex   -4.417411e-01 9.053825e+01 1.683014e+00
    endloop
  endfacet
  facet normal -6.143651e-01 5.041964e-01 -6.069115e-01
    outer loop
      vertex   -4.698342e-01 9.056635e+01 1.734790e+00
      vertex   -4.417411e-01 9.053825e+01 1.683014e+00
      vertex   -6.522131e-01 9.034412e+01 1.734790e+00
    endloop
  endfacet
  facet normal -6.143651e-01 5.041964e-01 -6.069115e-01
    outer loop
      vertex   -6.522131e-01 9.034412e+01 1.734790e+00
      vertex   -4.417411e-01 9.053825e+01 1.683014e+00
      vertex   -6.191791e-01 9.032205e+01 1.683014e+00
    endloop
  endfacet
  facet normal -7.009241e-01 3.746517e-01 -6.069115e-01
    outer loop
      vertex   -6.522131e-01 9.034412e+01 1.734790e+00
      vertex   -6.191791e-01 9.032205e+01 1.683014e+00
      vertex   -7.877328e-01 9.009058e+01 1.734790e+00
    endloop
  endfacet
  facet normal -7.009241e-01 3.746517e-01 -6.069115e-01
    outer loop
      vertex   -7.877328e-01 9.009058e+01 1.734790e+00
      vertex   -6.191791e-01 9.032205e+01 1.683014e+00
      vertex   -7.510274e-01 9.007537e+01 1.683014e+00
    endloop
  endfacet
  facet normal -7.605469e-01 2.307094e-01 -6.069115e-01
    outer loop
      vertex   -7.877328e-01 9.009058e+01 1.734790e+00
      vertex   -7.510274e-01 9.007537e+01 1.683014e+00
      vertex   -8.711854e-01 8.981547e+01 1.734790e+00
    endloop
  endfacet
  facet normal -7.605469e-01 2.307094e-01 -6.069115e-01
    outer loop
      vertex   -8.711854e-01 8.981547e+01 1.734790e+00
      vertex   -7.510274e-01 9.007537e+01 1.683014e+00
      vertex   -8.322192e-01 8.980772e+01 1.683014e+00
    endloop
  endfacet
  facet normal -5.985029e-02 6.076701e-01 -7.919311e-01
    outer loop
      vertex   5.671424e-01 9.095615e+01 1.683014e+00
      vertex   5.671424e-01 9.090437e+01 1.643284e+00
      vertex   2.887921e-01 9.092873e+01 1.683014e+00
    endloop
  endfacet
  facet normal -5.985029e-02 6.076701e-01 -7.919311e-01
    outer loop
      vertex   2.887921e-01 9.092873e+01 1.683014e+00
      vertex   5.671424e-01 9.090437e+01 1.643284e+00
      vertex   2.988932e-01 9.087795e+01 1.643284e+00
    endloop
  endfacet
  facet normal -1.772508e-01 5.843177e-01 -7.919311e-01
    outer loop
      vertex   2.887921e-01 9.092873e+01 1.683014e+00
      vertex   2.988932e-01 9.087795e+01 1.643284e+00
      vertex   2.113860e-02 9.084754e+01 1.683014e+00
    endloop
  endfacet
  facet normal -1.772508e-01 5.843177e-01 -7.919311e-01
    outer loop
      vertex   2.113860e-02 9.084754e+01 1.683014e+00
      vertex   2.988932e-01 9.087795e+01 1.643284e+00
      vertex   4.095269e-02 9.079971e+01 1.643284e+00
    endloop
  endfacet
  facet normal -2.878397e-01 5.385103e-01 -7.919311e-01
    outer loop
      vertex   2.113860e-02 9.084754e+01 1.683014e+00
      vertex   4.095269e-02 9.079971e+01 1.643284e+00
      vertex   -2.255323e-01 9.071569e+01 1.683014e+00
    endloop
  endfacet
  facet normal -2.878397e-01 5.385103e-01 -7.919311e-01
    outer loop
      vertex   -2.255323e-01 9.071569e+01 1.683014e+00
      vertex   4.095269e-02 9.079971e+01 1.643284e+00
      vertex   -1.967667e-01 9.067264e+01 1.643284e+00
    endloop
  endfacet
  facet normal -3.873671e-01 4.720082e-01 -7.919311e-01
    outer loop
      vertex   -2.255323e-01 9.071569e+01 1.683014e+00
      vertex   -1.967667e-01 9.067264e+01 1.643284e+00
      vertex   -4.417411e-01 9.053825e+01 1.683014e+00
    endloop
  endfacet
  facet normal -3.873671e-01 4.720082e-01 -7.919311e-01
    outer loop
      vertex   -4.417411e-01 9.053825e+01 1.683014e+00
      vertex   -1.967667e-01 9.067264e+01 1.643284e+00
      vertex   -4.051294e-01 9.050164e+01 1.643284e+00
    endloop
  endfacet
  facet normal -4.720082e-01 3.873671e-01 -7.919311e-01
    outer loop
      vertex   -4.417411e-01 9.053825e+01 1.683014e+00
      vertex   -4.051294e-01 9.050164e+01 1.643284e+00
      vertex   -6.191791e-01 9.032205e+01 1.683014e+00
    endloop
  endfacet
  facet normal -4.720082e-01 3.873671e-01 -7.919311e-01
    outer loop
      vertex   -6.191791e-01 9.032205e+01 1.683014e+00
      vertex   -4.051294e-01 9.050164e+01 1.643284e+00
      vertex   -5.761283e-01 9.029328e+01 1.643284e+00
    endloop
  endfacet
  facet normal -5.385103e-01 2.878397e-01 -7.919311e-01
    outer loop
      vertex   -6.191791e-01 9.032205e+01 1.683014e+00
      vertex   -5.761283e-01 9.029328e+01 1.643284e+00
      vertex   -7.510274e-01 9.007537e+01 1.683014e+00
    endloop
  endfacet
  facet normal -5.385103e-01 2.878397e-01 -7.919311e-01
    outer loop
      vertex   -7.510274e-01 9.007537e+01 1.683014e+00
      vertex   -5.761283e-01 9.029328e+01 1.643284e+00
      vertex   -7.031920e-01 9.005556e+01 1.643284e+00
    endloop
  endfacet
  facet normal -5.843177e-01 1.772508e-01 -7.919311e-01
    outer loop
      vertex   -7.510274e-01 9.007537e+01 1.683014e+00
      vertex   -7.031920e-01 9.005556e+01 1.643284e+00
      vertex   -8.322192e-01 8.980772e+01 1.683014e+00
    endloop
  endfacet
  facet normal -5.843177e-01 1.772508e-01 -7.919311e-01
    outer loop
      vertex   -8.322192e-01 8.980772e+01 1.683014e+00
      vertex   -7.031920e-01 9.005556e+01 1.643284e+00
      vertex   -7.814374e-01 8.979762e+01 1.643284e+00
    endloop
  endfacet
  facet normal -3.766428e-02 3.824119e-01 -9.232240e-01
    outer loop
      vertex   5.671424e-01 9.090437e+01 1.643284e+00
      vertex   5.671424e-01 9.084408e+01 1.618309e+00
      vertex   2.988932e-01 9.087795e+01 1.643284e+00
    endloop
  endfacet
  facet normal -3.766428e-02 3.824119e-01 -9.232240e-01
    outer loop
      vertex   2.988932e-01 9.087795e+01 1.643284e+00
      vertex   5.671424e-01 9.084408e+01 1.618309e+00
      vertex   3.106562e-01 9.081881e+01 1.618309e+00
    endloop
  endfacet
  facet normal -1.115454e-01 3.677160e-01 -9.232240e-01
    outer loop
      vertex   2.988932e-01 9.087795e+01 1.643284e+00
      vertex   3.106562e-01 9.081881e+01 1.618309e+00
      vertex   4.095269e-02 9.079971e+01 1.643284e+00
    endloop
  endfacet
  facet normal -1.115454e-01 3.677160e-01 -9.232240e-01
    outer loop
      vertex   4.095269e-02 9.079971e+01 1.643284e+00
      vertex   3.106562e-01 9.081881e+01 1.618309e+00
      vertex   6.402667e-02 9.074400e+01 1.618309e+00
    endloop
  endfacet
  facet normal -1.811400e-01 3.388890e-01 -9.232240e-01
    outer loop
      vertex   4.095269e-02 9.079971e+01 1.643284e+00
      vertex   6.402667e-02 9.074400e+01 1.618309e+00
      vertex   -1.967667e-01 9.067264e+01 1.643284e+00
    endloop
  endfacet
  facet normal -1.811400e-01 3.388890e-01 -9.232240e-01
    outer loop
      vertex   -1.967667e-01 9.067264e+01 1.643284e+00
      vertex   6.402667e-02 9.074400e+01 1.618309e+00
      vertex   -1.632684e-01 9.062251e+01 1.618309e+00
    endloop
  endfacet
  facet normal -2.437734e-01 2.970387e-01 -9.232240e-01
    outer loop
      vertex   -1.967667e-01 9.067264e+01 1.643284e+00
      vertex   -1.632684e-01 9.062251e+01 1.618309e+00
      vertex   -4.051294e-01 9.050164e+01 1.643284e+00
    endloop
  endfacet
  facet normal -2.437734e-01 2.970387e-01 -9.232240e-01
    outer loop
      vertex   -4.051294e-01 9.050164e+01 1.643284e+00
      vertex   -1.632684e-01 9.062251e+01 1.618309e+00
      vertex   -3.624942e-01 9.045901e+01 1.618309e+00
    endloop
  endfacet
  facet normal -2.970387e-01 2.437734e-01 -9.232240e-01
    outer loop
      vertex   -4.051294e-01 9.050164e+01 1.643284e+00
      vertex   -3.624942e-01 9.045901e+01 1.618309e+00
      vertex   -5.761283e-01 9.029328e+01 1.643284e+00
    endloop
  endfacet
  facet normal -2.970387e-01 2.437734e-01 -9.232240e-01
    outer loop
      vertex   -5.761283e-01 9.029328e+01 1.643284e+00
      vertex   -3.624942e-01 9.045901e+01 1.618309e+00
      vertex   -5.259947e-01 9.025978e+01 1.618309e+00
    endloop
  endfacet
  facet normal -3.388890e-01 1.811400e-01 -9.232240e-01
    outer loop
      vertex   -5.761283e-01 9.029328e+01 1.643284e+00
      vertex   -5.259947e-01 9.025978e+01 1.618309e+00
      vertex   -7.031920e-01 9.005556e+01 1.643284e+00
    endloop
  endfacet
  facet normal -3.388890e-01 1.811400e-01 -9.232240e-01
    outer loop
      vertex   -7.031920e-01 9.005556e+01 1.643284e+00
      vertex   -5.259947e-01 9.025978e+01 1.618309e+00
      vertex   -6.474864e-01 9.003249e+01 1.618309e+00
    endloop
  endfacet
  facet normal -3.677160e-01 1.115454e-01 -9.232240e-01
    outer loop
      vertex   -7.031920e-01 9.005556e+01 1.643284e+00
      vertex   -6.474864e-01 9.003249e+01 1.618309e+00
      vertex   -7.814374e-01 8.979762e+01 1.643284e+00
    endloop
  endfacet
  facet normal -3.677160e-01 1.115454e-01 -9.232240e-01
    outer loop
      vertex   -7.814374e-01 8.979762e+01 1.643284e+00
      vertex   -6.474864e-01 9.003249e+01 1.618309e+00
      vertex   -7.223007e-01 8.978586e+01 1.618309e+00
    endloop
  endfacet
  facet normal -1.285465e-02 1.305154e-01 -9.913629e-01
    outer loop
      vertex   5.671424e-01 9.084408e+01 1.618309e+00
      vertex   5.671424e-01 9.077937e+01 1.609790e+00
      vertex   3.106562e-01 9.081881e+01 1.618309e+00
    endloop
  endfacet
  facet normal -1.285465e-02 1.305154e-01 -9.913629e-01
    outer loop
      vertex   3.106562e-01 9.081881e+01 1.618309e+00
      vertex   5.671424e-01 9.077937e+01 1.609790e+00
      vertex   3.232795e-01 9.075535e+01 1.609790e+00
    endloop
  endfacet
  facet normal -3.806994e-02 1.254998e-01 -9.913629e-01
    outer loop
      vertex   3.106562e-01 9.081881e+01 1.618309e+00
      vertex   3.232795e-01 9.075535e+01 1.609790e+00
      vertex   6.402667e-02 9.074400e+01 1.618309e+00
    endloop
  endfacet
  facet normal -3.806994e-02 1.254998e-01 -9.913629e-01
    outer loop
      vertex   6.402667e-02 9.074400e+01 1.618309e+00
      vertex   3.232795e-01 9.075535e+01 1.609790e+00
      vertex   8.878811e-02 9.068422e+01 1.609790e+00
    endloop
  endfacet
  facet normal -6.182223e-02 1.156613e-01 -9.913629e-01
    outer loop
      vertex   6.402667e-02 9.074400e+01 1.618309e+00
      vertex   8.878811e-02 9.068422e+01 1.609790e+00
      vertex   -1.632684e-01 9.062251e+01 1.618309e+00
    endloop
  endfacet
  facet normal -6.182223e-02 1.156613e-01 -9.913629e-01
    outer loop
      vertex   -1.632684e-01 9.062251e+01 1.618309e+00
      vertex   8.878811e-02 9.068422e+01 1.609790e+00
      vertex   -1.273204e-01 9.056871e+01 1.609790e+00
    endloop
  endfacet
  facet normal -8.319872e-02 1.013779e-01 -9.913629e-01
    outer loop
      vertex   -1.632684e-01 9.062251e+01 1.618309e+00
      vertex   -1.273204e-01 9.056871e+01 1.609790e+00
      vertex   -3.624942e-01 9.045901e+01 1.618309e+00
    endloop
  endfacet
  facet normal -8.319872e-02 1.013779e-01 -9.913629e-01
    outer loop
      vertex   -3.624942e-01 9.045901e+01 1.618309e+00
      vertex   -1.273204e-01 9.056871e+01 1.609790e+00
      vertex   -3.167411e-01 9.041325e+01 1.609790e+00
    endloop
  endfacet
  facet normal -1.013779e-01 8.319872e-02 -9.913629e-01
    outer loop
      vertex   -3.624942e-01 9.045901e+01 1.618309e+00
      vertex   -3.167411e-01 9.041325e+01 1.609790e+00
      vertex   -5.259947e-01 9.025978e+01 1.618309e+00
    endloop
  endfacet
  facet normal -1.013779e-01 8.319872e-02 -9.913629e-01
    outer loop
      vertex   -5.259947e-01 9.025978e+01 1.618309e+00
      vertex   -3.167411e-01 9.041325e+01 1.609790e+00
      vertex   -4.721946e-01 9.022383e+01 1.609790e+00
    endloop
  endfacet
  facet normal -1.156613e-01 6.182223e-02 -9.913629e-01
    outer loop
      vertex   -5.259947e-01 9.025978e+01 1.618309e+00
      vertex   -4.721946e-01 9.022383e+01 1.609790e+00
      vertex   -6.474864e-01 9.003249e+01 1.618309e+00
    endloop
  endfacet
  facet normal -1.156613e-01 6.182223e-02 -9.913629e-01
    outer loop
      vertex   -6.474864e-01 9.003249e+01 1.618309e+00
      vertex   -4.721946e-01 9.022383e+01 1.609790e+00
      vertex   -5.877070e-01 9.000773e+01 1.609790e+00
    endloop
  endfacet
  facet normal -1.254998e-01 3.806994e-02 -9.913629e-01
    outer loop
      vertex   -6.474864e-01 9.003249e+01 1.618309e+00
      vertex   -5.877070e-01 9.000773e+01 1.609790e+00
      vertex   -7.223007e-01 8.978586e+01 1.618309e+00
    endloop
  endfacet
  facet normal -1.254998e-01 3.806994e-02 -9.913629e-01
    outer loop
      vertex   -7.223007e-01 8.978586e+01 1.618309e+00
      vertex   -5.877070e-01 9.000773e+01 1.609790e+00
      vertex   -6.588392e-01 8.977323e+01 1.609790e+00
    endloop
  endfacet
  facet normal 6.827085e-01 -7.306909e-01 -9.187849e-14
    outer loop
      vertex   1.621477e+01 5.872322e+01 1.763158e+00
      vertex   1.623550e+01 5.874259e+01 1.726027e+00
      vertex   1.620097e+01 5.871033e+01 1.803000e+00
    endloop
  endfacet
  facet normal 6.827085e-01 -7.306909e-01 3.957645e-13
    outer loop
      vertex   1.620097e+01 5.871033e+01 1.803000e+00
      vertex   1.623550e+01 5.874259e+01 1.726027e+00
      vertex   1.626257e+01 5.876788e+01 1.692650e+00
    endloop
  endfacet
  facet normal 6.827085e-01 -7.306909e-01 -3.907868e-15
    outer loop
      vertex   1.620097e+01 5.871033e+01 1.803000e+00
      vertex   1.626257e+01 5.876788e+01 1.692650e+00
      vertex   1.629522e+01 5.879839e+01 1.663962e+00
    endloop
  endfacet
  facet normal 6.827085e-01 -7.306909e-01 1.063929e-13
    outer loop
      vertex   1.629522e+01 5.879839e+01 1.663962e+00
      vertex   1.633254e+01 5.883325e+01 1.640769e+00
      vertex   1.620097e+01 5.871033e+01 1.803000e+00
    endloop
  endfacet
  facet normal 6.827085e-01 -7.306909e-01 -1.155659e-13
    outer loop
      vertex   1.620097e+01 5.871033e+01 1.803000e+00
      vertex   1.633254e+01 5.883325e+01 1.640769e+00
      vertex   1.637347e+01 5.887150e+01 1.623721e+00
    endloop
  endfacet
  facet normal 6.827085e-01 -7.306909e-01 0.000000e+00
    outer loop
      vertex   1.620097e+01 5.871033e+01 1.803000e+00
      vertex   1.637347e+01 5.887150e+01 1.623721e+00
      vertex   1.620097e+01 5.871033e+01 2.645313e+00
    endloop
  endfacet
  facet normal 6.827085e-01 -7.306909e-01 1.757800e-14
    outer loop
      vertex   1.620097e+01 5.871033e+01 2.645313e+00
      vertex   1.637347e+01 5.887150e+01 1.623721e+00
      vertex   1.646155e+01 5.895379e+01 1.609790e+00
    endloop
  endfacet
  facet normal 6.827085e-01 -7.306909e-01 -7.323291e-15
    outer loop
      vertex   1.620097e+01 5.871033e+01 2.645313e+00
      vertex   1.646155e+01 5.895379e+01 1.609790e+00
      vertex   1.706999e+01 5.952228e+01 2.820241e+00
    endloop
  endfacet
  facet normal 6.827085e-01 -7.306909e-01 -1.105976e-14
    outer loop
      vertex   1.706999e+01 5.952228e+01 2.820241e+00
      vertex   1.646155e+01 5.895379e+01 1.609790e+00
      vertex   1.767788e+01 6.009025e+01 1.609790e+00
    endloop
  endfacet
  facet normal 6.827085e-01 -7.306909e-01 4.152718e-12
    outer loop
      vertex   1.706999e+01 5.952228e+01 2.820241e+00
      vertex   1.767788e+01 6.009025e+01 1.609790e+00
      vertex   1.707164e+01 5.952382e+01 2.820241e+00
    endloop
  endfacet
  facet normal 6.827085e-01 -7.306909e-01 -7.165778e-18
    outer loop
      vertex   1.707164e+01 5.952382e+01 2.820241e+00
      vertex   1.767788e+01 6.009025e+01 1.609790e+00
      vertex   1.767788e+01 6.009025e+01 4.376790e+00
    endloop
  endfacet
  facet normal 6.827085e-01 -7.306909e-01 0.000000e+00
    outer loop
      vertex   1.707164e+01 5.952382e+01 2.820241e+00
      vertex   1.767788e+01 6.009025e+01 4.376790e+00
      vertex   1.707164e+01 5.952382e+01 4.376790e+00
    endloop
  endfacet
  facet normal 3.862028e-17 -2.106079e-01 9.775706e-01
    outer loop
      vertex   1.946603e+01 5.870379e+01 2.643905e+00
      vertex   3.070698e+01 5.870379e+01 2.643905e+00
      vertex   1.949041e+01 5.885727e+01 2.676970e+00
    endloop
  endfacet
  facet normal 2.064730e-16 -2.106079e-01 9.775706e-01
    outer loop
      vertex   1.949041e+01 5.885727e+01 2.676970e+00
      vertex   3.070698e+01 5.870379e+01 2.643905e+00
      vertex   1.949346e+01 5.898760e+01 2.705049e+00
    endloop
  endfacet
  facet normal -5.578541e-16 -2.106079e-01 9.775706e-01
    outer loop
      vertex   1.949346e+01 5.898760e+01 2.705049e+00
      vertex   3.070698e+01 5.870379e+01 2.643905e+00
      vertex   1.948025e+01 5.909819e+01 2.728875e+00
    endloop
  endfacet
  facet normal -2.560373e-17 -2.106079e-01 9.775706e-01
    outer loop
      vertex   1.948025e+01 5.909819e+01 2.728875e+00
      vertex   3.070698e+01 5.870379e+01 2.643905e+00
      vertex   3.442796e+01 5.948401e+01 2.811995e+00
    endloop
  endfacet
  facet normal 2.225468e-16 -2.106079e-01 9.775706e-01
    outer loop
      vertex   1.948025e+01 5.909819e+01 2.728875e+00
      vertex   3.442796e+01 5.948401e+01 2.811995e+00
      vertex   1.945391e+01 5.919542e+01 2.749821e+00
    endloop
  endfacet
  facet normal -4.520285e-16 -2.106079e-01 9.775706e-01
    outer loop
      vertex   1.945391e+01 5.919542e+01 2.749821e+00
      vertex   3.442796e+01 5.948401e+01 2.811995e+00
      vertex   1.936978e+01 5.936094e+01 2.785480e+00
    endloop
  endfacet
  facet normal 1.495131e-16 -2.106079e-01 9.775706e-01
    outer loop
      vertex   1.936978e+01 5.936094e+01 2.785480e+00
      vertex   3.442796e+01 5.948401e+01 2.811995e+00
      vertex   1.931003e+01 5.944005e+01 2.802526e+00
    endloop
  endfacet
  facet normal 4.030762e-17 -2.106079e-01 9.775706e-01
    outer loop
      vertex   1.931003e+01 5.944005e+01 2.802526e+00
      vertex   3.442796e+01 5.948401e+01 2.811995e+00
      vertex   1.923488e+01 5.952228e+01 2.820241e+00
    endloop
  endfacet
  facet normal -1.218042e-17 -2.106079e-01 9.775706e-01
    outer loop
      vertex   1.923488e+01 5.952228e+01 2.820241e+00
      vertex   3.442796e+01 5.948401e+01 2.811995e+00
      vertex   3.443482e+01 5.949670e+01 2.814730e+00
    endloop
  endfacet
  facet normal 7.448713e-17 -2.106079e-01 9.775706e-01
    outer loop
      vertex   1.923488e+01 5.952228e+01 2.820241e+00
      vertex   3.443482e+01 5.949670e+01 2.814730e+00
      vertex   3.444156e+01 5.950946e+01 2.817478e+00
    endloop
  endfacet
  facet normal 1.809490e-16 -2.106079e-01 9.775706e-01
    outer loop
      vertex   3.444156e+01 5.950946e+01 2.817478e+00
      vertex   3.444818e+01 5.952228e+01 2.820241e+00
      vertex   1.923488e+01 5.952228e+01 2.820241e+00
    endloop
  endfacet
  facet normal 0.000000e+00 0.000000e+00 1.000000e+00
    outer loop
      vertex   -8.400637e-01 9.004877e+01 2.817173e+00
      vertex   1.700872e+01 9.004877e+01 2.817173e+00
      vertex   -8.378889e-01 9.005462e+01 2.817173e+00
    endloop
  endfacet
  facet normal -0.000000e+00 0.000000e+00 1.000000e+00
    outer loop
      vertex   -8.378889e-01 9.005462e+01 2.817173e+00
      vertex   1.700872e+01 9.004877e+01 2.817173e+00
      vertex   1.699107e+01 9.006630e+01 2.817173e+00
    endloop
  endfacet
  facet normal 0.000000e+00 0.000000e+00 1.000000e+00
    outer loop
      vertex   -8.378889e-01 9.005462e+01 2.817173e+00
      vertex   1.699107e+01 9.006630e+01 2.817173e+00
      vertex   -8.356897e-01 9.006047e+01 2.817173e+00
    endloop
  endfacet
  facet normal 0.000000e+00 0.000000e+00 1.000000e+00
    outer loop
      vertex   -8.356897e-01 9.006047e+01 2.817173e+00
      vertex   1.699107e+01 9.006630e+01 2.817173e+00
      vertex   -8.334662e-01 9.006630e+01 2.817173e+00
    endloop
  endfacet
  facet normal -0.000000e+00 1.000000e+00 0.000000e+00
    outer loop
      vertex   1.946983e+01 9.102937e+01 2.632686e+00
      vertex   3.049417e+01 9.102937e+01 2.632686e+00
      vertex   1.946983e+01 9.102937e+01 1.609790e+00
    endloop
  endfacet
  facet normal 0.000000e+00 1.000000e+00 0.000000e+00
    outer loop
      vertex   1.946983e+01 9.102937e+01 1.609790e+00
      vertex   3.049417e+01 9.102937e+01 2.632686e+00
      vertex   3.311194e+01 9.102937e+01 2.308724e+00
    endloop
  endfacet
  facet normal 0.000000e+00 1.000000e+00 0.000000e+00
    outer loop
      vertex   1.946983e+01 9.102937e+01 1.609790e+00
      vertex   3.311194e+01 9.102937e+01 2.308724e+00
      vertex   3.311194e+01 9.102937e+01 1.609790e+00
    endloop
  endfacet
  facet normal 8.909090e-01 -4.541657e-01 -3.839521e-03
    outer loop
      vertex   3.444844e+01 5.952280e+01 2.820241e+00
      vertex   3.444818e+01 5.952228e+01 2.820241e+00
      vertex   3.449776e+01 5.962977e+01 1.609790e+00
    endloop
  endfacet
  facet normal 8.889975e-01 -4.578923e-01 -4.248725e-03
    outer loop
      vertex   3.449776e+01 5.962977e+01 1.609790e+00
      vertex   3.444818e+01 5.952228e+01 2.820241e+00
      vertex   3.444156e+01 5.950946e+01 2.817478e+00
    endloop
  endfacet
  facet normal 8.846372e-01 -4.662501e-01 -5.284201e-03
    outer loop
      vertex   3.449776e+01 5.962977e+01 1.609790e+00
      vertex   3.444156e+01 5.950946e+01 2.817478e+00
      vertex   3.443482e+01 5.949670e+01 2.814730e+00
    endloop
  endfacet
  facet normal 8.819054e-01 -4.713883e-01 -5.994310e-03
    outer loop
      vertex   3.449776e+01 5.962977e+01 1.609790e+00
      vertex   3.443482e+01 5.949670e+01 2.814730e+00
      vertex   3.435914e+01 5.937044e+01 1.609790e+00
    endloop
  endfacet
  facet normal 8.801299e-01 -4.747007e-01 -5.535688e-03
    outer loop
      vertex   3.435914e+01 5.937044e+01 1.609790e+00
      vertex   3.443482e+01 5.949670e+01 2.814730e+00
      vertex   3.442796e+01 5.948401e+01 2.811995e+00
    endloop
  endfacet
  facet normal 8.424984e-01 -5.386923e-01 2.663569e-03
    outer loop
      vertex   3.435914e+01 5.937044e+01 1.609790e+00
      vertex   3.442796e+01 5.948401e+01 2.811995e+00
      vertex   3.432019e+01 5.931490e+01 2.698992e+00
    endloop
  endfacet
  facet normal 7.730019e-01 -6.343863e-01 -4.701657e-03
    outer loop
      vertex   3.435914e+01 5.937044e+01 1.609790e+00
      vertex   3.432019e+01 5.931490e+01 2.698992e+00
      vertex   3.417260e+01 5.914313e+01 1.609790e+00
    endloop
  endfacet
  facet normal 7.647225e-01 -6.443566e-01 -2.007490e-03
    outer loop
      vertex   3.417260e+01 5.914313e+01 1.609790e+00
      vertex   3.432019e+01 5.931490e+01 2.698992e+00
      vertex   3.419082e+01 5.916167e+01 2.600080e+00
    endloop
  endfacet
  facet normal 6.707310e-01 -7.416991e-01 1.544426e-03
    outer loop
      vertex   3.417260e+01 5.914313e+01 1.609790e+00
      vertex   3.419082e+01 5.916167e+01 2.600080e+00
      vertex   3.404217e+01 5.902707e+01 2.517028e+00
    endloop
  endfacet
  facet normal 6.343746e-01 -7.729876e-01 -7.684882e-03
    outer loop
      vertex   3.417260e+01 5.914313e+01 1.609790e+00
      vertex   3.404217e+01 5.902707e+01 2.517028e+00
      vertex   3.394529e+01 5.895659e+01 1.609790e+00
    endloop
  endfacet
  facet normal 5.653217e-01 -8.248622e-01 3.719061e-03
    outer loop
      vertex   3.394529e+01 5.895659e+01 1.609790e+00
      vertex   3.404217e+01 5.902707e+01 2.517028e+00
      vertex   3.387690e+01 5.891351e+01 2.451320e+00
    endloop
  endfacet
  facet normal 4.713857e-01 -8.819007e-01 -6.835847e-03
    outer loop
      vertex   3.394529e+01 5.895659e+01 1.609790e+00
      vertex   3.387690e+01 5.891351e+01 2.451320e+00
      vertex   3.368596e+01 5.881797e+01 1.609790e+00
    endloop
  endfacet
  facet normal 4.515780e-01 -8.922309e-01 -1.168995e-03
    outer loop
      vertex   3.368596e+01 5.881797e+01 1.609790e+00
      vertex   3.387690e+01 5.891351e+01 2.451320e+00
      vertex   3.369795e+01 5.882300e+01 2.404130e+00
    endloop
  endfacet
  facet normal 3.281343e-01 -9.446305e-01 1.025355e-03
    outer loop
      vertex   3.368596e+01 5.881797e+01 1.609790e+00
      vertex   3.369795e+01 5.882300e+01 2.404130e+00
      vertex   3.350853e+01 5.875717e+01 2.376302e+00
    endloop
  endfacet
  facet normal 2.902737e-01 -9.569040e-01 -8.712248e-03
    outer loop
      vertex   3.368596e+01 5.881797e+01 1.609790e+00
      vertex   3.350853e+01 5.875717e+01 2.376302e+00
      vertex   3.340457e+01 5.873262e+01 1.609790e+00
    endloop
  endfacet
  facet normal 1.991653e-01 -9.799561e-01 4.382638e-03
    outer loop
      vertex   3.340457e+01 5.873262e+01 1.609790e+00
      vertex   3.350853e+01 5.875717e+01 2.376302e+00
      vertex   3.331202e+01 5.871720e+01 2.368333e+00
    endloop
  endfacet
  facet normal 9.801379e-02 -9.951507e-01 -8.267911e-03
    outer loop
      vertex   3.340457e+01 5.873262e+01 1.609790e+00
      vertex   3.331202e+01 5.871720e+01 2.368333e+00
      vertex   3.311194e+01 5.870379e+01 1.609790e+00
    endloop
  endfacet
  facet normal 6.684418e-02 -9.977634e-01 0.000000e+00
    outer loop
      vertex   3.311194e+01 5.870379e+01 1.609790e+00
      vertex   3.331202e+01 5.871720e+01 2.368333e+00
      vertex   3.311194e+01 5.870379e+01 2.380365e+00
    endloop
  endfacet
  facet normal 9.569403e-01 -2.902847e-01 0.000000e+00
    outer loop
      vertex   3.458312e+01 5.991116e+01 1.609790e+00
      vertex   3.458312e+01 5.991116e+01 7.609790e+00
      vertex   3.449776e+01 5.962977e+01 1.609790e+00
    endloop
  endfacet
  facet normal 9.569403e-01 -2.902847e-01 1.133245e-15
    outer loop
      vertex   3.449776e+01 5.962977e+01 1.609790e+00
      vertex   3.458312e+01 5.991116e+01 7.609790e+00
      vertex   3.449776e+01 5.962977e+01 7.609790e+00
    endloop
  endfacet
  facet normal 9.083018e-01 -4.183156e-01 1.075645e-15
    outer loop
      vertex   3.449776e+01 5.962977e+01 1.609790e+00
      vertex   3.449776e+01 5.962977e+01 7.609790e+00
      vertex   3.444896e+01 5.952382e+01 4.379665e+00
    endloop
  endfacet
  facet normal 8.819192e-01 -4.713957e-01 2.139547e-03
    outer loop
      vertex   3.444896e+01 5.952382e+01 4.379665e+00
      vertex   3.449776e+01 5.962977e+01 7.609790e+00
      vertex   3.435914e+01 5.937044e+01 7.609790e+00
    endloop
  endfacet
  facet normal 8.460970e-01 -5.330260e-01 -1.783095e-03
    outer loop
      vertex   3.444896e+01 5.952382e+01 4.379665e+00
      vertex   3.435914e+01 5.937044e+01 7.609790e+00
      vertex   3.430254e+01 5.929140e+01 4.379665e+00
    endloop
  endfacet
  facet normal 7.730089e-01 -6.343920e-01 1.977782e-03
    outer loop
      vertex   3.430254e+01 5.929140e+01 4.379665e+00
      vertex   3.435914e+01 5.937044e+01 7.609790e+00
      vertex   3.417260e+01 5.914313e+01 7.609790e+00
    endloop
  endfacet
  facet normal 7.347073e-01 -6.783824e-01 -1.582327e-03
    outer loop
      vertex   3.430254e+01 5.929140e+01 4.379665e+00
      vertex   3.417260e+01 5.914313e+01 7.609790e+00
      vertex   3.411620e+01 5.908958e+01 4.379665e+00
    endloop
  endfacet
  facet normal 6.343923e-01 -7.730093e-01 1.738020e-03
    outer loop
      vertex   3.411620e+01 5.908958e+01 4.379665e+00
      vertex   3.417260e+01 5.914313e+01 7.609790e+00
      vertex   3.394529e+01 5.895659e+01 7.609790e+00
    endloop
  endfacet
  facet normal 5.986783e-01 -8.009885e-01 -1.303580e-03
    outer loop
      vertex   3.411620e+01 5.908958e+01 4.379665e+00
      vertex   3.394529e+01 5.895659e+01 7.609790e+00
      vertex   3.389617e+01 5.892513e+01 4.379665e+00
    endloop
  endfacet
  facet normal 4.713963e-01 -8.819204e-01 1.420301e-03
    outer loop
      vertex   3.389617e+01 5.892513e+01 4.379665e+00
      vertex   3.394529e+01 5.895659e+01 7.609790e+00
      vertex   3.368596e+01 5.881797e+01 7.609790e+00
    endloop
  endfacet
  facet normal 4.425717e-01 -8.967326e-01 -9.469013e-04
    outer loop
      vertex   3.389617e+01 5.892513e+01 4.379665e+00
      vertex   3.368596e+01 5.881797e+01 7.609790e+00
      vertex   3.364984e+01 5.880356e+01 4.379665e+00
    endloop
  endfacet
  facet normal 2.902845e-01 -9.569398e-01 1.024679e-03
    outer loop
      vertex   3.364984e+01 5.880356e+01 4.379665e+00
      vertex   3.368596e+01 5.881797e+01 7.609790e+00
      vertex   3.340457e+01 5.873262e+01 7.609790e+00
    endloop
  endfacet
  facet normal 2.716228e-01 -9.624037e-01 -5.123502e-04
    outer loop
      vertex   3.364984e+01 5.880356e+01 4.379665e+00
      vertex   3.340457e+01 5.873262e+01 7.609790e+00
      vertex   3.338548e+01 5.872895e+01 4.379665e+00
    endloop
  endfacet
  facet normal 9.801713e-02 -9.951846e-01 5.512182e-04
    outer loop
      vertex   3.338548e+01 5.872895e+01 4.379665e+00
      vertex   3.340457e+01 5.873262e+01 7.609790e+00
      vertex   3.311194e+01 5.870379e+01 7.609790e+00
    endloop
  endfacet
  facet normal 9.156451e-02 -9.957991e-01 3.517363e-19
    outer loop
      vertex   3.338548e+01 5.872895e+01 4.379665e+00
      vertex   3.311194e+01 5.870379e+01 7.609790e+00
      vertex   3.311194e+01 5.870379e+01 4.379665e+00
    endloop
  endfacet
  facet normal 9.951847e-01 -9.801714e-02 0.000000e+00
    outer loop
      vertex   3.461194e+01 6.020379e+01 1.609790e+00
      vertex   3.461194e+01 6.020379e+01 7.609790e+00
      vertex   3.458312e+01 5.991116e+01 1.609790e+00
    endloop
  endfacet
  facet normal 9.951847e-01 -9.801714e-02 0.000000e+00
    outer loop
      vertex   3.458312e+01 5.991116e+01 1.609790e+00
      vertex   3.461194e+01 6.020379e+01 7.609790e+00
      vertex   3.458312e+01 5.991116e+01 7.609790e+00
    endloop
  endfacet
  facet normal 9.083018e-01 -4.183156e-01 0.000000e+00
    outer loop
      vertex   3.444896e+01 5.952382e+01 4.379665e+00
      vertex   3.444896e+01 5.952382e+01 2.820241e+00
      vertex   3.449776e+01 5.962977e+01 1.609790e+00
    endloop
  endfacet
  facet normal 8.912571e-01 -4.534827e-01 -3.765161e-03
    outer loop
      vertex   3.449776e+01 5.962977e+01 1.609790e+00
      vertex   3.444896e+01 5.952382e+01 2.820241e+00
      vertex   3.444870e+01 5.952331e+01 2.820241e+00
    endloop
  endfacet
  facet normal 8.910831e-01 -4.538242e-01 -3.802250e-03
    outer loop
      vertex   3.449776e+01 5.962977e+01 1.609790e+00
      vertex   3.444870e+01 5.952331e+01 2.820241e+00
      vertex   3.444844e+01 5.952280e+01 2.820241e+00
    endloop
  endfacet
  facet normal 8.782772e-02 -5.915366e-01 8.014803e-01
    outer loop
      vertex   3.442796e+01 5.948401e+01 2.811995e+00
      vertex   3.070698e+01 5.870379e+01 2.643905e+00
      vertex   3.432019e+01 5.931490e+01 2.698992e+00
    endloop
  endfacet
  facet normal 8.782772e-02 -5.915366e-01 8.014803e-01
    outer loop
      vertex   3.432019e+01 5.931490e+01 2.698992e+00
      vertex   3.070698e+01 5.870379e+01 2.643905e+00
      vertex   3.419082e+01 5.916167e+01 2.600080e+00
    endloop
  endfacet
  facet normal 8.782772e-02 -5.915366e-01 8.014803e-01
    outer loop
      vertex   3.419082e+01 5.916167e+01 2.600080e+00
      vertex   3.070698e+01 5.870379e+01 2.643905e+00
      vertex   3.404217e+01 5.902707e+01 2.517028e+00
    endloop
  endfacet
  facet normal 8.782772e-02 -5.915366e-01 8.014803e-01
    outer loop
      vertex   3.404217e+01 5.902707e+01 2.517028e+00
      vertex   3.070698e+01 5.870379e+01 2.643905e+00
      vertex   3.311194e+01 5.870379e+01 2.380365e+00
    endloop
  endfacet
  facet normal 8.782772e-02 -5.915366e-01 8.014803e-01
    outer loop
      vertex   3.404217e+01 5.902707e+01 2.517028e+00
      vertex   3.311194e+01 5.870379e+01 2.380365e+00
      vertex   3.387690e+01 5.891351e+01 2.451320e+00
    endloop
  endfacet
  facet normal 8.782772e-02 -5.915366e-01 8.014803e-01
    outer loop
      vertex   3.387690e+01 5.891351e+01 2.451320e+00
      vertex   3.311194e+01 5.870379e+01 2.380365e+00
      vertex   3.369795e+01 5.882300e+01 2.404130e+00
    endloop
  endfacet
  facet normal 8.782772e-02 -5.915366e-01 8.014803e-01
    outer loop
      vertex   3.369795e+01 5.882300e+01 2.404130e+00
      vertex   3.311194e+01 5.870379e+01 2.380365e+00
      vertex   3.350853e+01 5.875717e+01 2.376302e+00
    endloop
  endfacet
  facet normal 8.782772e-02 -5.915366e-01 8.014803e-01
    outer loop
      vertex   3.350853e+01 5.875717e+01 2.376302e+00
      vertex   3.311194e+01 5.870379e+01 2.380365e+00
      vertex   3.331202e+01 5.871720e+01 2.368333e+00
    endloop
  endfacet
  facet normal 2.489416e-17 8.669729e-13 1.000000e+00
    outer loop
      vertex   -7.691003e-01 5.952228e+01 2.820241e+00
      vertex   1.706999e+01 5.952228e+01 2.820241e+00
      vertex   -7.693614e-01 5.952280e+01 2.820241e+00
    endloop
  endfacet
  facet normal -0.000000e+00 -0.000000e+00 1.000000e+00
    outer loop
      vertex   -7.693614e-01 5.952280e+01 2.820241e+00
      vertex   1.706999e+01 5.952228e+01 2.820241e+00
      vertex   -7.696224e-01 5.952331e+01 2.820241e+00
    endloop
  endfacet
  facet normal -0.000000e+00 0.000000e+00 1.000000e+00
    outer loop
      vertex   -7.696224e-01 5.952331e+01 2.820241e+00
      vertex   1.706999e+01 5.952228e+01 2.820241e+00
      vertex   1.707164e+01 5.952382e+01 2.820241e+00
    endloop
  endfacet
  facet normal 0.000000e+00 -0.000000e+00 1.000000e+00
    outer loop
      vertex   -7.696224e-01 5.952331e+01 2.820241e+00
      vertex   1.707164e+01 5.952382e+01 2.820241e+00
      vertex   -7.698831e-01 5.952382e+01 2.820241e+00
    endloop
  endfacet
  facet normal -9.948693e-01 -1.011683e-01 0.000000e+00
    outer loop
      vertex   6.136016e+00 7.227004e+01 7.094700e+00
      vertex   6.136016e+00 7.227004e+01 8.094700e+00
      vertex   6.105311e+00 7.257199e+01 7.094700e+00
    endloop
  endfacet
  facet normal -9.948693e-01 -1.011683e-01 0.000000e+00
    outer loop
      vertex   6.105311e+00 7.257199e+01 7.094700e+00
      vertex   6.136016e+00 7.227004e+01 8.094700e+00
      vertex   6.105311e+00 7.257199e+01 8.094700e+00
    endloop
  endfacet
  facet normal -9.948693e-01 1.011683e-01 0.000000e+00
    outer loop
      vertex   6.105311e+00 7.257199e+01 7.094700e+00
      vertex   6.105311e+00 7.257199e+01 8.094700e+00
      vertex   6.136016e+00 7.287394e+01 7.094700e+00
    endloop
  endfacet
  facet normal -9.948693e-01 1.011683e-01 0.000000e+00
    outer loop
      vertex   6.136016e+00 7.287394e+01 7.094700e+00
      vertex   6.105311e+00 7.257199e+01 8.094700e+00
      vertex   6.136016e+00 7.287394e+01 8.094700e+00
    endloop
  endfacet
  facet normal -9.541393e-01 2.993631e-01 0.000000e+00
    outer loop
      vertex   6.136016e+00 7.287394e+01 7.094700e+00
      vertex   6.136016e+00 7.287394e+01 8.094700e+00
      vertex   6.226874e+00 7.316352e+01 7.094700e+00
    endloop
  endfacet
  facet normal -9.541393e-01 2.993631e-01 0.000000e+00
    outer loop
      vertex   6.226874e+00 7.316352e+01 7.094700e+00
      vertex   6.136016e+00 7.287394e+01 8.094700e+00
      vertex   6.226874e+00 7.316352e+01 8.094700e+00
    endloop
  endfacet
  facet normal -8.743466e-01 4.853020e-01 0.000000e+00
    outer loop
      vertex   6.226874e+00 7.316352e+01 7.094700e+00
      vertex   6.226874e+00 7.316352e+01 8.094700e+00
      vertex   6.374166e+00 7.342889e+01 7.094700e+00
    endloop
  endfacet
  facet normal -8.743466e-01 4.853020e-01 0.000000e+00
    outer loop
      vertex   6.374166e+00 7.342889e+01 7.094700e+00
      vertex   6.226874e+00 7.316352e+01 8.094700e+00
      vertex   6.374166e+00 7.342889e+01 8.094700e+00
    endloop
  endfacet
  facet normal -7.587581e-01 6.513725e-01 0.000000e+00
    outer loop
      vertex   6.374166e+00 7.342889e+01 7.094700e+00
      vertex   6.374166e+00 7.342889e+01 8.094700e+00
      vertex   6.571861e+00 7.365918e+01 7.094700e+00
    endloop
  endfacet
  facet normal -7.587581e-01 6.513725e-01 0.000000e+00
    outer loop
      vertex   6.571861e+00 7.365918e+01 7.094700e+00
      vertex   6.374166e+00 7.342889e+01 8.094700e+00
      vertex   6.571861e+00 7.365918e+01 8.094700e+00
    endloop
  endfacet
  facet normal -6.121060e-01 7.907757e-01 0.000000e+00
    outer loop
      vertex   6.571861e+00 7.365918e+01 7.094700e+00
      vertex   6.571861e+00 7.365918e+01 8.094700e+00
      vertex   6.811865e+00 7.384496e+01 7.094700e+00
    endloop
  endfacet
  facet normal -6.121060e-01 7.907757e-01 0.000000e+00
    outer loop
      vertex   6.811865e+00 7.384496e+01 7.094700e+00
      vertex   6.571861e+00 7.365918e+01 8.094700e+00
      vertex   6.811865e+00 7.384496e+01 8.094700e+00
    endloop
  endfacet
  facet normal -4.403942e-01 8.978045e-01 0.000000e+00
    outer loop
      vertex   6.811865e+00 7.384496e+01 7.094700e+00
      vertex   6.811865e+00 7.384496e+01 8.094700e+00
      vertex   7.084353e+00 7.397862e+01 7.094700e+00
    endloop
  endfacet
  facet normal -4.403942e-01 8.978045e-01 0.000000e+00
    outer loop
      vertex   7.084353e+00 7.397862e+01 7.094700e+00
      vertex   6.811865e+00 7.384496e+01 8.094700e+00
      vertex   7.084353e+00 7.397862e+01 8.094700e+00
    endloop
  endfacet
  facet normal -2.506525e-01 9.680771e-01 0.000000e+00
    outer loop
      vertex   7.084353e+00 7.397862e+01 7.094700e+00
      vertex   7.084353e+00 7.397862e+01 8.094700e+00
      vertex   7.378169e+00 7.405469e+01 7.094700e+00
    endloop
  endfacet
  facet normal -2.506525e-01 9.680771e-01 0.000000e+00
    outer loop
      vertex   7.378169e+00 7.405469e+01 7.094700e+00
      vertex   7.084353e+00 7.397862e+01 8.094700e+00
      vertex   7.378169e+00 7.405469e+01 8.094700e+00
    endloop
  endfacet
  facet normal -5.064917e-02 9.987165e-01 0.000000e+00
    outer loop
      vertex   7.378169e+00 7.405469e+01 7.094700e+00
      vertex   7.378169e+00 7.405469e+01 8.094700e+00
      vertex   7.681285e+00 7.407007e+01 7.094700e+00
    endloop
  endfacet
  facet normal -5.064917e-02 9.987165e-01 -4.498550e-17
    outer loop
      vertex   7.681285e+00 7.407007e+01 7.094700e+00
      vertex   7.378169e+00 7.405469e+01 8.094700e+00
      vertex   7.681285e+00 7.407007e+01 8.094700e+00
    endloop
  endfacet
  facet normal 1.514278e-01 9.884683e-01 1.344949e-16
    outer loop
      vertex   7.681285e+00 7.407007e+01 7.094700e+00
      vertex   7.681285e+00 7.407007e+01 8.094700e+00
      vertex   7.981290e+00 7.402411e+01 7.094700e+00
    endloop
  endfacet
  facet normal 1.514278e-01 9.884683e-01 -0.000000e+00
    outer loop
      vertex   7.981290e+00 7.402411e+01 7.094700e+00
      vertex   7.681285e+00 7.407007e+01 8.094700e+00
      vertex   7.981290e+00 7.402411e+01 8.094700e+00
    endloop
  endfacet
  facet normal 3.473053e-01 9.377521e-01 -0.000000e+00
    outer loop
      vertex   7.981290e+00 7.402411e+01 7.094700e+00
      vertex   7.981290e+00 7.402411e+01 8.094700e+00
      vertex   8.265902e+00 7.391870e+01 7.094700e+00
    endloop
  endfacet
  facet normal 3.473053e-01 9.377521e-01 6.169381e-16
    outer loop
      vertex   8.265902e+00 7.391870e+01 7.094700e+00
      vertex   7.981290e+00 7.402411e+01 8.094700e+00
      vertex   8.265902e+00 7.391870e+01 8.094700e+00
    endloop
  endfacet
  facet normal 5.289640e-01 8.486443e-01 9.396288e-16
    outer loop
      vertex   8.265902e+00 7.391870e+01 7.094700e+00
      vertex   8.265902e+00 7.391870e+01 8.094700e+00
      vertex   8.523470e+00 7.375815e+01 7.094700e+00
    endloop
  endfacet
  facet normal 5.289640e-01 8.486443e-01 -0.000000e+00
    outer loop
      vertex   8.523470e+00 7.375815e+01 7.094700e+00
      vertex   8.265902e+00 7.391870e+01 8.094700e+00
      vertex   8.523470e+00 7.375815e+01 8.094700e+00
    endloop
  endfacet
  facet normal 6.889669e-01 7.247928e-01 -0.000000e+00
    outer loop
      vertex   8.523470e+00 7.375815e+01 7.094700e+00
      vertex   8.523470e+00 7.375815e+01 8.094700e+00
      vertex   8.743448e+00 7.354905e+01 7.094700e+00
    endloop
  endfacet
  facet normal 6.889669e-01 7.247928e-01 -0.000000e+00
    outer loop
      vertex   8.743448e+00 7.354905e+01 7.094700e+00
      vertex   8.523470e+00 7.375815e+01 8.094700e+00
      vertex   8.743448e+00 7.354905e+01 8.094700e+00
    endloop
  endfacet
  facet normal 8.207634e-01 5.712682e-01 -0.000000e+00
    outer loop
      vertex   8.743448e+00 7.354905e+01 7.094700e+00
      vertex   8.743448e+00 7.354905e+01 8.094700e+00
      vertex   8.916831e+00 7.329994e+01 7.094700e+00
    endloop
  endfacet
  facet normal 8.207634e-01 5.712682e-01 -0.000000e+00
    outer loop
      vertex   8.916831e+00 7.329994e+01 7.094700e+00
      vertex   8.743448e+00 7.354905e+01 8.094700e+00
      vertex   8.916831e+00 7.329994e+01 8.094700e+00
    endloop
  endfacet
  facet normal 9.189578e-01 3.943559e-01 -0.000000e+00
    outer loop
      vertex   8.916831e+00 7.329994e+01 7.094700e+00
      vertex   8.916831e+00 7.329994e+01 8.094700e+00
      vertex   9.036520e+00 7.302104e+01 7.094700e+00
    endloop
  endfacet
  facet normal 9.189578e-01 3.943559e-01 -0.000000e+00
    outer loop
      vertex   9.036520e+00 7.302104e+01 7.094700e+00
      vertex   8.916831e+00 7.329994e+01 8.094700e+00
      vertex   9.036520e+00 7.302104e+01 8.094700e+00
    endloop
  endfacet
  facet normal 9.795299e-01 2.012985e-01 -0.000000e+00
    outer loop
      vertex   9.036520e+00 7.302104e+01 7.094700e+00
      vertex   9.036520e+00 7.302104e+01 8.094700e+00
      vertex   9.097615e+00 7.272374e+01 7.094700e+00
    endloop
  endfacet
  facet normal 9.795299e-01 2.012985e-01 -0.000000e+00
    outer loop
      vertex   9.097615e+00 7.272374e+01 7.094700e+00
      vertex   9.036520e+00 7.302104e+01 8.094700e+00
      vertex   9.097615e+00 7.272374e+01 8.094700e+00
    endloop
  endfacet
  facet normal 1.000000e+00 0.000000e+00 -0.000000e+00
    outer loop
      vertex   9.097615e+00 7.272374e+01 7.094700e+00
      vertex   9.097615e+00 7.272374e+01 8.094700e+00
      vertex   9.097615e+00 7.242024e+01 7.094700e+00
    endloop
  endfacet
  facet normal 1.000000e+00 0.000000e+00 0.000000e+00
    outer loop
      vertex   9.097615e+00 7.242024e+01 7.094700e+00
      vertex   9.097615e+00 7.272374e+01 8.094700e+00
      vertex   9.097615e+00 7.242024e+01 8.094700e+00
    endloop
  endfacet
  facet normal 9.795299e-01 -2.012985e-01 0.000000e+00
    outer loop
      vertex   9.097615e+00 7.242024e+01 7.094700e+00
      vertex   9.097615e+00 7.242024e+01 8.094700e+00
      vertex   9.036520e+00 7.212295e+01 7.094700e+00
    endloop
  endfacet
  facet normal 9.795299e-01 -2.012985e-01 0.000000e+00
    outer loop
      vertex   9.036520e+00 7.212295e+01 7.094700e+00
      vertex   9.097615e+00 7.242024e+01 8.094700e+00
      vertex   9.036520e+00 7.212295e+01 8.094700e+00
    endloop
  endfacet
  facet normal 9.189578e-01 -3.943559e-01 0.000000e+00
    outer loop
      vertex   9.036520e+00 7.212295e+01 7.094700e+00
      vertex   9.036520e+00 7.212295e+01 8.094700e+00
      vertex   8.916831e+00 7.184404e+01 7.094700e+00
    endloop
  endfacet
  facet normal 9.189578e-01 -3.943559e-01 0.000000e+00
    outer loop
      vertex   8.916831e+00 7.184404e+01 7.094700e+00
      vertex   9.036520e+00 7.212295e+01 8.094700e+00
      vertex   8.916831e+00 7.184404e+01 8.094700e+00
    endloop
  endfacet
  facet normal 8.207634e-01 -5.712682e-01 0.000000e+00
    outer loop
      vertex   8.916831e+00 7.184404e+01 7.094700e+00
      vertex   8.916831e+00 7.184404e+01 8.094700e+00
      vertex   8.743448e+00 7.159493e+01 7.094700e+00
    endloop
  endfacet
  facet normal 8.207634e-01 -5.712682e-01 0.000000e+00
    outer loop
      vertex   8.743448e+00 7.159493e+01 7.094700e+00
      vertex   8.916831e+00 7.184404e+01 8.094700e+00
      vertex   8.743448e+00 7.159493e+01 8.094700e+00
    endloop
  endfacet
  facet normal 6.889669e-01 -7.247928e-01 0.000000e+00
    outer loop
      vertex   8.743448e+00 7.159493e+01 7.094700e+00
      vertex   8.743448e+00 7.159493e+01 8.094700e+00
      vertex   8.523470e+00 7.138583e+01 7.094700e+00
    endloop
  endfacet
  facet normal 6.889669e-01 -7.247928e-01 0.000000e+00
    outer loop
      vertex   8.523470e+00 7.138583e+01 7.094700e+00
      vertex   8.743448e+00 7.159493e+01 8.094700e+00
      vertex   8.523470e+00 7.138583e+01 8.094700e+00
    endloop
  endfacet
  facet normal 5.289640e-01 -8.486443e-01 0.000000e+00
    outer loop
      vertex   8.523470e+00 7.138583e+01 7.094700e+00
      vertex   8.523470e+00 7.138583e+01 8.094700e+00
      vertex   8.265902e+00 7.122528e+01 7.094700e+00
    endloop
  endfacet
  facet normal 5.289640e-01 -8.486443e-01 -9.396288e-16
    outer loop
      vertex   8.265902e+00 7.122528e+01 7.094700e+00
      vertex   8.523470e+00 7.138583e+01 8.094700e+00
      vertex   8.265902e+00 7.122528e+01 8.094700e+00
    endloop
  endfacet
  facet normal 3.473053e-01 -9.377521e-01 -6.169381e-16
    outer loop
      vertex   8.265902e+00 7.122528e+01 7.094700e+00
      vertex   8.265902e+00 7.122528e+01 8.094700e+00
      vertex   7.981290e+00 7.111988e+01 7.094700e+00
    endloop
  endfacet
  facet normal 3.473053e-01 -9.377521e-01 0.000000e+00
    outer loop
      vertex   7.981290e+00 7.111988e+01 7.094700e+00
      vertex   8.265902e+00 7.122528e+01 8.094700e+00
      vertex   7.981290e+00 7.111988e+01 8.094700e+00
    endloop
  endfacet
  facet normal 1.514278e-01 -9.884683e-01 0.000000e+00
    outer loop
      vertex   7.981290e+00 7.111988e+01 7.094700e+00
      vertex   7.981290e+00 7.111988e+01 8.094700e+00
      vertex   7.681285e+00 7.107392e+01 7.094700e+00
    endloop
  endfacet
  facet normal 1.514278e-01 -9.884683e-01 -1.344949e-16
    outer loop
      vertex   7.681285e+00 7.107392e+01 7.094700e+00
      vertex   7.981290e+00 7.111988e+01 8.094700e+00
      vertex   7.681285e+00 7.107392e+01 8.094700e+00
    endloop
  endfacet
  facet normal -5.064917e-02 -9.987165e-01 4.498550e-17
    outer loop
      vertex   7.681285e+00 7.107392e+01 7.094700e+00
      vertex   7.681285e+00 7.107392e+01 8.094700e+00
      vertex   7.378169e+00 7.108929e+01 7.094700e+00
    endloop
  endfacet
  facet normal -5.064917e-02 -9.987165e-01 0.000000e+00
    outer loop
      vertex   7.378169e+00 7.108929e+01 7.094700e+00
      vertex   7.681285e+00 7.107392e+01 8.094700e+00
      vertex   7.378169e+00 7.108929e+01 8.094700e+00
    endloop
  endfacet
  facet normal -2.506525e-01 -9.680771e-01 0.000000e+00
    outer loop
      vertex   7.378169e+00 7.108929e+01 7.094700e+00
      vertex   7.378169e+00 7.108929e+01 8.094700e+00
      vertex   7.084353e+00 7.116536e+01 7.094700e+00
    endloop
  endfacet
  facet normal -2.506525e-01 -9.680771e-01 0.000000e+00
    outer loop
      vertex   7.084353e+00 7.116536e+01 7.094700e+00
      vertex   7.378169e+00 7.108929e+01 8.094700e+00
      vertex   7.084353e+00 7.116536e+01 8.094700e+00
    endloop
  endfacet
  facet normal -4.403942e-01 -8.978045e-01 0.000000e+00
    outer loop
      vertex   7.084353e+00 7.116536e+01 7.094700e+00
      vertex   7.084353e+00 7.116536e+01 8.094700e+00
      vertex   6.811865e+00 7.129902e+01 7.094700e+00
    endloop
  endfacet
  facet normal -4.403942e-01 -8.978045e-01 0.000000e+00
    outer loop
      vertex   6.811865e+00 7.129902e+01 7.094700e+00
      vertex   7.084353e+00 7.116536e+01 8.094700e+00
      vertex   6.811865e+00 7.129902e+01 8.094700e+00
    endloop
  endfacet
  facet normal -6.121060e-01 -7.907757e-01 0.000000e+00
    outer loop
      vertex   6.811865e+00 7.129902e+01 7.094700e+00
      vertex   6.811865e+00 7.129902e+01 8.094700e+00
      vertex   6.571861e+00 7.148480e+01 7.094700e+00
    endloop
  endfacet
  facet normal -6.121060e-01 -7.907757e-01 0.000000e+00
    outer loop
      vertex   6.571861e+00 7.148480e+01 7.094700e+00
      vertex   6.811865e+00 7.129902e+01 8.094700e+00
      vertex   6.571861e+00 7.148480e+01 8.094700e+00
    endloop
  endfacet
  facet normal -7.587581e-01 -6.513725e-01 0.000000e+00
    outer loop
      vertex   6.571861e+00 7.148480e+01 7.094700e+00
      vertex   6.571861e+00 7.148480e+01 8.094700e+00
      vertex   6.374166e+00 7.171509e+01 7.094700e+00
    endloop
  endfacet
  facet normal -7.587581e-01 -6.513725e-01 0.000000e+00
    outer loop
      vertex   6.374166e+00 7.171509e+01 7.094700e+00
      vertex   6.571861e+00 7.148480e+01 8.094700e+00
      vertex   6.374166e+00 7.171509e+01 8.094700e+00
    endloop
  endfacet
  facet normal -8.743466e-01 -4.853020e-01 0.000000e+00
    outer loop
      vertex   6.374166e+00 7.171509e+01 7.094700e+00
      vertex   6.374166e+00 7.171509e+01 8.094700e+00
      vertex   6.226874e+00 7.198046e+01 7.094700e+00
    endloop
  endfacet
  facet normal -8.743466e-01 -4.853020e-01 0.000000e+00
    outer loop
      vertex   6.226874e+00 7.198046e+01 7.094700e+00
      vertex   6.374166e+00 7.171509e+01 8.094700e+00
      vertex   6.226874e+00 7.198046e+01 8.094700e+00
    endloop
  endfacet
  facet normal -9.541393e-01 -2.993631e-01 0.000000e+00
    outer loop
      vertex   6.226874e+00 7.198046e+01 7.094700e+00
      vertex   6.226874e+00 7.198046e+01 8.094700e+00
      vertex   6.136016e+00 7.227004e+01 7.094700e+00
    endloop
  endfacet
  facet normal -9.541393e-01 -2.993631e-01 0.000000e+00
    outer loop
      vertex   6.136016e+00 7.227004e+01 7.094700e+00
      vertex   6.226874e+00 7.198046e+01 8.094700e+00
      vertex   6.136016e+00 7.227004e+01 8.094700e+00
    endloop
  endfacet
  facet normal 0.000000e+00 0.000000e+00 -1.000000e+00
    outer loop
      vertex   6.105311e+00 7.257199e+01 7.094700e+00
      vertex   6.136016e+00 7.287394e+01 7.094700e+00
      vertex   6.136016e+00 7.227004e+01 7.094700e+00
    endloop
  endfacet
  facet normal 0.000000e+00 0.000000e+00 -1.000000e+00
    outer loop
      vertex   6.136016e+00 7.227004e+01 7.094700e+00
      vertex   6.136016e+00 7.287394e+01 7.094700e+00
      vertex   6.226874e+00 7.198046e+01 7.094700e+00
    endloop
  endfacet
  facet normal 0.000000e+00 0.000000e+00 -1.000000e+00
    outer loop
      vertex   6.226874e+00 7.198046e+01 7.094700e+00
      vertex   6.136016e+00 7.287394e+01 7.094700e+00
      vertex   6.226874e+00 7.316352e+01 7.094700e+00
    endloop
  endfacet
  facet normal 0.000000e+00 0.000000e+00 -1.000000e+00
    outer loop
      vertex   6.226874e+00 7.198046e+01 7.094700e+00
      vertex   6.226874e+00 7.316352e+01 7.094700e+00
      vertex   6.374166e+00 7.171509e+01 7.094700e+00
    endloop
  endfacet
  facet normal 0.000000e+00 0.000000e+00 -1.000000e+00
    outer loop
      vertex   6.374166e+00 7.171509e+01 7.094700e+00
      vertex   6.226874e+00 7.316352e+01 7.094700e+00
      vertex   6.374166e+00 7.342889e+01 7.094700e+00
    endloop
  endfacet
  facet normal 0.000000e+00 0.000000e+00 -1.000000e+00
    outer loop
      vertex   6.374166e+00 7.171509e+01 7.094700e+00
      vertex   6.374166e+00 7.342889e+01 7.094700e+00
      vertex   6.571861e+00 7.148480e+01 7.094700e+00
    endloop
  endfacet
  facet normal 0.000000e+00 0.000000e+00 -1.000000e+00
    outer loop
      vertex   6.571861e+00 7.148480e+01 7.094700e+00
      vertex   6.374166e+00 7.342889e+01 7.094700e+00
      vertex   6.571861e+00 7.365918e+01 7.094700e+00
    endloop
  endfacet
  facet normal 0.000000e+00 0.000000e+00 -1.000000e+00
    outer loop
      vertex   6.571861e+00 7.148480e+01 7.094700e+00
      vertex   6.571861e+00 7.365918e+01 7.094700e+00
      vertex   6.811865e+00 7.129902e+01 7.094700e+00
    endloop
  endfacet
  facet normal 0.000000e+00 0.000000e+00 -1.000000e+00
    outer loop
      vertex   6.811865e+00 7.129902e+01 7.094700e+00
      vertex   6.571861e+00 7.365918e+01 7.094700e+00
      vertex   7.084353e+00 7.116536e+01 7.094700e+00
    endloop
  endfacet
  facet normal 0.000000e+00 0.000000e+00 -1.000000e+00
    outer loop
      vertex   7.084353e+00 7.116536e+01 7.094700e+00
      vertex   6.571861e+00 7.365918e+01 7.094700e+00
      vertex   7.378169e+00 7.108929e+01 7.094700e+00
    endloop
  endfacet
  facet normal 0.000000e+00 0.000000e+00 -1.000000e+00
    outer loop
      vertex   7.378169e+00 7.108929e+01 7.094700e+00
      vertex   6.571861e+00 7.365918e+01 7.094700e+00
      vertex   7.681285e+00 7.107392e+01 7.094700e+00
    endloop
  endfacet
  facet normal 0.000000e+00 0.000000e+00 -1.000000e+00
    outer loop
      vertex   7.681285e+00 7.107392e+01 7.094700e+00
      vertex   6.571861e+00 7.365918e+01 7.094700e+00
      vertex   7.981290e+00 7.111988e+01 7.094700e+00
    endloop
  endfacet
  facet normal 0.000000e+00 0.000000e+00 -1.000000e+00
    outer loop
      vertex   7.981290e+00 7.111988e+01 7.094700e+00
      vertex   6.571861e+00 7.365918e+01 7.094700e+00
      vertex   8.265902e+00 7.122528e+01 7.094700e+00
    endloop
  endfacet
  facet normal 0.000000e+00 0.000000e+00 -1.000000e+00
    outer loop
      vertex   8.265902e+00 7.122528e+01 7.094700e+00
      vertex   6.571861e+00 7.365918e+01 7.094700e+00
      vertex   8.523470e+00 7.138583e+01 7.094700e+00
    endloop
  endfacet
  facet normal 0.000000e+00 0.000000e+00 -1.000000e+00
    outer loop
      vertex   8.523470e+00 7.138583e+01 7.094700e+00
      vertex   6.571861e+00 7.365918e+01 7.094700e+00
      vertex   8.743448e+00 7.159493e+01 7.094700e+00
    endloop
  endfacet
  facet normal 0.000000e+00 0.000000e+00 -1.000000e+00
    outer loop
      vertex   8.743448e+00 7.159493e+01 7.094700e+00
      vertex   6.571861e+00 7.365918e+01 7.094700e+00
      vertex   8.916831e+00 7.184404e+01 7.094700e+00
    endloop
  endfacet
  facet normal 0.000000e+00 0.000000e+00 -1.000000e+00
    outer loop
      vertex   8.916831e+00 7.184404e+01 7.094700e+00
      vertex   6.571861e+00 7.365918e+01 7.094700e+00
      vertex   9.036520e+00 7.212295e+01 7.094700e+00
    endloop
  endfacet
  facet normal 0.000000e+00 0.000000e+00 -1.000000e+00
    outer loop
      vertex   9.036520e+00 7.212295e+01 7.094700e+00
      vertex   6.571861e+00 7.365918e+01 7.094700e+00
      vertex   9.097615e+00 7.242024e+01 7.094700e+00
    endloop
  endfacet
  facet normal 0.000000e+00 0.000000e+00 -1.000000e+00
    outer loop
      vertex   9.097615e+00 7.242024e+01 7.094700e+00
      vertex   6.571861e+00 7.365918e+01 7.094700e+00
      vertex   9.097615e+00 7.272374e+01 7.094700e+00
    endloop
  endfacet
  facet normal 0.000000e+00 0.000000e+00 -1.000000e+00
    outer loop
      vertex   9.097615e+00 7.272374e+01 7.094700e+00
      vertex   6.571861e+00 7.365918e+01 7.094700e+00
      vertex   9.036520e+00 7.302104e+01 7.094700e+00
    endloop
  endfacet
  facet normal 0.000000e+00 0.000000e+00 -1.000000e+00
    outer loop
      vertex   9.036520e+00 7.302104e+01 7.094700e+00
      vertex   6.571861e+00 7.365918e+01 7.094700e+00
      vertex   6.811865e+00 7.384496e+01 7.094700e+00
    endloop
  endfacet
  facet normal 0.000000e+00 0.000000e+00 -1.000000e+00
    outer loop
      vertex   9.036520e+00 7.302104e+01 7.094700e+00
      vertex   6.811865e+00 7.384496e+01 7.094700e+00
      vertex   8.916831e+00 7.329994e+01 7.094700e+00
    endloop
  endfacet
  facet normal 0.000000e+00 0.000000e+00 -1.000000e+00
    outer loop
      vertex   8.916831e+00 7.329994e+01 7.094700e+00
      vertex   6.811865e+00 7.384496e+01 7.094700e+00
      vertex   8.743448e+00 7.354905e+01 7.094700e+00
    endloop
  endfacet
  facet normal 0.000000e+00 0.000000e+00 -1.000000e+00
    outer loop
      vertex   8.743448e+00 7.354905e+01 7.094700e+00
      vertex   6.811865e+00 7.384496e+01 7.094700e+00
      vertex   8.523470e+00 7.375815e+01 7.094700e+00
    endloop
  endfacet
  facet normal 0.000000e+00 0.000000e+00 -1.000000e+00
    outer loop
      vertex   8.523470e+00 7.375815e+01 7.094700e+00
      vertex   6.811865e+00 7.384496e+01 7.094700e+00
      vertex   8.265902e+00 7.391870e+01 7.094700e+00
    endloop
  endfacet
  facet normal -0.000000e+00 0.000000e+00 -1.000000e+00
    outer loop
      vertex   8.265902e+00 7.391870e+01 7.094700e+00
      vertex   6.811865e+00 7.384496e+01 7.094700e+00
      vertex   7.084353e+00 7.397862e+01 7.094700e+00
    endloop
  endfacet
  facet normal 0.000000e+00 0.000000e+00 -1.000000e+00
    outer loop
      vertex   8.265902e+00 7.391870e+01 7.094700e+00
      vertex   7.084353e+00 7.397862e+01 7.094700e+00
      vertex   7.981290e+00 7.402411e+01 7.094700e+00
    endloop
  endfacet
  facet normal -0.000000e+00 0.000000e+00 -1.000000e+00
    outer loop
      vertex   7.981290e+00 7.402411e+01 7.094700e+00
      vertex   7.084353e+00 7.397862e+01 7.094700e+00
      vertex   7.378169e+00 7.405469e+01 7.094700e+00
    endloop
  endfacet
  facet normal 0.000000e+00 0.000000e+00 -1.000000e+00
    outer loop
      vertex   7.981290e+00 7.402411e+01 7.094700e+00
      vertex   7.378169e+00 7.405469e+01 7.094700e+00
      vertex   7.681285e+00 7.407007e+01 7.094700e+00
    endloop
  endfacet
  facet normal 0.000000e+00 1.772867e-01 -9.841592e-01
    outer loop
      vertex   -9.328576e-01 7.672016e+01 6.411916e+00
      vertex   2.235955e-02 7.672016e+01 6.411916e+00
      vertex   -9.328576e-01 7.645604e+01 6.364337e+00
    endloop
  endfacet
  facet normal 0.000000e+00 1.772867e-01 -9.841592e-01
    outer loop
      vertex   -9.328576e-01 7.645604e+01 6.364337e+00
      vertex   2.235955e-02 7.672016e+01 6.411916e+00
      vertex   2.235955e-02 7.645604e+01 6.364337e+00
    endloop
  endfacet
  facet normal 0.000000e+00 3.498263e-01 -9.368146e-01
    outer loop
      vertex   -9.328576e-01 7.645604e+01 6.364337e+00
      vertex   2.235955e-02 7.645604e+01 6.364337e+00
      vertex   2.235955e-02 7.620462e+01 6.270452e+00
    endloop
  endfacet
  facet normal -4.120516e-18 3.498263e-01 -9.368146e-01
    outer loop
      vertex   -9.328576e-01 7.645604e+01 6.364337e+00
      vertex   2.235955e-02 7.620462e+01 6.270452e+00
      vertex   -9.328576e-01 7.620462e+01 6.270452e+00
    endloop
  endfacet
  facet normal 0.000000e+00 5.111674e-01 -8.594812e-01
    outer loop
      vertex   -9.328576e-01 7.620462e+01 6.270452e+00
      vertex   2.235955e-02 7.620462e+01 6.270452e+00
      vertex   2.235955e-02 7.597396e+01 6.133267e+00
    endloop
  endfacet
  facet normal -7.994084e-18 5.111674e-01 -8.594812e-01
    outer loop
      vertex   -9.328576e-01 7.620462e+01 6.270452e+00
      vertex   2.235955e-02 7.597396e+01 6.133267e+00
      vertex   -9.328576e-01 7.597396e+01 6.133267e+00
    endloop
  endfacet
  facet normal 0.000000e+00 6.561453e-01 -7.546346e-01
    outer loop
      vertex   -9.328576e-01 7.597396e+01 6.133267e+00
      vertex   2.235955e-02 7.597396e+01 6.133267e+00
      vertex   2.235955e-02 7.577143e+01 5.957173e+00
    endloop
  endfacet
  facet normal -3.912271e-18 6.561453e-01 -7.546346e-01
    outer loop
      vertex   -9.328576e-01 7.597396e+01 6.133267e+00
      vertex   2.235955e-02 7.577143e+01 5.957173e+00
      vertex   -9.328576e-01 7.577143e+01 5.957173e+00
    endloop
  endfacet
  facet normal 0.000000e+00 7.801191e-01 -6.256311e-01
    outer loop
      vertex   -9.328576e-01 7.577143e+01 5.957173e+00
      vertex   2.235955e-02 7.577143e+01 5.957173e+00
      vertex   2.235955e-02 7.560353e+01 5.747808e+00
    endloop
  endfacet
  facet normal -7.221192e-18 7.801191e-01 -6.256311e-01
    outer loop
      vertex   -9.328576e-01 7.577143e+01 5.957173e+00
      vertex   2.235955e-02 7.560353e+01 5.747808e+00
      vertex   -9.328576e-01 7.560353e+01 5.747808e+00
    endloop
  endfacet
  facet normal 0.000000e+00 8.791201e-01 -4.766003e-01
    outer loop
      vertex   -9.328576e-01 7.560353e+01 5.747808e+00
      vertex   2.235955e-02 7.560353e+01 5.747808e+00
      vertex   2.235955e-02 7.547562e+01 5.511873e+00
    endloop
  endfacet
  facet normal -5.305254e-18 8.791201e-01 -4.766003e-01
    outer loop
      vertex   -9.328576e-01 7.560353e+01 5.747808e+00
      vertex   2.235955e-02 7.547562e+01 5.511873e+00
      vertex   -9.328576e-01 7.547562e+01 5.511873e+00
    endloop
  endfacet
  facet normal 0.000000e+00 9.499793e-01 -3.123128e-01
    outer loop
      vertex   -9.328576e-01 7.547562e+01 5.511873e+00
      vertex   2.235955e-02 7.547562e+01 5.511873e+00
      vertex   2.235955e-02 7.539180e+01 5.256922e+00
    endloop
  endfacet
  facet normal 3.559284e-18 9.499793e-01 -3.123128e-01
    outer loop
      vertex   -9.328576e-01 7.547562e+01 5.511873e+00
      vertex   2.235955e-02 7.539180e+01 5.256922e+00
      vertex   -9.328576e-01 7.539180e+01 5.256922e+00
    endloop
  endfacet
  facet normal 0.000000e+00 9.904284e-01 -1.380277e-01
    outer loop
      vertex   -9.328576e-01 7.539180e+01 5.256922e+00
      vertex   2.235955e-02 7.539180e+01 5.256922e+00
      vertex   -9.328576e-01 7.535476e+01 4.991115e+00
    endloop
  endfacet
  facet normal 0.000000e+00 9.904284e-01 -1.380277e-01
    outer loop
      vertex   -9.328576e-01 7.535476e+01 4.991115e+00
      vertex   2.235955e-02 7.539180e+01 5.256922e+00
      vertex   2.235955e-02 7.535476e+01 4.991115e+00
    endloop
  endfacet
  facet normal 0.000000e+00 1.301181e-16 -1.000000e+00
    outer loop
      vertex   2.235955e-02 8.354610e+01 6.411916e+00
      vertex   2.235955e-02 7.672016e+01 6.411916e+00
      vertex   -9.328576e-01 8.354610e+01 6.411916e+00
    endloop
  endfacet
  facet normal 0.000000e+00 1.301181e-16 -1.000000e+00
    outer loop
      vertex   -9.328576e-01 8.354610e+01 6.411916e+00
      vertex   2.235955e-02 7.672016e+01 6.411916e+00
      vertex   -9.328576e-01 7.672016e+01 6.411916e+00
    endloop
  endfacet
  facet normal 0.000000e+00 -9.888851e-01 -1.486820e-01
    outer loop
      vertex   -9.328576e-01 8.491057e+01 5.008314e+00
      vertex   2.235955e-02 8.491057e+01 5.008314e+00
      vertex   -9.328576e-01 8.487098e+01 5.271586e+00
    endloop
  endfacet
  facet normal 0.000000e+00 -9.888851e-01 -1.486820e-01
    outer loop
      vertex   -9.328576e-01 8.487098e+01 5.271586e+00
      vertex   2.235955e-02 8.491057e+01 5.008314e+00
      vertex   2.235955e-02 8.487098e+01 5.271586e+00
    endloop
  endfacet
  facet normal 0.000000e+00 -9.470241e-01 -3.211625e-01
    outer loop
      vertex   -9.328576e-01 8.487098e+01 5.271586e+00
      vertex   2.235955e-02 8.487098e+01 5.271586e+00
      vertex   2.235955e-02 8.478548e+01 5.523713e+00
    endloop
  endfacet
  facet normal -3.745265e-18 -9.470241e-01 -3.211625e-01
    outer loop
      vertex   -9.328576e-01 8.487098e+01 5.271586e+00
      vertex   2.235955e-02 8.478548e+01 5.523713e+00
      vertex   -9.328576e-01 8.478548e+01 5.523713e+00
    endloop
  endfacet
  facet normal 0.000000e+00 -8.753301e-01 -4.835257e-01
    outer loop
      vertex   -9.328576e-01 8.478548e+01 5.523713e+00
      vertex   2.235955e-02 8.478548e+01 5.523713e+00
      vertex   2.235955e-02 8.465675e+01 5.756754e+00
    endloop
  endfacet
  facet normal -1.410144e-18 -8.753301e-01 -4.835257e-01
    outer loop
      vertex   -9.328576e-01 8.478548e+01 5.523713e+00
      vertex   2.235955e-02 8.465675e+01 5.756754e+00
      vertex   -9.328576e-01 8.465675e+01 5.756754e+00
    endloop
  endfacet
  facet normal 0.000000e+00 -7.760617e-01 -6.306570e-01
    outer loop
      vertex   -9.328576e-01 8.465675e+01 5.756754e+00
      vertex   2.235955e-02 8.465675e+01 5.756754e+00
      vertex   2.235955e-02 8.448885e+01 5.963366e+00
    endloop
  endfacet
  facet normal 1.033805e-18 -7.760617e-01 -6.306570e-01
    outer loop
      vertex   -9.328576e-01 8.465675e+01 5.756754e+00
      vertex   2.235955e-02 8.448885e+01 5.963366e+00
      vertex   -9.328576e-01 8.448885e+01 5.963366e+00
    endloop
  endfacet
  facet normal 0.000000e+00 -6.523458e-01 -7.579215e-01
    outer loop
      vertex   -9.328576e-01 8.448885e+01 5.963366e+00
      vertex   2.235955e-02 8.448885e+01 5.963366e+00
      vertex   2.235955e-02 8.428707e+01 6.137041e+00
    endloop
  endfacet
  facet normal 1.204550e-17 -6.523458e-01 -7.579215e-01
    outer loop
      vertex   -9.328576e-01 8.448885e+01 5.963366e+00
      vertex   2.235955e-02 8.428707e+01 6.137041e+00
      vertex   -9.328576e-01 8.428707e+01 6.137041e+00
    endloop
  endfacet
  facet normal 0.000000e+00 -5.080798e-01 -8.613100e-01
    outer loop
      vertex   -9.328576e-01 8.428707e+01 6.137041e+00
      vertex   2.235955e-02 8.428707e+01 6.137041e+00
      vertex   2.235955e-02 8.405776e+01 6.272308e+00
    endloop
  endfacet
  facet normal -1.100151e-18 -5.080798e-01 -8.613100e-01
    outer loop
      vertex   -9.328576e-01 8.428707e+01 6.137041e+00
      vertex   2.235955e-02 8.405776e+01 6.272308e+00
      vertex   -9.328576e-01 8.405776e+01 6.272308e+00
    endloop
  endfacet
  facet normal 0.000000e+00 -3.478084e-01 -9.375656e-01
    outer loop
      vertex   -9.328576e-01 8.405776e+01 6.272308e+00
      vertex   2.235955e-02 8.405776e+01 6.272308e+00
      vertex   2.235955e-02 8.380815e+01 6.364905e+00
    endloop
  endfacet
  facet normal -1.915536e-18 -3.478084e-01 -9.375656e-01
    outer loop
      vertex   -9.328576e-01 8.405776e+01 6.272308e+00
      vertex   2.235955e-02 8.380815e+01 6.364905e+00
      vertex   -9.328576e-01 8.380815e+01 6.364905e+00
    endloop
  endfacet
  facet normal 0.000000e+00 -1.765803e-01 -9.842862e-01
    outer loop
      vertex   -9.328576e-01 8.380815e+01 6.364905e+00
      vertex   2.235955e-02 8.380815e+01 6.364905e+00
      vertex   -9.328576e-01 8.354610e+01 6.411916e+00
    endloop
  endfacet
  facet normal 0.000000e+00 -1.765803e-01 -9.842862e-01
    outer loop
      vertex   -9.328576e-01 8.354610e+01 6.411916e+00
      vertex   2.235955e-02 8.380815e+01 6.364905e+00
      vertex   2.235955e-02 8.354610e+01 6.411916e+00
    endloop
  endfacet
  facet normal 0.000000e+00 -1.000000e+00 0.000000e+00
    outer loop
      vertex   2.235955e-02 8.491057e+01 3.897714e+00
      vertex   2.235955e-02 8.491057e+01 5.008314e+00
      vertex   -9.328576e-01 8.491057e+01 3.897714e+00
    endloop
  endfacet
  facet normal 0.000000e+00 -1.000000e+00 0.000000e+00
    outer loop
      vertex   -9.328576e-01 8.491057e+01 3.897714e+00
      vertex   2.235955e-02 8.491057e+01 5.008314e+00
      vertex   -9.328576e-01 8.491057e+01 5.008314e+00
    endloop
  endfacet
  facet normal 0.000000e+00 -9.873905e-01 1.583036e-01
    outer loop
      vertex   2.235955e-02 8.491057e+01 3.897714e+00
      vertex   -9.328576e-01 8.491057e+01 3.897714e+00
      vertex   2.235955e-02 8.486382e+01 3.606124e+00
    endloop
  endfacet
  facet normal 0.000000e+00 -9.873905e-01 1.583036e-01
    outer loop
      vertex   2.235955e-02 8.486382e+01 3.606124e+00
      vertex   -9.328576e-01 8.491057e+01 3.897714e+00
      vertex   -9.328576e-01 8.486382e+01 3.606124e+00
    endloop
  endfacet
  facet normal 0.000000e+00 -9.372399e-01 3.486852e-01
    outer loop
      vertex   2.235955e-02 8.486382e+01 3.606124e+00
      vertex   -9.328576e-01 8.486382e+01 3.606124e+00
      vertex   2.235955e-02 8.476085e+01 3.329344e+00
    endloop
  endfacet
  facet normal 0.000000e+00 -9.372399e-01 3.486852e-01
    outer loop
      vertex   2.235955e-02 8.476085e+01 3.329344e+00
      vertex   -9.328576e-01 8.486382e+01 3.606124e+00
      vertex   -9.328576e-01 8.476085e+01 3.329344e+00
    endloop
  endfacet
  facet normal 0.000000e+00 -8.507617e-01 5.255516e-01
    outer loop
      vertex   2.235955e-02 8.476085e+01 3.329344e+00
      vertex   -9.328576e-01 8.476085e+01 3.329344e+00
      vertex   2.235955e-02 8.460564e+01 3.078102e+00
    endloop
  endfacet
  facet normal 0.000000e+00 -8.507617e-01 5.255516e-01
    outer loop
      vertex   2.235955e-02 8.460564e+01 3.078102e+00
      vertex   -9.328576e-01 8.476085e+01 3.329344e+00
      vertex   -9.328576e-01 8.460564e+01 3.078102e+00
    endloop
  endfacet
  facet normal 0.000000e+00 -7.313078e-01 6.820476e-01
    outer loop
      vertex   2.235955e-02 8.460564e+01 3.078102e+00
      vertex   -9.328576e-01 8.460564e+01 3.078102e+00
      vertex   2.235955e-02 8.440423e+01 2.862136e+00
    endloop
  endfacet
  facet normal 0.000000e+00 -7.313078e-01 6.820476e-01
    outer loop
      vertex   2.235955e-02 8.440423e+01 2.862136e+00
      vertex   -9.328576e-01 8.460564e+01 3.078102e+00
      vertex   -9.328576e-01 8.440423e+01 2.862136e+00
    endloop
  endfacet
  facet normal 0.000000e+00 -5.835082e-01 8.121072e-01
    outer loop
      vertex   2.235955e-02 8.440423e+01 2.862136e+00
      vertex   -9.328576e-01 8.440423e+01 2.862136e+00
      vertex   2.235955e-02 8.416440e+01 2.689818e+00
    endloop
  endfacet
  facet normal 0.000000e+00 -5.835082e-01 8.121072e-01
    outer loop
      vertex   2.235955e-02 8.416440e+01 2.689818e+00
      vertex   -9.328576e-01 8.440423e+01 2.862136e+00
      vertex   -9.328576e-01 8.416440e+01 2.689818e+00
    endloop
  endfacet
  facet normal 0.000000e+00 -4.130918e-01 9.106894e-01
    outer loop
      vertex   2.235955e-02 8.416440e+01 2.689818e+00
      vertex   -9.328576e-01 8.416440e+01 2.689818e+00
      vertex   2.235955e-02 8.389546e+01 2.567826e+00
    endloop
  endfacet
  facet normal 0.000000e+00 -4.130918e-01 9.106894e-01
    outer loop
      vertex   2.235955e-02 8.389546e+01 2.567826e+00
      vertex   -9.328576e-01 8.416440e+01 2.689818e+00
      vertex   -9.328576e-01 8.389546e+01 2.567826e+00
    endloop
  endfacet
  facet normal 0.000000e+00 -2.266638e-01 9.739731e-01
    outer loop
      vertex   2.235955e-02 8.389546e+01 2.567826e+00
      vertex   -9.328576e-01 8.389546e+01 2.567826e+00
      vertex   2.235955e-02 8.360783e+01 2.500889e+00
    endloop
  endfacet
  facet normal 0.000000e+00 -2.266638e-01 9.739731e-01
    outer loop
      vertex   2.235955e-02 8.360783e+01 2.500889e+00
      vertex   -9.328576e-01 8.389546e+01 2.567826e+00
      vertex   -9.328576e-01 8.360783e+01 2.500889e+00
    endloop
  endfacet
  facet normal -0.000000e+00 1.278066e-16 1.000000e+00
    outer loop
      vertex   -9.328576e-01 8.360783e+01 2.500889e+00
      vertex   -9.328576e-01 7.665844e+01 2.500889e+00
      vertex   2.235955e-02 8.360783e+01 2.500889e+00
    endloop
  endfacet
  facet normal 0.000000e+00 1.278066e-16 1.000000e+00
    outer loop
      vertex   2.235955e-02 8.360783e+01 2.500889e+00
      vertex   -9.328576e-01 7.665844e+01 2.500889e+00
      vertex   2.235955e-02 7.665844e+01 2.500889e+00
    endloop
  endfacet
  facet normal 0.000000e+00 2.274626e-01 9.737868e-01
    outer loop
      vertex   2.235955e-02 7.665844e+01 2.500889e+00
      vertex   -9.328576e-01 7.665844e+01 2.500889e+00
      vertex   2.235955e-02 7.636848e+01 2.568619e+00
    endloop
  endfacet
  facet normal 0.000000e+00 2.274626e-01 9.737868e-01
    outer loop
      vertex   2.235955e-02 7.636848e+01 2.568619e+00
      vertex   -9.328576e-01 7.665844e+01 2.500889e+00
      vertex   -9.328576e-01 7.636848e+01 2.568619e+00
    endloop
  endfacet
  facet normal 0.000000e+00 4.153314e-01 9.096702e-01
    outer loop
      vertex   2.235955e-02 7.636848e+01 2.568619e+00
      vertex   -9.328576e-01 7.636848e+01 2.568619e+00
      vertex   2.235955e-02 7.609761e+01 2.692289e+00
    endloop
  endfacet
  facet normal 0.000000e+00 4.153314e-01 9.096702e-01
    outer loop
      vertex   2.235955e-02 7.609761e+01 2.692289e+00
      vertex   -9.328576e-01 7.636848e+01 2.568619e+00
      vertex   -9.328576e-01 7.609761e+01 2.692289e+00
    endloop
  endfacet
  facet normal 0.000000e+00 5.868339e-01 8.097073e-01
    outer loop
      vertex   2.235955e-02 7.609761e+01 2.692289e+00
      vertex   -9.328576e-01 7.609761e+01 2.692289e+00
      vertex   2.235955e-02 7.585651e+01 2.867026e+00
    endloop
  endfacet
  facet normal 0.000000e+00 5.868339e-01 8.097073e-01
    outer loop
      vertex   2.235955e-02 7.585651e+01 2.867026e+00
      vertex   -9.328576e-01 7.609761e+01 2.692289e+00
      vertex   -9.328576e-01 7.585651e+01 2.867026e+00
    endloop
  endfacet
  facet normal 0.000000e+00 7.352118e-01 6.778375e-01
    outer loop
      vertex   2.235955e-02 7.585651e+01 2.867026e+00
      vertex   -9.328576e-01 7.585651e+01 2.867026e+00
      vertex   2.235955e-02 7.565468e+01 3.085945e+00
    endloop
  endfacet
  facet normal 0.000000e+00 7.352118e-01 6.778375e-01
    outer loop
      vertex   2.235955e-02 7.565468e+01 3.085945e+00
      vertex   -9.328576e-01 7.585651e+01 2.867026e+00
      vertex   -9.328576e-01 7.565468e+01 3.085945e+00
    endloop
  endfacet
  facet normal 0.000000e+00 8.546182e-01 5.192570e-01
    outer loop
      vertex   2.235955e-02 7.565468e+01 3.085945e+00
      vertex   -9.328576e-01 7.565468e+01 3.085945e+00
      vertex   2.235955e-02 7.550006e+01 3.340419e+00
    endloop
  endfacet
  facet normal 0.000000e+00 8.546182e-01 5.192570e-01
    outer loop
      vertex   2.235955e-02 7.550006e+01 3.340419e+00
      vertex   -9.328576e-01 7.565468e+01 3.085945e+00
      vertex   -9.328576e-01 7.550006e+01 3.340419e+00
    endloop
  endfacet
  facet normal 0.000000e+00 9.403477e-01 3.402148e-01
    outer loop
      vertex   2.235955e-02 7.550006e+01 3.340419e+00
      vertex   -9.328576e-01 7.550006e+01 3.340419e+00
      vertex   2.235955e-02 7.539876e+01 3.620419e+00
    endloop
  endfacet
  facet normal 0.000000e+00 9.403477e-01 3.402148e-01
    outer loop
      vertex   2.235955e-02 7.539876e+01 3.620419e+00
      vertex   -9.328576e-01 7.550006e+01 3.340419e+00
      vertex   -9.328576e-01 7.539876e+01 3.620419e+00
    endloop
  endfacet
  facet normal 0.000000e+00 9.890223e-01 1.477663e-01
    outer loop
      vertex   2.235955e-02 7.539876e+01 3.620419e+00
      vertex   -9.328576e-01 7.539876e+01 3.620419e+00
      vertex   2.235955e-02 7.535476e+01 3.914913e+00
    endloop
  endfacet
  facet normal 0.000000e+00 9.890223e-01 1.477663e-01
    outer loop
      vertex   2.235955e-02 7.535476e+01 3.914913e+00
      vertex   -9.328576e-01 7.539876e+01 3.620419e+00
      vertex   -9.328576e-01 7.535476e+01 3.914913e+00
    endloop
  endfacet
  facet normal 0.000000e+00 1.000000e+00 0.000000e+00
    outer loop
      vertex   2.235955e-02 7.535476e+01 4.991115e+00
      vertex   2.235955e-02 7.535476e+01 3.914913e+00
      vertex   -9.328576e-01 7.535476e+01 4.991115e+00
    endloop
  endfacet
  facet normal 0.000000e+00 1.000000e+00 0.000000e+00
    outer loop
      vertex   -9.328576e-01 7.535476e+01 4.991115e+00
      vertex   2.235955e-02 7.535476e+01 3.914913e+00
      vertex   -9.328576e-01 7.535476e+01 3.914913e+00
    endloop
  endfacet
  facet normal 1.000000e+00 -3.612582e-17 -7.240408e-16
    outer loop
      vertex   2.235955e-02 7.539876e+01 3.620419e+00
      vertex   2.235955e-02 7.535476e+01 3.914913e+00
      vertex   2.235955e-02 6.009025e+01 1.609790e+00
    endloop
  endfacet
  facet normal 1.000000e+00 -1.454647e-16 0.000000e+00
    outer loop
      vertex   2.235955e-02 6.009025e+01 1.609790e+00
      vertex   2.235955e-02 7.535476e+01 3.914913e+00
      vertex   2.235955e-02 7.535476e+01 4.991115e+00
    endloop
  endfacet
  facet normal 1.000000e+00 -1.454647e-16 0.000000e+00
    outer loop
      vertex   2.235955e-02 6.009025e+01 1.609790e+00
      vertex   2.235955e-02 7.535476e+01 4.991115e+00
      vertex   2.235955e-02 6.009025e+01 8.094700e+00
    endloop
  endfacet
  facet normal 1.000000e+00 1.011306e-16 1.212841e-15
    outer loop
      vertex   2.235955e-02 6.009025e+01 8.094700e+00
      vertex   2.235955e-02 7.535476e+01 4.991115e+00
      vertex   2.235955e-02 7.539180e+01 5.256922e+00
    endloop
  endfacet
  facet normal 1.000000e+00 -1.309571e-16 -3.859642e-17
    outer loop
      vertex   2.235955e-02 6.009025e+01 8.094700e+00
      vertex   2.235955e-02 7.539180e+01 5.256922e+00
      vertex   2.235955e-02 7.547562e+01 5.511873e+00
    endloop
  endfacet
  facet normal 1.000000e+00 -1.344582e-16 -5.945178e-17
    outer loop
      vertex   2.235955e-02 7.547562e+01 5.511873e+00
      vertex   2.235955e-02 7.560353e+01 5.747808e+00
      vertex   2.235955e-02 6.009025e+01 8.094700e+00
    endloop
  endfacet
  facet normal 1.000000e+00 -1.342463e-16 -5.805133e-17
    outer loop
      vertex   2.235955e-02 6.009025e+01 8.094700e+00
      vertex   2.235955e-02 7.560353e+01 5.747808e+00
      vertex   2.235955e-02 7.577143e+01 5.957173e+00
    endloop
  endfacet
  facet normal 1.000000e+00 -1.417153e-16 -1.128448e-16
    outer loop
      vertex   2.235955e-02 6.009025e+01 8.094700e+00
      vertex   2.235955e-02 7.577143e+01 5.957173e+00
      vertex   2.235955e-02 7.597396e+01 6.133267e+00
    endloop
  endfacet
  facet normal 1.000000e+00 -1.446018e-16 -1.362194e-16
    outer loop
      vertex   2.235955e-02 7.597396e+01 6.133267e+00
      vertex   2.235955e-02 7.620462e+01 6.270452e+00
      vertex   2.235955e-02 6.009025e+01 8.094700e+00
    endloop
  endfacet
  facet normal 1.000000e+00 -1.504927e-16 -1.882569e-16
    outer loop
      vertex   2.235955e-02 6.009025e+01 8.094700e+00
      vertex   2.235955e-02 7.620462e+01 6.270452e+00
      vertex   2.235955e-02 7.645604e+01 6.364337e+00
    endloop
  endfacet
  facet normal 1.000000e+00 -1.988881e-16 -6.459811e-16
    outer loop
      vertex   2.235955e-02 6.009025e+01 8.094700e+00
      vertex   2.235955e-02 7.645604e+01 6.364337e+00
      vertex   2.235955e-02 7.672016e+01 6.411916e+00
    endloop
  endfacet
  facet normal 1.000000e+00 -2.250082e-16 -9.041091e-16
    outer loop
      vertex   2.235955e-02 6.009025e+01 8.094700e+00
      vertex   2.235955e-02 7.672016e+01 6.411916e+00
      vertex   2.235955e-02 8.969513e+01 8.094700e+00
    endloop
  endfacet
  facet normal 1.000000e+00 -3.252954e-16 -1.308526e-16
    outer loop
      vertex   2.235955e-02 8.969513e+01 8.094700e+00
      vertex   2.235955e-02 7.672016e+01 6.411916e+00
      vertex   2.235955e-02 8.354610e+01 6.411916e+00
    endloop
  endfacet
  facet normal 1.000000e+00 -2.629445e-16 -3.586877e-16
    outer loop
      vertex   2.235955e-02 8.969513e+01 8.094700e+00
      vertex   2.235955e-02 8.354610e+01 6.411916e+00
      vertex   2.235955e-02 8.380815e+01 6.364905e+00
    endloop
  endfacet
  facet normal 1.000000e+00 -2.669722e-16 -3.449802e-16
    outer loop
      vertex   2.235955e-02 8.380815e+01 6.364905e+00
      vertex   2.235955e-02 8.405776e+01 6.272308e+00
      vertex   2.235955e-02 8.969513e+01 8.094700e+00
    endloop
  endfacet
  facet normal 1.000000e+00 -2.980650e-16 -2.487983e-16
    outer loop
      vertex   2.235955e-02 8.969513e+01 8.094700e+00
      vertex   2.235955e-02 8.405776e+01 6.272308e+00
      vertex   2.235955e-02 8.428707e+01 6.137041e+00
    endloop
  endfacet
  facet normal 1.000000e+00 -3.190326e-16 -1.908749e-16
    outer loop
      vertex   2.235955e-02 8.969513e+01 8.094700e+00
      vertex   2.235955e-02 8.428707e+01 6.137041e+00
      vertex   2.235955e-02 8.448885e+01 5.963366e+00
    endloop
  endfacet
  facet normal 1.000000e+00 -3.341343e-16 -1.539855e-16
    outer loop
      vertex   2.235955e-02 8.448885e+01 5.963366e+00
      vertex   2.235955e-02 8.465675e+01 5.756754e+00
      vertex   2.235955e-02 8.969513e+01 8.094700e+00
    endloop
  endfacet
  facet normal 1.000000e+00 -3.613285e-16 -9.538086e-17
    outer loop
      vertex   2.235955e-02 8.969513e+01 8.094700e+00
      vertex   2.235955e-02 8.465675e+01 5.756754e+00
      vertex   2.235955e-02 8.478548e+01 5.523713e+00
    endloop
  endfacet
  facet normal 1.000000e+00 -3.676103e-16 -8.338492e-17
    outer loop
      vertex   2.235955e-02 8.969513e+01 8.094700e+00
      vertex   2.235955e-02 8.478548e+01 5.523713e+00
      vertex   2.235955e-02 8.487098e+01 5.271586e+00
    endloop
  endfacet
  facet normal 1.000000e+00 4.965166e-17 -7.964031e-16
    outer loop
      vertex   2.235955e-02 8.487098e+01 5.271586e+00
      vertex   2.235955e-02 8.491057e+01 5.008314e+00
      vertex   2.235955e-02 8.969513e+01 8.094700e+00
    endloop
  endfacet
  facet normal 1.000000e+00 -4.640858e-16 0.000000e+00
    outer loop
      vertex   2.235955e-02 8.969513e+01 8.094700e+00
      vertex   2.235955e-02 8.491057e+01 5.008314e+00
      vertex   2.235955e-02 8.969513e+01 1.609790e+00
    endloop
  endfacet
  facet normal 1.000000e+00 -4.640858e-16 0.000000e+00
    outer loop
      vertex   2.235955e-02 8.969513e+01 1.609790e+00
      vertex   2.235955e-02 8.491057e+01 5.008314e+00
      vertex   2.235955e-02 8.491057e+01 3.897714e+00
    endloop
  endfacet
  facet normal 1.000000e+00 5.513620e-17 1.085809e-15
    outer loop
      vertex   2.235955e-02 8.969513e+01 1.609790e+00
      vertex   2.235955e-02 8.491057e+01 3.897714e+00
      vertex   2.235955e-02 8.486382e+01 3.606124e+00
    endloop
  endfacet
  facet normal 1.000000e+00 -3.680295e-16 6.170939e-17
    outer loop
      vertex   2.235955e-02 8.486382e+01 3.606124e+00
      vertex   2.235955e-02 8.476085e+01 3.329344e+00
      vertex   2.235955e-02 8.969513e+01 1.609790e+00
    endloop
  endfacet
  facet normal 1.000000e+00 -3.640903e-16 7.301304e-17
    outer loop
      vertex   2.235955e-02 8.969513e+01 1.609790e+00
      vertex   2.235955e-02 8.476085e+01 3.329344e+00
      vertex   2.235955e-02 8.460564e+01 3.078102e+00
    endloop
  endfacet
  facet normal 1.000000e+00 -3.546230e-16 1.058286e-16
    outer loop
      vertex   2.235955e-02 8.969513e+01 1.609790e+00
      vertex   2.235955e-02 8.460564e+01 3.078102e+00
      vertex   2.235955e-02 8.440423e+01 2.862136e+00
    endloop
  endfacet
  facet normal 1.000000e+00 -3.393620e-16 1.703035e-16
    outer loop
      vertex   2.235955e-02 8.440423e+01 2.862136e+00
      vertex   2.235955e-02 8.416440e+01 2.689818e+00
      vertex   2.235955e-02 8.969513e+01 1.609790e+00
    endloop
  endfacet
  facet normal 1.000000e+00 -3.264804e-16 2.362689e-16
    outer loop
      vertex   2.235955e-02 8.969513e+01 1.609790e+00
      vertex   2.235955e-02 8.416440e+01 2.689818e+00
      vertex   2.235955e-02 8.389546e+01 2.567826e+00
    endloop
  endfacet
  facet normal 1.000000e+00 -3.589900e-16 3.946496e-17
    outer loop
      vertex   2.235955e-02 8.969513e+01 1.609790e+00
      vertex   2.235955e-02 8.389546e+01 2.567826e+00
      vertex   2.235955e-02 8.360783e+01 2.500889e+00
    endloop
  endfacet
  facet normal 1.000000e+00 -3.195164e-16 3.091182e-16
    outer loop
      vertex   2.235955e-02 8.360783e+01 2.500889e+00
      vertex   2.235955e-02 7.665844e+01 2.500889e+00
      vertex   2.235955e-02 8.969513e+01 1.609790e+00
    endloop
  endfacet
  facet normal 1.000000e+00 -2.250082e-16 1.691766e-15
    outer loop
      vertex   2.235955e-02 8.969513e+01 1.609790e+00
      vertex   2.235955e-02 7.665844e+01 2.500889e+00
      vertex   2.235955e-02 6.009025e+01 1.609790e+00
    endloop
  endfacet
  facet normal 1.000000e+00 -1.447667e-16 1.998372e-16
    outer loop
      vertex   2.235955e-02 6.009025e+01 1.609790e+00
      vertex   2.235955e-02 7.665844e+01 2.500889e+00
      vertex   2.235955e-02 7.636848e+01 2.568619e+00
    endloop
  endfacet
  facet normal 1.000000e+00 -1.368258e-16 6.502261e-17
    outer loop
      vertex   2.235955e-02 6.009025e+01 1.609790e+00
      vertex   2.235955e-02 7.636848e+01 2.568619e+00
      vertex   2.235955e-02 7.609761e+01 2.692289e+00
    endloop
  endfacet
  facet normal 1.000000e+00 -1.334076e-16 1.447762e-17
    outer loop
      vertex   2.235955e-02 7.609761e+01 2.692289e+00
      vertex   2.235955e-02 7.585651e+01 2.867026e+00
      vertex   2.235955e-02 6.009025e+01 1.609790e+00
    endloop
  endfacet
  facet normal 1.000000e+00 -1.349680e-16 3.404558e-17
    outer loop
      vertex   2.235955e-02 6.009025e+01 1.609790e+00
      vertex   2.235955e-02 7.585651e+01 2.867026e+00
      vertex   2.235955e-02 7.565468e+01 3.085945e+00
    endloop
  endfacet
  facet normal 1.000000e+00 -1.331195e-16 1.455474e-17
    outer loop
      vertex   2.235955e-02 6.009025e+01 1.609790e+00
      vertex   2.235955e-02 7.565468e+01 3.085945e+00
      vertex   2.235955e-02 7.550006e+01 3.340419e+00
    endloop
  endfacet
  facet normal 1.000000e+00 -1.330372e-16 1.382184e-17
    outer loop
      vertex   2.235955e-02 7.550006e+01 3.340419e+00
      vertex   2.235955e-02 7.539876e+01 3.620419e+00
      vertex   2.235955e-02 6.009025e+01 1.609790e+00
    endloop
  endfacet
  facet normal -9.951835e-01 -1.543351e-03 9.801702e-02
    outer loop
      vertex   -9.040355e-01 6.020379e+01 7.902426e+00
      vertex   -9.328576e-01 6.020379e+01 7.609790e+00
      vertex   -9.086867e-01 6.009170e+01 7.853437e+00
    endloop
  endfacet
  facet normal -9.937565e-01 -9.787647e-02 5.355589e-02
    outer loop
      vertex   -9.086867e-01 6.009170e+01 7.853437e+00
      vertex   -9.328576e-01 6.020379e+01 7.609790e+00
      vertex   -9.040355e-01 5.991116e+01 7.609790e+00
    endloop
  endfacet
  facet normal -9.836945e-01 -1.529730e-01 9.457450e-02
    outer loop
      vertex   -9.086867e-01 6.009170e+01 7.853437e+00
      vertex   -9.040355e-01 5.991116e+01 7.609790e+00
      vertex   -8.778174e-01 5.982253e+01 7.739144e+00
    endloop
  endfacet
  facet normal -9.569287e-01 -2.902812e-01 -4.924580e-03
    outer loop
      vertex   -8.778174e-01 5.982253e+01 7.739144e+00
      vertex   -9.040355e-01 5.991116e+01 7.609790e+00
      vertex   -8.186769e-01 5.962977e+01 7.609790e+00
    endloop
  endfacet
  facet normal -9.135145e-01 -3.791683e-01 1.473859e-01
    outer loop
      vertex   -8.778174e-01 5.982253e+01 7.739144e+00
      vertex   -8.186769e-01 5.962977e+01 7.609790e+00
      vertex   -7.914190e-01 5.956802e+01 7.619880e+00
    endloop
  endfacet
  facet normal -7.880595e-01 -4.212266e-01 -4.489214e-01
    outer loop
      vertex   -7.914190e-01 5.956802e+01 7.619880e+00
      vertex   -8.186769e-01 5.962977e+01 7.609790e+00
      vertex   -6.800620e-01 5.937044e+01 7.609790e+00
    endloop
  endfacet
  facet normal -8.666984e-01 -4.925144e-01 7.914225e-02
    outer loop
      vertex   -7.914190e-01 5.956802e+01 7.619880e+00
      vertex   -6.800620e-01 5.937044e+01 7.609790e+00
      vertex   -7.130899e-01 5.947323e+01 7.887788e+00
    endloop
  endfacet
  facet normal -8.256999e-01 -5.539229e-01 1.067195e-01
    outer loop
      vertex   -7.130899e-01 5.947323e+01 7.887788e+00
      vertex   -6.800620e-01 5.937044e+01 7.609790e+00
      vertex   -5.755839e-01 5.924448e+01 7.764370e+00
    endloop
  endfacet
  facet normal -7.733081e-01 -5.900438e-01 2.320407e-01
    outer loop
      vertex   -7.130899e-01 5.947323e+01 7.887788e+00
      vertex   -5.755839e-01 5.924448e+01 7.764370e+00
      vertex   -5.859092e-01 5.940793e+01 8.145577e+00
    endloop
  endfacet
  facet normal -7.733081e-01 -5.900438e-01 2.320407e-01
    outer loop
      vertex   -5.859092e-01 5.940793e+01 8.145577e+00
      vertex   -5.755839e-01 5.924448e+01 7.764370e+00
      vertex   -4.501910e-01 5.918009e+01 8.018535e+00
    endloop
  endfacet
  facet normal -6.736114e-01 -6.229976e-01 3.976451e-01
    outer loop
      vertex   -5.859092e-01 5.940793e+01 8.145577e+00
      vertex   -4.501910e-01 5.918009e+01 8.018535e+00
      vertex   -4.147921e-01 5.937463e+01 8.383285e+00
    endloop
  endfacet
  facet normal -6.736114e-01 -6.229976e-01 3.976451e-01
    outer loop
      vertex   -4.147921e-01 5.937463e+01 8.383285e+00
      vertex   -4.501910e-01 5.918009e+01 8.018535e+00
      vertex   -2.814793e-01 5.914727e+01 8.252902e+00
    endloop
  endfacet
  facet normal -5.467562e-01 -6.341256e-01 5.467562e-01
    outer loop
      vertex   -4.147921e-01 5.937463e+01 8.383285e+00
      vertex   -2.814793e-01 5.914727e+01 8.252902e+00
      vertex   -2.063518e-01 5.937463e+01 8.591725e+00
    endloop
  endfacet
  facet normal -5.467562e-01 -6.341256e-01 5.467562e-01
    outer loop
      vertex   -2.063518e-01 5.937463e+01 8.591725e+00
      vertex   -2.814793e-01 5.914727e+01 8.252902e+00
      vertex   -7.596906e-02 5.914727e+01 8.458412e+00
    endloop
  endfacet
  facet normal -3.976451e-01 -6.229976e-01 6.736114e-01
    outer loop
      vertex   -2.063518e-01 5.937463e+01 8.591725e+00
      vertex   -7.596906e-02 5.914727e+01 8.458412e+00
      vertex   3.135620e-02 5.940793e+01 8.762842e+00
    endloop
  endfacet
  facet normal -3.976451e-01 -6.229976e-01 6.736114e-01
    outer loop
      vertex   3.135620e-02 5.940793e+01 8.762842e+00
      vertex   -7.596906e-02 5.914727e+01 8.458412e+00
      vertex   1.583975e-01 5.918009e+01 8.627124e+00
    endloop
  endfacet
  facet normal -2.320407e-01 -5.900438e-01 7.733081e-01
    outer loop
      vertex   3.135620e-02 5.940793e+01 8.762842e+00
      vertex   1.583975e-01 5.918009e+01 8.627124e+00
      vertex   2.891452e-01 5.947323e+01 8.890023e+00
    endloop
  endfacet
  facet normal -2.320407e-01 -5.900438e-01 7.733081e-01
    outer loop
      vertex   2.891452e-01 5.947323e+01 8.890023e+00
      vertex   1.583975e-01 5.918009e+01 8.627124e+00
      vertex   4.125627e-01 5.924448e+01 8.752517e+00
    endloop
  endfacet
  facet normal -1.067195e-01 -5.539229e-01 8.256999e-01
    outer loop
      vertex   2.891452e-01 5.947323e+01 8.890023e+00
      vertex   4.125627e-01 5.924448e+01 8.752517e+00
      vertex   5.671424e-01 5.937044e+01 8.856995e+00
    endloop
  endfacet
  facet normal -5.536834e-03 -6.343836e-01 7.729986e-01
    outer loop
      vertex   5.671424e-01 5.937044e+01 8.856995e+00
      vertex   4.125627e-01 5.924448e+01 8.752517e+00
      vertex   5.671424e-01 5.914313e+01 8.670450e+00
    endloop
  endfacet
  facet normal -1.091521e-01 -7.207766e-01 6.845195e-01
    outer loop
      vertex   5.671424e-01 5.914313e+01 8.670450e+00
      vertex   4.125627e-01 5.924448e+01 8.752517e+00
      vertex   5.419206e-01 5.905260e+01 8.571096e+00
    endloop
  endfacet
  facet normal 2.658792e-01 -7.451870e-01 6.115592e-01
    outer loop
      vertex   5.671424e-01 5.914313e+01 8.670450e+00
      vertex   5.419206e-01 5.905260e+01 8.571096e+00
      vertex   5.671424e-01 5.895659e+01 8.443146e+00
    endloop
  endfacet
  facet normal -8.573118e-02 -8.049614e-01 5.871008e-01
    outer loop
      vertex   5.671424e-01 5.895659e+01 8.443146e+00
      vertex   5.419206e-01 5.905260e+01 8.571096e+00
      vertex   3.011466e-01 5.899160e+01 8.452310e+00
    endloop
  endfacet
  facet normal -9.450329e-02 -8.524996e-01 5.141144e-01
    outer loop
      vertex   5.671424e-01 5.895659e+01 8.443146e+00
      vertex   3.011466e-01 5.899160e+01 8.452310e+00
      vertex   4.541177e-01 5.884969e+01 8.245119e+00
    endloop
  endfacet
  facet normal -2.007515e-01 -8.710202e-01 4.483554e-01
    outer loop
      vertex   4.541177e-01 5.884969e+01 8.245119e+00
      vertex   3.011466e-01 5.899160e+01 8.452310e+00
      vertex   2.529794e-01 5.882152e+01 8.100327e+00
    endloop
  endfacet
  facet normal -8.861215e-02 -9.474312e-01 3.074444e-01
    outer loop
      vertex   4.541177e-01 5.884969e+01 8.245119e+00
      vertex   2.529794e-01 5.882152e+01 8.100327e+00
      vertex   4.389037e-01 5.873566e+01 7.889315e+00
    endloop
  endfacet
  facet normal -2.068524e-01 -9.562553e-01 2.068524e-01
    outer loop
      vertex   4.389037e-01 5.873566e+01 7.889315e+00
      vertex   2.529794e-01 5.882152e+01 8.100327e+00
      vertex   2.876176e-01 5.873566e+01 7.738029e+00
    endloop
  endfacet
  facet normal -7.767262e-02 -9.939487e-01 7.767262e-02
    outer loop
      vertex   4.389037e-01 5.873566e+01 7.889315e+00
      vertex   2.876176e-01 5.873566e+01 7.738029e+00
      vertex   5.671424e-01 5.870379e+01 7.609790e+00
    endloop
  endfacet
  facet normal -9.796175e-02 -9.946223e-01 3.361531e-02
    outer loop
      vertex   5.671424e-01 5.870379e+01 7.609790e+00
      vertex   2.876176e-01 5.873566e+01 7.738029e+00
      vertex   2.745069e-01 5.873262e+01 7.609790e+00
    endloop
  endfacet
  facet normal -2.898872e-01 -9.556301e-01 5.231192e-02
    outer loop
      vertex   2.745069e-01 5.873262e+01 7.609790e+00
      vertex   2.876176e-01 5.873566e+01 7.738029e+00
      vertex   -6.882743e-03 5.881797e+01 7.609790e+00
    endloop
  endfacet
  facet normal -3.075462e-01 -9.463902e-01 9.879688e-02
    outer loop
      vertex   -6.882743e-03 5.881797e+01 7.609790e+00
      vertex   2.876176e-01 5.873566e+01 7.738029e+00
      vertex   -6.818592e-02 5.884969e+01 7.722815e+00
    endloop
  endfacet
  facet normal -4.713810e-01 -8.818919e-01 -8.166651e-03
    outer loop
      vertex   -6.882743e-03 5.881797e+01 7.609790e+00
      vertex   -6.818592e-02 5.884969e+01 7.722815e+00
      vertex   -2.662129e-01 5.895659e+01 7.609790e+00
    endloop
  endfacet
  facet normal -5.141144e-01 -8.524996e-01 9.450329e-02
    outer loop
      vertex   -2.662129e-01 5.895659e+01 7.609790e+00
      vertex   -6.818592e-02 5.884969e+01 7.722815e+00
      vertex   -2.753772e-01 5.899160e+01 7.875786e+00
    endloop
  endfacet
  facet normal -5.871008e-01 -8.049614e-01 8.573118e-02
    outer loop
      vertex   -2.662129e-01 5.895659e+01 7.609790e+00
      vertex   -2.753772e-01 5.899160e+01 7.875786e+00
      vertex   -3.941636e-01 5.905260e+01 7.635012e+00
    endloop
  endfacet
  facet normal -6.683510e-01 -7.295948e-01 1.449083e-01
    outer loop
      vertex   -3.941636e-01 5.905260e+01 7.635012e+00
      vertex   -2.753772e-01 5.899160e+01 7.875786e+00
      vertex   -4.501910e-01 5.918009e+01 8.018535e+00
    endloop
  endfacet
  facet normal -6.683510e-01 -7.295948e-01 1.449083e-01
    outer loop
      vertex   -3.941636e-01 5.905260e+01 7.635012e+00
      vertex   -4.501910e-01 5.918009e+01 8.018535e+00
      vertex   -5.755839e-01 5.924448e+01 7.764370e+00
    endloop
  endfacet
  facet normal -7.729986e-01 -6.343836e-01 5.536834e-03
    outer loop
      vertex   -6.800620e-01 5.937044e+01 7.609790e+00
      vertex   -4.935178e-01 5.914313e+01 7.609790e+00
      vertex   -5.755839e-01 5.924448e+01 7.764370e+00
    endloop
  endfacet
  facet normal -6.845195e-01 -7.207766e-01 1.091521e-01
    outer loop
      vertex   -5.755839e-01 5.924448e+01 7.764370e+00
      vertex   -4.935178e-01 5.914313e+01 7.609790e+00
      vertex   -3.941636e-01 5.905260e+01 7.635012e+00
    endloop
  endfacet
  facet normal -6.115592e-01 -7.451870e-01 -2.658792e-01
    outer loop
      vertex   -4.935178e-01 5.914313e+01 7.609790e+00
      vertex   -2.662129e-01 5.895659e+01 7.609790e+00
      vertex   -3.941636e-01 5.905260e+01 7.635012e+00
    endloop
  endfacet
  facet normal -3.361531e-02 -9.946223e-01 9.796175e-02
    outer loop
      vertex   5.671424e-01 5.870379e+01 7.609790e+00
      vertex   5.671424e-01 5.873262e+01 7.902426e+00
      vertex   4.389037e-01 5.873566e+01 7.889315e+00
    endloop
  endfacet
  facet normal -5.231192e-02 -9.556301e-01 2.898872e-01
    outer loop
      vertex   4.389037e-01 5.873566e+01 7.889315e+00
      vertex   5.671424e-01 5.873262e+01 7.902426e+00
      vertex   5.671424e-01 5.881797e+01 8.183815e+00
    endloop
  endfacet
  facet normal -9.879688e-02 -9.463902e-01 3.075462e-01
    outer loop
      vertex   4.389037e-01 5.873566e+01 7.889315e+00
      vertex   5.671424e-01 5.881797e+01 8.183815e+00
      vertex   4.541177e-01 5.884969e+01 8.245119e+00
    endloop
  endfacet
  facet normal 8.166651e-03 -8.818919e-01 4.713810e-01
    outer loop
      vertex   4.541177e-01 5.884969e+01 8.245119e+00
      vertex   5.671424e-01 5.881797e+01 8.183815e+00
      vertex   5.671424e-01 5.895659e+01 8.443146e+00
    endloop
  endfacet
  facet normal -7.914225e-02 -4.925144e-01 8.666984e-01
    outer loop
      vertex   2.891452e-01 5.947323e+01 8.890023e+00
      vertex   5.671424e-01 5.937044e+01 8.856995e+00
      vertex   5.570525e-01 5.956802e+01 8.968352e+00
    endloop
  endfacet
  facet normal 4.489214e-01 -4.212266e-01 7.880595e-01
    outer loop
      vertex   5.570525e-01 5.956802e+01 8.968352e+00
      vertex   5.671424e-01 5.937044e+01 8.856995e+00
      vertex   5.671424e-01 5.962977e+01 8.995610e+00
    endloop
  endfacet
  facet normal -1.473859e-01 -3.791683e-01 9.135145e-01
    outer loop
      vertex   5.570525e-01 5.956802e+01 8.968352e+00
      vertex   5.671424e-01 5.962977e+01 8.995610e+00
      vertex   4.377887e-01 5.982253e+01 9.054750e+00
    endloop
  endfacet
  facet normal 4.924580e-03 -2.902812e-01 9.569287e-01
    outer loop
      vertex   4.377887e-01 5.982253e+01 9.054750e+00
      vertex   5.671424e-01 5.962977e+01 8.995610e+00
      vertex   5.671424e-01 5.991116e+01 9.080968e+00
    endloop
  endfacet
  facet normal -9.457450e-02 -1.529730e-01 9.836945e-01
    outer loop
      vertex   4.377887e-01 5.982253e+01 9.054750e+00
      vertex   5.671424e-01 5.991116e+01 9.080968e+00
      vertex   3.234959e-01 6.009170e+01 9.085619e+00
    endloop
  endfacet
  facet normal -5.355589e-02 -9.787647e-02 9.937565e-01
    outer loop
      vertex   3.234959e-01 6.009170e+01 9.085619e+00
      vertex   5.671424e-01 5.991116e+01 9.080968e+00
      vertex   5.671424e-01 6.020379e+01 9.109790e+00
    endloop
  endfacet
  facet normal -9.801702e-02 -1.543351e-03 9.951835e-01
    outer loop
      vertex   3.234959e-01 6.009170e+01 9.085619e+00
      vertex   5.671424e-01 6.020379e+01 9.109790e+00
      vertex   2.745069e-01 6.020379e+01 9.080968e+00
    endloop
  endfacet
  facet normal -2.563338e-01 -7.203180e-02 9.639006e-01
    outer loop
      vertex   3.234959e-01 6.009170e+01 9.085619e+00
      vertex   2.745069e-01 6.020379e+01 9.080968e+00
      vertex   7.869234e-02 6.000508e+01 9.014045e+00
    endloop
  endfacet
  facet normal -2.900943e-01 -3.620742e-02 9.563129e-01
    outer loop
      vertex   7.869234e-02 6.000508e+01 9.014045e+00
      vertex   2.745069e-01 6.020379e+01 9.080968e+00
      vertex   -6.882743e-03 6.020379e+01 8.995610e+00
    endloop
  endfacet
  facet normal -4.203935e-01 -9.735100e-02 9.021043e-01
    outer loop
      vertex   7.869234e-02 6.000508e+01 9.014045e+00
      vertex   -6.882743e-03 6.020379e+01 8.995610e+00
      vertex   -1.568656e-01 5.994541e+01 8.897832e+00
    endloop
  endfacet
  facet normal -4.705475e-01 -5.999898e-02 8.803324e-01
    outer loop
      vertex   -1.568656e-01 5.994541e+01 8.897832e+00
      vertex   -6.882743e-03 6.020379e+01 8.995610e+00
      vertex   -2.662129e-01 6.020379e+01 8.856995e+00
    endloop
  endfacet
  facet normal -5.700745e-01 -1.126289e-01 8.138364e-01
    outer loop
      vertex   -1.568656e-01 5.994541e+01 8.897832e+00
      vertex   -2.662129e-01 6.020379e+01 8.856995e+00
      vertex   -3.740742e-01 5.991499e+01 8.741472e+00
    endloop
  endfacet
  facet normal -6.327427e-01 -7.208889e-02 7.709992e-01
    outer loop
      vertex   -3.740742e-01 5.991499e+01 8.741472e+00
      vertex   -2.662129e-01 6.020379e+01 8.856995e+00
      vertex   -4.935178e-01 6.020379e+01 8.670450e+00
    endloop
  endfacet
  facet normal -7.021891e-01 -1.177319e-01 7.021891e-01
    outer loop
      vertex   -3.740742e-01 5.991499e+01 8.741472e+00
      vertex   -4.935178e-01 6.020379e+01 8.670450e+00
      vertex   -5.645391e-01 5.991499e+01 8.551007e+00
    endloop
  endfacet
  facet normal -7.709992e-01 -7.208889e-02 6.327427e-01
    outer loop
      vertex   -5.645391e-01 5.991499e+01 8.551007e+00
      vertex   -4.935178e-01 6.020379e+01 8.670450e+00
      vertex   -6.800620e-01 6.020379e+01 8.443146e+00
    endloop
  endfacet
  facet normal -8.138364e-01 -1.126289e-01 5.700745e-01
    outer loop
      vertex   -5.645391e-01 5.991499e+01 8.551007e+00
      vertex   -6.800620e-01 6.020379e+01 8.443146e+00
      vertex   -7.208995e-01 5.994541e+01 8.333798e+00
    endloop
  endfacet
  facet normal -8.803324e-01 -5.999898e-02 4.705475e-01
    outer loop
      vertex   -7.208995e-01 5.994541e+01 8.333798e+00
      vertex   -6.800620e-01 6.020379e+01 8.443146e+00
      vertex   -8.186769e-01 6.020379e+01 8.183815e+00
    endloop
  endfacet
  facet normal -9.021043e-01 -9.735100e-02 4.203935e-01
    outer loop
      vertex   -7.208995e-01 5.994541e+01 8.333798e+00
      vertex   -8.186769e-01 6.020379e+01 8.183815e+00
      vertex   -8.371124e-01 6.000508e+01 8.098240e+00
    endloop
  endfacet
  facet normal -9.563129e-01 -3.620742e-02 2.900943e-01
    outer loop
      vertex   -8.371124e-01 6.000508e+01 8.098240e+00
      vertex   -8.186769e-01 6.020379e+01 8.183815e+00
      vertex   -9.040355e-01 6.020379e+01 7.902426e+00
    endloop
  endfacet
  facet normal -9.639006e-01 -7.203180e-02 2.563338e-01
    outer loop
      vertex   -8.371124e-01 6.000508e+01 8.098240e+00
      vertex   -9.040355e-01 6.020379e+01 7.902426e+00
      vertex   -9.086867e-01 6.009170e+01 7.853437e+00
    endloop
  endfacet
  facet normal -9.573720e-01 -1.987865e-01 2.095776e-01
    outer loop
      vertex   -8.371124e-01 6.000508e+01 8.098240e+00
      vertex   -9.086867e-01 6.009170e+01 7.853437e+00
      vertex   -8.778174e-01 5.982253e+01 7.739144e+00
    endloop
  endfacet
  facet normal -9.171316e-01 -3.748375e-01 1.355232e-01
    outer loop
      vertex   -8.778174e-01 5.982253e+01 7.739144e+00
      vertex   -7.914190e-01 5.956802e+01 7.619880e+00
      vertex   -8.013973e-01 5.973005e+01 8.000522e+00
    endloop
  endfacet
  facet normal -9.171316e-01 -3.748375e-01 1.355232e-01
    outer loop
      vertex   -8.013973e-01 5.973005e+01 8.000522e+00
      vertex   -7.914190e-01 5.956802e+01 7.619880e+00
      vertex   -7.130899e-01 5.947323e+01 7.887788e+00
    endloop
  endfacet
  facet normal -8.487997e-01 -4.280683e-01 3.103169e-01
    outer loop
      vertex   -8.013973e-01 5.973005e+01 8.000522e+00
      vertex   -7.130899e-01 5.947323e+01 7.887788e+00
      vertex   -6.773163e-01 5.966634e+01 8.252028e+00
    endloop
  endfacet
  facet normal -8.487997e-01 -4.280683e-01 3.103169e-01
    outer loop
      vertex   -6.773163e-01 5.966634e+01 8.252028e+00
      vertex   -7.130899e-01 5.947323e+01 7.887788e+00
      vertex   -5.859092e-01 5.940793e+01 8.145577e+00
    endloop
  endfacet
  facet normal -7.496159e-01 -4.608526e-01 4.750693e-01
    outer loop
      vertex   -6.773163e-01 5.966634e+01 8.252028e+00
      vertex   -5.859092e-01 5.940793e+01 8.145577e+00
      vertex   -5.103697e-01 5.963386e+01 8.483942e+00
    endloop
  endfacet
  facet normal -7.496159e-01 -4.608526e-01 4.750693e-01
    outer loop
      vertex   -5.103697e-01 5.963386e+01 8.483942e+00
      vertex   -5.859092e-01 5.940793e+01 8.145577e+00
      vertex   -4.147921e-01 5.937463e+01 8.383285e+00
    endloop
  endfacet
  facet normal -6.234133e-01 -4.719234e-01 6.234133e-01
    outer loop
      vertex   -5.103697e-01 5.963386e+01 8.483942e+00
      vertex   -4.147921e-01 5.937463e+01 8.383285e+00
      vertex   -3.070096e-01 5.963386e+01 8.687302e+00
    endloop
  endfacet
  facet normal -6.234133e-01 -4.719234e-01 6.234133e-01
    outer loop
      vertex   -3.070096e-01 5.963386e+01 8.687302e+00
      vertex   -4.147921e-01 5.937463e+01 8.383285e+00
      vertex   -2.063518e-01 5.937463e+01 8.591725e+00
    endloop
  endfacet
  facet normal -4.750693e-01 -4.608526e-01 7.496159e-01
    outer loop
      vertex   -3.070096e-01 5.963386e+01 8.687302e+00
      vertex   -2.063518e-01 5.937463e+01 8.591725e+00
      vertex   -7.509510e-02 5.966634e+01 8.854249e+00
    endloop
  endfacet
  facet normal -4.750693e-01 -4.608526e-01 7.496159e-01
    outer loop
      vertex   -7.509510e-02 5.966634e+01 8.854249e+00
      vertex   -2.063518e-01 5.937463e+01 8.591725e+00
      vertex   3.135620e-02 5.940793e+01 8.762842e+00
    endloop
  endfacet
  facet normal -3.103169e-01 -4.280683e-01 8.487997e-01
    outer loop
      vertex   -7.509510e-02 5.966634e+01 8.854249e+00
      vertex   3.135620e-02 5.940793e+01 8.762842e+00
      vertex   1.764110e-01 5.973005e+01 8.978330e+00
    endloop
  endfacet
  facet normal -3.103169e-01 -4.280683e-01 8.487997e-01
    outer loop
      vertex   1.764110e-01 5.973005e+01 8.978330e+00
      vertex   3.135620e-02 5.940793e+01 8.762842e+00
      vertex   2.891452e-01 5.947323e+01 8.890023e+00
    endloop
  endfacet
  facet normal -1.355232e-01 -3.748375e-01 9.171316e-01
    outer loop
      vertex   1.764110e-01 5.973005e+01 8.978330e+00
      vertex   2.891452e-01 5.947323e+01 8.890023e+00
      vertex   4.377887e-01 5.982253e+01 9.054750e+00
    endloop
  endfacet
  facet normal -1.355232e-01 -3.748375e-01 9.171316e-01
    outer loop
      vertex   4.377887e-01 5.982253e+01 9.054750e+00
      vertex   2.891452e-01 5.947323e+01 8.890023e+00
      vertex   5.570525e-01 5.956802e+01 8.968352e+00
    endloop
  endfacet
  facet normal -8.919963e-01 -2.497145e-01 3.768093e-01
    outer loop
      vertex   -7.208995e-01 5.994541e+01 8.333798e+00
      vertex   -8.371124e-01 6.000508e+01 8.098240e+00
      vertex   -8.013973e-01 5.973005e+01 8.000522e+00
    endloop
  endfacet
  facet normal -9.573720e-01 -1.987865e-01 2.095776e-01
    outer loop
      vertex   -8.013973e-01 5.973005e+01 8.000522e+00
      vertex   -8.371124e-01 6.000508e+01 8.098240e+00
      vertex   -8.778174e-01 5.982253e+01 7.739144e+00
    endloop
  endfacet
  facet normal -8.919963e-01 -2.497145e-01 3.768093e-01
    outer loop
      vertex   -7.208995e-01 5.994541e+01 8.333798e+00
      vertex   -8.013973e-01 5.973005e+01 8.000522e+00
      vertex   -6.773163e-01 5.966634e+01 8.252028e+00
    endloop
  endfacet
  facet normal -5.719375e-01 -7.614634e-01 3.050591e-01
    outer loop
      vertex   -2.814793e-01 5.914727e+01 8.252902e+00
      vertex   -4.501910e-01 5.918009e+01 8.018535e+00
      vertex   -2.753772e-01 5.899160e+01 7.875786e+00
    endloop
  endfacet
  facet normal -4.483554e-01 -8.710202e-01 2.007515e-01
    outer loop
      vertex   -2.753772e-01 5.899160e+01 7.875786e+00
      vertex   -6.818592e-02 5.884969e+01 7.722815e+00
      vertex   -1.155545e-01 5.896050e+01 8.097805e+00
    endloop
  endfacet
  facet normal -4.483554e-01 -8.710202e-01 2.007515e-01
    outer loop
      vertex   -1.155545e-01 5.896050e+01 8.097805e+00
      vertex   -6.818592e-02 5.884969e+01 7.722815e+00
      vertex   7.660605e-02 5.882152e+01 7.923953e+00
    endloop
  endfacet
  facet normal -3.345378e-01 -8.810045e-01 3.345378e-01
    outer loop
      vertex   -1.155545e-01 5.896050e+01 8.097805e+00
      vertex   7.660605e-02 5.882152e+01 7.923953e+00
      vertex   7.912809e-02 5.896050e+01 8.292487e+00
    endloop
  endfacet
  facet normal -3.345378e-01 -8.810045e-01 3.345378e-01
    outer loop
      vertex   7.912809e-02 5.896050e+01 8.292487e+00
      vertex   7.660605e-02 5.882152e+01 7.923953e+00
      vertex   2.529794e-01 5.882152e+01 8.100327e+00
    endloop
  endfacet
  facet normal -2.007515e-01 -8.710202e-01 4.483554e-01
    outer loop
      vertex   7.912809e-02 5.896050e+01 8.292487e+00
      vertex   2.529794e-01 5.882152e+01 8.100327e+00
      vertex   3.011466e-01 5.899160e+01 8.452310e+00
    endloop
  endfacet
  facet normal -7.971034e-01 -2.810805e-01 5.344342e-01
    outer loop
      vertex   -5.645391e-01 5.991499e+01 8.551007e+00
      vertex   -7.208995e-01 5.994541e+01 8.333798e+00
      vertex   -6.773163e-01 5.966634e+01 8.252028e+00
    endloop
  endfacet
  facet normal -7.971034e-01 -2.810805e-01 5.344342e-01
    outer loop
      vertex   -5.645391e-01 5.991499e+01 8.551007e+00
      vertex   -6.773163e-01 5.966634e+01 8.252028e+00
      vertex   -5.103697e-01 5.963386e+01 8.483942e+00
    endloop
  endfacet
  facet normal -2.068524e-01 -9.562553e-01 2.068524e-01
    outer loop
      vertex   2.529794e-01 5.882152e+01 8.100327e+00
      vertex   7.660605e-02 5.882152e+01 7.923953e+00
      vertex   2.876176e-01 5.873566e+01 7.738029e+00
    endloop
  endfacet
  facet normal -3.074444e-01 -9.474312e-01 8.861215e-02
    outer loop
      vertex   2.876176e-01 5.873566e+01 7.738029e+00
      vertex   7.660605e-02 5.882152e+01 7.923953e+00
      vertex   -6.818592e-02 5.884969e+01 7.722815e+00
    endloop
  endfacet
  facet normal -4.492598e-01 -7.722249e-01 4.492598e-01
    outer loop
      vertex   -7.596906e-02 5.914727e+01 8.458412e+00
      vertex   -2.814793e-01 5.914727e+01 8.252902e+00
      vertex   -1.155545e-01 5.896050e+01 8.097805e+00
    endloop
  endfacet
  facet normal -5.719375e-01 -7.614634e-01 3.050591e-01
    outer loop
      vertex   -1.155545e-01 5.896050e+01 8.097805e+00
      vertex   -2.814793e-01 5.914727e+01 8.252902e+00
      vertex   -2.753772e-01 5.899160e+01 7.875786e+00
    endloop
  endfacet
  facet normal -4.492598e-01 -7.722249e-01 4.492598e-01
    outer loop
      vertex   -7.596906e-02 5.914727e+01 8.458412e+00
      vertex   -1.155545e-01 5.896050e+01 8.097805e+00
      vertex   7.912809e-02 5.896050e+01 8.292487e+00
    endloop
  endfacet
  facet normal -6.763606e-01 -2.916723e-01 6.763606e-01
    outer loop
      vertex   -3.740742e-01 5.991499e+01 8.741472e+00
      vertex   -5.645391e-01 5.991499e+01 8.551007e+00
      vertex   -5.103697e-01 5.963386e+01 8.483942e+00
    endloop
  endfacet
  facet normal -6.763606e-01 -2.916723e-01 6.763606e-01
    outer loop
      vertex   -3.740742e-01 5.991499e+01 8.741472e+00
      vertex   -5.103697e-01 5.963386e+01 8.483942e+00
      vertex   -3.070096e-01 5.963386e+01 8.687302e+00
    endloop
  endfacet
  facet normal -3.050591e-01 -7.614634e-01 5.719375e-01
    outer loop
      vertex   1.583975e-01 5.918009e+01 8.627124e+00
      vertex   -7.596906e-02 5.914727e+01 8.458412e+00
      vertex   7.912809e-02 5.896050e+01 8.292487e+00
    endloop
  endfacet
  facet normal -3.050591e-01 -7.614634e-01 5.719375e-01
    outer loop
      vertex   1.583975e-01 5.918009e+01 8.627124e+00
      vertex   7.912809e-02 5.896050e+01 8.292487e+00
      vertex   3.011466e-01 5.899160e+01 8.452310e+00
    endloop
  endfacet
  facet normal -5.344342e-01 -2.810805e-01 7.971034e-01
    outer loop
      vertex   -1.568656e-01 5.994541e+01 8.897832e+00
      vertex   -3.740742e-01 5.991499e+01 8.741472e+00
      vertex   -3.070096e-01 5.963386e+01 8.687302e+00
    endloop
  endfacet
  facet normal -5.344342e-01 -2.810805e-01 7.971034e-01
    outer loop
      vertex   -1.568656e-01 5.994541e+01 8.897832e+00
      vertex   -3.070096e-01 5.963386e+01 8.687302e+00
      vertex   -7.509510e-02 5.966634e+01 8.854249e+00
    endloop
  endfacet
  facet normal -1.449083e-01 -7.295948e-01 6.683510e-01
    outer loop
      vertex   4.125627e-01 5.924448e+01 8.752517e+00
      vertex   1.583975e-01 5.918009e+01 8.627124e+00
      vertex   3.011466e-01 5.899160e+01 8.452310e+00
    endloop
  endfacet
  facet normal -1.449083e-01 -7.295948e-01 6.683510e-01
    outer loop
      vertex   5.419206e-01 5.905260e+01 8.571096e+00
      vertex   4.125627e-01 5.924448e+01 8.752517e+00
      vertex   3.011466e-01 5.899160e+01 8.452310e+00
    endloop
  endfacet
  facet normal -3.768093e-01 -2.497145e-01 8.919963e-01
    outer loop
      vertex   7.869234e-02 6.000508e+01 9.014045e+00
      vertex   -1.568656e-01 5.994541e+01 8.897832e+00
      vertex   -7.509510e-02 5.966634e+01 8.854249e+00
    endloop
  endfacet
  facet normal -3.768093e-01 -2.497145e-01 8.919963e-01
    outer loop
      vertex   7.869234e-02 6.000508e+01 9.014045e+00
      vertex   -7.509510e-02 5.966634e+01 8.854249e+00
      vertex   1.764110e-01 5.973005e+01 8.978330e+00
    endloop
  endfacet
  facet normal -2.095776e-01 -1.987865e-01 9.573720e-01
    outer loop
      vertex   3.234959e-01 6.009170e+01 9.085619e+00
      vertex   7.869234e-02 6.000508e+01 9.014045e+00
      vertex   1.764110e-01 5.973005e+01 8.978330e+00
    endloop
  endfacet
  facet normal -2.095776e-01 -1.987865e-01 9.573720e-01
    outer loop
      vertex   3.234959e-01 6.009170e+01 9.085619e+00
      vertex   1.764110e-01 5.973005e+01 8.978330e+00
      vertex   4.377887e-01 5.982253e+01 9.054750e+00
    endloop
  endfacet
  facet normal 9.796175e-02 -9.946223e-01 3.361531e-02
    outer loop
      vertex   3.340457e+01 5.873262e+01 7.609790e+00
      vertex   3.339146e+01 5.873566e+01 7.738029e+00
      vertex   3.311194e+01 5.870379e+01 7.609790e+00
    endloop
  endfacet
  facet normal 7.767262e-02 -9.939487e-01 7.767262e-02
    outer loop
      vertex   3.311194e+01 5.870379e+01 7.609790e+00
      vertex   3.339146e+01 5.873566e+01 7.738029e+00
      vertex   3.324018e+01 5.873566e+01 7.889315e+00
    endloop
  endfacet
  facet normal 3.361531e-02 -9.946223e-01 9.796175e-02
    outer loop
      vertex   3.311194e+01 5.870379e+01 7.609790e+00
      vertex   3.324018e+01 5.873566e+01 7.889315e+00
      vertex   3.311194e+01 5.873262e+01 7.902426e+00
    endloop
  endfacet
  facet normal 5.231192e-02 -9.556301e-01 2.898872e-01
    outer loop
      vertex   3.311194e+01 5.873262e+01 7.902426e+00
      vertex   3.324018e+01 5.873566e+01 7.889315e+00
      vertex   3.311194e+01 5.881797e+01 8.183815e+00
    endloop
  endfacet
  facet normal 9.879688e-02 -9.463902e-01 3.075462e-01
    outer loop
      vertex   3.311194e+01 5.881797e+01 8.183815e+00
      vertex   3.324018e+01 5.873566e+01 7.889315e+00
      vertex   3.322496e+01 5.884969e+01 8.245119e+00
    endloop
  endfacet
  facet normal -8.166651e-03 -8.818919e-01 4.713810e-01
    outer loop
      vertex   3.311194e+01 5.881797e+01 8.183815e+00
      vertex   3.322496e+01 5.884969e+01 8.245119e+00
      vertex   3.311194e+01 5.895659e+01 8.443146e+00
    endloop
  endfacet
  facet normal 9.450329e-02 -8.524996e-01 5.141144e-01
    outer loop
      vertex   3.311194e+01 5.895659e+01 8.443146e+00
      vertex   3.322496e+01 5.884969e+01 8.245119e+00
      vertex   3.337793e+01 5.899160e+01 8.452310e+00
    endloop
  endfacet
  facet normal 8.573118e-02 -8.049614e-01 5.871008e-01
    outer loop
      vertex   3.311194e+01 5.895659e+01 8.443146e+00
      vertex   3.337793e+01 5.899160e+01 8.452310e+00
      vertex   3.313716e+01 5.905260e+01 8.571096e+00
    endloop
  endfacet
  facet normal 1.449083e-01 -7.295948e-01 6.683510e-01
    outer loop
      vertex   3.313716e+01 5.905260e+01 8.571096e+00
      vertex   3.337793e+01 5.899160e+01 8.452310e+00
      vertex   3.352068e+01 5.918009e+01 8.627124e+00
    endloop
  endfacet
  facet normal 1.449083e-01 -7.295948e-01 6.683510e-01
    outer loop
      vertex   3.313716e+01 5.905260e+01 8.571096e+00
      vertex   3.352068e+01 5.918009e+01 8.627124e+00
      vertex   3.326652e+01 5.924448e+01 8.752517e+00
    endloop
  endfacet
  facet normal 2.320407e-01 -5.900438e-01 7.733081e-01
    outer loop
      vertex   3.326652e+01 5.924448e+01 8.752517e+00
      vertex   3.352068e+01 5.918009e+01 8.627124e+00
      vertex   3.364772e+01 5.940793e+01 8.762842e+00
    endloop
  endfacet
  facet normal 2.320407e-01 -5.900438e-01 7.733081e-01
    outer loop
      vertex   3.326652e+01 5.924448e+01 8.752517e+00
      vertex   3.364772e+01 5.940793e+01 8.762842e+00
      vertex   3.338993e+01 5.947323e+01 8.890023e+00
    endloop
  endfacet
  facet normal 3.103169e-01 -4.280683e-01 8.487997e-01
    outer loop
      vertex   3.338993e+01 5.947323e+01 8.890023e+00
      vertex   3.364772e+01 5.940793e+01 8.762842e+00
      vertex   3.375418e+01 5.966634e+01 8.854249e+00
    endloop
  endfacet
  facet normal 3.103169e-01 -4.280683e-01 8.487997e-01
    outer loop
      vertex   3.338993e+01 5.947323e+01 8.890023e+00
      vertex   3.375418e+01 5.966634e+01 8.854249e+00
      vertex   3.350267e+01 5.973005e+01 8.978330e+00
    endloop
  endfacet
  facet normal 3.768093e-01 -2.497145e-01 8.919963e-01
    outer loop
      vertex   3.350267e+01 5.973005e+01 8.978330e+00
      vertex   3.375418e+01 5.966634e+01 8.854249e+00
      vertex   3.383595e+01 5.994541e+01 8.897832e+00
    endloop
  endfacet
  facet normal 3.768093e-01 -2.497145e-01 8.919963e-01
    outer loop
      vertex   3.350267e+01 5.973005e+01 8.978330e+00
      vertex   3.383595e+01 5.994541e+01 8.897832e+00
      vertex   3.360039e+01 6.000508e+01 9.014045e+00
    endloop
  endfacet
  facet normal 4.203935e-01 -9.735100e-02 9.021043e-01
    outer loop
      vertex   3.360039e+01 6.000508e+01 9.014045e+00
      vertex   3.383595e+01 5.994541e+01 8.897832e+00
      vertex   3.368596e+01 6.020379e+01 8.995610e+00
    endloop
  endfacet
  facet normal 2.900943e-01 -3.620742e-02 9.563129e-01
    outer loop
      vertex   3.360039e+01 6.000508e+01 9.014045e+00
      vertex   3.368596e+01 6.020379e+01 8.995610e+00
      vertex   3.340457e+01 6.020379e+01 9.080968e+00
    endloop
  endfacet
  facet normal 2.898872e-01 -9.556301e-01 5.231192e-02
    outer loop
      vertex   3.340457e+01 5.873262e+01 7.609790e+00
      vertex   3.368596e+01 5.881797e+01 7.609790e+00
      vertex   3.339146e+01 5.873566e+01 7.738029e+00
    endloop
  endfacet
  facet normal 3.075462e-01 -9.463902e-01 9.879688e-02
    outer loop
      vertex   3.339146e+01 5.873566e+01 7.738029e+00
      vertex   3.368596e+01 5.881797e+01 7.609790e+00
      vertex   3.374727e+01 5.884969e+01 7.722815e+00
    endloop
  endfacet
  facet normal 3.074444e-01 -9.474312e-01 8.861215e-02
    outer loop
      vertex   3.339146e+01 5.873566e+01 7.738029e+00
      vertex   3.374727e+01 5.884969e+01 7.722815e+00
      vertex   3.360247e+01 5.882152e+01 7.923953e+00
    endloop
  endfacet
  facet normal 4.483554e-01 -8.710202e-01 2.007515e-01
    outer loop
      vertex   3.360247e+01 5.882152e+01 7.923953e+00
      vertex   3.374727e+01 5.884969e+01 7.722815e+00
      vertex   3.395446e+01 5.899160e+01 7.875786e+00
    endloop
  endfacet
  facet normal 4.483554e-01 -8.710202e-01 2.007515e-01
    outer loop
      vertex   3.360247e+01 5.882152e+01 7.923953e+00
      vertex   3.395446e+01 5.899160e+01 7.875786e+00
      vertex   3.379463e+01 5.896050e+01 8.097805e+00
    endloop
  endfacet
  facet normal 5.719375e-01 -7.614634e-01 3.050591e-01
    outer loop
      vertex   3.379463e+01 5.896050e+01 8.097805e+00
      vertex   3.395446e+01 5.899160e+01 7.875786e+00
      vertex   3.412927e+01 5.918009e+01 8.018535e+00
    endloop
  endfacet
  facet normal 5.719375e-01 -7.614634e-01 3.050591e-01
    outer loop
      vertex   3.379463e+01 5.896050e+01 8.097805e+00
      vertex   3.412927e+01 5.918009e+01 8.018535e+00
      vertex   3.396056e+01 5.914727e+01 8.252902e+00
    endloop
  endfacet
  facet normal 6.736114e-01 -6.229976e-01 3.976451e-01
    outer loop
      vertex   3.396056e+01 5.914727e+01 8.252902e+00
      vertex   3.412927e+01 5.918009e+01 8.018535e+00
      vertex   3.426499e+01 5.940793e+01 8.145577e+00
    endloop
  endfacet
  facet normal 6.736114e-01 -6.229976e-01 3.976451e-01
    outer loop
      vertex   3.396056e+01 5.914727e+01 8.252902e+00
      vertex   3.426499e+01 5.940793e+01 8.145577e+00
      vertex   3.409387e+01 5.937463e+01 8.383285e+00
    endloop
  endfacet
  facet normal 7.496159e-01 -4.608526e-01 4.750693e-01
    outer loop
      vertex   3.409387e+01 5.937463e+01 8.383285e+00
      vertex   3.426499e+01 5.940793e+01 8.145577e+00
      vertex   3.435640e+01 5.966634e+01 8.252028e+00
    endloop
  endfacet
  facet normal 7.496159e-01 -4.608526e-01 4.750693e-01
    outer loop
      vertex   3.409387e+01 5.937463e+01 8.383285e+00
      vertex   3.435640e+01 5.966634e+01 8.252028e+00
      vertex   3.418945e+01 5.963386e+01 8.483942e+00
    endloop
  endfacet
  facet normal 7.971034e-01 -2.810805e-01 5.344342e-01
    outer loop
      vertex   3.418945e+01 5.963386e+01 8.483942e+00
      vertex   3.435640e+01 5.966634e+01 8.252028e+00
      vertex   3.439998e+01 5.994541e+01 8.333798e+00
    endloop
  endfacet
  facet normal 7.971034e-01 -2.810805e-01 5.344342e-01
    outer loop
      vertex   3.418945e+01 5.963386e+01 8.483942e+00
      vertex   3.439998e+01 5.994541e+01 8.333798e+00
      vertex   3.424362e+01 5.991499e+01 8.551007e+00
    endloop
  endfacet
  facet normal 8.138364e-01 -1.126289e-01 5.700745e-01
    outer loop
      vertex   3.424362e+01 5.991499e+01 8.551007e+00
      vertex   3.439998e+01 5.994541e+01 8.333798e+00
      vertex   3.435914e+01 6.020379e+01 8.443146e+00
    endloop
  endfacet
  facet normal 7.709992e-01 -7.208889e-02 6.327427e-01
    outer loop
      vertex   3.424362e+01 5.991499e+01 8.551007e+00
      vertex   3.435914e+01 6.020379e+01 8.443146e+00
      vertex   3.417260e+01 6.020379e+01 8.670450e+00
    endloop
  endfacet
  facet normal 4.713810e-01 -8.818919e-01 -8.166651e-03
    outer loop
      vertex   3.368596e+01 5.881797e+01 7.609790e+00
      vertex   3.394529e+01 5.895659e+01 7.609790e+00
      vertex   3.374727e+01 5.884969e+01 7.722815e+00
    endloop
  endfacet
  facet normal 5.141144e-01 -8.524996e-01 9.450329e-02
    outer loop
      vertex   3.374727e+01 5.884969e+01 7.722815e+00
      vertex   3.394529e+01 5.895659e+01 7.609790e+00
      vertex   3.395446e+01 5.899160e+01 7.875786e+00
    endloop
  endfacet
  facet normal 5.871008e-01 -8.049614e-01 8.573118e-02
    outer loop
      vertex   3.395446e+01 5.899160e+01 7.875786e+00
      vertex   3.394529e+01 5.895659e+01 7.609790e+00
      vertex   3.407324e+01 5.905260e+01 7.635012e+00
    endloop
  endfacet
  facet normal 6.115592e-01 -7.451870e-01 -2.658792e-01
    outer loop
      vertex   3.407324e+01 5.905260e+01 7.635012e+00
      vertex   3.394529e+01 5.895659e+01 7.609790e+00
      vertex   3.417260e+01 5.914313e+01 7.609790e+00
    endloop
  endfacet
  facet normal 6.845195e-01 -7.207766e-01 1.091521e-01
    outer loop
      vertex   3.407324e+01 5.905260e+01 7.635012e+00
      vertex   3.417260e+01 5.914313e+01 7.609790e+00
      vertex   3.425466e+01 5.924448e+01 7.764370e+00
    endloop
  endfacet
  facet normal 7.729986e-01 -6.343836e-01 5.536834e-03
    outer loop
      vertex   3.425466e+01 5.924448e+01 7.764370e+00
      vertex   3.417260e+01 5.914313e+01 7.609790e+00
      vertex   3.435914e+01 5.937044e+01 7.609790e+00
    endloop
  endfacet
  facet normal 8.256999e-01 -5.539229e-01 1.067195e-01
    outer loop
      vertex   3.425466e+01 5.924448e+01 7.764370e+00
      vertex   3.435914e+01 5.937044e+01 7.609790e+00
      vertex   3.439217e+01 5.947323e+01 7.887788e+00
    endloop
  endfacet
  facet normal 8.666984e-01 -4.925144e-01 7.914225e-02
    outer loop
      vertex   3.439217e+01 5.947323e+01 7.887788e+00
      vertex   3.435914e+01 5.937044e+01 7.609790e+00
      vertex   3.447050e+01 5.956802e+01 7.619880e+00
    endloop
  endfacet
  facet normal 9.171316e-01 -3.748375e-01 1.355232e-01
    outer loop
      vertex   3.439217e+01 5.947323e+01 7.887788e+00
      vertex   3.447050e+01 5.956802e+01 7.619880e+00
      vertex   3.455690e+01 5.982253e+01 7.739144e+00
    endloop
  endfacet
  facet normal 9.135145e-01 -3.791683e-01 1.473859e-01
    outer loop
      vertex   3.455690e+01 5.982253e+01 7.739144e+00
      vertex   3.447050e+01 5.956802e+01 7.619880e+00
      vertex   3.449776e+01 5.962977e+01 7.609790e+00
    endloop
  endfacet
  facet normal 9.569287e-01 -2.902812e-01 -4.924580e-03
    outer loop
      vertex   3.455690e+01 5.982253e+01 7.739144e+00
      vertex   3.449776e+01 5.962977e+01 7.609790e+00
      vertex   3.458312e+01 5.991116e+01 7.609790e+00
    endloop
  endfacet
  facet normal 7.880595e-01 -4.212266e-01 -4.489214e-01
    outer loop
      vertex   3.435914e+01 5.937044e+01 7.609790e+00
      vertex   3.449776e+01 5.962977e+01 7.609790e+00
      vertex   3.447050e+01 5.956802e+01 7.619880e+00
    endloop
  endfacet
  facet normal 9.836945e-01 -1.529730e-01 9.457450e-02
    outer loop
      vertex   3.455690e+01 5.982253e+01 7.739144e+00
      vertex   3.458312e+01 5.991116e+01 7.609790e+00
      vertex   3.458777e+01 6.009170e+01 7.853437e+00
    endloop
  endfacet
  facet normal 9.937565e-01 -9.787647e-02 5.355589e-02
    outer loop
      vertex   3.458777e+01 6.009170e+01 7.853437e+00
      vertex   3.458312e+01 5.991116e+01 7.609790e+00
      vertex   3.461194e+01 6.020379e+01 7.609790e+00
    endloop
  endfacet
  facet normal 9.951835e-01 -1.543351e-03 9.801702e-02
    outer loop
      vertex   3.458777e+01 6.009170e+01 7.853437e+00
      vertex   3.461194e+01 6.020379e+01 7.609790e+00
      vertex   3.458312e+01 6.020379e+01 7.902426e+00
    endloop
  endfacet
  facet normal 9.639006e-01 -7.203180e-02 2.563338e-01
    outer loop
      vertex   3.458777e+01 6.009170e+01 7.853437e+00
      vertex   3.458312e+01 6.020379e+01 7.902426e+00
      vertex   3.451619e+01 6.000508e+01 8.098240e+00
    endloop
  endfacet
  facet normal 9.563129e-01 -3.620742e-02 2.900943e-01
    outer loop
      vertex   3.451619e+01 6.000508e+01 8.098240e+00
      vertex   3.458312e+01 6.020379e+01 7.902426e+00
      vertex   3.449776e+01 6.020379e+01 8.183815e+00
    endloop
  endfacet
  facet normal 9.021043e-01 -9.735100e-02 4.203935e-01
    outer loop
      vertex   3.451619e+01 6.000508e+01 8.098240e+00
      vertex   3.449776e+01 6.020379e+01 8.183815e+00
      vertex   3.439998e+01 5.994541e+01 8.333798e+00
    endloop
  endfacet
  facet normal 8.803324e-01 -5.999898e-02 4.705475e-01
    outer loop
      vertex   3.439998e+01 5.994541e+01 8.333798e+00
      vertex   3.449776e+01 6.020379e+01 8.183815e+00
      vertex   3.435914e+01 6.020379e+01 8.443146e+00
    endloop
  endfacet
  facet normal 7.021891e-01 -1.177319e-01 7.021891e-01
    outer loop
      vertex   3.424362e+01 5.991499e+01 8.551007e+00
      vertex   3.417260e+01 6.020379e+01 8.670450e+00
      vertex   3.405315e+01 5.991499e+01 8.741472e+00
    endloop
  endfacet
  facet normal 6.327427e-01 -7.208889e-02 7.709992e-01
    outer loop
      vertex   3.405315e+01 5.991499e+01 8.741472e+00
      vertex   3.417260e+01 6.020379e+01 8.670450e+00
      vertex   3.394529e+01 6.020379e+01 8.856995e+00
    endloop
  endfacet
  facet normal 5.700745e-01 -1.126289e-01 8.138364e-01
    outer loop
      vertex   3.405315e+01 5.991499e+01 8.741472e+00
      vertex   3.394529e+01 6.020379e+01 8.856995e+00
      vertex   3.383595e+01 5.994541e+01 8.897832e+00
    endloop
  endfacet
  facet normal 4.705475e-01 -5.999898e-02 8.803324e-01
    outer loop
      vertex   3.383595e+01 5.994541e+01 8.897832e+00
      vertex   3.394529e+01 6.020379e+01 8.856995e+00
      vertex   3.368596e+01 6.020379e+01 8.995610e+00
    endloop
  endfacet
  facet normal 2.563338e-01 -7.203180e-02 9.639006e-01
    outer loop
      vertex   3.360039e+01 6.000508e+01 9.014045e+00
      vertex   3.340457e+01 6.020379e+01 9.080968e+00
      vertex   3.335558e+01 6.009170e+01 9.085619e+00
    endloop
  endfacet
  facet normal 9.801702e-02 -1.543351e-03 9.951835e-01
    outer loop
      vertex   3.335558e+01 6.009170e+01 9.085619e+00
      vertex   3.340457e+01 6.020379e+01 9.080968e+00
      vertex   3.311194e+01 6.020379e+01 9.109790e+00
    endloop
  endfacet
  facet normal 5.355589e-02 -9.787647e-02 9.937565e-01
    outer loop
      vertex   3.335558e+01 6.009170e+01 9.085619e+00
      vertex   3.311194e+01 6.020379e+01 9.109790e+00
      vertex   3.311194e+01 5.991116e+01 9.080968e+00
    endloop
  endfacet
  facet normal 9.457450e-02 -1.529730e-01 9.836945e-01
    outer loop
      vertex   3.335558e+01 6.009170e+01 9.085619e+00
      vertex   3.311194e+01 5.991116e+01 9.080968e+00
      vertex   3.324129e+01 5.982253e+01 9.054750e+00
    endloop
  endfacet
  facet normal -4.924580e-03 -2.902812e-01 9.569287e-01
    outer loop
      vertex   3.324129e+01 5.982253e+01 9.054750e+00
      vertex   3.311194e+01 5.991116e+01 9.080968e+00
      vertex   3.311194e+01 5.962977e+01 8.995610e+00
    endloop
  endfacet
  facet normal 1.473859e-01 -3.791683e-01 9.135145e-01
    outer loop
      vertex   3.324129e+01 5.982253e+01 9.054750e+00
      vertex   3.311194e+01 5.962977e+01 8.995610e+00
      vertex   3.312203e+01 5.956802e+01 8.968352e+00
    endloop
  endfacet
  facet normal -4.489214e-01 -4.212266e-01 7.880595e-01
    outer loop
      vertex   3.312203e+01 5.956802e+01 8.968352e+00
      vertex   3.311194e+01 5.962977e+01 8.995610e+00
      vertex   3.311194e+01 5.937044e+01 8.856995e+00
    endloop
  endfacet
  facet normal 7.914225e-02 -4.925144e-01 8.666984e-01
    outer loop
      vertex   3.312203e+01 5.956802e+01 8.968352e+00
      vertex   3.311194e+01 5.937044e+01 8.856995e+00
      vertex   3.338993e+01 5.947323e+01 8.890023e+00
    endloop
  endfacet
  facet normal 1.067195e-01 -5.539229e-01 8.256999e-01
    outer loop
      vertex   3.338993e+01 5.947323e+01 8.890023e+00
      vertex   3.311194e+01 5.937044e+01 8.856995e+00
      vertex   3.326652e+01 5.924448e+01 8.752517e+00
    endloop
  endfacet
  facet normal 5.536834e-03 -6.343836e-01 7.729986e-01
    outer loop
      vertex   3.311194e+01 5.937044e+01 8.856995e+00
      vertex   3.311194e+01 5.914313e+01 8.670450e+00
      vertex   3.326652e+01 5.924448e+01 8.752517e+00
    endloop
  endfacet
  facet normal 1.091521e-01 -7.207766e-01 6.845195e-01
    outer loop
      vertex   3.326652e+01 5.924448e+01 8.752517e+00
      vertex   3.311194e+01 5.914313e+01 8.670450e+00
      vertex   3.313716e+01 5.905260e+01 8.571096e+00
    endloop
  endfacet
  facet normal -2.658792e-01 -7.451870e-01 6.115592e-01
    outer loop
      vertex   3.311194e+01 5.914313e+01 8.670450e+00
      vertex   3.311194e+01 5.895659e+01 8.443146e+00
      vertex   3.313716e+01 5.905260e+01 8.571096e+00
    endloop
  endfacet
  facet normal 6.763606e-01 -2.916723e-01 6.763606e-01
    outer loop
      vertex   3.418945e+01 5.963386e+01 8.483942e+00
      vertex   3.424362e+01 5.991499e+01 8.551007e+00
      vertex   3.398609e+01 5.963386e+01 8.687302e+00
    endloop
  endfacet
  facet normal 6.763606e-01 -2.916723e-01 6.763606e-01
    outer loop
      vertex   3.398609e+01 5.963386e+01 8.687302e+00
      vertex   3.424362e+01 5.991499e+01 8.551007e+00
      vertex   3.405315e+01 5.991499e+01 8.741472e+00
    endloop
  endfacet
  facet normal 5.344342e-01 -2.810805e-01 7.971034e-01
    outer loop
      vertex   3.398609e+01 5.963386e+01 8.687302e+00
      vertex   3.405315e+01 5.991499e+01 8.741472e+00
      vertex   3.375418e+01 5.966634e+01 8.854249e+00
    endloop
  endfacet
  facet normal 5.344342e-01 -2.810805e-01 7.971034e-01
    outer loop
      vertex   3.375418e+01 5.966634e+01 8.854249e+00
      vertex   3.405315e+01 5.991499e+01 8.741472e+00
      vertex   3.383595e+01 5.994541e+01 8.897832e+00
    endloop
  endfacet
  facet normal 6.234133e-01 -4.719234e-01 6.234133e-01
    outer loop
      vertex   3.409387e+01 5.937463e+01 8.383285e+00
      vertex   3.418945e+01 5.963386e+01 8.483942e+00
      vertex   3.388543e+01 5.937463e+01 8.591725e+00
    endloop
  endfacet
  facet normal 6.234133e-01 -4.719234e-01 6.234133e-01
    outer loop
      vertex   3.388543e+01 5.937463e+01 8.591725e+00
      vertex   3.418945e+01 5.963386e+01 8.483942e+00
      vertex   3.398609e+01 5.963386e+01 8.687302e+00
    endloop
  endfacet
  facet normal 4.750693e-01 -4.608526e-01 7.496159e-01
    outer loop
      vertex   3.388543e+01 5.937463e+01 8.591725e+00
      vertex   3.398609e+01 5.963386e+01 8.687302e+00
      vertex   3.364772e+01 5.940793e+01 8.762842e+00
    endloop
  endfacet
  facet normal 4.750693e-01 -4.608526e-01 7.496159e-01
    outer loop
      vertex   3.364772e+01 5.940793e+01 8.762842e+00
      vertex   3.398609e+01 5.963386e+01 8.687302e+00
      vertex   3.375418e+01 5.966634e+01 8.854249e+00
    endloop
  endfacet
  facet normal 5.467562e-01 -6.341256e-01 5.467562e-01
    outer loop
      vertex   3.396056e+01 5.914727e+01 8.252902e+00
      vertex   3.409387e+01 5.937463e+01 8.383285e+00
      vertex   3.375505e+01 5.914727e+01 8.458412e+00
    endloop
  endfacet
  facet normal 5.467562e-01 -6.341256e-01 5.467562e-01
    outer loop
      vertex   3.375505e+01 5.914727e+01 8.458412e+00
      vertex   3.409387e+01 5.937463e+01 8.383285e+00
      vertex   3.388543e+01 5.937463e+01 8.591725e+00
    endloop
  endfacet
  facet normal 3.976451e-01 -6.229976e-01 6.736114e-01
    outer loop
      vertex   3.375505e+01 5.914727e+01 8.458412e+00
      vertex   3.388543e+01 5.937463e+01 8.591725e+00
      vertex   3.352068e+01 5.918009e+01 8.627124e+00
    endloop
  endfacet
  facet normal 3.976451e-01 -6.229976e-01 6.736114e-01
    outer loop
      vertex   3.352068e+01 5.918009e+01 8.627124e+00
      vertex   3.388543e+01 5.937463e+01 8.591725e+00
      vertex   3.364772e+01 5.940793e+01 8.762842e+00
    endloop
  endfacet
  facet normal 4.492598e-01 -7.722249e-01 4.492598e-01
    outer loop
      vertex   3.379463e+01 5.896050e+01 8.097805e+00
      vertex   3.396056e+01 5.914727e+01 8.252902e+00
      vertex   3.359995e+01 5.896050e+01 8.292487e+00
    endloop
  endfacet
  facet normal 4.492598e-01 -7.722249e-01 4.492598e-01
    outer loop
      vertex   3.359995e+01 5.896050e+01 8.292487e+00
      vertex   3.396056e+01 5.914727e+01 8.252902e+00
      vertex   3.375505e+01 5.914727e+01 8.458412e+00
    endloop
  endfacet
  facet normal 3.050591e-01 -7.614634e-01 5.719375e-01
    outer loop
      vertex   3.359995e+01 5.896050e+01 8.292487e+00
      vertex   3.375505e+01 5.914727e+01 8.458412e+00
      vertex   3.337793e+01 5.899160e+01 8.452310e+00
    endloop
  endfacet
  facet normal 3.050591e-01 -7.614634e-01 5.719375e-01
    outer loop
      vertex   3.337793e+01 5.899160e+01 8.452310e+00
      vertex   3.375505e+01 5.914727e+01 8.458412e+00
      vertex   3.352068e+01 5.918009e+01 8.627124e+00
    endloop
  endfacet
  facet normal 3.345378e-01 -8.810045e-01 3.345378e-01
    outer loop
      vertex   3.360247e+01 5.882152e+01 7.923953e+00
      vertex   3.379463e+01 5.896050e+01 8.097805e+00
      vertex   3.342610e+01 5.882152e+01 8.100327e+00
    endloop
  endfacet
  facet normal 3.345378e-01 -8.810045e-01 3.345378e-01
    outer loop
      vertex   3.342610e+01 5.882152e+01 8.100327e+00
      vertex   3.379463e+01 5.896050e+01 8.097805e+00
      vertex   3.359995e+01 5.896050e+01 8.292487e+00
    endloop
  endfacet
  facet normal 2.007515e-01 -8.710202e-01 4.483554e-01
    outer loop
      vertex   3.342610e+01 5.882152e+01 8.100327e+00
      vertex   3.359995e+01 5.896050e+01 8.292487e+00
      vertex   3.322496e+01 5.884969e+01 8.245119e+00
    endloop
  endfacet
  facet normal 2.007515e-01 -8.710202e-01 4.483554e-01
    outer loop
      vertex   3.322496e+01 5.884969e+01 8.245119e+00
      vertex   3.359995e+01 5.896050e+01 8.292487e+00
      vertex   3.337793e+01 5.899160e+01 8.452310e+00
    endloop
  endfacet
  facet normal 2.068524e-01 -9.562553e-01 2.068524e-01
    outer loop
      vertex   3.339146e+01 5.873566e+01 7.738029e+00
      vertex   3.360247e+01 5.882152e+01 7.923953e+00
      vertex   3.324018e+01 5.873566e+01 7.889315e+00
    endloop
  endfacet
  facet normal 2.068524e-01 -9.562553e-01 2.068524e-01
    outer loop
      vertex   3.324018e+01 5.873566e+01 7.889315e+00
      vertex   3.360247e+01 5.882152e+01 7.923953e+00
      vertex   3.342610e+01 5.882152e+01 8.100327e+00
    endloop
  endfacet
  facet normal 8.861215e-02 -9.474312e-01 3.074444e-01
    outer loop
      vertex   3.324018e+01 5.873566e+01 7.889315e+00
      vertex   3.342610e+01 5.882152e+01 8.100327e+00
      vertex   3.322496e+01 5.884969e+01 8.245119e+00
    endloop
  endfacet
  facet normal 6.683510e-01 -7.295948e-01 1.449083e-01
    outer loop
      vertex   3.407324e+01 5.905260e+01 7.635012e+00
      vertex   3.425466e+01 5.924448e+01 7.764370e+00
      vertex   3.395446e+01 5.899160e+01 7.875786e+00
    endloop
  endfacet
  facet normal 6.683510e-01 -7.295948e-01 1.449083e-01
    outer loop
      vertex   3.395446e+01 5.899160e+01 7.875786e+00
      vertex   3.425466e+01 5.924448e+01 7.764370e+00
      vertex   3.412927e+01 5.918009e+01 8.018535e+00
    endloop
  endfacet
  facet normal 7.733081e-01 -5.900438e-01 2.320407e-01
    outer loop
      vertex   3.425466e+01 5.924448e+01 7.764370e+00
      vertex   3.439217e+01 5.947323e+01 7.887788e+00
      vertex   3.412927e+01 5.918009e+01 8.018535e+00
    endloop
  endfacet
  facet normal 7.733081e-01 -5.900438e-01 2.320407e-01
    outer loop
      vertex   3.412927e+01 5.918009e+01 8.018535e+00
      vertex   3.439217e+01 5.947323e+01 7.887788e+00
      vertex   3.426499e+01 5.940793e+01 8.145577e+00
    endloop
  endfacet
  facet normal 8.919963e-01 -2.497145e-01 3.768093e-01
    outer loop
      vertex   3.451619e+01 6.000508e+01 8.098240e+00
      vertex   3.439998e+01 5.994541e+01 8.333798e+00
      vertex   3.435640e+01 5.966634e+01 8.252028e+00
    endloop
  endfacet
  facet normal 8.487997e-01 -4.280683e-01 3.103169e-01
    outer loop
      vertex   3.435640e+01 5.966634e+01 8.252028e+00
      vertex   3.426499e+01 5.940793e+01 8.145577e+00
      vertex   3.448048e+01 5.973005e+01 8.000522e+00
    endloop
  endfacet
  facet normal 8.487997e-01 -4.280683e-01 3.103169e-01
    outer loop
      vertex   3.448048e+01 5.973005e+01 8.000522e+00
      vertex   3.426499e+01 5.940793e+01 8.145577e+00
      vertex   3.439217e+01 5.947323e+01 7.887788e+00
    endloop
  endfacet
  facet normal 9.171316e-01 -3.748375e-01 1.355232e-01
    outer loop
      vertex   3.448048e+01 5.973005e+01 8.000522e+00
      vertex   3.439217e+01 5.947323e+01 7.887788e+00
      vertex   3.455690e+01 5.982253e+01 7.739144e+00
    endloop
  endfacet
  facet normal 9.573720e-01 -1.987865e-01 2.095776e-01
    outer loop
      vertex   3.458777e+01 6.009170e+01 7.853437e+00
      vertex   3.451619e+01 6.000508e+01 8.098240e+00
      vertex   3.448048e+01 5.973005e+01 8.000522e+00
    endloop
  endfacet
  facet normal 8.919963e-01 -2.497145e-01 3.768093e-01
    outer loop
      vertex   3.448048e+01 5.973005e+01 8.000522e+00
      vertex   3.451619e+01 6.000508e+01 8.098240e+00
      vertex   3.435640e+01 5.966634e+01 8.252028e+00
    endloop
  endfacet
  facet normal 9.573720e-01 -1.987865e-01 2.095776e-01
    outer loop
      vertex   3.458777e+01 6.009170e+01 7.853437e+00
      vertex   3.448048e+01 5.973005e+01 8.000522e+00
      vertex   3.455690e+01 5.982253e+01 7.739144e+00
    endloop
  endfacet
  facet normal 1.355232e-01 -3.748375e-01 9.171316e-01
    outer loop
      vertex   3.312203e+01 5.956802e+01 8.968352e+00
      vertex   3.338993e+01 5.947323e+01 8.890023e+00
      vertex   3.350267e+01 5.973005e+01 8.978330e+00
    endloop
  endfacet
  facet normal 2.095776e-01 -1.987865e-01 9.573720e-01
    outer loop
      vertex   3.335558e+01 6.009170e+01 9.085619e+00
      vertex   3.324129e+01 5.982253e+01 9.054750e+00
      vertex   3.360039e+01 6.000508e+01 9.014045e+00
    endloop
  endfacet
  facet normal 2.095776e-01 -1.987865e-01 9.573720e-01
    outer loop
      vertex   3.360039e+01 6.000508e+01 9.014045e+00
      vertex   3.324129e+01 5.982253e+01 9.054750e+00
      vertex   3.350267e+01 5.973005e+01 8.978330e+00
    endloop
  endfacet
  facet normal 1.355232e-01 -3.748375e-01 9.171316e-01
    outer loop
      vertex   3.324129e+01 5.982253e+01 9.054750e+00
      vertex   3.312203e+01 5.956802e+01 8.968352e+00
      vertex   3.350267e+01 5.973005e+01 8.978330e+00
    endloop
  endfacet
  facet normal -3.361531e-02 9.796175e-02 9.946223e-01
    outer loop
      vertex   5.671424e-01 8.982201e+01 9.080968e+00
      vertex   4.389037e-01 8.980890e+01 9.077925e+00
      vertex   5.671424e-01 8.952937e+01 9.109790e+00
    endloop
  endfacet
  facet normal -7.767262e-02 7.767262e-02 9.939487e-01
    outer loop
      vertex   5.671424e-01 8.952937e+01 9.109790e+00
      vertex   4.389037e-01 8.980890e+01 9.077925e+00
      vertex   2.876176e-01 8.965761e+01 9.077925e+00
    endloop
  endfacet
  facet normal -9.796175e-02 3.361531e-02 9.946223e-01
    outer loop
      vertex   5.671424e-01 8.952937e+01 9.109790e+00
      vertex   2.876176e-01 8.965761e+01 9.077925e+00
      vertex   2.745069e-01 8.952937e+01 9.080968e+00
    endloop
  endfacet
  facet normal -2.898872e-01 5.231192e-02 9.556301e-01
    outer loop
      vertex   2.745069e-01 8.952937e+01 9.080968e+00
      vertex   2.876176e-01 8.965761e+01 9.077925e+00
      vertex   -6.882743e-03 8.952937e+01 8.995610e+00
    endloop
  endfacet
  facet normal -3.075462e-01 9.879688e-02 9.463902e-01
    outer loop
      vertex   -6.882743e-03 8.952937e+01 8.995610e+00
      vertex   2.876176e-01 8.965761e+01 9.077925e+00
      vertex   -6.818592e-02 8.964240e+01 8.963889e+00
    endloop
  endfacet
  facet normal -4.713810e-01 -8.166651e-03 8.818919e-01
    outer loop
      vertex   -6.882743e-03 8.952937e+01 8.995610e+00
      vertex   -6.818592e-02 8.964240e+01 8.963889e+00
      vertex   -2.662129e-01 8.952937e+01 8.856995e+00
    endloop
  endfacet
  facet normal -5.141144e-01 9.450329e-02 8.524996e-01
    outer loop
      vertex   -2.662129e-01 8.952937e+01 8.856995e+00
      vertex   -6.818592e-02 8.964240e+01 8.963889e+00
      vertex   -2.753772e-01 8.979537e+01 8.821981e+00
    endloop
  endfacet
  facet normal -5.871008e-01 8.573118e-02 8.049614e-01
    outer loop
      vertex   -2.662129e-01 8.952937e+01 8.856995e+00
      vertex   -2.753772e-01 8.979537e+01 8.821981e+00
      vertex   -3.941636e-01 8.955459e+01 8.760987e+00
    endloop
  endfacet
  facet normal -6.683510e-01 1.449083e-01 7.295948e-01
    outer loop
      vertex   -3.941636e-01 8.955459e+01 8.760987e+00
      vertex   -2.753772e-01 8.979537e+01 8.821981e+00
      vertex   -4.501910e-01 8.993812e+01 8.633490e+00
    endloop
  endfacet
  facet normal -6.683510e-01 1.449083e-01 7.295948e-01
    outer loop
      vertex   -3.941636e-01 8.955459e+01 8.760987e+00
      vertex   -4.501910e-01 8.993812e+01 8.633490e+00
      vertex   -5.755839e-01 8.968395e+01 8.569103e+00
    endloop
  endfacet
  facet normal -7.733081e-01 2.320407e-01 5.900438e-01
    outer loop
      vertex   -5.755839e-01 8.968395e+01 8.569103e+00
      vertex   -4.501910e-01 8.993812e+01 8.633490e+00
      vertex   -5.859092e-01 9.006516e+01 8.405658e+00
    endloop
  endfacet
  facet normal -7.733081e-01 2.320407e-01 5.900438e-01
    outer loop
      vertex   -5.755839e-01 8.968395e+01 8.569103e+00
      vertex   -5.859092e-01 9.006516e+01 8.405658e+00
      vertex   -7.130899e-01 8.980737e+01 8.340354e+00
    endloop
  endfacet
  facet normal -8.487997e-01 3.103169e-01 4.280683e-01
    outer loop
      vertex   -7.130899e-01 8.980737e+01 8.340354e+00
      vertex   -5.859092e-01 9.006516e+01 8.405658e+00
      vertex   -6.773163e-01 9.017161e+01 8.147241e+00
    endloop
  endfacet
  facet normal -8.487997e-01 3.103169e-01 4.280683e-01
    outer loop
      vertex   -7.130899e-01 8.980737e+01 8.340354e+00
      vertex   -6.773163e-01 9.017161e+01 8.147241e+00
      vertex   -8.013973e-01 8.992010e+01 8.083529e+00
    endloop
  endfacet
  facet normal -8.919963e-01 3.768093e-01 2.497145e-01
    outer loop
      vertex   -8.013973e-01 8.992010e+01 8.083529e+00
      vertex   -6.773163e-01 9.017161e+01 8.147241e+00
      vertex   -7.208995e-01 9.025338e+01 7.868171e+00
    endloop
  endfacet
  facet normal -8.919963e-01 3.768093e-01 2.497145e-01
    outer loop
      vertex   -8.013973e-01 8.992010e+01 8.083529e+00
      vertex   -7.208995e-01 9.025338e+01 7.868171e+00
      vertex   -8.371124e-01 9.001782e+01 7.808498e+00
    endloop
  endfacet
  facet normal -9.021043e-01 4.203935e-01 9.735100e-02
    outer loop
      vertex   -8.371124e-01 9.001782e+01 7.808498e+00
      vertex   -7.208995e-01 9.025338e+01 7.868171e+00
      vertex   -8.186769e-01 9.010340e+01 7.609790e+00
    endloop
  endfacet
  facet normal -9.563129e-01 2.900943e-01 3.620742e-02
    outer loop
      vertex   -8.371124e-01 9.001782e+01 7.808498e+00
      vertex   -8.186769e-01 9.010340e+01 7.609790e+00
      vertex   -9.040355e-01 8.982201e+01 7.609790e+00
    endloop
  endfacet
  facet normal -5.231192e-02 2.898872e-01 9.556301e-01
    outer loop
      vertex   5.671424e-01 8.982201e+01 9.080968e+00
      vertex   5.671424e-01 9.010340e+01 8.995610e+00
      vertex   4.389037e-01 8.980890e+01 9.077925e+00
    endloop
  endfacet
  facet normal -9.173292e-02 3.049073e-01 9.479539e-01
    outer loop
      vertex   4.389037e-01 8.980890e+01 9.077925e+00
      vertex   5.671424e-01 9.010340e+01 8.995610e+00
      vertex   2.529794e-01 9.001991e+01 8.992062e+00
    endloop
  endfacet
  facet normal -2.068524e-01 2.068524e-01 9.562553e-01
    outer loop
      vertex   4.389037e-01 8.980890e+01 9.077925e+00
      vertex   2.529794e-01 9.001991e+01 8.992062e+00
      vertex   2.876176e-01 8.965761e+01 9.077925e+00
    endloop
  endfacet
  facet normal -2.068524e-01 2.068524e-01 9.562553e-01
    outer loop
      vertex   2.876176e-01 8.965761e+01 9.077925e+00
      vertex   2.529794e-01 9.001991e+01 8.992062e+00
      vertex   7.660605e-02 8.984353e+01 8.992062e+00
    endloop
  endfacet
  facet normal -3.074444e-01 8.861215e-02 9.474312e-01
    outer loop
      vertex   2.876176e-01 8.965761e+01 9.077925e+00
      vertex   7.660605e-02 8.984353e+01 8.992062e+00
      vertex   -6.818592e-02 8.964240e+01 8.963889e+00
    endloop
  endfacet
  facet normal -4.483554e-01 2.007515e-01 8.710202e-01
    outer loop
      vertex   -6.818592e-02 8.964240e+01 8.963889e+00
      vertex   7.660605e-02 8.984353e+01 8.992062e+00
      vertex   -1.155545e-01 9.001739e+01 8.853079e+00
    endloop
  endfacet
  facet normal -4.483554e-01 2.007515e-01 8.710202e-01
    outer loop
      vertex   -6.818592e-02 8.964240e+01 8.963889e+00
      vertex   -1.155545e-01 9.001739e+01 8.853079e+00
      vertex   -2.753772e-01 8.979537e+01 8.821981e+00
    endloop
  endfacet
  facet normal -5.719375e-01 3.050591e-01 7.614634e-01
    outer loop
      vertex   -2.753772e-01 8.979537e+01 8.821981e+00
      vertex   -1.155545e-01 9.001739e+01 8.853079e+00
      vertex   -2.814793e-01 9.017248e+01 8.666317e+00
    endloop
  endfacet
  facet normal -5.719375e-01 3.050591e-01 7.614634e-01
    outer loop
      vertex   -2.753772e-01 8.979537e+01 8.821981e+00
      vertex   -2.814793e-01 9.017248e+01 8.666317e+00
      vertex   -4.501910e-01 8.993812e+01 8.633490e+00
    endloop
  endfacet
  facet normal -6.736114e-01 3.976451e-01 6.229976e-01
    outer loop
      vertex   -4.501910e-01 8.993812e+01 8.633490e+00
      vertex   -2.814793e-01 9.017248e+01 8.666317e+00
      vertex   -4.147921e-01 9.030287e+01 8.438953e+00
    endloop
  endfacet
  facet normal -6.736114e-01 3.976451e-01 6.229976e-01
    outer loop
      vertex   -4.501910e-01 8.993812e+01 8.633490e+00
      vertex   -4.147921e-01 9.030287e+01 8.438953e+00
      vertex   -5.859092e-01 9.006516e+01 8.405658e+00
    endloop
  endfacet
  facet normal -7.496159e-01 4.750693e-01 4.608526e-01
    outer loop
      vertex   -5.859092e-01 9.006516e+01 8.405658e+00
      vertex   -4.147921e-01 9.030287e+01 8.438953e+00
      vertex   -5.103697e-01 9.040352e+01 8.179725e+00
    endloop
  endfacet
  facet normal -7.496159e-01 4.750693e-01 4.608526e-01
    outer loop
      vertex   -5.859092e-01 9.006516e+01 8.405658e+00
      vertex   -5.103697e-01 9.040352e+01 8.179725e+00
      vertex   -6.773163e-01 9.017161e+01 8.147241e+00
    endloop
  endfacet
  facet normal -7.971034e-01 5.344342e-01 2.810805e-01
    outer loop
      vertex   -6.773163e-01 9.017161e+01 8.147241e+00
      vertex   -5.103697e-01 9.040352e+01 8.179725e+00
      vertex   -5.645391e-01 9.047059e+01 7.898595e+00
    endloop
  endfacet
  facet normal -7.971034e-01 5.344342e-01 2.810805e-01
    outer loop
      vertex   -6.773163e-01 9.017161e+01 8.147241e+00
      vertex   -5.645391e-01 9.047059e+01 7.898595e+00
      vertex   -7.208995e-01 9.025338e+01 7.868171e+00
    endloop
  endfacet
  facet normal -8.138364e-01 5.700745e-01 1.126289e-01
    outer loop
      vertex   -7.208995e-01 9.025338e+01 7.868171e+00
      vertex   -5.645391e-01 9.047059e+01 7.898595e+00
      vertex   -6.800620e-01 9.036273e+01 7.609790e+00
    endloop
  endfacet
  facet normal -8.803324e-01 4.705475e-01 5.999898e-02
    outer loop
      vertex   -7.208995e-01 9.025338e+01 7.868171e+00
      vertex   -6.800620e-01 9.036273e+01 7.609790e+00
      vertex   -8.186769e-01 9.010340e+01 7.609790e+00
    endloop
  endfacet
  facet normal -9.432195e-02 3.147981e-01 9.444604e-01
    outer loop
      vertex   2.529794e-01 9.001991e+01 8.992062e+00
      vertex   5.671424e-01 9.010340e+01 8.995610e+00
      vertex   4.541177e-01 9.016470e+01 8.963889e+00
    endloop
  endfacet
  facet normal 8.166651e-03 4.713810e-01 8.818919e-01
    outer loop
      vertex   4.541177e-01 9.016470e+01 8.963889e+00
      vertex   5.671424e-01 9.010340e+01 8.995610e+00
      vertex   5.671424e-01 9.036273e+01 8.856995e+00
    endloop
  endfacet
  facet normal -9.450329e-02 5.141144e-01 8.524996e-01
    outer loop
      vertex   4.541177e-01 9.016470e+01 8.963889e+00
      vertex   5.671424e-01 9.036273e+01 8.856995e+00
      vertex   3.011466e-01 9.037189e+01 8.821981e+00
    endloop
  endfacet
  facet normal -8.573118e-02 5.871008e-01 8.049614e-01
    outer loop
      vertex   3.011466e-01 9.037189e+01 8.821981e+00
      vertex   5.671424e-01 9.036273e+01 8.856995e+00
      vertex   5.419206e-01 9.049068e+01 8.760987e+00
    endloop
  endfacet
  facet normal -1.449083e-01 6.683510e-01 7.295948e-01
    outer loop
      vertex   3.011466e-01 9.037189e+01 8.821981e+00
      vertex   5.419206e-01 9.049068e+01 8.760987e+00
      vertex   4.125627e-01 9.067210e+01 8.569103e+00
    endloop
  endfacet
  facet normal -1.091521e-01 6.845195e-01 7.207766e-01
    outer loop
      vertex   4.125627e-01 9.067210e+01 8.569103e+00
      vertex   5.419206e-01 9.049068e+01 8.760987e+00
      vertex   5.671424e-01 9.059003e+01 8.670450e+00
    endloop
  endfacet
  facet normal -5.536834e-03 7.729986e-01 6.343836e-01
    outer loop
      vertex   4.125627e-01 9.067210e+01 8.569103e+00
      vertex   5.671424e-01 9.059003e+01 8.670450e+00
      vertex   5.671424e-01 9.077658e+01 8.443146e+00
    endloop
  endfacet
  facet normal 2.658792e-01 6.115592e-01 7.451870e-01
    outer loop
      vertex   5.671424e-01 9.036273e+01 8.856995e+00
      vertex   5.671424e-01 9.059003e+01 8.670450e+00
      vertex   5.419206e-01 9.049068e+01 8.760987e+00
    endloop
  endfacet
  facet normal 4.489214e-01 7.880595e-01 4.212266e-01
    outer loop
      vertex   5.671424e-01 9.091519e+01 8.183815e+00
      vertex   5.570525e-01 9.088793e+01 8.245565e+00
      vertex   5.671424e-01 9.077658e+01 8.443146e+00
    endloop
  endfacet
  facet normal -7.914225e-02 8.666984e-01 4.925144e-01
    outer loop
      vertex   5.671424e-01 9.077658e+01 8.443146e+00
      vertex   5.570525e-01 9.088793e+01 8.245565e+00
      vertex   2.891452e-01 9.080960e+01 8.340354e+00
    endloop
  endfacet
  facet normal -1.067195e-01 8.256999e-01 5.539229e-01
    outer loop
      vertex   5.671424e-01 9.077658e+01 8.443146e+00
      vertex   2.891452e-01 9.080960e+01 8.340354e+00
      vertex   4.125627e-01 9.067210e+01 8.569103e+00
    endloop
  endfacet
  facet normal -2.320407e-01 7.733081e-01 5.900438e-01
    outer loop
      vertex   4.125627e-01 9.067210e+01 8.569103e+00
      vertex   2.891452e-01 9.080960e+01 8.340354e+00
      vertex   1.583975e-01 9.054670e+01 8.633490e+00
    endloop
  endfacet
  facet normal -1.449083e-01 6.683510e-01 7.295948e-01
    outer loop
      vertex   4.125627e-01 9.067210e+01 8.569103e+00
      vertex   1.583975e-01 9.054670e+01 8.633490e+00
      vertex   3.011466e-01 9.037189e+01 8.821981e+00
    endloop
  endfacet
  facet normal -3.050591e-01 5.719375e-01 7.614634e-01
    outer loop
      vertex   3.011466e-01 9.037189e+01 8.821981e+00
      vertex   1.583975e-01 9.054670e+01 8.633490e+00
      vertex   7.912809e-02 9.021207e+01 8.853079e+00
    endloop
  endfacet
  facet normal -2.007515e-01 4.483554e-01 8.710202e-01
    outer loop
      vertex   3.011466e-01 9.037189e+01 8.821981e+00
      vertex   7.912809e-02 9.021207e+01 8.853079e+00
      vertex   2.529794e-01 9.001991e+01 8.992062e+00
    endloop
  endfacet
  facet normal -3.345378e-01 3.345378e-01 8.810045e-01
    outer loop
      vertex   2.529794e-01 9.001991e+01 8.992062e+00
      vertex   7.912809e-02 9.021207e+01 8.853079e+00
      vertex   7.660605e-02 8.984353e+01 8.992062e+00
    endloop
  endfacet
  facet normal -1.473859e-01 9.135145e-01 3.791683e-01
    outer loop
      vertex   5.570525e-01 9.088793e+01 8.245565e+00
      vertex   5.671424e-01 9.091519e+01 8.183815e+00
      vertex   4.377887e-01 9.097433e+01 7.991050e+00
    endloop
  endfacet
  facet normal 4.924580e-03 9.569287e-01 2.902812e-01
    outer loop
      vertex   4.377887e-01 9.097433e+01 7.991050e+00
      vertex   5.671424e-01 9.091519e+01 8.183815e+00
      vertex   5.671424e-01 9.100055e+01 7.902426e+00
    endloop
  endfacet
  facet normal -9.457450e-02 9.836945e-01 1.529730e-01
    outer loop
      vertex   4.377887e-01 9.097433e+01 7.991050e+00
      vertex   5.671424e-01 9.100055e+01 7.902426e+00
      vertex   3.234959e-01 9.100520e+01 7.721884e+00
    endloop
  endfacet
  facet normal -5.355589e-02 9.937565e-01 9.787647e-02
    outer loop
      vertex   3.234959e-01 9.100520e+01 7.721884e+00
      vertex   5.671424e-01 9.100055e+01 7.902426e+00
      vertex   5.671424e-01 9.102937e+01 7.609790e+00
    endloop
  endfacet
  facet normal -9.801702e-02 9.951835e-01 1.543351e-03
    outer loop
      vertex   3.234959e-01 9.100520e+01 7.721884e+00
      vertex   5.671424e-01 9.102937e+01 7.609790e+00
      vertex   2.745069e-01 9.100055e+01 7.609790e+00
    endloop
  endfacet
  facet normal -2.563338e-01 9.639006e-01 7.203180e-02
    outer loop
      vertex   3.234959e-01 9.100520e+01 7.721884e+00
      vertex   2.745069e-01 9.100055e+01 7.609790e+00
      vertex   7.869234e-02 9.093363e+01 7.808498e+00
    endloop
  endfacet
  facet normal -2.900943e-01 9.563129e-01 3.620742e-02
    outer loop
      vertex   7.869234e-02 9.093363e+01 7.808498e+00
      vertex   2.745069e-01 9.100055e+01 7.609790e+00
      vertex   -6.882743e-03 9.091519e+01 7.609790e+00
    endloop
  endfacet
  facet normal -4.203935e-01 9.021043e-01 9.735100e-02
    outer loop
      vertex   7.869234e-02 9.093363e+01 7.808498e+00
      vertex   -6.882743e-03 9.091519e+01 7.609790e+00
      vertex   -1.568656e-01 9.081741e+01 7.868171e+00
    endloop
  endfacet
  facet normal -4.705475e-01 8.803324e-01 5.999898e-02
    outer loop
      vertex   -1.568656e-01 9.081741e+01 7.868171e+00
      vertex   -6.882743e-03 9.091519e+01 7.609790e+00
      vertex   -2.662129e-01 9.077658e+01 7.609790e+00
    endloop
  endfacet
  facet normal -5.700745e-01 8.138364e-01 1.126289e-01
    outer loop
      vertex   -1.568656e-01 9.081741e+01 7.868171e+00
      vertex   -2.662129e-01 9.077658e+01 7.609790e+00
      vertex   -3.740742e-01 9.066105e+01 7.898595e+00
    endloop
  endfacet
  facet normal -6.327427e-01 7.709992e-01 7.208889e-02
    outer loop
      vertex   -3.740742e-01 9.066105e+01 7.898595e+00
      vertex   -2.662129e-01 9.077658e+01 7.609790e+00
      vertex   -4.935178e-01 9.059003e+01 7.609790e+00
    endloop
  endfacet
  facet normal -7.021891e-01 7.021891e-01 1.177319e-01
    outer loop
      vertex   -3.740742e-01 9.066105e+01 7.898595e+00
      vertex   -4.935178e-01 9.059003e+01 7.609790e+00
      vertex   -5.645391e-01 9.047059e+01 7.898595e+00
    endloop
  endfacet
  facet normal -7.709992e-01 6.327427e-01 7.208889e-02
    outer loop
      vertex   -5.645391e-01 9.047059e+01 7.898595e+00
      vertex   -4.935178e-01 9.059003e+01 7.609790e+00
      vertex   -6.800620e-01 9.036273e+01 7.609790e+00
    endloop
  endfacet
  facet normal -9.639006e-01 2.563338e-01 7.203180e-02
    outer loop
      vertex   -8.371124e-01 9.001782e+01 7.808498e+00
      vertex   -9.040355e-01 8.982201e+01 7.609790e+00
      vertex   -9.086867e-01 8.977302e+01 7.721884e+00
    endloop
  endfacet
  facet normal -9.951835e-01 9.801702e-02 1.543351e-03
    outer loop
      vertex   -9.086867e-01 8.977302e+01 7.721884e+00
      vertex   -9.040355e-01 8.982201e+01 7.609790e+00
      vertex   -9.328576e-01 8.952937e+01 7.609790e+00
    endloop
  endfacet
  facet normal -9.937565e-01 5.355589e-02 9.787647e-02
    outer loop
      vertex   -9.086867e-01 8.977302e+01 7.721884e+00
      vertex   -9.328576e-01 8.952937e+01 7.609790e+00
      vertex   -9.040355e-01 8.952937e+01 7.902426e+00
    endloop
  endfacet
  facet normal -9.836945e-01 9.457450e-02 1.529730e-01
    outer loop
      vertex   -9.086867e-01 8.977302e+01 7.721884e+00
      vertex   -9.040355e-01 8.952937e+01 7.902426e+00
      vertex   -8.778174e-01 8.965872e+01 7.991050e+00
    endloop
  endfacet
  facet normal -9.569287e-01 -4.924580e-03 2.902812e-01
    outer loop
      vertex   -8.778174e-01 8.965872e+01 7.991050e+00
      vertex   -9.040355e-01 8.952937e+01 7.902426e+00
      vertex   -8.186769e-01 8.952937e+01 8.183815e+00
    endloop
  endfacet
  facet normal -9.135145e-01 1.473859e-01 3.791683e-01
    outer loop
      vertex   -8.778174e-01 8.965872e+01 7.991050e+00
      vertex   -8.186769e-01 8.952937e+01 8.183815e+00
      vertex   -7.914190e-01 8.953946e+01 8.245565e+00
    endloop
  endfacet
  facet normal -7.880595e-01 -4.489214e-01 4.212266e-01
    outer loop
      vertex   -7.914190e-01 8.953946e+01 8.245565e+00
      vertex   -8.186769e-01 8.952937e+01 8.183815e+00
      vertex   -6.800620e-01 8.952937e+01 8.443146e+00
    endloop
  endfacet
  facet normal -8.666984e-01 7.914225e-02 4.925144e-01
    outer loop
      vertex   -7.914190e-01 8.953946e+01 8.245565e+00
      vertex   -6.800620e-01 8.952937e+01 8.443146e+00
      vertex   -7.130899e-01 8.980737e+01 8.340354e+00
    endloop
  endfacet
  facet normal -8.256999e-01 1.067195e-01 5.539229e-01
    outer loop
      vertex   -7.130899e-01 8.980737e+01 8.340354e+00
      vertex   -6.800620e-01 8.952937e+01 8.443146e+00
      vertex   -5.755839e-01 8.968395e+01 8.569103e+00
    endloop
  endfacet
  facet normal -7.729986e-01 5.536834e-03 6.343836e-01
    outer loop
      vertex   -6.800620e-01 8.952937e+01 8.443146e+00
      vertex   -4.935178e-01 8.952937e+01 8.670450e+00
      vertex   -5.755839e-01 8.968395e+01 8.569103e+00
    endloop
  endfacet
  facet normal -6.845195e-01 1.091521e-01 7.207766e-01
    outer loop
      vertex   -5.755839e-01 8.968395e+01 8.569103e+00
      vertex   -4.935178e-01 8.952937e+01 8.670450e+00
      vertex   -3.941636e-01 8.955459e+01 8.760987e+00
    endloop
  endfacet
  facet normal -6.115592e-01 -2.658792e-01 7.451870e-01
    outer loop
      vertex   -4.935178e-01 8.952937e+01 8.670450e+00
      vertex   -2.662129e-01 8.952937e+01 8.856995e+00
      vertex   -3.941636e-01 8.955459e+01 8.760987e+00
    endloop
  endfacet
  facet normal -6.763606e-01 6.763606e-01 2.916723e-01
    outer loop
      vertex   -5.645391e-01 9.047059e+01 7.898595e+00
      vertex   -5.103697e-01 9.040352e+01 8.179725e+00
      vertex   -3.740742e-01 9.066105e+01 7.898595e+00
    endloop
  endfacet
  facet normal -6.763606e-01 6.763606e-01 2.916723e-01
    outer loop
      vertex   -3.740742e-01 9.066105e+01 7.898595e+00
      vertex   -5.103697e-01 9.040352e+01 8.179725e+00
      vertex   -3.070096e-01 9.060688e+01 8.179725e+00
    endloop
  endfacet
  facet normal -5.344342e-01 7.971034e-01 2.810805e-01
    outer loop
      vertex   -3.740742e-01 9.066105e+01 7.898595e+00
      vertex   -3.070096e-01 9.060688e+01 8.179725e+00
      vertex   -1.568656e-01 9.081741e+01 7.868171e+00
    endloop
  endfacet
  facet normal -5.344342e-01 7.971034e-01 2.810805e-01
    outer loop
      vertex   -1.568656e-01 9.081741e+01 7.868171e+00
      vertex   -3.070096e-01 9.060688e+01 8.179725e+00
      vertex   -7.509510e-02 9.077383e+01 8.147241e+00
    endloop
  endfacet
  facet normal -3.768093e-01 8.919963e-01 2.497145e-01
    outer loop
      vertex   -1.568656e-01 9.081741e+01 7.868171e+00
      vertex   -7.509510e-02 9.077383e+01 8.147241e+00
      vertex   7.869234e-02 9.093363e+01 7.808498e+00
    endloop
  endfacet
  facet normal -3.768093e-01 8.919963e-01 2.497145e-01
    outer loop
      vertex   7.869234e-02 9.093363e+01 7.808498e+00
      vertex   -7.509510e-02 9.077383e+01 8.147241e+00
      vertex   1.764110e-01 9.089791e+01 8.083529e+00
    endloop
  endfacet
  facet normal -2.095776e-01 9.573720e-01 1.987865e-01
    outer loop
      vertex   7.869234e-02 9.093363e+01 7.808498e+00
      vertex   1.764110e-01 9.089791e+01 8.083529e+00
      vertex   3.234959e-01 9.100520e+01 7.721884e+00
    endloop
  endfacet
  facet normal -2.095776e-01 9.573720e-01 1.987865e-01
    outer loop
      vertex   3.234959e-01 9.100520e+01 7.721884e+00
      vertex   1.764110e-01 9.089791e+01 8.083529e+00
      vertex   4.377887e-01 9.097433e+01 7.991050e+00
    endloop
  endfacet
  facet normal -6.234133e-01 6.234133e-01 4.719234e-01
    outer loop
      vertex   -5.103697e-01 9.040352e+01 8.179725e+00
      vertex   -4.147921e-01 9.030287e+01 8.438953e+00
      vertex   -3.070096e-01 9.060688e+01 8.179725e+00
    endloop
  endfacet
  facet normal -6.234133e-01 6.234133e-01 4.719234e-01
    outer loop
      vertex   -3.070096e-01 9.060688e+01 8.179725e+00
      vertex   -4.147921e-01 9.030287e+01 8.438953e+00
      vertex   -2.063518e-01 9.051131e+01 8.438953e+00
    endloop
  endfacet
  facet normal -4.750693e-01 7.496159e-01 4.608526e-01
    outer loop
      vertex   -3.070096e-01 9.060688e+01 8.179725e+00
      vertex   -2.063518e-01 9.051131e+01 8.438953e+00
      vertex   -7.509510e-02 9.077383e+01 8.147241e+00
    endloop
  endfacet
  facet normal -4.750693e-01 7.496159e-01 4.608526e-01
    outer loop
      vertex   -7.509510e-02 9.077383e+01 8.147241e+00
      vertex   -2.063518e-01 9.051131e+01 8.438953e+00
      vertex   3.135620e-02 9.068242e+01 8.405658e+00
    endloop
  endfacet
  facet normal -3.103169e-01 8.487997e-01 4.280683e-01
    outer loop
      vertex   -7.509510e-02 9.077383e+01 8.147241e+00
      vertex   3.135620e-02 9.068242e+01 8.405658e+00
      vertex   1.764110e-01 9.089791e+01 8.083529e+00
    endloop
  endfacet
  facet normal -3.103169e-01 8.487997e-01 4.280683e-01
    outer loop
      vertex   1.764110e-01 9.089791e+01 8.083529e+00
      vertex   3.135620e-02 9.068242e+01 8.405658e+00
      vertex   2.891452e-01 9.080960e+01 8.340354e+00
    endloop
  endfacet
  facet normal -1.355232e-01 9.171316e-01 3.748375e-01
    outer loop
      vertex   1.764110e-01 9.089791e+01 8.083529e+00
      vertex   2.891452e-01 9.080960e+01 8.340354e+00
      vertex   4.377887e-01 9.097433e+01 7.991050e+00
    endloop
  endfacet
  facet normal -1.355232e-01 9.171316e-01 3.748375e-01
    outer loop
      vertex   4.377887e-01 9.097433e+01 7.991050e+00
      vertex   2.891452e-01 9.080960e+01 8.340354e+00
      vertex   5.570525e-01 9.088793e+01 8.245565e+00
    endloop
  endfacet
  facet normal -5.467562e-01 5.467562e-01 6.341256e-01
    outer loop
      vertex   -4.147921e-01 9.030287e+01 8.438953e+00
      vertex   -2.814793e-01 9.017248e+01 8.666317e+00
      vertex   -2.063518e-01 9.051131e+01 8.438953e+00
    endloop
  endfacet
  facet normal -5.467562e-01 5.467562e-01 6.341256e-01
    outer loop
      vertex   -2.063518e-01 9.051131e+01 8.438953e+00
      vertex   -2.814793e-01 9.017248e+01 8.666317e+00
      vertex   -7.596906e-02 9.037799e+01 8.666317e+00
    endloop
  endfacet
  facet normal -3.976451e-01 6.736114e-01 6.229976e-01
    outer loop
      vertex   -2.063518e-01 9.051131e+01 8.438953e+00
      vertex   -7.596906e-02 9.037799e+01 8.666317e+00
      vertex   3.135620e-02 9.068242e+01 8.405658e+00
    endloop
  endfacet
  facet normal -3.976451e-01 6.736114e-01 6.229976e-01
    outer loop
      vertex   3.135620e-02 9.068242e+01 8.405658e+00
      vertex   -7.596906e-02 9.037799e+01 8.666317e+00
      vertex   1.583975e-01 9.054670e+01 8.633490e+00
    endloop
  endfacet
  facet normal -2.320407e-01 7.733081e-01 5.900438e-01
    outer loop
      vertex   3.135620e-02 9.068242e+01 8.405658e+00
      vertex   1.583975e-01 9.054670e+01 8.633490e+00
      vertex   2.891452e-01 9.080960e+01 8.340354e+00
    endloop
  endfacet
  facet normal -4.492598e-01 4.492598e-01 7.722249e-01
    outer loop
      vertex   -2.814793e-01 9.017248e+01 8.666317e+00
      vertex   -1.155545e-01 9.001739e+01 8.853079e+00
      vertex   -7.596906e-02 9.037799e+01 8.666317e+00
    endloop
  endfacet
  facet normal -4.492598e-01 4.492598e-01 7.722249e-01
    outer loop
      vertex   -7.596906e-02 9.037799e+01 8.666317e+00
      vertex   -1.155545e-01 9.001739e+01 8.853079e+00
      vertex   7.912809e-02 9.021207e+01 8.853079e+00
    endloop
  endfacet
  facet normal -3.050591e-01 5.719375e-01 7.614634e-01
    outer loop
      vertex   -7.596906e-02 9.037799e+01 8.666317e+00
      vertex   7.912809e-02 9.021207e+01 8.853079e+00
      vertex   1.583975e-01 9.054670e+01 8.633490e+00
    endloop
  endfacet
  facet normal -3.345378e-01 3.345378e-01 8.810045e-01
    outer loop
      vertex   -1.155545e-01 9.001739e+01 8.853079e+00
      vertex   7.660605e-02 8.984353e+01 8.992062e+00
      vertex   7.912809e-02 9.021207e+01 8.853079e+00
    endloop
  endfacet
  facet normal -2.007515e-01 4.483554e-01 8.710202e-01
    outer loop
      vertex   4.541177e-01 9.016470e+01 8.963889e+00
      vertex   3.011466e-01 9.037189e+01 8.821981e+00
      vertex   2.529794e-01 9.001991e+01 8.992062e+00
    endloop
  endfacet
  facet normal -9.171316e-01 1.355232e-01 3.748375e-01
    outer loop
      vertex   -7.914190e-01 8.953946e+01 8.245565e+00
      vertex   -7.130899e-01 8.980737e+01 8.340354e+00
      vertex   -8.013973e-01 8.992010e+01 8.083529e+00
    endloop
  endfacet
  facet normal -9.573720e-01 2.095776e-01 1.987865e-01
    outer loop
      vertex   -9.086867e-01 8.977302e+01 7.721884e+00
      vertex   -8.778174e-01 8.965872e+01 7.991050e+00
      vertex   -8.371124e-01 9.001782e+01 7.808498e+00
    endloop
  endfacet
  facet normal -9.573720e-01 2.095776e-01 1.987865e-01
    outer loop
      vertex   -8.371124e-01 9.001782e+01 7.808498e+00
      vertex   -8.778174e-01 8.965872e+01 7.991050e+00
      vertex   -8.013973e-01 8.992010e+01 8.083529e+00
    endloop
  endfacet
  facet normal -9.171316e-01 1.355232e-01 3.748375e-01
    outer loop
      vertex   -8.778174e-01 8.965872e+01 7.991050e+00
      vertex   -7.914190e-01 8.953946e+01 8.245565e+00
      vertex   -8.013973e-01 8.992010e+01 8.083529e+00
    endloop
  endfacet
  facet normal -9.801714e-02 9.951847e-01 0.000000e+00
    outer loop
      vertex   5.671424e-01 9.102937e+01 1.859790e+00
      vertex   2.745069e-01 9.100055e+01 1.859790e+00
      vertex   5.671424e-01 9.102937e+01 2.632686e+00
    endloop
  endfacet
  facet normal -1.002087e-01 9.949661e-01 8.379414e-04
    outer loop
      vertex   5.671424e-01 9.102937e+01 2.632686e+00
      vertex   2.745069e-01 9.100055e+01 1.859790e+00
      vertex   2.679820e-01 9.099924e+01 2.638458e+00
    endloop
  endfacet
  facet normal -2.902846e-01 9.569400e-01 -8.189306e-04
    outer loop
      vertex   2.679820e-01 9.099924e+01 2.638458e+00
      vertex   2.745069e-01 9.100055e+01 1.859790e+00
      vertex   -6.882743e-03 9.091519e+01 1.859790e+00
    endloop
  endfacet
  facet normal -2.965599e-01 9.550129e-01 1.604206e-03
    outer loop
      vertex   2.679820e-01 9.099924e+01 2.638458e+00
      vertex   -6.882743e-03 9.091519e+01 1.859790e+00
      vertex   -1.915810e-02 9.091004e+01 2.655545e+00
    endloop
  endfacet
  facet normal -4.713962e-01 8.819202e-01 -1.565743e-03
    outer loop
      vertex   -1.915810e-02 9.091004e+01 2.655545e+00
      vertex   -6.882743e-03 9.091519e+01 1.859790e+00
      vertex   -2.662129e-01 9.077658e+01 1.859790e+00
    endloop
  endfacet
  facet normal -4.809655e-01 8.767366e-01 2.274622e-03
    outer loop
      vertex   -1.915810e-02 9.091004e+01 2.655545e+00
      vertex   -2.662129e-01 9.077658e+01 1.859790e+00
      vertex   -2.827407e-01 9.076537e+01 2.683258e+00
    endloop
  endfacet
  facet normal -6.343917e-01 7.730086e-01 -2.215998e-03
    outer loop
      vertex   -2.827407e-01 9.076537e+01 2.683258e+00
      vertex   -2.662129e-01 9.077658e+01 1.859790e+00
      vertex   -4.935178e-01 9.059003e+01 1.859790e+00
    endloop
  endfacet
  facet normal -6.460504e-01 7.632895e-01 2.837670e-03
    outer loop
      vertex   -2.827407e-01 9.076537e+01 2.683258e+00
      vertex   -4.935178e-01 9.059003e+01 1.859790e+00
      vertex   -5.121749e-01 9.057104e+01 2.720484e+00
    endloop
  endfacet
  facet normal -7.730075e-01 6.343909e-01 -2.758506e-03
    outer loop
      vertex   -5.121749e-01 9.057104e+01 2.720484e+00
      vertex   -4.935178e-01 9.059003e+01 1.859790e+00
      vertex   -6.800620e-01 9.036273e+01 1.859790e+00
    endloop
  endfacet
  facet normal -7.852114e-01 6.192190e-01 3.294031e-03
    outer loop
      vertex   -5.121749e-01 9.057104e+01 2.720484e+00
      vertex   -6.800620e-01 9.036273e+01 1.859790e+00
      vertex   -6.982421e-01 9.033485e+01 2.765729e+00
    endloop
  endfacet
  facet normal -8.819168e-01 4.713943e-01 -3.194720e-03
    outer loop
      vertex   -6.982421e-01 9.033485e+01 2.765729e+00
      vertex   -6.800620e-01 9.036273e+01 1.859790e+00
      vertex   -8.186769e-01 9.010340e+01 1.859790e+00
    endloop
  endfacet
  facet normal -8.928743e-01 4.502911e-01 3.653602e-03
    outer loop
      vertex   -6.982421e-01 9.033485e+01 2.765729e+00
      vertex   -8.186769e-01 9.010340e+01 1.859790e+00
      vertex   -8.334662e-01 9.006630e+01 2.817173e+00
    endloop
  endfacet
  facet normal -9.344820e-01 3.560097e-01 -6.420378e-04
    outer loop
      vertex   -8.334662e-01 9.006630e+01 2.817173e+00
      vertex   -8.186769e-01 9.010340e+01 1.859790e+00
      vertex   -8.356897e-01 9.006047e+01 2.817173e+00
    endloop
  endfacet
  facet normal -9.359561e-01 3.521156e-01 -8.428482e-04
    outer loop
      vertex   -8.356897e-01 9.006047e+01 2.817173e+00
      vertex   -8.186769e-01 9.010340e+01 1.859790e+00
      vertex   -8.378889e-01 9.005462e+01 2.817173e+00
    endloop
  endfacet
  facet normal -9.374140e-01 3.482153e-01 -1.070807e-03
    outer loop
      vertex   -8.378889e-01 9.005462e+01 2.817173e+00
      vertex   -8.186769e-01 9.010340e+01 1.859790e+00
      vertex   -8.400637e-01 9.004877e+01 2.817173e+00
    endloop
  endfacet
  facet normal -9.569293e-01 2.902813e-01 -4.812600e-03
    outer loop
      vertex   -8.400637e-01 9.004877e+01 2.817173e+00
      vertex   -8.186769e-01 9.010340e+01 1.859790e+00
      vertex   -9.040355e-01 8.982201e+01 1.859790e+00
    endloop
  endfacet
  facet normal -9.624341e-01 2.715154e-01 0.000000e+00
    outer loop
      vertex   -8.400637e-01 9.004877e+01 2.817173e+00
      vertex   -9.040355e-01 8.982201e+01 1.859790e+00
      vertex   -8.400637e-01 9.004877e+01 4.380454e+00
    endloop
  endfacet
  facet normal -9.624341e-01 2.715154e-01 8.568009e-16
    outer loop
      vertex   -8.400637e-01 9.004877e+01 4.380454e+00
      vertex   -9.040355e-01 8.982201e+01 1.859790e+00
      vertex   -9.040355e-01 8.982201e+01 7.609790e+00
    endloop
  endfacet
  facet normal -9.569394e-01 2.902844e-01 1.426778e-03
    outer loop
      vertex   -8.400637e-01 9.004877e+01 4.380454e+00
      vertex   -9.040355e-01 8.982201e+01 7.609790e+00
      vertex   -8.186769e-01 9.010340e+01 7.609790e+00
    endloop
  endfacet
  facet normal -9.951847e-01 9.801714e-02 0.000000e+00
    outer loop
      vertex   -9.328576e-01 8.952937e+01 1.859790e+00
      vertex   -9.328576e-01 8.952937e+01 7.609790e+00
      vertex   -9.040355e-01 8.982201e+01 1.859790e+00
    endloop
  endfacet
  facet normal -9.951847e-01 9.801714e-02 4.343973e-16
    outer loop
      vertex   -9.040355e-01 8.982201e+01 1.859790e+00
      vertex   -9.328576e-01 8.952937e+01 7.609790e+00
      vertex   -9.040355e-01 8.982201e+01 7.609790e+00
    endloop
  endfacet
  facet normal -9.045257e-01 4.264173e-01 -1.223288e-03
    outer loop
      vertex   -8.400637e-01 9.004877e+01 4.380454e+00
      vertex   -8.186769e-01 9.010340e+01 7.609790e+00
      vertex   -7.289808e-01 9.028440e+01 4.380454e+00
    endloop
  endfacet
  facet normal -8.819196e-01 4.713959e-01 1.925605e-03
    outer loop
      vertex   -7.289808e-01 9.028440e+01 4.380454e+00
      vertex   -8.186769e-01 9.010340e+01 7.609790e+00
      vertex   -6.800620e-01 9.036273e+01 7.609790e+00
    endloop
  endfacet
  facet normal -8.171092e-01 5.764806e-01 -1.605043e-03
    outer loop
      vertex   -7.289808e-01 9.028440e+01 4.380454e+00
      vertex   -6.800620e-01 9.036273e+01 7.609790e+00
      vertex   -5.788060e-01 9.049726e+01 4.380454e+00
    endloop
  endfacet
  facet normal -7.730086e-01 6.343918e-01 2.190240e-03
    outer loop
      vertex   -5.788060e-01 9.049726e+01 4.380454e+00
      vertex   -6.800620e-01 9.036273e+01 7.609790e+00
      vertex   -4.935178e-01 9.059003e+01 7.609790e+00
    endloop
  endfacet
  facet normal -7.050485e-01 7.091569e-01 -1.752525e-03
    outer loop
      vertex   -5.788060e-01 9.049726e+01 4.380454e+00
      vertex   -4.935178e-01 9.059003e+01 7.609790e+00
      vertex   -3.940685e-01 9.068092e+01 4.380454e+00
    endloop
  endfacet
  facet normal -6.343917e-01 7.730085e-01 2.220549e-03
    outer loop
      vertex   -3.940685e-01 9.068092e+01 4.380454e+00
      vertex   -4.935178e-01 9.059003e+01 7.609790e+00
      vertex   -2.662129e-01 9.077658e+01 7.609790e+00
    endloop
  endfacet
  facet normal -5.717233e-01 8.204448e-01 -1.665659e-03
    outer loop
      vertex   -3.940685e-01 9.068092e+01 4.380454e+00
      vertex   -2.662129e-01 9.077658e+01 7.609790e+00
      vertex   -1.803403e-01 9.082986e+01 4.380454e+00
    endloop
  endfacet
  facet normal -4.713958e-01 8.819195e-01 2.016519e-03
    outer loop
      vertex   -1.803403e-01 9.082986e+01 4.380454e+00
      vertex   -2.662129e-01 9.077658e+01 7.609790e+00
      vertex   -6.882743e-03 9.091519e+01 7.609790e+00
    endloop
  endfacet
  facet normal -4.211546e-01 9.069879e-01 -1.344489e-03
    outer loop
      vertex   -1.803403e-01 9.082986e+01 4.380454e+00
      vertex   -6.882743e-03 9.091519e+01 7.609790e+00
      vertex   5.593257e-02 9.093957e+01 4.380454e+00
    endloop
  endfacet
  facet normal -2.902843e-01 9.569391e-01 1.578251e-03
    outer loop
      vertex   5.593257e-02 9.093957e+01 4.380454e+00
      vertex   -6.882743e-03 9.091519e+01 7.609790e+00
      vertex   2.745069e-01 9.100055e+01 7.609790e+00
    endloop
  endfacet
  facet normal -2.578835e-01 9.661757e-01 -7.891762e-04
    outer loop
      vertex   5.593257e-02 9.093957e+01 4.380454e+00
      vertex   2.745069e-01 9.100055e+01 7.609790e+00
      vertex   3.076239e-01 9.100675e+01 4.380454e+00
    endloop
  endfacet
  facet normal -9.801710e-02 9.951843e-01 9.059654e-04
    outer loop
      vertex   3.076239e-01 9.100675e+01 4.380454e+00
      vertex   2.745069e-01 9.100055e+01 7.609790e+00
      vertex   5.671424e-01 9.102937e+01 7.609790e+00
    endloop
  endfacet
  facet normal -8.683417e-02 9.962228e-01 -1.694414e-19
    outer loop
      vertex   3.076239e-01 9.100675e+01 4.380454e+00
      vertex   5.671424e-01 9.102937e+01 7.609790e+00
      vertex   5.671424e-01 9.102937e+01 4.380454e+00
    endloop
  endfacet
  facet normal -9.951847e-01 -2.785767e-16 9.801714e-02
    outer loop
      vertex   -9.040355e-01 6.020379e+01 7.902426e+00
      vertex   -9.040355e-01 6.606891e+01 7.902426e+00
      vertex   -9.328576e-01 6.020379e+01 7.609790e+00
    endloop
  endfacet
  facet normal -9.951847e-01 2.827114e-16 9.801714e-02
    outer loop
      vertex   -9.328576e-01 6.020379e+01 7.609790e+00
      vertex   -9.040355e-01 6.606891e+01 7.902426e+00
      vertex   -9.040355e-01 7.193402e+01 7.902426e+00
    endloop
  endfacet
  facet normal -9.951847e-01 2.977288e-16 9.801714e-02
    outer loop
      vertex   -9.328576e-01 6.020379e+01 7.609790e+00
      vertex   -9.040355e-01 7.193402e+01 7.902426e+00
      vertex   -9.040355e-01 7.779914e+01 7.902426e+00
    endloop
  endfacet
  facet normal -9.569403e-01 3.156716e-16 2.902847e-01
    outer loop
      vertex   -9.040355e-01 7.779914e+01 7.902426e+00
      vertex   -9.040355e-01 7.193402e+01 7.902426e+00
      vertex   -8.186769e-01 7.779914e+01 8.183815e+00
    endloop
  endfacet
  facet normal -9.569403e-01 3.771524e-16 2.902847e-01
    outer loop
      vertex   -9.040355e-01 7.779914e+01 7.902426e+00
      vertex   -8.186769e-01 7.779914e+01 8.183815e+00
      vertex   -8.186769e-01 8.366426e+01 8.183815e+00
    endloop
  endfacet
  facet normal -8.819213e-01 4.098770e-16 4.713967e-01
    outer loop
      vertex   -8.186769e-01 8.366426e+01 8.183815e+00
      vertex   -8.186769e-01 7.779914e+01 8.183815e+00
      vertex   -6.800620e-01 8.366426e+01 8.443146e+00
    endloop
  endfacet
  facet normal -8.819213e-01 2.328612e-16 4.713967e-01
    outer loop
      vertex   -8.186769e-01 8.366426e+01 8.183815e+00
      vertex   -6.800620e-01 8.366426e+01 8.443146e+00
      vertex   -6.800620e-01 8.952937e+01 8.443146e+00
    endloop
  endfacet
  facet normal -7.730105e-01 2.048552e-16 6.343933e-01
    outer loop
      vertex   -6.800620e-01 8.952937e+01 8.443146e+00
      vertex   -6.800620e-01 8.366426e+01 8.443146e+00
      vertex   -4.935178e-01 8.952937e+01 8.670450e+00
    endloop
  endfacet
  facet normal -7.730105e-01 2.268040e-16 6.343933e-01
    outer loop
      vertex   -4.935178e-01 8.952937e+01 8.670450e+00
      vertex   -6.800620e-01 8.366426e+01 8.443146e+00
      vertex   -4.935178e-01 8.366426e+01 8.670450e+00
    endloop
  endfacet
  facet normal -6.343933e-01 1.861332e-16 7.730105e-01
    outer loop
      vertex   -4.935178e-01 8.952937e+01 8.670450e+00
      vertex   -4.935178e-01 8.366426e+01 8.670450e+00
      vertex   -2.662129e-01 8.952937e+01 8.856995e+00
    endloop
  endfacet
  facet normal -6.343933e-01 1.441032e-16 7.730105e-01
    outer loop
      vertex   -2.662129e-01 8.952937e+01 8.856995e+00
      vertex   -4.935178e-01 8.366426e+01 8.670450e+00
      vertex   -2.662129e-01 8.366426e+01 8.856995e+00
    endloop
  endfacet
  facet normal -4.713967e-01 1.070783e-16 8.819213e-01
    outer loop
      vertex   -2.662129e-01 8.952937e+01 8.856995e+00
      vertex   -2.662129e-01 8.366426e+01 8.856995e+00
      vertex   -6.882743e-03 8.952937e+01 8.995610e+00
    endloop
  endfacet
  facet normal -4.713967e-01 3.559892e-16 8.819213e-01
    outer loop
      vertex   -6.882743e-03 8.952937e+01 8.995610e+00
      vertex   -2.662129e-01 8.366426e+01 8.856995e+00
      vertex   -6.882743e-03 8.366426e+01 8.995610e+00
    endloop
  endfacet
  facet normal -2.902847e-01 3.445609e-16 9.569403e-01
    outer loop
      vertex   -6.882743e-03 8.952937e+01 8.995610e+00
      vertex   -6.882743e-03 8.366426e+01 8.995610e+00
      vertex   2.745069e-01 8.952937e+01 9.080968e+00
    endloop
  endfacet
  facet normal -2.902847e-01 4.121156e-17 9.569403e-01
    outer loop
      vertex   2.745069e-01 8.952937e+01 9.080968e+00
      vertex   -6.882743e-03 8.366426e+01 8.995610e+00
      vertex   2.745069e-01 8.366426e+01 9.080968e+00
    endloop
  endfacet
  facet normal -9.801714e-02 1.391544e-17 9.951847e-01
    outer loop
      vertex   2.745069e-01 8.952937e+01 9.080968e+00
      vertex   2.745069e-01 8.366426e+01 9.080968e+00
      vertex   5.671424e-01 8.952937e+01 9.109790e+00
    endloop
  endfacet
  facet normal -9.801714e-02 1.958324e-17 9.951847e-01
    outer loop
      vertex   5.671424e-01 8.952937e+01 9.109790e+00
      vertex   2.745069e-01 8.366426e+01 9.080968e+00
      vertex   2.745069e-01 7.779914e+01 9.080968e+00
    endloop
  endfacet
  facet normal -9.801714e-02 2.366461e-17 9.951847e-01
    outer loop
      vertex   5.671424e-01 8.952937e+01 9.109790e+00
      vertex   2.745069e-01 7.779914e+01 9.080968e+00
      vertex   2.745069e-01 7.193402e+01 9.080968e+00
    endloop
  endfacet
  facet normal -2.902847e-01 6.868593e-17 9.569403e-01
    outer loop
      vertex   2.745069e-01 7.193402e+01 9.080968e+00
      vertex   2.745069e-01 7.779914e+01 9.080968e+00
      vertex   -6.882743e-03 7.193402e+01 8.995610e+00
    endloop
  endfacet
  facet normal -2.902847e-01 4.892596e-17 9.569403e-01
    outer loop
      vertex   2.745069e-01 7.193402e+01 9.080968e+00
      vertex   -6.882743e-03 7.193402e+01 8.995610e+00
      vertex   -6.882743e-03 6.606891e+01 8.995610e+00
    endloop
  endfacet
  facet normal -4.713967e-01 8.121499e-17 8.819213e-01
    outer loop
      vertex   -6.882743e-03 6.606891e+01 8.995610e+00
      vertex   -6.882743e-03 7.193402e+01 8.995610e+00
      vertex   -2.662129e-01 6.606891e+01 8.856995e+00
    endloop
  endfacet
  facet normal -4.713967e-01 -2.819973e-16 8.819213e-01
    outer loop
      vertex   -6.882743e-03 6.606891e+01 8.995610e+00
      vertex   -2.662129e-01 6.606891e+01 8.856995e+00
      vertex   -2.662129e-01 6.020379e+01 8.856995e+00
    endloop
  endfacet
  facet normal -6.343933e-01 -2.521332e-16 7.730105e-01
    outer loop
      vertex   -2.662129e-01 6.020379e+01 8.856995e+00
      vertex   -2.662129e-01 6.606891e+01 8.856995e+00
      vertex   -4.935178e-01 6.020379e+01 8.670450e+00
    endloop
  endfacet
  facet normal -6.343933e-01 -7.805587e-17 7.730105e-01
    outer loop
      vertex   -4.935178e-01 6.020379e+01 8.670450e+00
      vertex   -2.662129e-01 6.606891e+01 8.856995e+00
      vertex   -4.935178e-01 6.606891e+01 8.670450e+00
    endloop
  endfacet
  facet normal -7.730105e-01 -9.511136e-17 6.343933e-01
    outer loop
      vertex   -4.935178e-01 6.020379e+01 8.670450e+00
      vertex   -4.935178e-01 6.606891e+01 8.670450e+00
      vertex   -6.800620e-01 6.020379e+01 8.443146e+00
    endloop
  endfacet
  facet normal -7.730105e-01 -8.779510e-17 6.343933e-01
    outer loop
      vertex   -6.800620e-01 6.020379e+01 8.443146e+00
      vertex   -4.935178e-01 6.606891e+01 8.670450e+00
      vertex   -6.800620e-01 6.606891e+01 8.443146e+00
    endloop
  endfacet
  facet normal -8.819213e-01 -1.001647e-16 4.713967e-01
    outer loop
      vertex   -6.800620e-01 6.020379e+01 8.443146e+00
      vertex   -6.800620e-01 6.606891e+01 8.443146e+00
      vertex   -8.186769e-01 6.020379e+01 8.183815e+00
    endloop
  endfacet
  facet normal -8.819213e-01 -2.930181e-16 4.713967e-01
    outer loop
      vertex   -8.186769e-01 6.020379e+01 8.183815e+00
      vertex   -6.800620e-01 6.606891e+01 8.443146e+00
      vertex   -8.186769e-01 6.606891e+01 8.183815e+00
    endloop
  endfacet
  facet normal -9.569403e-01 -2.509455e-16 2.902847e-01
    outer loop
      vertex   -8.186769e-01 6.020379e+01 8.183815e+00
      vertex   -8.186769e-01 6.606891e+01 8.183815e+00
      vertex   -9.040355e-01 6.020379e+01 7.902426e+00
    endloop
  endfacet
  facet normal -9.569403e-01 -2.975574e-16 2.902847e-01
    outer loop
      vertex   -9.040355e-01 6.020379e+01 7.902426e+00
      vertex   -8.186769e-01 6.606891e+01 8.183815e+00
      vertex   -9.040355e-01 6.606891e+01 7.902426e+00
    endloop
  endfacet
  facet normal -4.713967e-01 -2.538337e-16 8.819213e-01
    outer loop
      vertex   -2.662129e-01 6.020379e+01 8.856995e+00
      vertex   -6.882743e-03 6.020379e+01 8.995610e+00
      vertex   -6.882743e-03 6.606891e+01 8.995610e+00
    endloop
  endfacet
  facet normal -2.902847e-01 -2.816703e-16 9.569403e-01
    outer loop
      vertex   -6.882743e-03 6.606891e+01 8.995610e+00
      vertex   -6.882743e-03 6.020379e+01 8.995610e+00
      vertex   2.745069e-01 6.606891e+01 9.080968e+00
    endloop
  endfacet
  facet normal -2.902847e-01 4.490259e-17 9.569403e-01
    outer loop
      vertex   -6.882743e-03 6.606891e+01 8.995610e+00
      vertex   2.745069e-01 6.606891e+01 9.080968e+00
      vertex   2.745069e-01 7.193402e+01 9.080968e+00
    endloop
  endfacet
  facet normal -9.801714e-02 1.484314e-17 9.951847e-01
    outer loop
      vertex   2.745069e-01 7.193402e+01 9.080968e+00
      vertex   2.745069e-01 6.606891e+01 9.080968e+00
      vertex   5.671424e-01 6.020379e+01 9.109790e+00
    endloop
  endfacet
  facet normal -9.801714e-02 2.223460e-17 9.951847e-01
    outer loop
      vertex   2.745069e-01 7.193402e+01 9.080968e+00
      vertex   5.671424e-01 6.020379e+01 9.109790e+00
      vertex   5.671424e-01 8.952937e+01 9.109790e+00
    endloop
  endfacet
  facet normal -2.902847e-01 -2.704386e-16 9.569403e-01
    outer loop
      vertex   -6.882743e-03 6.020379e+01 8.995610e+00
      vertex   2.745069e-01 6.020379e+01 9.080968e+00
      vertex   2.745069e-01 6.606891e+01 9.080968e+00
    endloop
  endfacet
  facet normal -9.801714e-02 -2.949159e-16 9.951847e-01
    outer loop
      vertex   2.745069e-01 6.606891e+01 9.080968e+00
      vertex   2.745069e-01 6.020379e+01 9.080968e+00
      vertex   5.671424e-01 6.020379e+01 9.109790e+00
    endloop
  endfacet
  facet normal -8.819213e-01 2.690715e-16 4.713967e-01
    outer loop
      vertex   -6.800620e-01 8.952937e+01 8.443146e+00
      vertex   -8.186769e-01 8.952937e+01 8.183815e+00
      vertex   -8.186769e-01 8.366426e+01 8.183815e+00
    endloop
  endfacet
  facet normal -9.569403e-01 2.898268e-16 2.902847e-01
    outer loop
      vertex   -8.186769e-01 8.366426e+01 8.183815e+00
      vertex   -8.186769e-01 8.952937e+01 8.183815e+00
      vertex   -9.040355e-01 8.366426e+01 7.902426e+00
    endloop
  endfacet
  facet normal -9.569403e-01 2.530240e-16 2.902847e-01
    outer loop
      vertex   -8.186769e-01 8.366426e+01 8.183815e+00
      vertex   -9.040355e-01 8.366426e+01 7.902426e+00
      vertex   -9.040355e-01 7.779914e+01 7.902426e+00
    endloop
  endfacet
  facet normal -9.951847e-01 2.637336e-16 9.801714e-02
    outer loop
      vertex   -9.040355e-01 7.779914e+01 7.902426e+00
      vertex   -9.040355e-01 8.366426e+01 7.902426e+00
      vertex   -9.328576e-01 8.952937e+01 7.609790e+00
    endloop
  endfacet
  facet normal -9.951847e-01 8.288637e-16 9.801714e-02
    outer loop
      vertex   -9.040355e-01 7.779914e+01 7.902426e+00
      vertex   -9.328576e-01 8.952937e+01 7.609790e+00
      vertex   -9.328576e-01 6.020379e+01 7.609790e+00
    endloop
  endfacet
  facet normal -9.569403e-01 3.616731e-16 2.902847e-01
    outer loop
      vertex   -8.186769e-01 8.952937e+01 8.183815e+00
      vertex   -9.040355e-01 8.952937e+01 7.902426e+00
      vertex   -9.040355e-01 8.366426e+01 7.902426e+00
    endloop
  endfacet
  facet normal -9.951847e-01 3.767622e-16 9.801714e-02
    outer loop
      vertex   -9.040355e-01 8.366426e+01 7.902426e+00
      vertex   -9.040355e-01 8.952937e+01 7.902426e+00
      vertex   -9.328576e-01 8.952937e+01 7.609790e+00
    endloop
  endfacet
  facet normal -9.569403e-01 2.717126e-16 2.902847e-01
    outer loop
      vertex   -9.040355e-01 7.193402e+01 7.902426e+00
      vertex   -9.040355e-01 6.606891e+01 7.902426e+00
      vertex   -8.186769e-01 7.193402e+01 8.183815e+00
    endloop
  endfacet
  facet normal -9.569403e-01 2.354843e-16 2.902847e-01
    outer loop
      vertex   -8.186769e-01 7.193402e+01 8.183815e+00
      vertex   -9.040355e-01 6.606891e+01 7.902426e+00
      vertex   -8.186769e-01 6.606891e+01 8.183815e+00
    endloop
  endfacet
  facet normal -8.819213e-01 2.170235e-16 4.713967e-01
    outer loop
      vertex   -8.186769e-01 7.193402e+01 8.183815e+00
      vertex   -8.186769e-01 6.606891e+01 8.183815e+00
      vertex   -6.800620e-01 7.193402e+01 8.443146e+00
    endloop
  endfacet
  facet normal -8.819213e-01 2.337176e-16 4.713967e-01
    outer loop
      vertex   -6.800620e-01 7.193402e+01 8.443146e+00
      vertex   -8.186769e-01 6.606891e+01 8.183815e+00
      vertex   -6.800620e-01 6.606891e+01 8.443146e+00
    endloop
  endfacet
  facet normal -7.730105e-01 2.048552e-16 6.343933e-01
    outer loop
      vertex   -6.800620e-01 7.193402e+01 8.443146e+00
      vertex   -6.800620e-01 6.606891e+01 8.443146e+00
      vertex   -4.935178e-01 7.193402e+01 8.670450e+00
    endloop
  endfacet
  facet normal -7.730105e-01 1.902227e-16 6.343933e-01
    outer loop
      vertex   -4.935178e-01 7.193402e+01 8.670450e+00
      vertex   -6.800620e-01 6.606891e+01 8.443146e+00
      vertex   -4.935178e-01 6.606891e+01 8.670450e+00
    endloop
  endfacet
  facet normal -6.343933e-01 1.561117e-16 7.730105e-01
    outer loop
      vertex   -4.935178e-01 7.193402e+01 8.670450e+00
      vertex   -4.935178e-01 6.606891e+01 8.670450e+00
      vertex   -2.662129e-01 7.193402e+01 8.856995e+00
    endloop
  endfacet
  facet normal -6.343933e-01 3.902320e-16 7.730105e-01
    outer loop
      vertex   -2.662129e-01 7.193402e+01 8.856995e+00
      vertex   -4.935178e-01 6.606891e+01 8.670450e+00
      vertex   -2.662129e-01 6.606891e+01 8.856995e+00
    endloop
  endfacet
  facet normal -4.713967e-01 3.831074e-16 8.819213e-01
    outer loop
      vertex   -2.662129e-01 7.193402e+01 8.856995e+00
      vertex   -2.662129e-01 6.606891e+01 8.856995e+00
      vertex   -6.882743e-03 7.193402e+01 8.995610e+00
    endloop
  endfacet
  facet normal -9.569403e-01 2.165065e-16 2.902847e-01
    outer loop
      vertex   -9.040355e-01 7.193402e+01 7.902426e+00
      vertex   -8.186769e-01 7.193402e+01 8.183815e+00
      vertex   -8.186769e-01 7.779914e+01 8.183815e+00
    endloop
  endfacet
  facet normal -8.819213e-01 2.003294e-16 4.713967e-01
    outer loop
      vertex   -8.186769e-01 7.779914e+01 8.183815e+00
      vertex   -8.186769e-01 7.193402e+01 8.183815e+00
      vertex   -6.800620e-01 7.779914e+01 8.443146e+00
    endloop
  endfacet
  facet normal -8.819213e-01 2.522263e-16 4.713967e-01
    outer loop
      vertex   -8.186769e-01 7.779914e+01 8.183815e+00
      vertex   -6.800620e-01 7.779914e+01 8.443146e+00
      vertex   -6.800620e-01 8.366426e+01 8.443146e+00
    endloop
  endfacet
  facet normal -7.730105e-01 2.194877e-16 6.343933e-01
    outer loop
      vertex   -6.800620e-01 8.366426e+01 8.443146e+00
      vertex   -6.800620e-01 7.779914e+01 8.443146e+00
      vertex   -4.935178e-01 8.366426e+01 8.670450e+00
    endloop
  endfacet
  facet normal -8.819213e-01 2.003294e-16 4.713967e-01
    outer loop
      vertex   -6.800620e-01 7.779914e+01 8.443146e+00
      vertex   -8.186769e-01 7.193402e+01 8.183815e+00
      vertex   -6.800620e-01 7.193402e+01 8.443146e+00
    endloop
  endfacet
  facet normal -7.730105e-01 1.755902e-16 6.343933e-01
    outer loop
      vertex   -6.800620e-01 7.779914e+01 8.443146e+00
      vertex   -6.800620e-01 7.193402e+01 8.443146e+00
      vertex   -4.935178e-01 7.779914e+01 8.670450e+00
    endloop
  endfacet
  facet normal -7.730105e-01 1.682739e-16 6.343933e-01
    outer loop
      vertex   -4.935178e-01 7.779914e+01 8.670450e+00
      vertex   -6.800620e-01 7.193402e+01 8.443146e+00
      vertex   -4.935178e-01 7.193402e+01 8.670450e+00
    endloop
  endfacet
  facet normal -6.343933e-01 1.380989e-16 7.730105e-01
    outer loop
      vertex   -4.935178e-01 7.779914e+01 8.670450e+00
      vertex   -4.935178e-01 7.193402e+01 8.670450e+00
      vertex   -2.662129e-01 7.779914e+01 8.856995e+00
    endloop
  endfacet
  facet normal -6.343933e-01 1.501074e-16 7.730105e-01
    outer loop
      vertex   -2.662129e-01 7.779914e+01 8.856995e+00
      vertex   -4.935178e-01 7.193402e+01 8.670450e+00
      vertex   -2.662129e-01 7.193402e+01 8.856995e+00
    endloop
  endfacet
  facet normal -4.713967e-01 1.115399e-16 8.819213e-01
    outer loop
      vertex   -2.662129e-01 7.779914e+01 8.856995e+00
      vertex   -2.662129e-01 7.193402e+01 8.856995e+00
      vertex   -6.882743e-03 7.779914e+01 8.995610e+00
    endloop
  endfacet
  facet normal -4.713967e-01 1.091000e-16 8.819213e-01
    outer loop
      vertex   -6.882743e-03 7.779914e+01 8.995610e+00
      vertex   -2.662129e-01 7.193402e+01 8.856995e+00
      vertex   -6.882743e-03 7.193402e+01 8.995610e+00
    endloop
  endfacet
  facet normal -2.902847e-01 6.718342e-17 9.569403e-01
    outer loop
      vertex   -6.882743e-03 7.779914e+01 8.995610e+00
      vertex   -6.882743e-03 7.193402e+01 8.995610e+00
      vertex   2.745069e-01 7.779914e+01 9.080968e+00
    endloop
  endfacet
  facet normal -6.343933e-01 1.577724e-16 7.730105e-01
    outer loop
      vertex   -2.662129e-01 8.366426e+01 8.856995e+00
      vertex   -4.935178e-01 8.366426e+01 8.670450e+00
      vertex   -4.935178e-01 7.779914e+01 8.670450e+00
    endloop
  endfacet
  facet normal -7.730105e-01 1.902227e-16 6.343933e-01
    outer loop
      vertex   -4.935178e-01 7.779914e+01 8.670450e+00
      vertex   -4.935178e-01 8.366426e+01 8.670450e+00
      vertex   -6.800620e-01 7.779914e+01 8.443146e+00
    endloop
  endfacet
  facet normal -6.343933e-01 1.260903e-16 7.730105e-01
    outer loop
      vertex   -2.662129e-01 8.366426e+01 8.856995e+00
      vertex   -4.935178e-01 7.779914e+01 8.670450e+00
      vertex   -2.662129e-01 7.779914e+01 8.856995e+00
    endloop
  endfacet
  facet normal -4.713967e-01 9.314273e-17 8.819213e-01
    outer loop
      vertex   -6.882743e-03 8.366426e+01 8.995610e+00
      vertex   -2.662129e-01 8.366426e+01 8.856995e+00
      vertex   -2.662129e-01 7.779914e+01 8.856995e+00
    endloop
  endfacet
  facet normal -4.713967e-01 9.794597e-17 8.819213e-01
    outer loop
      vertex   -6.882743e-03 8.366426e+01 8.995610e+00
      vertex   -2.662129e-01 7.779914e+01 8.856995e+00
      vertex   -6.882743e-03 7.779914e+01 8.995610e+00
    endloop
  endfacet
  facet normal -2.902847e-01 6.119164e-17 9.569403e-01
    outer loop
      vertex   2.745069e-01 8.366426e+01 9.080968e+00
      vertex   -6.882743e-03 8.366426e+01 8.995610e+00
      vertex   -6.882743e-03 7.779914e+01 8.995610e+00
    endloop
  endfacet
  facet normal -2.902847e-01 5.769618e-17 9.569403e-01
    outer loop
      vertex   2.745069e-01 8.366426e+01 9.080968e+00
      vertex   -6.882743e-03 7.779914e+01 8.995610e+00
      vertex   2.745069e-01 7.779914e+01 9.080968e+00
    endloop
  endfacet
  facet normal 9.796175e-02 3.361531e-02 9.946223e-01
    outer loop
      vertex   3.340457e+01 8.952937e+01 9.080968e+00
      vertex   3.339146e+01 8.965761e+01 9.077925e+00
      vertex   3.311194e+01 8.952937e+01 9.109790e+00
    endloop
  endfacet
  facet normal 7.767262e-02 7.767262e-02 9.939487e-01
    outer loop
      vertex   3.311194e+01 8.952937e+01 9.109790e+00
      vertex   3.339146e+01 8.965761e+01 9.077925e+00
      vertex   3.324018e+01 8.980890e+01 9.077925e+00
    endloop
  endfacet
  facet normal 3.361531e-02 9.796175e-02 9.946223e-01
    outer loop
      vertex   3.311194e+01 8.952937e+01 9.109790e+00
      vertex   3.324018e+01 8.980890e+01 9.077925e+00
      vertex   3.311194e+01 8.982201e+01 9.080968e+00
    endloop
  endfacet
  facet normal 5.231192e-02 2.898872e-01 9.556301e-01
    outer loop
      vertex   3.311194e+01 8.982201e+01 9.080968e+00
      vertex   3.324018e+01 8.980890e+01 9.077925e+00
      vertex   3.311194e+01 9.010340e+01 8.995610e+00
    endloop
  endfacet
  facet normal 9.879688e-02 3.075462e-01 9.463902e-01
    outer loop
      vertex   3.311194e+01 9.010340e+01 8.995610e+00
      vertex   3.324018e+01 8.980890e+01 9.077925e+00
      vertex   3.322496e+01 9.016470e+01 8.963889e+00
    endloop
  endfacet
  facet normal -8.166651e-03 4.713810e-01 8.818919e-01
    outer loop
      vertex   3.311194e+01 9.010340e+01 8.995610e+00
      vertex   3.322496e+01 9.016470e+01 8.963889e+00
      vertex   3.311194e+01 9.036273e+01 8.856995e+00
    endloop
  endfacet
  facet normal 9.450329e-02 5.141144e-01 8.524996e-01
    outer loop
      vertex   3.311194e+01 9.036273e+01 8.856995e+00
      vertex   3.322496e+01 9.016470e+01 8.963889e+00
      vertex   3.337793e+01 9.037189e+01 8.821981e+00
    endloop
  endfacet
  facet normal 8.573118e-02 5.871008e-01 8.049614e-01
    outer loop
      vertex   3.311194e+01 9.036273e+01 8.856995e+00
      vertex   3.337793e+01 9.037189e+01 8.821981e+00
      vertex   3.313716e+01 9.049068e+01 8.760987e+00
    endloop
  endfacet
  facet normal 1.449083e-01 6.683510e-01 7.295948e-01
    outer loop
      vertex   3.313716e+01 9.049068e+01 8.760987e+00
      vertex   3.337793e+01 9.037189e+01 8.821981e+00
      vertex   3.352068e+01 9.054670e+01 8.633490e+00
    endloop
  endfacet
  facet normal 1.449083e-01 6.683510e-01 7.295948e-01
    outer loop
      vertex   3.313716e+01 9.049068e+01 8.760987e+00
      vertex   3.352068e+01 9.054670e+01 8.633490e+00
      vertex   3.326652e+01 9.067210e+01 8.569103e+00
    endloop
  endfacet
  facet normal 2.320407e-01 7.733081e-01 5.900438e-01
    outer loop
      vertex   3.326652e+01 9.067210e+01 8.569103e+00
      vertex   3.352068e+01 9.054670e+01 8.633490e+00
      vertex   3.364772e+01 9.068242e+01 8.405658e+00
    endloop
  endfacet
  facet normal 2.320407e-01 7.733081e-01 5.900438e-01
    outer loop
      vertex   3.326652e+01 9.067210e+01 8.569103e+00
      vertex   3.364772e+01 9.068242e+01 8.405658e+00
      vertex   3.338993e+01 9.080960e+01 8.340354e+00
    endloop
  endfacet
  facet normal 3.103169e-01 8.487997e-01 4.280683e-01
    outer loop
      vertex   3.338993e+01 9.080960e+01 8.340354e+00
      vertex   3.364772e+01 9.068242e+01 8.405658e+00
      vertex   3.375418e+01 9.077383e+01 8.147241e+00
    endloop
  endfacet
  facet normal 3.103169e-01 8.487997e-01 4.280683e-01
    outer loop
      vertex   3.338993e+01 9.080960e+01 8.340354e+00
      vertex   3.375418e+01 9.077383e+01 8.147241e+00
      vertex   3.350267e+01 9.089791e+01 8.083529e+00
    endloop
  endfacet
  facet normal 3.768093e-01 8.919963e-01 2.497145e-01
    outer loop
      vertex   3.350267e+01 9.089791e+01 8.083529e+00
      vertex   3.375418e+01 9.077383e+01 8.147241e+00
      vertex   3.383595e+01 9.081741e+01 7.868171e+00
    endloop
  endfacet
  facet normal 3.768093e-01 8.919963e-01 2.497145e-01
    outer loop
      vertex   3.350267e+01 9.089791e+01 8.083529e+00
      vertex   3.383595e+01 9.081741e+01 7.868171e+00
      vertex   3.360039e+01 9.093363e+01 7.808498e+00
    endloop
  endfacet
  facet normal 4.203935e-01 9.021043e-01 9.735100e-02
    outer loop
      vertex   3.360039e+01 9.093363e+01 7.808498e+00
      vertex   3.383595e+01 9.081741e+01 7.868171e+00
      vertex   3.368596e+01 9.091519e+01 7.609790e+00
    endloop
  endfacet
  facet normal 2.900943e-01 9.563129e-01 3.620742e-02
    outer loop
      vertex   3.360039e+01 9.093363e+01 7.808498e+00
      vertex   3.368596e+01 9.091519e+01 7.609790e+00
      vertex   3.340457e+01 9.100055e+01 7.609790e+00
    endloop
  endfacet
  facet normal 2.898872e-01 5.231192e-02 9.556301e-01
    outer loop
      vertex   3.340457e+01 8.952937e+01 9.080968e+00
      vertex   3.368596e+01 8.952937e+01 8.995610e+00
      vertex   3.339146e+01 8.965761e+01 9.077925e+00
    endloop
  endfacet
  facet normal 3.049073e-01 9.173292e-02 9.479539e-01
    outer loop
      vertex   3.339146e+01 8.965761e+01 9.077925e+00
      vertex   3.368596e+01 8.952937e+01 8.995610e+00
      vertex   3.360247e+01 8.984353e+01 8.992062e+00
    endloop
  endfacet
  facet normal 2.068524e-01 2.068524e-01 9.562553e-01
    outer loop
      vertex   3.339146e+01 8.965761e+01 9.077925e+00
      vertex   3.360247e+01 8.984353e+01 8.992062e+00
      vertex   3.324018e+01 8.980890e+01 9.077925e+00
    endloop
  endfacet
  facet normal 2.068524e-01 2.068524e-01 9.562553e-01
    outer loop
      vertex   3.324018e+01 8.980890e+01 9.077925e+00
      vertex   3.360247e+01 8.984353e+01 8.992062e+00
      vertex   3.342610e+01 9.001991e+01 8.992062e+00
    endloop
  endfacet
  facet normal 8.861215e-02 3.074444e-01 9.474312e-01
    outer loop
      vertex   3.324018e+01 8.980890e+01 9.077925e+00
      vertex   3.342610e+01 9.001991e+01 8.992062e+00
      vertex   3.322496e+01 9.016470e+01 8.963889e+00
    endloop
  endfacet
  facet normal 2.007515e-01 4.483554e-01 8.710202e-01
    outer loop
      vertex   3.322496e+01 9.016470e+01 8.963889e+00
      vertex   3.342610e+01 9.001991e+01 8.992062e+00
      vertex   3.359995e+01 9.021207e+01 8.853079e+00
    endloop
  endfacet
  facet normal 2.007515e-01 4.483554e-01 8.710202e-01
    outer loop
      vertex   3.322496e+01 9.016470e+01 8.963889e+00
      vertex   3.359995e+01 9.021207e+01 8.853079e+00
      vertex   3.337793e+01 9.037189e+01 8.821981e+00
    endloop
  endfacet
  facet normal 3.050591e-01 5.719375e-01 7.614634e-01
    outer loop
      vertex   3.337793e+01 9.037189e+01 8.821981e+00
      vertex   3.359995e+01 9.021207e+01 8.853079e+00
      vertex   3.375505e+01 9.037799e+01 8.666317e+00
    endloop
  endfacet
  facet normal 3.050591e-01 5.719375e-01 7.614634e-01
    outer loop
      vertex   3.337793e+01 9.037189e+01 8.821981e+00
      vertex   3.375505e+01 9.037799e+01 8.666317e+00
      vertex   3.352068e+01 9.054670e+01 8.633490e+00
    endloop
  endfacet
  facet normal 3.976451e-01 6.736114e-01 6.229976e-01
    outer loop
      vertex   3.352068e+01 9.054670e+01 8.633490e+00
      vertex   3.375505e+01 9.037799e+01 8.666317e+00
      vertex   3.388543e+01 9.051131e+01 8.438953e+00
    endloop
  endfacet
  facet normal 3.976451e-01 6.736114e-01 6.229976e-01
    outer loop
      vertex   3.352068e+01 9.054670e+01 8.633490e+00
      vertex   3.388543e+01 9.051131e+01 8.438953e+00
      vertex   3.364772e+01 9.068242e+01 8.405658e+00
    endloop
  endfacet
  facet normal 4.750693e-01 7.496159e-01 4.608526e-01
    outer loop
      vertex   3.364772e+01 9.068242e+01 8.405658e+00
      vertex   3.388543e+01 9.051131e+01 8.438953e+00
      vertex   3.398609e+01 9.060688e+01 8.179725e+00
    endloop
  endfacet
  facet normal 4.750693e-01 7.496159e-01 4.608526e-01
    outer loop
      vertex   3.364772e+01 9.068242e+01 8.405658e+00
      vertex   3.398609e+01 9.060688e+01 8.179725e+00
      vertex   3.375418e+01 9.077383e+01 8.147241e+00
    endloop
  endfacet
  facet normal 5.344342e-01 7.971034e-01 2.810805e-01
    outer loop
      vertex   3.375418e+01 9.077383e+01 8.147241e+00
      vertex   3.398609e+01 9.060688e+01 8.179725e+00
      vertex   3.405315e+01 9.066105e+01 7.898595e+00
    endloop
  endfacet
  facet normal 5.344342e-01 7.971034e-01 2.810805e-01
    outer loop
      vertex   3.375418e+01 9.077383e+01 8.147241e+00
      vertex   3.405315e+01 9.066105e+01 7.898595e+00
      vertex   3.383595e+01 9.081741e+01 7.868171e+00
    endloop
  endfacet
  facet normal 5.700745e-01 8.138364e-01 1.126289e-01
    outer loop
      vertex   3.383595e+01 9.081741e+01 7.868171e+00
      vertex   3.405315e+01 9.066105e+01 7.898595e+00
      vertex   3.394529e+01 9.077658e+01 7.609790e+00
    endloop
  endfacet
  facet normal 4.705475e-01 8.803324e-01 5.999898e-02
    outer loop
      vertex   3.383595e+01 9.081741e+01 7.868171e+00
      vertex   3.394529e+01 9.077658e+01 7.609790e+00
      vertex   3.368596e+01 9.091519e+01 7.609790e+00
    endloop
  endfacet
  facet normal 3.147981e-01 9.432195e-02 9.444604e-01
    outer loop
      vertex   3.360247e+01 8.984353e+01 8.992062e+00
      vertex   3.368596e+01 8.952937e+01 8.995610e+00
      vertex   3.374727e+01 8.964240e+01 8.963889e+00
    endloop
  endfacet
  facet normal 4.713810e-01 -8.166651e-03 8.818919e-01
    outer loop
      vertex   3.374727e+01 8.964240e+01 8.963889e+00
      vertex   3.368596e+01 8.952937e+01 8.995610e+00
      vertex   3.394529e+01 8.952937e+01 8.856995e+00
    endloop
  endfacet
  facet normal 5.141144e-01 9.450329e-02 8.524996e-01
    outer loop
      vertex   3.374727e+01 8.964240e+01 8.963889e+00
      vertex   3.394529e+01 8.952937e+01 8.856995e+00
      vertex   3.395446e+01 8.979537e+01 8.821981e+00
    endloop
  endfacet
  facet normal 5.871008e-01 8.573118e-02 8.049614e-01
    outer loop
      vertex   3.395446e+01 8.979537e+01 8.821981e+00
      vertex   3.394529e+01 8.952937e+01 8.856995e+00
      vertex   3.407324e+01 8.955459e+01 8.760987e+00
    endloop
  endfacet
  facet normal 6.683510e-01 1.449083e-01 7.295948e-01
    outer loop
      vertex   3.395446e+01 8.979537e+01 8.821981e+00
      vertex   3.407324e+01 8.955459e+01 8.760987e+00
      vertex   3.425466e+01 8.968395e+01 8.569103e+00
    endloop
  endfacet
  facet normal 6.845195e-01 1.091521e-01 7.207766e-01
    outer loop
      vertex   3.425466e+01 8.968395e+01 8.569103e+00
      vertex   3.407324e+01 8.955459e+01 8.760987e+00
      vertex   3.417260e+01 8.952937e+01 8.670450e+00
    endloop
  endfacet
  facet normal 7.729986e-01 5.536834e-03 6.343836e-01
    outer loop
      vertex   3.425466e+01 8.968395e+01 8.569103e+00
      vertex   3.417260e+01 8.952937e+01 8.670450e+00
      vertex   3.435914e+01 8.952937e+01 8.443146e+00
    endloop
  endfacet
  facet normal 6.115592e-01 -2.658792e-01 7.451870e-01
    outer loop
      vertex   3.394529e+01 8.952937e+01 8.856995e+00
      vertex   3.417260e+01 8.952937e+01 8.670450e+00
      vertex   3.407324e+01 8.955459e+01 8.760987e+00
    endloop
  endfacet
  facet normal 7.880595e-01 -4.489214e-01 4.212266e-01
    outer loop
      vertex   3.449776e+01 8.952937e+01 8.183815e+00
      vertex   3.447050e+01 8.953946e+01 8.245565e+00
      vertex   3.435914e+01 8.952937e+01 8.443146e+00
    endloop
  endfacet
  facet normal 8.666984e-01 7.914225e-02 4.925144e-01
    outer loop
      vertex   3.435914e+01 8.952937e+01 8.443146e+00
      vertex   3.447050e+01 8.953946e+01 8.245565e+00
      vertex   3.439217e+01 8.980737e+01 8.340354e+00
    endloop
  endfacet
  facet normal 8.256999e-01 1.067195e-01 5.539229e-01
    outer loop
      vertex   3.435914e+01 8.952937e+01 8.443146e+00
      vertex   3.439217e+01 8.980737e+01 8.340354e+00
      vertex   3.425466e+01 8.968395e+01 8.569103e+00
    endloop
  endfacet
  facet normal 7.733081e-01 2.320407e-01 5.900438e-01
    outer loop
      vertex   3.425466e+01 8.968395e+01 8.569103e+00
      vertex   3.439217e+01 8.980737e+01 8.340354e+00
      vertex   3.412927e+01 8.993812e+01 8.633490e+00
    endloop
  endfacet
  facet normal 6.683510e-01 1.449083e-01 7.295948e-01
    outer loop
      vertex   3.425466e+01 8.968395e+01 8.569103e+00
      vertex   3.412927e+01 8.993812e+01 8.633490e+00
      vertex   3.395446e+01 8.979537e+01 8.821981e+00
    endloop
  endfacet
  facet normal 5.719375e-01 3.050591e-01 7.614634e-01
    outer loop
      vertex   3.395446e+01 8.979537e+01 8.821981e+00
      vertex   3.412927e+01 8.993812e+01 8.633490e+00
      vertex   3.379463e+01 9.001739e+01 8.853079e+00
    endloop
  endfacet
  facet normal 4.483554e-01 2.007515e-01 8.710202e-01
    outer loop
      vertex   3.395446e+01 8.979537e+01 8.821981e+00
      vertex   3.379463e+01 9.001739e+01 8.853079e+00
      vertex   3.360247e+01 8.984353e+01 8.992062e+00
    endloop
  endfacet
  facet normal 3.345378e-01 3.345378e-01 8.810045e-01
    outer loop
      vertex   3.360247e+01 8.984353e+01 8.992062e+00
      vertex   3.379463e+01 9.001739e+01 8.853079e+00
      vertex   3.342610e+01 9.001991e+01 8.992062e+00
    endloop
  endfacet
  facet normal 9.135145e-01 1.473859e-01 3.791683e-01
    outer loop
      vertex   3.447050e+01 8.953946e+01 8.245565e+00
      vertex   3.449776e+01 8.952937e+01 8.183815e+00
      vertex   3.455690e+01 8.965872e+01 7.991050e+00
    endloop
  endfacet
  facet normal 9.569287e-01 -4.924580e-03 2.902812e-01
    outer loop
      vertex   3.455690e+01 8.965872e+01 7.991050e+00
      vertex   3.449776e+01 8.952937e+01 8.183815e+00
      vertex   3.458312e+01 8.952937e+01 7.902426e+00
    endloop
  endfacet
  facet normal 9.836945e-01 9.457450e-02 1.529730e-01
    outer loop
      vertex   3.455690e+01 8.965872e+01 7.991050e+00
      vertex   3.458312e+01 8.952937e+01 7.902426e+00
      vertex   3.458777e+01 8.977302e+01 7.721884e+00
    endloop
  endfacet
  facet normal 9.937565e-01 5.355589e-02 9.787647e-02
    outer loop
      vertex   3.458777e+01 8.977302e+01 7.721884e+00
      vertex   3.458312e+01 8.952937e+01 7.902426e+00
      vertex   3.461194e+01 8.952937e+01 7.609790e+00
    endloop
  endfacet
  facet normal 9.951835e-01 9.801702e-02 1.543351e-03
    outer loop
      vertex   3.458777e+01 8.977302e+01 7.721884e+00
      vertex   3.461194e+01 8.952937e+01 7.609790e+00
      vertex   3.458312e+01 8.982201e+01 7.609790e+00
    endloop
  endfacet
  facet normal 9.639006e-01 2.563338e-01 7.203180e-02
    outer loop
      vertex   3.458777e+01 8.977302e+01 7.721884e+00
      vertex   3.458312e+01 8.982201e+01 7.609790e+00
      vertex   3.451619e+01 9.001782e+01 7.808498e+00
    endloop
  endfacet
  facet normal 9.563129e-01 2.900943e-01 3.620742e-02
    outer loop
      vertex   3.451619e+01 9.001782e+01 7.808498e+00
      vertex   3.458312e+01 8.982201e+01 7.609790e+00
      vertex   3.449776e+01 9.010340e+01 7.609790e+00
    endloop
  endfacet
  facet normal 9.021043e-01 4.203935e-01 9.735100e-02
    outer loop
      vertex   3.451619e+01 9.001782e+01 7.808498e+00
      vertex   3.449776e+01 9.010340e+01 7.609790e+00
      vertex   3.439998e+01 9.025338e+01 7.868171e+00
    endloop
  endfacet
  facet normal 8.803324e-01 4.705475e-01 5.999898e-02
    outer loop
      vertex   3.439998e+01 9.025338e+01 7.868171e+00
      vertex   3.449776e+01 9.010340e+01 7.609790e+00
      vertex   3.435914e+01 9.036273e+01 7.609790e+00
    endloop
  endfacet
  facet normal 8.138364e-01 5.700745e-01 1.126289e-01
    outer loop
      vertex   3.439998e+01 9.025338e+01 7.868171e+00
      vertex   3.435914e+01 9.036273e+01 7.609790e+00
      vertex   3.424362e+01 9.047059e+01 7.898595e+00
    endloop
  endfacet
  facet normal 7.709992e-01 6.327427e-01 7.208889e-02
    outer loop
      vertex   3.424362e+01 9.047059e+01 7.898595e+00
      vertex   3.435914e+01 9.036273e+01 7.609790e+00
      vertex   3.417260e+01 9.059003e+01 7.609790e+00
    endloop
  endfacet
  facet normal 7.021891e-01 7.021891e-01 1.177319e-01
    outer loop
      vertex   3.424362e+01 9.047059e+01 7.898595e+00
      vertex   3.417260e+01 9.059003e+01 7.609790e+00
      vertex   3.405315e+01 9.066105e+01 7.898595e+00
    endloop
  endfacet
  facet normal 6.327427e-01 7.709992e-01 7.208889e-02
    outer loop
      vertex   3.405315e+01 9.066105e+01 7.898595e+00
      vertex   3.417260e+01 9.059003e+01 7.609790e+00
      vertex   3.394529e+01 9.077658e+01 7.609790e+00
    endloop
  endfacet
  facet normal 2.563338e-01 9.639006e-01 7.203180e-02
    outer loop
      vertex   3.360039e+01 9.093363e+01 7.808498e+00
      vertex   3.340457e+01 9.100055e+01 7.609790e+00
      vertex   3.335558e+01 9.100520e+01 7.721884e+00
    endloop
  endfacet
  facet normal 9.801702e-02 9.951835e-01 1.543351e-03
    outer loop
      vertex   3.335558e+01 9.100520e+01 7.721884e+00
      vertex   3.340457e+01 9.100055e+01 7.609790e+00
      vertex   3.311194e+01 9.102937e+01 7.609790e+00
    endloop
  endfacet
  facet normal 5.355589e-02 9.937565e-01 9.787647e-02
    outer loop
      vertex   3.335558e+01 9.100520e+01 7.721884e+00
      vertex   3.311194e+01 9.102937e+01 7.609790e+00
      vertex   3.311194e+01 9.100055e+01 7.902426e+00
    endloop
  endfacet
  facet normal 9.457450e-02 9.836945e-01 1.529730e-01
    outer loop
      vertex   3.335558e+01 9.100520e+01 7.721884e+00
      vertex   3.311194e+01 9.100055e+01 7.902426e+00
      vertex   3.324129e+01 9.097433e+01 7.991050e+00
    endloop
  endfacet
  facet normal -4.924580e-03 9.569287e-01 2.902812e-01
    outer loop
      vertex   3.324129e+01 9.097433e+01 7.991050e+00
      vertex   3.311194e+01 9.100055e+01 7.902426e+00
      vertex   3.311194e+01 9.091519e+01 8.183815e+00
    endloop
  endfacet
  facet normal 1.473859e-01 9.135145e-01 3.791683e-01
    outer loop
      vertex   3.324129e+01 9.097433e+01 7.991050e+00
      vertex   3.311194e+01 9.091519e+01 8.183815e+00
      vertex   3.312203e+01 9.088793e+01 8.245565e+00
    endloop
  endfacet
  facet normal -4.489214e-01 7.880595e-01 4.212266e-01
    outer loop
      vertex   3.312203e+01 9.088793e+01 8.245565e+00
      vertex   3.311194e+01 9.091519e+01 8.183815e+00
      vertex   3.311194e+01 9.077658e+01 8.443146e+00
    endloop
  endfacet
  facet normal 7.914225e-02 8.666984e-01 4.925144e-01
    outer loop
      vertex   3.312203e+01 9.088793e+01 8.245565e+00
      vertex   3.311194e+01 9.077658e+01 8.443146e+00
      vertex   3.338993e+01 9.080960e+01 8.340354e+00
    endloop
  endfacet
  facet normal 1.067195e-01 8.256999e-01 5.539229e-01
    outer loop
      vertex   3.338993e+01 9.080960e+01 8.340354e+00
      vertex   3.311194e+01 9.077658e+01 8.443146e+00
      vertex   3.326652e+01 9.067210e+01 8.569103e+00
    endloop
  endfacet
  facet normal 5.536834e-03 7.729986e-01 6.343836e-01
    outer loop
      vertex   3.311194e+01 9.077658e+01 8.443146e+00
      vertex   3.311194e+01 9.059003e+01 8.670450e+00
      vertex   3.326652e+01 9.067210e+01 8.569103e+00
    endloop
  endfacet
  facet normal 1.091521e-01 6.845195e-01 7.207766e-01
    outer loop
      vertex   3.326652e+01 9.067210e+01 8.569103e+00
      vertex   3.311194e+01 9.059003e+01 8.670450e+00
      vertex   3.313716e+01 9.049068e+01 8.760987e+00
    endloop
  endfacet
  facet normal -2.658792e-01 6.115592e-01 7.451870e-01
    outer loop
      vertex   3.311194e+01 9.059003e+01 8.670450e+00
      vertex   3.311194e+01 9.036273e+01 8.856995e+00
      vertex   3.313716e+01 9.049068e+01 8.760987e+00
    endloop
  endfacet
  facet normal 6.763606e-01 6.763606e-01 2.916723e-01
    outer loop
      vertex   3.405315e+01 9.066105e+01 7.898595e+00
      vertex   3.398609e+01 9.060688e+01 8.179725e+00
      vertex   3.424362e+01 9.047059e+01 7.898595e+00
    endloop
  endfacet
  facet normal 6.763606e-01 6.763606e-01 2.916723e-01
    outer loop
      vertex   3.424362e+01 9.047059e+01 7.898595e+00
      vertex   3.398609e+01 9.060688e+01 8.179725e+00
      vertex   3.418945e+01 9.040352e+01 8.179725e+00
    endloop
  endfacet
  facet normal 7.971034e-01 5.344342e-01 2.810805e-01
    outer loop
      vertex   3.424362e+01 9.047059e+01 7.898595e+00
      vertex   3.418945e+01 9.040352e+01 8.179725e+00
      vertex   3.439998e+01 9.025338e+01 7.868171e+00
    endloop
  endfacet
  facet normal 7.971034e-01 5.344342e-01 2.810805e-01
    outer loop
      vertex   3.439998e+01 9.025338e+01 7.868171e+00
      vertex   3.418945e+01 9.040352e+01 8.179725e+00
      vertex   3.435640e+01 9.017161e+01 8.147241e+00
    endloop
  endfacet
  facet normal 8.919963e-01 3.768093e-01 2.497145e-01
    outer loop
      vertex   3.439998e+01 9.025338e+01 7.868171e+00
      vertex   3.435640e+01 9.017161e+01 8.147241e+00
      vertex   3.451619e+01 9.001782e+01 7.808498e+00
    endloop
  endfacet
  facet normal 8.919963e-01 3.768093e-01 2.497145e-01
    outer loop
      vertex   3.451619e+01 9.001782e+01 7.808498e+00
      vertex   3.435640e+01 9.017161e+01 8.147241e+00
      vertex   3.448048e+01 8.992010e+01 8.083529e+00
    endloop
  endfacet
  facet normal 9.573720e-01 2.095776e-01 1.987865e-01
    outer loop
      vertex   3.451619e+01 9.001782e+01 7.808498e+00
      vertex   3.448048e+01 8.992010e+01 8.083529e+00
      vertex   3.458777e+01 8.977302e+01 7.721884e+00
    endloop
  endfacet
  facet normal 9.573720e-01 2.095776e-01 1.987865e-01
    outer loop
      vertex   3.458777e+01 8.977302e+01 7.721884e+00
      vertex   3.448048e+01 8.992010e+01 8.083529e+00
      vertex   3.455690e+01 8.965872e+01 7.991050e+00
    endloop
  endfacet
  facet normal 6.234133e-01 6.234133e-01 4.719234e-01
    outer loop
      vertex   3.398609e+01 9.060688e+01 8.179725e+00
      vertex   3.388543e+01 9.051131e+01 8.438953e+00
      vertex   3.418945e+01 9.040352e+01 8.179725e+00
    endloop
  endfacet
  facet normal 6.234133e-01 6.234133e-01 4.719234e-01
    outer loop
      vertex   3.418945e+01 9.040352e+01 8.179725e+00
      vertex   3.388543e+01 9.051131e+01 8.438953e+00
      vertex   3.409387e+01 9.030287e+01 8.438953e+00
    endloop
  endfacet
  facet normal 7.496159e-01 4.750693e-01 4.608526e-01
    outer loop
      vertex   3.418945e+01 9.040352e+01 8.179725e+00
      vertex   3.409387e+01 9.030287e+01 8.438953e+00
      vertex   3.435640e+01 9.017161e+01 8.147241e+00
    endloop
  endfacet
  facet normal 7.496159e-01 4.750693e-01 4.608526e-01
    outer loop
      vertex   3.435640e+01 9.017161e+01 8.147241e+00
      vertex   3.409387e+01 9.030287e+01 8.438953e+00
      vertex   3.426499e+01 9.006516e+01 8.405658e+00
    endloop
  endfacet
  facet normal 8.487997e-01 3.103169e-01 4.280683e-01
    outer loop
      vertex   3.435640e+01 9.017161e+01 8.147241e+00
      vertex   3.426499e+01 9.006516e+01 8.405658e+00
      vertex   3.448048e+01 8.992010e+01 8.083529e+00
    endloop
  endfacet
  facet normal 8.487997e-01 3.103169e-01 4.280683e-01
    outer loop
      vertex   3.448048e+01 8.992010e+01 8.083529e+00
      vertex   3.426499e+01 9.006516e+01 8.405658e+00
      vertex   3.439217e+01 8.980737e+01 8.340354e+00
    endloop
  endfacet
  facet normal 9.171316e-01 1.355232e-01 3.748375e-01
    outer loop
      vertex   3.448048e+01 8.992010e+01 8.083529e+00
      vertex   3.439217e+01 8.980737e+01 8.340354e+00
      vertex   3.455690e+01 8.965872e+01 7.991050e+00
    endloop
  endfacet
  facet normal 9.171316e-01 1.355232e-01 3.748375e-01
    outer loop
      vertex   3.455690e+01 8.965872e+01 7.991050e+00
      vertex   3.439217e+01 8.980737e+01 8.340354e+00
      vertex   3.447050e+01 8.953946e+01 8.245565e+00
    endloop
  endfacet
  facet normal 5.467562e-01 5.467562e-01 6.341256e-01
    outer loop
      vertex   3.388543e+01 9.051131e+01 8.438953e+00
      vertex   3.375505e+01 9.037799e+01 8.666317e+00
      vertex   3.409387e+01 9.030287e+01 8.438953e+00
    endloop
  endfacet
  facet normal 5.467562e-01 5.467562e-01 6.341256e-01
    outer loop
      vertex   3.409387e+01 9.030287e+01 8.438953e+00
      vertex   3.375505e+01 9.037799e+01 8.666317e+00
      vertex   3.396056e+01 9.017248e+01 8.666317e+00
    endloop
  endfacet
  facet normal 6.736114e-01 3.976451e-01 6.229976e-01
    outer loop
      vertex   3.409387e+01 9.030287e+01 8.438953e+00
      vertex   3.396056e+01 9.017248e+01 8.666317e+00
      vertex   3.426499e+01 9.006516e+01 8.405658e+00
    endloop
  endfacet
  facet normal 6.736114e-01 3.976451e-01 6.229976e-01
    outer loop
      vertex   3.426499e+01 9.006516e+01 8.405658e+00
      vertex   3.396056e+01 9.017248e+01 8.666317e+00
      vertex   3.412927e+01 8.993812e+01 8.633490e+00
    endloop
  endfacet
  facet normal 7.733081e-01 2.320407e-01 5.900438e-01
    outer loop
      vertex   3.426499e+01 9.006516e+01 8.405658e+00
      vertex   3.412927e+01 8.993812e+01 8.633490e+00
      vertex   3.439217e+01 8.980737e+01 8.340354e+00
    endloop
  endfacet
  facet normal 4.492598e-01 4.492598e-01 7.722249e-01
    outer loop
      vertex   3.375505e+01 9.037799e+01 8.666317e+00
      vertex   3.359995e+01 9.021207e+01 8.853079e+00
      vertex   3.396056e+01 9.017248e+01 8.666317e+00
    endloop
  endfacet
  facet normal 4.492598e-01 4.492598e-01 7.722249e-01
    outer loop
      vertex   3.396056e+01 9.017248e+01 8.666317e+00
      vertex   3.359995e+01 9.021207e+01 8.853079e+00
      vertex   3.379463e+01 9.001739e+01 8.853079e+00
    endloop
  endfacet
  facet normal 5.719375e-01 3.050591e-01 7.614634e-01
    outer loop
      vertex   3.396056e+01 9.017248e+01 8.666317e+00
      vertex   3.379463e+01 9.001739e+01 8.853079e+00
      vertex   3.412927e+01 8.993812e+01 8.633490e+00
    endloop
  endfacet
  facet normal 3.345378e-01 3.345378e-01 8.810045e-01
    outer loop
      vertex   3.359995e+01 9.021207e+01 8.853079e+00
      vertex   3.342610e+01 9.001991e+01 8.992062e+00
      vertex   3.379463e+01 9.001739e+01 8.853079e+00
    endloop
  endfacet
  facet normal 4.483554e-01 2.007515e-01 8.710202e-01
    outer loop
      vertex   3.374727e+01 8.964240e+01 8.963889e+00
      vertex   3.395446e+01 8.979537e+01 8.821981e+00
      vertex   3.360247e+01 8.984353e+01 8.992062e+00
    endloop
  endfacet
  facet normal 1.355232e-01 9.171316e-01 3.748375e-01
    outer loop
      vertex   3.312203e+01 9.088793e+01 8.245565e+00
      vertex   3.338993e+01 9.080960e+01 8.340354e+00
      vertex   3.350267e+01 9.089791e+01 8.083529e+00
    endloop
  endfacet
  facet normal 2.095776e-01 9.573720e-01 1.987865e-01
    outer loop
      vertex   3.335558e+01 9.100520e+01 7.721884e+00
      vertex   3.324129e+01 9.097433e+01 7.991050e+00
      vertex   3.360039e+01 9.093363e+01 7.808498e+00
    endloop
  endfacet
  facet normal 2.095776e-01 9.573720e-01 1.987865e-01
    outer loop
      vertex   3.360039e+01 9.093363e+01 7.808498e+00
      vertex   3.324129e+01 9.097433e+01 7.991050e+00
      vertex   3.350267e+01 9.089791e+01 8.083529e+00
    endloop
  endfacet
  facet normal 1.355232e-01 9.171316e-01 3.748375e-01
    outer loop
      vertex   3.324129e+01 9.097433e+01 7.991050e+00
      vertex   3.312203e+01 9.088793e+01 8.245565e+00
      vertex   3.350267e+01 9.089791e+01 8.083529e+00
    endloop
  endfacet
  facet normal 9.045257e-01 4.264173e-01 -1.223288e-03
    outer loop
      vertex   3.440806e+01 9.028440e+01 4.380454e+00
      vertex   3.449776e+01 9.010340e+01 7.609790e+00
      vertex   3.451914e+01 9.004877e+01 4.380454e+00
    endloop
  endfacet
  facet normal 9.569394e-01 2.902844e-01 1.426778e-03
    outer loop
      vertex   3.451914e+01 9.004877e+01 4.380454e+00
      vertex   3.449776e+01 9.010340e+01 7.609790e+00
      vertex   3.458312e+01 8.982201e+01 7.609790e+00
    endloop
  endfacet
  facet normal 9.624341e-01 2.715154e-01 -4.966803e-16
    outer loop
      vertex   3.451914e+01 9.004877e+01 4.380454e+00
      vertex   3.458312e+01 8.982201e+01 7.609790e+00
      vertex   3.458312e+01 8.982201e+01 1.609790e+00
    endloop
  endfacet
  facet normal 9.951847e-01 9.801714e-02 -9.463842e-16
    outer loop
      vertex   3.458312e+01 8.982201e+01 1.609790e+00
      vertex   3.458312e+01 8.982201e+01 7.609790e+00
      vertex   3.461194e+01 8.952937e+01 1.609790e+00
    endloop
  endfacet
  facet normal 9.951847e-01 9.801714e-02 -0.000000e+00
    outer loop
      vertex   3.461194e+01 8.952937e+01 1.609790e+00
      vertex   3.458312e+01 8.982201e+01 7.609790e+00
      vertex   3.461194e+01 8.952937e+01 7.609790e+00
    endloop
  endfacet
  facet normal 8.819196e-01 4.713959e-01 1.925605e-03
    outer loop
      vertex   3.449776e+01 9.010340e+01 7.609790e+00
      vertex   3.440806e+01 9.028440e+01 4.380454e+00
      vertex   3.435914e+01 9.036273e+01 7.609790e+00
    endloop
  endfacet
  facet normal 8.171092e-01 5.764806e-01 -1.605043e-03
    outer loop
      vertex   3.435914e+01 9.036273e+01 7.609790e+00
      vertex   3.440806e+01 9.028440e+01 4.380454e+00
      vertex   3.425789e+01 9.049726e+01 4.380454e+00
    endloop
  endfacet
  facet normal 7.730086e-01 6.343918e-01 2.190240e-03
    outer loop
      vertex   3.435914e+01 9.036273e+01 7.609790e+00
      vertex   3.425789e+01 9.049726e+01 4.380454e+00
      vertex   3.417260e+01 9.059003e+01 7.609790e+00
    endloop
  endfacet
  facet normal 7.050485e-01 7.091569e-01 -1.752525e-03
    outer loop
      vertex   3.417260e+01 9.059003e+01 7.609790e+00
      vertex   3.425789e+01 9.049726e+01 4.380454e+00
      vertex   3.407315e+01 9.068092e+01 4.380454e+00
    endloop
  endfacet
  facet normal 6.343917e-01 7.730085e-01 2.220549e-03
    outer loop
      vertex   3.417260e+01 9.059003e+01 7.609790e+00
      vertex   3.407315e+01 9.068092e+01 4.380454e+00
      vertex   3.394529e+01 9.077658e+01 7.609790e+00
    endloop
  endfacet
  facet normal 5.717233e-01 8.204448e-01 -1.665659e-03
    outer loop
      vertex   3.394529e+01 9.077658e+01 7.609790e+00
      vertex   3.407315e+01 9.068092e+01 4.380454e+00
      vertex   3.385942e+01 9.082986e+01 4.380454e+00
    endloop
  endfacet
  facet normal 4.713958e-01 8.819195e-01 2.016519e-03
    outer loop
      vertex   3.394529e+01 9.077658e+01 7.609790e+00
      vertex   3.385942e+01 9.082986e+01 4.380454e+00
      vertex   3.368596e+01 9.091519e+01 7.609790e+00
    endloop
  endfacet
  facet normal 4.211546e-01 9.069879e-01 -1.344489e-03
    outer loop
      vertex   3.368596e+01 9.091519e+01 7.609790e+00
      vertex   3.385942e+01 9.082986e+01 4.380454e+00
      vertex   3.362315e+01 9.093957e+01 4.380454e+00
    endloop
  endfacet
  facet normal 2.902843e-01 9.569391e-01 1.578251e-03
    outer loop
      vertex   3.368596e+01 9.091519e+01 7.609790e+00
      vertex   3.362315e+01 9.093957e+01 4.380454e+00
      vertex   3.340457e+01 9.100055e+01 7.609790e+00
    endloop
  endfacet
  facet normal 2.578835e-01 9.661757e-01 -7.891762e-04
    outer loop
      vertex   3.340457e+01 9.100055e+01 7.609790e+00
      vertex   3.362315e+01 9.093957e+01 4.380454e+00
      vertex   3.337146e+01 9.100675e+01 4.380454e+00
    endloop
  endfacet
  facet normal 9.801710e-02 9.951843e-01 9.059654e-04
    outer loop
      vertex   3.340457e+01 9.100055e+01 7.609790e+00
      vertex   3.337146e+01 9.100675e+01 4.380454e+00
      vertex   3.311194e+01 9.102937e+01 7.609790e+00
    endloop
  endfacet
  facet normal 8.683417e-02 9.962228e-01 0.000000e+00
    outer loop
      vertex   3.311194e+01 9.102937e+01 7.609790e+00
      vertex   3.337146e+01 9.100675e+01 4.380454e+00
      vertex   3.311194e+01 9.102937e+01 4.380454e+00
    endloop
  endfacet
  facet normal 9.624341e-01 2.715154e-01 0.000000e+00
    outer loop
      vertex   3.451914e+01 9.004877e+01 4.380454e+00
      vertex   3.458312e+01 8.982201e+01 1.609790e+00
      vertex   3.451914e+01 9.004877e+01 2.817173e+00
    endloop
  endfacet
  facet normal 9.569334e-01 2.902826e-01 -3.816122e-03
    outer loop
      vertex   3.451914e+01 9.004877e+01 2.817173e+00
      vertex   3.458312e+01 8.982201e+01 1.609790e+00
      vertex   3.449776e+01 9.010340e+01 1.609790e+00
    endloop
  endfacet
  facet normal 9.374212e-01 3.481964e-01 -8.500723e-04
    outer loop
      vertex   3.451914e+01 9.004877e+01 2.817173e+00
      vertex   3.449776e+01 9.010340e+01 1.609790e+00
      vertex   3.451699e+01 9.005456e+01 2.817173e+00
    endloop
  endfacet
  facet normal 9.359777e-01 3.520586e-01 -6.708687e-04
    outer loop
      vertex   3.451699e+01 9.005456e+01 2.817173e+00
      vertex   3.449776e+01 9.010340e+01 1.609790e+00
      vertex   3.451481e+01 9.006035e+01 2.817173e+00
    endloop
  endfacet
  facet normal 9.345182e-01 3.559149e-01 -5.127746e-04
    outer loop
      vertex   3.451481e+01 9.006035e+01 2.817173e+00
      vertex   3.449776e+01 9.010340e+01 1.609790e+00
      vertex   3.451261e+01 9.006613e+01 2.817173e+00
    endloop
  endfacet
  facet normal 9.036869e-01 4.281887e-01 2.097167e-03
    outer loop
      vertex   3.451261e+01 9.006613e+01 2.817173e+00
      vertex   3.449776e+01 9.010340e+01 1.609790e+00
      vertex   3.441622e+01 9.027021e+01 2.684654e+00
    endloop
  endfacet
  facet normal 8.819040e-01 4.713875e-01 -6.259379e-03
    outer loop
      vertex   3.441622e+01 9.027021e+01 2.684654e+00
      vertex   3.449776e+01 9.010340e+01 1.609790e+00
      vertex   3.435914e+01 9.036273e+01 1.609790e+00
    endloop
  endfacet
  facet normal 8.286887e-01 5.596943e-01 4.167538e-03
    outer loop
      vertex   3.441622e+01 9.027021e+01 2.684654e+00
      vertex   3.435914e+01 9.036273e+01 1.609790e+00
      vertex   3.429031e+01 9.045751e+01 2.567661e+00
    endloop
  endfacet
  facet normal 7.729903e-01 6.343767e-01 -7.225381e-03
    outer loop
      vertex   3.429031e+01 9.045751e+01 2.567661e+00
      vertex   3.435914e+01 9.036273e+01 1.609790e+00
      vertex   3.417260e+01 9.059003e+01 1.609790e+00
    endloop
  endfacet
  facet normal 7.358330e-01 6.771552e-01 3.258949e-03
    outer loop
      vertex   3.429031e+01 9.045751e+01 2.567661e+00
      vertex   3.417260e+01 9.059003e+01 1.609790e+00
      vertex   3.413771e+01 9.062380e+01 2.468843e+00
    endloop
  endfacet
  facet normal 6.343865e-01 7.730022e-01 -4.628984e-03
    outer loop
      vertex   3.413771e+01 9.062380e+01 2.468843e+00
      vertex   3.417260e+01 9.059003e+01 1.609790e+00
      vertex   3.394529e+01 9.077658e+01 1.609790e+00
    endloop
  endfacet
  facet normal 6.275943e-01 7.785377e-01 -2.123183e-03
    outer loop
      vertex   3.413771e+01 9.062380e+01 2.468843e+00
      vertex   3.394529e+01 9.077658e+01 1.609790e+00
      vertex   3.396190e+01 9.076532e+01 2.390435e+00
    endloop
  endfacet
  facet normal 5.026623e-01 8.644810e-01 1.773000e-03
    outer loop
      vertex   3.396190e+01 9.076532e+01 2.390435e+00
      vertex   3.394529e+01 9.077658e+01 1.609790e+00
      vertex   3.376684e+01 9.087885e+01 2.334214e+00
    endloop
  endfacet
  facet normal 4.713801e-01 8.818902e-01 -8.391064e-03
    outer loop
      vertex   3.376684e+01 9.087885e+01 2.334214e+00
      vertex   3.394529e+01 9.077658e+01 1.609790e+00
      vertex   3.368596e+01 9.091519e+01 1.609790e+00
    endloop
  endfacet
  facet normal 3.669048e-01 9.302411e-01 5.697707e-03
    outer loop
      vertex   3.376684e+01 9.087885e+01 2.334214e+00
      vertex   3.368596e+01 9.091519e+01 1.609790e+00
      vertex   3.355695e+01 9.096184e+01 2.301452e+00
    endloop
  endfacet
  facet normal 2.902690e-01 9.568886e-01 -1.039380e-02
    outer loop
      vertex   3.355695e+01 9.096184e+01 2.301452e+00
      vertex   3.368596e+01 9.091519e+01 1.609790e+00
      vertex   3.340457e+01 9.100055e+01 1.609790e+00
    endloop
  endfacet
  facet normal 2.237943e-01 9.746223e-01 5.243670e-03
    outer loop
      vertex   3.355695e+01 9.096184e+01 2.301452e+00
      vertex   3.340457e+01 9.100055e+01 1.609790e+00
      vertex   3.333699e+01 9.101239e+01 2.292891e+00
    endloop
  endfacet
  facet normal 9.801434e-02 9.951563e-01 -7.556019e-03
    outer loop
      vertex   3.333699e+01 9.101239e+01 2.292891e+00
      vertex   3.340457e+01 9.100055e+01 1.609790e+00
      vertex   3.311194e+01 9.102937e+01 1.609790e+00
    endloop
  endfacet
  facet normal 7.523147e-02 9.971661e-01 -1.369797e-18
    outer loop
      vertex   3.333699e+01 9.101239e+01 2.292891e+00
      vertex   3.311194e+01 9.102937e+01 1.609790e+00
      vertex   3.311194e+01 9.102937e+01 2.308724e+00
    endloop
  endfacet
  facet normal -1.604989e-17 9.951847e-01 9.801714e-02
    outer loop
      vertex   5.671424e-01 9.100055e+01 7.902426e+00
      vertex   5.991275e+00 9.100055e+01 7.902426e+00
      vertex   5.671424e-01 9.102937e+01 7.609790e+00
    endloop
  endfacet
  facet normal -5.402460e-20 9.951847e-01 9.801714e-02
    outer loop
      vertex   5.671424e-01 9.102937e+01 7.609790e+00
      vertex   5.991275e+00 9.100055e+01 7.902426e+00
      vertex   1.141541e+01 9.100055e+01 7.902426e+00
    endloop
  endfacet
  facet normal -5.402460e-20 9.951847e-01 9.801714e-02
    outer loop
      vertex   5.671424e-01 9.102937e+01 7.609790e+00
      vertex   1.141541e+01 9.100055e+01 7.902426e+00
      vertex   1.683954e+01 9.100055e+01 7.902426e+00
    endloop
  endfacet
  facet normal 0.000000e+00 9.569403e-01 2.902847e-01
    outer loop
      vertex   1.683954e+01 9.100055e+01 7.902426e+00
      vertex   1.141541e+01 9.100055e+01 7.902426e+00
      vertex   1.683954e+01 9.091519e+01 8.183815e+00
    endloop
  endfacet
  facet normal 2.875031e-19 9.569403e-01 2.902847e-01
    outer loop
      vertex   1.683954e+01 9.100055e+01 7.902426e+00
      vertex   1.683954e+01 9.091519e+01 8.183815e+00
      vertex   2.226367e+01 9.091519e+01 8.183815e+00
    endloop
  endfacet
  facet normal 0.000000e+00 8.819213e-01 4.713967e-01
    outer loop
      vertex   2.226367e+01 9.091519e+01 8.183815e+00
      vertex   1.683954e+01 9.091519e+01 8.183815e+00
      vertex   2.226367e+01 9.077658e+01 8.443146e+00
    endloop
  endfacet
  facet normal 1.560486e-16 8.819213e-01 4.713967e-01
    outer loop
      vertex   2.226367e+01 9.091519e+01 8.183815e+00
      vertex   2.226367e+01 9.077658e+01 8.443146e+00
      vertex   2.768781e+01 9.077658e+01 8.443146e+00
    endloop
  endfacet
  facet normal 2.077584e-16 7.730105e-01 6.343933e-01
    outer loop
      vertex   2.768781e+01 9.077658e+01 8.443146e+00
      vertex   2.226367e+01 9.077658e+01 8.443146e+00
      vertex   2.768781e+01 9.059003e+01 8.670450e+00
    endloop
  endfacet
  facet normal 2.075384e-16 7.730105e-01 6.343933e-01
    outer loop
      vertex   2.768781e+01 9.077658e+01 8.443146e+00
      vertex   2.768781e+01 9.059003e+01 8.670450e+00
      vertex   3.311194e+01 9.059003e+01 8.670450e+00
    endloop
  endfacet
  facet normal 2.531543e-16 6.343933e-01 7.730105e-01
    outer loop
      vertex   3.311194e+01 9.059003e+01 8.670450e+00
      vertex   2.768781e+01 9.059003e+01 8.670450e+00
      vertex   3.311194e+01 9.036273e+01 8.856995e+00
    endloop
  endfacet
  facet normal 0.000000e+00 6.343933e-01 7.730105e-01
    outer loop
      vertex   3.311194e+01 9.036273e+01 8.856995e+00
      vertex   2.768781e+01 9.059003e+01 8.670450e+00
      vertex   2.768781e+01 9.036273e+01 8.856995e+00
    endloop
  endfacet
  facet normal 0.000000e+00 4.713967e-01 8.819213e-01
    outer loop
      vertex   3.311194e+01 9.036273e+01 8.856995e+00
      vertex   2.768781e+01 9.036273e+01 8.856995e+00
      vertex   3.311194e+01 9.010340e+01 8.995610e+00
    endloop
  endfacet
  facet normal 2.888216e-16 4.713967e-01 8.819213e-01
    outer loop
      vertex   3.311194e+01 9.010340e+01 8.995610e+00
      vertex   2.768781e+01 9.036273e+01 8.856995e+00
      vertex   2.768781e+01 9.010340e+01 8.995610e+00
    endloop
  endfacet
  facet normal 3.133897e-16 2.902847e-01 9.569403e-01
    outer loop
      vertex   3.311194e+01 9.010340e+01 8.995610e+00
      vertex   2.768781e+01 9.010340e+01 8.995610e+00
      vertex   3.311194e+01 8.982201e+01 9.080968e+00
    endloop
  endfacet
  facet normal 0.000000e+00 2.902847e-01 9.569403e-01
    outer loop
      vertex   3.311194e+01 8.982201e+01 9.080968e+00
      vertex   2.768781e+01 9.010340e+01 8.995610e+00
      vertex   2.768781e+01 8.982201e+01 9.080968e+00
    endloop
  endfacet
  facet normal 0.000000e+00 9.801714e-02 9.951847e-01
    outer loop
      vertex   3.311194e+01 8.982201e+01 9.080968e+00
      vertex   2.768781e+01 8.982201e+01 9.080968e+00
      vertex   3.311194e+01 8.952937e+01 9.109790e+00
    endloop
  endfacet
  facet normal 4.872376e-19 9.801714e-02 9.951847e-01
    outer loop
      vertex   3.311194e+01 8.952937e+01 9.109790e+00
      vertex   2.768781e+01 8.982201e+01 9.080968e+00
      vertex   2.226367e+01 8.982201e+01 9.080968e+00
    endloop
  endfacet
  facet normal 4.872376e-19 9.801714e-02 9.951847e-01
    outer loop
      vertex   3.311194e+01 8.952937e+01 9.109790e+00
      vertex   2.226367e+01 8.982201e+01 9.080968e+00
      vertex   1.683954e+01 8.982201e+01 9.080968e+00
    endloop
  endfacet
  facet normal -0.000000e+00 2.902847e-01 9.569403e-01
    outer loop
      vertex   1.683954e+01 8.982201e+01 9.080968e+00
      vertex   2.226367e+01 8.982201e+01 9.080968e+00
      vertex   1.683954e+01 9.010340e+01 8.995610e+00
    endloop
  endfacet
  facet normal 3.123948e-16 2.902847e-01 9.569403e-01
    outer loop
      vertex   1.683954e+01 8.982201e+01 9.080968e+00
      vertex   1.683954e+01 9.010340e+01 8.995610e+00
      vertex   1.141541e+01 9.010340e+01 8.995610e+00
    endloop
  endfacet
  facet normal 2.888216e-16 4.713967e-01 8.819213e-01
    outer loop
      vertex   1.141541e+01 9.010340e+01 8.995610e+00
      vertex   1.683954e+01 9.010340e+01 8.995610e+00
      vertex   1.141541e+01 9.036273e+01 8.856995e+00
    endloop
  endfacet
  facet normal 2.338186e-19 4.713967e-01 8.819213e-01
    outer loop
      vertex   1.141541e+01 9.010340e+01 8.995610e+00
      vertex   1.141541e+01 9.036273e+01 8.856995e+00
      vertex   5.991275e+00 9.036273e+01 8.856995e+00
    endloop
  endfacet
  facet normal -0.000000e+00 6.343933e-01 7.730105e-01
    outer loop
      vertex   5.991275e+00 9.036273e+01 8.856995e+00
      vertex   1.141541e+01 9.036273e+01 8.856995e+00
      vertex   5.991275e+00 9.059003e+01 8.670450e+00
    endloop
  endfacet
  facet normal -5.067976e-16 6.343933e-01 7.730105e-01
    outer loop
      vertex   5.991275e+00 9.036273e+01 8.856995e+00
      vertex   5.991275e+00 9.059003e+01 8.670450e+00
      vertex   5.671424e-01 9.059003e+01 8.670450e+00
    endloop
  endfacet
  facet normal -4.155167e-16 7.730105e-01 6.343933e-01
    outer loop
      vertex   5.671424e-01 9.059003e+01 8.670450e+00
      vertex   5.991275e+00 9.059003e+01 8.670450e+00
      vertex   5.671424e-01 9.077658e+01 8.443146e+00
    endloop
  endfacet
  facet normal -2.077584e-16 7.730105e-01 6.343933e-01
    outer loop
      vertex   5.671424e-01 9.077658e+01 8.443146e+00
      vertex   5.991275e+00 9.059003e+01 8.670450e+00
      vertex   5.991275e+00 9.077658e+01 8.443146e+00
    endloop
  endfacet
  facet normal -1.543784e-16 8.819213e-01 4.713967e-01
    outer loop
      vertex   5.671424e-01 9.077658e+01 8.443146e+00
      vertex   5.991275e+00 9.077658e+01 8.443146e+00
      vertex   5.671424e-01 9.091519e+01 8.183815e+00
    endloop
  endfacet
  facet normal -0.000000e+00 8.819213e-01 4.713967e-01
    outer loop
      vertex   5.671424e-01 9.091519e+01 8.183815e+00
      vertex   5.991275e+00 9.077658e+01 8.443146e+00
      vertex   5.991275e+00 9.091519e+01 8.183815e+00
    endloop
  endfacet
  facet normal -0.000000e+00 9.569403e-01 2.902847e-01
    outer loop
      vertex   5.671424e-01 9.091519e+01 8.183815e+00
      vertex   5.991275e+00 9.091519e+01 8.183815e+00
      vertex   5.671424e-01 9.100055e+01 7.902426e+00
    endloop
  endfacet
  facet normal -4.753287e-17 9.569403e-01 2.902847e-01
    outer loop
      vertex   5.671424e-01 9.100055e+01 7.902426e+00
      vertex   5.991275e+00 9.091519e+01 8.183815e+00
      vertex   5.991275e+00 9.100055e+01 7.902426e+00
    endloop
  endfacet
  facet normal 2.545355e-16 6.343933e-01 7.730105e-01
    outer loop
      vertex   5.671424e-01 9.059003e+01 8.670450e+00
      vertex   5.671424e-01 9.036273e+01 8.856995e+00
      vertex   5.991275e+00 9.036273e+01 8.856995e+00
    endloop
  endfacet
  facet normal 2.888216e-16 4.713967e-01 8.819213e-01
    outer loop
      vertex   5.991275e+00 9.036273e+01 8.856995e+00
      vertex   5.671424e-01 9.036273e+01 8.856995e+00
      vertex   5.991275e+00 9.010340e+01 8.995610e+00
    endloop
  endfacet
  facet normal 2.338186e-19 4.713967e-01 8.819213e-01
    outer loop
      vertex   5.991275e+00 9.036273e+01 8.856995e+00
      vertex   5.991275e+00 9.010340e+01 8.995610e+00
      vertex   1.141541e+01 9.010340e+01 8.995610e+00
    endloop
  endfacet
  facet normal 0.000000e+00 2.902847e-01 9.569403e-01
    outer loop
      vertex   1.141541e+01 9.010340e+01 8.995610e+00
      vertex   5.991275e+00 9.010340e+01 8.995610e+00
      vertex   1.141541e+01 8.982201e+01 9.080968e+00
    endloop
  endfacet
  facet normal -8.394264e-19 2.902847e-01 9.569403e-01
    outer loop
      vertex   1.141541e+01 9.010340e+01 8.995610e+00
      vertex   1.141541e+01 8.982201e+01 9.080968e+00
      vertex   1.683954e+01 8.982201e+01 9.080968e+00
    endloop
  endfacet
  facet normal 0.000000e+00 9.801714e-02 9.951847e-01
    outer loop
      vertex   1.683954e+01 8.982201e+01 9.080968e+00
      vertex   1.141541e+01 8.982201e+01 9.080968e+00
      vertex   5.671424e-01 8.952937e+01 9.109790e+00
    endloop
  endfacet
  facet normal 8.120627e-20 9.801714e-02 9.951847e-01
    outer loop
      vertex   1.683954e+01 8.982201e+01 9.080968e+00
      vertex   5.671424e-01 8.952937e+01 9.109790e+00
      vertex   3.311194e+01 8.952937e+01 9.109790e+00
    endloop
  endfacet
  facet normal 1.924115e-18 4.713967e-01 8.819213e-01
    outer loop
      vertex   5.671424e-01 9.036273e+01 8.856995e+00
      vertex   5.671424e-01 9.010340e+01 8.995610e+00
      vertex   5.991275e+00 9.010340e+01 8.995610e+00
    endloop
  endfacet
  facet normal 0.000000e+00 2.902847e-01 9.569403e-01
    outer loop
      vertex   5.991275e+00 9.010340e+01 8.995610e+00
      vertex   5.671424e-01 9.010340e+01 8.995610e+00
      vertex   5.991275e+00 8.982201e+01 9.080968e+00
    endloop
  endfacet
  facet normal -8.394264e-19 2.902847e-01 9.569403e-01
    outer loop
      vertex   5.991275e+00 9.010340e+01 8.995610e+00
      vertex   5.991275e+00 8.982201e+01 9.080968e+00
      vertex   1.141541e+01 8.982201e+01 9.080968e+00
    endloop
  endfacet
  facet normal 0.000000e+00 9.801714e-02 9.951847e-01
    outer loop
      vertex   1.141541e+01 8.982201e+01 9.080968e+00
      vertex   5.991275e+00 8.982201e+01 9.080968e+00
      vertex   5.671424e-01 8.952937e+01 9.109790e+00
    endloop
  endfacet
  facet normal 3.123948e-16 2.902847e-01 9.569403e-01
    outer loop
      vertex   5.671424e-01 9.010340e+01 8.995610e+00
      vertex   5.671424e-01 8.982201e+01 9.080968e+00
      vertex   5.991275e+00 8.982201e+01 9.080968e+00
    endloop
  endfacet
  facet normal 3.259145e-16 9.801714e-02 9.951847e-01
    outer loop
      vertex   5.991275e+00 8.982201e+01 9.080968e+00
      vertex   5.671424e-01 8.982201e+01 9.080968e+00
      vertex   5.671424e-01 8.952937e+01 9.109790e+00
    endloop
  endfacet
  facet normal -1.284375e-18 7.730105e-01 6.343933e-01
    outer loop
      vertex   3.311194e+01 9.059003e+01 8.670450e+00
      vertex   3.311194e+01 9.077658e+01 8.443146e+00
      vertex   2.768781e+01 9.077658e+01 8.443146e+00
    endloop
  endfacet
  facet normal -0.000000e+00 8.819213e-01 4.713967e-01
    outer loop
      vertex   2.768781e+01 9.077658e+01 8.443146e+00
      vertex   3.311194e+01 9.077658e+01 8.443146e+00
      vertex   2.768781e+01 9.091519e+01 8.183815e+00
    endloop
  endfacet
  facet normal -5.685036e-19 8.819213e-01 4.713967e-01
    outer loop
      vertex   2.768781e+01 9.077658e+01 8.443146e+00
      vertex   2.768781e+01 9.091519e+01 8.183815e+00
      vertex   2.226367e+01 9.091519e+01 8.183815e+00
    endloop
  endfacet
  facet normal -0.000000e+00 9.569403e-01 2.902847e-01
    outer loop
      vertex   2.226367e+01 9.091519e+01 8.183815e+00
      vertex   2.768781e+01 9.091519e+01 8.183815e+00
      vertex   2.226367e+01 9.100055e+01 7.902426e+00
    endloop
  endfacet
  facet normal 4.814273e-17 9.569403e-01 2.902847e-01
    outer loop
      vertex   2.226367e+01 9.091519e+01 8.183815e+00
      vertex   2.226367e+01 9.100055e+01 7.902426e+00
      vertex   1.683954e+01 9.100055e+01 7.902426e+00
    endloop
  endfacet
  facet normal 1.604989e-17 9.951847e-01 9.801714e-02
    outer loop
      vertex   1.683954e+01 9.100055e+01 7.902426e+00
      vertex   2.226367e+01 9.100055e+01 7.902426e+00
      vertex   3.311194e+01 9.102937e+01 7.609790e+00
    endloop
  endfacet
  facet normal -9.004101e-21 9.951847e-01 9.801714e-02
    outer loop
      vertex   1.683954e+01 9.100055e+01 7.902426e+00
      vertex   3.311194e+01 9.102937e+01 7.609790e+00
      vertex   5.671424e-01 9.102937e+01 7.609790e+00
    endloop
  endfacet
  facet normal -5.685036e-19 8.819213e-01 4.713967e-01
    outer loop
      vertex   3.311194e+01 9.077658e+01 8.443146e+00
      vertex   3.311194e+01 9.091519e+01 8.183815e+00
      vertex   2.768781e+01 9.091519e+01 8.183815e+00
    endloop
  endfacet
  facet normal -0.000000e+00 9.569403e-01 2.902847e-01
    outer loop
      vertex   2.768781e+01 9.091519e+01 8.183815e+00
      vertex   3.311194e+01 9.091519e+01 8.183815e+00
      vertex   2.768781e+01 9.100055e+01 7.902426e+00
    endloop
  endfacet
  facet normal 6.098576e-19 9.569403e-01 2.902847e-01
    outer loop
      vertex   2.768781e+01 9.091519e+01 8.183815e+00
      vertex   2.768781e+01 9.100055e+01 7.902426e+00
      vertex   2.226367e+01 9.100055e+01 7.902426e+00
    endloop
  endfacet
  facet normal -0.000000e+00 9.951847e-01 9.801714e-02
    outer loop
      vertex   2.226367e+01 9.100055e+01 7.902426e+00
      vertex   2.768781e+01 9.100055e+01 7.902426e+00
      vertex   3.311194e+01 9.102937e+01 7.609790e+00
    endloop
  endfacet
  facet normal 6.098576e-19 9.569403e-01 2.902847e-01
    outer loop
      vertex   3.311194e+01 9.091519e+01 8.183815e+00
      vertex   3.311194e+01 9.100055e+01 7.902426e+00
      vertex   2.768781e+01 9.100055e+01 7.902426e+00
    endloop
  endfacet
  facet normal -0.000000e+00 9.951847e-01 9.801714e-02
    outer loop
      vertex   2.768781e+01 9.100055e+01 7.902426e+00
      vertex   3.311194e+01 9.100055e+01 7.902426e+00
      vertex   3.311194e+01 9.102937e+01 7.609790e+00
    endloop
  endfacet
  facet normal 0.000000e+00 9.569403e-01 2.902847e-01
    outer loop
      vertex   1.141541e+01 9.100055e+01 7.902426e+00
      vertex   5.991275e+00 9.100055e+01 7.902426e+00
      vertex   1.141541e+01 9.091519e+01 8.183815e+00
    endloop
  endfacet
  facet normal 0.000000e+00 9.569403e-01 2.902847e-01
    outer loop
      vertex   1.141541e+01 9.091519e+01 8.183815e+00
      vertex   5.991275e+00 9.100055e+01 7.902426e+00
      vertex   5.991275e+00 9.091519e+01 8.183815e+00
    endloop
  endfacet
  facet normal 0.000000e+00 8.819213e-01 4.713967e-01
    outer loop
      vertex   1.141541e+01 9.091519e+01 8.183815e+00
      vertex   5.991275e+00 9.091519e+01 8.183815e+00
      vertex   1.141541e+01 9.077658e+01 8.443146e+00
    endloop
  endfacet
  facet normal 0.000000e+00 8.819213e-01 4.713967e-01
    outer loop
      vertex   1.141541e+01 9.077658e+01 8.443146e+00
      vertex   5.991275e+00 9.091519e+01 8.183815e+00
      vertex   5.991275e+00 9.077658e+01 8.443146e+00
    endloop
  endfacet
  facet normal 0.000000e+00 7.730105e-01 6.343933e-01
    outer loop
      vertex   1.141541e+01 9.077658e+01 8.443146e+00
      vertex   5.991275e+00 9.077658e+01 8.443146e+00
      vertex   1.141541e+01 9.059003e+01 8.670450e+00
    endloop
  endfacet
  facet normal 2.077584e-16 7.730105e-01 6.343933e-01
    outer loop
      vertex   1.141541e+01 9.059003e+01 8.670450e+00
      vertex   5.991275e+00 9.077658e+01 8.443146e+00
      vertex   5.991275e+00 9.059003e+01 8.670450e+00
    endloop
  endfacet
  facet normal 2.531543e-16 6.343933e-01 7.730105e-01
    outer loop
      vertex   1.141541e+01 9.059003e+01 8.670450e+00
      vertex   5.991275e+00 9.059003e+01 8.670450e+00
      vertex   1.141541e+01 9.036273e+01 8.856995e+00
    endloop
  endfacet
  facet normal 9.599795e-17 9.569403e-01 2.902847e-01
    outer loop
      vertex   1.141541e+01 9.100055e+01 7.902426e+00
      vertex   1.141541e+01 9.091519e+01 8.183815e+00
      vertex   1.683954e+01 9.091519e+01 8.183815e+00
    endloop
  endfacet
  facet normal 1.543784e-16 8.819213e-01 4.713967e-01
    outer loop
      vertex   1.683954e+01 9.091519e+01 8.183815e+00
      vertex   1.141541e+01 9.091519e+01 8.183815e+00
      vertex   1.683954e+01 9.077658e+01 8.443146e+00
    endloop
  endfacet
  facet normal 1.539368e-16 8.819213e-01 4.713967e-01
    outer loop
      vertex   1.683954e+01 9.091519e+01 8.183815e+00
      vertex   1.683954e+01 9.077658e+01 8.443146e+00
      vertex   2.226367e+01 9.077658e+01 8.443146e+00
    endloop
  endfacet
  facet normal 2.077584e-16 7.730105e-01 6.343933e-01
    outer loop
      vertex   2.226367e+01 9.077658e+01 8.443146e+00
      vertex   1.683954e+01 9.077658e+01 8.443146e+00
      vertex   2.226367e+01 9.059003e+01 8.670450e+00
    endloop
  endfacet
  facet normal -1.284375e-18 7.730105e-01 6.343933e-01
    outer loop
      vertex   2.226367e+01 9.077658e+01 8.443146e+00
      vertex   2.226367e+01 9.059003e+01 8.670450e+00
      vertex   2.768781e+01 9.059003e+01 8.670450e+00
    endloop
  endfacet
  facet normal 0.000000e+00 6.343933e-01 7.730105e-01
    outer loop
      vertex   2.768781e+01 9.059003e+01 8.670450e+00
      vertex   2.226367e+01 9.059003e+01 8.670450e+00
      vertex   2.768781e+01 9.036273e+01 8.856995e+00
    endloop
  endfacet
  facet normal 0.000000e+00 8.819213e-01 4.713967e-01
    outer loop
      vertex   1.683954e+01 9.077658e+01 8.443146e+00
      vertex   1.141541e+01 9.091519e+01 8.183815e+00
      vertex   1.141541e+01 9.077658e+01 8.443146e+00
    endloop
  endfacet
  facet normal 0.000000e+00 7.730105e-01 6.343933e-01
    outer loop
      vertex   1.683954e+01 9.077658e+01 8.443146e+00
      vertex   1.141541e+01 9.077658e+01 8.443146e+00
      vertex   1.683954e+01 9.059003e+01 8.670450e+00
    endloop
  endfacet
  facet normal 2.077584e-16 7.730105e-01 6.343933e-01
    outer loop
      vertex   1.683954e+01 9.059003e+01 8.670450e+00
      vertex   1.141541e+01 9.077658e+01 8.443146e+00
      vertex   1.141541e+01 9.059003e+01 8.670450e+00
    endloop
  endfacet
  facet normal 2.531543e-16 6.343933e-01 7.730105e-01
    outer loop
      vertex   1.683954e+01 9.059003e+01 8.670450e+00
      vertex   1.141541e+01 9.059003e+01 8.670450e+00
      vertex   1.683954e+01 9.036273e+01 8.856995e+00
    endloop
  endfacet
  facet normal 0.000000e+00 6.343933e-01 7.730105e-01
    outer loop
      vertex   1.683954e+01 9.036273e+01 8.856995e+00
      vertex   1.141541e+01 9.059003e+01 8.670450e+00
      vertex   1.141541e+01 9.036273e+01 8.856995e+00
    endloop
  endfacet
  facet normal 0.000000e+00 4.713967e-01 8.819213e-01
    outer loop
      vertex   1.683954e+01 9.036273e+01 8.856995e+00
      vertex   1.141541e+01 9.036273e+01 8.856995e+00
      vertex   1.683954e+01 9.010340e+01 8.995610e+00
    endloop
  endfacet
  facet normal 2.001657e-18 7.730105e-01 6.343933e-01
    outer loop
      vertex   1.683954e+01 9.077658e+01 8.443146e+00
      vertex   1.683954e+01 9.059003e+01 8.670450e+00
      vertex   2.226367e+01 9.059003e+01 8.670450e+00
    endloop
  endfacet
  facet normal 0.000000e+00 6.343933e-01 7.730105e-01
    outer loop
      vertex   2.226367e+01 9.059003e+01 8.670450e+00
      vertex   1.683954e+01 9.059003e+01 8.670450e+00
      vertex   2.226367e+01 9.036273e+01 8.856995e+00
    endloop
  endfacet
  facet normal -1.315743e-18 6.343933e-01 7.730105e-01
    outer loop
      vertex   2.226367e+01 9.059003e+01 8.670450e+00
      vertex   2.226367e+01 9.036273e+01 8.856995e+00
      vertex   2.768781e+01 9.036273e+01 8.856995e+00
    endloop
  endfacet
  facet normal 0.000000e+00 4.713967e-01 8.819213e-01
    outer loop
      vertex   2.768781e+01 9.036273e+01 8.856995e+00
      vertex   2.226367e+01 9.036273e+01 8.856995e+00
      vertex   2.768781e+01 9.010340e+01 8.995610e+00
    endloop
  endfacet
  facet normal 2.531543e-16 6.343933e-01 7.730105e-01
    outer loop
      vertex   2.226367e+01 9.036273e+01 8.856995e+00
      vertex   1.683954e+01 9.059003e+01 8.670450e+00
      vertex   1.683954e+01 9.036273e+01 8.856995e+00
    endloop
  endfacet
  facet normal 2.888216e-16 4.713967e-01 8.819213e-01
    outer loop
      vertex   2.226367e+01 9.036273e+01 8.856995e+00
      vertex   1.683954e+01 9.036273e+01 8.856995e+00
      vertex   2.226367e+01 9.010340e+01 8.995610e+00
    endloop
  endfacet
  facet normal 0.000000e+00 4.713967e-01 8.819213e-01
    outer loop
      vertex   2.226367e+01 9.010340e+01 8.995610e+00
      vertex   1.683954e+01 9.036273e+01 8.856995e+00
      vertex   1.683954e+01 9.010340e+01 8.995610e+00
    endloop
  endfacet
  facet normal 0.000000e+00 2.902847e-01 9.569403e-01
    outer loop
      vertex   2.226367e+01 9.010340e+01 8.995610e+00
      vertex   1.683954e+01 9.010340e+01 8.995610e+00
      vertex   2.226367e+01 8.982201e+01 9.080968e+00
    endloop
  endfacet
  facet normal -9.949749e-19 2.902847e-01 9.569403e-01
    outer loop
      vertex   2.768781e+01 8.982201e+01 9.080968e+00
      vertex   2.768781e+01 9.010340e+01 8.995610e+00
      vertex   2.226367e+01 9.010340e+01 8.995610e+00
    endloop
  endfacet
  facet normal -0.000000e+00 4.713967e-01 8.819213e-01
    outer loop
      vertex   2.226367e+01 9.010340e+01 8.995610e+00
      vertex   2.768781e+01 9.010340e+01 8.995610e+00
      vertex   2.226367e+01 9.036273e+01 8.856995e+00
    endloop
  endfacet
  facet normal 0.000000e+00 2.902847e-01 9.569403e-01
    outer loop
      vertex   2.768781e+01 8.982201e+01 9.080968e+00
      vertex   2.226367e+01 9.010340e+01 8.995610e+00
      vertex   2.226367e+01 8.982201e+01 9.080968e+00
    endloop
  endfacet
  facet normal 9.951847e-01 0.000000e+00 9.801714e-02
    outer loop
      vertex   3.458312e+01 8.952937e+01 7.902426e+00
      vertex   3.458312e+01 8.366426e+01 7.902426e+00
      vertex   3.461194e+01 8.952937e+01 7.609790e+00
    endloop
  endfacet
  facet normal 9.951847e-01 9.965434e-20 9.801714e-02
    outer loop
      vertex   3.461194e+01 8.952937e+01 7.609790e+00
      vertex   3.458312e+01 8.366426e+01 7.902426e+00
      vertex   3.458312e+01 7.779914e+01 7.902426e+00
    endloop
  endfacet
  facet normal 9.951847e-01 9.965434e-20 9.801714e-02
    outer loop
      vertex   3.461194e+01 8.952937e+01 7.609790e+00
      vertex   3.458312e+01 7.779914e+01 7.902426e+00
      vertex   3.458312e+01 7.193402e+01 7.902426e+00
    endloop
  endfacet
  facet normal 9.569403e-01 -0.000000e+00 2.902847e-01
    outer loop
      vertex   3.458312e+01 7.193402e+01 7.902426e+00
      vertex   3.458312e+01 7.779914e+01 7.902426e+00
      vertex   3.449776e+01 7.193402e+01 8.183815e+00
    endloop
  endfacet
  facet normal 9.569403e-01 8.621215e-19 2.902847e-01
    outer loop
      vertex   3.458312e+01 7.193402e+01 7.902426e+00
      vertex   3.449776e+01 7.193402e+01 8.183815e+00
      vertex   3.449776e+01 6.606891e+01 8.183815e+00
    endloop
  endfacet
  facet normal 8.819213e-01 -0.000000e+00 4.713967e-01
    outer loop
      vertex   3.449776e+01 6.606891e+01 8.183815e+00
      vertex   3.449776e+01 7.193402e+01 8.183815e+00
      vertex   3.435914e+01 6.606891e+01 8.443146e+00
    endloop
  endfacet
  facet normal 8.819213e-01 1.422453e-16 4.713967e-01
    outer loop
      vertex   3.449776e+01 6.606891e+01 8.183815e+00
      vertex   3.435914e+01 6.606891e+01 8.443146e+00
      vertex   3.435914e+01 6.020379e+01 8.443146e+00
    endloop
  endfacet
  facet normal 7.730105e-01 1.921375e-16 6.343933e-01
    outer loop
      vertex   3.435914e+01 6.020379e+01 8.443146e+00
      vertex   3.435914e+01 6.606891e+01 8.443146e+00
      vertex   3.417260e+01 6.020379e+01 8.670450e+00
    endloop
  endfacet
  facet normal 7.730105e-01 1.921375e-16 6.343933e-01
    outer loop
      vertex   3.417260e+01 6.020379e+01 8.670450e+00
      vertex   3.435914e+01 6.606891e+01 8.443146e+00
      vertex   3.417260e+01 6.606891e+01 8.670450e+00
    endloop
  endfacet
  facet normal 6.343933e-01 2.341203e-16 7.730105e-01
    outer loop
      vertex   3.417260e+01 6.020379e+01 8.670450e+00
      vertex   3.417260e+01 6.606891e+01 8.670450e+00
      vertex   3.394529e+01 6.020379e+01 8.856995e+00
    endloop
  endfacet
  facet normal 6.343933e-01 -0.000000e+00 7.730105e-01
    outer loop
      vertex   3.394529e+01 6.020379e+01 8.856995e+00
      vertex   3.417260e+01 6.606891e+01 8.670450e+00
      vertex   3.394529e+01 6.606891e+01 8.856995e+00
    endloop
  endfacet
  facet normal 4.713967e-01 -0.000000e+00 8.819213e-01
    outer loop
      vertex   3.394529e+01 6.020379e+01 8.856995e+00
      vertex   3.394529e+01 6.606891e+01 8.856995e+00
      vertex   3.368596e+01 6.020379e+01 8.995610e+00
    endloop
  endfacet
  facet normal 4.713967e-01 -2.671059e-16 8.819213e-01
    outer loop
      vertex   3.368596e+01 6.020379e+01 8.995610e+00
      vertex   3.394529e+01 6.606891e+01 8.856995e+00
      vertex   3.368596e+01 6.606891e+01 8.995610e+00
    endloop
  endfacet
  facet normal 2.902847e-01 -2.898268e-16 9.569403e-01
    outer loop
      vertex   3.368596e+01 6.020379e+01 8.995610e+00
      vertex   3.368596e+01 6.606891e+01 8.995610e+00
      vertex   3.340457e+01 6.020379e+01 9.080968e+00
    endloop
  endfacet
  facet normal 2.902847e-01 -0.000000e+00 9.569403e-01
    outer loop
      vertex   3.340457e+01 6.020379e+01 9.080968e+00
      vertex   3.368596e+01 6.606891e+01 8.995610e+00
      vertex   3.340457e+01 6.606891e+01 9.080968e+00
    endloop
  endfacet
  facet normal 9.801714e-02 -0.000000e+00 9.951847e-01
    outer loop
      vertex   3.340457e+01 6.020379e+01 9.080968e+00
      vertex   3.340457e+01 6.606891e+01 9.080968e+00
      vertex   3.311194e+01 6.020379e+01 9.109790e+00
    endloop
  endfacet
  facet normal 9.801714e-02 4.506035e-19 9.951847e-01
    outer loop
      vertex   3.311194e+01 6.020379e+01 9.109790e+00
      vertex   3.340457e+01 6.606891e+01 9.080968e+00
      vertex   3.340457e+01 7.193402e+01 9.080968e+00
    endloop
  endfacet
  facet normal 9.801714e-02 4.506035e-19 9.951847e-01
    outer loop
      vertex   3.311194e+01 6.020379e+01 9.109790e+00
      vertex   3.340457e+01 7.193402e+01 9.080968e+00
      vertex   3.340457e+01 7.779914e+01 9.080968e+00
    endloop
  endfacet
  facet normal 2.902847e-01 0.000000e+00 9.569403e-01
    outer loop
      vertex   3.340457e+01 7.779914e+01 9.080968e+00
      vertex   3.340457e+01 7.193402e+01 9.080968e+00
      vertex   3.368596e+01 7.779914e+01 8.995610e+00
    endloop
  endfacet
  facet normal 2.902847e-01 5.744151e-19 9.569403e-01
    outer loop
      vertex   3.340457e+01 7.779914e+01 9.080968e+00
      vertex   3.368596e+01 7.779914e+01 8.995610e+00
      vertex   3.368596e+01 8.366426e+01 8.995610e+00
    endloop
  endfacet
  facet normal 4.713967e-01 0.000000e+00 8.819213e-01
    outer loop
      vertex   3.368596e+01 8.366426e+01 8.995610e+00
      vertex   3.368596e+01 7.779914e+01 8.995610e+00
      vertex   3.394529e+01 8.366426e+01 8.856995e+00
    endloop
  endfacet
  facet normal 4.713967e-01 2.686505e-16 8.819213e-01
    outer loop
      vertex   3.368596e+01 8.366426e+01 8.995610e+00
      vertex   3.394529e+01 8.366426e+01 8.856995e+00
      vertex   3.394529e+01 8.952937e+01 8.856995e+00
    endloop
  endfacet
  facet normal 6.343933e-01 2.341203e-16 7.730105e-01
    outer loop
      vertex   3.394529e+01 8.952937e+01 8.856995e+00
      vertex   3.394529e+01 8.366426e+01 8.856995e+00
      vertex   3.417260e+01 8.952937e+01 8.670450e+00
    endloop
  endfacet
  facet normal 6.343933e-01 0.000000e+00 7.730105e-01
    outer loop
      vertex   3.417260e+01 8.952937e+01 8.670450e+00
      vertex   3.394529e+01 8.366426e+01 8.856995e+00
      vertex   3.417260e+01 8.366426e+01 8.670450e+00
    endloop
  endfacet
  facet normal 7.730105e-01 0.000000e+00 6.343933e-01
    outer loop
      vertex   3.417260e+01 8.952937e+01 8.670450e+00
      vertex   3.417260e+01 8.366426e+01 8.670450e+00
      vertex   3.435914e+01 8.952937e+01 8.443146e+00
    endloop
  endfacet
  facet normal 7.730105e-01 0.000000e+00 6.343933e-01
    outer loop
      vertex   3.435914e+01 8.952937e+01 8.443146e+00
      vertex   3.417260e+01 8.366426e+01 8.670450e+00
      vertex   3.435914e+01 8.366426e+01 8.443146e+00
    endloop
  endfacet
  facet normal 8.819213e-01 0.000000e+00 4.713967e-01
    outer loop
      vertex   3.435914e+01 8.952937e+01 8.443146e+00
      vertex   3.435914e+01 8.366426e+01 8.443146e+00
      vertex   3.449776e+01 8.952937e+01 8.183815e+00
    endloop
  endfacet
  facet normal 8.819213e-01 0.000000e+00 4.713967e-01
    outer loop
      vertex   3.449776e+01 8.952937e+01 8.183815e+00
      vertex   3.435914e+01 8.366426e+01 8.443146e+00
      vertex   3.449776e+01 8.366426e+01 8.183815e+00
    endloop
  endfacet
  facet normal 9.569403e-01 0.000000e+00 2.902847e-01
    outer loop
      vertex   3.449776e+01 8.952937e+01 8.183815e+00
      vertex   3.449776e+01 8.366426e+01 8.183815e+00
      vertex   3.458312e+01 8.952937e+01 7.902426e+00
    endloop
  endfacet
  facet normal 9.569403e-01 0.000000e+00 2.902847e-01
    outer loop
      vertex   3.458312e+01 8.952937e+01 7.902426e+00
      vertex   3.449776e+01 8.366426e+01 8.183815e+00
      vertex   3.458312e+01 8.366426e+01 7.902426e+00
    endloop
  endfacet
  facet normal 4.713967e-01 2.686505e-16 8.819213e-01
    outer loop
      vertex   3.394529e+01 8.952937e+01 8.856995e+00
      vertex   3.368596e+01 8.952937e+01 8.995610e+00
      vertex   3.368596e+01 8.366426e+01 8.995610e+00
    endloop
  endfacet
  facet normal 2.902847e-01 2.898268e-16 9.569403e-01
    outer loop
      vertex   3.368596e+01 8.366426e+01 8.995610e+00
      vertex   3.368596e+01 8.952937e+01 8.995610e+00
      vertex   3.340457e+01 8.366426e+01 9.080968e+00
    endloop
  endfacet
  facet normal 2.902847e-01 5.744151e-19 9.569403e-01
    outer loop
      vertex   3.368596e+01 8.366426e+01 8.995610e+00
      vertex   3.340457e+01 8.366426e+01 9.080968e+00
      vertex   3.340457e+01 7.779914e+01 9.080968e+00
    endloop
  endfacet
  facet normal 9.801714e-02 -0.000000e+00 9.951847e-01
    outer loop
      vertex   3.340457e+01 7.779914e+01 9.080968e+00
      vertex   3.340457e+01 8.366426e+01 9.080968e+00
      vertex   3.311194e+01 8.952937e+01 9.109790e+00
    endloop
  endfacet
  facet normal 9.801714e-02 2.382803e-17 9.951847e-01
    outer loop
      vertex   3.340457e+01 7.779914e+01 9.080968e+00
      vertex   3.311194e+01 8.952937e+01 9.109790e+00
      vertex   3.311194e+01 6.020379e+01 9.109790e+00
    endloop
  endfacet
  facet normal 2.902847e-01 2.902573e-16 9.569403e-01
    outer loop
      vertex   3.368596e+01 8.952937e+01 8.995610e+00
      vertex   3.340457e+01 8.952937e+01 9.080968e+00
      vertex   3.340457e+01 8.366426e+01 9.080968e+00
    endloop
  endfacet
  facet normal 9.801714e-02 3.014098e-16 9.951847e-01
    outer loop
      vertex   3.340457e+01 8.366426e+01 9.080968e+00
      vertex   3.340457e+01 8.952937e+01 9.080968e+00
      vertex   3.311194e+01 8.952937e+01 9.109790e+00
    endloop
  endfacet
  facet normal 8.819213e-01 -5.257593e-19 4.713967e-01
    outer loop
      vertex   3.435914e+01 6.020379e+01 8.443146e+00
      vertex   3.449776e+01 6.020379e+01 8.183815e+00
      vertex   3.449776e+01 6.606891e+01 8.183815e+00
    endloop
  endfacet
  facet normal 9.569403e-01 0.000000e+00 2.902847e-01
    outer loop
      vertex   3.449776e+01 6.606891e+01 8.183815e+00
      vertex   3.449776e+01 6.020379e+01 8.183815e+00
      vertex   3.458312e+01 6.606891e+01 7.902426e+00
    endloop
  endfacet
  facet normal 9.569403e-01 8.621215e-19 2.902847e-01
    outer loop
      vertex   3.449776e+01 6.606891e+01 8.183815e+00
      vertex   3.458312e+01 6.606891e+01 7.902426e+00
      vertex   3.458312e+01 7.193402e+01 7.902426e+00
    endloop
  endfacet
  facet normal 9.951847e-01 0.000000e+00 9.801714e-02
    outer loop
      vertex   3.458312e+01 7.193402e+01 7.902426e+00
      vertex   3.458312e+01 6.606891e+01 7.902426e+00
      vertex   3.461194e+01 6.020379e+01 7.609790e+00
    endloop
  endfacet
  facet normal 9.951847e-01 -2.411813e-16 9.801714e-02
    outer loop
      vertex   3.458312e+01 7.193402e+01 7.902426e+00
      vertex   3.461194e+01 6.020379e+01 7.609790e+00
      vertex   3.461194e+01 8.952937e+01 7.609790e+00
    endloop
  endfacet
  facet normal 9.569403e-01 8.621215e-19 2.902847e-01
    outer loop
      vertex   3.449776e+01 6.020379e+01 8.183815e+00
      vertex   3.458312e+01 6.020379e+01 7.902426e+00
      vertex   3.458312e+01 6.606891e+01 7.902426e+00
    endloop
  endfacet
  facet normal 9.951847e-01 0.000000e+00 9.801714e-02
    outer loop
      vertex   3.458312e+01 6.606891e+01 7.902426e+00
      vertex   3.458312e+01 6.020379e+01 7.902426e+00
      vertex   3.461194e+01 6.020379e+01 7.609790e+00
    endloop
  endfacet
  facet normal 9.569403e-01 -0.000000e+00 2.902847e-01
    outer loop
      vertex   3.458312e+01 7.779914e+01 7.902426e+00
      vertex   3.458312e+01 8.366426e+01 7.902426e+00
      vertex   3.449776e+01 7.779914e+01 8.183815e+00
    endloop
  endfacet
  facet normal 9.569403e-01 -0.000000e+00 2.902847e-01
    outer loop
      vertex   3.449776e+01 7.779914e+01 8.183815e+00
      vertex   3.458312e+01 8.366426e+01 7.902426e+00
      vertex   3.449776e+01 8.366426e+01 8.183815e+00
    endloop
  endfacet
  facet normal 8.819213e-01 -0.000000e+00 4.713967e-01
    outer loop
      vertex   3.449776e+01 7.779914e+01 8.183815e+00
      vertex   3.449776e+01 8.366426e+01 8.183815e+00
      vertex   3.435914e+01 7.779914e+01 8.443146e+00
    endloop
  endfacet
  facet normal 8.819213e-01 -0.000000e+00 4.713967e-01
    outer loop
      vertex   3.435914e+01 7.779914e+01 8.443146e+00
      vertex   3.449776e+01 8.366426e+01 8.183815e+00
      vertex   3.435914e+01 8.366426e+01 8.443146e+00
    endloop
  endfacet
  facet normal 7.730105e-01 -0.000000e+00 6.343933e-01
    outer loop
      vertex   3.435914e+01 7.779914e+01 8.443146e+00
      vertex   3.435914e+01 8.366426e+01 8.443146e+00
      vertex   3.417260e+01 7.779914e+01 8.670450e+00
    endloop
  endfacet
  facet normal 7.730105e-01 -0.000000e+00 6.343933e-01
    outer loop
      vertex   3.417260e+01 7.779914e+01 8.670450e+00
      vertex   3.435914e+01 8.366426e+01 8.443146e+00
      vertex   3.417260e+01 8.366426e+01 8.670450e+00
    endloop
  endfacet
  facet normal 6.343933e-01 -0.000000e+00 7.730105e-01
    outer loop
      vertex   3.417260e+01 7.779914e+01 8.670450e+00
      vertex   3.417260e+01 8.366426e+01 8.670450e+00
      vertex   3.394529e+01 7.779914e+01 8.856995e+00
    endloop
  endfacet
  facet normal 6.343933e-01 -2.341203e-16 7.730105e-01
    outer loop
      vertex   3.394529e+01 7.779914e+01 8.856995e+00
      vertex   3.417260e+01 8.366426e+01 8.670450e+00
      vertex   3.394529e+01 8.366426e+01 8.856995e+00
    endloop
  endfacet
  facet normal 4.713967e-01 -2.671059e-16 8.819213e-01
    outer loop
      vertex   3.394529e+01 7.779914e+01 8.856995e+00
      vertex   3.394529e+01 8.366426e+01 8.856995e+00
      vertex   3.368596e+01 7.779914e+01 8.995610e+00
    endloop
  endfacet
  facet normal 9.569403e-01 8.621215e-19 2.902847e-01
    outer loop
      vertex   3.458312e+01 7.779914e+01 7.902426e+00
      vertex   3.449776e+01 7.779914e+01 8.183815e+00
      vertex   3.449776e+01 7.193402e+01 8.183815e+00
    endloop
  endfacet
  facet normal 8.819213e-01 -0.000000e+00 4.713967e-01
    outer loop
      vertex   3.449776e+01 7.193402e+01 8.183815e+00
      vertex   3.449776e+01 7.779914e+01 8.183815e+00
      vertex   3.435914e+01 7.193402e+01 8.443146e+00
    endloop
  endfacet
  facet normal 8.819213e-01 -1.413438e-16 4.713967e-01
    outer loop
      vertex   3.449776e+01 7.193402e+01 8.183815e+00
      vertex   3.435914e+01 7.193402e+01 8.443146e+00
      vertex   3.435914e+01 6.606891e+01 8.443146e+00
    endloop
  endfacet
  facet normal 7.730105e-01 -1.921375e-16 6.343933e-01
    outer loop
      vertex   3.435914e+01 6.606891e+01 8.443146e+00
      vertex   3.435914e+01 7.193402e+01 8.443146e+00
      vertex   3.417260e+01 6.606891e+01 8.670450e+00
    endloop
  endfacet
  facet normal 8.819213e-01 -0.000000e+00 4.713967e-01
    outer loop
      vertex   3.435914e+01 7.193402e+01 8.443146e+00
      vertex   3.449776e+01 7.779914e+01 8.183815e+00
      vertex   3.435914e+01 7.779914e+01 8.443146e+00
    endloop
  endfacet
  facet normal 7.730105e-01 -0.000000e+00 6.343933e-01
    outer loop
      vertex   3.435914e+01 7.193402e+01 8.443146e+00
      vertex   3.435914e+01 7.779914e+01 8.443146e+00
      vertex   3.417260e+01 7.193402e+01 8.670450e+00
    endloop
  endfacet
  facet normal 7.730105e-01 -0.000000e+00 6.343933e-01
    outer loop
      vertex   3.417260e+01 7.193402e+01 8.670450e+00
      vertex   3.435914e+01 7.779914e+01 8.443146e+00
      vertex   3.417260e+01 7.779914e+01 8.670450e+00
    endloop
  endfacet
  facet normal 6.343933e-01 -0.000000e+00 7.730105e-01
    outer loop
      vertex   3.417260e+01 7.193402e+01 8.670450e+00
      vertex   3.417260e+01 7.779914e+01 8.670450e+00
      vertex   3.394529e+01 7.193402e+01 8.856995e+00
    endloop
  endfacet
  facet normal 6.343933e-01 -0.000000e+00 7.730105e-01
    outer loop
      vertex   3.394529e+01 7.193402e+01 8.856995e+00
      vertex   3.417260e+01 7.779914e+01 8.670450e+00
      vertex   3.394529e+01 7.779914e+01 8.856995e+00
    endloop
  endfacet
  facet normal 4.713967e-01 -0.000000e+00 8.819213e-01
    outer loop
      vertex   3.394529e+01 7.193402e+01 8.856995e+00
      vertex   3.394529e+01 7.779914e+01 8.856995e+00
      vertex   3.368596e+01 7.193402e+01 8.995610e+00
    endloop
  endfacet
  facet normal 4.713967e-01 -0.000000e+00 8.819213e-01
    outer loop
      vertex   3.368596e+01 7.193402e+01 8.995610e+00
      vertex   3.394529e+01 7.779914e+01 8.856995e+00
      vertex   3.368596e+01 7.779914e+01 8.995610e+00
    endloop
  endfacet
  facet normal 2.902847e-01 -0.000000e+00 9.569403e-01
    outer loop
      vertex   3.368596e+01 7.193402e+01 8.995610e+00
      vertex   3.368596e+01 7.779914e+01 8.995610e+00
      vertex   3.340457e+01 7.193402e+01 9.080968e+00
    endloop
  endfacet
  facet normal 6.343933e-01 -2.322498e-16 7.730105e-01
    outer loop
      vertex   3.394529e+01 6.606891e+01 8.856995e+00
      vertex   3.417260e+01 6.606891e+01 8.670450e+00
      vertex   3.417260e+01 7.193402e+01 8.670450e+00
    endloop
  endfacet
  facet normal 7.730105e-01 -1.921375e-16 6.343933e-01
    outer loop
      vertex   3.417260e+01 7.193402e+01 8.670450e+00
      vertex   3.417260e+01 6.606891e+01 8.670450e+00
      vertex   3.435914e+01 7.193402e+01 8.443146e+00
    endloop
  endfacet
  facet normal 6.343933e-01 -0.000000e+00 7.730105e-01
    outer loop
      vertex   3.394529e+01 6.606891e+01 8.856995e+00
      vertex   3.417260e+01 7.193402e+01 8.670450e+00
      vertex   3.394529e+01 7.193402e+01 8.856995e+00
    endloop
  endfacet
  facet normal 4.713967e-01 1.544631e-18 8.819213e-01
    outer loop
      vertex   3.368596e+01 6.606891e+01 8.995610e+00
      vertex   3.394529e+01 6.606891e+01 8.856995e+00
      vertex   3.394529e+01 7.193402e+01 8.856995e+00
    endloop
  endfacet
  facet normal 4.713967e-01 -0.000000e+00 8.819213e-01
    outer loop
      vertex   3.368596e+01 6.606891e+01 8.995610e+00
      vertex   3.394529e+01 7.193402e+01 8.856995e+00
      vertex   3.368596e+01 7.193402e+01 8.995610e+00
    endloop
  endfacet
  facet normal 2.902847e-01 5.744151e-19 9.569403e-01
    outer loop
      vertex   3.340457e+01 6.606891e+01 9.080968e+00
      vertex   3.368596e+01 6.606891e+01 8.995610e+00
      vertex   3.368596e+01 7.193402e+01 8.995610e+00
    endloop
  endfacet
  facet normal 2.902847e-01 -0.000000e+00 9.569403e-01
    outer loop
      vertex   3.340457e+01 6.606891e+01 9.080968e+00
      vertex   3.368596e+01 7.193402e+01 8.995610e+00
      vertex   3.340457e+01 7.193402e+01 9.080968e+00
    endloop
  endfacet
  facet normal -2.639415e-15 -9.951847e-01 9.801714e-02
    outer loop
      vertex   3.311194e+01 5.873262e+01 7.902426e+00
      vertex   2.768781e+01 5.873262e+01 7.902426e+00
      vertex   3.311194e+01 5.870379e+01 7.609790e+00
    endloop
  endfacet
  facet normal -3.730617e-19 -9.951847e-01 9.801714e-02
    outer loop
      vertex   3.311194e+01 5.870379e+01 7.609790e+00
      vertex   2.768781e+01 5.873262e+01 7.902426e+00
      vertex   2.226367e+01 5.873262e+01 7.902426e+00
    endloop
  endfacet
  facet normal -3.730617e-19 -9.951847e-01 9.801714e-02
    outer loop
      vertex   3.311194e+01 5.870379e+01 7.609790e+00
      vertex   2.226367e+01 5.873262e+01 7.902426e+00
      vertex   1.683954e+01 5.873262e+01 7.902426e+00
    endloop
  endfacet
  facet normal 0.000000e+00 -9.569403e-01 2.902847e-01
    outer loop
      vertex   1.683954e+01 5.873262e+01 7.902426e+00
      vertex   2.226367e+01 5.873262e+01 7.902426e+00
      vertex   1.683954e+01 5.881797e+01 8.183815e+00
    endloop
  endfacet
  facet normal -9.322122e-19 -9.569403e-01 2.902847e-01
    outer loop
      vertex   1.683954e+01 5.873262e+01 7.902426e+00
      vertex   1.683954e+01 5.881797e+01 8.183815e+00
      vertex   1.141541e+01 5.881797e+01 8.183815e+00
    endloop
  endfacet
  facet normal 0.000000e+00 -8.819213e-01 4.713967e-01
    outer loop
      vertex   1.141541e+01 5.881797e+01 8.183815e+00
      vertex   1.683954e+01 5.881797e+01 8.183815e+00
      vertex   1.141541e+01 5.895659e+01 8.443146e+00
    endloop
  endfacet
  facet normal 1.530071e-16 -8.819213e-01 4.713967e-01
    outer loop
      vertex   1.141541e+01 5.881797e+01 8.183815e+00
      vertex   1.141541e+01 5.895659e+01 8.443146e+00
      vertex   5.991275e+00 5.895659e+01 8.443146e+00
    endloop
  endfacet
  facet normal 2.077584e-16 -7.730105e-01 6.343933e-01
    outer loop
      vertex   5.991275e+00 5.895659e+01 8.443146e+00
      vertex   1.141541e+01 5.895659e+01 8.443146e+00
      vertex   5.991275e+00 5.914313e+01 8.670450e+00
    endloop
  endfacet
  facet normal -2.022587e-18 -7.730105e-01 6.343933e-01
    outer loop
      vertex   5.991275e+00 5.895659e+01 8.443146e+00
      vertex   5.991275e+00 5.914313e+01 8.670450e+00
      vertex   5.671424e-01 5.914313e+01 8.670450e+00
    endloop
  endfacet
  facet normal 0.000000e+00 -6.343933e-01 7.730105e-01
    outer loop
      vertex   5.671424e-01 5.914313e+01 8.670450e+00
      vertex   5.991275e+00 5.914313e+01 8.670450e+00
      vertex   5.671424e-01 5.937044e+01 8.856995e+00
    endloop
  endfacet
  facet normal 2.531543e-16 -6.343933e-01 7.730105e-01
    outer loop
      vertex   5.671424e-01 5.937044e+01 8.856995e+00
      vertex   5.991275e+00 5.914313e+01 8.670450e+00
      vertex   5.991275e+00 5.937044e+01 8.856995e+00
    endloop
  endfacet
  facet normal 2.888216e-16 -4.713967e-01 8.819213e-01
    outer loop
      vertex   5.671424e-01 5.937044e+01 8.856995e+00
      vertex   5.991275e+00 5.937044e+01 8.856995e+00
      vertex   5.671424e-01 5.962977e+01 8.995610e+00
    endloop
  endfacet
  facet normal 2.888216e-16 -4.713967e-01 8.819213e-01
    outer loop
      vertex   5.671424e-01 5.962977e+01 8.995610e+00
      vertex   5.991275e+00 5.937044e+01 8.856995e+00
      vertex   5.991275e+00 5.962977e+01 8.995610e+00
    endloop
  endfacet
  facet normal 3.133897e-16 -2.902847e-01 9.569403e-01
    outer loop
      vertex   5.671424e-01 5.962977e+01 8.995610e+00
      vertex   5.991275e+00 5.962977e+01 8.995610e+00
      vertex   5.671424e-01 5.991116e+01 9.080968e+00
    endloop
  endfacet
  facet normal 0.000000e+00 -2.902847e-01 9.569403e-01
    outer loop
      vertex   5.671424e-01 5.991116e+01 9.080968e+00
      vertex   5.991275e+00 5.962977e+01 8.995610e+00
      vertex   5.991275e+00 5.991116e+01 9.080968e+00
    endloop
  endfacet
  facet normal 0.000000e+00 -9.801714e-02 9.951847e-01
    outer loop
      vertex   5.671424e-01 5.991116e+01 9.080968e+00
      vertex   5.991275e+00 5.991116e+01 9.080968e+00
      vertex   5.671424e-01 6.020379e+01 9.109790e+00
    endloop
  endfacet
  facet normal -1.288262e-16 -9.801714e-02 9.951847e-01
    outer loop
      vertex   5.671424e-01 6.020379e+01 9.109790e+00
      vertex   5.991275e+00 5.991116e+01 9.080968e+00
      vertex   1.141541e+01 5.991116e+01 9.080968e+00
    endloop
  endfacet
  facet normal 3.254873e-16 -9.801714e-02 9.951847e-01
    outer loop
      vertex   5.671424e-01 6.020379e+01 9.109790e+00
      vertex   1.141541e+01 5.991116e+01 9.080968e+00
      vertex   1.683954e+01 5.991116e+01 9.080968e+00
    endloop
  endfacet
  facet normal 3.133897e-16 -2.902847e-01 9.569403e-01
    outer loop
      vertex   1.683954e+01 5.991116e+01 9.080968e+00
      vertex   1.141541e+01 5.991116e+01 9.080968e+00
      vertex   1.683954e+01 5.962977e+01 8.995610e+00
    endloop
  endfacet
  facet normal 1.058021e-18 -2.902847e-01 9.569403e-01
    outer loop
      vertex   1.683954e+01 5.991116e+01 9.080968e+00
      vertex   1.683954e+01 5.962977e+01 8.995610e+00
      vertex   2.226367e+01 5.962977e+01 8.995610e+00
    endloop
  endfacet
  facet normal 0.000000e+00 -4.713967e-01 8.819213e-01
    outer loop
      vertex   2.226367e+01 5.962977e+01 8.995610e+00
      vertex   1.683954e+01 5.962977e+01 8.995610e+00
      vertex   2.226367e+01 5.937044e+01 8.856995e+00
    endloop
  endfacet
  facet normal 2.900655e-16 -4.713967e-01 8.819213e-01
    outer loop
      vertex   2.226367e+01 5.962977e+01 8.995610e+00
      vertex   2.226367e+01 5.937044e+01 8.856995e+00
      vertex   2.768781e+01 5.937044e+01 8.856995e+00
    endloop
  endfacet
  facet normal 2.531543e-16 -6.343933e-01 7.730105e-01
    outer loop
      vertex   2.768781e+01 5.937044e+01 8.856995e+00
      vertex   2.226367e+01 5.937044e+01 8.856995e+00
      vertex   2.768781e+01 5.914313e+01 8.670450e+00
    endloop
  endfacet
  facet normal -2.166782e-15 -6.343933e-01 7.730105e-01
    outer loop
      vertex   2.768781e+01 5.937044e+01 8.856995e+00
      vertex   2.768781e+01 5.914313e+01 8.670450e+00
      vertex   3.311194e+01 5.914313e+01 8.670450e+00
    endloop
  endfacet
  facet normal -2.440751e-15 -7.730105e-01 6.343933e-01
    outer loop
      vertex   3.311194e+01 5.914313e+01 8.670450e+00
      vertex   2.768781e+01 5.914313e+01 8.670450e+00
      vertex   3.311194e+01 5.895659e+01 8.443146e+00
    endloop
  endfacet
  facet normal -1.428134e-15 -7.730105e-01 6.343933e-01
    outer loop
      vertex   3.311194e+01 5.895659e+01 8.443146e+00
      vertex   2.768781e+01 5.914313e+01 8.670450e+00
      vertex   2.768781e+01 5.895659e+01 8.443146e+00
    endloop
  endfacet
  facet normal -1.464043e-15 -8.819213e-01 4.713967e-01
    outer loop
      vertex   3.311194e+01 5.895659e+01 8.443146e+00
      vertex   2.768781e+01 5.895659e+01 8.443146e+00
      vertex   3.311194e+01 5.881797e+01 8.183815e+00
    endloop
  endfacet
  facet normal -2.619330e-15 -8.819213e-01 4.713967e-01
    outer loop
      vertex   3.311194e+01 5.881797e+01 8.183815e+00
      vertex   2.768781e+01 5.895659e+01 8.443146e+00
      vertex   2.768781e+01 5.881797e+01 8.183815e+00
    endloop
  endfacet
  facet normal -2.697249e-15 -9.569403e-01 2.902847e-01
    outer loop
      vertex   3.311194e+01 5.881797e+01 8.183815e+00
      vertex   2.768781e+01 5.881797e+01 8.183815e+00
      vertex   3.311194e+01 5.873262e+01 7.902426e+00
    endloop
  endfacet
  facet normal -2.602184e-15 -9.569403e-01 2.902847e-01
    outer loop
      vertex   3.311194e+01 5.873262e+01 7.902426e+00
      vertex   2.768781e+01 5.881797e+01 8.183815e+00
      vertex   2.768781e+01 5.873262e+01 7.902426e+00
    endloop
  endfacet
  facet normal -1.592426e-15 -6.343933e-01 7.730105e-01
    outer loop
      vertex   3.311194e+01 5.914313e+01 8.670450e+00
      vertex   3.311194e+01 5.937044e+01 8.856995e+00
      vertex   2.768781e+01 5.937044e+01 8.856995e+00
    endloop
  endfacet
  facet normal -1.483978e-15 -4.713967e-01 8.819213e-01
    outer loop
      vertex   2.768781e+01 5.937044e+01 8.856995e+00
      vertex   3.311194e+01 5.937044e+01 8.856995e+00
      vertex   2.768781e+01 5.962977e+01 8.995610e+00
    endloop
  endfacet
  facet normal -1.416305e-18 -4.713967e-01 8.819213e-01
    outer loop
      vertex   2.768781e+01 5.937044e+01 8.856995e+00
      vertex   2.768781e+01 5.962977e+01 8.995610e+00
      vertex   2.226367e+01 5.962977e+01 8.995610e+00
    endloop
  endfacet
  facet normal 0.000000e+00 -2.902847e-01 9.569403e-01
    outer loop
      vertex   2.226367e+01 5.962977e+01 8.995610e+00
      vertex   2.768781e+01 5.962977e+01 8.995610e+00
      vertex   2.226367e+01 5.991116e+01 9.080968e+00
    endloop
  endfacet
  facet normal 1.058021e-18 -2.902847e-01 9.569403e-01
    outer loop
      vertex   2.226367e+01 5.962977e+01 8.995610e+00
      vertex   2.226367e+01 5.991116e+01 9.080968e+00
      vertex   1.683954e+01 5.991116e+01 9.080968e+00
    endloop
  endfacet
  facet normal 0.000000e+00 -9.801714e-02 9.951847e-01
    outer loop
      vertex   1.683954e+01 5.991116e+01 9.080968e+00
      vertex   2.226367e+01 5.991116e+01 9.080968e+00
      vertex   3.311194e+01 6.020379e+01 9.109790e+00
    endloop
  endfacet
  facet normal -4.275148e-17 -9.801714e-02 9.951847e-01
    outer loop
      vertex   1.683954e+01 5.991116e+01 9.080968e+00
      vertex   3.311194e+01 6.020379e+01 9.109790e+00
      vertex   5.671424e-01 6.020379e+01 9.109790e+00
    endloop
  endfacet
  facet normal -1.194167e-15 -4.713967e-01 8.819213e-01
    outer loop
      vertex   3.311194e+01 5.937044e+01 8.856995e+00
      vertex   3.311194e+01 5.962977e+01 8.995610e+00
      vertex   2.768781e+01 5.962977e+01 8.995610e+00
    endloop
  endfacet
  facet normal -1.007042e-15 -2.902847e-01 9.569403e-01
    outer loop
      vertex   2.768781e+01 5.962977e+01 8.995610e+00
      vertex   3.311194e+01 5.962977e+01 8.995610e+00
      vertex   2.768781e+01 5.991116e+01 9.080968e+00
    endloop
  endfacet
  facet normal 1.058021e-18 -2.902847e-01 9.569403e-01
    outer loop
      vertex   2.768781e+01 5.962977e+01 8.995610e+00
      vertex   2.768781e+01 5.991116e+01 9.080968e+00
      vertex   2.226367e+01 5.991116e+01 9.080968e+00
    endloop
  endfacet
  facet normal 0.000000e+00 -9.801714e-02 9.951847e-01
    outer loop
      vertex   2.226367e+01 5.991116e+01 9.080968e+00
      vertex   2.768781e+01 5.991116e+01 9.080968e+00
      vertex   3.311194e+01 6.020379e+01 9.109790e+00
    endloop
  endfacet
  facet normal -7.601826e-16 -2.902847e-01 9.569403e-01
    outer loop
      vertex   3.311194e+01 5.962977e+01 8.995610e+00
      vertex   3.311194e+01 5.991116e+01 9.080968e+00
      vertex   2.768781e+01 5.991116e+01 9.080968e+00
    endloop
  endfacet
  facet normal -2.567982e-16 -9.801714e-02 9.951847e-01
    outer loop
      vertex   2.768781e+01 5.991116e+01 9.080968e+00
      vertex   3.311194e+01 5.991116e+01 9.080968e+00
      vertex   3.311194e+01 6.020379e+01 9.109790e+00
    endloop
  endfacet
  facet normal -2.022587e-18 -7.730105e-01 6.343933e-01
    outer loop
      vertex   5.671424e-01 5.914313e+01 8.670450e+00
      vertex   5.671424e-01 5.895659e+01 8.443146e+00
      vertex   5.991275e+00 5.895659e+01 8.443146e+00
    endloop
  endfacet
  facet normal 0.000000e+00 -8.819213e-01 4.713967e-01
    outer loop
      vertex   5.991275e+00 5.895659e+01 8.443146e+00
      vertex   5.671424e-01 5.895659e+01 8.443146e+00
      vertex   5.991275e+00 5.881797e+01 8.183815e+00
    endloop
  endfacet
  facet normal 7.405004e-19 -8.819213e-01 4.713967e-01
    outer loop
      vertex   5.991275e+00 5.895659e+01 8.443146e+00
      vertex   5.991275e+00 5.881797e+01 8.183815e+00
      vertex   1.141541e+01 5.881797e+01 8.183815e+00
    endloop
  endfacet
  facet normal 0.000000e+00 -9.569403e-01 2.902847e-01
    outer loop
      vertex   1.141541e+01 5.881797e+01 8.183815e+00
      vertex   5.991275e+00 5.881797e+01 8.183815e+00
      vertex   1.141541e+01 5.873262e+01 7.902426e+00
    endloop
  endfacet
  facet normal 9.477824e-17 -9.569403e-01 2.902847e-01
    outer loop
      vertex   1.141541e+01 5.881797e+01 8.183815e+00
      vertex   1.141541e+01 5.873262e+01 7.902426e+00
      vertex   1.683954e+01 5.873262e+01 7.902426e+00
    endloop
  endfacet
  facet normal 3.209977e-17 -9.951847e-01 9.801714e-02
    outer loop
      vertex   1.683954e+01 5.873262e+01 7.902426e+00
      vertex   1.141541e+01 5.873262e+01 7.902426e+00
      vertex   5.671424e-01 5.870379e+01 7.609790e+00
    endloop
  endfacet
  facet normal -6.518911e-16 -9.951847e-01 9.801714e-02
    outer loop
      vertex   1.683954e+01 5.873262e+01 7.902426e+00
      vertex   5.671424e-01 5.870379e+01 7.609790e+00
      vertex   3.311194e+01 5.870379e+01 7.609790e+00
    endloop
  endfacet
  facet normal 1.530071e-16 -8.819213e-01 4.713967e-01
    outer loop
      vertex   5.671424e-01 5.895659e+01 8.443146e+00
      vertex   5.671424e-01 5.881797e+01 8.183815e+00
      vertex   5.991275e+00 5.881797e+01 8.183815e+00
    endloop
  endfacet
  facet normal 9.506574e-17 -9.569403e-01 2.902847e-01
    outer loop
      vertex   5.991275e+00 5.881797e+01 8.183815e+00
      vertex   5.671424e-01 5.881797e+01 8.183815e+00
      vertex   5.991275e+00 5.873262e+01 7.902426e+00
    endloop
  endfacet
  facet normal -2.875031e-19 -9.569403e-01 2.902847e-01
    outer loop
      vertex   5.991275e+00 5.881797e+01 8.183815e+00
      vertex   5.991275e+00 5.873262e+01 7.902426e+00
      vertex   1.141541e+01 5.873262e+01 7.902426e+00
    endloop
  endfacet
  facet normal 0.000000e+00 -9.951847e-01 9.801714e-02
    outer loop
      vertex   1.141541e+01 5.873262e+01 7.902426e+00
      vertex   5.991275e+00 5.873262e+01 7.902426e+00
      vertex   5.671424e-01 5.870379e+01 7.609790e+00
    endloop
  endfacet
  facet normal 4.692301e-17 -9.569403e-01 2.902847e-01
    outer loop
      vertex   5.671424e-01 5.881797e+01 8.183815e+00
      vertex   5.671424e-01 5.873262e+01 7.902426e+00
      vertex   5.991275e+00 5.873262e+01 7.902426e+00
    endloop
  endfacet
  facet normal 1.604989e-17 -9.951847e-01 9.801714e-02
    outer loop
      vertex   5.991275e+00 5.873262e+01 7.902426e+00
      vertex   5.671424e-01 5.873262e+01 7.902426e+00
      vertex   5.671424e-01 5.870379e+01 7.609790e+00
    endloop
  endfacet
  facet normal 0.000000e+00 -9.569403e-01 2.902847e-01
    outer loop
      vertex   2.226367e+01 5.873262e+01 7.902426e+00
      vertex   2.768781e+01 5.873262e+01 7.902426e+00
      vertex   2.226367e+01 5.881797e+01 8.183815e+00
    endloop
  endfacet
  facet normal 0.000000e+00 -9.569403e-01 2.902847e-01
    outer loop
      vertex   2.226367e+01 5.881797e+01 8.183815e+00
      vertex   2.768781e+01 5.873262e+01 7.902426e+00
      vertex   2.768781e+01 5.881797e+01 8.183815e+00
    endloop
  endfacet
  facet normal 0.000000e+00 -8.819213e-01 4.713967e-01
    outer loop
      vertex   2.226367e+01 5.881797e+01 8.183815e+00
      vertex   2.768781e+01 5.881797e+01 8.183815e+00
      vertex   2.226367e+01 5.895659e+01 8.443146e+00
    endloop
  endfacet
  facet normal 1.543784e-16 -8.819213e-01 4.713967e-01
    outer loop
      vertex   2.226367e+01 5.895659e+01 8.443146e+00
      vertex   2.768781e+01 5.881797e+01 8.183815e+00
      vertex   2.768781e+01 5.895659e+01 8.443146e+00
    endloop
  endfacet
  facet normal 2.077584e-16 -7.730105e-01 6.343933e-01
    outer loop
      vertex   2.226367e+01 5.895659e+01 8.443146e+00
      vertex   2.768781e+01 5.895659e+01 8.443146e+00
      vertex   2.226367e+01 5.914313e+01 8.670450e+00
    endloop
  endfacet
  facet normal 0.000000e+00 -7.730105e-01 6.343933e-01
    outer loop
      vertex   2.226367e+01 5.914313e+01 8.670450e+00
      vertex   2.768781e+01 5.895659e+01 8.443146e+00
      vertex   2.768781e+01 5.914313e+01 8.670450e+00
    endloop
  endfacet
  facet normal 0.000000e+00 -6.343933e-01 7.730105e-01
    outer loop
      vertex   2.226367e+01 5.914313e+01 8.670450e+00
      vertex   2.768781e+01 5.914313e+01 8.670450e+00
      vertex   2.226367e+01 5.937044e+01 8.856995e+00
    endloop
  endfacet
  facet normal 9.477824e-17 -9.569403e-01 2.902847e-01
    outer loop
      vertex   2.226367e+01 5.873262e+01 7.902426e+00
      vertex   2.226367e+01 5.881797e+01 8.183815e+00
      vertex   1.683954e+01 5.881797e+01 8.183815e+00
    endloop
  endfacet
  facet normal 1.543784e-16 -8.819213e-01 4.713967e-01
    outer loop
      vertex   1.683954e+01 5.881797e+01 8.183815e+00
      vertex   2.226367e+01 5.881797e+01 8.183815e+00
      vertex   1.683954e+01 5.895659e+01 8.443146e+00
    endloop
  endfacet
  facet normal -1.371261e-18 -8.819213e-01 4.713967e-01
    outer loop
      vertex   1.683954e+01 5.881797e+01 8.183815e+00
      vertex   1.683954e+01 5.895659e+01 8.443146e+00
      vertex   1.141541e+01 5.895659e+01 8.443146e+00
    endloop
  endfacet
  facet normal 0.000000e+00 -7.730105e-01 6.343933e-01
    outer loop
      vertex   1.141541e+01 5.895659e+01 8.443146e+00
      vertex   1.683954e+01 5.895659e+01 8.443146e+00
      vertex   1.141541e+01 5.914313e+01 8.670450e+00
    endloop
  endfacet
  facet normal 2.057358e-16 -7.730105e-01 6.343933e-01
    outer loop
      vertex   1.141541e+01 5.895659e+01 8.443146e+00
      vertex   1.141541e+01 5.914313e+01 8.670450e+00
      vertex   5.991275e+00 5.914313e+01 8.670450e+00
    endloop
  endfacet
  facet normal 2.531543e-16 -6.343933e-01 7.730105e-01
    outer loop
      vertex   5.991275e+00 5.914313e+01 8.670450e+00
      vertex   1.141541e+01 5.914313e+01 8.670450e+00
      vertex   5.991275e+00 5.937044e+01 8.856995e+00
    endloop
  endfacet
  facet normal -2.310573e-15 -8.819213e-01 4.713967e-01
    outer loop
      vertex   1.683954e+01 5.895659e+01 8.443146e+00
      vertex   2.226367e+01 5.881797e+01 8.183815e+00
      vertex   2.226367e+01 5.895659e+01 8.443146e+00
    endloop
  endfacet
  facet normal -2.025234e-15 -7.730105e-01 6.343933e-01
    outer loop
      vertex   1.683954e+01 5.895659e+01 8.443146e+00
      vertex   2.226367e+01 5.895659e+01 8.443146e+00
      vertex   1.683954e+01 5.914313e+01 8.670450e+00
    endloop
  endfacet
  facet normal 2.077584e-16 -7.730105e-01 6.343933e-01
    outer loop
      vertex   1.683954e+01 5.914313e+01 8.670450e+00
      vertex   2.226367e+01 5.895659e+01 8.443146e+00
      vertex   2.226367e+01 5.914313e+01 8.670450e+00
    endloop
  endfacet
  facet normal 2.531543e-16 -6.343933e-01 7.730105e-01
    outer loop
      vertex   1.683954e+01 5.914313e+01 8.670450e+00
      vertex   2.226367e+01 5.914313e+01 8.670450e+00
      vertex   1.683954e+01 5.937044e+01 8.856995e+00
    endloop
  endfacet
  facet normal 0.000000e+00 -6.343933e-01 7.730105e-01
    outer loop
      vertex   1.683954e+01 5.937044e+01 8.856995e+00
      vertex   2.226367e+01 5.914313e+01 8.670450e+00
      vertex   2.226367e+01 5.937044e+01 8.856995e+00
    endloop
  endfacet
  facet normal 0.000000e+00 -4.713967e-01 8.819213e-01
    outer loop
      vertex   1.683954e+01 5.937044e+01 8.856995e+00
      vertex   2.226367e+01 5.937044e+01 8.856995e+00
      vertex   1.683954e+01 5.962977e+01 8.995610e+00
    endloop
  endfacet
  facet normal -1.014640e-15 -7.730105e-01 6.343933e-01
    outer loop
      vertex   1.683954e+01 5.895659e+01 8.443146e+00
      vertex   1.683954e+01 5.914313e+01 8.670450e+00
      vertex   1.141541e+01 5.914313e+01 8.670450e+00
    endloop
  endfacet
  facet normal -8.310334e-16 -6.343933e-01 7.730105e-01
    outer loop
      vertex   1.141541e+01 5.914313e+01 8.670450e+00
      vertex   1.683954e+01 5.914313e+01 8.670450e+00
      vertex   1.141541e+01 5.937044e+01 8.856995e+00
    endloop
  endfacet
  facet normal 2.545627e-16 -6.343933e-01 7.730105e-01
    outer loop
      vertex   1.141541e+01 5.914313e+01 8.670450e+00
      vertex   1.141541e+01 5.937044e+01 8.856995e+00
      vertex   5.991275e+00 5.937044e+01 8.856995e+00
    endloop
  endfacet
  facet normal 2.888216e-16 -4.713967e-01 8.819213e-01
    outer loop
      vertex   5.991275e+00 5.937044e+01 8.856995e+00
      vertex   1.141541e+01 5.937044e+01 8.856995e+00
      vertex   5.991275e+00 5.962977e+01 8.995610e+00
    endloop
  endfacet
  facet normal -8.310334e-16 -6.343933e-01 7.730105e-01
    outer loop
      vertex   1.141541e+01 5.937044e+01 8.856995e+00
      vertex   1.683954e+01 5.914313e+01 8.670450e+00
      vertex   1.683954e+01 5.937044e+01 8.856995e+00
    endloop
  endfacet
  facet normal -6.175135e-16 -4.713967e-01 8.819213e-01
    outer loop
      vertex   1.141541e+01 5.937044e+01 8.856995e+00
      vertex   1.683954e+01 5.937044e+01 8.856995e+00
      vertex   1.141541e+01 5.962977e+01 8.995610e+00
    endloop
  endfacet
  facet normal -3.286919e-16 -4.713967e-01 8.819213e-01
    outer loop
      vertex   1.141541e+01 5.962977e+01 8.995610e+00
      vertex   1.683954e+01 5.937044e+01 8.856995e+00
      vertex   1.683954e+01 5.962977e+01 8.995610e+00
    endloop
  endfacet
  facet normal -6.687321e-17 -2.902847e-01 9.569403e-01
    outer loop
      vertex   1.141541e+01 5.962977e+01 8.995610e+00
      vertex   1.683954e+01 5.962977e+01 8.995610e+00
      vertex   1.141541e+01 5.991116e+01 9.080968e+00
    endloop
  endfacet
  facet normal 3.142922e-16 -2.902847e-01 9.569403e-01
    outer loop
      vertex   5.991275e+00 5.991116e+01 9.080968e+00
      vertex   5.991275e+00 5.962977e+01 8.995610e+00
      vertex   1.141541e+01 5.962977e+01 8.995610e+00
    endloop
  endfacet
  facet normal 2.888216e-16 -4.713967e-01 8.819213e-01
    outer loop
      vertex   1.141541e+01 5.962977e+01 8.995610e+00
      vertex   5.991275e+00 5.962977e+01 8.995610e+00
      vertex   1.141541e+01 5.937044e+01 8.856995e+00
    endloop
  endfacet
  facet normal -3.802630e-16 -2.902847e-01 9.569403e-01
    outer loop
      vertex   5.991275e+00 5.991116e+01 9.080968e+00
      vertex   1.141541e+01 5.962977e+01 8.995610e+00
      vertex   1.141541e+01 5.991116e+01 9.080968e+00
    endloop
  endfacet
  facet normal -9.951847e-01 -9.801714e-02 -0.000000e+00
    outer loop
      vertex   -9.328576e-01 6.020379e+01 7.609790e+00
      vertex   -9.328576e-01 6.020379e+01 1.859790e+00
      vertex   -9.040355e-01 5.991116e+01 7.609790e+00
    endloop
  endfacet
  facet normal -9.951847e-01 -9.801714e-02 2.305830e-16
    outer loop
      vertex   -9.040355e-01 5.991116e+01 7.609790e+00
      vertex   -9.328576e-01 6.020379e+01 1.859790e+00
      vertex   -9.040355e-01 5.991116e+01 1.859790e+00
    endloop
  endfacet
  facet normal -9.569403e-01 -2.902847e-01 2.217218e-16
    outer loop
      vertex   -9.040355e-01 5.991116e+01 7.609790e+00
      vertex   -9.040355e-01 5.991116e+01 1.859790e+00
      vertex   -8.186769e-01 5.962977e+01 7.609790e+00
    endloop
  endfacet
  facet normal -9.569403e-01 -2.902847e-01 -5.141799e-16
    outer loop
      vertex   -8.186769e-01 5.962977e+01 7.609790e+00
      vertex   -9.040355e-01 5.991116e+01 1.859790e+00
      vertex   -8.186769e-01 5.962977e+01 1.859790e+00
    endloop
  endfacet
  facet normal -9.083018e-01 -4.183156e-01 -8.409326e-16
    outer loop
      vertex   -8.186769e-01 5.962977e+01 7.609790e+00
      vertex   -8.186769e-01 5.962977e+01 1.859790e+00
      vertex   -7.698831e-01 5.952382e+01 4.379665e+00
    endloop
  endfacet
  facet normal -9.083018e-01 -4.183156e-01 -0.000000e+00
    outer loop
      vertex   -7.698831e-01 5.952382e+01 4.379665e+00
      vertex   -8.186769e-01 5.962977e+01 1.859790e+00
      vertex   -7.698831e-01 5.952382e+01 2.820241e+00
    endloop
  endfacet
  facet normal -8.912534e-01 -4.534808e-01 -4.745192e-03
    outer loop
      vertex   -7.698831e-01 5.952382e+01 2.820241e+00
      vertex   -8.186769e-01 5.962977e+01 1.859790e+00
      vertex   -7.696224e-01 5.952331e+01 2.820241e+00
    endloop
  endfacet
  facet normal -8.910793e-01 -4.538223e-01 -4.791934e-03
    outer loop
      vertex   -7.696224e-01 5.952331e+01 2.820241e+00
      vertex   -8.186769e-01 5.962977e+01 1.859790e+00
      vertex   -7.693614e-01 5.952280e+01 2.820241e+00
    endloop
  endfacet
  facet normal -8.909051e-01 -4.541637e-01 -4.838906e-03
    outer loop
      vertex   -7.693614e-01 5.952280e+01 2.820241e+00
      vertex   -8.186769e-01 5.962977e+01 1.859790e+00
      vertex   -7.691003e-01 5.952228e+01 2.820241e+00
    endloop
  endfacet
  facet normal -8.818982e-01 -4.713844e-01 -7.231000e-03
    outer loop
      vertex   -7.691003e-01 5.952228e+01 2.820241e+00
      vertex   -8.186769e-01 5.962977e+01 1.859790e+00
      vertex   -6.800620e-01 5.937044e+01 1.859790e+00
    endloop
  endfacet
  facet normal -8.449127e-01 -5.348679e-01 6.234374e-03
    outer loop
      vertex   -7.691003e-01 5.952228e+01 2.820241e+00
      vertex   -6.800620e-01 5.937044e+01 1.859790e+00
      vertex   -6.225892e-01 5.929026e+01 2.770254e+00
    endloop
  endfacet
  facet normal -7.729911e-01 -6.343774e-01 -7.068466e-03
    outer loop
      vertex   -6.225892e-01 5.929026e+01 2.770254e+00
      vertex   -6.800620e-01 5.937044e+01 1.859790e+00
      vertex   -4.935178e-01 5.914313e+01 1.859790e+00
    endloop
  endfacet
  facet normal -7.334813e-01 -6.796844e-01 5.854149e-03
    outer loop
      vertex   -6.225892e-01 5.929026e+01 2.770254e+00
      vertex   -4.935178e-01 5.914313e+01 1.859790e+00
      vertex   -4.362621e-01 5.908881e+01 2.726854e+00
    endloop
  endfacet
  facet normal -6.343797e-01 -7.729939e-01 -6.535521e-03
    outer loop
      vertex   -4.362621e-01 5.908881e+01 2.726854e+00
      vertex   -4.935178e-01 5.914313e+01 1.859790e+00
      vertex   -2.662129e-01 5.895659e+01 1.859790e+00
    endloop
  endfacet
  facet normal -5.976106e-01 -8.017705e-01 5.064017e-03
    outer loop
      vertex   -4.362621e-01 5.908881e+01 2.726854e+00
      vertex   -2.662129e-01 5.895659e+01 1.859790e+00
      vertex   -2.163547e-01 5.892468e+01 2.691493e+00
    endloop
  endfacet
  facet normal -4.713894e-01 -8.819075e-01 -5.577153e-03
    outer loop
      vertex   -2.163547e-01 5.892468e+01 2.691493e+00
      vertex   -2.662129e-01 5.895659e+01 1.859790e+00
      vertex   -6.882743e-03 5.881797e+01 1.859790e+00
    endloop
  endfacet
  facet normal -4.418124e-01 -8.970993e-01 3.821139e-03
    outer loop
      vertex   -2.163547e-01 5.892468e+01 2.691493e+00
      vertex   -6.882743e-03 5.881797e+01 1.859790e+00
      vertex   2.977349e-02 5.880335e+01 2.665354e+00
    endloop
  endfacet
  facet normal -2.902822e-01 -9.569321e-01 -4.160073e-03
    outer loop
      vertex   2.977349e-02 5.880335e+01 2.665354e+00
      vertex   -6.882743e-03 5.881797e+01 1.859790e+00
      vertex   2.745069e-01 5.873262e+01 1.859790e+00
    endloop
  endfacet
  facet normal -2.712263e-01 -9.625133e-01 2.119273e-03
    outer loop
      vertex   2.977349e-02 5.880335e+01 2.665354e+00
      vertex   2.745069e-01 5.873262e+01 1.859790e+00
      vertex   2.938855e-01 5.872889e+01 2.649313e+00
    endloop
  endfacet
  facet normal -9.801688e-02 -9.951821e-01 -2.286114e-03
    outer loop
      vertex   2.938855e-01 5.872889e+01 2.649313e+00
      vertex   2.745069e-01 5.873262e+01 1.859790e+00
      vertex   5.671424e-01 5.870379e+01 1.859790e+00
    endloop
  endfacet
  facet normal -9.146909e-02 -9.958079e-01 -5.966337e-20
    outer loop
      vertex   2.938855e-01 5.872889e+01 2.649313e+00
      vertex   5.671424e-01 5.870379e+01 1.859790e+00
      vertex   5.671424e-01 5.870379e+01 2.643905e+00
    endloop
  endfacet
  facet normal -8.819192e-01 -4.713957e-01 2.139547e-03
    outer loop
      vertex   -8.186769e-01 5.962977e+01 7.609790e+00
      vertex   -7.698831e-01 5.952382e+01 4.379665e+00
      vertex   -6.800620e-01 5.937044e+01 7.609790e+00
    endloop
  endfacet
  facet normal -8.460970e-01 -5.330260e-01 -1.783095e-03
    outer loop
      vertex   -6.800620e-01 5.937044e+01 7.609790e+00
      vertex   -7.698831e-01 5.952382e+01 4.379665e+00
      vertex   -6.234641e-01 5.929140e+01 4.379665e+00
    endloop
  endfacet
  facet normal -7.730089e-01 -6.343920e-01 1.977782e-03
    outer loop
      vertex   -6.800620e-01 5.937044e+01 7.609790e+00
      vertex   -6.234641e-01 5.929140e+01 4.379665e+00
      vertex   -4.935178e-01 5.914313e+01 7.609790e+00
    endloop
  endfacet
  facet normal -7.347073e-01 -6.783824e-01 -1.582327e-03
    outer loop
      vertex   -4.935178e-01 5.914313e+01 7.609790e+00
      vertex   -6.234641e-01 5.929140e+01 4.379665e+00
      vertex   -4.371166e-01 5.908958e+01 4.379665e+00
    endloop
  endfacet
  facet normal -6.343923e-01 -7.730093e-01 1.738020e-03
    outer loop
      vertex   -4.935178e-01 5.914313e+01 7.609790e+00
      vertex   -4.371166e-01 5.908958e+01 4.379665e+00
      vertex   -2.662129e-01 5.895659e+01 7.609790e+00
    endloop
  endfacet
  facet normal -5.986783e-01 -8.009885e-01 -1.303580e-03
    outer loop
      vertex   -2.662129e-01 5.895659e+01 7.609790e+00
      vertex   -4.371166e-01 5.908958e+01 4.379665e+00
      vertex   -2.170900e-01 5.892513e+01 4.379665e+00
    endloop
  endfacet
  facet normal -4.713963e-01 -8.819204e-01 1.420301e-03
    outer loop
      vertex   -2.662129e-01 5.895659e+01 7.609790e+00
      vertex   -2.170900e-01 5.892513e+01 4.379665e+00
      vertex   -6.882743e-03 5.881797e+01 7.609790e+00
    endloop
  endfacet
  facet normal -4.425717e-01 -8.967326e-01 -9.469013e-04
    outer loop
      vertex   -6.882743e-03 5.881797e+01 7.609790e+00
      vertex   -2.170900e-01 5.892513e+01 4.379665e+00
      vertex   2.923673e-02 5.880356e+01 4.379665e+00
    endloop
  endfacet
  facet normal -2.902845e-01 -9.569398e-01 1.024679e-03
    outer loop
      vertex   -6.882743e-03 5.881797e+01 7.609790e+00
      vertex   2.923673e-02 5.880356e+01 4.379665e+00
      vertex   2.745069e-01 5.873262e+01 7.609790e+00
    endloop
  endfacet
  facet normal -2.716228e-01 -9.624037e-01 -5.123502e-04
    outer loop
      vertex   2.745069e-01 5.873262e+01 7.609790e+00
      vertex   2.923673e-02 5.880356e+01 4.379665e+00
      vertex   2.936028e-01 5.872895e+01 4.379665e+00
    endloop
  endfacet
  facet normal -9.801713e-02 -9.951846e-01 5.512182e-04
    outer loop
      vertex   2.745069e-01 5.873262e+01 7.609790e+00
      vertex   2.936028e-01 5.872895e+01 4.379665e+00
      vertex   5.671424e-01 5.870379e+01 7.609790e+00
    endloop
  endfacet
  facet normal -9.156451e-02 -9.957991e-01 -0.000000e+00
    outer loop
      vertex   5.671424e-01 5.870379e+01 7.609790e+00
      vertex   2.936028e-01 5.872895e+01 4.379665e+00
      vertex   5.671424e-01 5.870379e+01 4.379665e+00
    endloop
  endfacet
  facet normal 1.005004e-01 5.748068e-01 8.120941e-01
    outer loop
      vertex   3.451164e+01 9.006630e+01 2.817173e+00
      vertex   3.441622e+01 9.027021e+01 2.684654e+00
      vertex   3.049417e+01 9.102937e+01 2.632686e+00
    endloop
  endfacet
  facet normal 1.005004e-01 5.748068e-01 8.120941e-01
    outer loop
      vertex   3.049417e+01 9.102937e+01 2.632686e+00
      vertex   3.441622e+01 9.027021e+01 2.684654e+00
      vertex   3.429031e+01 9.045751e+01 2.567661e+00
    endloop
  endfacet
  facet normal 1.005004e-01 5.748068e-01 8.120941e-01
    outer loop
      vertex   3.049417e+01 9.102937e+01 2.632686e+00
      vertex   3.429031e+01 9.045751e+01 2.567661e+00
      vertex   3.413771e+01 9.062380e+01 2.468843e+00
    endloop
  endfacet
  facet normal 1.005004e-01 5.748068e-01 8.120941e-01
    outer loop
      vertex   3.451164e+01 9.006630e+01 2.817173e+00
      vertex   3.451261e+01 9.006613e+01 2.817173e+00
      vertex   3.441622e+01 9.027021e+01 2.684654e+00
    endloop
  endfacet
  facet normal 1.005004e-01 5.748068e-01 8.120941e-01
    outer loop
      vertex   3.049417e+01 9.102937e+01 2.632686e+00
      vertex   3.413771e+01 9.062380e+01 2.468843e+00
      vertex   3.311194e+01 9.102937e+01 2.308724e+00
    endloop
  endfacet
  facet normal 1.005004e-01 5.748068e-01 8.120941e-01
    outer loop
      vertex   3.311194e+01 9.102937e+01 2.308724e+00
      vertex   3.413771e+01 9.062380e+01 2.468843e+00
      vertex   3.396190e+01 9.076532e+01 2.390435e+00
    endloop
  endfacet
  facet normal 1.005004e-01 5.748068e-01 8.120941e-01
    outer loop
      vertex   3.311194e+01 9.102937e+01 2.308724e+00
      vertex   3.396190e+01 9.076532e+01 2.390435e+00
      vertex   3.376684e+01 9.087885e+01 2.334214e+00
    endloop
  endfacet
  facet normal 1.005004e-01 5.748068e-01 8.120941e-01
    outer loop
      vertex   3.376684e+01 9.087885e+01 2.334214e+00
      vertex   3.355695e+01 9.096184e+01 2.301452e+00
      vertex   3.311194e+01 9.102937e+01 2.308724e+00
    endloop
  endfacet
  facet normal 1.005004e-01 5.748068e-01 8.120941e-01
    outer loop
      vertex   3.311194e+01 9.102937e+01 2.308724e+00
      vertex   3.355695e+01 9.096184e+01 2.301452e+00
      vertex   3.333699e+01 9.101239e+01 2.292891e+00
    endloop
  endfacet
  facet normal 1.000000e+00 -2.422945e-16 0.000000e+00
    outer loop
      vertex   3.461194e+01 8.952937e+01 7.609790e+00
      vertex   3.461194e+01 6.020379e+01 7.609790e+00
      vertex   3.461194e+01 8.952937e+01 1.609790e+00
    endloop
  endfacet
  facet normal 1.000000e+00 -2.422945e-16 0.000000e+00
    outer loop
      vertex   3.461194e+01 8.952937e+01 1.609790e+00
      vertex   3.461194e+01 6.020379e+01 7.609790e+00
      vertex   3.461194e+01 6.020379e+01 1.609790e+00
    endloop
  endfacet
  facet normal 0.000000e+00 -1.000000e+00 0.000000e+00
    outer loop
      vertex   1.946603e+01 5.870379e+01 2.643905e+00
      vertex   1.946603e+01 5.870379e+01 1.609790e+00
      vertex   3.070698e+01 5.870379e+01 2.643905e+00
    endloop
  endfacet
  facet normal -4.045089e-15 -1.000000e+00 4.397057e-14
    outer loop
      vertex   3.070698e+01 5.870379e+01 2.643905e+00
      vertex   1.946603e+01 5.870379e+01 1.609790e+00
      vertex   3.311194e+01 5.870379e+01 2.380365e+00
    endloop
  endfacet
  facet normal -1.562101e-15 -1.000000e+00 -0.000000e+00
    outer loop
      vertex   3.311194e+01 5.870379e+01 2.380365e+00
      vertex   1.946603e+01 5.870379e+01 1.609790e+00
      vertex   3.311194e+01 5.870379e+01 1.609790e+00
    endloop
  endfacet
  facet normal -1.167634e-16 8.670198e-13 1.000000e+00
    outer loop
      vertex   3.444818e+01 5.952228e+01 2.820241e+00
      vertex   3.444844e+01 5.952280e+01 2.820241e+00
      vertex   1.923488e+01 5.952228e+01 2.820241e+00
    endloop
  endfacet
  facet normal -8.757253e-17 4.460026e-17 1.000000e+00
    outer loop
      vertex   1.923488e+01 5.952228e+01 2.820241e+00
      vertex   3.444844e+01 5.952280e+01 2.820241e+00
      vertex   3.444870e+01 5.952331e+01 2.820241e+00
    endloop
  endfacet
  facet normal -2.919359e-17 -8.668199e-13 1.000000e+00
    outer loop
      vertex   1.923488e+01 5.952228e+01 2.820241e+00
      vertex   3.444870e+01 5.952331e+01 2.820241e+00
      vertex   1.923335e+01 5.952382e+01 2.820241e+00
    endloop
  endfacet
  facet normal -0.000000e+00 0.000000e+00 1.000000e+00
    outer loop
      vertex   1.923335e+01 5.952382e+01 2.820241e+00
      vertex   3.444870e+01 5.952331e+01 2.820241e+00
      vertex   3.444896e+01 5.952382e+01 2.820241e+00
    endloop
  endfacet
  facet normal -6.549828e-16 -1.000000e+00 0.000000e+00
    outer loop
      vertex   3.311194e+01 5.870379e+01 4.379665e+00
      vertex   3.311194e+01 5.870379e+01 7.609790e+00
      vertex   5.671424e-01 5.870379e+01 4.379665e+00
    endloop
  endfacet
  facet normal -6.549828e-16 -1.000000e+00 0.000000e+00
    outer loop
      vertex   5.671424e-01 5.870379e+01 4.379665e+00
      vertex   3.311194e+01 5.870379e+01 7.609790e+00
      vertex   5.671424e-01 5.870379e+01 7.609790e+00
    endloop
  endfacet
  facet normal -0.000000e+00 0.000000e+00 -1.000000e+00
    outer loop
      vertex   3.444896e+01 5.952382e+01 4.379665e+00
      vertex   3.430254e+01 5.929140e+01 4.379665e+00
      vertex   -7.698831e-01 5.952382e+01 4.379665e+00
    endloop
  endfacet
  facet normal 0.000000e+00 0.000000e+00 -1.000000e+00
    outer loop
      vertex   -7.698831e-01 5.952382e+01 4.379665e+00
      vertex   3.430254e+01 5.929140e+01 4.379665e+00
      vertex   -6.234641e-01 5.929140e+01 4.379665e+00
    endloop
  endfacet
  facet normal 0.000000e+00 0.000000e+00 -1.000000e+00
    outer loop
      vertex   -6.234641e-01 5.929140e+01 4.379665e+00
      vertex   3.430254e+01 5.929140e+01 4.379665e+00
      vertex   -4.371166e-01 5.908958e+01 4.379665e+00
    endloop
  endfacet
  facet normal 0.000000e+00 0.000000e+00 -1.000000e+00
    outer loop
      vertex   -4.371166e-01 5.908958e+01 4.379665e+00
      vertex   3.430254e+01 5.929140e+01 4.379665e+00
      vertex   3.411620e+01 5.908958e+01 4.379665e+00
    endloop
  endfacet
  facet normal 0.000000e+00 0.000000e+00 -1.000000e+00
    outer loop
      vertex   -4.371166e-01 5.908958e+01 4.379665e+00
      vertex   3.411620e+01 5.908958e+01 4.379665e+00
      vertex   -2.170900e-01 5.892513e+01 4.379665e+00
    endloop
  endfacet
  facet normal 0.000000e+00 0.000000e+00 -1.000000e+00
    outer loop
      vertex   -2.170900e-01 5.892513e+01 4.379665e+00
      vertex   3.411620e+01 5.908958e+01 4.379665e+00
      vertex   3.389617e+01 5.892513e+01 4.379665e+00
    endloop
  endfacet
  facet normal 0.000000e+00 0.000000e+00 -1.000000e+00
    outer loop
      vertex   -2.170900e-01 5.892513e+01 4.379665e+00
      vertex   3.389617e+01 5.892513e+01 4.379665e+00
      vertex   2.923673e-02 5.880356e+01 4.379665e+00
    endloop
  endfacet
  facet normal 0.000000e+00 0.000000e+00 -1.000000e+00
    outer loop
      vertex   2.923673e-02 5.880356e+01 4.379665e+00
      vertex   3.389617e+01 5.892513e+01 4.379665e+00
      vertex   3.364984e+01 5.880356e+01 4.379665e+00
    endloop
  endfacet
  facet normal 0.000000e+00 0.000000e+00 -1.000000e+00
    outer loop
      vertex   2.923673e-02 5.880356e+01 4.379665e+00
      vertex   3.364984e+01 5.880356e+01 4.379665e+00
      vertex   5.671424e-01 5.870379e+01 4.379665e+00
    endloop
  endfacet
  facet normal 0.000000e+00 0.000000e+00 -1.000000e+00
    outer loop
      vertex   5.671424e-01 5.870379e+01 4.379665e+00
      vertex   3.364984e+01 5.880356e+01 4.379665e+00
      vertex   3.311194e+01 5.870379e+01 4.379665e+00
    endloop
  endfacet
  facet normal 0.000000e+00 0.000000e+00 -1.000000e+00
    outer loop
      vertex   3.311194e+01 5.870379e+01 4.379665e+00
      vertex   3.364984e+01 5.880356e+01 4.379665e+00
      vertex   3.338548e+01 5.872895e+01 4.379665e+00
    endloop
  endfacet
  facet normal 0.000000e+00 0.000000e+00 -1.000000e+00
    outer loop
      vertex   5.671424e-01 5.870379e+01 4.379665e+00
      vertex   2.936028e-01 5.872895e+01 4.379665e+00
      vertex   2.923673e-02 5.880356e+01 4.379665e+00
    endloop
  endfacet
  facet normal 0.000000e+00 -1.000000e+00 0.000000e+00
    outer loop
      vertex   1.923335e+01 5.952382e+01 2.820241e+00
      vertex   3.444896e+01 5.952382e+01 2.820241e+00
      vertex   1.923335e+01 5.952382e+01 4.376790e+00
    endloop
  endfacet
  facet normal 0.000000e+00 -1.000000e+00 0.000000e+00
    outer loop
      vertex   1.923335e+01 5.952382e+01 4.376790e+00
      vertex   3.444896e+01 5.952382e+01 2.820241e+00
      vertex   3.444896e+01 5.952382e+01 4.379665e+00
    endloop
  endfacet
  facet normal 0.000000e+00 -1.000000e+00 0.000000e+00
    outer loop
      vertex   1.923335e+01 5.952382e+01 4.376790e+00
      vertex   3.444896e+01 5.952382e+01 4.379665e+00
      vertex   1.707164e+01 5.952382e+01 4.376790e+00
    endloop
  endfacet
  facet normal 0.000000e+00 -1.000000e+00 0.000000e+00
    outer loop
      vertex   1.707164e+01 5.952382e+01 4.376790e+00
      vertex   3.444896e+01 5.952382e+01 4.379665e+00
      vertex   -7.698831e-01 5.952382e+01 4.379665e+00
    endloop
  endfacet
  facet normal -0.000000e+00 -1.000000e+00 0.000000e+00
    outer loop
      vertex   1.707164e+01 5.952382e+01 4.376790e+00
      vertex   -7.698831e-01 5.952382e+01 4.379665e+00
      vertex   -7.698831e-01 5.952382e+01 2.820241e+00
    endloop
  endfacet
  facet normal 0.000000e+00 -1.000000e+00 0.000000e+00
    outer loop
      vertex   -7.698831e-01 5.952382e+01 2.820241e+00
      vertex   1.707164e+01 5.952382e+01 2.820241e+00
      vertex   1.707164e+01 5.952382e+01 4.376790e+00
    endloop
  endfacet
  facet normal 0.000000e+00 -0.000000e+00 1.000000e+00
    outer loop
      vertex   8.438598e+00 8.712506e+01 9.109790e+00
      vertex   8.677004e+00 8.715400e+01 9.109790e+00
      vertex   5.671424e-01 8.952937e+01 9.109790e+00
    endloop
  endfacet
  facet normal 0.000000e+00 0.000000e+00 1.000000e+00
    outer loop
      vertex   5.671424e-01 8.952937e+01 9.109790e+00
      vertex   8.677004e+00 8.715400e+01 9.109790e+00
      vertex   8.915409e+00 8.712506e+01 9.109790e+00
    endloop
  endfacet
  facet normal -0.000000e+00 0.000000e+00 1.000000e+00
    outer loop
      vertex   5.671424e-01 8.952937e+01 9.109790e+00
      vertex   8.915409e+00 8.712506e+01 9.109790e+00
      vertex   3.311194e+01 8.952937e+01 9.109790e+00
    endloop
  endfacet
  facet normal 0.000000e+00 0.000000e+00 1.000000e+00
    outer loop
      vertex   3.311194e+01 8.952937e+01 9.109790e+00
      vertex   8.915409e+00 8.712506e+01 9.109790e+00
      vertex   9.139959e+00 8.703990e+01 9.109790e+00
    endloop
  endfacet
  facet normal 0.000000e+00 0.000000e+00 1.000000e+00
    outer loop
      vertex   3.311194e+01 8.952937e+01 9.109790e+00
      vertex   9.139959e+00 8.703990e+01 9.109790e+00
      vertex   9.337604e+00 8.690347e+01 9.109790e+00
    endloop
  endfacet
  facet normal -0.000000e+00 0.000000e+00 1.000000e+00
    outer loop
      vertex   9.337604e+00 8.690347e+01 9.109790e+00
      vertex   9.496857e+00 8.672371e+01 9.109790e+00
      vertex   3.311194e+01 8.952937e+01 9.109790e+00
    endloop
  endfacet
  facet normal 0.000000e+00 0.000000e+00 1.000000e+00
    outer loop
      vertex   3.311194e+01 8.952937e+01 9.109790e+00
      vertex   9.496857e+00 8.672371e+01 9.109790e+00
      vertex   9.608463e+00 8.651106e+01 9.109790e+00
    endloop
  endfacet
  facet normal 0.000000e+00 0.000000e+00 1.000000e+00
    outer loop
      vertex   3.311194e+01 8.952937e+01 9.109790e+00
      vertex   9.608463e+00 8.651106e+01 9.109790e+00
      vertex   9.665937e+00 8.627789e+01 9.109790e+00
    endloop
  endfacet
  facet normal -0.000000e+00 0.000000e+00 1.000000e+00
    outer loop
      vertex   9.665937e+00 8.627789e+01 9.109790e+00
      vertex   9.665937e+00 8.603773e+01 9.109790e+00
      vertex   3.311194e+01 8.952937e+01 9.109790e+00
    endloop
  endfacet
  facet normal 0.000000e+00 0.000000e+00 1.000000e+00
    outer loop
      vertex   3.311194e+01 8.952937e+01 9.109790e+00
      vertex   9.665937e+00 8.603773e+01 9.109790e+00
      vertex   9.855463e+00 8.179609e+01 9.109790e+00
    endloop
  endfacet
  facet normal 0.000000e+00 0.000000e+00 1.000000e+00
    outer loop
      vertex   3.311194e+01 8.952937e+01 9.109790e+00
      vertex   9.855463e+00 8.179609e+01 9.109790e+00
      vertex   1.109112e+01 7.429800e+01 9.109790e+00
    endloop
  endfacet
  facet normal 0.000000e+00 0.000000e+00 1.000000e+00
    outer loop
      vertex   1.109112e+01 7.429800e+01 9.109790e+00
      vertex   9.855463e+00 8.179609e+01 9.109790e+00
      vertex   1.085186e+01 7.471439e+01 9.109790e+00
    endloop
  endfacet
  facet normal 0.000000e+00 0.000000e+00 1.000000e+00
    outer loop
      vertex   1.085186e+01 7.471439e+01 9.109790e+00
      vertex   9.855463e+00 8.179609e+01 9.109790e+00
      vertex   1.056312e+01 7.509813e+01 9.109790e+00
    endloop
  endfacet
  facet normal 0.000000e+00 0.000000e+00 1.000000e+00
    outer loop
      vertex   1.056312e+01 7.509813e+01 9.109790e+00
      vertex   9.855463e+00 8.179609e+01 9.109790e+00
      vertex   1.022929e+01 7.544336e+01 9.109790e+00
    endloop
  endfacet
  facet normal 0.000000e+00 0.000000e+00 1.000000e+00
    outer loop
      vertex   1.022929e+01 7.544336e+01 9.109790e+00
      vertex   9.855463e+00 8.179609e+01 9.109790e+00
      vertex   9.855463e+00 7.574482e+01 9.109790e+00
    endloop
  endfacet
  facet normal 0.000000e+00 0.000000e+00 1.000000e+00
    outer loop
      vertex   9.665937e+00 8.603773e+01 9.109790e+00
      vertex   9.608463e+00 8.580455e+01 9.109790e+00
      vertex   9.855463e+00 8.179609e+01 9.109790e+00
    endloop
  endfacet
  facet normal 0.000000e+00 0.000000e+00 1.000000e+00
    outer loop
      vertex   9.855463e+00 8.179609e+01 9.109790e+00
      vertex   9.608463e+00 8.580455e+01 9.109790e+00
      vertex   9.496857e+00 8.559190e+01 9.109790e+00
    endloop
  endfacet
  facet normal 0.000000e+00 0.000000e+00 1.000000e+00
    outer loop
      vertex   9.855463e+00 8.179609e+01 9.109790e+00
      vertex   9.496857e+00 8.559190e+01 9.109790e+00
      vertex   9.337604e+00 8.541214e+01 9.109790e+00
    endloop
  endfacet
  facet normal 0.000000e+00 0.000000e+00 1.000000e+00
    outer loop
      vertex   9.337604e+00 8.541214e+01 9.109790e+00
      vertex   9.139959e+00 8.527572e+01 9.109790e+00
      vertex   9.855463e+00 8.179609e+01 9.109790e+00
    endloop
  endfacet
  facet normal 0.000000e+00 0.000000e+00 1.000000e+00
    outer loop
      vertex   9.855463e+00 8.179609e+01 9.109790e+00
      vertex   9.139959e+00 8.527572e+01 9.109790e+00
      vertex   8.915409e+00 8.519056e+01 9.109790e+00
    endloop
  endfacet
  facet normal 0.000000e+00 0.000000e+00 1.000000e+00
    outer loop
      vertex   9.855463e+00 8.179609e+01 9.109790e+00
      vertex   8.915409e+00 8.519056e+01 9.109790e+00
      vertex   9.156893e+00 8.179609e+01 9.109790e+00
    endloop
  endfacet
  facet normal 0.000000e+00 0.000000e+00 1.000000e+00
    outer loop
      vertex   9.156893e+00 8.179609e+01 9.109790e+00
      vertex   8.915409e+00 8.519056e+01 9.109790e+00
      vertex   8.677004e+00 8.516161e+01 9.109790e+00
    endloop
  endfacet
  facet normal 0.000000e+00 0.000000e+00 1.000000e+00
    outer loop
      vertex   9.156893e+00 8.179609e+01 9.109790e+00
      vertex   8.677004e+00 8.516161e+01 9.109790e+00
      vertex   8.438598e+00 8.519056e+01 9.109790e+00
    endloop
  endfacet
  facet normal 0.000000e+00 0.000000e+00 1.000000e+00
    outer loop
      vertex   9.156893e+00 8.179609e+01 9.109790e+00
      vertex   8.438598e+00 8.519056e+01 9.109790e+00
      vertex   6.078450e+00 8.179609e+01 9.109790e+00
    endloop
  endfacet
  facet normal 0.000000e+00 0.000000e+00 1.000000e+00
    outer loop
      vertex   6.078450e+00 8.179609e+01 9.109790e+00
      vertex   8.438598e+00 8.519056e+01 9.109790e+00
      vertex   8.214048e+00 8.527572e+01 9.109790e+00
    endloop
  endfacet
  facet normal 0.000000e+00 0.000000e+00 1.000000e+00
    outer loop
      vertex   6.078450e+00 8.179609e+01 9.109790e+00
      vertex   8.214048e+00 8.527572e+01 9.109790e+00
      vertex   8.016403e+00 8.541214e+01 9.109790e+00
    endloop
  endfacet
  facet normal 0.000000e+00 0.000000e+00 1.000000e+00
    outer loop
      vertex   8.016403e+00 8.541214e+01 9.109790e+00
      vertex   7.857150e+00 8.559190e+01 9.109790e+00
      vertex   6.078450e+00 8.179609e+01 9.109790e+00
    endloop
  endfacet
  facet normal 0.000000e+00 -0.000000e+00 1.000000e+00
    outer loop
      vertex   6.078450e+00 8.179609e+01 9.109790e+00
      vertex   7.857150e+00 8.559190e+01 9.109790e+00
      vertex   5.405311e+00 8.179609e+01 9.109790e+00
    endloop
  endfacet
  facet normal 0.000000e+00 0.000000e+00 1.000000e+00
    outer loop
      vertex   5.405311e+00 8.179609e+01 9.109790e+00
      vertex   7.857150e+00 8.559190e+01 9.109790e+00
      vertex   7.745544e+00 8.580455e+01 9.109790e+00
    endloop
  endfacet
  facet normal 0.000000e+00 0.000000e+00 1.000000e+00
    outer loop
      vertex   5.405311e+00 8.179609e+01 9.109790e+00
      vertex   7.745544e+00 8.580455e+01 9.109790e+00
      vertex   7.688070e+00 8.603773e+01 9.109790e+00
    endloop
  endfacet
  facet normal 0.000000e+00 -0.000000e+00 1.000000e+00
    outer loop
      vertex   5.405311e+00 8.179609e+01 9.109790e+00
      vertex   7.688070e+00 8.603773e+01 9.109790e+00
      vertex   5.671424e-01 8.952937e+01 9.109790e+00
    endloop
  endfacet
  facet normal 0.000000e+00 0.000000e+00 1.000000e+00
    outer loop
      vertex   5.671424e-01 8.952937e+01 9.109790e+00
      vertex   7.688070e+00 8.603773e+01 9.109790e+00
      vertex   7.688070e+00 8.627789e+01 9.109790e+00
    endloop
  endfacet
  facet normal 0.000000e+00 0.000000e+00 1.000000e+00
    outer loop
      vertex   5.671424e-01 8.952937e+01 9.109790e+00
      vertex   7.688070e+00 8.627789e+01 9.109790e+00
      vertex   7.745544e+00 8.651106e+01 9.109790e+00
    endloop
  endfacet
  facet normal 0.000000e+00 -0.000000e+00 1.000000e+00
    outer loop
      vertex   7.745544e+00 8.651106e+01 9.109790e+00
      vertex   7.857150e+00 8.672371e+01 9.109790e+00
      vertex   5.671424e-01 8.952937e+01 9.109790e+00
    endloop
  endfacet
  facet normal 0.000000e+00 0.000000e+00 1.000000e+00
    outer loop
      vertex   5.671424e-01 8.952937e+01 9.109790e+00
      vertex   7.857150e+00 8.672371e+01 9.109790e+00
      vertex   8.016403e+00 8.690347e+01 9.109790e+00
    endloop
  endfacet
  facet normal 0.000000e+00 0.000000e+00 1.000000e+00
    outer loop
      vertex   5.671424e-01 8.952937e+01 9.109790e+00
      vertex   8.016403e+00 8.690347e+01 9.109790e+00
      vertex   8.214048e+00 8.703990e+01 9.109790e+00
    endloop
  endfacet
  facet normal 0.000000e+00 -0.000000e+00 1.000000e+00
    outer loop
      vertex   8.214048e+00 8.703990e+01 9.109790e+00
      vertex   8.438598e+00 8.712506e+01 9.109790e+00
      vertex   5.671424e-01 8.952937e+01 9.109790e+00
    endloop
  endfacet
  facet normal -0.000000e+00 0.000000e+00 1.000000e+00
    outer loop
      vertex   1.109112e+01 7.429800e+01 9.109790e+00
      vertex   1.127725e+01 7.385531e+01 9.109790e+00
      vertex   3.311194e+01 8.952937e+01 9.109790e+00
    endloop
  endfacet
  facet normal 0.000000e+00 0.000000e+00 1.000000e+00
    outer loop
      vertex   3.311194e+01 8.952937e+01 9.109790e+00
      vertex   1.127725e+01 7.385531e+01 9.109790e+00
      vertex   1.140740e+01 7.339305e+01 9.109790e+00
    endloop
  endfacet
  facet normal 0.000000e+00 0.000000e+00 1.000000e+00
    outer loop
      vertex   3.311194e+01 8.952937e+01 9.109790e+00
      vertex   1.140740e+01 7.339305e+01 9.109790e+00
      vertex   1.147960e+01 7.291827e+01 9.109790e+00
    endloop
  endfacet
  facet normal 0.000000e+00 0.000000e+00 1.000000e+00
    outer loop
      vertex   3.311194e+01 8.952937e+01 9.109790e+00
      vertex   1.147960e+01 7.291827e+01 9.109790e+00
      vertex   3.311194e+01 6.020379e+01 9.109790e+00
    endloop
  endfacet
  facet normal 0.000000e+00 0.000000e+00 1.000000e+00
    outer loop
      vertex   3.311194e+01 6.020379e+01 9.109790e+00
      vertex   1.147960e+01 7.291827e+01 9.109790e+00
      vertex   1.149274e+01 7.243822e+01 9.109790e+00
    endloop
  endfacet
  facet normal 0.000000e+00 0.000000e+00 1.000000e+00
    outer loop
      vertex   3.311194e+01 6.020379e+01 9.109790e+00
      vertex   1.149274e+01 7.243822e+01 9.109790e+00
      vertex   1.144663e+01 7.196020e+01 9.109790e+00
    endloop
  endfacet
  facet normal 0.000000e+00 0.000000e+00 1.000000e+00
    outer loop
      vertex   1.144663e+01 7.196020e+01 9.109790e+00
      vertex   1.134196e+01 7.149151e+01 9.109790e+00
      vertex   3.311194e+01 6.020379e+01 9.109790e+00
    endloop
  endfacet
  facet normal 0.000000e+00 0.000000e+00 1.000000e+00
    outer loop
      vertex   3.311194e+01 6.020379e+01 9.109790e+00
      vertex   1.134196e+01 7.149151e+01 9.109790e+00
      vertex   1.118034e+01 7.103929e+01 9.109790e+00
    endloop
  endfacet
  facet normal 0.000000e+00 0.000000e+00 1.000000e+00
    outer loop
      vertex   3.311194e+01 6.020379e+01 9.109790e+00
      vertex   1.118034e+01 7.103929e+01 9.109790e+00
      vertex   1.096422e+01 7.061043e+01 9.109790e+00
    endloop
  endfacet
  facet normal 0.000000e+00 0.000000e+00 1.000000e+00
    outer loop
      vertex   1.096422e+01 7.061043e+01 9.109790e+00
      vertex   1.069691e+01 7.021148e+01 9.109790e+00
      vertex   3.311194e+01 6.020379e+01 9.109790e+00
    endloop
  endfacet
  facet normal 0.000000e+00 0.000000e+00 1.000000e+00
    outer loop
      vertex   3.311194e+01 6.020379e+01 9.109790e+00
      vertex   1.069691e+01 7.021148e+01 9.109790e+00
      vertex   1.038247e+01 6.984850e+01 9.109790e+00
    endloop
  endfacet
  facet normal 0.000000e+00 0.000000e+00 1.000000e+00
    outer loop
      vertex   3.311194e+01 6.020379e+01 9.109790e+00
      vertex   1.038247e+01 6.984850e+01 9.109790e+00
      vertex   1.002569e+01 6.952704e+01 9.109790e+00
    endloop
  endfacet
  facet normal 0.000000e+00 0.000000e+00 1.000000e+00
    outer loop
      vertex   1.002569e+01 6.952704e+01 9.109790e+00
      vertex   9.632029e+00 6.925199e+01 9.109790e+00
      vertex   3.311194e+01 6.020379e+01 9.109790e+00
    endloop
  endfacet
  facet normal 0.000000e+00 0.000000e+00 1.000000e+00
    outer loop
      vertex   3.311194e+01 6.020379e+01 9.109790e+00
      vertex   9.632029e+00 6.925199e+01 9.109790e+00
      vertex   9.207470e+00 6.902755e+01 9.109790e+00
    endloop
  endfacet
  facet normal 0.000000e+00 0.000000e+00 1.000000e+00
    outer loop
      vertex   3.311194e+01 6.020379e+01 9.109790e+00
      vertex   9.207470e+00 6.902755e+01 9.109790e+00
      vertex   5.671424e-01 6.020379e+01 9.109790e+00
    endloop
  endfacet
  facet normal 0.000000e+00 0.000000e+00 1.000000e+00
    outer loop
      vertex   5.671424e-01 6.020379e+01 9.109790e+00
      vertex   9.207470e+00 6.902755e+01 9.109790e+00
      vertex   8.758489e+00 6.885713e+01 9.109790e+00
    endloop
  endfacet
  facet normal 0.000000e+00 0.000000e+00 1.000000e+00
    outer loop
      vertex   5.671424e-01 6.020379e+01 9.109790e+00
      vertex   8.758489e+00 6.885713e+01 9.109790e+00
      vertex   8.291931e+00 6.874334e+01 9.109790e+00
    endloop
  endfacet
  facet normal 0.000000e+00 0.000000e+00 1.000000e+00
    outer loop
      vertex   8.291931e+00 6.874334e+01 9.109790e+00
      vertex   7.814907e+00 6.868791e+01 9.109790e+00
      vertex   5.671424e-01 6.020379e+01 9.109790e+00
    endloop
  endfacet
  facet normal 0.000000e+00 0.000000e+00 1.000000e+00
    outer loop
      vertex   5.671424e-01 6.020379e+01 9.109790e+00
      vertex   7.814907e+00 6.868791e+01 9.109790e+00
      vertex   7.334688e+00 6.869169e+01 9.109790e+00
    endloop
  endfacet
  facet normal 0.000000e+00 0.000000e+00 1.000000e+00
    outer loop
      vertex   5.671424e-01 6.020379e+01 9.109790e+00
      vertex   7.334688e+00 6.869169e+01 9.109790e+00
      vertex   6.858594e+00 6.875461e+01 9.109790e+00
    endloop
  endfacet
  facet normal 0.000000e+00 0.000000e+00 1.000000e+00
    outer loop
      vertex   6.858594e+00 6.875461e+01 9.109790e+00
      vertex   6.393882e+00 6.887572e+01 9.109790e+00
      vertex   5.671424e-01 6.020379e+01 9.109790e+00
    endloop
  endfacet
  facet normal 0.000000e+00 0.000000e+00 1.000000e+00
    outer loop
      vertex   5.671424e-01 6.020379e+01 9.109790e+00
      vertex   6.393882e+00 6.887572e+01 9.109790e+00
      vertex   5.947635e+00 6.905317e+01 9.109790e+00
    endloop
  endfacet
  facet normal 0.000000e+00 0.000000e+00 1.000000e+00
    outer loop
      vertex   5.671424e-01 6.020379e+01 9.109790e+00
      vertex   5.947635e+00 6.905317e+01 9.109790e+00
      vertex   5.526657e+00 6.928426e+01 9.109790e+00
    endloop
  endfacet
  facet normal 0.000000e+00 0.000000e+00 1.000000e+00
    outer loop
      vertex   5.526657e+00 6.928426e+01 9.109790e+00
      vertex   5.137363e+00 6.956546e+01 9.109790e+00
      vertex   5.671424e-01 6.020379e+01 9.109790e+00
    endloop
  endfacet
  facet normal 0.000000e+00 0.000000e+00 1.000000e+00
    outer loop
      vertex   5.671424e-01 6.020379e+01 9.109790e+00
      vertex   5.137363e+00 6.956546e+01 9.109790e+00
      vertex   4.785688e+00 6.989249e+01 9.109790e+00
    endloop
  endfacet
  facet normal 0.000000e+00 0.000000e+00 1.000000e+00
    outer loop
      vertex   5.671424e-01 6.020379e+01 9.109790e+00
      vertex   4.785688e+00 6.989249e+01 9.109790e+00
      vertex   4.476992e+00 7.026036e+01 9.109790e+00
    endloop
  endfacet
  facet normal 0.000000e+00 0.000000e+00 1.000000e+00
    outer loop
      vertex   4.476992e+00 7.026036e+01 9.109790e+00
      vertex   4.215980e+00 7.066347e+01 9.109790e+00
      vertex   5.671424e-01 6.020379e+01 9.109790e+00
    endloop
  endfacet
  facet normal 0.000000e+00 0.000000e+00 1.000000e+00
    outer loop
      vertex   5.671424e-01 6.020379e+01 9.109790e+00
      vertex   4.215980e+00 7.066347e+01 9.109790e+00
      vertex   4.006632e+00 7.109568e+01 9.109790e+00
    endloop
  endfacet
  facet normal 0.000000e+00 0.000000e+00 1.000000e+00
    outer loop
      vertex   5.671424e-01 6.020379e+01 9.109790e+00
      vertex   4.006632e+00 7.109568e+01 9.109790e+00
      vertex   3.852138e+00 7.155038e+01 9.109790e+00
    endloop
  endfacet
  facet normal 0.000000e+00 0.000000e+00 1.000000e+00
    outer loop
      vertex   3.852138e+00 7.155038e+01 9.109790e+00
      vertex   3.754853e+00 7.202066e+01 9.109790e+00
      vertex   5.671424e-01 6.020379e+01 9.109790e+00
    endloop
  endfacet
  facet normal 0.000000e+00 0.000000e+00 1.000000e+00
    outer loop
      vertex   5.671424e-01 6.020379e+01 9.109790e+00
      vertex   3.754853e+00 7.202066e+01 9.109790e+00
      vertex   3.716260e+00 7.249934e+01 9.109790e+00
    endloop
  endfacet
  facet normal 0.000000e+00 0.000000e+00 1.000000e+00
    outer loop
      vertex   5.671424e-01 6.020379e+01 9.109790e+00
      vertex   3.716260e+00 7.249934e+01 9.109790e+00
      vertex   3.736947e+00 7.297913e+01 9.109790e+00
    endloop
  endfacet
  facet normal 0.000000e+00 0.000000e+00 1.000000e+00
    outer loop
      vertex   5.671424e-01 6.020379e+01 9.109790e+00
      vertex   3.736947e+00 7.297913e+01 9.109790e+00
      vertex   5.671424e-01 8.952937e+01 9.109790e+00
    endloop
  endfacet
  facet normal 0.000000e+00 0.000000e+00 1.000000e+00
    outer loop
      vertex   5.671424e-01 8.952937e+01 9.109790e+00
      vertex   3.736947e+00 7.297913e+01 9.109790e+00
      vertex   3.816600e+00 7.345271e+01 9.109790e+00
    endloop
  endfacet
  facet normal 0.000000e+00 0.000000e+00 1.000000e+00
    outer loop
      vertex   5.671424e-01 8.952937e+01 9.109790e+00
      vertex   3.816600e+00 7.345271e+01 9.109790e+00
      vertex   3.954003e+00 7.391287e+01 9.109790e+00
    endloop
  endfacet
  facet normal 0.000000e+00 -0.000000e+00 1.000000e+00
    outer loop
      vertex   3.954003e+00 7.391287e+01 9.109790e+00
      vertex   4.147062e+00 7.435258e+01 9.109790e+00
      vertex   5.671424e-01 8.952937e+01 9.109790e+00
    endloop
  endfacet
  facet normal 0.000000e+00 0.000000e+00 1.000000e+00
    outer loop
      vertex   5.671424e-01 8.952937e+01 9.109790e+00
      vertex   4.147062e+00 7.435258e+01 9.109790e+00
      vertex   5.405311e+00 8.179609e+01 9.109790e+00
    endloop
  endfacet
  facet normal 0.000000e+00 0.000000e+00 1.000000e+00
    outer loop
      vertex   4.147062e+00 7.435258e+01 9.109790e+00
      vertex   4.392836e+00 7.476516e+01 9.109790e+00
      vertex   5.405311e+00 8.179609e+01 9.109790e+00
    endloop
  endfacet
  facet normal 0.000000e+00 0.000000e+00 1.000000e+00
    outer loop
      vertex   5.405311e+00 8.179609e+01 9.109790e+00
      vertex   4.392836e+00 7.476516e+01 9.109790e+00
      vertex   4.687576e+00 7.514431e+01 9.109790e+00
    endloop
  endfacet
  facet normal 0.000000e+00 0.000000e+00 1.000000e+00
    outer loop
      vertex   5.405311e+00 8.179609e+01 9.109790e+00
      vertex   4.687576e+00 7.514431e+01 9.109790e+00
      vertex   5.026792e+00 7.548425e+01 9.109790e+00
    endloop
  endfacet
  facet normal 0.000000e+00 0.000000e+00 1.000000e+00
    outer loop
      vertex   5.026792e+00 7.548425e+01 9.109790e+00
      vertex   5.405311e+00 7.577979e+01 9.109790e+00
      vertex   5.405311e+00 8.179609e+01 9.109790e+00
    endloop
  endfacet
  facet normal -0.000000e+00 0.000000e+00 1.000000e+00
    outer loop
      vertex   6.078450e+00 8.179609e+01 9.109790e+00
      vertex   6.078450e+00 7.527730e+01 9.109790e+00
      vertex   9.156893e+00 8.179609e+01 9.109790e+00
    endloop
  endfacet
  facet normal 0.000000e+00 0.000000e+00 1.000000e+00
    outer loop
      vertex   9.156893e+00 8.179609e+01 9.109790e+00
      vertex   6.078450e+00 7.527730e+01 9.109790e+00
      vertex   9.156893e+00 7.526320e+01 9.109790e+00
    endloop
  endfacet
  facet normal 0.000000e+00 0.000000e+00 1.000000e+00
    outer loop
      vertex   9.156893e+00 7.526320e+01 9.109790e+00
      vertex   6.078450e+00 7.527730e+01 9.109790e+00
      vertex   5.720663e+00 7.504142e+01 9.109790e+00
    endloop
  endfacet
  facet normal 0.000000e+00 0.000000e+00 1.000000e+00
    outer loop
      vertex   9.156893e+00 7.526320e+01 9.109790e+00
      vertex   5.720663e+00 7.504142e+01 9.109790e+00
      vertex   9.512504e+00 7.502405e+01 9.109790e+00
    endloop
  endfacet
  facet normal 0.000000e+00 0.000000e+00 1.000000e+00
    outer loop
      vertex   9.512504e+00 7.502405e+01 9.109790e+00
      vertex   5.720663e+00 7.504142e+01 9.109790e+00
      vertex   5.398743e+00 7.475855e+01 9.109790e+00
    endloop
  endfacet
  facet normal 0.000000e+00 0.000000e+00 1.000000e+00
    outer loop
      vertex   9.512504e+00 7.502405e+01 9.109790e+00
      vertex   5.398743e+00 7.475855e+01 9.109790e+00
      vertex   9.831819e+00 7.473825e+01 9.109790e+00
    endloop
  endfacet
  facet normal 0.000000e+00 0.000000e+00 1.000000e+00
    outer loop
      vertex   9.831819e+00 7.473825e+01 9.109790e+00
      vertex   5.398743e+00 7.475855e+01 9.109790e+00
      vertex   5.118816e+00 7.443407e+01 9.109790e+00
    endloop
  endfacet
  facet normal 0.000000e+00 0.000000e+00 1.000000e+00
    outer loop
      vertex   9.831819e+00 7.473825e+01 9.109790e+00
      vertex   5.118816e+00 7.443407e+01 9.109790e+00
      vertex   1.010876e+01 7.441121e+01 9.109790e+00
    endloop
  endfacet
  facet normal 0.000000e+00 0.000000e+00 1.000000e+00
    outer loop
      vertex   1.010876e+01 7.441121e+01 9.109790e+00
      vertex   5.118816e+00 7.443407e+01 9.109790e+00
      vertex   4.886209e+00 7.407415e+01 9.109790e+00
    endloop
  endfacet
  facet normal 0.000000e+00 0.000000e+00 1.000000e+00
    outer loop
      vertex   1.010876e+01 7.441121e+01 9.109790e+00
      vertex   4.886209e+00 7.407415e+01 9.109790e+00
      vertex   1.033806e+01 7.404918e+01 9.109790e+00
    endloop
  endfacet
  facet normal 0.000000e+00 0.000000e+00 1.000000e+00
    outer loop
      vertex   1.033806e+01 7.404918e+01 9.109790e+00
      vertex   4.886209e+00 7.407415e+01 9.109790e+00
      vertex   4.705349e+00 7.368564e+01 9.109790e+00
    endloop
  endfacet
  facet normal 0.000000e+00 0.000000e+00 1.000000e+00
    outer loop
      vertex   1.033806e+01 7.404918e+01 9.109790e+00
      vertex   4.705349e+00 7.368564e+01 9.109790e+00
      vertex   1.051535e+01 7.365903e+01 9.109790e+00
    endloop
  endfacet
  facet normal 0.000000e+00 0.000000e+00 1.000000e+00
    outer loop
      vertex   1.051535e+01 7.365903e+01 9.109790e+00
      vertex   4.705349e+00 7.368564e+01 9.109790e+00
      vertex   4.579678e+00 7.327594e+01 9.109790e+00
    endloop
  endfacet
  facet normal 0.000000e+00 0.000000e+00 1.000000e+00
    outer loop
      vertex   1.051535e+01 7.365903e+01 9.109790e+00
      vertex   4.579678e+00 7.327594e+01 9.109790e+00
      vertex   1.063727e+01 7.324819e+01 9.109790e+00
    endloop
  endfacet
  facet normal 0.000000e+00 0.000000e+00 1.000000e+00
    outer loop
      vertex   1.063727e+01 7.324819e+01 9.109790e+00
      vertex   4.579678e+00 7.327594e+01 9.109790e+00
      vertex   4.511588e+00 7.285284e+01 9.109790e+00
    endloop
  endfacet
  facet normal 0.000000e+00 0.000000e+00 1.000000e+00
    outer loop
      vertex   1.063727e+01 7.324819e+01 9.109790e+00
      vertex   4.511588e+00 7.285284e+01 9.109790e+00
      vertex   1.070148e+01 7.282449e+01 9.109790e+00
    endloop
  endfacet
  facet normal 0.000000e+00 0.000000e+00 1.000000e+00
    outer loop
      vertex   1.070148e+01 7.282449e+01 9.109790e+00
      vertex   4.511588e+00 7.285284e+01 9.109790e+00
      vertex   4.502374e+00 7.242440e+01 9.109790e+00
    endloop
  endfacet
  facet normal 0.000000e+00 0.000000e+00 1.000000e+00
    outer loop
      vertex   1.070148e+01 7.282449e+01 9.109790e+00
      vertex   4.502374e+00 7.242440e+01 9.109790e+00
      vertex   1.070677e+01 7.239598e+01 9.109790e+00
    endloop
  endfacet
  facet normal 0.000000e+00 0.000000e+00 1.000000e+00
    outer loop
      vertex   1.070677e+01 7.239598e+01 9.109790e+00
      vertex   4.502374e+00 7.242440e+01 9.109790e+00
      vertex   4.552213e+00 7.199876e+01 9.109790e+00
    endloop
  endfacet
  facet normal 0.000000e+00 0.000000e+00 1.000000e+00
    outer loop
      vertex   1.070677e+01 7.239598e+01 9.109790e+00
      vertex   4.552213e+00 7.199876e+01 9.109790e+00
      vertex   1.065303e+01 7.197082e+01 9.109790e+00
    endloop
  endfacet
  facet normal 0.000000e+00 0.000000e+00 1.000000e+00
    outer loop
      vertex   1.065303e+01 7.197082e+01 9.109790e+00
      vertex   4.552213e+00 7.199876e+01 9.109790e+00
      vertex   4.660154e+00 7.158404e+01 9.109790e+00
    endloop
  endfacet
  facet normal 0.000000e+00 0.000000e+00 1.000000e+00
    outer loop
      vertex   1.065303e+01 7.197082e+01 9.109790e+00
      vertex   4.660154e+00 7.158404e+01 9.109790e+00
      vertex   1.054129e+01 7.155710e+01 9.109790e+00
    endloop
  endfacet
  facet normal 0.000000e+00 0.000000e+00 1.000000e+00
    outer loop
      vertex   1.054129e+01 7.155710e+01 9.109790e+00
      vertex   4.660154e+00 7.158404e+01 9.109790e+00
      vertex   4.824145e+00 7.118811e+01 9.109790e+00
    endloop
  endfacet
  facet normal 0.000000e+00 0.000000e+00 1.000000e+00
    outer loop
      vertex   1.054129e+01 7.155710e+01 9.109790e+00
      vertex   4.824145e+00 7.118811e+01 9.109790e+00
      vertex   1.037368e+01 7.116269e+01 9.109790e+00
    endloop
  endfacet
  facet normal 0.000000e+00 0.000000e+00 1.000000e+00
    outer loop
      vertex   1.037368e+01 7.116269e+01 9.109790e+00
      vertex   4.824145e+00 7.118811e+01 9.109790e+00
      vertex   5.041064e+00 7.081853e+01 9.109790e+00
    endloop
  endfacet
  facet normal 0.000000e+00 0.000000e+00 1.000000e+00
    outer loop
      vertex   1.037368e+01 7.116269e+01 9.109790e+00
      vertex   5.041064e+00 7.081853e+01 9.109790e+00
      vertex   1.015339e+01 7.079511e+01 9.109790e+00
    endloop
  endfacet
  facet normal 0.000000e+00 0.000000e+00 1.000000e+00
    outer loop
      vertex   1.015339e+01 7.079511e+01 9.109790e+00
      vertex   5.041064e+00 7.081853e+01 9.109790e+00
      vertex   5.306783e+00 7.048231e+01 9.109790e+00
    endloop
  endfacet
  facet normal 0.000000e+00 0.000000e+00 1.000000e+00
    outer loop
      vertex   1.015339e+01 7.079511e+01 9.109790e+00
      vertex   5.306783e+00 7.048231e+01 9.109790e+00
      vertex   9.884598e+00 7.046134e+01 9.109790e+00
    endloop
  endfacet
  facet normal 0.000000e+00 0.000000e+00 1.000000e+00
    outer loop
      vertex   9.884598e+00 7.046134e+01 9.109790e+00
      vertex   5.306783e+00 7.048231e+01 9.109790e+00
      vertex   5.616245e+00 7.018586e+01 9.109790e+00
    endloop
  endfacet
  facet normal 0.000000e+00 0.000000e+00 1.000000e+00
    outer loop
      vertex   9.884598e+00 7.046134e+01 9.109790e+00
      vertex   5.616245e+00 7.018586e+01 9.109790e+00
      vertex   9.572433e+00 7.016774e+01 9.109790e+00
    endloop
  endfacet
  facet normal 0.000000e+00 0.000000e+00 1.000000e+00
    outer loop
      vertex   9.572433e+00 7.016774e+01 9.109790e+00
      vertex   5.616245e+00 7.018586e+01 9.109790e+00
      vertex   5.963561e+00 6.993482e+01 9.109790e+00
    endloop
  endfacet
  facet normal 0.000000e+00 0.000000e+00 1.000000e+00
    outer loop
      vertex   9.572433e+00 7.016774e+01 9.109790e+00
      vertex   5.963561e+00 6.993482e+01 9.109790e+00
      vertex   9.222831e+00 6.991989e+01 9.109790e+00
    endloop
  endfacet
  facet normal 0.000000e+00 0.000000e+00 1.000000e+00
    outer loop
      vertex   9.222831e+00 6.991989e+01 9.109790e+00
      vertex   5.963561e+00 6.993482e+01 9.109790e+00
      vertex   6.342121e+00 6.973397e+01 9.109790e+00
    endloop
  endfacet
  facet normal 0.000000e+00 0.000000e+00 1.000000e+00
    outer loop
      vertex   9.222831e+00 6.991989e+01 9.109790e+00
      vertex   6.342121e+00 6.973397e+01 9.109790e+00
      vertex   8.842447e+00 6.972252e+01 9.109790e+00
    endloop
  endfacet
  facet normal 0.000000e+00 0.000000e+00 1.000000e+00
    outer loop
      vertex   8.842447e+00 6.972252e+01 9.109790e+00
      vertex   6.342121e+00 6.973397e+01 9.109790e+00
      vertex   6.744721e+00 6.958713e+01 9.109790e+00
    endloop
  endfacet
  facet normal 0.000000e+00 0.000000e+00 1.000000e+00
    outer loop
      vertex   8.842447e+00 6.972252e+01 9.109790e+00
      vertex   6.744721e+00 6.958713e+01 9.109790e+00
      vertex   8.438519e+00 6.957937e+01 9.109790e+00
    endloop
  endfacet
  facet normal 0.000000e+00 0.000000e+00 1.000000e+00
    outer loop
      vertex   8.438519e+00 6.957937e+01 9.109790e+00
      vertex   6.744721e+00 6.958713e+01 9.109790e+00
      vertex   7.163699e+00 6.949710e+01 9.109790e+00
    endloop
  endfacet
  facet normal 0.000000e+00 0.000000e+00 1.000000e+00
    outer loop
      vertex   8.438519e+00 6.957937e+01 9.109790e+00
      vertex   7.163699e+00 6.949710e+01 9.109790e+00
      vertex   8.018734e+00 6.949318e+01 9.109790e+00
    endloop
  endfacet
  facet normal 0.000000e+00 0.000000e+00 1.000000e+00
    outer loop
      vertex   8.018734e+00 6.949318e+01 9.109790e+00
      vertex   7.163699e+00 6.949710e+01 9.109790e+00
      vertex   7.591081e+00 6.946558e+01 9.109790e+00
    endloop
  endfacet
  facet normal 1.000000e+00 -4.428865e-16 0.000000e+00
    outer loop
      vertex   5.405311e+00 7.577979e+01 8.094700e+00
      vertex   5.405311e+00 8.179609e+01 8.094700e+00
      vertex   5.405311e+00 7.577979e+01 9.109790e+00
    endloop
  endfacet
  facet normal 1.000000e+00 -4.428865e-16 0.000000e+00
    outer loop
      vertex   5.405311e+00 7.577979e+01 9.109790e+00
      vertex   5.405311e+00 8.179609e+01 8.094700e+00
      vertex   5.405311e+00 8.179609e+01 9.109790e+00
    endloop
  endfacet
  facet normal -8.184568e-01 5.745531e-01 4.147287e-03
    outer loop
      vertex   1.064581e+01 7.014601e+01 8.094700e+00
      vertex   1.069691e+01 7.021148e+01 9.109790e+00
      vertex   1.092003e+01 7.053664e+01 8.094700e+00
    endloop
  endfacet
  facet normal -8.307486e-01 5.566313e-01 -4.295396e-03
    outer loop
      vertex   1.092003e+01 7.053664e+01 8.094700e+00
      vertex   1.069691e+01 7.021148e+01 9.109790e+00
      vertex   1.096422e+01 7.061043e+01 9.109790e+00
    endloop
  endfacet
  facet normal -8.579050e-01 5.138084e-01 0.000000e+00
    outer loop
      vertex   1.092003e+01 7.053664e+01 8.094700e+00
      vertex   1.096422e+01 7.061043e+01 9.109790e+00
      vertex   1.092003e+01 7.053664e+01 6.609790e+00
    endloop
  endfacet
  facet normal -8.669885e-01 4.983278e-01 6.175232e-04
    outer loop
      vertex   1.092003e+01 7.053664e+01 6.609790e+00
      vertex   1.096422e+01 7.061043e+01 9.109790e+00
      vertex   1.103246e+01 7.073225e+01 6.609790e+00
    endloop
  endfacet
  facet normal -8.930144e-01 4.500214e-01 -2.446648e-03
    outer loop
      vertex   1.103246e+01 7.073225e+01 6.609790e+00
      vertex   1.096422e+01 7.061043e+01 9.109790e+00
      vertex   1.118034e+01 7.103929e+01 9.109790e+00
    endloop
  endfacet
  facet normal -8.944211e-01 4.472212e-01 -2.019525e-03
    outer loop
      vertex   1.103246e+01 7.073225e+01 6.609790e+00
      vertex   1.118034e+01 7.103929e+01 9.109790e+00
      vertex   1.113336e+01 7.093405e+01 6.609790e+00
    endloop
  endfacet
  facet normal -9.188478e-01 3.946116e-01 6.541724e-04
    outer loop
      vertex   1.113336e+01 7.093405e+01 6.609790e+00
      vertex   1.118034e+01 7.103929e+01 9.109790e+00
      vertex   1.122239e+01 7.114136e+01 6.609790e+00
    endloop
  endfacet
  facet normal -9.245932e-01 3.809559e-01 0.000000e+00
    outer loop
      vertex   1.122239e+01 7.114136e+01 6.609790e+00
      vertex   1.118034e+01 7.103929e+01 9.109790e+00
      vertex   1.122239e+01 7.114136e+01 8.094700e+00
    endloop
  endfacet
  facet normal -9.416532e-01 3.365450e-01 -5.172304e-03
    outer loop
      vertex   1.122239e+01 7.114136e+01 8.094700e+00
      vertex   1.118034e+01 7.103929e+01 9.109790e+00
      vertex   1.134196e+01 7.149151e+01 9.109790e+00
    endloop
  endfacet
  facet normal -9.504262e-01 3.109148e-01 4.702133e-03
    outer loop
      vertex   1.122239e+01 7.114136e+01 8.094700e+00
      vertex   1.134196e+01 7.149151e+01 9.109790e+00
      vertex   1.136859e+01 7.158827e+01 8.094700e+00
    endloop
  endfacet
  facet normal -9.759494e-01 2.179437e-01 -4.829522e-03
    outer loop
      vertex   1.136859e+01 7.158827e+01 8.094700e+00
      vertex   1.134196e+01 7.149151e+01 9.109790e+00
      vertex   1.144663e+01 7.196020e+01 9.109790e+00
    endloop
  endfacet
  facet normal -9.809999e-01 1.939595e-01 4.346602e-03
    outer loop
      vertex   1.136859e+01 7.158827e+01 8.094700e+00
      vertex   1.144663e+01 7.196020e+01 9.109790e+00
      vertex   1.145980e+01 7.204956e+01 8.094700e+00
    endloop
  endfacet
  facet normal -9.953694e-01 9.601997e-02 -4.461247e-03
    outer loop
      vertex   1.145980e+01 7.204956e+01 8.094700e+00
      vertex   1.144663e+01 7.196020e+01 9.109790e+00
      vertex   1.149274e+01 7.243822e+01 9.109790e+00
    endloop
  endfacet
  facet normal -9.972378e-01 7.416931e-02 3.965580e-03
    outer loop
      vertex   1.145980e+01 7.204956e+01 8.094700e+00
      vertex   1.149274e+01 7.243822e+01 9.109790e+00
      vertex   1.149467e+01 7.251848e+01 8.094700e+00
    endloop
  endfacet
  facet normal -9.996172e-01 -2.736785e-02 -4.067480e-03
    outer loop
      vertex   1.149467e+01 7.251848e+01 8.094700e+00
      vertex   1.149274e+01 7.243822e+01 9.109790e+00
      vertex   1.147960e+01 7.291827e+01 9.109790e+00
    endloop
  endfacet
  facet normal -9.989024e-01 -4.670510e-02 3.559067e-03
    outer loop
      vertex   1.149467e+01 7.251848e+01 8.094700e+00
      vertex   1.147960e+01 7.291827e+01 9.109790e+00
      vertex   1.147271e+01 7.298818e+01 8.094700e+00
    endloop
  endfacet
  facet normal -9.886278e-01 -1.503389e-01 -3.648224e-03
    outer loop
      vertex   1.147271e+01 7.298818e+01 8.094700e+00
      vertex   1.147960e+01 7.291827e+01 9.109790e+00
      vertex   1.140740e+01 7.339305e+01 9.109790e+00
    endloop
  endfacet
  facet normal -9.859693e-01 -1.668973e-01 3.127066e-03
    outer loop
      vertex   1.147271e+01 7.298818e+01 8.094700e+00
      vertex   1.140740e+01 7.339305e+01 9.109790e+00
      vertex   1.139423e+01 7.345180e+01 8.094700e+00
    endloop
  endfacet
  facet normal -9.625687e-01 -2.710187e-01 -3.203482e-03
    outer loop
      vertex   1.139423e+01 7.345180e+01 8.094700e+00
      vertex   1.140740e+01 7.339305e+01 9.109790e+00
      vertex   1.127725e+01 7.385531e+01 9.109790e+00
    endloop
  endfacet
  facet normal -9.586275e-01 -2.846509e-01 2.669581e-03
    outer loop
      vertex   1.139423e+01 7.345180e+01 8.094700e+00
      vertex   1.127725e+01 7.385531e+01 9.109790e+00
      vertex   1.126038e+01 7.390257e+01 8.094700e+00
    endloop
  endfacet
  facet normal -9.218372e-01 -3.875678e-01 -2.733257e-03
    outer loop
      vertex   1.126038e+01 7.390257e+01 8.094700e+00
      vertex   1.127725e+01 7.385531e+01 9.109790e+00
      vertex   1.109112e+01 7.429800e+01 9.109790e+00
    endloop
  endfacet
  facet normal -9.172765e-01 -3.982450e-01 2.186614e-03
    outer loop
      vertex   1.126038e+01 7.390257e+01 8.094700e+00
      vertex   1.109112e+01 7.429800e+01 9.109790e+00
      vertex   1.107312e+01 7.433389e+01 8.094700e+00
    endloop
  endfacet
  facet normal -8.670539e-01 -4.982094e-01 -2.237552e-03
    outer loop
      vertex   1.107312e+01 7.433389e+01 8.094700e+00
      vertex   1.109112e+01 7.429800e+01 9.109790e+00
      vertex   1.085186e+01 7.471439e+01 9.109790e+00
    endloop
  endfacet
  facet normal -8.625205e-01 -5.060194e-01 1.678169e-03
    outer loop
      vertex   1.107312e+01 7.433389e+01 8.094700e+00
      vertex   1.085186e+01 7.471439e+01 9.109790e+00
      vertex   1.083518e+01 7.473946e+01 8.094700e+00
    endloop
  endfacet
  facet normal -7.990538e-01 -6.012570e-01 -1.716370e-03
    outer loop
      vertex   1.083518e+01 7.473946e+01 8.094700e+00
      vertex   1.085186e+01 7.471439e+01 9.109790e+00
      vertex   1.056312e+01 7.509813e+01 9.109790e+00
    endloop
  endfacet
  facet normal -7.951596e-01 -6.063991e-01 1.144249e-03
    outer loop
      vertex   1.083518e+01 7.473946e+01 8.094700e+00
      vertex   1.056312e+01 7.509813e+01 9.109790e+00
      vertex   1.055004e+01 7.511336e+01 8.094700e+00
    endloop
  endfacet
  facet normal -7.188736e-01 -6.951398e-01 -1.169714e-03
    outer loop
      vertex   1.055004e+01 7.511336e+01 8.094700e+00
      vertex   1.056312e+01 7.509813e+01 9.109790e+00
      vertex   1.022929e+01 7.544336e+01 9.109790e+00
    endloop
  endfacet
  facet normal -7.161783e-01 -6.979171e-01 5.848579e-04
    outer loop
      vertex   1.055004e+01 7.511336e+01 8.094700e+00
      vertex   1.022929e+01 7.544336e+01 9.109790e+00
      vertex   1.022187e+01 7.545012e+01 8.094700e+00
    endloop
  endfacet
  facet normal -6.277354e-01 -7.784266e-01 -5.975896e-04
    outer loop
      vertex   1.022187e+01 7.545012e+01 8.094700e+00
      vertex   1.022929e+01 7.544336e+01 9.109790e+00
      vertex   9.855463e+00 7.574482e+01 9.109790e+00
    endloop
  endfacet
  facet normal -6.267308e-01 -7.792359e-01 1.434707e-17
    outer loop
      vertex   1.022187e+01 7.545012e+01 8.094700e+00
      vertex   9.855463e+00 7.574482e+01 9.109790e+00
      vertex   9.855463e+00 7.574482e+01 8.094700e+00
    endloop
  endfacet
  facet normal -7.558257e-01 6.547596e-01 -4.178440e-03
    outer loop
      vertex   1.069691e+01 7.021148e+01 9.109790e+00
      vertex   1.064581e+01 7.014601e+01 8.094700e+00
      vertex   1.038247e+01 6.984850e+01 9.109790e+00
    endloop
  endfacet
  facet normal -7.419306e-01 6.704646e-01 4.029218e-03
    outer loop
      vertex   1.038247e+01 6.984850e+01 9.109790e+00
      vertex   1.064581e+01 7.014601e+01 8.094700e+00
      vertex   1.032581e+01 6.979190e+01 8.094700e+00
    endloop
  endfacet
  facet normal -6.693818e-01 7.429075e-01 -4.059257e-03
    outer loop
      vertex   1.038247e+01 6.984850e+01 9.109790e+00
      vertex   1.032581e+01 6.979190e+01 8.094700e+00
      vertex   1.002569e+01 6.952704e+01 9.109790e+00
    endloop
  endfacet
  facet normal -6.542342e-01 7.562819e-01 3.908922e-03
    outer loop
      vertex   1.002569e+01 6.952704e+01 9.109790e+00
      vertex   1.032581e+01 6.979190e+01 8.094700e+00
      vertex   9.964853e+00 6.947965e+01 8.094700e+00
    endloop
  endfacet
  facet normal -5.727344e-01 8.197315e-01 -3.937848e-03
    outer loop
      vertex   1.002569e+01 6.952704e+01 9.109790e+00
      vertex   9.964853e+00 6.947965e+01 8.094700e+00
      vertex   9.632029e+00 6.925199e+01 9.109790e+00
    endloop
  endfacet
  facet normal -5.566878e-01 8.307131e-01 3.786399e-03
    outer loop
      vertex   9.632029e+00 6.925199e+01 9.109790e+00
      vertex   9.964853e+00 6.947965e+01 8.094700e+00
      vertex   9.568373e+00 6.921396e+01 8.094700e+00
    endloop
  endfacet
  facet normal -4.673569e-01 8.840605e-01 -3.814213e-03
    outer loop
      vertex   9.632029e+00 6.925199e+01 9.109790e+00
      vertex   9.568373e+00 6.921396e+01 8.094700e+00
      vertex   9.207470e+00 6.902755e+01 9.109790e+00
    endloop
  endfacet
  facet normal -4.507602e-01 8.926376e-01 3.661651e-03
    outer loop
      vertex   9.207470e+00 6.902755e+01 9.109790e+00
      vertex   9.568373e+00 6.921396e+01 8.094700e+00
      vertex   9.142338e+00 6.899882e+01 8.094700e+00
    endloop
  endfacet
  facet normal -3.548554e-01 9.349139e-01 -3.688351e-03
    outer loop
      vertex   9.207470e+00 6.902755e+01 9.109790e+00
      vertex   9.142338e+00 6.899882e+01 8.094700e+00
      vertex   8.758489e+00 6.885713e+01 9.109790e+00
    endloop
  endfacet
  facet normal -3.380459e-01 9.411230e-01 3.534676e-03
    outer loop
      vertex   8.758489e+00 6.885713e+01 9.109790e+00
      vertex   9.142338e+00 6.899882e+01 8.094700e+00
      vertex   8.693162e+00 6.883748e+01 8.094700e+00
    endloop
  endfacet
  facet normal -2.369448e-01 9.715166e-01 -3.560263e-03
    outer loop
      vertex   8.758489e+00 6.885713e+01 9.109790e+00
      vertex   8.693162e+00 6.883748e+01 8.094700e+00
      vertex   8.291931e+00 6.874334e+01 9.109790e+00
    endloop
  endfacet
  facet normal -2.202422e-01 9.754393e-01 3.405475e-03
    outer loop
      vertex   8.291931e+00 6.874334e+01 9.109790e+00
      vertex   8.693162e+00 6.883748e+01 8.094700e+00
      vertex   8.227608e+00 6.873236e+01 8.094700e+00
    endloop
  endfacet
  facet normal -1.154223e-01 9.933106e-01 -3.429949e-03
    outer loop
      vertex   8.291931e+00 6.874334e+01 9.109790e+00
      vertex   8.227608e+00 6.873236e+01 8.094700e+00
      vertex   7.814907e+00 6.868791e+01 9.109790e+00
    endloop
  endfacet
  facet normal -9.912243e-02 9.950699e-01 3.274048e-03
    outer loop
      vertex   7.814907e+00 6.868791e+01 9.109790e+00
      vertex   8.227608e+00 6.873236e+01 8.094700e+00
      vertex   7.752685e+00 6.868505e+01 8.094700e+00
    endloop
  endfacet
  facet normal 7.859666e-03 9.999637e-01 -3.297409e-03
    outer loop
      vertex   7.814907e+00 6.868791e+01 9.109790e+00
      vertex   7.752685e+00 6.868505e+01 8.094700e+00
      vertex   7.334688e+00 6.869169e+01 9.109790e+00
    endloop
  endfacet
  facet normal 2.348976e-02 9.997191e-01 3.140395e-03
    outer loop
      vertex   7.334688e+00 6.869169e+01 9.109790e+00
      vertex   7.752685e+00 6.868505e+01 8.094700e+00
      vertex   7.275543e+00 6.869626e+01 8.094700e+00
    endloop
  endfacet
  facet normal 1.310219e-01 9.913744e-01 -3.162643e-03
    outer loop
      vertex   7.334688e+00 6.869169e+01 9.109790e+00
      vertex   7.275543e+00 6.869626e+01 8.094700e+00
      vertex   6.858594e+00 6.875461e+01 9.109790e+00
    endloop
  endfacet
  facet normal 1.457484e-01 9.893171e-01 3.004516e-03
    outer loop
      vertex   6.858594e+00 6.875461e+01 9.109790e+00
      vertex   7.275543e+00 6.869626e+01 8.094700e+00
      vertex   6.803366e+00 6.876583e+01 8.094700e+00
    endloop
  endfacet
  facet normal 2.521871e-01 9.676738e-01 -3.025651e-03
    outer loop
      vertex   6.858594e+00 6.875461e+01 9.109790e+00
      vertex   6.803366e+00 6.876583e+01 8.094700e+00
      vertex   6.393882e+00 6.887572e+01 9.109790e+00
    endloop
  endfacet
  facet normal 2.658128e-01 9.640204e-01 2.866411e-03
    outer loop
      vertex   6.393882e+00 6.887572e+01 9.109790e+00
      vertex   6.803366e+00 6.876583e+01 8.094700e+00
      vertex   6.343263e+00 6.889269e+01 8.094700e+00
    endloop
  endfacet
  facet normal 3.695084e-01 9.292229e-01 -2.886434e-03
    outer loop
      vertex   6.393882e+00 6.887572e+01 9.109790e+00
      vertex   6.343263e+00 6.889269e+01 8.094700e+00
      vertex   5.947635e+00 6.905317e+01 9.109790e+00
    endloop
  endfacet
  facet normal 3.818754e-01 9.242098e-01 2.726080e-03
    outer loop
      vertex   5.947635e+00 6.905317e+01 9.109790e+00
      vertex   6.343263e+00 6.889269e+01 8.094700e+00
      vertex   5.902160e+00 6.907495e+01 8.094700e+00
    endloop
  endfacet
  facet normal 4.811973e-01 8.766080e-01 -2.744990e-03
    outer loop
      vertex   5.947635e+00 6.905317e+01 9.109790e+00
      vertex   5.902160e+00 6.907495e+01 8.094700e+00
      vertex   5.526657e+00 6.928426e+01 9.109790e+00
    endloop
  endfacet
  facet normal 4.921887e-01 8.704847e-01 2.583523e-03
    outer loop
      vertex   5.526657e+00 6.928426e+01 9.109790e+00
      vertex   5.902160e+00 6.907495e+01 8.094700e+00
      vertex   5.486700e+00 6.930986e+01 8.094700e+00
    endloop
  endfacet
  facet normal 5.855515e-01 8.106310e-01 -2.601321e-03
    outer loop
      vertex   5.526657e+00 6.928426e+01 9.109790e+00
      vertex   5.486700e+00 6.930986e+01 8.094700e+00
      vertex   5.137363e+00 6.956546e+01 9.109790e+00
    endloop
  endfacet
  facet normal 5.950919e-01 8.036539e-01 2.438741e-03
    outer loop
      vertex   5.137363e+00 6.956546e+01 9.109790e+00
      vertex   5.486700e+00 6.930986e+01 8.094700e+00
      vertex   5.103136e+00 6.959388e+01 8.094700e+00
    endloop
  endfacet
  facet normal 6.809803e-01 7.322976e-01 -2.455426e-03
    outer loop
      vertex   5.137363e+00 6.956546e+01 9.109790e+00
      vertex   5.103136e+00 6.959388e+01 8.094700e+00
      vertex   4.785688e+00 6.989249e+01 9.109790e+00
    endloop
  endfacet
  facet normal 6.890358e-01 7.247237e-01 2.291734e-03
    outer loop
      vertex   4.785688e+00 6.989249e+01 9.109790e+00
      vertex   5.103136e+00 6.959388e+01 8.094700e+00
      vertex   4.757243e+00 6.992274e+01 8.094700e+00
    endloop
  endfacet
  facet normal 7.660291e-01 6.428018e-01 -2.307306e-03
    outer loop
      vertex   4.785688e+00 6.989249e+01 9.109790e+00
      vertex   4.757243e+00 6.992274e+01 8.094700e+00
      vertex   4.476992e+00 7.026036e+01 9.109790e+00
    endloop
  endfacet
  facet normal 7.726059e-01 6.348823e-01 2.142501e-03
    outer loop
      vertex   4.476992e+00 7.026036e+01 9.109790e+00
      vertex   4.757243e+00 6.992274e+01 8.094700e+00
      vertex   4.454230e+00 7.029149e+01 8.094700e+00
    endloop
  endfacet
  facet normal 8.394014e-01 5.435078e-01 -2.156961e-03
    outer loop
      vertex   4.476992e+00 7.026036e+01 9.109790e+00
      vertex   4.454230e+00 7.029149e+01 8.094700e+00
      vertex   4.215980e+00 7.066347e+01 9.109790e+00
    endloop
  endfacet
  facet normal 8.445441e-01 5.354823e-01 1.991042e-03
    outer loop
      vertex   4.215980e+00 7.066347e+01 9.109790e+00
      vertex   4.454230e+00 7.029149e+01 8.094700e+00
      vertex   4.198658e+00 7.069457e+01 8.094700e+00
    endloop
  endfacet
  facet normal 8.999788e-01 4.359290e-01 -2.004390e-03
    outer loop
      vertex   4.215980e+00 7.066347e+01 9.109790e+00
      vertex   4.198658e+00 7.069457e+01 8.094700e+00
      vertex   4.006632e+00 7.109568e+01 9.109790e+00
    endloop
  endfacet
  facet normal 9.037672e-01 4.280203e-01 1.837359e-03
    outer loop
      vertex   4.006632e+00 7.109568e+01 9.109790e+00
      vertex   4.198658e+00 7.069457e+01 8.094700e+00
      vertex   3.994375e+00 7.112591e+01 8.094700e+00
    endloop
  endfacet
  facet normal 9.468380e-01 3.217054e-01 -1.849593e-03
    outer loop
      vertex   4.006632e+00 7.109568e+01 9.109790e+00
      vertex   3.994375e+00 7.112591e+01 8.094700e+00
      vertex   3.852138e+00 7.155038e+01 9.109790e+00
    endloop
  endfacet
  facet normal 9.493837e-01 3.141142e-01 1.681450e-03
    outer loop
      vertex   3.852138e+00 7.155038e+01 9.109790e+00
      vertex   3.994375e+00 7.112591e+01 8.094700e+00
      vertex   3.844457e+00 7.157903e+01 8.094700e+00
    endloop
  endfacet
  facet normal 9.792647e-01 2.025780e-01 -1.692572e-03
    outer loop
      vertex   3.852138e+00 7.155038e+01 9.109790e+00
      vertex   3.844457e+00 7.157903e+01 8.094700e+00
      vertex   3.754853e+00 7.202066e+01 9.109790e+00
    endloop
  endfacet
  facet normal 9.807067e-01 1.954788e-01 1.523316e-03
    outer loop
      vertex   3.754853e+00 7.202066e+01 9.109790e+00
      vertex   3.844457e+00 7.157903e+01 8.094700e+00
      vertex   3.751160e+00 7.204710e+01 8.094700e+00
    endloop
  endfacet
  facet normal 9.967645e-01 8.036267e-02 -1.533326e-03
    outer loop
      vertex   3.754853e+00 7.202066e+01 9.109790e+00
      vertex   3.751160e+00 7.204710e+01 8.094700e+00
      vertex   3.716260e+00 7.249934e+01 9.109790e+00
    endloop
  endfacet
  facet normal 9.972647e-01 7.390035e-02 1.362957e-03
    outer loop
      vertex   3.716260e+00 7.249934e+01 9.109790e+00
      vertex   3.751160e+00 7.204710e+01 8.094700e+00
      vertex   3.715889e+00 7.252306e+01 8.094700e+00
    endloop
  endfacet
  facet normal 9.990708e-01 -4.307770e-02 -1.371855e-03
    outer loop
      vertex   3.716260e+00 7.249934e+01 9.109790e+00
      vertex   3.715889e+00 7.252306e+01 8.094700e+00
      vertex   3.736947e+00 7.297913e+01 9.109790e+00
    endloop
  endfacet
  facet normal 9.988083e-01 -4.879077e-02 1.200373e-03
    outer loop
      vertex   3.736947e+00 7.297913e+01 9.109790e+00
      vertex   3.715889e+00 7.252306e+01 8.094700e+00
      vertex   3.739175e+00 7.299977e+01 8.094700e+00
    endloop
  endfacet
  facet normal 9.861483e-01 -1.658615e-01 -1.208159e-03
    outer loop
      vertex   3.736947e+00 7.297913e+01 9.109790e+00
      vertex   3.739175e+00 7.299977e+01 8.094700e+00
      vertex   3.816600e+00 7.345271e+01 9.109790e+00
    endloop
  endfacet
  facet normal 9.853143e-01 -1.707474e-01 1.035565e-03
    outer loop
      vertex   3.816600e+00 7.345271e+01 9.109790e+00
      vertex   3.739175e+00 7.299977e+01 8.094700e+00
      vertex   3.820669e+00 7.347003e+01 8.094700e+00
    endloop
  endfacet
  facet normal 9.581941e-01 -2.861171e-01 -1.042238e-03
    outer loop
      vertex   3.816600e+00 7.345271e+01 9.109790e+00
      vertex   3.820669e+00 7.347003e+01 8.094700e+00
      vertex   3.954003e+00 7.391287e+01 9.109790e+00
    endloop
  endfacet
  facet normal 9.569858e-01 -2.901333e-01 8.685318e-04
    outer loop
      vertex   3.954003e+00 7.391287e+01 9.109790e+00
      vertex   3.820669e+00 7.347003e+01 8.094700e+00
      vertex   3.959142e+00 7.392678e+01 8.094700e+00
    endloop
  endfacet
  facet normal 9.156342e-01 -4.020115e-01 -8.740924e-04
    outer loop
      vertex   3.954003e+00 7.391287e+01 9.109790e+00
      vertex   3.959142e+00 7.392678e+01 8.094700e+00
      vertex   4.147062e+00 7.435258e+01 9.109790e+00
    endloop
  endfacet
  facet normal 9.142494e-01 -4.051512e-01 6.992741e-04
    outer loop
      vertex   4.147062e+00 7.435258e+01 9.109790e+00
      vertex   3.959142e+00 7.392678e+01 8.094700e+00
      vertex   4.152510e+00 7.436312e+01 8.094700e+00
    endloop
  endfacet
  facet normal 8.591173e-01 -5.117782e-01 -7.037224e-04
    outer loop
      vertex   4.147062e+00 7.435258e+01 9.109790e+00
      vertex   4.152510e+00 7.436312e+01 8.094700e+00
      vertex   4.392836e+00 7.476516e+01 9.109790e+00
    endloop
  endfacet
  facet normal 8.577485e-01 -5.140693e-01 5.277920e-04
    outer loop
      vertex   4.392836e+00 7.476516e+01 9.109790e+00
      vertex   4.152510e+00 7.436312e+01 8.094700e+00
      vertex   4.397861e+00 7.477251e+01 8.094700e+00
    endloop
  endfacet
  facet normal 7.895051e-01 -6.137438e-01 -5.311281e-04
    outer loop
      vertex   4.392836e+00 7.476516e+01 9.109790e+00
      vertex   4.397861e+00 7.477251e+01 8.094700e+00
      vertex   4.687576e+00 7.514431e+01 9.109790e+00
    endloop
  endfacet
  facet normal 7.883337e-01 -6.152478e-01 3.540855e-04
    outer loop
      vertex   4.687576e+00 7.514431e+01 9.109790e+00
      vertex   4.397861e+00 7.477251e+01 8.094700e+00
      vertex   4.691503e+00 7.514876e+01 8.094700e+00
    endloop
  endfacet
  facet normal 7.078584e-01 -7.063543e-01 -3.563096e-04
    outer loop
      vertex   4.687576e+00 7.514431e+01 9.109790e+00
      vertex   4.691503e+00 7.514876e+01 8.094700e+00
      vertex   5.026792e+00 7.548425e+01 9.109790e+00
    endloop
  endfacet
  facet normal 7.070500e-01 -7.071635e-01 1.781548e-04
    outer loop
      vertex   5.026792e+00 7.548425e+01 9.109790e+00
      vertex   4.691503e+00 7.514876e+01 8.094700e+00
      vertex   5.029013e+00 7.548621e+01 8.094700e+00
    endloop
  endfacet
  facet normal 6.154219e-01 -7.881978e-01 -1.792668e-04
    outer loop
      vertex   5.026792e+00 7.548425e+01 9.109790e+00
      vertex   5.029013e+00 7.548621e+01 8.094700e+00
      vertex   5.405311e+00 7.577979e+01 9.109790e+00
    endloop
  endfacet
  facet normal 6.151214e-01 -7.884324e-01 0.000000e+00
    outer loop
      vertex   5.405311e+00 7.577979e+01 9.109790e+00
      vertex   5.029013e+00 7.548621e+01 8.094700e+00
      vertex   5.405311e+00 7.577979e+01 8.094700e+00
    endloop
  endfacet
  facet normal -1.000000e+00 5.871020e-16 0.000000e+00
    outer loop
      vertex   9.855463e+00 8.179609e+01 8.094700e+00
      vertex   9.855463e+00 7.574482e+01 8.094700e+00
      vertex   9.855463e+00 8.179609e+01 9.109790e+00
    endloop
  endfacet
  facet normal -1.000000e+00 5.871020e-16 0.000000e+00
    outer loop
      vertex   9.855463e+00 8.179609e+01 9.109790e+00
      vertex   9.855463e+00 7.574482e+01 8.094700e+00
      vertex   9.855463e+00 7.574482e+01 9.109790e+00
    endloop
  endfacet
  facet normal 0.000000e+00 -1.000000e+00 0.000000e+00
    outer loop
      vertex   9.156893e+00 8.179609e+01 8.094700e+00
      vertex   9.855463e+00 8.179609e+01 8.094700e+00
      vertex   9.156893e+00 8.179609e+01 9.109790e+00
    endloop
  endfacet
  facet normal 0.000000e+00 -1.000000e+00 0.000000e+00
    outer loop
      vertex   9.156893e+00 8.179609e+01 9.109790e+00
      vertex   9.855463e+00 8.179609e+01 8.094700e+00
      vertex   9.855463e+00 8.179609e+01 9.109790e+00
    endloop
  endfacet
  facet normal 1.000000e+00 -5.438196e-16 0.000000e+00
    outer loop
      vertex   9.156893e+00 7.526320e+01 8.094700e+00
      vertex   9.156893e+00 8.179609e+01 8.094700e+00
      vertex   9.156893e+00 7.526320e+01 9.109790e+00
    endloop
  endfacet
  facet normal 1.000000e+00 -5.438196e-16 0.000000e+00
    outer loop
      vertex   9.156893e+00 7.526320e+01 9.109790e+00
      vertex   9.156893e+00 8.179609e+01 8.094700e+00
      vertex   9.156893e+00 8.179609e+01 9.109790e+00
    endloop
  endfacet
  facet normal -5.504126e-01 8.348928e-01 0.000000e+00
    outer loop
      vertex   6.078450e+00 7.527730e+01 9.109790e+00
      vertex   6.078450e+00 7.527730e+01 8.094700e+00
      vertex   5.720663e+00 7.504142e+01 9.109790e+00
    endloop
  endfacet
  facet normal -5.504126e-01 8.348928e-01 4.815970e-16
    outer loop
      vertex   5.720663e+00 7.504142e+01 9.109790e+00
      vertex   6.078450e+00 7.527730e+01 8.094700e+00
      vertex   5.720663e+00 7.504142e+01 8.094700e+00
    endloop
  endfacet
  facet normal -6.600766e-01 7.511983e-01 5.775501e-16
    outer loop
      vertex   5.720663e+00 7.504142e+01 9.109790e+00
      vertex   5.720663e+00 7.504142e+01 8.094700e+00
      vertex   5.398743e+00 7.475855e+01 9.109790e+00
    endloop
  endfacet
  facet normal -6.600766e-01 7.511983e-01 0.000000e+00
    outer loop
      vertex   5.398743e+00 7.475855e+01 9.109790e+00
      vertex   5.720663e+00 7.504142e+01 8.094700e+00
      vertex   5.398743e+00 7.475855e+01 8.094700e+00
    endloop
  endfacet
  facet normal -7.571787e-01 6.532078e-01 0.000000e+00
    outer loop
      vertex   5.398743e+00 7.475855e+01 9.109790e+00
      vertex   5.398743e+00 7.475855e+01 8.094700e+00
      vertex   5.118816e+00 7.443407e+01 9.109790e+00
    endloop
  endfacet
  facet normal -7.571787e-01 6.532078e-01 0.000000e+00
    outer loop
      vertex   5.118816e+00 7.443407e+01 9.109790e+00
      vertex   5.398743e+00 7.475855e+01 8.094700e+00
      vertex   5.118816e+00 7.443407e+01 8.094700e+00
    endloop
  endfacet
  facet normal -8.398709e-01 5.427861e-01 0.000000e+00
    outer loop
      vertex   5.118816e+00 7.443407e+01 9.109790e+00
      vertex   5.118816e+00 7.443407e+01 8.094700e+00
      vertex   4.886209e+00 7.407415e+01 9.109790e+00
    endloop
  endfacet
  facet normal -8.398709e-01 5.427861e-01 0.000000e+00
    outer loop
      vertex   4.886209e+00 7.407415e+01 9.109790e+00
      vertex   5.118816e+00 7.443407e+01 8.094700e+00
      vertex   4.886209e+00 7.407415e+01 8.094700e+00
    endloop
  endfacet
  facet normal -9.065797e-01 4.220347e-01 0.000000e+00
    outer loop
      vertex   4.886209e+00 7.407415e+01 9.109790e+00
      vertex   4.886209e+00 7.407415e+01 8.094700e+00
      vertex   4.705349e+00 7.368564e+01 9.109790e+00
    endloop
  endfacet
  facet normal -9.065797e-01 4.220347e-01 0.000000e+00
    outer loop
      vertex   4.705349e+00 7.368564e+01 9.109790e+00
      vertex   4.886209e+00 7.407415e+01 8.094700e+00
      vertex   4.705349e+00 7.368564e+01 8.094700e+00
    endloop
  endfacet
  facet normal -9.560353e-01 2.932516e-01 0.000000e+00
    outer loop
      vertex   4.705349e+00 7.368564e+01 9.109790e+00
      vertex   4.705349e+00 7.368564e+01 8.094700e+00
      vertex   4.579678e+00 7.327594e+01 9.109790e+00
    endloop
  endfacet
  facet normal -9.560353e-01 2.932516e-01 0.000000e+00
    outer loop
      vertex   4.579678e+00 7.327594e+01 9.109790e+00
      vertex   4.705349e+00 7.368564e+01 8.094700e+00
      vertex   4.579678e+00 7.327594e+01 8.094700e+00
    endloop
  endfacet
  facet normal -9.872967e-01 1.588876e-01 0.000000e+00
    outer loop
      vertex   4.579678e+00 7.327594e+01 9.109790e+00
      vertex   4.579678e+00 7.327594e+01 8.094700e+00
      vertex   4.511588e+00 7.285284e+01 9.109790e+00
    endloop
  endfacet
  facet normal -9.872967e-01 1.588876e-01 8.638593e-16
    outer loop
      vertex   4.511588e+00 7.285284e+01 9.109790e+00
      vertex   4.579678e+00 7.327594e+01 8.094700e+00
      vertex   4.511588e+00 7.285284e+01 8.094700e+00
    endloop
  endfacet
  facet normal -9.997689e-01 2.149988e-02 8.747722e-16
    outer loop
      vertex   4.511588e+00 7.285284e+01 9.109790e+00
      vertex   4.511588e+00 7.285284e+01 8.094700e+00
      vertex   4.502374e+00 7.242440e+01 9.109790e+00
    endloop
  endfacet
  facet normal -9.997689e-01 2.149988e-02 0.000000e+00
    outer loop
      vertex   4.502374e+00 7.242440e+01 9.109790e+00
      vertex   4.511588e+00 7.285284e+01 8.094700e+00
      vertex   4.502374e+00 7.242440e+01 8.094700e+00
    endloop
  endfacet
  facet normal -9.932145e-01 -1.162970e-01 -0.000000e+00
    outer loop
      vertex   4.502374e+00 7.242440e+01 9.109790e+00
      vertex   4.502374e+00 7.242440e+01 8.094700e+00
      vertex   4.552213e+00 7.199876e+01 9.109790e+00
    endloop
  endfacet
  facet normal -9.932145e-01 -1.162970e-01 -8.690372e-16
    outer loop
      vertex   4.552213e+00 7.199876e+01 9.109790e+00
      vertex   4.502374e+00 7.242440e+01 8.094700e+00
      vertex   4.552213e+00 7.199876e+01 8.094700e+00
    endloop
  endfacet
  facet normal -9.677583e-01 -2.518807e-01 -8.467637e-16
    outer loop
      vertex   4.552213e+00 7.199876e+01 9.109790e+00
      vertex   4.552213e+00 7.199876e+01 8.094700e+00
      vertex   4.660154e+00 7.158404e+01 9.109790e+00
    endloop
  endfacet
  facet normal -9.677583e-01 -2.518807e-01 -0.000000e+00
    outer loop
      vertex   4.660154e+00 7.158404e+01 9.109790e+00
      vertex   4.552213e+00 7.199876e+01 8.094700e+00
      vertex   4.660154e+00 7.158404e+01 8.094700e+00
    endloop
  endfacet
  facet normal -9.238847e-01 -3.826709e-01 -0.000000e+00
    outer loop
      vertex   4.660154e+00 7.158404e+01 9.109790e+00
      vertex   4.660154e+00 7.158404e+01 8.094700e+00
      vertex   4.824145e+00 7.118811e+01 9.109790e+00
    endloop
  endfacet
  facet normal -9.238847e-01 -3.826709e-01 -1.616751e-15
    outer loop
      vertex   4.824145e+00 7.118811e+01 9.109790e+00
      vertex   4.660154e+00 7.158404e+01 8.094700e+00
      vertex   4.824145e+00 7.118811e+01 8.094700e+00
    endloop
  endfacet
  facet normal -8.624288e-01 -5.061784e-01 -1.509206e-15
    outer loop
      vertex   4.824145e+00 7.118811e+01 9.109790e+00
      vertex   4.824145e+00 7.118811e+01 8.094700e+00
      vertex   5.041064e+00 7.081853e+01 9.109790e+00
    endloop
  endfacet
  facet normal -8.624288e-01 -5.061784e-01 -7.546031e-16
    outer loop
      vertex   5.041064e+00 7.081853e+01 9.109790e+00
      vertex   4.824145e+00 7.118811e+01 8.094700e+00
      vertex   5.041064e+00 7.081853e+01 8.094700e+00
    endloop
  endfacet
  facet normal -7.845600e-01 -6.200529e-01 -6.864699e-16
    outer loop
      vertex   5.041064e+00 7.081853e+01 9.109790e+00
      vertex   5.041064e+00 7.081853e+01 8.094700e+00
      vertex   5.306783e+00 7.048231e+01 9.109790e+00
    endloop
  endfacet
  facet normal -7.845600e-01 -6.200529e-01 -0.000000e+00
    outer loop
      vertex   5.306783e+00 7.048231e+01 9.109790e+00
      vertex   5.041064e+00 7.081853e+01 8.094700e+00
      vertex   5.306783e+00 7.048231e+01 8.094700e+00
    endloop
  endfacet
  facet normal -6.917602e-01 -7.221272e-01 -0.000000e+00
    outer loop
      vertex   5.306783e+00 7.048231e+01 9.109790e+00
      vertex   5.306783e+00 7.048231e+01 8.094700e+00
      vertex   5.616245e+00 7.018586e+01 9.109790e+00
    endloop
  endfacet
  facet normal -6.917602e-01 -7.221272e-01 -0.000000e+00
    outer loop
      vertex   5.616245e+00 7.018586e+01 9.109790e+00
      vertex   5.306783e+00 7.048231e+01 8.094700e+00
      vertex   5.616245e+00 7.018586e+01 8.094700e+00
    endloop
  endfacet
  facet normal -5.857957e-01 -8.104588e-01 -0.000000e+00
    outer loop
      vertex   5.616245e+00 7.018586e+01 9.109790e+00
      vertex   5.616245e+00 7.018586e+01 8.094700e+00
      vertex   5.963561e+00 6.993482e+01 9.109790e+00
    endloop
  endfacet
  facet normal -5.857957e-01 -8.104588e-01 -1.537669e-15
    outer loop
      vertex   5.963561e+00 6.993482e+01 9.109790e+00
      vertex   5.616245e+00 7.018586e+01 8.094700e+00
      vertex   5.963561e+00 6.993482e+01 8.094700e+00
    endloop
  endfacet
  facet normal -4.686828e-01 -8.833665e-01 -1.230256e-15
    outer loop
      vertex   5.963561e+00 6.993482e+01 9.109790e+00
      vertex   5.963561e+00 6.993482e+01 8.094700e+00
      vertex   6.342121e+00 6.973397e+01 9.109790e+00
    endloop
  endfacet
  facet normal -4.686828e-01 -8.833665e-01 -4.100855e-16
    outer loop
      vertex   6.342121e+00 6.973397e+01 9.109790e+00
      vertex   5.963561e+00 6.993482e+01 8.094700e+00
      vertex   6.342121e+00 6.973397e+01 8.094700e+00
    endloop
  endfacet
  facet normal -3.426505e-01 -9.394629e-01 -2.998104e-16
    outer loop
      vertex   6.342121e+00 6.973397e+01 9.109790e+00
      vertex   6.342121e+00 6.973397e+01 8.094700e+00
      vertex   6.744721e+00 6.958713e+01 9.109790e+00
    endloop
  endfacet
  facet normal -3.426505e-01 -9.394629e-01 -2.998104e-16
    outer loop
      vertex   6.744721e+00 6.958713e+01 9.109790e+00
      vertex   6.342121e+00 6.973397e+01 8.094700e+00
      vertex   6.744721e+00 6.958713e+01 8.094700e+00
    endloop
  endfacet
  facet normal -2.100972e-01 -9.776805e-01 -1.838297e-16
    outer loop
      vertex   6.744721e+00 6.958713e+01 9.109790e+00
      vertex   6.744721e+00 6.958713e+01 8.094700e+00
      vertex   7.163699e+00 6.949710e+01 9.109790e+00
    endloop
  endfacet
  facet normal -2.100972e-01 -9.776805e-01 -3.676594e-16
    outer loop
      vertex   7.163699e+00 6.949710e+01 9.109790e+00
      vertex   6.744721e+00 6.958713e+01 8.094700e+00
      vertex   7.163699e+00 6.949710e+01 8.094700e+00
    endloop
  endfacet
  facet normal -7.354562e-02 -9.972919e-01 -1.287011e-16
    outer loop
      vertex   7.163699e+00 6.949710e+01 9.109790e+00
      vertex   7.163699e+00 6.949710e+01 8.094700e+00
      vertex   7.591081e+00 6.946558e+01 9.109790e+00
    endloop
  endfacet
  facet normal -7.354562e-02 -9.972919e-01 -2.574021e-16
    outer loop
      vertex   7.591081e+00 6.946558e+01 9.109790e+00
      vertex   7.163699e+00 6.949710e+01 8.094700e+00
      vertex   7.591081e+00 6.946558e+01 8.094700e+00
    endloop
  endfacet
  facet normal 6.440565e-02 -9.979238e-01 2.254132e-16
    outer loop
      vertex   7.591081e+00 6.946558e+01 9.109790e+00
      vertex   7.591081e+00 6.946558e+01 8.094700e+00
      vertex   8.018734e+00 6.949318e+01 9.109790e+00
    endloop
  endfacet
  facet normal 6.440565e-02 -9.979238e-01 1.127066e-16
    outer loop
      vertex   8.018734e+00 6.949318e+01 9.109790e+00
      vertex   7.591081e+00 6.946558e+01 8.094700e+00
      vertex   8.018734e+00 6.949318e+01 8.094700e+00
    endloop
  endfacet
  facet normal 2.011312e-01 -9.795643e-01 3.519693e-16
    outer loop
      vertex   8.018734e+00 6.949318e+01 9.109790e+00
      vertex   8.018734e+00 6.949318e+01 8.094700e+00
      vertex   8.438519e+00 6.957937e+01 9.109790e+00
    endloop
  endfacet
  facet normal 2.011312e-01 -9.795643e-01 0.000000e+00
    outer loop
      vertex   8.438519e+00 6.957937e+01 9.109790e+00
      vertex   8.018734e+00 6.949318e+01 8.094700e+00
      vertex   8.438519e+00 6.957937e+01 8.094700e+00
    endloop
  endfacet
  facet normal 3.340291e-01 -9.425628e-01 0.000000e+00
    outer loop
      vertex   8.438519e+00 6.957937e+01 9.109790e+00
      vertex   8.438519e+00 6.957937e+01 8.094700e+00
      vertex   8.842447e+00 6.972252e+01 9.109790e+00
    endloop
  endfacet
  facet normal 3.340291e-01 -9.425628e-01 0.000000e+00
    outer loop
      vertex   8.842447e+00 6.972252e+01 9.109790e+00
      vertex   8.438519e+00 6.957937e+01 8.094700e+00
      vertex   8.842447e+00 6.972252e+01 8.094700e+00
    endloop
  endfacet
  facet normal 4.605700e-01 -8.876234e-01 0.000000e+00
    outer loop
      vertex   8.842447e+00 6.972252e+01 9.109790e+00
      vertex   8.842447e+00 6.972252e+01 8.094700e+00
      vertex   9.222831e+00 6.991989e+01 9.109790e+00
    endloop
  endfacet
  facet normal 4.605700e-01 -8.876234e-01 0.000000e+00
    outer loop
      vertex   9.222831e+00 6.991989e+01 9.109790e+00
      vertex   8.842447e+00 6.972252e+01 8.094700e+00
      vertex   9.222831e+00 6.991989e+01 8.094700e+00
    endloop
  endfacet
  facet normal 5.783459e-01 -8.157916e-01 0.000000e+00
    outer loop
      vertex   9.222831e+00 6.991989e+01 9.109790e+00
      vertex   9.222831e+00 6.991989e+01 8.094700e+00
      vertex   9.572433e+00 7.016774e+01 9.109790e+00
    endloop
  endfacet
  facet normal 5.783459e-01 -8.157916e-01 0.000000e+00
    outer loop
      vertex   9.572433e+00 7.016774e+01 9.109790e+00
      vertex   9.222831e+00 6.991989e+01 8.094700e+00
      vertex   9.572433e+00 7.016774e+01 8.094700e+00
    endloop
  endfacet
  facet normal 6.851153e-01 -7.284346e-01 0.000000e+00
    outer loop
      vertex   9.572433e+00 7.016774e+01 9.109790e+00
      vertex   9.572433e+00 7.016774e+01 8.094700e+00
      vertex   9.884598e+00 7.046134e+01 9.109790e+00
    endloop
  endfacet
  facet normal 6.851153e-01 -7.284346e-01 1.198917e-15
    outer loop
      vertex   9.884598e+00 7.046134e+01 9.109790e+00
      vertex   9.572433e+00 7.016774e+01 8.094700e+00
      vertex   9.884598e+00 7.046134e+01 8.094700e+00
    endloop
  endfacet
  facet normal 7.788463e-01 -6.272148e-01 1.362941e-15
    outer loop
      vertex   9.884598e+00 7.046134e+01 9.109790e+00
      vertex   9.884598e+00 7.046134e+01 8.094700e+00
      vertex   1.015339e+01 7.079511e+01 9.109790e+00
    endloop
  endfacet
  facet normal 7.788463e-01 -6.272148e-01 0.000000e+00
    outer loop
      vertex   1.015339e+01 7.079511e+01 9.109790e+00
      vertex   9.884598e+00 7.046134e+01 8.094700e+00
      vertex   1.015339e+01 7.079511e+01 8.094700e+00
    endloop
  endfacet
  facet normal 8.577551e-01 -5.140585e-01 0.000000e+00
    outer loop
      vertex   1.015339e+01 7.079511e+01 9.109790e+00
      vertex   1.015339e+01 7.079511e+01 8.094700e+00
      vertex   1.037368e+01 7.116269e+01 9.109790e+00
    endloop
  endfacet
  facet normal 8.577551e-01 -5.140585e-01 0.000000e+00
    outer loop
      vertex   1.037368e+01 7.116269e+01 9.109790e+00
      vertex   1.015339e+01 7.079511e+01 8.094700e+00
      vertex   1.037368e+01 7.116269e+01 8.094700e+00
    endloop
  endfacet
  facet normal 9.203400e-01 -3.911192e-01 0.000000e+00
    outer loop
      vertex   1.037368e+01 7.116269e+01 9.109790e+00
      vertex   1.037368e+01 7.116269e+01 8.094700e+00
      vertex   1.054129e+01 7.155710e+01 9.109790e+00
    endloop
  endfacet
  facet normal 9.203400e-01 -3.911192e-01 0.000000e+00
    outer loop
      vertex   1.054129e+01 7.155710e+01 9.109790e+00
      vertex   1.037368e+01 7.116269e+01 8.094700e+00
      vertex   1.054129e+01 7.155710e+01 8.094700e+00
    endloop
  endfacet
  facet normal 9.654100e-01 -2.607365e-01 0.000000e+00
    outer loop
      vertex   1.054129e+01 7.155710e+01 9.109790e+00
      vertex   1.054129e+01 7.155710e+01 8.094700e+00
      vertex   1.065303e+01 7.197082e+01 9.109790e+00
    endloop
  endfacet
  facet normal 9.654100e-01 -2.607365e-01 0.000000e+00
    outer loop
      vertex   1.065303e+01 7.197082e+01 9.109790e+00
      vertex   1.054129e+01 7.155710e+01 8.094700e+00
      vertex   1.065303e+01 7.197082e+01 8.094700e+00
    endloop
  endfacet
  facet normal 9.921073e-01 -1.253917e-01 0.000000e+00
    outer loop
      vertex   1.065303e+01 7.197082e+01 9.109790e+00
      vertex   1.065303e+01 7.197082e+01 8.094700e+00
      vertex   1.070677e+01 7.239598e+01 9.109790e+00
    endloop
  endfacet
  facet normal 9.921073e-01 -1.253917e-01 0.000000e+00
    outer loop
      vertex   1.070677e+01 7.239598e+01 9.109790e+00
      vertex   1.065303e+01 7.197082e+01 8.094700e+00
      vertex   1.070677e+01 7.239598e+01 8.094700e+00
    endloop
  endfacet
  facet normal 9.999239e-01 1.233941e-02 0.000000e+00
    outer loop
      vertex   1.070677e+01 7.239598e+01 9.109790e+00
      vertex   1.070677e+01 7.239598e+01 8.094700e+00
      vertex   1.070148e+01 7.282449e+01 9.109790e+00
    endloop
  endfacet
  facet normal 9.999239e-01 1.233941e-02 0.000000e+00
    outer loop
      vertex   1.070148e+01 7.282449e+01 9.109790e+00
      vertex   1.070677e+01 7.239598e+01 8.094700e+00
      vertex   1.070148e+01 7.282449e+01 8.094700e+00
    endloop
  endfacet
  facet normal 9.887109e-01 1.498357e-01 0.000000e+00
    outer loop
      vertex   1.070148e+01 7.282449e+01 9.109790e+00
      vertex   1.070148e+01 7.282449e+01 8.094700e+00
      vertex   1.063727e+01 7.324819e+01 9.109790e+00
    endloop
  endfacet
  facet normal 9.887109e-01 1.498357e-01 0.000000e+00
    outer loop
      vertex   1.063727e+01 7.324819e+01 9.109790e+00
      vertex   1.070148e+01 7.282449e+01 8.094700e+00
      vertex   1.063727e+01 7.324819e+01 8.094700e+00
    endloop
  endfacet
  facet normal 9.586819e-01 2.844804e-01 0.000000e+00
    outer loop
      vertex   1.063727e+01 7.324819e+01 9.109790e+00
      vertex   1.063727e+01 7.324819e+01 8.094700e+00
      vertex   1.051535e+01 7.365903e+01 9.109790e+00
    endloop
  endfacet
  facet normal 9.586819e-01 2.844804e-01 -1.677644e-15
    outer loop
      vertex   1.051535e+01 7.365903e+01 9.109790e+00
      vertex   1.063727e+01 7.324819e+01 8.094700e+00
      vertex   1.051535e+01 7.365903e+01 8.094700e+00
    endloop
  endfacet
  facet normal 9.104082e-01 4.137112e-01 -1.593168e-15
    outer loop
      vertex   1.051535e+01 7.365903e+01 9.109790e+00
      vertex   1.051535e+01 7.365903e+01 8.094700e+00
      vertex   1.033806e+01 7.404918e+01 9.109790e+00
    endloop
  endfacet
  facet normal 9.104082e-01 4.137112e-01 0.000000e+00
    outer loop
      vertex   1.033806e+01 7.404918e+01 9.109790e+00
      vertex   1.051535e+01 7.365903e+01 8.094700e+00
      vertex   1.033806e+01 7.404918e+01 8.094700e+00
    endloop
  endfacet
  facet normal 8.448085e-01 5.350687e-01 0.000000e+00
    outer loop
      vertex   1.033806e+01 7.404918e+01 9.109790e+00
      vertex   1.033806e+01 7.404918e+01 8.094700e+00
      vertex   1.010876e+01 7.441121e+01 9.109790e+00
    endloop
  endfacet
  facet normal 8.448085e-01 5.350687e-01 0.000000e+00
    outer loop
      vertex   1.010876e+01 7.441121e+01 9.109790e+00
      vertex   1.033806e+01 7.404918e+01 8.094700e+00
      vertex   1.010876e+01 7.441121e+01 8.094700e+00
    endloop
  endfacet
  facet normal 7.631314e-01 6.462434e-01 0.000000e+00
    outer loop
      vertex   1.010876e+01 7.441121e+01 9.109790e+00
      vertex   1.010876e+01 7.441121e+01 8.094700e+00
      vertex   9.831819e+00 7.473825e+01 9.109790e+00
    endloop
  endfacet
  facet normal 7.631314e-01 6.462434e-01 0.000000e+00
    outer loop
      vertex   9.831819e+00 7.473825e+01 9.109790e+00
      vertex   1.010876e+01 7.441121e+01 8.094700e+00
      vertex   9.831819e+00 7.473825e+01 8.094700e+00
    endloop
  endfacet
  facet normal 6.669311e-01 7.451194e-01 0.000000e+00
    outer loop
      vertex   9.831819e+00 7.473825e+01 9.109790e+00
      vertex   9.831819e+00 7.473825e+01 8.094700e+00
      vertex   9.512504e+00 7.502405e+01 9.109790e+00
    endloop
  endfacet
  facet normal 6.669311e-01 7.451194e-01 -1.167095e-15
    outer loop
      vertex   9.512504e+00 7.502405e+01 9.109790e+00
      vertex   9.831819e+00 7.473825e+01 8.094700e+00
      vertex   9.512504e+00 7.502405e+01 8.094700e+00
    endloop
  endfacet
  facet normal 5.580386e-01 8.298150e-01 -9.765389e-16
    outer loop
      vertex   9.512504e+00 7.502405e+01 9.109790e+00
      vertex   9.512504e+00 7.502405e+01 8.094700e+00
      vertex   9.156893e+00 7.526320e+01 9.109790e+00
    endloop
  endfacet
  facet normal 5.580386e-01 8.298150e-01 0.000000e+00
    outer loop
      vertex   9.156893e+00 7.526320e+01 9.109790e+00
      vertex   9.512504e+00 7.502405e+01 8.094700e+00
      vertex   9.156893e+00 7.526320e+01 8.094700e+00
    endloop
  endfacet
  facet normal -1.000000e+00 4.087471e-16 0.000000e+00
    outer loop
      vertex   6.078450e+00 8.179609e+01 8.094700e+00
      vertex   6.078450e+00 7.527730e+01 8.094700e+00
      vertex   6.078450e+00 8.179609e+01 9.109790e+00
    endloop
  endfacet
  facet normal -1.000000e+00 4.087471e-16 0.000000e+00
    outer loop
      vertex   6.078450e+00 8.179609e+01 9.109790e+00
      vertex   6.078450e+00 7.527730e+01 8.094700e+00
      vertex   6.078450e+00 7.527730e+01 9.109790e+00
    endloop
  endfacet
  facet normal 0.000000e+00 -1.000000e+00 0.000000e+00
    outer loop
      vertex   5.405311e+00 8.179609e+01 8.094700e+00
      vertex   6.078450e+00 8.179609e+01 8.094700e+00
      vertex   5.405311e+00 8.179609e+01 9.109790e+00
    endloop
  endfacet
  facet normal 0.000000e+00 -1.000000e+00 0.000000e+00
    outer loop
      vertex   5.405311e+00 8.179609e+01 9.109790e+00
      vertex   6.078450e+00 8.179609e+01 8.094700e+00
      vertex   6.078450e+00 8.179609e+01 9.109790e+00
    endloop
  endfacet
  facet normal -1.205367e-01 -9.927089e-01 -2.109330e-16
    outer loop
      vertex   8.915409e+00 8.712506e+01 8.094700e+00
      vertex   8.915409e+00 8.712506e+01 9.109790e+00
      vertex   8.677004e+00 8.715400e+01 8.094700e+00
    endloop
  endfacet
  facet normal -1.205367e-01 -9.927089e-01 0.000000e+00
    outer loop
      vertex   8.677004e+00 8.715400e+01 8.094700e+00
      vertex   8.915409e+00 8.712506e+01 9.109790e+00
      vertex   8.677004e+00 8.715400e+01 9.109790e+00
    endloop
  endfacet
  facet normal 1.205367e-01 -9.927089e-01 0.000000e+00
    outer loop
      vertex   8.677004e+00 8.715400e+01 8.094700e+00
      vertex   8.677004e+00 8.715400e+01 9.109790e+00
      vertex   8.438598e+00 8.712506e+01 8.094700e+00
    endloop
  endfacet
  facet normal 1.205367e-01 -9.927089e-01 2.109330e-16
    outer loop
      vertex   8.438598e+00 8.712506e+01 8.094700e+00
      vertex   8.677004e+00 8.715400e+01 9.109790e+00
      vertex   8.438598e+00 8.712506e+01 9.109790e+00
    endloop
  endfacet
  facet normal 3.546049e-01 -9.350162e-01 6.205404e-16
    outer loop
      vertex   8.438598e+00 8.712506e+01 8.094700e+00
      vertex   8.438598e+00 8.712506e+01 9.109790e+00
      vertex   8.214048e+00 8.703990e+01 8.094700e+00
    endloop
  endfacet
  facet normal 3.546049e-01 -9.350162e-01 6.205404e-16
    outer loop
      vertex   8.214048e+00 8.703990e+01 8.094700e+00
      vertex   8.438598e+00 8.712506e+01 9.109790e+00
      vertex   8.214048e+00 8.703990e+01 9.109790e+00
    endloop
  endfacet
  facet normal 5.680647e-01 -8.229839e-01 9.940842e-16
    outer loop
      vertex   8.214048e+00 8.703990e+01 8.094700e+00
      vertex   8.214048e+00 8.703990e+01 9.109790e+00
      vertex   8.016403e+00 8.690347e+01 8.094700e+00
    endloop
  endfacet
  facet normal 5.680647e-01 -8.229839e-01 0.000000e+00
    outer loop
      vertex   8.016403e+00 8.690347e+01 8.094700e+00
      vertex   8.214048e+00 8.703990e+01 9.109790e+00
      vertex   8.016403e+00 8.690347e+01 9.109790e+00
    endloop
  endfacet
  facet normal 7.485107e-01 -6.631227e-01 0.000000e+00
    outer loop
      vertex   8.016403e+00 8.690347e+01 8.094700e+00
      vertex   8.016403e+00 8.690347e+01 9.109790e+00
      vertex   7.857150e+00 8.672371e+01 8.094700e+00
    endloop
  endfacet
  facet normal 7.485107e-01 -6.631227e-01 0.000000e+00
    outer loop
      vertex   7.857150e+00 8.672371e+01 8.094700e+00
      vertex   8.016403e+00 8.690347e+01 9.109790e+00
      vertex   7.857150e+00 8.672371e+01 9.109790e+00
    endloop
  endfacet
  facet normal 8.854560e-01 -4.647232e-01 0.000000e+00
    outer loop
      vertex   7.857150e+00 8.672371e+01 8.094700e+00
      vertex   7.857150e+00 8.672371e+01 9.109790e+00
      vertex   7.745544e+00 8.651106e+01 8.094700e+00
    endloop
  endfacet
  facet normal 8.854560e-01 -4.647232e-01 0.000000e+00
    outer loop
      vertex   7.745544e+00 8.651106e+01 8.094700e+00
      vertex   7.857150e+00 8.672371e+01 9.109790e+00
      vertex   7.745544e+00 8.651106e+01 9.109790e+00
    endloop
  endfacet
  facet normal 9.709418e-01 -2.393157e-01 0.000000e+00
    outer loop
      vertex   7.745544e+00 8.651106e+01 8.094700e+00
      vertex   7.745544e+00 8.651106e+01 9.109790e+00
      vertex   7.688070e+00 8.627789e+01 8.094700e+00
    endloop
  endfacet
  facet normal 9.709418e-01 -2.393157e-01 0.000000e+00
    outer loop
      vertex   7.688070e+00 8.627789e+01 8.094700e+00
      vertex   7.745544e+00 8.651106e+01 9.109790e+00
      vertex   7.688070e+00 8.627789e+01 9.109790e+00
    endloop
  endfacet
  facet normal 1.000000e+00 0.000000e+00 -0.000000e+00
    outer loop
      vertex   7.688070e+00 8.627789e+01 8.094700e+00
      vertex   7.688070e+00 8.627789e+01 9.109790e+00
      vertex   7.688070e+00 8.603773e+01 8.094700e+00
    endloop
  endfacet
  facet normal 1.000000e+00 0.000000e+00 0.000000e+00
    outer loop
      vertex   7.688070e+00 8.603773e+01 8.094700e+00
      vertex   7.688070e+00 8.627789e+01 9.109790e+00
      vertex   7.688070e+00 8.603773e+01 9.109790e+00
    endloop
  endfacet
  facet normal 9.709418e-01 2.393157e-01 -0.000000e+00
    outer loop
      vertex   7.688070e+00 8.603773e+01 8.094700e+00
      vertex   7.688070e+00 8.603773e+01 9.109790e+00
      vertex   7.745544e+00 8.580455e+01 8.094700e+00
    endloop
  endfacet
  facet normal 9.709418e-01 2.393157e-01 -0.000000e+00
    outer loop
      vertex   7.745544e+00 8.580455e+01 8.094700e+00
      vertex   7.688070e+00 8.603773e+01 9.109790e+00
      vertex   7.745544e+00 8.580455e+01 9.109790e+00
    endloop
  endfacet
  facet normal 8.854560e-01 4.647232e-01 -0.000000e+00
    outer loop
      vertex   7.745544e+00 8.580455e+01 8.094700e+00
      vertex   7.745544e+00 8.580455e+01 9.109790e+00
      vertex   7.857150e+00 8.559190e+01 8.094700e+00
    endloop
  endfacet
  facet normal 8.854560e-01 4.647232e-01 -0.000000e+00
    outer loop
      vertex   7.857150e+00 8.559190e+01 8.094700e+00
      vertex   7.745544e+00 8.580455e+01 9.109790e+00
      vertex   7.857150e+00 8.559190e+01 9.109790e+00
    endloop
  endfacet
  facet normal 7.485107e-01 6.631227e-01 -0.000000e+00
    outer loop
      vertex   7.857150e+00 8.559190e+01 8.094700e+00
      vertex   7.857150e+00 8.559190e+01 9.109790e+00
      vertex   8.016403e+00 8.541214e+01 8.094700e+00
    endloop
  endfacet
  facet normal 7.485107e-01 6.631227e-01 -0.000000e+00
    outer loop
      vertex   8.016403e+00 8.541214e+01 8.094700e+00
      vertex   7.857150e+00 8.559190e+01 9.109790e+00
      vertex   8.016403e+00 8.541214e+01 9.109790e+00
    endloop
  endfacet
  facet normal 5.680647e-01 8.229839e-01 -0.000000e+00
    outer loop
      vertex   8.016403e+00 8.541214e+01 8.094700e+00
      vertex   8.016403e+00 8.541214e+01 9.109790e+00
      vertex   8.214048e+00 8.527572e+01 8.094700e+00
    endloop
  endfacet
  facet normal 5.680647e-01 8.229839e-01 -0.000000e+00
    outer loop
      vertex   8.214048e+00 8.527572e+01 8.094700e+00
      vertex   8.016403e+00 8.541214e+01 9.109790e+00
      vertex   8.214048e+00 8.527572e+01 9.109790e+00
    endloop
  endfacet
  facet normal 3.546049e-01 9.350162e-01 -0.000000e+00
    outer loop
      vertex   8.214048e+00 8.527572e+01 8.094700e+00
      vertex   8.214048e+00 8.527572e+01 9.109790e+00
      vertex   8.438598e+00 8.519056e+01 8.094700e+00
    endloop
  endfacet
  facet normal 3.546049e-01 9.350162e-01 -6.205404e-16
    outer loop
      vertex   8.438598e+00 8.519056e+01 8.094700e+00
      vertex   8.214048e+00 8.527572e+01 9.109790e+00
      vertex   8.438598e+00 8.519056e+01 9.109790e+00
    endloop
  endfacet
  facet normal 1.205367e-01 9.927089e-01 -2.109330e-16
    outer loop
      vertex   8.438598e+00 8.519056e+01 8.094700e+00
      vertex   8.438598e+00 8.519056e+01 9.109790e+00
      vertex   8.677004e+00 8.516161e+01 8.094700e+00
    endloop
  endfacet
  facet normal 1.205367e-01 9.927089e-01 -0.000000e+00
    outer loop
      vertex   8.677004e+00 8.516161e+01 8.094700e+00
      vertex   8.438598e+00 8.519056e+01 9.109790e+00
      vertex   8.677004e+00 8.516161e+01 9.109790e+00
    endloop
  endfacet
  facet normal -1.205367e-01 9.927089e-01 0.000000e+00
    outer loop
      vertex   8.677004e+00 8.516161e+01 8.094700e+00
      vertex   8.677004e+00 8.516161e+01 9.109790e+00
      vertex   8.915409e+00 8.519056e+01 8.094700e+00
    endloop
  endfacet
  facet normal -1.205367e-01 9.927089e-01 2.109330e-16
    outer loop
      vertex   8.915409e+00 8.519056e+01 8.094700e+00
      vertex   8.677004e+00 8.516161e+01 9.109790e+00
      vertex   8.915409e+00 8.519056e+01 9.109790e+00
    endloop
  endfacet
  facet normal -3.546049e-01 9.350162e-01 6.205404e-16
    outer loop
      vertex   8.915409e+00 8.519056e+01 8.094700e+00
      vertex   8.915409e+00 8.519056e+01 9.109790e+00
      vertex   9.139959e+00 8.527572e+01 8.094700e+00
    endloop
  endfacet
  facet normal -3.546049e-01 9.350162e-01 0.000000e+00
    outer loop
      vertex   9.139959e+00 8.527572e+01 8.094700e+00
      vertex   8.915409e+00 8.519056e+01 9.109790e+00
      vertex   9.139959e+00 8.527572e+01 9.109790e+00
    endloop
  endfacet
  facet normal -5.680647e-01 8.229839e-01 0.000000e+00
    outer loop
      vertex   9.139959e+00 8.527572e+01 8.094700e+00
      vertex   9.139959e+00 8.527572e+01 9.109790e+00
      vertex   9.337604e+00 8.541214e+01 8.094700e+00
    endloop
  endfacet
  facet normal -5.680647e-01 8.229839e-01 0.000000e+00
    outer loop
      vertex   9.337604e+00 8.541214e+01 8.094700e+00
      vertex   9.139959e+00 8.527572e+01 9.109790e+00
      vertex   9.337604e+00 8.541214e+01 9.109790e+00
    endloop
  endfacet
  facet normal -7.485107e-01 6.631227e-01 0.000000e+00
    outer loop
      vertex   9.337604e+00 8.541214e+01 8.094700e+00
      vertex   9.337604e+00 8.541214e+01 9.109790e+00
      vertex   9.496857e+00 8.559190e+01 8.094700e+00
    endloop
  endfacet
  facet normal -7.485107e-01 6.631227e-01 0.000000e+00
    outer loop
      vertex   9.496857e+00 8.559190e+01 8.094700e+00
      vertex   9.337604e+00 8.541214e+01 9.109790e+00
      vertex   9.496857e+00 8.559190e+01 9.109790e+00
    endloop
  endfacet
  facet normal -8.854560e-01 4.647232e-01 0.000000e+00
    outer loop
      vertex   9.496857e+00 8.559190e+01 8.094700e+00
      vertex   9.496857e+00 8.559190e+01 9.109790e+00
      vertex   9.608463e+00 8.580455e+01 8.094700e+00
    endloop
  endfacet
  facet normal -8.854560e-01 4.647232e-01 0.000000e+00
    outer loop
      vertex   9.608463e+00 8.580455e+01 8.094700e+00
      vertex   9.496857e+00 8.559190e+01 9.109790e+00
      vertex   9.608463e+00 8.580455e+01 9.109790e+00
    endloop
  endfacet
  facet normal -9.709418e-01 2.393157e-01 0.000000e+00
    outer loop
      vertex   9.608463e+00 8.580455e+01 8.094700e+00
      vertex   9.608463e+00 8.580455e+01 9.109790e+00
      vertex   9.665937e+00 8.603773e+01 8.094700e+00
    endloop
  endfacet
  facet normal -9.709418e-01 2.393157e-01 0.000000e+00
    outer loop
      vertex   9.665937e+00 8.603773e+01 8.094700e+00
      vertex   9.608463e+00 8.580455e+01 9.109790e+00
      vertex   9.665937e+00 8.603773e+01 9.109790e+00
    endloop
  endfacet
  facet normal -1.000000e+00 0.000000e+00 0.000000e+00
    outer loop
      vertex   9.665937e+00 8.603773e+01 8.094700e+00
      vertex   9.665937e+00 8.603773e+01 9.109790e+00
      vertex   9.665937e+00 8.627789e+01 8.094700e+00
    endloop
  endfacet
  facet normal -1.000000e+00 0.000000e+00 0.000000e+00
    outer loop
      vertex   9.665937e+00 8.627789e+01 8.094700e+00
      vertex   9.665937e+00 8.603773e+01 9.109790e+00
      vertex   9.665937e+00 8.627789e+01 9.109790e+00
    endloop
  endfacet
  facet normal -9.709418e-01 -2.393157e-01 0.000000e+00
    outer loop
      vertex   9.665937e+00 8.627789e+01 8.094700e+00
      vertex   9.665937e+00 8.627789e+01 9.109790e+00
      vertex   9.608463e+00 8.651106e+01 8.094700e+00
    endloop
  endfacet
  facet normal -9.709418e-01 -2.393157e-01 0.000000e+00
    outer loop
      vertex   9.608463e+00 8.651106e+01 8.094700e+00
      vertex   9.665937e+00 8.627789e+01 9.109790e+00
      vertex   9.608463e+00 8.651106e+01 9.109790e+00
    endloop
  endfacet
  facet normal -8.854560e-01 -4.647232e-01 0.000000e+00
    outer loop
      vertex   9.608463e+00 8.651106e+01 8.094700e+00
      vertex   9.608463e+00 8.651106e+01 9.109790e+00
      vertex   9.496857e+00 8.672371e+01 8.094700e+00
    endloop
  endfacet
  facet normal -8.854560e-01 -4.647232e-01 0.000000e+00
    outer loop
      vertex   9.496857e+00 8.672371e+01 8.094700e+00
      vertex   9.608463e+00 8.651106e+01 9.109790e+00
      vertex   9.496857e+00 8.672371e+01 9.109790e+00
    endloop
  endfacet
  facet normal -7.485107e-01 -6.631227e-01 0.000000e+00
    outer loop
      vertex   9.496857e+00 8.672371e+01 8.094700e+00
      vertex   9.496857e+00 8.672371e+01 9.109790e+00
      vertex   9.337604e+00 8.690347e+01 8.094700e+00
    endloop
  endfacet
  facet normal -7.485107e-01 -6.631227e-01 0.000000e+00
    outer loop
      vertex   9.337604e+00 8.690347e+01 8.094700e+00
      vertex   9.496857e+00 8.672371e+01 9.109790e+00
      vertex   9.337604e+00 8.690347e+01 9.109790e+00
    endloop
  endfacet
  facet normal -5.680647e-01 -8.229839e-01 0.000000e+00
    outer loop
      vertex   9.337604e+00 8.690347e+01 8.094700e+00
      vertex   9.337604e+00 8.690347e+01 9.109790e+00
      vertex   9.139959e+00 8.703990e+01 8.094700e+00
    endloop
  endfacet
  facet normal -5.680647e-01 -8.229839e-01 -9.940842e-16
    outer loop
      vertex   9.139959e+00 8.703990e+01 8.094700e+00
      vertex   9.337604e+00 8.690347e+01 9.109790e+00
      vertex   9.139959e+00 8.703990e+01 9.109790e+00
    endloop
  endfacet
  facet normal -3.546049e-01 -9.350162e-01 -6.205404e-16
    outer loop
      vertex   9.139959e+00 8.703990e+01 8.094700e+00
      vertex   9.139959e+00 8.703990e+01 9.109790e+00
      vertex   8.915409e+00 8.712506e+01 8.094700e+00
    endloop
  endfacet
  facet normal -3.546049e-01 -9.350162e-01 -6.205404e-16
    outer loop
      vertex   8.915409e+00 8.712506e+01 8.094700e+00
      vertex   9.139959e+00 8.703990e+01 9.109790e+00
      vertex   8.915409e+00 8.712506e+01 9.109790e+00
    endloop
  endfacet
  facet normal -1.000000e+00 0.000000e+00 0.000000e+00
    outer loop
      vertex   1.092003e+01 7.053664e+01 6.609790e+00
      vertex   1.092003e+01 7.018275e+01 6.609790e+00
      vertex   1.092003e+01 7.053664e+01 8.094700e+00
    endloop
  endfacet
  facet normal -1.000000e+00 -0.000000e+00 0.000000e+00
    outer loop
      vertex   1.092003e+01 7.053664e+01 8.094700e+00
      vertex   1.092003e+01 7.018275e+01 6.609790e+00
      vertex   1.092003e+01 7.018275e+01 8.094700e+00
    endloop
  endfacet
  facet normal 0.000000e+00 0.000000e+00 -1.000000e+00
    outer loop
      vertex   1.092003e+01 7.018275e+01 6.609790e+00
      vertex   1.092003e+01 7.053664e+01 6.609790e+00
      vertex   3.362745e+01 7.018275e+01 6.609790e+00
    endloop
  endfacet
  facet normal 0.000000e+00 0.000000e+00 -1.000000e+00
    outer loop
      vertex   3.362745e+01 7.018275e+01 6.609790e+00
      vertex   1.092003e+01 7.053664e+01 6.609790e+00
      vertex   1.103246e+01 7.073225e+01 6.609790e+00
    endloop
  endfacet
  facet normal 0.000000e+00 0.000000e+00 -1.000000e+00
    outer loop
      vertex   3.362745e+01 7.018275e+01 6.609790e+00
      vertex   1.103246e+01 7.073225e+01 6.609790e+00
      vertex   3.362745e+01 7.114136e+01 6.609790e+00
    endloop
  endfacet
  facet normal 0.000000e+00 0.000000e+00 -1.000000e+00
    outer loop
      vertex   3.362745e+01 7.114136e+01 6.609790e+00
      vertex   1.103246e+01 7.073225e+01 6.609790e+00
      vertex   1.113336e+01 7.093405e+01 6.609790e+00
    endloop
  endfacet
  facet normal -0.000000e+00 0.000000e+00 -1.000000e+00
    outer loop
      vertex   3.362745e+01 7.114136e+01 6.609790e+00
      vertex   1.113336e+01 7.093405e+01 6.609790e+00
      vertex   1.122239e+01 7.114136e+01 6.609790e+00
    endloop
  endfacet
  facet normal -0.000000e+00 1.000000e+00 0.000000e+00
    outer loop
      vertex   1.122239e+01 7.114136e+01 8.094700e+00
      vertex   3.362745e+01 7.114136e+01 8.094700e+00
      vertex   1.122239e+01 7.114136e+01 6.609790e+00
    endloop
  endfacet
  facet normal 0.000000e+00 1.000000e+00 0.000000e+00
    outer loop
      vertex   1.122239e+01 7.114136e+01 6.609790e+00
      vertex   3.362745e+01 7.114136e+01 8.094700e+00
      vertex   3.362745e+01 7.114136e+01 6.609790e+00
    endloop
  endfacet
  facet normal -1.000000e+00 0.000000e+00 0.000000e+00
    outer loop
      vertex   3.363551e+01 6.009025e+01 8.094700e+00
      vertex   3.363551e+01 8.969513e+01 8.094700e+00
      vertex   3.363551e+01 6.009025e+01 1.609790e+00
    endloop
  endfacet
  facet normal -1.000000e+00 0.000000e+00 0.000000e+00
    outer loop
      vertex   3.363551e+01 6.009025e+01 1.609790e+00
      vertex   3.363551e+01 8.969513e+01 8.094700e+00
      vertex   3.363551e+01 8.969513e+01 1.609790e+00
    endloop
  endfacet
  facet normal 0.000000e+00 0.000000e+00 -1.000000e+00
    outer loop
      vertex   6.136016e+00 7.227004e+01 8.094700e+00
      vertex   4.502374e+00 7.242440e+01 8.094700e+00
      vertex   6.105311e+00 7.257199e+01 8.094700e+00
    endloop
  endfacet
  facet normal -0.000000e+00 0.000000e+00 -1.000000e+00
    outer loop
      vertex   6.105311e+00 7.257199e+01 8.094700e+00
      vertex   4.502374e+00 7.242440e+01 8.094700e+00
      vertex   4.511588e+00 7.285284e+01 8.094700e+00
    endloop
  endfacet
  facet normal 0.000000e+00 0.000000e+00 -1.000000e+00
    outer loop
      vertex   6.105311e+00 7.257199e+01 8.094700e+00
      vertex   4.511588e+00 7.285284e+01 8.094700e+00
      vertex   6.136016e+00 7.287394e+01 8.094700e+00
    endloop
  endfacet
  facet normal -0.000000e+00 0.000000e+00 -1.000000e+00
    outer loop
      vertex   6.136016e+00 7.287394e+01 8.094700e+00
      vertex   4.511588e+00 7.285284e+01 8.094700e+00
      vertex   4.579678e+00 7.327594e+01 8.094700e+00
    endloop
  endfacet
  facet normal 0.000000e+00 0.000000e+00 -1.000000e+00
    outer loop
      vertex   6.136016e+00 7.287394e+01 8.094700e+00
      vertex   4.579678e+00 7.327594e+01 8.094700e+00
      vertex   6.226874e+00 7.316352e+01 8.094700e+00
    endloop
  endfacet
  facet normal 0.000000e+00 0.000000e+00 -1.000000e+00
    outer loop
      vertex   6.226874e+00 7.316352e+01 8.094700e+00
      vertex   4.579678e+00 7.327594e+01 8.094700e+00
      vertex   4.705349e+00 7.368564e+01 8.094700e+00
    endloop
  endfacet
  facet normal 0.000000e+00 0.000000e+00 -1.000000e+00
    outer loop
      vertex   6.226874e+00 7.316352e+01 8.094700e+00
      vertex   4.705349e+00 7.368564e+01 8.094700e+00
      vertex   4.886209e+00 7.407415e+01 8.094700e+00
    endloop
  endfacet
  facet normal -0.000000e+00 0.000000e+00 -1.000000e+00
    outer loop
      vertex   6.226874e+00 7.198046e+01 8.094700e+00
      vertex   4.660154e+00 7.158404e+01 8.094700e+00
      vertex   6.136016e+00 7.227004e+01 8.094700e+00
    endloop
  endfacet
  facet normal 0.000000e+00 0.000000e+00 -1.000000e+00
    outer loop
      vertex   6.136016e+00 7.227004e+01 8.094700e+00
      vertex   4.660154e+00 7.158404e+01 8.094700e+00
      vertex   4.552213e+00 7.199876e+01 8.094700e+00
    endloop
  endfacet
  facet normal -0.000000e+00 0.000000e+00 -1.000000e+00
    outer loop
      vertex   6.136016e+00 7.227004e+01 8.094700e+00
      vertex   4.552213e+00 7.199876e+01 8.094700e+00
      vertex   4.502374e+00 7.242440e+01 8.094700e+00
    endloop
  endfacet
  facet normal 0.000000e+00 0.000000e+00 -1.000000e+00
    outer loop
      vertex   4.660154e+00 7.158404e+01 8.094700e+00
      vertex   6.226874e+00 7.198046e+01 8.094700e+00
      vertex   4.824145e+00 7.118811e+01 8.094700e+00
    endloop
  endfacet
  facet normal 0.000000e+00 0.000000e+00 -1.000000e+00
    outer loop
      vertex   4.824145e+00 7.118811e+01 8.094700e+00
      vertex   6.226874e+00 7.198046e+01 8.094700e+00
      vertex   6.374166e+00 7.171509e+01 8.094700e+00
    endloop
  endfacet
  facet normal 0.000000e+00 0.000000e+00 -1.000000e+00
    outer loop
      vertex   4.824145e+00 7.118811e+01 8.094700e+00
      vertex   6.374166e+00 7.171509e+01 8.094700e+00
      vertex   5.041064e+00 7.081853e+01 8.094700e+00
    endloop
  endfacet
  facet normal 0.000000e+00 0.000000e+00 -1.000000e+00
    outer loop
      vertex   5.041064e+00 7.081853e+01 8.094700e+00
      vertex   6.374166e+00 7.171509e+01 8.094700e+00
      vertex   6.571861e+00 7.148480e+01 8.094700e+00
    endloop
  endfacet
  facet normal 0.000000e+00 0.000000e+00 -1.000000e+00
    outer loop
      vertex   5.041064e+00 7.081853e+01 8.094700e+00
      vertex   6.571861e+00 7.148480e+01 8.094700e+00
      vertex   5.306783e+00 7.048231e+01 8.094700e+00
    endloop
  endfacet
  facet normal 0.000000e+00 0.000000e+00 -1.000000e+00
    outer loop
      vertex   5.306783e+00 7.048231e+01 8.094700e+00
      vertex   6.571861e+00 7.148480e+01 8.094700e+00
      vertex   5.616245e+00 7.018586e+01 8.094700e+00
    endloop
  endfacet
  facet normal 0.000000e+00 0.000000e+00 -1.000000e+00
    outer loop
      vertex   5.616245e+00 7.018586e+01 8.094700e+00
      vertex   6.571861e+00 7.148480e+01 8.094700e+00
      vertex   6.811865e+00 7.129902e+01 8.094700e+00
    endloop
  endfacet
  facet normal 0.000000e+00 0.000000e+00 -1.000000e+00
    outer loop
      vertex   5.616245e+00 7.018586e+01 8.094700e+00
      vertex   6.811865e+00 7.129902e+01 8.094700e+00
      vertex   5.963561e+00 6.993482e+01 8.094700e+00
    endloop
  endfacet
  facet normal 0.000000e+00 0.000000e+00 -1.000000e+00
    outer loop
      vertex   5.963561e+00 6.993482e+01 8.094700e+00
      vertex   6.811865e+00 7.129902e+01 8.094700e+00
      vertex   7.084353e+00 7.116536e+01 8.094700e+00
    endloop
  endfacet
  facet normal 0.000000e+00 0.000000e+00 -1.000000e+00
    outer loop
      vertex   5.963561e+00 6.993482e+01 8.094700e+00
      vertex   7.084353e+00 7.116536e+01 8.094700e+00
      vertex   6.342121e+00 6.973397e+01 8.094700e+00
    endloop
  endfacet
  facet normal 0.000000e+00 0.000000e+00 -1.000000e+00
    outer loop
      vertex   6.342121e+00 6.973397e+01 8.094700e+00
      vertex   7.084353e+00 7.116536e+01 8.094700e+00
      vertex   6.744721e+00 6.958713e+01 8.094700e+00
    endloop
  endfacet
  facet normal 0.000000e+00 0.000000e+00 -1.000000e+00
    outer loop
      vertex   6.744721e+00 6.958713e+01 8.094700e+00
      vertex   7.084353e+00 7.116536e+01 8.094700e+00
      vertex   7.378169e+00 7.108929e+01 8.094700e+00
    endloop
  endfacet
  facet normal 0.000000e+00 0.000000e+00 -1.000000e+00
    outer loop
      vertex   6.744721e+00 6.958713e+01 8.094700e+00
      vertex   7.378169e+00 7.108929e+01 8.094700e+00
      vertex   7.163699e+00 6.949710e+01 8.094700e+00
    endloop
  endfacet
  facet normal 0.000000e+00 0.000000e+00 -1.000000e+00
    outer loop
      vertex   7.163699e+00 6.949710e+01 8.094700e+00
      vertex   7.378169e+00 7.108929e+01 8.094700e+00
      vertex   7.591081e+00 6.946558e+01 8.094700e+00
    endloop
  endfacet
  facet normal 0.000000e+00 0.000000e+00 -1.000000e+00
    outer loop
      vertex   7.591081e+00 6.946558e+01 8.094700e+00
      vertex   7.378169e+00 7.108929e+01 8.094700e+00
      vertex   7.681285e+00 7.107392e+01 8.094700e+00
    endloop
  endfacet
  facet normal 0.000000e+00 0.000000e+00 -1.000000e+00
    outer loop
      vertex   7.591081e+00 6.946558e+01 8.094700e+00
      vertex   7.681285e+00 7.107392e+01 8.094700e+00
      vertex   8.018734e+00 6.949318e+01 8.094700e+00
    endloop
  endfacet
  facet normal 0.000000e+00 0.000000e+00 -1.000000e+00
    outer loop
      vertex   8.018734e+00 6.949318e+01 8.094700e+00
      vertex   7.681285e+00 7.107392e+01 8.094700e+00
      vertex   7.981290e+00 7.111988e+01 8.094700e+00
    endloop
  endfacet
  facet normal 0.000000e+00 0.000000e+00 -1.000000e+00
    outer loop
      vertex   8.018734e+00 6.949318e+01 8.094700e+00
      vertex   7.981290e+00 7.111988e+01 8.094700e+00
      vertex   8.438519e+00 6.957937e+01 8.094700e+00
    endloop
  endfacet
  facet normal 0.000000e+00 0.000000e+00 -1.000000e+00
    outer loop
      vertex   8.438519e+00 6.957937e+01 8.094700e+00
      vertex   7.981290e+00 7.111988e+01 8.094700e+00
      vertex   8.842447e+00 6.972252e+01 8.094700e+00
    endloop
  endfacet
  facet normal 0.000000e+00 0.000000e+00 -1.000000e+00
    outer loop
      vertex   8.842447e+00 6.972252e+01 8.094700e+00
      vertex   7.981290e+00 7.111988e+01 8.094700e+00
      vertex   8.265902e+00 7.122528e+01 8.094700e+00
    endloop
  endfacet
  facet normal 0.000000e+00 0.000000e+00 -1.000000e+00
    outer loop
      vertex   8.842447e+00 6.972252e+01 8.094700e+00
      vertex   8.265902e+00 7.122528e+01 8.094700e+00
      vertex   9.222831e+00 6.991989e+01 8.094700e+00
    endloop
  endfacet
  facet normal 0.000000e+00 0.000000e+00 -1.000000e+00
    outer loop
      vertex   9.222831e+00 6.991989e+01 8.094700e+00
      vertex   8.265902e+00 7.122528e+01 8.094700e+00
      vertex   9.572433e+00 7.016774e+01 8.094700e+00
    endloop
  endfacet
  facet normal 0.000000e+00 0.000000e+00 -1.000000e+00
    outer loop
      vertex   9.572433e+00 7.016774e+01 8.094700e+00
      vertex   8.265902e+00 7.122528e+01 8.094700e+00
      vertex   8.523470e+00 7.138583e+01 8.094700e+00
    endloop
  endfacet
  facet normal 0.000000e+00 0.000000e+00 -1.000000e+00
    outer loop
      vertex   9.572433e+00 7.016774e+01 8.094700e+00
      vertex   8.523470e+00 7.138583e+01 8.094700e+00
      vertex   9.884598e+00 7.046134e+01 8.094700e+00
    endloop
  endfacet
  facet normal 0.000000e+00 0.000000e+00 -1.000000e+00
    outer loop
      vertex   9.884598e+00 7.046134e+01 8.094700e+00
      vertex   8.523470e+00 7.138583e+01 8.094700e+00
      vertex   8.743448e+00 7.159493e+01 8.094700e+00
    endloop
  endfacet
  facet normal 0.000000e+00 0.000000e+00 -1.000000e+00
    outer loop
      vertex   9.884598e+00 7.046134e+01 8.094700e+00
      vertex   8.743448e+00 7.159493e+01 8.094700e+00
      vertex   1.015339e+01 7.079511e+01 8.094700e+00
    endloop
  endfacet
  facet normal 0.000000e+00 0.000000e+00 -1.000000e+00
    outer loop
      vertex   1.015339e+01 7.079511e+01 8.094700e+00
      vertex   8.743448e+00 7.159493e+01 8.094700e+00
      vertex   1.037368e+01 7.116269e+01 8.094700e+00
    endloop
  endfacet
  facet normal 0.000000e+00 0.000000e+00 -1.000000e+00
    outer loop
      vertex   1.037368e+01 7.116269e+01 8.094700e+00
      vertex   8.743448e+00 7.159493e+01 8.094700e+00
      vertex   8.916831e+00 7.184404e+01 8.094700e+00
    endloop
  endfacet
  facet normal 0.000000e+00 0.000000e+00 -1.000000e+00
    outer loop
      vertex   1.037368e+01 7.116269e+01 8.094700e+00
      vertex   8.916831e+00 7.184404e+01 8.094700e+00
      vertex   1.054129e+01 7.155710e+01 8.094700e+00
    endloop
  endfacet
  facet normal 0.000000e+00 0.000000e+00 -1.000000e+00
    outer loop
      vertex   1.054129e+01 7.155710e+01 8.094700e+00
      vertex   8.916831e+00 7.184404e+01 8.094700e+00
      vertex   9.036520e+00 7.212295e+01 8.094700e+00
    endloop
  endfacet
  facet normal 0.000000e+00 0.000000e+00 -1.000000e+00
    outer loop
      vertex   1.054129e+01 7.155710e+01 8.094700e+00
      vertex   9.036520e+00 7.212295e+01 8.094700e+00
      vertex   1.065303e+01 7.197082e+01 8.094700e+00
    endloop
  endfacet
  facet normal 0.000000e+00 0.000000e+00 -1.000000e+00
    outer loop
      vertex   1.065303e+01 7.197082e+01 8.094700e+00
      vertex   9.036520e+00 7.212295e+01 8.094700e+00
      vertex   9.097615e+00 7.242024e+01 8.094700e+00
    endloop
  endfacet
  facet normal 0.000000e+00 0.000000e+00 -1.000000e+00
    outer loop
      vertex   1.065303e+01 7.197082e+01 8.094700e+00
      vertex   9.097615e+00 7.242024e+01 8.094700e+00
      vertex   1.070677e+01 7.239598e+01 8.094700e+00
    endloop
  endfacet
  facet normal 0.000000e+00 0.000000e+00 -1.000000e+00
    outer loop
      vertex   1.070677e+01 7.239598e+01 8.094700e+00
      vertex   9.097615e+00 7.242024e+01 8.094700e+00
      vertex   9.097615e+00 7.272374e+01 8.094700e+00
    endloop
  endfacet
  facet normal 0.000000e+00 0.000000e+00 -1.000000e+00
    outer loop
      vertex   1.070677e+01 7.239598e+01 8.094700e+00
      vertex   9.097615e+00 7.272374e+01 8.094700e+00
      vertex   1.070148e+01 7.282449e+01 8.094700e+00
    endloop
  endfacet
  facet normal -0.000000e+00 0.000000e+00 -1.000000e+00
    outer loop
      vertex   1.070148e+01 7.282449e+01 8.094700e+00
      vertex   9.097615e+00 7.272374e+01 8.094700e+00
      vertex   1.063727e+01 7.324819e+01 8.094700e+00
    endloop
  endfacet
  facet normal 0.000000e+00 0.000000e+00 -1.000000e+00
    outer loop
      vertex   1.063727e+01 7.324819e+01 8.094700e+00
      vertex   9.097615e+00 7.272374e+01 8.094700e+00
      vertex   9.036520e+00 7.302104e+01 8.094700e+00
    endloop
  endfacet
  facet normal -0.000000e+00 0.000000e+00 -1.000000e+00
    outer loop
      vertex   1.063727e+01 7.324819e+01 8.094700e+00
      vertex   9.036520e+00 7.302104e+01 8.094700e+00
      vertex   1.051535e+01 7.365903e+01 8.094700e+00
    endloop
  endfacet
  facet normal 0.000000e+00 0.000000e+00 -1.000000e+00
    outer loop
      vertex   1.051535e+01 7.365903e+01 8.094700e+00
      vertex   9.036520e+00 7.302104e+01 8.094700e+00
      vertex   8.916831e+00 7.329994e+01 8.094700e+00
    endloop
  endfacet
  facet normal -0.000000e+00 0.000000e+00 -1.000000e+00
    outer loop
      vertex   1.051535e+01 7.365903e+01 8.094700e+00
      vertex   8.916831e+00 7.329994e+01 8.094700e+00
      vertex   1.033806e+01 7.404918e+01 8.094700e+00
    endloop
  endfacet
  facet normal 0.000000e+00 0.000000e+00 -1.000000e+00
    outer loop
      vertex   1.033806e+01 7.404918e+01 8.094700e+00
      vertex   8.916831e+00 7.329994e+01 8.094700e+00
      vertex   8.743448e+00 7.354905e+01 8.094700e+00
    endloop
  endfacet
  facet normal -0.000000e+00 0.000000e+00 -1.000000e+00
    outer loop
      vertex   1.033806e+01 7.404918e+01 8.094700e+00
      vertex   8.743448e+00 7.354905e+01 8.094700e+00
      vertex   1.010876e+01 7.441121e+01 8.094700e+00
    endloop
  endfacet
  facet normal -0.000000e+00 0.000000e+00 -1.000000e+00
    outer loop
      vertex   1.010876e+01 7.441121e+01 8.094700e+00
      vertex   8.743448e+00 7.354905e+01 8.094700e+00
      vertex   9.831819e+00 7.473825e+01 8.094700e+00
    endloop
  endfacet
  facet normal 0.000000e+00 0.000000e+00 -1.000000e+00
    outer loop
      vertex   9.831819e+00 7.473825e+01 8.094700e+00
      vertex   8.743448e+00 7.354905e+01 8.094700e+00
      vertex   8.523470e+00 7.375815e+01 8.094700e+00
    endloop
  endfacet
  facet normal -0.000000e+00 0.000000e+00 -1.000000e+00
    outer loop
      vertex   9.831819e+00 7.473825e+01 8.094700e+00
      vertex   8.523470e+00 7.375815e+01 8.094700e+00
      vertex   9.512504e+00 7.502405e+01 8.094700e+00
    endloop
  endfacet
  facet normal 0.000000e+00 0.000000e+00 -1.000000e+00
    outer loop
      vertex   9.512504e+00 7.502405e+01 8.094700e+00
      vertex   8.523470e+00 7.375815e+01 8.094700e+00
      vertex   8.265902e+00 7.391870e+01 8.094700e+00
    endloop
  endfacet
  facet normal -0.000000e+00 0.000000e+00 -1.000000e+00
    outer loop
      vertex   9.512504e+00 7.502405e+01 8.094700e+00
      vertex   8.265902e+00 7.391870e+01 8.094700e+00
      vertex   9.156893e+00 7.526320e+01 8.094700e+00
    endloop
  endfacet
  facet normal 0.000000e+00 0.000000e+00 -1.000000e+00
    outer loop
      vertex   9.156893e+00 7.526320e+01 8.094700e+00
      vertex   8.265902e+00 7.391870e+01 8.094700e+00
      vertex   7.981290e+00 7.402411e+01 8.094700e+00
    endloop
  endfacet
  facet normal 0.000000e+00 0.000000e+00 -1.000000e+00
    outer loop
      vertex   9.156893e+00 7.526320e+01 8.094700e+00
      vertex   7.981290e+00 7.402411e+01 8.094700e+00
      vertex   7.681285e+00 7.407007e+01 8.094700e+00
    endloop
  endfacet
  facet normal -0.000000e+00 0.000000e+00 -1.000000e+00
    outer loop
      vertex   9.156893e+00 7.526320e+01 8.094700e+00
      vertex   7.681285e+00 7.407007e+01 8.094700e+00
      vertex   6.078450e+00 7.527730e+01 8.094700e+00
    endloop
  endfacet
  facet normal 0.000000e+00 0.000000e+00 -1.000000e+00
    outer loop
      vertex   6.078450e+00 7.527730e+01 8.094700e+00
      vertex   7.681285e+00 7.407007e+01 8.094700e+00
      vertex   7.378169e+00 7.405469e+01 8.094700e+00
    endloop
  endfacet
  facet normal 0.000000e+00 0.000000e+00 -1.000000e+00
    outer loop
      vertex   6.078450e+00 7.527730e+01 8.094700e+00
      vertex   7.378169e+00 7.405469e+01 8.094700e+00
      vertex   7.084353e+00 7.397862e+01 8.094700e+00
    endloop
  endfacet
  facet normal -0.000000e+00 0.000000e+00 -1.000000e+00
    outer loop
      vertex   7.084353e+00 7.397862e+01 8.094700e+00
      vertex   6.811865e+00 7.384496e+01 8.094700e+00
      vertex   6.078450e+00 7.527730e+01 8.094700e+00
    endloop
  endfacet
  facet normal 0.000000e+00 -0.000000e+00 -1.000000e+00
    outer loop
      vertex   6.078450e+00 7.527730e+01 8.094700e+00
      vertex   6.811865e+00 7.384496e+01 8.094700e+00
      vertex   5.720663e+00 7.504142e+01 8.094700e+00
    endloop
  endfacet
  facet normal 0.000000e+00 -0.000000e+00 -1.000000e+00
    outer loop
      vertex   5.720663e+00 7.504142e+01 8.094700e+00
      vertex   6.811865e+00 7.384496e+01 8.094700e+00
      vertex   5.398743e+00 7.475855e+01 8.094700e+00
    endloop
  endfacet
  facet normal 0.000000e+00 0.000000e+00 -1.000000e+00
    outer loop
      vertex   5.398743e+00 7.475855e+01 8.094700e+00
      vertex   6.811865e+00 7.384496e+01 8.094700e+00
      vertex   6.571861e+00 7.365918e+01 8.094700e+00
    endloop
  endfacet
  facet normal 0.000000e+00 -0.000000e+00 -1.000000e+00
    outer loop
      vertex   5.398743e+00 7.475855e+01 8.094700e+00
      vertex   6.571861e+00 7.365918e+01 8.094700e+00
      vertex   5.118816e+00 7.443407e+01 8.094700e+00
    endloop
  endfacet
  facet normal 0.000000e+00 0.000000e+00 -1.000000e+00
    outer loop
      vertex   5.118816e+00 7.443407e+01 8.094700e+00
      vertex   6.571861e+00 7.365918e+01 8.094700e+00
      vertex   6.374166e+00 7.342889e+01 8.094700e+00
    endloop
  endfacet
  facet normal 0.000000e+00 -0.000000e+00 -1.000000e+00
    outer loop
      vertex   5.118816e+00 7.443407e+01 8.094700e+00
      vertex   6.374166e+00 7.342889e+01 8.094700e+00
      vertex   4.886209e+00 7.407415e+01 8.094700e+00
    endloop
  endfacet
  facet normal 0.000000e+00 0.000000e+00 -1.000000e+00
    outer loop
      vertex   4.886209e+00 7.407415e+01 8.094700e+00
      vertex   6.374166e+00 7.342889e+01 8.094700e+00
      vertex   6.226874e+00 7.316352e+01 8.094700e+00
    endloop
  endfacet
  facet normal -0.000000e+00 0.000000e+00 -1.000000e+00
    outer loop
      vertex   5.405311e+00 7.577979e+01 8.094700e+00
      vertex   5.029013e+00 7.548621e+01 8.094700e+00
      vertex   5.405311e+00 8.179609e+01 8.094700e+00
    endloop
  endfacet
  facet normal 0.000000e+00 0.000000e+00 -1.000000e+00
    outer loop
      vertex   5.405311e+00 8.179609e+01 8.094700e+00
      vertex   5.029013e+00 7.548621e+01 8.094700e+00
      vertex   4.691503e+00 7.514876e+01 8.094700e+00
    endloop
  endfacet
  facet normal 0.000000e+00 0.000000e+00 -1.000000e+00
    outer loop
      vertex   5.405311e+00 8.179609e+01 8.094700e+00
      vertex   4.691503e+00 7.514876e+01 8.094700e+00
      vertex   4.397861e+00 7.477251e+01 8.094700e+00
    endloop
  endfacet
  facet normal -0.000000e+00 0.000000e+00 -1.000000e+00
    outer loop
      vertex   4.397861e+00 7.477251e+01 8.094700e+00
      vertex   4.152510e+00 7.436312e+01 8.094700e+00
      vertex   5.405311e+00 8.179609e+01 8.094700e+00
    endloop
  endfacet
  facet normal -0.000000e+00 0.000000e+00 -1.000000e+00
    outer loop
      vertex   5.405311e+00 8.179609e+01 8.094700e+00
      vertex   4.152510e+00 7.436312e+01 8.094700e+00
      vertex   2.235955e-02 8.969513e+01 8.094700e+00
    endloop
  endfacet
  facet normal 0.000000e+00 0.000000e+00 -1.000000e+00
    outer loop
      vertex   5.405311e+00 8.179609e+01 8.094700e+00
      vertex   2.235955e-02 8.969513e+01 8.094700e+00
      vertex   7.688070e+00 8.603773e+01 8.094700e+00
    endloop
  endfacet
  facet normal 0.000000e+00 0.000000e+00 -1.000000e+00
    outer loop
      vertex   7.688070e+00 8.603773e+01 8.094700e+00
      vertex   2.235955e-02 8.969513e+01 8.094700e+00
      vertex   7.688070e+00 8.627789e+01 8.094700e+00
    endloop
  endfacet
  facet normal 0.000000e+00 0.000000e+00 -1.000000e+00
    outer loop
      vertex   7.688070e+00 8.627789e+01 8.094700e+00
      vertex   2.235955e-02 8.969513e+01 8.094700e+00
      vertex   7.745544e+00 8.651106e+01 8.094700e+00
    endloop
  endfacet
  facet normal 0.000000e+00 0.000000e+00 -1.000000e+00
    outer loop
      vertex   7.745544e+00 8.651106e+01 8.094700e+00
      vertex   2.235955e-02 8.969513e+01 8.094700e+00
      vertex   7.857150e+00 8.672371e+01 8.094700e+00
    endloop
  endfacet
  facet normal 0.000000e+00 0.000000e+00 -1.000000e+00
    outer loop
      vertex   7.857150e+00 8.672371e+01 8.094700e+00
      vertex   2.235955e-02 8.969513e+01 8.094700e+00
      vertex   8.016403e+00 8.690347e+01 8.094700e+00
    endloop
  endfacet
  facet normal 0.000000e+00 0.000000e+00 -1.000000e+00
    outer loop
      vertex   8.016403e+00 8.690347e+01 8.094700e+00
      vertex   2.235955e-02 8.969513e+01 8.094700e+00
      vertex   8.214048e+00 8.703990e+01 8.094700e+00
    endloop
  endfacet
  facet normal 0.000000e+00 0.000000e+00 -1.000000e+00
    outer loop
      vertex   8.214048e+00 8.703990e+01 8.094700e+00
      vertex   2.235955e-02 8.969513e+01 8.094700e+00
      vertex   8.438598e+00 8.712506e+01 8.094700e+00
    endloop
  endfacet
  facet normal 0.000000e+00 0.000000e+00 -1.000000e+00
    outer loop
      vertex   8.438598e+00 8.712506e+01 8.094700e+00
      vertex   2.235955e-02 8.969513e+01 8.094700e+00
      vertex   8.677004e+00 8.715400e+01 8.094700e+00
    endloop
  endfacet
  facet normal 0.000000e+00 0.000000e+00 -1.000000e+00
    outer loop
      vertex   8.677004e+00 8.715400e+01 8.094700e+00
      vertex   2.235955e-02 8.969513e+01 8.094700e+00
      vertex   8.915409e+00 8.712506e+01 8.094700e+00
    endloop
  endfacet
  facet normal 0.000000e+00 0.000000e+00 -1.000000e+00
    outer loop
      vertex   8.915409e+00 8.712506e+01 8.094700e+00
      vertex   2.235955e-02 8.969513e+01 8.094700e+00
      vertex   3.363551e+01 8.969513e+01 8.094700e+00
    endloop
  endfacet
  facet normal 0.000000e+00 0.000000e+00 -1.000000e+00
    outer loop
      vertex   8.915409e+00 8.712506e+01 8.094700e+00
      vertex   3.363551e+01 8.969513e+01 8.094700e+00
      vertex   9.139959e+00 8.703990e+01 8.094700e+00
    endloop
  endfacet
  facet normal 0.000000e+00 0.000000e+00 -1.000000e+00
    outer loop
      vertex   9.139959e+00 8.703990e+01 8.094700e+00
      vertex   3.363551e+01 8.969513e+01 8.094700e+00
      vertex   9.337604e+00 8.690347e+01 8.094700e+00
    endloop
  endfacet
  facet normal 0.000000e+00 0.000000e+00 -1.000000e+00
    outer loop
      vertex   9.337604e+00 8.690347e+01 8.094700e+00
      vertex   3.363551e+01 8.969513e+01 8.094700e+00
      vertex   9.496857e+00 8.672371e+01 8.094700e+00
    endloop
  endfacet
  facet normal 0.000000e+00 0.000000e+00 -1.000000e+00
    outer loop
      vertex   9.496857e+00 8.672371e+01 8.094700e+00
      vertex   3.363551e+01 8.969513e+01 8.094700e+00
      vertex   9.608463e+00 8.651106e+01 8.094700e+00
    endloop
  endfacet
  facet normal 0.000000e+00 0.000000e+00 -1.000000e+00
    outer loop
      vertex   9.608463e+00 8.651106e+01 8.094700e+00
      vertex   3.363551e+01 8.969513e+01 8.094700e+00
      vertex   9.665937e+00 8.627789e+01 8.094700e+00
    endloop
  endfacet
  facet normal 0.000000e+00 0.000000e+00 -1.000000e+00
    outer loop
      vertex   9.665937e+00 8.627789e+01 8.094700e+00
      vertex   3.363551e+01 8.969513e+01 8.094700e+00
      vertex   9.665937e+00 8.603773e+01 8.094700e+00
    endloop
  endfacet
  facet normal 0.000000e+00 0.000000e+00 -1.000000e+00
    outer loop
      vertex   9.665937e+00 8.603773e+01 8.094700e+00
      vertex   3.363551e+01 8.969513e+01 8.094700e+00
      vertex   9.855463e+00 8.179609e+01 8.094700e+00
    endloop
  endfacet
  facet normal 0.000000e+00 -0.000000e+00 -1.000000e+00
    outer loop
      vertex   9.665937e+00 8.603773e+01 8.094700e+00
      vertex   9.855463e+00 8.179609e+01 8.094700e+00
      vertex   9.608463e+00 8.580455e+01 8.094700e+00
    endloop
  endfacet
  facet normal 0.000000e+00 -0.000000e+00 -1.000000e+00
    outer loop
      vertex   9.608463e+00 8.580455e+01 8.094700e+00
      vertex   9.855463e+00 8.179609e+01 8.094700e+00
      vertex   9.496857e+00 8.559190e+01 8.094700e+00
    endloop
  endfacet
  facet normal 0.000000e+00 -0.000000e+00 -1.000000e+00
    outer loop
      vertex   9.496857e+00 8.559190e+01 8.094700e+00
      vertex   9.855463e+00 8.179609e+01 8.094700e+00
      vertex   9.337604e+00 8.541214e+01 8.094700e+00
    endloop
  endfacet
  facet normal 0.000000e+00 -0.000000e+00 -1.000000e+00
    outer loop
      vertex   9.337604e+00 8.541214e+01 8.094700e+00
      vertex   9.855463e+00 8.179609e+01 8.094700e+00
      vertex   9.139959e+00 8.527572e+01 8.094700e+00
    endloop
  endfacet
  facet normal 0.000000e+00 -0.000000e+00 -1.000000e+00
    outer loop
      vertex   9.139959e+00 8.527572e+01 8.094700e+00
      vertex   9.855463e+00 8.179609e+01 8.094700e+00
      vertex   8.915409e+00 8.519056e+01 8.094700e+00
    endloop
  endfacet
  facet normal 0.000000e+00 0.000000e+00 -1.000000e+00
    outer loop
      vertex   8.915409e+00 8.519056e+01 8.094700e+00
      vertex   9.855463e+00 8.179609e+01 8.094700e+00
      vertex   9.156893e+00 8.179609e+01 8.094700e+00
    endloop
  endfacet
  facet normal 0.000000e+00 -0.000000e+00 -1.000000e+00
    outer loop
      vertex   8.915409e+00 8.519056e+01 8.094700e+00
      vertex   9.156893e+00 8.179609e+01 8.094700e+00
      vertex   8.677004e+00 8.516161e+01 8.094700e+00
    endloop
  endfacet
  facet normal -0.000000e+00 -0.000000e+00 -1.000000e+00
    outer loop
      vertex   8.677004e+00 8.516161e+01 8.094700e+00
      vertex   9.156893e+00 8.179609e+01 8.094700e+00
      vertex   8.438598e+00 8.519056e+01 8.094700e+00
    endloop
  endfacet
  facet normal 0.000000e+00 -0.000000e+00 -1.000000e+00
    outer loop
      vertex   8.438598e+00 8.519056e+01 8.094700e+00
      vertex   9.156893e+00 8.179609e+01 8.094700e+00
      vertex   6.078450e+00 8.179609e+01 8.094700e+00
    endloop
  endfacet
  facet normal -0.000000e+00 0.000000e+00 -1.000000e+00
    outer loop
      vertex   8.438598e+00 8.519056e+01 8.094700e+00
      vertex   6.078450e+00 8.179609e+01 8.094700e+00
      vertex   8.214048e+00 8.527572e+01 8.094700e+00
    endloop
  endfacet
  facet normal -0.000000e+00 0.000000e+00 -1.000000e+00
    outer loop
      vertex   8.214048e+00 8.527572e+01 8.094700e+00
      vertex   6.078450e+00 8.179609e+01 8.094700e+00
      vertex   8.016403e+00 8.541214e+01 8.094700e+00
    endloop
  endfacet
  facet normal -0.000000e+00 0.000000e+00 -1.000000e+00
    outer loop
      vertex   8.016403e+00 8.541214e+01 8.094700e+00
      vertex   6.078450e+00 8.179609e+01 8.094700e+00
      vertex   7.857150e+00 8.559190e+01 8.094700e+00
    endloop
  endfacet
  facet normal 0.000000e+00 0.000000e+00 -1.000000e+00
    outer loop
      vertex   7.857150e+00 8.559190e+01 8.094700e+00
      vertex   6.078450e+00 8.179609e+01 8.094700e+00
      vertex   5.405311e+00 8.179609e+01 8.094700e+00
    endloop
  endfacet
  facet normal -0.000000e+00 0.000000e+00 -1.000000e+00
    outer loop
      vertex   7.857150e+00 8.559190e+01 8.094700e+00
      vertex   5.405311e+00 8.179609e+01 8.094700e+00
      vertex   7.745544e+00 8.580455e+01 8.094700e+00
    endloop
  endfacet
  facet normal -0.000000e+00 0.000000e+00 -1.000000e+00
    outer loop
      vertex   7.745544e+00 8.580455e+01 8.094700e+00
      vertex   5.405311e+00 8.179609e+01 8.094700e+00
      vertex   7.688070e+00 8.603773e+01 8.094700e+00
    endloop
  endfacet
  facet normal -0.000000e+00 0.000000e+00 -1.000000e+00
    outer loop
      vertex   4.152510e+00 7.436312e+01 8.094700e+00
      vertex   3.959142e+00 7.392678e+01 8.094700e+00
      vertex   2.235955e-02 8.969513e+01 8.094700e+00
    endloop
  endfacet
  facet normal 0.000000e+00 0.000000e+00 -1.000000e+00
    outer loop
      vertex   2.235955e-02 8.969513e+01 8.094700e+00
      vertex   3.959142e+00 7.392678e+01 8.094700e+00
      vertex   3.820669e+00 7.347003e+01 8.094700e+00
    endloop
  endfacet
  facet normal 0.000000e+00 0.000000e+00 -1.000000e+00
    outer loop
      vertex   2.235955e-02 8.969513e+01 8.094700e+00
      vertex   3.820669e+00 7.347003e+01 8.094700e+00
      vertex   3.739175e+00 7.299977e+01 8.094700e+00
    endloop
  endfacet
  facet normal 0.000000e+00 -0.000000e+00 -1.000000e+00
    outer loop
      vertex   2.235955e-02 8.969513e+01 8.094700e+00
      vertex   3.739175e+00 7.299977e+01 8.094700e+00
      vertex   2.235955e-02 6.009025e+01 8.094700e+00
    endloop
  endfacet
  facet normal 0.000000e+00 0.000000e+00 -1.000000e+00
    outer loop
      vertex   2.235955e-02 6.009025e+01 8.094700e+00
      vertex   3.739175e+00 7.299977e+01 8.094700e+00
      vertex   3.715889e+00 7.252306e+01 8.094700e+00
    endloop
  endfacet
  facet normal 0.000000e+00 0.000000e+00 -1.000000e+00
    outer loop
      vertex   2.235955e-02 6.009025e+01 8.094700e+00
      vertex   3.715889e+00 7.252306e+01 8.094700e+00
      vertex   3.751160e+00 7.204710e+01 8.094700e+00
    endloop
  endfacet
  facet normal 0.000000e+00 -0.000000e+00 -1.000000e+00
    outer loop
      vertex   3.751160e+00 7.204710e+01 8.094700e+00
      vertex   3.844457e+00 7.157903e+01 8.094700e+00
      vertex   2.235955e-02 6.009025e+01 8.094700e+00
    endloop
  endfacet
  facet normal 0.000000e+00 0.000000e+00 -1.000000e+00
    outer loop
      vertex   2.235955e-02 6.009025e+01 8.094700e+00
      vertex   3.844457e+00 7.157903e+01 8.094700e+00
      vertex   3.994375e+00 7.112591e+01 8.094700e+00
    endloop
  endfacet
  facet normal 0.000000e+00 0.000000e+00 -1.000000e+00
    outer loop
      vertex   2.235955e-02 6.009025e+01 8.094700e+00
      vertex   3.994375e+00 7.112591e+01 8.094700e+00
      vertex   4.198658e+00 7.069457e+01 8.094700e+00
    endloop
  endfacet
  facet normal 0.000000e+00 -0.000000e+00 -1.000000e+00
    outer loop
      vertex   4.198658e+00 7.069457e+01 8.094700e+00
      vertex   4.454230e+00 7.029149e+01 8.094700e+00
      vertex   2.235955e-02 6.009025e+01 8.094700e+00
    endloop
  endfacet
  facet normal 0.000000e+00 0.000000e+00 -1.000000e+00
    outer loop
      vertex   2.235955e-02 6.009025e+01 8.094700e+00
      vertex   4.454230e+00 7.029149e+01 8.094700e+00
      vertex   4.757243e+00 6.992274e+01 8.094700e+00
    endloop
  endfacet
  facet normal 0.000000e+00 0.000000e+00 -1.000000e+00
    outer loop
      vertex   2.235955e-02 6.009025e+01 8.094700e+00
      vertex   4.757243e+00 6.992274e+01 8.094700e+00
      vertex   5.103136e+00 6.959388e+01 8.094700e+00
    endloop
  endfacet
  facet normal 0.000000e+00 -0.000000e+00 -1.000000e+00
    outer loop
      vertex   5.103136e+00 6.959388e+01 8.094700e+00
      vertex   5.486700e+00 6.930986e+01 8.094700e+00
      vertex   2.235955e-02 6.009025e+01 8.094700e+00
    endloop
  endfacet
  facet normal 0.000000e+00 0.000000e+00 -1.000000e+00
    outer loop
      vertex   2.235955e-02 6.009025e+01 8.094700e+00
      vertex   5.486700e+00 6.930986e+01 8.094700e+00
      vertex   5.902160e+00 6.907495e+01 8.094700e+00
    endloop
  endfacet
  facet normal 0.000000e+00 0.000000e+00 -1.000000e+00
    outer loop
      vertex   2.235955e-02 6.009025e+01 8.094700e+00
      vertex   5.902160e+00 6.907495e+01 8.094700e+00
      vertex   6.343263e+00 6.889269e+01 8.094700e+00
    endloop
  endfacet
  facet normal 0.000000e+00 -0.000000e+00 -1.000000e+00
    outer loop
      vertex   6.343263e+00 6.889269e+01 8.094700e+00
      vertex   6.803366e+00 6.876583e+01 8.094700e+00
      vertex   2.235955e-02 6.009025e+01 8.094700e+00
    endloop
  endfacet
  facet normal 0.000000e+00 0.000000e+00 -1.000000e+00
    outer loop
      vertex   2.235955e-02 6.009025e+01 8.094700e+00
      vertex   6.803366e+00 6.876583e+01 8.094700e+00
      vertex   7.275543e+00 6.869626e+01 8.094700e+00
    endloop
  endfacet
  facet normal 0.000000e+00 0.000000e+00 -1.000000e+00
    outer loop
      vertex   2.235955e-02 6.009025e+01 8.094700e+00
      vertex   7.275543e+00 6.869626e+01 8.094700e+00
      vertex   7.752685e+00 6.868505e+01 8.094700e+00
    endloop
  endfacet
  facet normal 0.000000e+00 -0.000000e+00 -1.000000e+00
    outer loop
      vertex   7.752685e+00 6.868505e+01 8.094700e+00
      vertex   8.227608e+00 6.873236e+01 8.094700e+00
      vertex   2.235955e-02 6.009025e+01 8.094700e+00
    endloop
  endfacet
  facet normal 0.000000e+00 0.000000e+00 -1.000000e+00
    outer loop
      vertex   2.235955e-02 6.009025e+01 8.094700e+00
      vertex   8.227608e+00 6.873236e+01 8.094700e+00
      vertex   8.693162e+00 6.883748e+01 8.094700e+00
    endloop
  endfacet
  facet normal 0.000000e+00 0.000000e+00 -1.000000e+00
    outer loop
      vertex   2.235955e-02 6.009025e+01 8.094700e+00
      vertex   8.693162e+00 6.883748e+01 8.094700e+00
      vertex   9.142338e+00 6.899882e+01 8.094700e+00
    endloop
  endfacet
  facet normal 0.000000e+00 0.000000e+00 -1.000000e+00
    outer loop
      vertex   2.235955e-02 6.009025e+01 8.094700e+00
      vertex   9.142338e+00 6.899882e+01 8.094700e+00
      vertex   3.363551e+01 6.009025e+01 8.094700e+00
    endloop
  endfacet
  facet normal 0.000000e+00 0.000000e+00 -1.000000e+00
    outer loop
      vertex   3.363551e+01 6.009025e+01 8.094700e+00
      vertex   9.142338e+00 6.899882e+01 8.094700e+00
      vertex   9.568373e+00 6.921396e+01 8.094700e+00
    endloop
  endfacet
  facet normal 0.000000e+00 0.000000e+00 -1.000000e+00
    outer loop
      vertex   3.363551e+01 6.009025e+01 8.094700e+00
      vertex   9.568373e+00 6.921396e+01 8.094700e+00
      vertex   9.964853e+00 6.947965e+01 8.094700e+00
    endloop
  endfacet
  facet normal 0.000000e+00 0.000000e+00 -1.000000e+00
    outer loop
      vertex   3.363551e+01 6.009025e+01 8.094700e+00
      vertex   9.964853e+00 6.947965e+01 8.094700e+00
      vertex   1.092003e+01 7.018275e+01 8.094700e+00
    endloop
  endfacet
  facet normal 0.000000e+00 0.000000e+00 -1.000000e+00
    outer loop
      vertex   1.092003e+01 7.018275e+01 8.094700e+00
      vertex   9.964853e+00 6.947965e+01 8.094700e+00
      vertex   1.032581e+01 6.979190e+01 8.094700e+00
    endloop
  endfacet
  facet normal 0.000000e+00 0.000000e+00 -1.000000e+00
    outer loop
      vertex   1.092003e+01 7.018275e+01 8.094700e+00
      vertex   1.032581e+01 6.979190e+01 8.094700e+00
      vertex   1.064581e+01 7.014601e+01 8.094700e+00
    endloop
  endfacet
  facet normal 0.000000e+00 0.000000e+00 -1.000000e+00
    outer loop
      vertex   1.064581e+01 7.014601e+01 8.094700e+00
      vertex   1.092003e+01 7.053664e+01 8.094700e+00
      vertex   1.092003e+01 7.018275e+01 8.094700e+00
    endloop
  endfacet
  facet normal 0.000000e+00 0.000000e+00 -1.000000e+00
    outer loop
      vertex   1.092003e+01 7.018275e+01 8.094700e+00
      vertex   3.362745e+01 7.018275e+01 8.094700e+00
      vertex   3.363551e+01 6.009025e+01 8.094700e+00
    endloop
  endfacet
  facet normal 0.000000e+00 0.000000e+00 -1.000000e+00
    outer loop
      vertex   3.363551e+01 6.009025e+01 8.094700e+00
      vertex   3.362745e+01 7.018275e+01 8.094700e+00
      vertex   3.362745e+01 7.114136e+01 8.094700e+00
    endloop
  endfacet
  facet normal 0.000000e+00 0.000000e+00 -1.000000e+00
    outer loop
      vertex   3.363551e+01 6.009025e+01 8.094700e+00
      vertex   3.362745e+01 7.114136e+01 8.094700e+00
      vertex   3.363551e+01 8.969513e+01 8.094700e+00
    endloop
  endfacet
  facet normal 0.000000e+00 0.000000e+00 -1.000000e+00
    outer loop
      vertex   3.363551e+01 8.969513e+01 8.094700e+00
      vertex   3.362745e+01 7.114136e+01 8.094700e+00
      vertex   9.855463e+00 8.179609e+01 8.094700e+00
    endloop
  endfacet
  facet normal 0.000000e+00 0.000000e+00 -1.000000e+00
    outer loop
      vertex   1.122239e+01 7.114136e+01 8.094700e+00
      vertex   1.136859e+01 7.158827e+01 8.094700e+00
      vertex   3.362745e+01 7.114136e+01 8.094700e+00
    endloop
  endfacet
  facet normal 0.000000e+00 0.000000e+00 -1.000000e+00
    outer loop
      vertex   3.362745e+01 7.114136e+01 8.094700e+00
      vertex   1.136859e+01 7.158827e+01 8.094700e+00
      vertex   1.145980e+01 7.204956e+01 8.094700e+00
    endloop
  endfacet
  facet normal 0.000000e+00 0.000000e+00 -1.000000e+00
    outer loop
      vertex   3.362745e+01 7.114136e+01 8.094700e+00
      vertex   1.145980e+01 7.204956e+01 8.094700e+00
      vertex   1.149467e+01 7.251848e+01 8.094700e+00
    endloop
  endfacet
  facet normal 0.000000e+00 0.000000e+00 -1.000000e+00
    outer loop
      vertex   1.149467e+01 7.251848e+01 8.094700e+00
      vertex   1.147271e+01 7.298818e+01 8.094700e+00
      vertex   3.362745e+01 7.114136e+01 8.094700e+00
    endloop
  endfacet
  facet normal 0.000000e+00 0.000000e+00 -1.000000e+00
    outer loop
      vertex   3.362745e+01 7.114136e+01 8.094700e+00
      vertex   1.147271e+01 7.298818e+01 8.094700e+00
      vertex   1.139423e+01 7.345180e+01 8.094700e+00
    endloop
  endfacet
  facet normal 0.000000e+00 0.000000e+00 -1.000000e+00
    outer loop
      vertex   3.362745e+01 7.114136e+01 8.094700e+00
      vertex   1.139423e+01 7.345180e+01 8.094700e+00
      vertex   1.126038e+01 7.390257e+01 8.094700e+00
    endloop
  endfacet
  facet normal 0.000000e+00 0.000000e+00 -1.000000e+00
    outer loop
      vertex   1.126038e+01 7.390257e+01 8.094700e+00
      vertex   1.107312e+01 7.433389e+01 8.094700e+00
      vertex   3.362745e+01 7.114136e+01 8.094700e+00
    endloop
  endfacet
  facet normal 0.000000e+00 0.000000e+00 -1.000000e+00
    outer loop
      vertex   3.362745e+01 7.114136e+01 8.094700e+00
      vertex   1.107312e+01 7.433389e+01 8.094700e+00
      vertex   9.855463e+00 8.179609e+01 8.094700e+00
    endloop
  endfacet
  facet normal 0.000000e+00 0.000000e+00 -1.000000e+00
    outer loop
      vertex   1.107312e+01 7.433389e+01 8.094700e+00
      vertex   1.083518e+01 7.473946e+01 8.094700e+00
      vertex   9.855463e+00 8.179609e+01 8.094700e+00
    endloop
  endfacet
  facet normal 0.000000e+00 0.000000e+00 -1.000000e+00
    outer loop
      vertex   9.855463e+00 8.179609e+01 8.094700e+00
      vertex   1.083518e+01 7.473946e+01 8.094700e+00
      vertex   1.055004e+01 7.511336e+01 8.094700e+00
    endloop
  endfacet
  facet normal 0.000000e+00 0.000000e+00 -1.000000e+00
    outer loop
      vertex   9.855463e+00 8.179609e+01 8.094700e+00
      vertex   1.055004e+01 7.511336e+01 8.094700e+00
      vertex   1.022187e+01 7.545012e+01 8.094700e+00
    endloop
  endfacet
  facet normal 0.000000e+00 0.000000e+00 -1.000000e+00
    outer loop
      vertex   1.022187e+01 7.545012e+01 8.094700e+00
      vertex   9.855463e+00 7.574482e+01 8.094700e+00
      vertex   9.855463e+00 8.179609e+01 8.094700e+00
    endloop
  endfacet
  facet normal 0.000000e+00 -0.000000e+00 -1.000000e+00
    outer loop
      vertex   6.078450e+00 8.179609e+01 8.094700e+00
      vertex   9.156893e+00 8.179609e+01 8.094700e+00
      vertex   6.078450e+00 7.527730e+01 8.094700e+00
    endloop
  endfacet
  facet normal 0.000000e+00 0.000000e+00 -1.000000e+00
    outer loop
      vertex   6.078450e+00 7.527730e+01 8.094700e+00
      vertex   9.156893e+00 8.179609e+01 8.094700e+00
      vertex   9.156893e+00 7.526320e+01 8.094700e+00
    endloop
  endfacet
  facet normal -0.000000e+00 -1.000000e+00 -0.000000e+00
    outer loop
      vertex   3.362745e+01 7.018275e+01 8.094700e+00
      vertex   1.092003e+01 7.018275e+01 8.094700e+00
      vertex   3.362745e+01 7.018275e+01 6.609790e+00
    endloop
  endfacet
  facet normal 0.000000e+00 -1.000000e+00 0.000000e+00
    outer loop
      vertex   3.362745e+01 7.018275e+01 6.609790e+00
      vertex   1.092003e+01 7.018275e+01 8.094700e+00
      vertex   1.092003e+01 7.018275e+01 6.609790e+00
    endloop
  endfacet
  facet normal 1.000000e+00 0.000000e+00 0.000000e+00
    outer loop
      vertex   3.362745e+01 7.114136e+01 8.094700e+00
      vertex   3.362745e+01 7.018275e+01 8.094700e+00
      vertex   3.362745e+01 7.114136e+01 6.609790e+00
    endloop
  endfacet
  facet normal 1.000000e+00 0.000000e+00 0.000000e+00
    outer loop
      vertex   3.362745e+01 7.114136e+01 6.609790e+00
      vertex   3.362745e+01 7.018275e+01 8.094700e+00
      vertex   3.362745e+01 7.018275e+01 6.609790e+00
    endloop
  endfacet
  facet normal 1.207344e-15 1.000000e+00 -0.000000e+00
    outer loop
      vertex   2.235955e-02 6.009025e+01 1.609790e+00
      vertex   2.235955e-02 6.009025e+01 8.094700e+00
      vertex   1.767788e+01 6.009025e+01 4.376790e+00
    endloop
  endfacet
  facet normal 6.341650e-16 1.000000e+00 -2.721898e-15
    outer loop
      vertex   1.767788e+01 6.009025e+01 4.376790e+00
      vertex   2.235955e-02 6.009025e+01 8.094700e+00
      vertex   3.363551e+01 6.009025e+01 8.094700e+00
    endloop
  endfacet
  facet normal 0.000000e+00 1.000000e+00 0.000000e+00
    outer loop
      vertex   1.767788e+01 6.009025e+01 4.376790e+00
      vertex   3.363551e+01 6.009025e+01 8.094700e+00
      vertex   1.849001e+01 6.009025e+01 4.376790e+00
    endloop
  endfacet
  facet normal -0.000000e+00 1.000000e+00 0.000000e+00
    outer loop
      vertex   1.849001e+01 6.009025e+01 4.376790e+00
      vertex   3.363551e+01 6.009025e+01 8.094700e+00
      vertex   3.363551e+01 6.009025e+01 1.609790e+00
    endloop
  endfacet
  facet normal 0.000000e+00 1.000000e+00 0.000000e+00
    outer loop
      vertex   1.849001e+01 6.009025e+01 4.376790e+00
      vertex   3.363551e+01 6.009025e+01 1.609790e+00
      vertex   1.849001e+01 6.009025e+01 1.609790e+00
    endloop
  endfacet
  facet normal 1.207344e-15 1.000000e+00 0.000000e+00
    outer loop
      vertex   1.767788e+01 6.009025e+01 4.376790e+00
      vertex   1.767788e+01 6.009025e+01 1.609790e+00
      vertex   2.235955e-02 6.009025e+01 1.609790e+00
    endloop
  endfacet
  facet normal -9.876136e-01 1.569056e-01 0.000000e+00
    outer loop
      vertex   1.946603e+01 5.870379e+01 2.643905e+00
      vertex   1.949041e+01 5.885727e+01 2.676970e+00
      vertex   1.946603e+01 5.870379e+01 1.609790e+00
    endloop
  endfacet
  facet normal -9.917385e-01 1.282063e-01 4.221627e-03
    outer loop
      vertex   1.946603e+01 5.870379e+01 1.609790e+00
      vertex   1.949041e+01 5.885727e+01 2.676970e+00
      vertex   1.949412e+01 5.892109e+01 1.609790e+00
    endloop
  endfacet
  facet normal -9.997136e-01 2.384360e-02 -2.047456e-03
    outer loop
      vertex   1.949412e+01 5.892109e+01 1.609790e+00
      vertex   1.949041e+01 5.885727e+01 2.676970e+00
      vertex   1.949346e+01 5.898760e+01 2.705049e+00
    endloop
  endfacet
  facet normal -9.959010e-01 -9.031731e-02 4.887183e-03
    outer loop
      vertex   1.949412e+01 5.892109e+01 1.609790e+00
      vertex   1.949346e+01 5.898760e+01 2.705049e+00
      vertex   1.947638e+01 5.911668e+01 1.609790e+00
    endloop
  endfacet
  facet normal -9.928976e-01 -1.189630e-01 1.464235e-03
    outer loop
      vertex   1.947638e+01 5.911668e+01 1.609790e+00
      vertex   1.949346e+01 5.898760e+01 2.705049e+00
      vertex   1.948025e+01 5.909819e+01 2.728875e+00
    endloop
  endfacet
  facet normal -9.652486e-01 -2.613315e-01 -9.839694e-04
    outer loop
      vertex   1.947638e+01 5.911668e+01 1.609790e+00
      vertex   1.948025e+01 5.909819e+01 2.728875e+00
      vertex   1.945391e+01 5.919542e+01 2.749821e+00
    endloop
  endfacet
  facet normal -8.918942e-01 -4.522164e-01 -4.999060e-03
    outer loop
      vertex   1.936978e+01 5.936094e+01 2.785480e+00
      vertex   1.941071e+01 5.929321e+01 1.609790e+00
      vertex   1.945391e+01 5.919542e+01 2.749821e+00
    endloop
  endfacet
  facet normal -9.111389e-01 -4.120985e-01 -8.284981e-04
    outer loop
      vertex   1.945391e+01 5.919542e+01 2.749821e+00
      vertex   1.941071e+01 5.929321e+01 1.609790e+00
      vertex   1.944970e+01 5.920700e+01 1.609790e+00
    endloop
  endfacet
  facet normal -9.590287e-01 -2.833080e-01 6.563652e-04
    outer loop
      vertex   1.945391e+01 5.919542e+01 2.749821e+00
      vertex   1.944970e+01 5.920700e+01 1.609790e+00
      vertex   1.947638e+01 5.911668e+01 1.609790e+00
    endloop
  endfacet
  facet normal -8.176334e-01 -5.757200e-01 4.700720e-03
    outer loop
      vertex   1.941071e+01 5.929321e+01 1.609790e+00
      vertex   1.936978e+01 5.936094e+01 2.785480e+00
      vertex   1.929452e+01 5.945823e+01 1.609790e+00
    endloop
  endfacet
  facet normal -7.978552e-01 -6.028480e-01 1.189741e-03
    outer loop
      vertex   1.929452e+01 5.945823e+01 1.609790e+00
      vertex   1.936978e+01 5.936094e+01 2.785480e+00
      vertex   1.931003e+01 5.944005e+01 2.802526e+00
    endloop
  endfacet
  facet normal -7.382356e-01 -6.745426e-01 -6.776577e-04
    outer loop
      vertex   1.929452e+01 5.945823e+01 1.609790e+00
      vertex   1.931003e+01 5.944005e+01 2.802526e+00
      vertex   1.923488e+01 5.952228e+01 2.820241e+00
    endloop
  endfacet
  facet normal -7.106444e-01 -7.035478e-01 2.216818e-03
    outer loop
      vertex   1.923488e+01 5.952228e+01 2.820241e+00
      vertex   1.923335e+01 5.952382e+01 2.820241e+00
      vertex   1.929452e+01 5.945823e+01 1.609790e+00
    endloop
  endfacet
  facet normal -7.019693e-01 -7.122003e-01 3.124054e-03
    outer loop
      vertex   1.929452e+01 5.945823e+01 1.609790e+00
      vertex   1.923335e+01 5.952382e+01 2.820241e+00
      vertex   1.912777e+01 5.962258e+01 1.609790e+00
    endloop
  endfacet
  facet normal -6.767963e-01 -7.361696e-01 -1.027463e-03
    outer loop
      vertex   1.912777e+01 5.962258e+01 1.609790e+00
      vertex   1.923335e+01 5.952382e+01 2.820241e+00
      vertex   1.906859e+01 5.967313e+01 4.376790e+00
    endloop
  endfacet
  facet normal -6.304070e-01 -7.762645e-01 6.971119e-04
    outer loop
      vertex   1.912777e+01 5.962258e+01 1.609790e+00
      vertex   1.906859e+01 5.967313e+01 4.376790e+00
      vertex   1.891960e+01 5.979163e+01 1.609790e+00
    endloop
  endfacet
  facet normal -6.182209e-01 -7.860043e-01 -3.761504e-04
    outer loop
      vertex   1.891960e+01 5.979163e+01 1.609790e+00
      vertex   1.906859e+01 5.967313e+01 4.376790e+00
      vertex   1.887471e+01 5.982562e+01 4.376790e+00
    endloop
  endfacet
  facet normal -5.897488e-01 -8.075867e-01 3.509577e-04
    outer loop
      vertex   1.891960e+01 5.979163e+01 1.609790e+00
      vertex   1.887471e+01 5.982562e+01 4.376790e+00
      vertex   1.869533e+01 5.995541e+01 1.609790e+00
    endloop
  endfacet
  facet normal -5.844622e-01 -8.114209e-01 -1.716055e-04
    outer loop
      vertex   1.869533e+01 5.995541e+01 1.609790e+00
      vertex   1.887471e+01 5.982562e+01 4.376790e+00
      vertex   1.867331e+01 5.997068e+01 4.376790e+00
    endloop
  endfacet
  facet normal -5.489393e-01 -8.358622e-01 2.459610e-04
    outer loop
      vertex   1.869533e+01 5.995541e+01 1.609790e+00
      vertex   1.867331e+01 5.997068e+01 4.376790e+00
      vertex   1.849001e+01 6.009025e+01 1.609790e+00
    endloop
  endfacet
  facet normal -5.463374e-01 -8.375652e-01 0.000000e+00
    outer loop
      vertex   1.849001e+01 6.009025e+01 1.609790e+00
      vertex   1.867331e+01 5.997068e+01 4.376790e+00
      vertex   1.849001e+01 6.009025e+01 4.376790e+00
    endloop
  endfacet
  facet normal -6.714842e-01 -7.410189e-01 0.000000e+00
    outer loop
      vertex   1.923335e+01 5.952382e+01 2.820241e+00
      vertex   1.923335e+01 5.952382e+01 4.376790e+00
      vertex   1.906859e+01 5.967313e+01 4.376790e+00
    endloop
  endfacet
  facet normal -4.108669e-16 -4.534137e-16 -1.000000e+00
    outer loop
      vertex   1.923335e+01 5.952382e+01 4.376790e+00
      vertex   1.707164e+01 5.952382e+01 4.376790e+00
      vertex   1.906859e+01 5.967313e+01 4.376790e+00
    endloop
  endfacet
  facet normal -1.201497e-15 1.012115e-14 -1.000000e+00
    outer loop
      vertex   1.906859e+01 5.967313e+01 4.376790e+00
      vertex   1.707164e+01 5.952382e+01 4.376790e+00
      vertex   1.887471e+01 5.982562e+01 4.376790e+00
    endloop
  endfacet
  facet normal 3.997085e-16 5.549235e-16 -1.000000e+00
    outer loop
      vertex   1.887471e+01 5.982562e+01 4.376790e+00
      vertex   1.707164e+01 5.952382e+01 4.376790e+00
      vertex   1.867331e+01 5.997068e+01 4.376790e+00
    endloop
  endfacet
  facet normal 7.906112e-16 -8.461772e-16 -1.000000e+00
    outer loop
      vertex   1.867331e+01 5.997068e+01 4.376790e+00
      vertex   1.707164e+01 5.952382e+01 4.376790e+00
      vertex   1.767788e+01 6.009025e+01 4.376790e+00
    endloop
  endfacet
  facet normal 1.093645e-15 1.676618e-15 -1.000000e+00
    outer loop
      vertex   1.867331e+01 5.997068e+01 4.376790e+00
      vertex   1.767788e+01 6.009025e+01 4.376790e+00
      vertex   1.849001e+01 6.009025e+01 4.376790e+00
    endloop
  endfacet
  facet normal 0.000000e+00 1.000000e+00 0.000000e+00
    outer loop
      vertex   1.700872e+01 9.004877e+01 4.380454e+00
      vertex   1.700872e+01 9.004877e+01 2.817173e+00
      vertex   -8.400637e-01 9.004877e+01 4.380454e+00
    endloop
  endfacet
  facet normal 0.000000e+00 1.000000e+00 0.000000e+00
    outer loop
      vertex   -8.400637e-01 9.004877e+01 4.380454e+00
      vertex   1.700872e+01 9.004877e+01 2.817173e+00
      vertex   -8.400637e-01 9.004877e+01 2.817173e+00
    endloop
  endfacet
  facet normal 0.000000e+00 -1.000000e+00 0.000000e+00
    outer loop
      vertex   1.620091e+01 5.870379e+01 1.859790e+00
      vertex   1.620091e+01 5.870379e+01 2.643905e+00
      vertex   5.671424e-01 5.870379e+01 1.859790e+00
    endloop
  endfacet
  facet normal 0.000000e+00 -1.000000e+00 0.000000e+00
    outer loop
      vertex   5.671424e-01 5.870379e+01 1.859790e+00
      vertex   1.620091e+01 5.870379e+01 2.643905e+00
      vertex   5.671424e-01 5.870379e+01 2.643905e+00
    endloop
  endfacet
  facet normal -1.000000e+00 8.328875e-16 9.794359e-15
    outer loop
      vertex   -9.328576e-01 6.020379e+01 1.859790e+00
      vertex   -9.328576e-01 7.665844e+01 2.500889e+00
      vertex   -9.328576e-01 8.952937e+01 1.859790e+00
    endloop
  endfacet
  facet normal -1.000000e+00 3.195164e-16 -5.122719e-16
    outer loop
      vertex   -9.328576e-01 8.952937e+01 1.859790e+00
      vertex   -9.328576e-01 7.665844e+01 2.500889e+00
      vertex   -9.328576e-01 8.360783e+01 2.500889e+00
    endloop
  endfacet
  facet normal -1.000000e+00 3.784751e-16 3.230256e-17
    outer loop
      vertex   -9.328576e-01 8.952937e+01 1.859790e+00
      vertex   -9.328576e-01 8.360783e+01 2.500889e+00
      vertex   -9.328576e-01 8.389546e+01 2.567826e+00
    endloop
  endfacet
  facet normal -1.000000e+00 1.318993e-15 0.000000e+00
    outer loop
      vertex   -9.328576e-01 6.020379e+01 7.609790e+00
      vertex   -9.328576e-01 7.535476e+01 4.991115e+00
      vertex   -9.328576e-01 6.020379e+01 1.859790e+00
    endloop
  endfacet
  facet normal -1.000000e+00 1.318993e-15 5.805611e-31
    outer loop
      vertex   -9.328576e-01 6.020379e+01 1.859790e+00
      vertex   -9.328576e-01 7.535476e+01 4.991115e+00
      vertex   -9.328576e-01 7.535476e+01 3.914913e+00
    endloop
  endfacet
  facet normal -1.000000e+00 1.092310e-15 1.671171e-15
    outer loop
      vertex   -9.328576e-01 6.020379e+01 1.859790e+00
      vertex   -9.328576e-01 7.535476e+01 3.914913e+00
      vertex   -9.328576e-01 7.539876e+01 3.620419e+00
    endloop
  endfacet
  facet normal -1.000000e+00 8.328875e-16 -5.198991e-15
    outer loop
      vertex   -9.328576e-01 8.952937e+01 7.609790e+00
      vertex   -9.328576e-01 7.672016e+01 6.411916e+00
      vertex   -9.328576e-01 6.020379e+01 7.609790e+00
    endloop
  endfacet
  facet normal -1.000000e+00 9.832987e-16 -3.125110e-15
    outer loop
      vertex   -9.328576e-01 6.020379e+01 7.609790e+00
      vertex   -9.328576e-01 7.672016e+01 6.411916e+00
      vertex   -9.328576e-01 7.645604e+01 6.364337e+00
    endloop
  endfacet
  facet normal -1.000000e+00 1.014575e-15 -2.716974e-15
    outer loop
      vertex   -9.328576e-01 6.020379e+01 7.609790e+00
      vertex   -9.328576e-01 7.645604e+01 6.364337e+00
      vertex   -9.328576e-01 7.620462e+01 6.270452e+00
    endloop
  endfacet
  facet normal -1.000000e+00 4.807406e-16 0.000000e+00
    outer loop
      vertex   -9.328576e-01 8.952937e+01 1.859790e+00
      vertex   -9.328576e-01 8.491057e+01 5.008314e+00
      vertex   -9.328576e-01 8.952937e+01 7.609790e+00
    endloop
  endfacet
  facet normal -1.000000e+00 -4.326875e-16 1.621750e-15
    outer loop
      vertex   -9.328576e-01 8.952937e+01 7.609790e+00
      vertex   -9.328576e-01 8.491057e+01 5.008314e+00
      vertex   -9.328576e-01 8.487098e+01 5.271586e+00
    endloop
  endfacet
  facet normal -1.000000e+00 3.258570e-16 1.105073e-16
    outer loop
      vertex   -9.328576e-01 8.952937e+01 7.609790e+00
      vertex   -9.328576e-01 8.487098e+01 5.271586e+00
      vertex   -9.328576e-01 8.478548e+01 5.523713e+00
    endloop
  endfacet
  facet normal -1.000000e+00 3.988308e-16 -1.384670e-16
    outer loop
      vertex   -9.328576e-01 8.380815e+01 6.364905e+00
      vertex   -9.328576e-01 8.354610e+01 6.411916e+00
      vertex   -9.328576e-01 8.952937e+01 7.609790e+00
    endloop
  endfacet
  facet normal -1.000000e+00 3.252954e-16 2.288358e-16
    outer loop
      vertex   -9.328576e-01 8.952937e+01 7.609790e+00
      vertex   -9.328576e-01 8.354610e+01 6.411916e+00
      vertex   -9.328576e-01 7.672016e+01 6.411916e+00
    endloop
  endfacet
  facet normal -1.000000e+00 1.088764e-15 -1.830657e-15
    outer loop
      vertex   -9.328576e-01 7.620462e+01 6.270452e+00
      vertex   -9.328576e-01 7.597396e+01 6.133267e+00
      vertex   -9.328576e-01 6.020379e+01 7.609790e+00
    endloop
  endfacet
  facet normal -1.000000e+00 1.190950e-15 -7.392424e-16
    outer loop
      vertex   -9.328576e-01 6.020379e+01 7.609790e+00
      vertex   -9.328576e-01 7.597396e+01 6.133267e+00
      vertex   -9.328576e-01 7.577143e+01 5.957173e+00
    endloop
  endfacet
  facet normal -1.000000e+00 1.169833e-15 -9.381694e-16
    outer loop
      vertex   -9.328576e-01 6.020379e+01 7.609790e+00
      vertex   -9.328576e-01 7.577143e+01 5.957173e+00
      vertex   -9.328576e-01 7.560353e+01 5.747808e+00
    endloop
  endfacet
  facet normal -1.000000e+00 1.204324e-15 -6.529043e-16
    outer loop
      vertex   -9.328576e-01 7.560353e+01 5.747808e+00
      vertex   -9.328576e-01 7.547562e+01 5.511873e+00
      vertex   -9.328576e-01 6.020379e+01 7.609790e+00
    endloop
  endfacet
  facet normal -1.000000e+00 1.238100e-15 -4.070345e-16
    outer loop
      vertex   -9.328576e-01 6.020379e+01 7.609790e+00
      vertex   -9.328576e-01 7.547562e+01 5.511873e+00
      vertex   -9.328576e-01 7.539180e+01 5.256922e+00
    endloop
  endfacet
  facet normal -1.000000e+00 1.146983e-15 -9.952051e-16
    outer loop
      vertex   -9.328576e-01 6.020379e+01 7.609790e+00
      vertex   -9.328576e-01 7.539180e+01 5.256922e+00
      vertex   -9.328576e-01 7.535476e+01 4.991115e+00
    endloop
  endfacet
  facet normal -1.000000e+00 1.234208e-15 4.465325e-16
    outer loop
      vertex   -9.328576e-01 7.539876e+01 3.620419e+00
      vertex   -9.328576e-01 7.550006e+01 3.340419e+00
      vertex   -9.328576e-01 6.020379e+01 1.859790e+00
    endloop
  endfacet
  facet normal -1.000000e+00 1.206475e-15 7.330414e-16
    outer loop
      vertex   -9.328576e-01 6.020379e+01 1.859790e+00
      vertex   -9.328576e-01 7.550006e+01 3.340419e+00
      vertex   -9.328576e-01 7.565468e+01 3.085945e+00
    endloop
  endfacet
  facet normal -1.000000e+00 1.253431e-15 1.413379e-16
    outer loop
      vertex   -9.328576e-01 6.020379e+01 1.859790e+00
      vertex   -9.328576e-01 7.565468e+01 3.085945e+00
      vertex   -9.328576e-01 7.585651e+01 2.867026e+00
    endloop
  endfacet
  facet normal -1.000000e+00 1.159570e-15 1.599963e-15
    outer loop
      vertex   -9.328576e-01 7.585651e+01 2.867026e+00
      vertex   -9.328576e-01 7.609761e+01 2.692289e+00
      vertex   -9.328576e-01 6.020379e+01 1.859790e+00
    endloop
  endfacet
  facet normal -1.000000e+00 1.157595e-15 1.637669e-15
    outer loop
      vertex   -9.328576e-01 6.020379e+01 1.859790e+00
      vertex   -9.328576e-01 7.609761e+01 2.692289e+00
      vertex   -9.328576e-01 7.636848e+01 2.568619e+00
    endloop
  endfacet
  facet normal -1.000000e+00 1.095611e-15 3.051213e-15
    outer loop
      vertex   -9.328576e-01 6.020379e+01 1.859790e+00
      vertex   -9.328576e-01 7.636848e+01 2.568619e+00
      vertex   -9.328576e-01 7.665844e+01 2.500889e+00
    endloop
  endfacet
  facet normal -1.000000e+00 2.931862e-16 -6.463494e-16
    outer loop
      vertex   -9.328576e-01 8.389546e+01 2.567826e+00
      vertex   -9.328576e-01 8.416440e+01 2.689818e+00
      vertex   -9.328576e-01 8.952937e+01 1.859790e+00
    endloop
  endfacet
  facet normal -1.000000e+00 3.235225e-16 -4.502678e-16
    outer loop
      vertex   -9.328576e-01 8.952937e+01 1.859790e+00
      vertex   -9.328576e-01 8.416440e+01 2.689818e+00
      vertex   -9.328576e-01 8.440423e+01 2.862136e+00
    endloop
  endfacet
  facet normal -1.000000e+00 4.331213e-16 1.101274e-16
    outer loop
      vertex   -9.328576e-01 8.952937e+01 1.859790e+00
      vertex   -9.328576e-01 8.440423e+01 2.862136e+00
      vertex   -9.328576e-01 8.460564e+01 3.078102e+00
    endloop
  endfacet
  facet normal -1.000000e+00 3.520587e-16 -2.174816e-16
    outer loop
      vertex   -9.328576e-01 8.460564e+01 3.078102e+00
      vertex   -9.328576e-01 8.476085e+01 3.329344e+00
      vertex   -9.328576e-01 8.952937e+01 1.859790e+00
    endloop
  endfacet
  facet normal -1.000000e+00 3.759752e-16 -1.398756e-16
    outer loop
      vertex   -9.328576e-01 8.952937e+01 1.859790e+00
      vertex   -9.328576e-01 8.476085e+01 3.329344e+00
      vertex   -9.328576e-01 8.486382e+01 3.606124e+00
    endloop
  endfacet
  facet normal -1.000000e+00 1.351881e-16 -7.831688e-16
    outer loop
      vertex   -9.328576e-01 8.952937e+01 1.859790e+00
      vertex   -9.328576e-01 8.486382e+01 3.606124e+00
      vertex   -9.328576e-01 8.491057e+01 3.897714e+00
    endloop
  endfacet
  facet normal -1.000000e+00 4.807406e-16 0.000000e+00
    outer loop
      vertex   -9.328576e-01 8.491057e+01 3.897714e+00
      vertex   -9.328576e-01 8.491057e+01 5.008314e+00
      vertex   -9.328576e-01 8.952937e+01 1.859790e+00
    endloop
  endfacet
  facet normal -1.000000e+00 3.012703e-16 1.664194e-16
    outer loop
      vertex   -9.328576e-01 8.478548e+01 5.523713e+00
      vertex   -9.328576e-01 8.465675e+01 5.756754e+00
      vertex   -9.328576e-01 8.952937e+01 7.609790e+00
    endloop
  endfacet
  facet normal -1.000000e+00 5.907066e-16 -5.946631e-16
    outer loop
      vertex   -9.328576e-01 8.952937e+01 7.609790e+00
      vertex   -9.328576e-01 8.465675e+01 5.756754e+00
      vertex   -9.328576e-01 8.448885e+01 5.963366e+00
    endloop
  endfacet
  facet normal -1.000000e+00 2.873991e-16 3.339117e-16
    outer loop
      vertex   -9.328576e-01 8.952937e+01 7.609790e+00
      vertex   -9.328576e-01 8.448885e+01 5.963366e+00
      vertex   -9.328576e-01 8.428707e+01 6.137041e+00
    endloop
  endfacet
  facet normal -1.000000e+00 2.582265e-16 4.377523e-16
    outer loop
      vertex   -9.328576e-01 8.428707e+01 6.137041e+00
      vertex   -9.328576e-01 8.405776e+01 6.272308e+00
      vertex   -9.328576e-01 8.952937e+01 7.609790e+00
    endloop
  endfacet
  facet normal -1.000000e+00 3.968293e-16 -1.292686e-16
    outer loop
      vertex   -9.328576e-01 8.952937e+01 7.609790e+00
      vertex   -9.328576e-01 8.405776e+01 6.272308e+00
      vertex   -9.328576e-01 8.380815e+01 6.364905e+00
    endloop
  endfacet
endsolid
